date,close,high,low,open,volume,symbol
2020-11-26,59959.16015625,59959.16015625,58195.655445772056,58283.830681295956,19023323,SAMSUNG
2020-11-27,60135.515625,60311.86611070381,59606.46416788856,59959.16513929619,14063434,SAMSUNG
2020-11-30,58812.88671875,60488.216325431036,58812.88671875,60311.86584051724,43811016,SAMSUNG
2020-12-01,59782.8125,60223.688698377584,59165.58582227139,59165.58582227139,22327173,SAMSUNG
2020-12-02,61281.796875,61634.497864208635,60223.6939073741,60311.869154676264,29703942,SAMSUNG
2020-12-03,61458.12890625,62163.53067274928,61105.42802300036,61810.829789499636,23677989,SAMSUNG
2020-12-04,63045.296875,63574.34831730769,61810.843509615384,62075.36923076923,28130533,SAMSUNG
2020-12-07,64279.7578125,64808.80931712963,63398.005304783954,63838.88155864198,28490496,SAMSUNG
2020-12-08,63221.65625,64279.759283472806,63133.4809972106,63662.532513947,25000338,SAMSUNG
2020-12-09,65161.49609375,65161.49609375,63486.16669485792,63574.341926378554,24077996,SAMSUNG
2020-12-10,64279.7578125,65073.335069444445,63927.05680941358,64103.40731095679,39882928,SAMSUNG
2020-12-11,64720.6328125,65073.33380875341,64456.107065309945,64808.80806156335,18486672,SAMSUNG
2020-12-14,65073.30859375,65690.53509802677,64544.25730436992,64896.958163956646,21510415,SAMSUNG
2020-12-15,65073.30859375,65337.834238440046,64632.4325192666,65073.30859375,20863671,SAMSUNG
2020-12-16,65073.30859375,65690.53509802677,64720.607734163284,65337.834238440046,17512081,SAMSUNG
2020-12-17,64632.4453125,64985.146241899725,64015.21868605048,64720.62054484993,24293214,SAMSUNG
2020-12-18,64367.921875,64985.14852311644,64367.921875,64632.44758133562,17613029,SAMSUNG
2020-12-21,64367.921875,64720.62281678082,63486.16952054795,64456.097110445204,20367355,SAMSUNG
2020-12-22,63750.7109375,64544.28825207469,63574.36042315007,63927.061451849935,16304910,SAMSUNG
2020-12-23,65161.49609375,65249.67132527064,63750.692389419826,63838.867620940466,19411326,SAMSUNG
2020-12-24,68600.3359375,69482.08832744216,65249.6768557198,65337.85209471401,32502870,SAMSUNG
2020-12-28,69393.921875,70628.37537722364,68953.04562420584,69658.4476254765,40085044,SAMSUNG
2020-12-29,70778.75,71321.11590038314,69874.80683269477,71230.72158365262,30339449,SAMSUNG
2020-12-30,73219.4140625,73490.59707754629,69874.82354359569,69965.21788194445,29417421,SAMSUNG
2021-01-04,75027.2890625,76292.80960090361,72496.24798569277,73219.40257906627,38655276,SAMSUNG
2021-01-05,75840.84375,75840.84375,73761.77413587604,73761.77413587604,35335669,SAMSUNG
2021-01-06,74304.140625,76383.21025319342,74213.74629333941,75298.47827326642,42089013,SAMSUNG
2021-01-07,74936.890625,76112.01677472859,74756.10198658022,74846.4963057901,32644642,SAMSUNG
2021-01-08,80270.1484375,81354.8801731419,75027.27838189753,75298.461315808,59013307,SAMSUNG
2021-01-11,82258.8359375,87501.70679945055,80902.92105940935,81354.89268543957,90306177,SAMSUNG
2021-01-12,81897.2578125,82620.41240687086,79366.216732202,81626.07483961093,48682416,SAMSUNG
2021-01-13,81083.7109375,82439.6258361204,80541.34497805184,81174.1052640747,36068848,SAMSUNG
2021-01-14,81083.7109375,81354.89391722408,80179.76767175306,80179.76767175306,26393970,SAMSUNG
2021-01-15,79547.0234375,82982.00854048296,79547.0234375,81174.12164417614,33431809,SAMSUNG
2021-01-18,76835.1796875,78914.2492555147,76021.63072610294,78281.48895220588,43227951,SAMSUNG
2021-01-19,78643.0703125,79547.0136494253,75569.66296695403,76383.21197018678,39895044,SAMSUNG
2021-01-20,78823.859375,80450.95738962156,78191.0990359805,80450.95738962156,25211127,SAMSUNG
2021-01-21,79637.421875,80089.3936223042,78191.11228362656,79095.05577823496,25318011,SAMSUNG
2021-01-22,78462.28125,81083.71691388248,78462.28125,80450.9565812212,30861661,SAMSUNG
2021-01-25,80812.53125,81264.50290128635,78010.30701202461,78643.0673238255,27258534,SAMSUNG
2021-01-26,78371.890625,80631.74906286044,78191.10194997117,80270.17171280277,33178936,SAMSUNG
2021-01-27,77377.546875,79275.82781469042,77377.546875,78281.49017961448,26423070,SAMSUNG
2021-01-28,75660.046875,77377.53897849462,75208.0752688172,75208.0752688172,31859808,SAMSUNG
2021-01-29,74123.3359375,76835.16530106707,74123.3359375,76383.19374047256,39615978,SAMSUNG
2021-02-01,75027.2890625,75388.86635918675,73219.40257906627,73852.16284826807,28046832,SAMSUNG
2021-02-02,76292.8359375,78100.7230450237,75660.07544986671,76021.65287137145,26302077,SAMSUNG
2021-02-03,76473.609375,77196.76407358157,75388.87732712766,76654.39804964539,22112205,SAMSUNG
2021-02-04,74575.3203125,75750.44657196969,74213.74300189393,75479.26358901514,24171688,SAMSUNG
2021-02-05,75479.2578125,75931.22941616765,74575.31460516466,75117.68052956587,18036835,SAMSUNG
2021-02-08,75027.2890625,76112.02095256024,75027.2890625,75750.44365587349,15338765,SAMSUNG
2021-02-09,74756.1171875,76654.39827690447,74756.1171875,75931.24357617895,20898332,SAMSUNG
2021-02-10,73761.7734375,74665.71673943015,73761.7734375,74665.71673943015,23025766,SAMSUNG
2021-02-15,76112.015625,76383.19857853325,75298.46676440023,75750.43835362232,23529706,SAMSUNG
2021-02-16,76744.7890625,77739.12672997644,76112.02872865136,76383.21172887221,20483100,SAMSUNG
2021-02-17,75208.0859375,76112.02927809495,75027.29726938102,75840.84627591647,18307735,SAMSUNG
2021-02-18,74213.75,75569.66504263094,74213.75,75208.08769792935,21327683,SAMSUNG
2021-02-19,74665.7109375,74846.49958383778,73219.40176679782,74394.52796799334,25880879,SAMSUNG
2021-02-22,74304.140625,76112.02725821167,74304.140625,75750.44993156934,25419886,SAMSUNG
2021-02-23,74123.3359375,74936.88474657013,73309.78712842987,73400.18144054878,20587314,SAMSUNG
2021-02-24,74123.3359375,75569.64493140244,73490.57575266769,73942.5473132622,26807651,SAMSUNG
2021-02-25,77106.359375,77196.75370017585,75027.28989595546,75931.23314771395,34155986,SAMSUNG
2021-02-26,74575.3203125,75388.86926136364,74123.34867424243,74846.50329545455,38520800,SAMSUNG
2021-03-02,75569.640625,77106.34384345096,75027.27478319379,76925.55522951555,33498180,SAMSUNG
2021-03-03,75931.2421875,75931.2421875,74846.51015625,75479.2705078125,19882132,SAMSUNG
2021-03-04,74484.90625,75208.06067961165,74304.11764259709,74665.69485740291,24348331,SAMSUNG
2021-03-05,74213.75,74665.72168087699,73309.80663824604,73309.80663824604,20508971,SAMSUNG
2021-03-08,74123.3359375,75027.27905868903,73761.7586890244,74936.88474657013,17641256,SAMSUNG
2021-03-09,73580.9765625,74032.94816300676,72857.82200168919,73580.9765625,25420764,SAMSUNG
2021-03-10,73129.0078125,74575.31699049752,72948.21916525031,74484.92266687268,20038422,SAMSUNG
2021-03-11,74123.3359375,74575.30749809451,73219.39281631098,73219.39281631098,23818297,SAMSUNG
2021-03-12,74846.5,75479.26026570049,74484.92270531402,75117.6829710145,13530573,SAMSUNG
2021-03-15,73942.5625,74936.90013753057,73942.5625,74846.50580684596,13735798,SAMSUNG
2021-03-16,74846.5,75027.288647343,74213.73973429952,74304.13405797102,12293537,SAMSUNG
2021-03-17,74394.515625,74936.88147402795,74123.33270048603,74846.48716585663,11625146,SAMSUNG
2021-03-18,74936.890625,75750.43949788902,74665.70766737033,74846.4963057901,18585244,SAMSUNG
2021-03-19,74032.9453125,74575.31121222528,73942.55099587912,74213.73394574175,15869700,SAMSUNG
2021-03-22,74123.3359375,74394.51887385671,73852.15300114329,74123.3359375,12670506,SAMSUNG
2021-03-23,73942.5625,74936.90013753057,73942.5625,74665.71714547678,13299907,SAMSUNG
2021-03-24,73219.4140625,73761.7800925926,72948.23104745371,73219.4140625,17926638,SAMSUNG
2021-03-25,73400.1953125,74213.74427532328,73038.61799568965,73219.40665409483,14758826,SAMSUNG
2021-03-26,73671.3828125,73761.77714723926,73219.41113880368,73580.98847776074,12845778,SAMSUNG
2021-03-29,73761.7734375,73852.16776769301,73219.40745634191,73852.16776769301,14952134,SAMSUNG
2021-03-30,74634.3125,74725.10850060827,73817.14849452555,74089.53649635037,13121698,SAMSUNG
2021-03-31,73907.9609375,75088.3092080006,73907.9609375,74815.92114557739,17240518,SAMSUNG
2021-04-01,75269.8828125,75360.67881106754,74452.71882539203,74906.6988182298,18676461,SAMSUNG
2021-04-02,76995.0078125,77358.19181161557,76177.84381448998,76268.63981426887,22997538,SAMSUNG
2021-04-05,77539.78125,78084.55723067916,76995.00526932084,77902.96523711944,16255990,SAMSUNG
2021-04-06,78084.5703125,78266.16233648255,77267.40620457848,78266.16233648255,19042023,SAMSUNG
2021-04-07,77721.375,78266.15099299066,77539.78300233645,78175.35499415889,17885538,SAMSUNG
2021-04-08,76904.2265625,77812.18673443035,76359.4504593418,77812.18673443035,19244259,SAMSUNG
2021-04-09,75905.4609375,77085.80901427931,75723.8689256878,76904.2170024671,18193707,SAMSUNG
2021-04-12,75542.2890625,76359.45324707031,75451.49304199219,76359.45324707031,12915282,SAMSUNG
2021-04-13,76268.6484375,76722.62848772322,75179.0963169643,75360.68833705358,15238206,SAMSUNG
2021-04-14,76268.6484375,76541.03646763394,75723.87237723214,76268.6484375,13794652,SAMSUNG
2021-04-15,76359.4609375,76722.6450561088,75723.8887299346,75996.2768188912,16377412,SAMSUNG
2021-04-16,76177.859375,76904.2275216031,75905.47132002383,76904.2275216031,15429522,SAMSUNG
2021-04-19,75633.0859375,76268.6580882353,75633.0859375,76087.06604516807,15287311,SAMSUNG
2021-04-20,76177.859375,76268.65539332539,75451.4912283969,75633.08326504767,15521965,SAMSUNG
2021-04-21,74997.5,75814.66404358353,74906.70399515738,75633.07203389831,21636079,SAMSUNG
2021-04-22,74815.9140625,75360.69013577064,74815.9140625,75269.89412355886,13934746,SAMSUNG
2021-04-23,75179.0859375,75269.88193500905,74089.5339673913,74361.92195991847,17805080,SAMSUNG
2021-04-26,75814.6796875,75814.6796875,74997.5154752994,75269.90354603293,15489938,SAMSUNG
2021-04-27,75269.8828125,75633.0668067702,74906.6988182298,75542.27080820265,12941533,SAMSUNG
2021-04-28,74543.5234375,75542.27953714982,74543.5234375,75542.27953714982,15596759,SAMSUNG
2021-04-29,74180.3359375,74906.7039760557,73998.74392786107,74815.90797123623,20000973,SAMSUNG
2021-04-30,73998.75,74543.52607361964,73998.75,74361.93404907976,18673197,SAMSUNG
2021-05-03,74180.3359375,74815.90797123623,73544.76390376377,73544.76390376377,15710336,SAMSUNG
2021-05-04,74997.5,74997.5,74271.13196125907,74361.92796610169,12532550,SAMSUNG
2021-05-06,74725.109375,74725.109375,74180.3333649757,74180.3333649757,17047511,SAMSUNG
2021-05-07,74361.9375,74543.52953296703,73998.75343406593,74271.14148351649,14154882,SAMSUNG
2021-05-10,75542.2890625,75814.67712402344,74271.14477539062,74725.12487792969,19385027,SAMSUNG
2021-05-11,73726.3671875,74997.51144935345,73635.57116879619,74906.71543064964,28996680,SAMSUNG
2021-05-12,72636.8125,73726.3646875,72455.22046875,73363.18062500001,35812268,SAMSUNG
2021-05-13,71274.8671875,72273.62328821656,71184.07117834395,71638.05122412421,31490096,SAMSUNG
2021-05-14,72727.6015625,72909.19357638889,71638.04947916666,71728.84548611111,16450920,SAMSUNG
2021-05-17,72273.625,73453.97314698492,71910.44095477388,73363.17713567839,17740855,SAMSUNG
2021-05-18,72273.625,72636.80904522614,71819.64494346734,72273.625,17494407,SAMSUNG
2021-05-20,72182.8359375,72364.42797759434,71819.65185731133,72092.03991745283,16541828,SAMSUNG
2021-05-21,72727.6015625,73998.74565972222,72455.21354166666,72727.6015625,20961714,SAMSUNG
2021-05-24,72364.4453125,73000.01760508156,72182.85322890527,72727.62947968947,13398666,SAMSUNG
2021-05-25,72545.9921875,72999.97211357948,72455.1962022841,72636.7881727159,13628942,SAMSUNG
2021-05-26,72455.234375,73090.80660635965,72364.43834194863,73000.01057330827,11984359,SAMSUNG
2021-05-27,72273.625,72636.80904522614,71819.64494346734,72636.80904522614,23198510,SAMSUNG
2021-05-28,72727.6015625,72999.98958333333,72092.02951388889,72455.21354166666,12360199,SAMSUNG
2021-05-31,73090.796875,73181.59289596273,72273.6326863354,72909.20483307453,13321324,SAMSUNG
2021-06-01,73181.6015625,73817.17378450683,72727.6214039237,73090.80553078474,14058401,SAMSUNG
2021-06-02,73363.1796875,73907.95577428836,72909.19961517636,72999.9956296411,16414644,SAMSUNG
2021-06-03,75179.0859375,75360.67793251811,73635.55397984601,73817.14597486414,29546007,SAMSUNG
2021-06-04,74634.3125,75088.29250304136,73998.7404957421,75088.29250304136,18112259,SAMSUNG
2021-06-07,74361.9375,75179.10164835164,74089.54945054946,75088.30563186813,16496197,SAMSUNG
2021-06-08,74361.9375,74997.50961538461,74271.14148351649,74725.12156593407,12781226,SAMSUNG
2021-06-09,73635.546875,74452.71077373612,73635.546875,73998.73082999383,14908823,SAMSUNG
2021-06-10,73544.7734375,73907.95750385802,73453.9774209105,73817.16148726852,17586995,SAMSUNG
2021-06-11,73544.7734375,74180.34555362654,73272.38538773148,73726.36547067901,14087962,SAMSUNG
2021-06-14,73090.796875,73453.98095885092,73090.796875,73363.18493788819,10550078,SAMSUNG
2021-06-15,73453.984375,73726.37245055624,73181.59629944376,73453.984375,10075685,SAMSUNG
2021-06-16,74271.125,74361.92099633251,73635.55302567237,73998.73701100245,14999855,SAMSUNG
2021-06-17,73453.984375,73817.16847574165,73272.39232462917,73635.57642537082,14007385,SAMSUNG
2021-06-18,73090.796875,73635.57300077639,73090.796875,73635.57300077639,14916721,SAMSUNG
2021-06-21,72545.9921875,72636.7881727159,72273.60423185231,72364.4002170682,16063340,SAMSUNG
2021-06-22,72636.8125,72909.200546875,72546.01648437501,72818.40453125001,11773365,SAMSUNG
2021-06-23,72727.6015625,73181.58159722222,72546.00954861111,73090.78559027778,13856548,SAMSUNG
2021-06-24,73726.3671875,73907.95922490764,72727.61098175801,72999.99903786946,18771080,SAMSUNG
2021-06-25,74089.5390625,74361.92707375919,73726.35504748774,73998.74305874694,13481405,SAMSUNG
2021-06-28,74361.9375,74452.73351648352,74089.54945054946,74180.34546703297,11578529,SAMSUNG
2021-06-29,73870.390625,74873.56876929013,73687.99459876544,74691.17274305555,15744317,SAMSUNG
2021-06-30,73596.7890625,74235.17508906443,73596.7890625,73961.58107767969,13288643,SAMSUNG
2021-07-01,73049.6015625,73505.59158473782,72958.40355805244,73414.39358029026,13382882,SAMSUNG
2021-07-02,72958.40625,73323.19828125,72867.20824218751,72958.40625,8753097,SAMSUNG
2021-07-05,73323.1875,73687.97947761194,72958.39552238806,73049.59351679104,8330969,SAMSUNG
2021-07-06,74052.765625,74052.765625,73414.37971443965,73505.57770166257,12131651,SAMSUNG
2021-07-07,73687.984375,74143.97437732054,73231.99437267946,74052.77637685643,15992202,SAMSUNG
2021-07-08,72867.1953125,74052.7692036921,72867.1953125,73961.57121206194,16660998,SAMSUNG
2021-07-09,72411.2109375,72776.00293214736,72046.41894285264,72593.60693482368,22720577,SAMSUNG
2021-07-12,72684.8046875,72958.3986825596,72502.4086907936,72867.2006842064,9768108,SAMSUNG
2021-07-13,72776.015625,73140.80768327067,72776.015625,72958.41165413534,9863450,SAMSUNG
2021-07-14,72502.4140625,72593.61206761007,72137.62204205975,72411.21605738995,11575636,SAMSUNG
2021-07-15,73505.59375,73505.59375,72502.41567152606,72776.00969292804,13766279,SAMSUNG
2021-07-16,72776.015625,73049.60966870301,72502.42158129699,73049.60966870301,10859399,SAMSUNG
2021-07-19,72046.3984375,72228.7943829114,71864.0024920886,72137.5964102057,13155414,SAMSUNG
2021-07-20,72046.3984375,72046.3984375,71499.21060126582,71590.40857397152,12456646,SAMSUNG
2021-07-21,71590.40625,72137.59406847134,71590.40625,72046.39609872611,12355296,SAMSUNG
2021-07-22,72684.8046875,72776.0026858532,71955.2207006744,72046.4186990276,12618790,SAMSUNG
2021-07-23,72320.015625,72867.20363729508,72228.81762295082,72684.80763319672,9098910,SAMSUNG
2021-07-26,71864.0078125,72502.39366870241,71864.0078125,72411.19568924492,10040975,SAMSUNG
2021-07-27,71590.40625,72411.187977707,71590.40625,72228.79203821656,11427693,SAMSUNG
2021-07-28,72228.8046875,72228.8046875,71225.62684461806,71408.02281605115,12743417,SAMSUNG
2021-07-29,72046.3984375,72411.19032832279,71864.0024920886,71864.0024920886,14360453,SAMSUNG
2021-07-30,71590.40625,71955.19812898089,71590.40625,71955.19812898089,13823411,SAMSUNG
2021-08-02,72320.015625,72502.41162909837,71772.82761270492,72228.81762295082,11739124,SAMSUNG
2021-08-03,74235.1640625,74235.1640625,72320.00626727579,72411.20425752457,24339360,SAMSUNG
2021-08-04,75603.125,75785.52095898673,74599.94722557298,74964.73914354644,25642368,SAMSUNG
2021-08-05,74873.5546875,75967.93063908344,74782.35669153472,75967.93063908344,18485469,SAMSUNG
2021-08-06,74326.375,75238.35506134969,74143.97898773006,74691.16702453987,13342623,SAMSUNG
2021-08-09,74326.375,75055.95904907976,73779.18696319018,74326.375,15522581,SAMSUNG
2021-08-10,73140.78125,75147.13684538654,73049.58326839152,75055.93886377806,20362639,SAMSUNG
2021-08-11,71590.40625,72775.9798566879,71590.40625,72593.58391719745,30241137,SAMSUNG
2021-08-12,70222.453125,71316.82901785715,70131.25513392857,70313.65111607143,42365223,SAMSUNG
2021-08-13,67851.3203125,69310.48849126344,67577.72627898185,69128.09246891801,61270643,SAMSUNG
2021-08-17,67668.90625,68489.68813173854,67486.51027628033,67486.51027628033,30944847,SAMSUNG
2021-08-18,67395.3046875,68033.6905235115,66665.72087491542,67395.3046875,29192631,SAMSUNG
2021-08-19,66665.734375,67851.30831053351,66665.734375,67030.52635516415,22166298,SAMSUNG
2021-08-20,66300.9296875,67395.30541824277,66118.5337323762,67030.51350799519,22364803,SAMSUNG
2021-08-23,66848.1328125,67486.51880115962,66574.53881736017,66848.1328125,19384648,SAMSUNG
2021-08-24,68945.6875,69036.88549933862,67395.32151124338,67395.32151124338,21016913,SAMSUNG
2021-08-25,69036.8828125,69857.6647746037,68307.2988461856,69492.8727914465,22319664,SAMSUNG
2021-08-26,68033.6953125,69492.86304038204,68033.6953125,69401.66505738941,16671494,SAMSUNG
2021-08-27,67760.109375,68398.49533142665,67304.11940612382,67760.109375,15172748,SAMSUNG
2021-08-30,68033.6953125,68854.47715943365,67668.90338052949,68763.27917644102,12686999,SAMSUNG
2021-08-31,69948.859375,69948.859375,67760.10758230116,68307.29553047588,24630370,SAMSUNG
2021-09-01,70040.0546875,70313.64865112305,69219.27279663086,69948.85669962566,16114775,SAMSUNG
2021-09-02,69310.484375,70040.06842105264,69036.89035773027,70040.06842105264,15347486,SAMSUNG
2021-09-03,69857.671875,69948.86988005874,69310.48384464752,69675.27586488251,12096419,SAMSUNG
2021-09-06,70496.046875,70769.640847348,69857.66093952135,70040.05692108667,12861180,SAMSUNG
2021-09-07,69401.6640625,70313.64387935282,69219.26809912943,70313.64387935282,13239401,SAMSUNG
2021-09-08,69584.0703125,69675.26830766711,68945.68434633028,69310.47632699869,11798147,SAMSUNG
2021-09-09,68672.109375,69857.68364043825,68398.51531374503,69675.2875996016,17600770,SAMSUNG
2021-09-10,68672.109375,68945.70343625499,68216.11927290837,68672.109375,10103212,SAMSUNG
2021-09-13,69584.0703125,69584.0703125,68489.69437049476,68580.89236566186,11397775,SAMSUNG
2021-09-14,69857.671875,70860.84993064622,69857.671875,70313.66190029374,18167057,SAMSUNG
2021-09-15,70222.453125,70587.24508928572,69675.26517857143,70587.24508928572,12829128,SAMSUNG
2021-09-16,69401.6640625,70587.23782440867,69401.6640625,70496.03984272339,13067622,SAMSUNG
2021-09-17,70404.859375,70404.859375,69219.2853181671,69584.07733565415,16289502,SAMSUNG
2021-09-23,70587.2421875,70769.6381621447,70040.0542635659,70678.44017482236,17055590,SAMSUNG
2021-09-24,70496.046875,70860.83883813066,70313.65089343466,70769.640847348,12247274,SAMSUNG
2021-09-27,70860.84375,70860.84375,70222.45777027027,70496.05176158302,11699798,SAMSUNG
2021-09-28,69584.0703125,70952.04024000655,69492.87231733289,70860.84224483946,15406382,SAMSUNG
2021-09-29,67898.96875,68998.54719129554,67624.07413967612,68540.3895074224,23992458,SAMSUNG
2021-09-30,67898.96875,68540.3895074224,67532.44260290149,68082.23182354926,19919361,SAMSUNG
2021-10-01,67074.2734375,67807.32560621585,66799.37887423155,67715.69408512636,15803395,SAMSUNG
2021-10-05,66157.96875,66891.02103531855,65424.91646468144,66891.02103531855,24013921,SAMSUNG
2021-10-06,65333.29296875,66707.76617286114,65241.66142180926,66524.50307897966,18956962,SAMSUNG
2021-10-07,65608.1796875,66066.33736688198,65333.28507987082,65608.1796875,13683532,SAMSUNG
2021-10-08,65516.54296875,66341.2267263986,65516.54296875001,66249.59519777098,14043287,SAMSUNG
2021-10-12,63225.74609375,64966.74489923008,62950.85154551631,64783.48186707428,31001484,SAMSUNG
2021-10-13,63042.5,63775.5523255814,62584.342296511626,62950.86845930233,24172015,SAMSUNG
2021-10-14,63592.27734375,63958.803437950286,63042.48820244957,63225.751249549714,19520641,SAMSUNG
2021-10-15,64233.71484375,65058.3987718438,64142.08329618403,64325.34639131598,18051612,SAMSUNG
2021-10-18,64325.32421875,64416.95573473113,63409.00905893875,64325.32421875,13486391,SAMSUNG
2021-10-19,64691.8671875,65058.39334720255,64508.60410764872,64875.13026735128,9507991,SAMSUNG
2021-10-20,64416.9765625,65058.39738175676,64325.34501689189,64783.50274493243,10151638,SAMSUNG
2021-10-21,64325.32421875,64691.8502826745,64142.06118678775,64416.95573473113,10891094,SAMSUNG
2021-10-22,64508.6015625,64783.49617143111,64142.07541725852,64142.07541725852,8395448,SAMSUNG
2021-10-25,64325.32421875,64691.8502826745,63683.90360688212,64050.429670806625,10029621,SAMSUNG
2021-10-26,65150.01953125,65516.54566082102,64508.5988045007,64691.861869286215,10528252,SAMSUNG
2021-10-27,64233.71484375,65058.3987718438,64142.08329618403,65058.3987718438,10295316,SAMSUNG
2021-10-28,64783.5078125,66157.9811041372,63683.92917919024,63683.92917919024,20644902,SAMSUNG
2021-10-29,63958.81640625,65608.18416457737,63867.1848641207,65241.657996060174,17016151,SAMSUNG
2021-11-01,64050.4375,64691.858190271814,64050.4375,64325.332081545064,11503729,SAMSUNG
2021-11-02,65516.54296875,66157.96366914336,64783.49073972902,64875.122268356645,16812570,SAMSUNG
2021-11-03,64508.6015625,65699.8115345348,64233.70695356889,65699.8115345348,12770428,SAMSUNG
2021-11-04,64691.8671875,65608.18258675637,64600.235647574365,65241.65642705382,11818987,SAMSUNG
2021-11-05,64325.32421875,65608.16544248576,64325.32421875,65608.16544248576,12667743,SAMSUNG
2021-11-08,64691.8671875,64691.8671875,63958.8148680949,64508.60410764872,11121981,SAMSUNG
2021-11-09,64600.234375,65058.39206560284,64233.70822251774,64416.971298758865,11159589,SAMSUNG
2021-11-10,64325.32421875,64966.74483061788,64325.32421875,64416.95573473113,9422009,SAMSUNG
2021-11-11,64050.4375,64142.069027181686,63775.542918454936,64050.4375,11489122,SAMSUNG
2021-11-12,64691.8671875,64966.76180727691,64050.446408020536,64325.341027797454,10087450,SAMSUNG
2021-11-15,65424.91796875,65883.0756576068,64966.760279893206,65699.81258206407,12420710,SAMSUNG
2021-11-16,65333.29296875,65974.71379733521,65333.29296875,65516.556062631484,10919239,SAMSUNG
2021-11-17,64783.5078125,65608.19178748233,64691.87625972419,65333.29712915488,11027606,SAMSUNG
2021-11-18,64325.32421875,65058.376346599005,64325.32421875,64783.48179865562,10144957,SAMSUNG
2021-11-19,65241.66015625,65424.923246576545,64233.713159454004,64508.607794943826,11954728,SAMSUNG
2021-11-22,68632.0078125,68906.90236982644,66891.00894943258,67165.90350675902,27506623,SAMSUNG
2021-11-23,68998.5546875,69639.97551460823,68265.50231366201,69639.97551460823,22029195,SAMSUNG
2021-11-24,68540.3828125,69823.22420203876,67898.96211773061,69639.96114639037,15652305,SAMSUNG
2021-11-25,67532.4375,68815.27891791046,67440.80597014926,68815.27891791046,12559258,SAMSUNG
2021-11-26,66249.5859375,67898.95322225103,65974.6913900415,67349.16412733402,13002242,SAMSUNG
2021-11-29,66249.5859375,66891.00654823652,65424.902295124484,65699.79684258299,16682559,SAMSUNG
2021-11-30,65333.29296875,67715.71318920933,64600.24059322405,67074.29236062412,30364841,SAMSUNG
2021-12-01,68173.8515625,68540.37764616935,65608.16897681452,65974.69506048386,21954856,SAMSUNG
2021-12-02,69456.71875,69456.71875,67624.08764841688,67715.71920349605,23652940,SAMSUNG
2021-12-03,69273.4375,69639.96362433862,67898.96453373016,69273.4375,18330240,SAMSUNG
2021-12-06,69914.859375,70281.38550540629,68632.01791857799,68815.28098378112,16391250,SAMSUNG
2021-12-07,70922.7890625,71197.68359375,69273.421875,69731.57942708333,19232453,SAMSUNG
2021-12-08,70922.7890625,72022.3671875,70647.89453125,71747.47265625,21558340,SAMSUNG
2021-12-09,71655.8515625,71655.8515625,70556.27327765345,70922.7993726023,21604528,SAMSUNG
2021-12-10,70464.640625,71106.06128088427,70373.00910273082,70922.7982363459,9155219,SAMSUNG
2021-12-13,70373.015625,71747.48858642578,70098.12103271484,70739.54174804688,15038750,SAMSUNG
2021-12-14,70556.28125,70739.54431818183,69823.22897727272,70098.12357954546,10976660,SAMSUNG
2021-12-15,71106.078125,71106.078125,69914.86805331829,70006.49959729382,9584939,SAMSUNG
2021-12-16,71289.3203125,71930.74093227828,70922.79424405527,71930.74093227828,11996128,SAMSUNG
2021-12-17,71472.59375,71472.59375,70373.01538461538,70373.01538461538,13108479,SAMSUNG
2021-12-20,70647.90625,71289.32692931258,70373.01167315175,71106.06387808041,11264375,SAMSUNG
2021-12-21,71564.234375,71747.49745918694,71014.44512243918,71380.97129081306,14245298,SAMSUNG
2021-12-22,72755.4453125,72755.4453125,72205.65605321158,72297.28759642632,17105892,SAMSUNG
2021-12-23,73213.6015625,73305.23310387984,72663.81231422091,73121.97002112016,13577498,SAMSUNG
2021-12-24,73763.390625,74038.2852484472,73488.49600155279,73488.49600155279,12086380,SAMSUNG
2021-12-27,73488.4921875,73855.01833307356,73121.96604192644,73855.01833307356,10783368,SAMSUNG
2021-12-28,73580.125,73671.75653798257,73030.3357721046,73488.49346201743,18226325,SAMSUNG
2021-12-29,72531.7265625,73820.36129838198,72255.59054766815,73820.36129838198,19794795,SAMSUNG
2021-12-30,72071.4921875,73176.03612907088,71887.40153057153,72623.76415828544,14236700,SAMSUNG
2022-01-04,72439.6796875,72899.90636912326,72071.4983422014,72531.72502382465,12427416,SAMSUNG
2022-01-05,71243.078125,72715.80325419897,70322.62491925064,72531.7126130491,25470640,SAMSUNG
2022-01-06,70782.8515625,71427.16880689206,70506.71560061768,70598.76092124512,12931954,SAMSUNG
2022-01-07,72071.4921875,72163.53751596424,71243.08423132185,71887.40153057153,15163757,SAMSUNG
2022-01-10,71795.359375,71887.40470753206,70966.95138221154,71887.40470753206,9947422,SAMSUNG
2022-01-11,72623.765625,72715.81095532319,71795.35765209126,72163.53897338403,13221123,SAMSUNG
2022-01-12,72623.765625,73268.08293726236,72347.62963403043,73176.03760693916,11000502,SAMSUNG
2022-01-13,71703.328125,72991.96303353658,71703.328125,72991.96303353658,13889401,SAMSUNG
2022-01-14,71151.0390625,71887.40169186611,70966.94840515847,71519.22037718305,10096725,SAMSUNG
2022-01-17,71335.125,71611.26096774194,70782.85306451612,71427.17032258064,8785122,SAMSUNG
2022-01-18,70874.9140625,71611.2768060065,70506.73269074675,71427.18612012987,9592788,SAMSUNG
2022-01-19,70230.59375,70782.86578473132,70046.50307175622,70414.68442824377,10598290,SAMSUNG
2022-01-20,70414.671875,70598.76252042483,69862.39993872549,70138.53590686274,9708168,SAMSUNG
2022-01-21,69586.265625,69770.35627480158,68757.85770089286,69770.35627480158,15774888,SAMSUNG
2022-01-24,69126.046875,69770.36422270307,68757.86553345539,69402.18288115846,13691134,SAMSUNG
2022-01-25,68113.546875,69034.00021114865,67377.18420608109,68849.90954391893,17766704,SAMSUNG
2022-01-26,68113.546875,68113.546875,68113.546875,68113.546875,0,SAMSUNG
2022-01-27,65628.3359375,68113.56044004207,65628.3359375,67929.46973615007,22274777,SAMSUNG
2022-01-28,67469.21875,67837.40002557982,65536.267053206,65628.31237210096,21367447,SAMSUNG
2022-02-03,67469.21875,68941.94385231924,67469.21875,68941.94385231924,17744721,SAMSUNG
2022-02-04,68113.546875,68665.81887668918,67561.27487331082,68389.68287584459,12730034,SAMSUNG
2022-02-07,67193.0859375,67745.35787671233,66640.81399828767,67653.31255351027,14240838,SAMSUNG
2022-02-08,67193.0859375,67193.0859375,67193.0859375,67193.0859375,0,SAMSUNG
2022-02-09,67193.0859375,67193.0859375,67193.0859375,67193.0859375,0,SAMSUNG
2022-02-10,69402.171875,69770.3531581565,68757.85462947613,69586.26251657825,17746033,SAMSUNG
2022-02-11,68941.9453125,69494.21723756676,68665.80934996661,69033.99063334445,12205407,SAMSUNG
2022-02-14,67837.40625,68573.76886872457,67285.13428595658,68481.723541384,13993255,SAMSUNG
2022-02-15,67837.40625,68297.63288670285,67285.13428595658,68205.58755936228,9320365,SAMSUNG
2022-02-16,68849.90625,68941.95157921122,68297.63427473261,68665.81559157754,10767386,SAMSUNG
2022-02-17,69034.0078125,69586.279875,68573.78109375,69034.0078125,13605382,SAMSUNG
2022-02-18,68389.6796875,68849.90633411844,67837.40771155787,68665.81567547107,10122226,SAMSUNG
2022-02-21,68389.6796875,68389.6796875,68389.6796875,68389.6796875,0,SAMSUNG
2022-02-22,68389.6796875,68389.6796875,68389.6796875,68389.6796875,0,SAMSUNG
2022-02-23,68389.6796875,68389.6796875,68389.6796875,68389.6796875,0,SAMSUNG
2022-02-24,65812.4140625,66548.77673732518,65628.3233937937,66548.77673732518,15759283,SAMSUNG
2022-02-25,66180.609375,66824.9268515299,66180.609375,66364.70008257998,13168484,SAMSUNG
2022-02-28,66180.609375,66180.609375,66180.609375,66180.609375,0,SAMSUNG
2022-03-02,65996.515625,66640.83307182706,65812.42492590655,66548.78772228034,12481430,SAMSUNG
2022-03-03,67101.0390625,67285.12970464677,66456.72181498627,66548.76713605967,13232638,SAMSUNG
2022-03-04,67101.0390625,67101.0390625,67101.0390625,67101.0390625,0,SAMSUNG
2022-03-07,64523.7890625,64984.015803316695,64339.698366173325,64431.74371433666,18617138,SAMSUNG
2022-03-08,63971.51171875,64431.738421762595,63235.148993929855,63327.194334532374,15828269,SAMSUNG
2022-03-10,63971.51171875,63971.51171875,63971.51171875,63971.51171875,0,SAMSUNG
2022-03-11,64431.73828125,65076.0556640625,64155.602260044645,64891.96498325893,15787655,SAMSUNG
2022-03-14,64615.8125,64615.8125,64063.540598290594,64431.721866096865,9040993,SAMSUNG
2022-03-15,64615.8125,64615.8125,64615.8125,64615.8125,0,SAMSUNG
2022-03-16,64799.92578125,64891.97113037109,64155.60833740234,64615.835083007805,10175750,SAMSUNG
2022-03-17,64799.92578125,64799.92578124999,64799.92578124999,64799.92578124999,0,SAMSUNG
2022-03-18,65076.0546875,65260.14536554102,64615.827992397455,64984.00934847949,14410038,SAMSUNG
2022-03-21,64339.68359375,65352.182191076536,64339.68359375,65260.13686404685,11169002,SAMSUNG
2022-03-22,64707.87890625,64891.96960015113,64339.69751844772,64339.69751844772,9402666,SAMSUNG
2022-03-23,64891.94921875,65536.26644503546,64707.85858266844,64983.99453679078,12398025,SAMSUNG
2022-03-24,64247.65234375,64707.87907973675,64063.5616493553,64063.5616493553,37943357,SAMSUNG
2022-03-25,64247.65234375,64615.833732539395,64063.5616493553,64523.78838534205,12986010,SAMSUNG
2022-03-28,64155.59375,64339.684406384506,63695.367109038736,63971.503093615494,12619289,SAMSUNG
2022-03-29,64615.8125,64707.85781695156,64247.63123219373,64431.721866096865,13686208,SAMSUNG
2022-03-30,64672.26953125,65227.39630834227,64579.748401734614,65042.354049311514,12670187,SAMSUNG
2022-03-31,64394.69921875,64949.825936153014,64394.69921875,64672.26257745151,12510366,SAMSUNG
2022-04-01,63932.1015625,64302.18608674023,63839.580431439936,64302.18608674023,15916846,SAMSUNG
2022-04-04,64117.14453125,64117.14453125,63469.49660669192,63747.060002931095,11107905,SAMSUNG
2022-04-05,64024.60546875,64394.68989342485,63932.084362581285,64209.64768108743,8467248,SAMSUNG
2022-04-06,63376.9609375,63654.524270072994,63376.9609375,63469.48204835766,15517308,SAMSUNG
2022-04-07,62914.36328125,63376.96889361214,62914.36328125,63376.96889361214,20683327,SAMSUNG
2022-04-08,62729.3125,63191.91804941003,62636.791390118,63006.87582964602,15453191,SAMSUNG
2022-04-11,62821.84375,63006.88599963181,62359.23812592047,62729.32262518409,12263735,SAMSUNG
2022-04-12,61989.140625,62636.78836287313,61989.140625,62544.267257462685,13924389,SAMSUNG
2022-04-13,63562.00390625,63839.567242085155,62174.18722707424,62266.708339019286,17378619,SAMSUNG
2022-04-14,62451.75390625,63562.00730902778,62451.75390625,63562.00730902778,16409494,SAMSUNG
2022-04-15,61619.05859375,62266.706356747374,61526.53748475038,62174.185247747744,13176415,SAMSUNG
2022-04-18,61711.59375,62081.67827023988,61156.466969640176,61526.55148988006,10119203,SAMSUNG
2022-04-19,62266.7109375,62914.358748142644,61989.147590081724,62081.668705887816,12959434,SAMSUNG
2022-04-20,62359.234375,62359.234375,61526.54430174332,61989.14989799703,16693293,SAMSUNG
2022-04-21,62636.79296875,63191.919642032866,62451.75074432238,62544.27185653619,12847448,SAMSUNG
2022-04-22,61989.140625,62266.70394123134,61711.577308768654,62174.182835820895,11791478,SAMSUNG
2022-04-25,61341.49609375,61711.580534737936,61341.49609375,61526.53831424397,11016474,SAMSUNG
2022-04-26,61156.45703125,61711.5837213975,61156.45703125,61434.02037632375,12946923,SAMSUNG
2022-04-27,60138.73046875,60601.33608774038,60046.20934495192,60508.814963942306,18122084,SAMSUNG
2022-04-28,59953.68359375,60601.33141034915,59676.12024377894,60508.81029369213,16895527,SAMSUNG
2022-04-29,62359.234375,62544.27661350148,60138.727512982194,60231.248632232935,26190390,SAMSUNG
2022-05-02,62266.7109375,62544.274284918276,61526.542011051264,61619.063126857356,14106184,SAMSUNG
2022-05-03,62451.75390625,63284.44395833333,62266.711672453705,62359.23278935185,14168875,SAMSUNG
2022-05-04,62821.84375,63284.44937407953,62451.75925073637,62914.3648748159,11505248,SAMSUNG
2022-05-06,61526.55078125,62081.67755521616,61526.55078125,61989.1564262218,14356156,SAMSUNG
2022-05-10,60786.37109375,61341.49777040525,60416.2866426465,60971.41331930175,17235605,SAMSUNG
2022-05-11,60786.37109375,61341.49777040525,60323.76552987062,60601.32886819825,12330920,SAMSUNG
2022-05-12,60046.19921875,60601.325867921805,60046.19921875,60323.7625433359,16414188,SAMSUNG
2022-05-13,61526.55078125,61711.59303923872,60323.77610432331,60416.297233317666,14551536,SAMSUNG
2022-05-16,61341.49609375,62359.228306466815,61156.45387325603,62081.664975725864,11937555,SAMSUNG
2022-05-17,62544.2734375,62821.836781157544,61619.06229197485,61619.06229197485,15680447,SAMSUNG
2022-05-18,63006.875,63562.001651982384,62544.26945668135,63191.917217327464,16486319,SAMSUNG
2022-05-19,62451.75390625,62544.27502314815,61526.542737268515,61526.542737268515,17073727,SAMSUNG
2022-05-20,62914.36328125,63284.44777113971,62636.79991383272,62729.32103630515,12109671,SAMSUNG
2022-05-23,62821.84375,63654.53387334315,62544.280375552284,63654.53387334315,13684088,SAMSUNG
2022-05-24,61526.55078125,62636.80432918233,61526.55078125,62451.76207119361,15482576,SAMSUNG
2022-05-25,61434.0234375,62081.671274943525,60971.41783932606,61711.58679640437,15150490,SAMSUNG
2022-05-26,60971.4140625,62174.18854324734,60601.32960688543,61341.49851811457,15970890,SAMSUNG
2022-05-27,61526.55078125,61896.63529722744,61248.987394266915,61711.59303923872,11405555,SAMSUNG
2022-05-30,62636.79296875,62729.31408096381,61896.624071039514,62451.75074432238,14255484,SAMSUNG
2022-05-31,62359.234375,62451.75549425074,61711.5865402448,62451.75549425074,24365002,SAMSUNG
2022-06-02,61711.59375,61989.15714017991,61434.03035982009,61619.07261994003,14959443,SAMSUNG
2022-06-03,61804.1015625,62266.70711311751,61804.1015625,62174.18600299401,8222883,SAMSUNG
2022-06-07,60601.3359375,61434.02604961832,60508.8148139313,61248.983802480914,19355755,SAMSUNG
2022-06-08,60416.29296875,60786.37745860452,60416.29296875,60508.81409121363,12483180,SAMSUNG
2022-06-09,60323.76953125,60323.76953125,59676.12169885928,60231.24841233704,25790725,SAMSUNG
2022-06-10,59028.4765625,59583.60330133229,59028.4765625,59213.51880877743,22193552,SAMSUNG
2022-06-13,57455.609375,58103.25714573269,57455.609375,57733.17270531401,22157816,SAMSUNG
2022-06-14,57270.56640625,57548.129732936184,56530.397535086835,56622.91864398223,24606419,SAMSUNG
2022-06-15,56160.3203125,56900.48927872735,55697.714708607906,56715.44703717051,26811224,SAMSUNG
2022-06-16,56345.359375,57178.04941502463,55975.27491276683,56715.443837233164,23394895,SAMSUNG
2022-06-17,55327.62890625,55420.150024822324,54957.5444319607,54957.5444319607,29053450,SAMSUNG
2022-06-20,54309.89453125,55420.147911786626,53754.76784098169,55327.626796741904,34111306,SAMSUNG
2022-06-21,54124.8515625,54772.49935897435,53847.288221153845,54309.8937900641,25148109,SAMSUNG
2022-06-22,53292.1640625,54679.98083496094,53292.1640625,54587.459716796875,23334687,SAMSUNG
2022-06-23,53107.125,53662.25174216028,52551.998257839725,53384.68837108014,28338608,SAMSUNG
2022-06-24,54032.328125,54679.97589362157,53384.68035637843,53569.72257598459,23256103,SAMSUNG
2022-06-27,54402.41796875,55420.1502776892,53939.81237377763,54587.46020673894,18122236,SAMSUNG
2022-06-28,54957.546875,55050.06799768518,54309.89901620371,54772.50462962963,13540538,SAMSUNG
2022-06-29,53990.375,54735.06982758621,53990.375,54455.80926724138,14677138,SAMSUNG
2022-06-30,53059.51171875,53618.03289473684,53059.51171875,53245.68544407895,18915142,SAMSUNG
2022-07-01,52314.80859375,53524.937618160584,52035.54804965525,52966.41652997108,24982097,SAMSUNG
2022-07-04,53152.59375,53431.85431260946,51849.37779115587,52221.72520796848,17807126,SAMSUNG
2022-07-05,53245.68359375,54176.55218804633,53245.68359375,53618.03103146853,14216539,SAMSUNG
2022-07-06,52500.984375,53338.76604055851,52500.984375,53338.76604055851,16820461,SAMSUNG
2022-07-07,54176.55078125,54641.985066312285,52407.90049801332,52500.987355025776,21322833,SAMSUNG
2022-07-08,54641.98046875,55200.50156383092,54176.54622284923,54548.89361956985,15339271,SAMSUNG
2022-07-11,54735.06640625,55479.76118728742,54641.979558620325,55200.50064439839,13042624,SAMSUNG
2022-07-12,54083.45703125,54641.9781021407,54083.45703125,54548.891256992254,9336061,SAMSUNG
2022-07-13,53990.375,54548.89612068966,53990.375,54269.63556034483,10841315,SAMSUNG
2022-07-14,53524.93359375,54176.54148097826,53431.84675271739,53524.93359375,15067012,SAMSUNG
2022-07-15,55852.109375,55852.109375,54083.459244791666,54362.71979166667,18685583,SAMSUNG
2022-07-18,57620.7578125,57713.84465872375,56317.54196536753,56410.628811591276,20832517,SAMSUNG
2022-07-19,56689.89453125,57248.4156596367,56038.286548132186,57155.328804905585,15248261,SAMSUNG
2022-07-20,56317.546875,57806.936544421485,56317.546875,57527.67598140496,16782238,SAMSUNG
2022-07-21,57527.671875,57620.758722694176,56503.71655036408,56876.063941140776,12291374,SAMSUNG
2022-07-22,57062.24609375,57900.02784716558,56969.15923225938,57527.6804012031,10261310,SAMSUNG
2022-07-25,56876.06640625,57620.76122007979,56596.80585106383,56689.89270279255,9193681,SAMSUNG
2022-07-26,57434.5859375,57620.75963583874,56596.80429497569,56596.80429497569,6597211,SAMSUNG
2022-07-27,57527.671875,57620.758722694176,56969.15078883495,57062.23763652913,7320997,SAMSUNG
2022-07-28,57620.7578125,58272.36573606623,57341.497273828754,57993.10519739499,10745302,SAMSUNG
2022-07-29,57155.32421875,58272.36638589169,57062.23737148819,58086.19269136808,15093120,SAMSUNG
2022-08-01,57062.24609375,57434.59353971248,56131.3774788438,56782.985509278136,13154816,SAMSUNG
2022-08-02,57434.5859375,57620.75963583874,56782.977993314424,56969.15169165316,13614895,SAMSUNG
2022-08-03,57062.24609375,57341.50667822186,56782.985509278136,57341.50667822186,10053861,SAMSUNG
2022-08-04,57248.4140625,57527.674618902434,56969.15350609756,57434.58776676829,9125439,SAMSUNG
2022-08-05,57248.4140625,57620.76147103658,56969.15350609756,57434.58776676829,9567620,SAMSUNG
2022-08-08,56596.8046875,57155.3257863898,56410.63098787007,57155.3257863898,11313150,SAMSUNG
2022-08-09,55852.109375,56503.71731770833,55479.761979166666,56410.63046875,18251170,SAMSUNG
2022-08-10,55014.33203125,55107.41888747885,54548.89775010575,54828.1583187923,18084349,SAMSUNG
2022-08-11,55759.0234375,55852.110287979966,55200.5023346202,55479.762886060096,15141941,SAMSUNG
2022-08-12,56038.28125,56503.71547965116,55293.58648255814,55386.67332848837,10786658,SAMSUNG
2022-08-16,56782.98046875,57341.501588114756,56131.37249615779,56317.546202612706,15036727,SAMSUNG
2022-08-17,56224.45703125,56969.151826365895,56131.37018186052,56876.06497697641,9061518,SAMSUNG
2022-08-18,57248.4140625,57620.76147103658,55852.1112804878,56131.37183689024,16372754,SAMSUNG
2022-08-19,56689.89453125,57341.502514367814,56410.63396705665,57155.328804905585,6923679,SAMSUNG
2022-08-22,55852.109375,56224.456770833334,55665.93567708333,56131.369921875004,8259865,SAMSUNG
2022-08-23,55014.33203125,55479.76631239425,54921.245175021155,54921.245175021155,9041629,SAMSUNG
2022-08-24,54921.2421875,55386.67644332627,54921.2421875,55107.41588983051,8888486,SAMSUNG
2022-08-25,55572.84765625,55572.84765625,54921.23972728224,55107.413421273035,5767902,SAMSUNG
2022-08-26,55852.109375,56689.891015625,55759.02252604167,56131.369921875004,9499995,SAMSUNG
2022-08-29,54548.8984375,54828.15900970563,54548.8984375,54641.985294901875,9841329,SAMSUNG
2022-08-30,54735.06640625,54921.24010150936,54269.63216810162,54641.979558620325,9690044,SAMSUNG
2022-08-31,55572.84765625,55759.021350240786,54176.5449513191,54176.5449513191,14203512,SAMSUNG
2022-09-01,54362.71484375,54828.149046179366,54269.62800326413,54641.97536520762,14905777,SAMSUNG
2022-09-02,53524.93359375,54548.88884510869,53524.93359375,54269.62832201087,15040310,SAMSUNG
2022-09-05,53152.59375,53804.20172942207,52873.33318739055,53431.85431260946,11425977,SAMSUNG
2022-09-06,53152.59375,53618.028021015765,52966.4200415937,53245.68060420315,7503086,SAMSUNG
2022-09-07,52128.64453125,52780.25258789063,52035.55766601563,52780.25258789063,17384854,SAMSUNG
2022-09-08,51756.29296875,52500.98783160972,51756.29296875,52314.814115894784,18000016,SAMSUNG
2022-09-13,54083.45703125,54455.804411843805,52873.32804432014,53059.50173461704,17166581,SAMSUNG
2022-09-14,52873.33203125,53245.67943992077,52221.72406607614,52314.810918243835,12524961,SAMSUNG
2022-09-15,52128.64453125,53152.60004882813,52128.64453125,53059.51318359375,11664819,SAMSUNG
2022-09-16,52314.80859375,52500.98228981316,51663.20065752891,51756.287505560496,13456503,SAMSUNG
2022-09-19,52500.984375,53059.50548537234,52128.636968085106,52407.89752327128,12278653,SAMSUNG
2022-09-20,51942.4609375,53059.50310819892,51942.4609375,52500.98202284946,14041465,SAMSUNG
2022-09-21,51477.02734375,51663.20104119575,51197.766797581375,51570.11419247287,11863700,SAMSUNG
2022-09-22,50639.2421875,50918.5027142693,50546.15534524356,50825.41587201287,12786510,SAMSUNG
2022-09-23,50732.3359375,51104.68335722477,50453.07537270642,50639.24908256881,10555964,SAMSUNG
2022-09-26,50173.8125,50453.07305194805,49894.55194805195,49987.6387987013,15008449,SAMSUNG
2022-09-27,50453.0703125,50453.0703125,49801.46239333487,50080.722930119926,16631289,SAMSUNG
2022-09-28,49242.9453125,50639.24810964083,48870.59789992911,50173.81384392722,19991129,SAMSUNG
2022-09-29,49300.11328125,50331.10424340542,49300.11328125,49956.198438985266,13882080,SAMSUNG
2022-09-30,49768.75,50237.38229755179,48550.30602636535,49018.93832391714,22503249,SAMSUNG
2022-10-04,51737.0078125,51924.46073935689,51080.92256850091,51830.734275928444,19148435,SAMSUNG
2022-10-05,52486.8125,53611.529910714286,51924.45379464285,53330.35055803571,22458970,SAMSUNG
2022-10-06,52767.98828125,53705.252726742896,52767.98828125,53142.89405944716,14944446,SAMSUNG
2022-10-07,52674.26171875,53330.34682912589,51736.99727535587,52393.08238573176,16886813,SAMSUNG
2022-10-11,51924.45703125,52205.636401455326,50612.28663695848,50987.192463898915,21437877,SAMSUNG
2022-10-12,52299.36328125,53424.080771169356,51737.004536290326,52205.63682375672,18408910,SAMSUNG
2022-10-13,51737.0078125,52580.54598335598,51737.0078125,51924.46073935689,13784602,SAMSUNG
2022-10-14,52767.98828125,52955.44117034858,52299.35605850355,52674.26183670071,12924326,SAMSUNG
2022-10-17,53049.17578125,53424.0816171599,52205.63765045274,52299.364109430215,13641878,SAMSUNG
2022-10-18,52955.4453125,53517.80402378318,52299.36014933628,53142.89821626106,14820702,SAMSUNG
2022-10-19,52299.36328125,53330.35431367608,52205.63682375672,53142.901398689515,12660652,SAMSUNG
2022-10-20,52018.1796875,52486.81193693694,51643.27388795045,51737.00033783784,17107653,SAMSUNG
2022-10-21,52393.09375,52767.99960867621,51643.282032647585,51643.282032647585,11456060,SAMSUNG
2022-10-24,53892.7109375,53892.7109375,53142.89930706522,53424.078668478265,16944503,SAMSUNG
2022-10-25,54080.16796875,54923.70611730935,53424.082742092716,53424.082742092716,17405678,SAMSUNG
2022-10-26,55673.51953125,55860.97245896464,54080.1696456755,54361.34903724747,20824967,SAMSUNG
2022-10-27,55767.24609375,56329.604877888654,55204.887309611346,55954.69902179622,21756712,SAMSUNG
2022-10-28,53705.26171875,55486.06446335078,53611.53525850785,55204.88508262434,20924937,SAMSUNG
2022-10-31,55673.51953125,56142.15185053661,54361.34903724747,54455.075501104795,18999514,SAMSUNG
2022-11-01,56235.87109375,56517.050449218754,55767.23883463542,56142.14464192709,17201647,SAMSUNG
2022-11-02,55860.97265625,56235.87851300336,55579.79326368499,55954.699120438345,13202919,SAMSUNG
2022-11-03,55486.05859375,56048.41729571368,54455.067640149915,54923.69989178632,17492162,SAMSUNG
2022-11-04,55673.51953125,55767.24599510732,54736.25489267676,55392.340139678025,12445841,SAMSUNG
2022-11-07,56423.32421875,56517.05067094061,55673.512601225084,55954.691957796924,12437246,SAMSUNG
2022-11-08,57922.94921875,58016.675673796526,56704.505303145226,56704.505303145226,18273898,SAMSUNG
2022-11-09,58110.41015625,58297.8630922379,57454.32488029234,58110.41015625,14045592,SAMSUNG
2022-11-10,56610.77734375,57641.76832186465,56610.77734375,57548.04186930877,21087633,SAMSUNG
2022-11-11,58953.9375,59235.11685214627,58391.57879570747,59141.39040143084,20037163,SAMSUNG
2022-11-14,58016.6875,58953.95224151858,57829.23455169628,58953.95224151858,15973416,SAMSUNG
2022-11-15,58485.30859375,58579.03504982973,57735.49694511218,58297.85568159054,12310986,SAMSUNG
2022-11-16,58766.49609375,58766.49609375,57829.23140325957,58485.31668660287,12909260,SAMSUNG
2022-11-17,57548.05078125,58110.409583672634,57454.324314179554,58110.409583672634,13298296,SAMSUNG
2022-11-18,57922.94921875,58485.30794902913,57548.04339856392,57922.94921875,12236503,SAMSUNG
2022-11-21,57548.05078125,57922.956649531756,56985.69197882736,57548.05078125,9378097,SAMSUNG
2022-11-22,56798.234375,57360.593131188114,56517.054996905936,57079.41375309406,9411289,SAMSUNG
2022-11-23,57173.140625,57454.32000512295,56891.96124487705,57360.59354508197,8765050,SAMSUNG
2022-11-24,57548.05078125,57829.23018246132,57079.4184458978,57360.597847109115,8125010,SAMSUNG
2022-11-25,57173.140625,57829.225845286885,56985.68770491803,57548.046465163934,6677933,SAMSUNG
2022-11-28,56329.6015625,56704.50739652662,56048.42218698003,56704.50739652662,8589032,SAMSUNG
2022-11-29,56798.234375,56798.234375,56048.422700082505,56142.149159447195,7014160,SAMSUNG
2022-11-30,58297.859375,58297.859375,56423.330134646305,56610.78305868167,19768903,SAMSUNG
2022-12-01,58672.7578125,59235.11651357827,58391.57846196086,59141.39006339856,16631445,SAMSUNG
2022-12-02,56610.77734375,58579.03284742343,56610.77734375,58579.03284742343,15331184,SAMSUNG
2022-12-05,56517.05859375,57266.87031638682,56235.8791977612,57079.41738572761,13767787,SAMSUNG
2022-12-06,55486.05859375,56329.59664669553,55486.05859375,56048.41729571368,13888300,SAMSUNG
2022-12-07,55204.8828125,55860.96800721562,54829.97698694821,55111.15635611205,12100662,SAMSUNG
2022-12-08,55486.05859375,55486.05859375,54923.69989178632,55017.4263421136,12986815,SAMSUNG
2022-12-09,56610.77734375,56798.23024886176,55579.786365635344,55579.786365635344,10529632,SAMSUNG
2022-12-12,55767.24609375,56235.87841386555,55673.51962972689,56142.15194984244,9036472,SAMSUNG
2022-12-13,55954.6953125,56517.054059359296,55673.51593907035,55860.968854690116,9040873,SAMSUNG
2022-12-14,56704.5,56798.22644628099,56048.41487603306,56048.41487603306,8207485,SAMSUNG
2022-12-15,55579.7890625,56423.32717643339,55579.7890625,56048.42134801855,8716039,SAMSUNG
2022-12-16,55767.24609375,55767.24609375,54642.52852547269,54642.52852547269,13033596,SAMSUNG
2022-12-19,55767.24609375,56142.15194984244,55392.34023765756,55767.24609375,7696187,SAMSUNG
2022-12-20,54923.70703125,55392.33934380333,54829.98056873934,55298.61288129266,9284761,SAMSUNG
2022-12-21,54361.34765625,55392.338732489225,54361.34765625,55017.43288658405,10356971,SAMSUNG
2022-12-22,55392.33984375,55392.33984375,54455.07521018401,54455.07521018401,10720630,SAMSUNG
2022-12-23,54455.07421875,54736.25360370052,54080.16837214932,54548.80068040018,9829407,SAMSUNG
2022-12-26,54267.6171875,54455.070096610536,54080.164278389464,54361.34364205527,6756411,SAMSUNG
2022-12-27,54455.07421875,54736.25360370052,54267.62129544966,54361.34775709983,10667027,SAMSUNG
2022-12-28,53380.85546875,54323.98012367491,53192.23053776502,54323.98012367491,14665410,SAMSUNG
2022-12-29,52154.79296875,53003.60515088155,52154.79296875,52814.980221518985,11295935,SAMSUNG
2023-01-02,52343.421875,52909.29670608108,52060.48445945946,52343.421875,10031448,SAMSUNG
2023-01-03,52249.1015625,52814.976308664256,51400.289443253605,52249.1015625,13547030,SAMSUNG
2023-01-04,54512.6015625,54701.22648140138,52437.727454584776,52532.03991403547,20188071,SAMSUNG
2023-01-05,54889.85546875,55455.7302673969,54323.98067010309,54889.85546875,15682826,SAMSUNG
2023-01-06,55644.3515625,56021.60140360169,54606.91449947034,54984.16434057203,17334989,SAMSUNG
2023-01-09,57247.66796875,57247.66796875,56210.23082269357,56304.543290516885,18640107,SAMSUNG
2023-01-10,56964.7265625,57624.91379087335,56493.16425651904,56776.10164010762,14859797,SAMSUNG
2023-01-11,57059.0390625,57719.22629132232,56870.414139979344,57530.601368801654,12310751,SAMSUNG
2023-01-12,57059.0390625,57719.22629132232,56493.16429493802,57624.91383006199,16102561,SAMSUNG
2023-01-13,57341.98046875,57719.23034025494,56964.73059724506,57059.043065121296,12510328,SAMSUNG
2023-01-16,57624.9140625,58096.476370703764,57341.97667757774,57813.5389857815,10039972,SAMSUNG
2023-01-17,57530.609375,58002.17174692623,57153.35947745902,57719.23432377049,9831456,SAMSUNG
2023-01-18,56964.7265625,57530.601329677156,56493.16425651904,57247.66394608858,11584041,SAMSUNG
2023-01-19,58002.16015625,58002.16015625,56964.7231453252,57059.03560086383,12808490,SAMSUNG
2023-01-20,58285.1015625,58756.66387287621,57624.9143279733,58568.03894872573,9646327,SAMSUNG
2023-01-25,59699.79296875,60077.04284532978,59416.85556131517,59888.41790703989,39217,SAMSUNG
2023-01-26,60171.35546875,60265.66793813675,59699.79312181622,60171.35546875,54188,SAMSUNG
2023-01-27,60925.8515625,61303.101417376165,60265.66431646672,60737.226635061925,44282,SAMSUNG
2023-01-30,59699.79296875,61208.792475069116,59511.16803046011,61208.792475069116,59628,SAMSUNG
2023-01-31,57907.85546875,60077.04223712337,57530.605595989415,59888.41730074308,163847,SAMSUNG
2023-02-01,57530.609375,59133.92143954918,57530.609375,59039.608965163934,98585,SAMSUNG
2023-02-02,59888.4140625,60265.663914862205,59039.60189468504,59605.476673228346,65992,SAMSUNG
2023-02-03,59888.4140625,60359.97637795276,59416.85174704724,60265.663914862205,47567,SAMSUNG
2023-02-06,58096.4765625,59416.85102982955,58096.4765625,59228.22610592533,144104,SAMSUNG
2023-02-07,58473.734375,58945.29674899193,58096.48447580645,58379.42190020161,32873,SAMSUNG
2023-02-08,59511.16015625,59699.785069582016,58850.972959587954,59228.22278625198,42558,SAMSUNG
2023-02-09,59699.79296875,59699.79296875,58756.66827730055,59416.85556131517,48035,SAMSUNG
2023-02-10,59322.5390625,59416.851525238475,58850.97674880763,59039.60167428458,44786,SAMSUNG
2023-02-13,59322.5390625,59416.851525238475,58756.66428606916,59322.5390625,59395,SAMSUNG
2023-02-14,59605.48046875,60265.667752422865,59605.48046875,59982.73034513449,70606,SAMSUNG
2023-02-15,58662.35546875,60265.6674349377,58473.730531551446,60265.6674349377,58370,SAMSUNG
2023-02-16,60077.0390625,60077.0390625,58850.97704081633,58945.28950402277,41448,SAMSUNG
2023-02-17,59039.6015625,59699.78880041933,58850.97663738019,59322.53895017971,28613,SAMSUNG
2023-02-20,59133.91015625,59416.84752541866,58285.098048744025,59322.53506902911,29846,SAMSUNG
2023-02-21,58568.03515625,59228.222348027375,58473.7227002818,59133.90989205918,60971,SAMSUNG
2023-02-22,57624.9140625,58285.10129398527,57530.60160085925,58002.16390906301,39178,SAMSUNG
2023-02-23,58473.734375,58945.29674899193,58002.17200100806,58190.79695060483,37145,SAMSUNG
2023-02-24,57813.5390625,59039.60106545677,57813.5390625,58756.66368015906,50792,SAMSUNG
2023-02-27,57059.0390625,57341.97644628099,56776.10167871901,57341.97644628099,11155697,SAMSUNG
2023-02-28,57153.34765625,57907.847295276406,57059.0352013717,57341.9725660066,13715861,SAMSUNG
2023-03-02,57341.98046875,58285.10514751234,57059.043065121296,57436.29293662623,13095682,SAMSUNG
2023-03-03,57059.0390625,57719.22629132232,57059.0390625,57530.601368801654,10711405,SAMSUNG
2023-03-06,58002.16015625,58096.47261178862,57341.972967479676,57624.91033409553,13630602,SAMSUNG
2023-03-07,57247.66796875,57907.85524351318,57247.66796875,57907.85524351318,11473280,SAMSUNG
2023-03-08,56870.4140625,57059.03898476368,56493.16421797264,56681.78914023632,14161857,SAMSUNG
2023-03-09,56681.79296875,57341.98024126456,56493.16803374584,57059.042838758316,14334499,SAMSUNG
2023-03-10,56115.921875,56304.54682247899,55738.67198004202,56115.921875,11902471,SAMSUNG
2023-03-13,56587.47265625,56776.097565104166,55927.28547526042,56493.16020182292,12779724,SAMSUNG
2023-03-14,55644.3515625,56115.91386387712,55644.3515625,56021.60140360169,12147346,SAMSUNG
2023-03-15,56398.859375,56870.42174435619,56210.23442725752,56587.48432274247,10482149,SAMSUNG
2023-03-16,56493.16015625,56776.09751930301,55738.66052144199,55832.97297579299,10611939,SAMSUNG
2023-03-17,57813.5390625,57813.5390625,57153.351830138665,57341.976753670475,14090110,SAMSUNG
2023-03-20,56776.1015625,57719.226173172756,56776.1015625,57624.91371210548,9618009,SAMSUNG
2023-03-21,56870.4140625,57247.66390702737,56681.78914023632,57059.03898476368,8318514,SAMSUNG
2023-03-22,57624.9140625,57719.22652414075,57059.039292655485,57530.60160085925,8978591,SAMSUNG
2023-03-23,58756.65625,58756.65625,57153.344602728735,57153.344602728735,15381057,SAMSUNG
2023-03-24,59416.859375,59699.796800595235,58756.67204861111,59133.92194940476,18278602,SAMSUNG
2023-03-27,58568.03515625,59228.222348027375,58473.7227002818,59039.59743609098,11039331,SAMSUNG
2023-03-28,59322.5390625,59322.5390625,58568.03936059221,58850.97674880763,11614118,SAMSUNG
2023-03-29,59133.91015625,59133.91015625,58662.347874302235,58945.2852434709,11216008,SAMSUNG
2023-03-30,59950.65234375,60424.945479380935,59855.79371662381,60424.945479380935,15684377,SAMSUNG
2023-03-31,60709.51171875,60709.51171875,60424.93588256836,60709.51171875,14094479,SAMSUNG
2023-04-03,59855.78515625,60709.51267828843,59760.92654269018,60709.51267828843,11973133,SAMSUNG
2023-04-04,60330.078125,60519.79535180818,59571.2092177673,60140.36089819183,11120514,SAMSUNG
2023-04-05,60614.66015625,60709.518779342725,60140.36704078638,60424.94291006456,9176149,SAMSUNG
2023-04-06,59096.9140625,60330.07599317817,59096.9140625,60235.21738312601,14992747,SAMSUNG
2023-04-07,61658.1015625,61847.81879807692,60519.79814903846,60519.79814903846,27476120,SAMSUNG
2023-04-10,62322.11328125,62891.26500071347,61373.52708214422,61468.385702054795,18777166,SAMSUNG
2023-04-11,62511.828125,62796.40397382397,62037.5350436267,62796.40397382397,16323183,SAMSUNG
2023-04-12,62606.6875,62796.40473484848,61942.6771780303,62416.97026515151,15021313,SAMSUNG
2023-04-13,62701.546875,62701.546875,62037.53654500756,62227.253782148255,15091022,SAMSUNG
2023-04-14,61752.9609375,63175.8402217742,61658.10231854839,63175.8402217742,16176490,SAMSUNG
2023-04-17,61942.6796875,62227.255551301685,61373.52795989664,61658.10382369832,13486618,SAMSUNG
2023-04-18,62227.26171875,62606.6962414253,61468.39267339939,62511.837610756476,14802060,SAMSUNG
2023-04-19,62132.390625,62416.966459923664,61942.673401717555,62132.390625,10255985,SAMSUNG
2023-04-20,61942.6796875,61942.6796875,61278.66933862941,61752.962444965546,9501169,SAMSUNG
2023-04-21,62322.11328125,62511.83052107116,62037.53742151827,62416.97190116058,10538622,SAMSUNG
2023-04-24,61847.8125,62322.105540644174,61468.378067484664,61942.67110812883,12986581,SAMSUNG
2023-04-25,60330.078125,62037.533166273584,60140.36089819183,61942.6745528695,16193271,SAMSUNG
2023-04-26,60804.375,60994.09223868955,60045.506045241804,60330.08190327613,12664541,SAMSUNG
2023-04-27,61278.6640625,61658.09851489938,60045.50209220201,60804.37099700078,14779601,SAMSUNG
2023-04-28,62132.390625,62511.82507156488,61658.09756679389,61847.81479007633,19699481,SAMSUNG
2023-05-02,62322.11328125,62891.26500071347,61752.961561786535,62606.68914098174,14396948,SAMSUNG
2023-05-03,62037.53515625,62227.25238914373,61563.242074015674,61752.959306909404,8876749,SAMSUNG
2023-05-04,61752.9609375,62322.11265120968,61373.52646169355,62227.25403225807,9791064,SAMSUNG
2023-05-08,62511.828125,62891.26259009863,62037.5350436267,62891.26259009863,9405365,SAMSUNG
2023-05-09,61942.6796875,62416.97279383615,61752.962444965546,62416.97279383615,9366861,SAMSUNG
2023-05-10,61278.6640625,62132.39158039861,60994.088223200466,62132.39158039861,13057727,SAMSUNG
2023-05-11,60899.234375,61752.961959696266,60899.234375,61373.52747760904,11648905,SAMSUNG
2023-05-12,60804.375,61278.668096723864,60330.08190327613,60424.940522620906,8693913,SAMSUNG
2023-05-15,61183.80859375,61278.66721172481,60614.65688590116,60804.37412185078,8172021,SAMSUNG
2023-05-16,62037.53515625,62511.828238484326,61942.676539803135,62416.96962203746,12334657,SAMSUNG
2023-05-17,61658.1015625,62511.82912259616,61468.38432692308,62511.82912259616,10745504,SAMSUNG
2023-05-18,62796.40625,62796.40625,62322.11315143504,62606.68901057402,14431704,SAMSUNG
2023-05-19,64883.30078125,64883.30078125,64029.57313939145,64314.14902001096,20349345,SAMSUNG
2023-05-22,64978.14453125,65452.43755702554,64503.85150547445,64883.28592609489,14470308,SAMSUNG
2023-05-23,64883.30078125,65167.876661869515,64598.724900630485,64978.159408123174,8561643,SAMSUNG
2023-05-24,64978.14453125,65167.86174156022,64503.85150547445,64598.71011062956,8192896,SAMSUNG
2023-05-25,65262.734375,66401.0378815407,65167.87574945494,66306.17925599564,14231160,SAMSUNG
2023-05-26,66685.609375,66780.4679943101,65926.7404205192,66211.31627844949,19549511,SAMSUNG
2023-05-30,68582.765625,68582.765625,67539.32105809129,67634.17965508299,27476897,SAMSUNG
2023-05-31,67729.046875,68772.49157475491,67349.6124387255,68677.63296568628,25666087,SAMSUNG
2023-06-01,67254.7734375,67918.78389456982,66970.19752732721,67254.7734375,14669296,SAMSUNG
2023-06-02,68487.921875,68487.921875,67918.7701696676,68013.62878722299,12161798,SAMSUNG
2023-06-05,68013.625,68962.21112273361,67729.04916317992,68962.21112273361,12686829,SAMSUNG
2023-06-07,67349.6171875,67918.76888204225,67159.89995598592,67634.19303477113,14796613,SAMSUNG
2023-06-08,67254.7734375,67254.7734375,66401.04570698166,66780.4802538787,19165568,SAMSUNG
2023-06-09,68298.203125,68582.77897135416,67159.89973958333,67444.4755859375,15050209,SAMSUNG
2023-06-12,67349.6171875,68677.63780809859,67159.89995598592,68393.06196082746,12064287,SAMSUNG
2023-06-13,68298.203125,68487.92035590278,67918.76866319444,68013.62727864583,13227285,SAMSUNG
2023-06-14,68203.3515625,68487.92743828234,67444.48256041377,68393.06881302156,12541046,SAMSUNG
2023-06-15,67823.9140625,68582.78303103147,67634.19682036713,68393.0657888986,13614994,SAMSUNG
2023-06-16,68108.4765625,68203.33516495474,67254.74914040738,68108.4765625,15373696,SAMSUNG
2023-06-19,67539.3359375,68013.62902694874,67254.76008383076,67634.19455538974,11100887,SAMSUNG
2023-06-20,67729.046875,67729.046875,66780.46078431372,67065.03661151961,11557883,SAMSUNG
2023-06-21,66875.328125,67539.3384751773,66780.46950354609,67065.04536790779,10626603,SAMSUNG
2023-06-22,67634.1875,67823.90471598877,66495.88420406732,66590.74281206171,11411007,SAMSUNG
2023-06-23,67918.765625,68487.9172922486,67918.765625,68298.20006983241,12329484,SAMSUNG
2023-06-26,68677.640625,68772.49924464778,67823.9130481699,68013.63028746546,10541901,SAMSUNG
2023-06-27,68867.359375,68867.359375,68298.2076446281,68772.50075327135,9442997,SAMSUNG
2023-06-28,68962.21875,68962.21875,68298.2083906465,68867.36012723521,8783093,SAMSUNG
2023-06-29,69020.3671875,69973.68717627763,69020.3671875,69687.69117964435,12229967,SAMSUNG
2023-06-30,68829.7109375,69306.37098554363,68353.05088945637,69115.70696632618,11694765,SAMSUNG
2023-07-03,69592.359375,69783.02337328768,69211.03137842467,69306.3633775685,10722181,SAMSUNG
2023-07-04,69592.359375,70164.35136986301,69497.02737585617,69973.68737157535,10214350,SAMSUNG
2023-07-05,68639.03125,69878.3470920139,68543.69926215278,69592.35112847222,12310610,SAMSUNG
2023-07-06,68257.7109375,69020.36692562849,68162.37893898394,68543.70693304819,14777667,SAMSUNG
2023-07-07,66637.0703125,68067.05036212446,66541.7383091917,67781.05435219957,17308877,SAMSUNG
2023-07-10,66255.734375,67113.72230215828,65969.73839928057,66732.39433453238,11713926,SAMSUNG
2023-07-11,68162.3828125,68162.3828125,66827.73475743007,66923.06676136363,12177392,SAMSUNG
2023-07-12,68543.71875,68639.05076495132,67781.06263038942,67876.39464534076,10375581,SAMSUNG
2023-07-13,68543.71875,69211.04285465924,68543.71875,69020.3788247566,14417279,SAMSUNG
2023-07-14,69973.6953125,69973.6953125,69020.37521287466,69115.7072228372,15882519,SAMSUNG
2023-07-17,69878.3515625,70069.01555039223,69401.69159276944,69783.0195685539,10060049,SAMSUNG
2023-07-18,68639.03125,70069.01106770833,68639.03125,69783.01510416667,11697900,SAMSUNG
2023-07-19,68353.046875,69401.6989191074,67971.71885896096,69306.36691509763,10896412,SAMSUNG
2023-07-20,67685.7265625,68162.38660871479,67495.06254401409,67781.05857174296,9732730,SAMSUNG
2023-07-21,67018.3984375,67113.73044096728,66160.41040629445,67113.73044096728,16528926,SAMSUNG
2023-07-24,67113.7265625,67590.38655229048,66637.06657270952,66827.73056862572,13418597,SAMSUNG
2023-07-25,66732.3984375,67209.05842633928,66541.73444196429,66732.3984375,14314945,SAMSUNG
2023-07-26,66541.734375,67304.39035637536,64921.09041457736,66541.734375,30016221,SAMSUNG
2023-07-27,68353.046875,68353.046875,66065.07877876569,66637.07080282427,24261179,SAMSUNG
2023-07-28,67304.3984375,69020.3746016289,66827.73839190864,68448.38254691927,19420683,SAMSUNG
2023-07-31,66541.734375,67685.71834706304,66541.734375,67590.38634939112,13035420,SAMSUNG
2023-08-01,67781.0390625,67876.3710443038,66732.38726265823,66827.71924446203,12299254,SAMSUNG
2023-08-02,66637.0703125,67685.72234889127,66541.7383091917,67399.72633896637,13835020,SAMSUNG
2023-08-03,65588.421875,66923.06999454941,65302.42584938226,66637.07396893168,20087090,SAMSUNG
2023-08-04,65111.75,65874.40592972182,65016.41800878477,65588.40995607614,12360193,SAMSUNG
2023-08-07,65302.41796875,65969.7419479927,64444.42999543796,64539.76199247263,10968505,SAMSUNG
2023-08-08,64444.44140625,65874.42161496857,64253.777378420855,65779.08960105399,14664709,SAMSUNG
2023-08-09,65683.75,66351.0740203193,64730.42997097242,64825.76197387518,17259673,SAMSUNG
2023-08-10,64825.76171875,65302.42173138787,64635.09771369486,65111.757726332726,10227311,SAMSUNG
2023-08-11,64349.09375,65588.40962962962,64349.09374999999,65207.081666666665,9781038,SAMSUNG
2023-08-14,64158.43359375,64730.42557229755,63777.105608051635,64349.09758659918,9352343,SAMSUNG
2023-08-16,63872.44140625,63967.77340834888,63205.11739155783,63586.44539995336,13174578,SAMSUNG
2023-08-17,63586.4453125,63681.77731446777,62919.121298725644,63205.11730462894,10778652,SAMSUNG
2023-08-18,63205.1171875,63586.445194664404,62728.45717854449,62919.12118212669,11745006,SAMSUNG
2023-08-21,63491.11328125,63967.773290868994,63205.11727547861,63491.11328125,9720067,SAMSUNG
2023-08-22,63491.11328125,64539.76530241179,63205.11727547861,64063.105292792796,10500242,SAMSUNG
2023-08-23,63967.765625,63967.765625,63300.44169150522,63586.43766300299,9549352,SAMSUNG
2023-08-24,65016.42578125,65493.08579430902,64730.429773414595,65111.75778386181,15044463,SAMSUNG
2023-08-25,63967.765625,64253.76159649777,63777.101644001494,63967.765625,7032462,SAMSUNG
2023-08-28,63681.76953125,63872.43351188248,63395.77356030127,63681.76953125,5824628,SAMSUNG
2023-08-29,63681.76953125,64063.097492514964,63491.10555061751,63777.10152156624,9114352,SAMSUNG
2023-08-30,63967.765625,64539.75756799553,63967.765625,64158.42960599851,9181223,SAMSUNG
2023-08-31,63777.1015625,64063.09753363229,63300.441610612856,63967.765543254856,15964630,SAMSUNG
2023-09-01,67685.7265625,67685.7265625,63586.45016505282,63681.782174295775,29738235,SAMSUNG
2023-09-04,67876.3828125,69497.02678414677,67399.72282083919,69497.02678414677,26286495,SAMSUNG
2023-09-05,67399.71875,68162.37469059406,66923.05878712871,67590.38273514852,12330239,SAMSUNG
2023-09-06,66732.3984375,67495.05441964285,66446.40244419643,67399.722421875,11414620,SAMSUNG
2023-09-07,67113.7265625,67304.3905584162,66351.07057883524,66732.39857066762,13741241,SAMSUNG
2023-09-08,67018.3984375,67018.3984375,66351.07441322903,66923.06643403272,10688118,SAMSUNG
2023-09-11,67495.0625,67495.0625,66732.40642655367,67113.73446327684,11785462,SAMSUNG
2023-09-12,67209.0546875,67685.7146498227,67113.72269503547,67495.05066489361,11688599,SAMSUNG
2023-09-13,67590.3984375,68257.72254055008,67018.40634917138,67781.06246694288,15955797,SAMSUNG
2023-09-14,68353.046875,68448.37887900976,67495.05883891214,67876.38685495118,21041407,SAMSUNG
2023-09-15,68639.03125,68925.02721354166,68067.03932291667,68353.03528645833,17823512,SAMSUNG
2023-09-18,66923.0625,68353.04246794872,66923.0625,67971.71447649573,16040727,SAMSUNG
2023-09-19,66541.734375,67495.0543517192,66351.07037965616,67113.72636103151,11820188,SAMSUNG
2023-09-20,66351.0703125,67018.39429552802,66255.73831492457,66732.39830280172,10873015,SAMSUNG
2023-09-21,65683.75,66541.73802612482,65588.41799709725,65969.74600870827,10796336,SAMSUNG
2023-09-22,65588.421875,65683.75388353925,65111.761832303775,65111.761832303775,9897840,SAMSUNG
2023-09-25,66160.3984375,66446.39439616354,65302.410561509365,65302.410561509365,13582516,SAMSUNG
2023-09-26,65739.71875,67081.3456632653,65548.05776239067,67081.3456632653,13143470,SAMSUNG
2023-09-27,65548.0625,66218.87600511695,65356.40149853801,65739.72350146198,14886491,SAMSUNG
2023-10-04,64685.57421875,64877.23517939815,63918.930376157405,64589.743738425925,23361149,SAMSUNG
2023-10-05,63918.9375,64589.75093703149,63918.9375,64493.92044602699,16108313,SAMSUNG
2023-10-06,63248.125,64493.921401515145,63248.125,64302.260416666664,14386527,SAMSUNG
2023-10-10,63631.44140625,64781.40721479669,63439.78043815889,63439.78043815889,19889202,SAMSUNG
2023-10-11,65356.39453125,66506.36041743035,65068.903059704906,65739.71649331012,25209349,SAMSUNG
2023-10-12,66027.203125,66793.84699292453,65356.38974056604,65739.7116745283,19311380,SAMSUNG
2023-10-13,65164.73046875,65643.88289866727,64877.23901079963,65164.73046875,9724086,SAMSUNG
2023-10-16,64493.9140625,65643.8798407318,64014.761654903414,65068.8969516159,12599299,SAMSUNG
2023-10-17,66506.3515625,66985.50395127882,64589.742007384724,64877.23344065202,17299253,SAMSUNG
2023-10-18,67560.4921875,67560.4921875,65931.37393617022,66027.20442154256,16493184,SAMSUNG
2023-10-19,66602.1875,67081.33992805755,66506.35701438849,66793.84847122303,13985012,SAMSUNG
2023-10-20,65931.3828125,66314.70480559593,65260.569324582124,66027.21331077398,15204495,SAMSUNG
2023-10-23,65548.0625,66218.87600511695,65356.40149853801,65835.55400219298,11625959,SAMSUNG
2023-10-24,65643.875,65931.36642335767,64877.23120437956,65835.53594890512,12791710,SAMSUNG
2023-10-25,65164.73046875,65931.37435661764,65068.89998276655,65931.37435661764,10610703,SAMSUNG
2023-10-26,63918.9375,65068.90339205397,63918.9375,64206.42897301349,15517624,SAMSUNG
2023-10-27,64493.9140625,64493.9140625,63918.9311733841,64302.25309946136,11334726,SAMSUNG
2023-10-30,64493.9140625,64973.06647009658,63918.9311733841,64014.761654903414,10139270,SAMSUNG
2023-10-31,64110.5859375,65452.212549047086,64110.5859375,64781.39924327355,14488892,SAMSUNG
2023-11-01,65739.71875,66027.21023141399,64493.92233053935,64685.58331814868,13775256,SAMSUNG
2023-11-02,66793.859375,67081.35087876614,66506.36787123386,67081.35087876614,16350031,SAMSUNG
2023-11-03,66698.015625,67272.99851831897,66602.18514278017,66793.84610721983,10322234,SAMSUNG
2023-11-06,67943.8203125,67943.8203125,66410.5324069993,66889.68487746826,22228489,SAMSUNG
2023-11-07,67943.8203125,67943.8203125,67081.34586565585,67656.32883021861,17228731,SAMSUNG
2023-11-08,66985.515625,68422.97304184549,66793.85463608727,68327.14254738913,12901310,SAMSUNG
2023-11-09,67368.8359375,67847.98839793741,66698.02249288763,66985.51396915007,12301373,SAMSUNG
2023-11-10,67560.4921875,67560.4921875,66602.1873337766,67081.3397606383,9684347,SAMSUNG
2023-11-13,67464.65625,68327.13054865056,67368.82577237216,68327.13054865056,9246919,SAMSUNG
2023-11-14,67847.9921875,68135.48367981991,67656.33119262005,68039.65318237995,9567984,SAMSUNG
2023-11-15,69189.6171875,69189.6171875,68518.8037244633,68614.63421918283,20148677,SAMSUNG
2023-11-16,69764.6015625,69956.26255580357,69285.44907924107,69477.11007254464,15860451,SAMSUNG
2023-11-17,69477.09375,69956.24612068966,69285.43280172414,69285.43280172414,11494644,SAMSUNG
2023-11-20,69668.765625,69956.25709250344,69093.78268999312,69093.78268999312,10610157,SAMSUNG
2023-11-21,69764.6015625,70339.58454241071,69668.77106584821,70052.09305245536,9712881,SAMSUNG
2023-11-22,69764.6015625,69956.26255580357,68902.12709263392,69189.61858258929,11105143,SAMSUNG
2023-11-23,69381.2734375,70147.91734288674,69189.61246115332,69956.25636654005,6775614,SAMSUNG
2023-11-24,68710.4609375,69572.93534257323,68710.4609375,69381.27436366805,6676685,SAMSUNG
2023-11-27,68327.140625,69093.78455908135,68135.47964147966,68518.80160852034,9113857,SAMSUNG
2023-11-28,69668.765625,69668.765625,68327.13877665062,68422.96926581844,13283081,SAMSUNG
2023-11-29,69668.765625,69764.59611416781,69189.61317916094,69381.27415749656,9283933,SAMSUNG
2023-11-30,69764.6015625,69764.6015625,69189.61858258929,69668.77106584821,15783714,SAMSUNG
2023-12-01,68997.9453125,69477.09771050347,68710.45387369792,69381.26723090277,9871284,SAMSUNG
2023-12-04,69572.9375,69860.42897727272,69381.2765151515,69764.59848484848,10229267,SAMSUNG
2023-12-05,68231.3046875,69381.27049683989,68231.3046875,69285.44001272823,12129682,SAMSUNG
2023-12-06,68710.4609375,69093.78289531032,68614.63044804742,68806.29142695258,8123087,SAMSUNG
2023-12-07,68518.8046875,68902.12667176574,68135.48270323427,68806.2961756993,8862017,SAMSUNG
2023-12-08,69572.9375,69764.59848484848,68902.1240530303,69093.78503787878,10859463,SAMSUNG
2023-12-11,69956.2578125,69956.2578125,69189.61389126713,69764.59683219179,9861960,SAMSUNG
2023-12-12,70435.40625,70435.40625,70052.08431122449,70243.74528061225,13758646,SAMSUNG
2023-12-13,69764.6015625,70435.4150390625,69764.6015625,70243.75404575892,13116766,SAMSUNG
2023-12-14,70052.078125,71202.04383977428,69477.09526761287,71010.3828873119,27567593,SAMSUNG
2023-12-15,70243.7421875,70914.55555081855,70147.91170702592,70722.8945898704,15419815,SAMSUNG
2023-12-18,69860.421875,70339.57428840878,69764.59139231825,70243.74380572703,9690551,SAMSUNG
2023-12-19,70339.578125,70339.578125,69764.59519754768,69956.25617336512,8907632,SAMSUNG
2023-12-20,71681.203125,71777.03361046122,70722.8982703877,71106.22021223261,16870156,SAMSUNG
2023-12-21,71872.859375,71872.859375,71202.04602083334,71489.53745833333,13478766,SAMSUNG
2023-12-22,72735.3515625,73118.67357336957,72256.19904891304,72639.52105978261,14515608,SAMSUNG
2023-12-26,73406.15625,73501.98674118798,72543.68182930809,72927.00379406005,13164909,SAMSUNG
2023-12-27,75101.7265625,75101.7265625,73657.46259014423,73850.03111979166,20651042,SAMSUNG
2023-12-28,75583.1328125,75583.1328125,74620.2903562898,74812.85884753184,17797536,SAMSUNG
2024-01-02,76642.2578125,76834.82629946608,75294.27840373744,75294.27840373744,17142847,SAMSUNG
2024-01-03,74138.8828125,75871.99955357143,74138.8828125,75583.14676339286,21753644,SAMSUNG
2024-01-04,73753.734375,74427.72411471933,73272.31313234335,73272.31313234335,15324439,SAMSUNG
2024-01-05,73753.734375,74235.15561765667,73561.16587793734,73850.01862353133,11304316,SAMSUNG
2024-01-08,73657.453125,74620.2956495098,73561.16887254902,74138.8743872549,11088724,SAMSUNG
2024-01-09,71924.3359375,74812.86348519077,71539.19893114123,74524.0107304217,26019249,SAMSUNG
2024-01-10,70865.21875,72405.76698369565,70480.0816915761,72213.1984544837,20259529,SAMSUNG
2024-01-11,70480.0703125,70865.20730874316,69998.64906719603,70191.21756531762,57691266,SAMSUNG
2024-01-12,70383.796875,71346.6395135089,70094.94408344734,70287.51261114911,13038939,SAMSUNG
2024-01-15,71154.0703125,71250.35457543978,70480.08047192152,70480.08047192152,2957915,SAMSUNG
2024-01-16,69902.3671875,70961.49396306819,69806.08293517563,70768.92545841943,14760415,SAMSUNG
2024-01-17,68361.8203125,70576.35815360915,68361.8203125,70383.78964568661,22683660,SAMSUNG
2024-01-18,69035.8125,69324.66527196653,68072.96992677824,68939.52824267783,17853397,SAMSUNG
2024-01-19,71924.3359375,71924.3359375,70287.50366047524,70768.9249184237,23363427,SAMSUNG
2024-01-22,72309.4765625,73176.0348701731,72213.19230609188,73079.75061376498,19673375,SAMSUNG
2024-01-23,72405.7578125,72983.46332696143,71539.19954080784,72887.1790745512,14786224,SAMSUNG
2024-01-24,71250.3515625,72405.76266891892,70768.93026815879,72405.76266891892,12860661,SAMSUNG
2024-01-25,71346.6328125,72020.62259615384,70961.49579326923,71442.91706730769,11737747,SAMSUNG
2024-01-26,70672.6484375,71731.77532144073,70576.36417532357,70961.50122402929,11160062,SAMSUNG
2024-01-29,71635.46875,72405.74260752689,70768.91066028226,71057.76335685485,13976521,SAMSUNG
2024-01-30,71539.1953125,72502.03777969381,70961.48983218371,72213.18503953566,12244418,SAMSUNG
2024-01-31,69998.65625,71250.35161623108,69806.08773211829,70672.64606258596,15703560,SAMSUNG
2024-02-01,70865.21875,71442.92433763588,70191.22889775815,70287.51316236414,19881033,SAMSUNG
2024-02-02,72405.7578125,72405.7578125,70961.49402634641,71250.34678357713,14955881,SAMSUNG
2024-02-05,71539.1953125,72020.6165460969,70768.92133874496,71442.91106578062,19026021,SAMSUNG
2024-02-06,71635.46875,71924.32144657259,70576.34219590054,71539.18451780915,14559254,SAMSUNG
2024-02-07,72213.1875,72694.60875,71539.19775,71828.0505,16566445,SAMSUNG
2024-02-08,71346.6328125,72405.75961538461,70865.21153846153,72213.19110576923,20810708,SAMSUNG
2024-02-13,72405.7578125,72405.7578125,71635.48379321808,72020.62080285903,21966745,SAMSUNG
2024-02-14,71250.3515625,71539.20433910473,70961.49878589527,70961.49878589527,12434945,SAMSUNG
2024-02-15,70480.0703125,71635.4813012295,70287.50181437841,71442.91280310792,14120600,SAMSUNG
2024-02-16,70094.9453125,70672.65090573489,69806.09251588256,70576.36664019575,13444781,SAMSUNG
2024-02-19,71057.78125,71154.06550643631,70094.93868563685,70094.93868563685,12726404,SAMSUNG
2024-02-20,70576.359375,70961.49639751023,70094.93809686221,70961.49639751023,14681477,SAMSUNG
2024-02-21,70287.5078125,70961.49761344178,70191.2235552226,70672.64484160958,11503495,SAMSUNG
2024-02-22,70383.796875,71154.07098580712,69998.65981959645,71057.78672195623,15208934,SAMSUNG
2024-02-23,70191.21875,71442.91400891633,70191.21875,70865.20850480109,16225166,SAMSUNG
2024-02-26,70094.9453125,70480.08237465659,69517.23971926511,69613.52398480425,14669352,SAMSUNG
2024-02-27,70191.21875,70672.64000342935,69998.65024862826,70383.78725137174,13201981,SAMSUNG
2024-02-28,70480.0703125,71154.06005592554,70094.93331625684,70191.21756531762,11795859,SAMSUNG
2024-02-29,70672.6484375,70672.6484375,69324.66876702997,69902.37434008856,21176403,SAMSUNG
2024-03-04,72116.90625,72213.19050400534,71250.34796395194,71539.20072596795,23210474,SAMSUNG
2024-03-05,70961.5,72020.62686567164,70961.5,71828.05834464043,19505125,SAMSUNG
2024-03-06,70191.21875,70768.92425411522,69998.65024862826,70480.07150205762,21547905,SAMSUNG
2024-03-07,69517.2421875,70576.36914603531,69517.2421875,70383.80060811981,14516963,SAMSUNG
2024-03-08,70576.359375,70672.64363062756,69902.3695856071,70094.93809686221,19271349,SAMSUNG
2024-03-11,69709.796875,70383.78662379144,69613.51262517265,70191.21812413674,9740504,SAMSUNG
2024-03-12,70576.359375,70768.92788625511,69420.9483074693,69902.3695856071,13011654,SAMSUNG
2024-03-13,71346.6328125,71346.6328125,70768.92728365384,70961.49579326923,15243134,SAMSUNG
2024-03-14,71539.1953125,71731.76380593875,70865.20558546433,71635.47955921938,22545539,SAMSUNG
2024-03-15,69613.5078125,70961.48721689143,69613.5078125,70672.63448737898,22580555,SAMSUNG
2024-03-18,70094.9453125,70287.5138435783,69806.09251588256,69902.3767814217,11520348,SAMSUNG
2024-03-19,70094.9453125,70287.5138435783,69035.81839156937,69613.52398480425,15376066,SAMSUNG
2024-03-20,74042.5859375,74331.43867847855,70672.63729275033,70961.49003372887,50106297,SAMSUNG
2024-03-21,76353.40625,76353.40625,74812.85833070618,76257.12200504413,44569799,SAMSUNG
2024-03-22,75968.2890625,76931.13176291191,74909.16209204688,76642.27895278834,26724761,SAMSUNG
2024-03-25,75294.296875,76834.84514865729,74909.15980658568,76642.27661445014,18703996,SAMSUNG
2024-03-26,76931.1171875,77123.68569109825,76257.12742490614,76738.54868390175,30551494,SAMSUNG
2024-03-27,76834.8359375,77027.40444862156,76257.13040413534,76257.13040413534,17424595,SAMSUNG
2024-03-28,78151.21875,78344.66236076732,76603.66986386139,76797.11347462871,25084812,SAMSUNG
2024-03-29,79698.7734375,79795.49524992415,78247.94625113775,78538.1116884102,27126366,SAMSUNG
2024-04-01,79311.8828125,80569.26632050304,79311.8828125,80472.54451219512,20116513,SAMSUNG
2024-04-02,82213.5390625,82213.5390625,80182.38103860294,80182.38103860294,37077944,SAMSUNG
2024-04-03,81343.046875,82213.54321492271,80762.7159817182,81536.49050609393,30493347,SAMSUNG
2024-04-04,82503.7109375,82697.15457393024,81536.49275534877,82406.98911928487,25248934,SAMSUNG
2024-04-05,81729.9296875,82213.53873890532,81052.87701553255,81729.9296875,18883752,SAMSUNG
2024-04-08,81729.9296875,83180.75684171598,81729.9296875,82406.98235946745,18953232,SAMSUNG
2024-04-09,80859.4296875,82116.81316350179,80375.82065826854,81729.92594011662,23725956,SAMSUNG
2024-04-11,81343.046875,81923.3777682818,79795.49782624851,80472.55053507729,25538009,SAMSUNG
2024-04-12,80956.1484375,82116.81006384408,80472.53942652329,81923.3664594534,17061770,SAMSUNG
2024-04-15,79505.3359375,80472.55413625305,78538.11773874697,80182.38867662713,26663772,SAMSUNG
2024-04-16,77377.4375,78634.820859375,76797.10671875,78538.0990625,31949845,SAMSUNG
2024-04-17,76313.5078125,78151.22219581749,76313.5078125,78054.5003861692,22611631,SAMSUNG
2024-04-18,76990.5546875,77474.16369935616,75733.171256674,76216.78026853016,21370190,SAMSUNG
2024-04-19,75056.125,76120.06491623711,73798.74146262887,75733.17767396907,31317563,SAMSUNG
2024-04-22,73605.2890625,74959.39424893232,72638.07107219119,74862.67244990144,30469477,SAMSUNG
2024-04-23,73024.96875,74282.3523178808,73024.96875,73895.46506622517,18717699,SAMSUNG
2024-04-24,76023.3515625,76216.79520515267,74669.24606393129,74959.4115279103,22166150,SAMSUNG
2024-04-25,73798.7421875,74959.40392570445,73798.7421875,74765.96030267037,15549134,SAMSUNG
2024-04-26,74185.625,75346.28666883963,73992.18138852673,75249.564863103,12755629,SAMSUNG
2024-04-29,74185.625,75056.12125162972,73702.01597131683,74862.67764015646,14664474,SAMSUNG
2024-04-30,74959.3984375,75926.61648185484,74088.90219758064,74475.78941532258,19007007,SAMSUNG
2024-05-02,75443.0078125,76023.33864182692,74765.95517828526,75056.12059294872,18900640,SAMSUNG
2024-05-03,75056.125,76410.23034793815,74959.403189433,76410.23034793815,13151889,SAMSUNG
2024-05-07,78634.828125,78634.828125,76797.11381457564,76990.55742619926,26238868,SAMSUNG
2024-05-08,78634.828125,78731.5499308118,77861.05367850553,78151.21909594096,13089576,SAMSUNG
2024-05-09,77087.28125,78828.27380018821,77087.28125,78441.38656681305,18759935,SAMSUNG
2024-05-10,76603.65625,78441.37022569445,76313.49088541667,77764.31770833333,16976124,SAMSUNG
2024-05-13,75829.8984375,77280.72557597258,75056.12396364796,76797.11652981506,18652344,SAMSUNG
2024-05-14,75733.1796875,76216.78875319284,75346.29243494572,76023.34512691571,11763992,SAMSUNG
2024-05-16,75636.453125,77667.61107336957,75539.73131793478,77570.88926630435,20989778,SAMSUNG
2024-05-17,74862.6796875,76216.78500484496,74669.23607073644,76023.3413880814,15918201,SAMSUNG
2024-05-20,76313.5078125,76506.95143179658,75346.28971601711,75539.7333353137,19456783,SAMSUNG
2024-05-21,75829.8984375,76410.22929288904,75636.454819037,75926.62024673152,13690583,SAMSUNG
2024-05-22,75152.84375,76120.06181628056,74765.95652348777,75539.73097651223,19521506,SAMSUNG
2024-05-23,75733.1796875,76506.95419260855,74572.51792983717,75152.84880866858,18728087,SAMSUNG
2024-05-24,73411.859375,74475.79936594203,73218.41574028326,74282.3557312253,27891278,SAMSUNG
2024-05-27,74669.234375,75636.45243685233,71574.13657707254,72831.52005748056,43825202,SAMSUNG
2024-05-28,75056.125,75443.01224226804,73702.01965206186,73992.18508376289,18539072,SAMSUNG
2024-05-29,72734.796875,75636.45100565159,72734.796875,75152.84198387632,30244875,SAMSUNG
2024-05-30,71090.53125,72734.80204081633,71090.53125,72347.91479591836,28551273,SAMSUNG
2024-05-31,71090.53125,72251.19298469387,71090.53125,72057.7493622449,26198776,SAMSUNG
2024-06-03,73218.4140625,73895.46676849405,71767.58683536988,71961.0304656539,15706268,SAMSUNG
2024-06-04,72831.5234375,73605.29792289177,72444.63619480412,72444.63619480412,14098053,SAMSUNG
2024-06-05,74862.6796875,75443.0105377907,74282.3488372093,75443.0105377907,23177968,SAMSUNG
2024-06-07,74765.953125,76023.33655401036,74572.50952053687,75829.89294954723,21189349,SAMSUNG
2024-06-10,73218.4140625,74088.91039877807,73121.69224735799,73605.30132306804,14598755,SAMSUNG
2024-06-11,72734.796875,73508.57130984042,72638.07507064495,73411.84950548537,16971175,SAMSUNG
2024-06-12,73992.1875,74572.51838235294,72734.80392156863,72831.52573529411,19246725,SAMSUNG
2024-06-13,76023.3515625,76410.23884780535,75249.5769918893,75829.90791984733,33763804,SAMSUNG
2024-06-14,76990.5546875,77861.05090884108,76410.22387327261,77087.27648987123,22926612,SAMSUNG
2024-06-17,75539.734375,76893.8397287132,75443.0125640205,76603.67429577465,16123051,SAMSUNG
2024-06-18,77184.0078125,77570.89506970551,76023.34604088347,76120.06785518484,18207598,SAMSUNG
2024-06-19,78538.109375,79795.4928994766,77861.05670797413,78441.38756542487,24168863,SAMSUNG
2024-06-20,78924.9921875,79505.32301240809,78538.10497089461,78828.27038334864,20288913,SAMSUNG
2024-06-21,77377.4375,78151.211875,77377.4375,78054.490078125,17907523,SAMSUNG
2024-06-24,77957.7734375,78247.938847317,76893.83360150435,77087.27720804901,15454227,SAMSUNG
2024-06-25,78151.21875,79118.43680383662,77474.16611231436,77957.77513923268,19088458,SAMSUNG
2024-06-26,78634.828125,78731.5499308118,77280.72284363468,77474.1664552583,17783242,SAMSUNG
2024-06-27,79277.0078125,79277.0078125,78208.32265816483,78985.54822495405,11739720,SAMSUNG
2024-06-28,79179.8671875,79568.48003259202,78499.79470858896,79568.48003259202,9455929,SAMSUNG
2024-07-01,79471.3203125,79762.77992244804,78985.55429591992,79179.86070255196,11317202,SAMSUNG
2024-07-02,79471.3203125,80248.54593902812,79179.86070255196,80151.3927357121,14471904,SAMSUNG
2024-07-03,79471.3203125,79957.08632908008,78694.09468597188,79957.08632908008,11440328,SAMSUNG
2024-07-04,82191.609375,82288.76257757092,80054.23891843972,80540.00493129432,43857229,SAMSUNG
2024-07-05,84620.4375,84620.4375,82774.5266934558,83163.13949483352,45791193,SAMSUNG
2024-07-08,84911.8984375,86077.73685998283,84426.13242813216,85397.66444686784,24035809,SAMSUNG
2024-07-09,85300.515625,85689.12845244876,84426.13676324033,85300.515625,21336201,SAMSUNG
2024-07-10,85300.515625,85494.82203872438,84620.44317696469,85106.20921127564,17813847,SAMSUNG
2024-07-11,85106.203125,86272.0415239726,84231.82432577055,85980.58192422945,24677608,SAMSUNG
2024-07-12,81997.3046875,83648.90916580273,81705.84507368188,83454.60275659064,26344386,SAMSUNG
2024-07-15,84231.8203125,84814.73948421281,81705.83723507785,82288.75640679066,25193080,SAMSUNG
2024-07-16,85203.3671875,85494.82682440137,84231.83506449545,84426.14148909635,16166688,SAMSUNG
2024-07-17,84231.8203125,85494.81185121108,83940.3607266436,84620.43309364187,18186490,SAMSUNG
2024-07-18,84426.1328125,84426.1328125,81414.38354070771,81414.38354070771,24721790,SAMSUNG
2024-07-19,81997.3046875,83648.90916580273,81705.84507368188,83163.14314277252,18569122,SAMSUNG
2024-07-22,80637.15625,82483.06705572289,80248.54344879519,81997.30105421688,18987560,SAMSUNG
2024-07-23,81511.5390625,82288.76470314362,81025.77303709774,81802.99867774136,15766389,SAMSUNG
2024-07-24,79665.640625,80928.63248856708,79568.4874047256,80540.01960746951,16939083,SAMSUNG
2024-07-25,78111.171875,78694.09106809701,77819.7122784515,78111.171875,20323811,SAMSUNG
2024-07-26,78596.9375,78985.55029357232,78111.17150803462,78402.63110321385,14508334,SAMSUNG
2024-07-29,78888.3984375,79665.62403786946,78791.24523745381,79277.01123768472,12797136,SAMSUNG
2024-07-30,78694.1015625,78694.1015625,77722.56944444444,78111.18229166666,13169636,SAMSUNG
2024-07-31,81511.5390625,81511.5390625,78596.9429100864,78888.40252532777,20744323,SAMSUNG
2024-08-01,80734.3125,83648.90861913357,80734.3125,83551.75541516245,20900338,SAMSUNG
2024-08-02,77333.953125,79082.7108589824,77236.79991755653,78694.09802920854,25800275,SAMSUNG
2024-08-05,69367.390625,74710.81707370449,68201.55212710083,74516.51065738796,54608790,SAMSUNG
2024-08-06,70436.0703125,73156.35992456897,70241.76391163793,72767.74712284483,47295226,SAMSUNG
2024-08-07,72573.4453125,73836.43699799197,70727.5343875502,70921.8408007028,32710428,SAMSUNG
2024-08-08,71310.453125,71796.21915446185,70436.07427196867,71116.14671321526,28414729,SAMSUNG
2024-08-09,72573.4453125,73642.13058483935,72087.67927961847,73544.97737826305,16388222,SAMSUNG
2024-08-12,73350.6640625,73739.2768522351,72670.59168046358,73059.20447019867,9839259,SAMSUNG
2024-08-13,73933.5859375,74419.3519423456,73350.66673168528,74322.19874137647,10716261,SAMSUNG
2024-08-14,75002.2734375,75585.19266110752,74807.96702963083,75196.57984536917,13246168,SAMSUNG
2024-08-16,77916.8671875,77916.8671875,76459.5691727712,77139.64157964464,22061478,SAMSUNG
2024-08-19,76070.9609375,77819.71866020115,75779.5013170498,77819.71866020115,14146565,SAMSUNG
2024-08-20,76653.875,77528.25380228137,76459.56859949302,77236.79420152091,10683836,SAMSUNG
2024-08-21,76070.9609375,76362.42055795019,75585.19490341634,75682.34811023307,7805598,SAMSUNG
2024-08-22,76070.9609375,76653.88017840037,75585.19490341634,76459.57376476692,8149101,SAMSUNG
2024-08-23,75488.046875,76168.11936936938,75293.74044803732,75488.046875,9420306,SAMSUNG
2024-08-26,73933.5859375,75973.80315785151,73836.43273653089,75876.6499568824,15655938,SAMSUNG
2024-08-27,73642.1328125,74322.2052791062,73447.82639346966,73544.97960298482,11130145,SAMSUNG
2024-08-28,74225.046875,74225.046875,73253.51484784031,73642.1276587042,9794514,SAMSUNG
2024-08-29,71893.3671875,72573.43957981419,71407.60119298987,71504.7543918919,16884479,SAMSUNG
2024-08-30,72184.8359375,72864.9084160498,71990.52951505719,72281.98914872139,16358520,SAMSUNG
2024-09-02,72281.9765625,72573.4361454133,71407.59781376008,72379.12975680444,12641376,SAMSUNG
2024-09-03,70436.0703125,72184.82792025861,70436.0703125,71990.52151939656,16314599,SAMSUNG
2024-09-04,68007.2421875,69075.92742187499,67812.93578125,67812.93578125,27366563,SAMSUNG
2024-09-05,67035.7109375,69173.08143115941,67035.7109375,68104.3961843297,25686769,SAMSUNG
2024-09-06,66938.5625,67715.78818940494,66064.18359941946,67132.86892235123,19022299,SAMSUNG
2024-09-09,65578.4140625,66258.48650462963,64704.035208333335,64995.494826388895,23263298,SAMSUNG
2024-09-10,64315.421875,65384.107132741694,64121.11546450151,65092.64751699396,30651376,SAMSUNG
2024-09-11,63052.42578125,63635.34497183167,62372.35339223806,63246.73217811056,35809707,SAMSUNG
2024-09-12,64412.5703125,64704.02990667421,63343.88513386124,64121.11071832579,35884106,SAMSUNG
2024-09-13,62566.6640625,63635.34931822593,62469.510857434005,63149.583292895964,25045135,SAMSUNG
2024-09-19,61303.671875,62566.663530110935,60429.29303684628,62178.05071315372,49402713,SAMSUNG
2024-09-20,61206.515625,62858.12001488095,61206.515625,61983.741220238095,32746056,SAMSUNG
2024-09-23,60817.90625,61692.28509384984,60429.29343051118,60526.446635383385,28542376,SAMSUNG
2024-09-24,61400.8203125,61595.126705893985,60623.594738924054,61012.20752571202,26957500,SAMSUNG
2024-09-25,60429.29296875,62372.357051346466,60429.29296875,61983.74423482717,28652438,SAMSUNG
2024-09-26,62858.125,63052.43141421948,61886.592928902624,62080.8993431221,37566015,SAMSUNG
2024-09-27,62722.32421875,63894.70411068925,62722.32421875,63210.815840391355,28433030,SAMSUNG
2024-09-30,60084.46484375,62820.01771468496,60084.46484375,62722.31939786585,32694163,SAMSUNG
2024-10-02,59889.0703125,60475.26023399266,58521.29382901713,59107.48375050978,28473536,SAMSUNG
2024-10-04,59205.1796875,60279.86116697608,59107.481371183996,59595.97295276403,24247578,SAMSUNG
2024-10-07,59595.9765625,60475.26146260246,58130.50172899591,58814.38998463115,35066533,SAMSUNG
2024-10-08,58912.08984375,59595.97811722637,58521.29654462064,58618.99486940299,27411786,SAMSUNG
2024-10-10,57544.30859375,58814.386712117994,57544.30859375,58716.68839532046,45262214,SAMSUNG
2024-10-11,57935.1015625,58716.68809285413,57642.0066136172,57739.704929911466,29623969,SAMSUNG
2024-10-14,57935.1015625,59791.36957209106,58032.79987879426,58130.498195088534,20886249,SAMSUNG
2024-10-15,59595.9765625,59986.76985143443,58716.69166239754,59693.674884733606,22715239,SAMSUNG
2024-10-16,58130.5,58618.99159663866,57837.40504201681,58032.80168067227,23303268,SAMSUNG
2024-10-17,58325.89453125,58716.68779444095,57739.70463646357,58032.79958385678,23372873,SAMSUNG
2024-10-18,57837.40625,58716.691142314194,57739.70792863176,58521.29449957771,14420260,SAMSUNG
2024-10-21,57642.01171875,58228.2016684322,57153.52009401483,57642.01171875,18514905,SAMSUNG
2024-10-22,56371.9296875,57544.30950769064,56371.9296875,57446.61118934142,27582527,SAMSUNG
2024-10-23,57739.70703125,58618.991909898476,55785.74063425339,56176.5339136527,27300780,SAMSUNG
2024-10-24,55297.25,57153.51810954064,55297.25,56860.423144876324,31499922,SAMSUNG
2024-10-25,54613.36328125,55590.34652420617,54515.66495695439,54711.06160554562,25829315,SAMSUNG
2024-10-28,56762.7265625,57153.51986069277,54417.966773343374,54417.966773343374,27775009,SAMSUNG
2024-10-29,58228.1953125,58228.1953125,55981.13408399749,56665.02228397651,28369314,SAMSUNG
2024-10-30,57739.70703125,58423.59527019881,57251.21543200085,57739.70703125,19838511,SAMSUNG
2024-10-31,57837.40625,59791.37267736487,56958.12135768581,57153.5180004223,35809196,SAMSUNG
2024-11-01,56958.1171875,58228.19527229846,56762.72055906947,57642.005387006866,19083180,SAMSUNG
2024-11-04,57348.9140625,58032.802305153324,57055.81910136286,57251.215742120956,15586947,SAMSUNG
2024-11-05,56274.23046875,56762.722052680125,55883.437201605906,56469.62710232205,17484474,SAMSUNG
2024-11-06,55981.140625,56665.02890488656,55004.157368019194,56274.23560209424,22092218,SAMSUNG
2024-11-07,55981.140625,56762.72723058464,55492.6489965096,55590.34732220768,17043102,SAMSUNG
2024-11-08,55688.04296875,56958.121141721494,55688.04296875,56665.02617872807,13877396,SAMSUNG
2024-11-11,53734.07421875,55492.643920454546,53734.07421875,55394.94560369318,29811326,SAMSUNG
2024-11-12,51780.11328125,53343.28651238208,51780.11328125,53343.28651238208,37962881,SAMSUNG
2024-11-13,49435.34765625,51780.10722887846,49337.649340723816,50803.1240736166,52527995,SAMSUNG
2024-11-14,48751.46484375,50607.733044213426,48751.46484375,49044.55982277054,48510715,SAMSUNG
2024-11-15,52268.59765625,52952.485849883175,49142.251628212616,49142.251628212616,46774485,SAMSUNG
2024-11-18,55394.9453125,56176.53184248236,54613.35878251764,55688.04026124338,48095234,SAMSUNG
2024-11-19,55004.15234375,56176.532145037745,54613.35907665409,55199.548977297956,31539632,SAMSUNG
2024-11-20,54027.171875,55199.55173485533,53538.680266726944,54808.75844823689,20864667,SAMSUNG
2024-11-21,55101.8515625,55590.343154366135,53440.98015015515,53636.3767869016,19096850,SAMSUNG
2024-11-22,54711.05859375,55394.94682617187,54613.36027483259,54711.05859375,15281543,SAMSUNG
2024-11-25,56567.328125,56567.328125,55394.94826748705,56078.83651770294,36237325,SAMSUNG
2024-11-26,56958.1171875,57544.3070727916,56176.530673777874,56567.32393063894,23209405,SAMSUNG
2024-11-27,55004.15234375,56469.62709535968,54711.05739342806,56371.9287785857,21808387,SAMSUNG
2024-11-28,54222.56640625,55101.85126689189,53929.4714527027,54711.057995495496,20001134,SAMSUNG
2024-11-29,52952.48828125,54027.16977773293,52561.69500980166,53831.773142008766,24513531,SAMSUNG
2024-12-02,52366.30078125,53147.88736007463,51877.80916948461,53050.189037721546,22044867,SAMSUNG
2024-12-03,52366.30078125,53147.88736007463,51877.80916948461,51877.80916948461,23374603,SAMSUNG
2024-12-04,51877.8046875,52170.89962923729,50803.12323446328,50803.12323446328,29004766,SAMSUNG
2024-12-05,52463.99609375,53147.88431098696,51975.50451000931,51975.50451000931,23588277,SAMSUNG
2024-12-06,52854.79296875,53147.88793900185,51487.01644090804,52659.39632191543,22861874,SAMSUNG
2024-12-09,52170.90234375,53343.28217169944,51975.50570575843,52268.60066274578,26227680,SAMSUNG
2024-12-10,52757.09375,53245.58535879629,52463.99878472222,53245.58535879629,20783970,SAMSUNG
2024-12-11,52757.09375,52952.490393518514,52170.903819444444,52366.30046296296,14565947,SAMSUNG
2024-12-12,54613.36328125,55199.55322702371,52659.396795337656,52757.095119633275,33476698,SAMSUNG
2024-12-13,54808.75390625,55004.15053336675,54222.56402489973,54515.65896557486,15908823,SAMSUNG
2024-12-16,54320.26953125,55297.25279620054,53929.476225269784,55004.15781671538,15277277,SAMSUNG
2024-12-17,52952.48828125,53929.47145987085,52757.091645525834,53440.979870560426,20215230,SAMSUNG
2024-12-18,53636.375,54124.86657559199,52757.09016393442,52854.78847905282,13698937,SAMSUNG
2024-12-19,51877.8046875,52561.69288488701,51877.8046875,52268.59794314972,22481925,SAMSUNG
2024-12-20,51780.11328125,51877.811608195756,50705.4316848467,51487.01830041274,24674774,SAMSUNG
2024-12-23,52268.59765625,52757.08922313084,52073.201029497664,52170.89934287383,13672650,SAMSUNG
2024-12-24,53147.88671875,53245.585039924175,52366.30014935662,52463.998470530794,11634677,SAMSUNG
2024-12-26,52366.30078125,53343.284004780784,52268.60245889692,53245.58568242771,10517075,SAMSUNG
2024-12-27,52821.7265625,53215.18448847765,52329.90415502793,52624.99759951117,10747196,SAMSUNG
2024-12-30,52329.90234375,53116.818168468046,52231.53786566024,52428.26682183975,12624702,SAMSUNG
2025-01-02,52526.6328125,52723.36177434457,51444.62352235487,51838.08144604401,16630538,SAMSUNG
2025-01-03,53510.28125,54198.83266314338,51936.44944852941,51936.44944852941,19318046,SAMSUNG
2025-01-06,54985.75,55280.84347048301,53411.91815742398,53510.28264758497,19034284,SAMSUNG
2025-01-07,54493.921875,56362.84699345668,54493.921875,55871.024593862814,17030235,SAMSUNG
2025-01-08,56362.8515625,56559.58053828534,53805.374877290575,53903.739365183246,26593553,SAMSUNG
2025-01-09,55182.47265625,56756.30431846034,55182.47265625,56657.939839572195,24490592,SAMSUNG
2025-01-10,54395.55859375,55575.932378786165,54297.19411166365,55182.47445044078,16059223,SAMSUNG
2025-01-13,53215.1875,54100.46788354898,53215.1875,53707.00993530499,16868600,SAMSUNG
2025-01-14,53018.45703125,53707.00842126623,52821.72806267393,53313.5504841141,17465926,SAMSUNG
2025-01-15,52821.7265625,53805.371377444135,52624.99759951117,53215.18448847765,18625025,SAMSUNG
2025-01-16,53411.9140625,54100.465440837936,53215.18509726059,53313.549579880295,18627298,SAMSUNG
2025-01-17,52821.7265625,53215.18448847765,52329.90415502793,52920.09104399441,18805344,SAMSUNG
2025-01-20,52526.6328125,53018.45521711143,52428.26833157772,52723.36177434457,11822531,SAMSUNG
2025-01-21,52624.99609375,53411.911923189255,52428.26713639019,52821.72505110981,13535702,SAMSUNG
2025-01-22,53411.9140625,53510.278545119705,52231.54027106354,52526.633718922654,18341991,SAMSUNG
2025-01-23,52821.7265625,53215.18448847765,52624.99759951117,52821.7265625,15588067,SAMSUNG
2025-01-24,52821.7265625,52920.09104399441,52329.90415502793,52723.36208100559,11867631,SAMSUNG
2025-01-31,51542.98828125,52133.1751699666,50854.43691108063,51346.25931834446,42186279,SAMSUNG
2025-02-03,50165.88671875,50559.344653799024,49969.157751225495,50264.251202512256,32344897,SAMSUNG
2025-02-04,51838.0859375,52723.36634250474,50657.71206416034,50756.076553605315,27214851,SAMSUNG
2025-02-05,52034.8125,52920.09286389414,51936.44801512288,52723.36389413989,15974885,SAMSUNG
2025-02-06,53116.8203125,53116.8203125,52329.90445601852,52526.63342013889,16466025,SAMSUNG
2025-02-07,52821.7265625,53313.548969972064,52723.36208100559,53018.455525488826,14476866,SAMSUNG
2025-02-10,54690.65625,54985.74971897482,52034.815029226615,52133.17951888489,27577591,SAMSUNG
2025-02-11,54789.015625,55379.20250785458,54100.46426166966,54592.28666404847,24596196,SAMSUNG
2025-02-12,54887.3828125,54985.74729782706,53608.64450324821,54198.831415210574,26428596,SAMSUNG
2025-02-13,54887.3828125,55477.569724462366,54690.65384184588,55182.47626848119,22448377,SAMSUNG
2025-02-14,55084.109375,56362.84762834821,55084.109375,55084.109375,23979779,SAMSUNG
2025-02-17,55084.109375,55575.93178013393,54789.01593191964,55182.47385602679,11916027,SAMSUNG
2025-02-18,55969.390625,56264.484072934974,54985.74579855009,55280.83924648506,22131007,SAMSUNG
2025-02-19,57739.953125,57936.682096465076,56362.85032474446,56461.214810477,25395151,SAMSUNG
2025-02-20,57444.859375,58133.410771618146,57149.765919306505,58133.410771618146,21589059,SAMSUNG
2025-02-21,57248.12890625,57543.222354220365,56166.11959702535,57444.857871563574,22198428,SAMSUNG
2025-02-24,56362.8515625,56756.30951407068,56264.48707460733,56362.8515625,14138471,SAMSUNG
2025-02-25,56264.484375,56854.67127403846,55575.93299278846,55674.29747596154,14625181,SAMSUNG
2025-02-26,55674.296875,56166.11928555653,55182.47446444346,56067.75480344523,18117091,SAMSUNG
2025-02-27,55379.203125,56166.11897757549,55280.83864342806,55575.932088143876,14975356,SAMSUNG
2025-02-28,53608.6484375,54789.02234805046,53608.6484375,54493.92887041285,28036698,SAMSUNG
2025-03-04,53608.6484375,54100.47090022936,52920.0969896789,53018.461482224775,18553933,SAMSUNG
2025-03-05,53116.8203125,54493.9230613426,53116.8203125,54198.82961516204,16578817,SAMSUNG
2025-03-06,53411.9140625,53608.64302773941,53116.820614640885,53215.18509726059,12258101,SAMSUNG
2025-03-07,52821.7265625,53313.548969972064,52526.633118016754,52624.99759951117,14274992,SAMSUNG
2025-03-10,52821.7265625,53903.73585893855,52624.99759951117,52624.99759951117,12921670,SAMSUNG
2025-03-11,52723.36328125,53215.18569991838,51641.35396017957,51641.35396017957,17740891,SAMSUNG
2025-03-12,54002.09765625,54395.555562670765,52723.35946038251,52920.08841359289,17973221,SAMSUNG
2025-03-13,53805.37109375,54985.744865459325,53313.54868887112,54887.38038448355,24132151,SAMSUNG
2025-03-14,53805.37109375,54198.82901765311,53510.277650822674,53608.64213179845,10845154,SAMSUNG
2025-03-17,56657.94140625,56854.67036946615,54493.9228108724,54592.28729248047,35559021,SAMSUNG
2025-03-18,56657.94140625,58035.04414876302,56362.84796142578,57838.315185546875,28138594,SAMSUNG
2025-03-19,57543.2265625,58231.77799145299,56461.2171741453,56461.2171741453,29421759,SAMSUNG
2025-03-20,59215.421875,59313.78636316445,57543.22557620432,58231.77699335548,34989004,SAMSUNG
2025-03-21,60690.88671875,60690.88671875,59412.14842483792,59903.970845573334,40155612,SAMSUNG
2025-03-24,59510.515625,60592.525,59510.515625,60199.06704545455,14088094,SAMSUNG
2025-03-25,58821.9609375,60100.69921875,58526.867487980766,59903.970252403844,17259455,SAMSUNG
2025-03-26,60395.79296875,60395.79296875,58723.59674648819,58821.96123015065,16431645,SAMSUNG
2025-03-27,60789.25,60985.97896440129,59805.60517799353,59903.969660194176,20389790,SAMSUNG
2025-03-28,59567.234375,60457.77442379568,59369.33658637874,60061.97884655316,16282514,SAMSUNG
2025-03-31,57192.45703125,59072.48589559905,57192.45703125,58874.58812040441,17633494,SAMSUNG
2025-04-01,58181.94921875,58973.540364583336,57291.4091796875,58083.000325520836,13841706,SAMSUNG
2025-04-02,58181.94921875,58775.642578125,57687.204752604164,58181.94921875,14402297,SAMSUNG
2025-04-03,56994.55859375,57192.45636664497,56301.916388617625,56301.916388617625,19508076,SAMSUNG
2025-04-04,55510.328125,57588.254846256685,55114.53255904635,55609.27701648841,23527139,SAMSUNG
2025-04-07,52640.80859375,53531.34858875705,52541.85970541588,52739.75748208411,31998883,SAMSUNG
2025-04-08,52937.65625,54718.736273364484,52739.75846962617,54421.889602803734,25532845,SAMSUNG
2025-04-09,52442.9140625,53729.24969044811,52343.96516804245,52739.76074587264,20576960,SAMSUNG
2025-04-10,55807.17578125,56104.0224609375,54421.891276041664,56005.073567708336,22948172,SAMSUNG
2025-04-11,54619.7890625,55114.533528645836,54223.993489583336,55015.584635416664,13930480,SAMSUNG
2025-04-14,55609.27734375,56104.02180410364,55213.48177546708,55708.22623582073,12852613,SAMSUNG
2025-04-15,56005.0703125,56499.81474988958,55609.274762588335,55708.223650066255,8998640,SAMSUNG
2025-04-16,54125.04296875,55609.27632255485,53927.145188242685,55411.37854204753,14437025,SAMSUNG
2025-04-17,54520.83984375,54718.73762902677,53927.146487919694,54125.044273196465,10867069,SAMSUNG
2025-04-18,54718.73828125,55015.58496270343,54322.94270597875,54718.73828125,5848342,SAMSUNG
2025-04-21,54817.6875,55411.38086642599,54520.84081678701,54619.78971119134,5941847,SAMSUNG
2025-04-22,54421.890625,54916.63508522727,54125.04394886364,54322.94173295455,9532469,SAMSUNG
2025-04-23,55114.53515625,55510.33074085503,54916.63736394749,55411.38184470377,11148692,SAMSUNG
2025-04-24,55114.53515625,55213.48405240126,54619.79067549372,55015.586260098746,10580377,SAMSUNG
2025-04-25,55114.53515625,55807.1774293088,55015.586260098746,55807.1774293088,12183303,SAMSUNG
2025-04-28,55213.484375,55312.43327172939,54916.63768481182,55213.484375,9341518,SAMSUNG
2025-04-29,55213.484375,55906.12665210573,55015.58658154122,55114.535478270605,10295518,SAMSUNG
2025-04-30,54916.63671875,55411.38119369369,54718.73892877252,55312.43229870495,13014189,SAMSUNG
2025-05-02,53729.25,54916.63674033149,53630.30110497237,54421.89226519337,22454204,SAMSUNG
2025-05-07,54026.09375,54421.88930860806,53729.247081043955,53927.14486034798,17136991,SAMSUNG
2025-05-08,54026.09375,54916.63375686813,53927.14486034798,54520.83819826007,16320532,SAMSUNG
2025-05-09,54223.9921875,54421.889969206204,53828.19662408759,54125.043296646894,7814322,SAMSUNG
2025-05-12,56994.55859375,56994.55859375,54421.88754611545,54619.78531901042,15414702,SAMSUNG
2025-05-13,56301.91796875,57588.25352866872,56202.96907952549,57093.50908254614,16842801,SAMSUNG
2025-05-14,56796.6640625,57291.40852297474,56400.86849412021,56895.61295459495,12468089,SAMSUNG
2025-05-15,56697.71484375,57984.0504335733,56499.81706070026,56796.663735274866,13139736,SAMSUNG
2025-05-16,56202.96875,56895.61097051056,56104.019861355635,56796.6620818662,10385352,SAMSUNG
2025-05-19,55213.484375,55807.177755376346,54916.63768481182,55807.177755376346,9802105,SAMSUNG
2025-05-20,55312.43359375,56104.024772193654,55114.53579913909,55609.28028566637,9080577,SAMSUNG
2025-05-21,55114.53515625,56005.07522161131,55114.53515625,55609.279637006286,7794181,SAMSUNG
2025-05-22,54125.04296875,54916.63409077925,53927.145188242685,54718.73631027194,15254278,SAMSUNG
2025-05-23,53630.30078125,54619.789725553506,53531.35188681965,54421.8919366928,11247115,SAMSUNG
2025-05-26,54125.04296875,54421.88963951097,53135.55406621344,53333.45184672075,10901337,SAMSUNG
2025-05-27,53333.453125,53927.14648075139,53234.50423237477,53630.29980287569,13439520,SAMSUNG
2025-05-28,55312.43359375,55510.331388360915,53630.302339557245,53729.2512368627,17516283,SAMSUNG
2025-05-29,55510.328125,55807.17479946524,55015.583667557934,55609.27701648841,12936810,SAMSUNG
2025-05-30,55609.27734375,56598.76626445729,55213.48177546708,55609.27734375,26219683,SAMSUNG
2025-06-02,56202.96875,56697.71319322183,55609.2754181338,55708.22430677817,12870515,SAMSUNG
2025-06-04,57192.45703125,57291.40591884732,56202.968155276816,56598.76370566609,19649983,SAMSUNG
2025-06-05,58478.79296875,59270.384074925976,57291.40630948604,57489.30408603003,23266027,SAMSUNG
2025-06-09,59171.4375,59765.130852842805,58874.5908235786,59765.130852842805,19609659,SAMSUNG
2025-06-10,58577.7421875,59468.28218697212,58181.94663217905,59369.333298141886,15305760,SAMSUNG
2025-06-11,59270.38671875,59468.28450412145,58775.64225532137,58874.59114800709,13610734,SAMSUNG
2025-06-12,58874.58984375,59369.33429621849,58676.69206276261,59072.4876247374,17755115,SAMSUNG
2025-06-13,57687.203125,59567.23204331047,57093.509782375644,59567.23204331047,20705979,SAMSUNG
2025-06-16,56598.765625,57489.30564357518,56301.91895214161,57390.35675262238,22200872,SAMSUNG
2025-06-17,57489.3046875,59171.43580572289,56796.6624623494,57192.45801957831,28637003,SAMSUNG
2025-06-18,59171.4375,59171.4375,57291.4085493311,57390.35744147157,17620705,SAMSUNG
2025-06-19,58577.7421875,59963.026631123306,58379.84440983953,59864.07774229307,16876278,SAMSUNG
2025-06-20,58874.58984375,59171.43651523109,58478.79428177521,58775.640953256305,18072251,SAMSUNG
2025-06-23,57390.35546875,57885.09991244612,56994.559913793106,57786.151023706894,16551694,SAMSUNG
2025-06-24,59864.08203125,59963.03092716942,58676.69528021694,58775.64417613636,23737899,SAMSUNG
2025-06-25,60655.671875,60952.518556280585,59666.18293739804,60853.56966252039,23933612,SAMSUNG
2025-06-26,59567.234375,60655.67221241695,59270.38769206811,60655.67221241695,19402300,SAMSUNG
2025-06-27,60529.9375,61326.384046052626,59733.49095394737,59833.04677220395,17340470,SAMSUNG
2025-06-30,59534.37890625,60928.16035221572,59534.37890625,60928.16035221572,17110294,SAMSUNG
2025-07-01,59932.60546875,60828.60787609012,59932.60546875,60131.71711482559,13650991,SAMSUNG
2025-07-02,60529.9375,60629.49331825657,59534.379317434206,59932.60259046053,15047951,SAMSUNG
2025-07-03,63516.61328125,63516.61328125,60828.60613611873,61027.71777649882,32040639,SAMSUNG
2025-07-04,63018.8359375,64412.617459024485,62720.1684686019,64412.617459024485,23748959,SAMSUNG
2025-07-07,61425.94140625,63018.83453834076,61425.94140625,62620.61125531807,17164708,SAMSUNG
2025-07-08,61127.2734375,62122.83163680782,60729.050157776874,61326.38507736156,20213724,SAMSUNG
2025-07-09,60131.71484375,61127.27303652732,59932.60320519454,61127.27303652732,17533415,SAMSUNG
2025-07-10,60729.05078125,60928.16242315574,60131.71585553279,60330.82749743853,14768473,SAMSUNG
2025-07-11,62321.9453125,62521.05695886581,60928.163787939295,61027.7196111222,19140650,SAMSUNG
2025-07-14,62222.38671875,62321.9425375,61525.4959875,62023.27508125,13563846,SAMSUNG
2025-07-15,63417.05859375,63516.614415718206,61724.60962029042,62023.27708619505,18442202,SAMSUNG
2025-07-16,64412.6171875,64412.6171875,62819.724026758115,63417.058962036324,23042660,SAMSUNG
2025-07-17,66403.734375,66503.29019865068,64113.95043103448,65607.2877857946,39448683,SAMSUNG
2025-07-18,66801.953125,67498.84384314455,66005.50658997764,66702.3973081222,23951531,SAMSUNG
2025-07-21,67498.84375,68494.40191740413,66901.50884955752,67100.62048303835,17723148,SAMSUNG
2025-07-22,65706.84375,68195.73934659091,65308.62045454545,67797.51605113636,20829006,SAMSUNG
2025-07-23,66105.0625,66204.61831701807,64611.725244728914,65905.95086596385,15687058,SAMSUNG
2025-07-24,65706.84375,66503.2903409091,65607.28792613636,66204.62286931818,12660193,SAMSUNG
2025-07-25,65607.2890625,66005.51236485205,65209.06576014795,65408.17741132397,8080910,SAMSUNG
2025-07-28,70087.296875,70087.296875,66901.51065340909,67897.06884765625,35332500,SAMSUNG
2025-07-29,70286.40625,70485.51788243627,68494.40155807366,70485.51788243627,28190940,SAMSUNG
2025-07-30,72277.5234375,73372.63742897728,70286.4070893595,70684.6303589876,34761444,SAMSUNG
2025-07-31,71082.859375,73671.31083683473,70684.63607317927,72675.7525822829,26568072,SAMSUNG
2025-08-01,68593.9609375,71680.19140058054,68494.4051161103,69888.18661556604,24038534,SAMSUNG
2025-08-04,69390.40625,69888.18534791966,68394.8480541607,69191.29461083213,14780072,SAMSUNG
2025-08-05,69589.515625,71182.40868651646,69390.40399231044,70684.62960479256,14392903,SAMSUNG
2025-08-06,68494.40625,69091.74118822675,67996.62713481105,68892.62954215116,12542415,SAMSUNG
2025-08-07,70186.8515625,70684.63065159574,69390.4050199468,70485.51901595746,15008213,SAMSUNG
2025-08-08,71481.078125,72078.4130396936,70385.96411472841,70684.6315720752,22241128,SAMSUNG
2025-08-11,70684.6328125,71779.74684198944,70485.52117077465,71680.19102112677,11354253,SAMSUNG
2025-08-12,70784.1875,72078.41315049227,70784.1875,70784.1875,15797656,SAMSUNG
2025-08-13,71580.6328125,71779.74444758345,71082.85372479138,71580.6328125,12305742,SAMSUNG
2025-08-14,71281.96875,71580.6362168296,70883.74546089386,71580.6362168296,11946122,SAMSUNG
2025-08-18,69689.0703125,70883.74008928571,69689.0703125,70784.18427455357,13595591,SAMSUNG
2025-08-19,69689.0703125,70385.961015625,69390.40286830357,70087.29357142857,10533082,SAMSUNG
2025-08-20,70186.8515625,70385.9631981383,69091.73756648936,69788.6282912234,17445516,SAMSUNG
2025-08-21,70286.40625,71580.6318608357,70286.40625,71182.40859596318,18843833,SAMSUNG
2025-08-22,71082.859375,71481.08267682072,70485.5244222689,71381.52685136555,9277432,SAMSUNG
2025-08-25,71182.4140625,71481.0815340909,70684.63494318182,71381.52571022727,10345178,SAMSUNG
2025-08-26,69987.7421875,70784.18875577881,69987.7421875,70485.52129267425,14712519,SAMSUNG
2025-08-27,70286.40625,70585.07369865439,69489.95972025496,69788.62716890934,10523405,SAMSUNG
2025-08-28,69290.8515625,70087.2981321839,69290.8515625,69788.63066855245,11578024,SAMSUNG
2025-08-29,69390.40625,70186.85280667145,69390.40625,69788.62952833573,11682267,SAMSUNG
2025-09-01,67299.734375,68295.29257581361,67200.17855491863,68096.18093565089,12002343,SAMSUNG
2025-09-02,68793.0703125,69191.29358493126,67498.84467709842,67498.84467709842,10604028,SAMSUNG
2025-09-03,69489.9609375,69489.9609375,68494.40275787965,68892.62602972779,10283009,SAMSUNG
2025-09-04,69788.6328125,69788.6328125,68992.18621834878,69191.2978668866,12284414,SAMSUNG
2025-09-05,69191.296875,70087.29928057553,69191.296875,69987.74345773381,11526724,SAMSUNG
2025-09-08,69788.6328125,70186.8561095756,69290.8536911555,69489.9653396933,9263135,SAMSUNG
2025-09-09,71182.4140625,71182.4140625,69689.07670454546,69788.63252840909,14870245,SAMSUNG
2025-09-10,72277.5234375,72476.63507231405,71281.96526342975,71481.0768982438,21928565,SAMSUNG
2025-09-11,73073.96875,73273.08038147139,71779.74314543596,72874.85711852861,20793501,SAMSUNG
2025-09-12,75065.0859375,75264.19757128647,73870.41613478116,74268.6394023541,28219678,SAMSUNG
2025-09-15,76160.203125,77255.31715686274,75562.86819852941,76857.09387254901,19908805,SAMSUNG
2025-09-16,79047.3203125,79146.87613153337,76359.31319859887,76558.42483666561,28218265,SAMSUNG
2025-09-17,77852.6484375,78748.65078524617,76757.53445692135,78748.65078524617,20856317,SAMSUNG
2025-09-18,79943.3203125,80142.43194466065,78250.8714391345,78748.65051953612,25619035,SAMSUNG
2025-09-22,83129.109375,83626.88847305388,80739.76970434132,81137.99298278443,27529656,SAMSUNG
2025-09-23,84323.78125,85518.45111422669,83228.66720779221,85418.8952922078,23610263,SAMSUNG
2025-09-24,85020.671875,85120.22769686769,83328.22290324942,83826.00201258782,18300997,SAMSUNG
2025-09-25,85717.5625,85817.11832171892,83726.44606562136,84025.11353077817,19665151,SAMSUNG
2025-09-26,82930.0,84921.11644657863,82033.99759903962,84622.44897959183,24071193,SAMSUNG
2025-09-29,84200.0,85000.0,83200.0,83300.0,13069094,SAMSUNG
2025-09-30,83900.0,84900.0,83400.0,84600.0,16319061,SAMSUNG
2025-10-01,86000.0,86200.0,84700.0,84900.0,22039361,SAMSUNG
2025-10-02,89750.0,90300.0,88700.0,89300.0,49883028,SAMSUNG
2025-10-10,94400.0,94500.0,92700.0,94000.0,35269748,SAMSUNG
2025-10-13,93300.0,93400.0,90700.0,91300.0,23883308,SAMSUNG
2025-10-14,91600.0,96000.0,90200.0,95300.0,35545235,SAMSUNG
2025-10-15,95000.0,95300.0,92100.0,92300.0,21050111,SAMSUNG
2025-10-16,97700.0,97700.0,95000.0,95300.0,28141060,SAMSUNG
2025-10-17,97900.0,99100.0,96700.0,97200.0,22730809,SAMSUNG
2025-10-20,98100.0,98300.0,96000.0,97900.0,17589756,SAMSUNG
2025-10-21,97500.0,99900.0,97300.0,98500.0,22803830,SAMSUNG
2025-10-22,98600.0,98600.0,95500.0,97100.0,15937611,SAMSUNG
2025-10-23,96500.0,98500.0,96300.0,96800.0,18488581,SAMSUNG
2025-10-24,98800.0,99000.0,97700.0,97900.0,18801925,SAMSUNG
2025-10-27,102000.0,102000.0,100600.0,101300.0,22169970,SAMSUNG
2025-10-28,99500.0,101000.0,99100.0,100900.0,20002282,SAMSUNG
2025-10-29,100500.0,101000.0,99100.0,100200.0,20899788,SAMSUNG
2025-10-30,104100.0,105800.0,102000.0,102400.0,34570017,SAMSUNG
2025-10-31,107500.0,108600.0,103300.0,105000.0,54824564,SAMSUNG
2025-11-03,111100.0,111500.0,106500.0,106900.0,30110066,SAMSUNG
2025-11-04,104900.0,112400.0,104900.0,111800.0,30450281,SAMSUNG
2025-11-05,100600.0,102000.0,96700.0,101000.0,44843020,SAMSUNG
2025-11-06,99200.0,103800.0,98800.0,103700.0,28655689,SAMSUNG
2025-11-07,97900.0,100300.0,96300.0,96400.0,22908083,SAMSUNG
2025-11-10,100600.0,101000.0,97900.0,98600.0,23842327,SAMSUNG
2025-11-11,103500.0,106000.0,102000.0,103700.0,27742542,SAMSUNG
2025-11-12,103100.0,103900.0,101600.0,103000.0,19413497,SAMSUNG
2025-11-13,102800.0,104200.0,102300.0,102500.0,20838741,SAMSUNG
2025-11-14,97200.0,99600.0,97200.0,99000.0,21806342,SAMSUNG
2025-11-17,100600.0,101000.0,99500.0,99800.0,17192584,SAMSUNG
2025-11-18,97800.0,100900.0,97500.0,99800.0,18684068,SAMSUNG
2025-11-19,96500.0,97500.0,94600.0,97100.0,18993346,SAMSUNG
2025-11-20,100600.0,102900.0,99500.0,100900.0,25360435,SAMSUNG
2025-11-21,94800.0,96800.0,94500.0,95600.0,23103574,SAMSUNG
2025-11-24,96700.0,99000.0,96200.0,97800.0,29831172,SAMSUNG
2025-11-25,99300.0,101400.0,97800.0,101400.0,16110054,SAMSUNG
2025-11-26,101100.0,101500.0,99300.0,100500.0,10307469,SAMSUNG
