word,vector
concerns,"[-0.0968986228108406, 0.7584990859031677, 0.059044331312179565, 1.6488683223724365, 0.20349295437335968, -1.2598834037780762, 1.166467547416687, -0.4550863802433014, -1.0654727220535278, -0.52919602394104, 1.4240189790725708, 0.405987948179245, 0.5873523950576782, 1.0289632081985474, 0.34800001978874207, 0.08133868873119354, -0.3503042459487915, 0.5894573926925659, -0.6875660419464111, 0.3782806694507599, 0.6523320078849792, 1.15401029586792, 0.9720916748046875, 0.26653704047203064, 0.8355052471160889, -0.0654347687959671, -0.06125398352742195, -0.8705313801765442, -1.466475009918213, -0.6350187063217163, -0.5050255060195923, 0.01988886669278145, -0.6291553378105164, -0.014307821169495583, 0.43856993317604065, 1.5767052173614502, 0.720090389251709, 0.6208593845367432, -0.403170645236969, 0.35970064997673035, -0.43786194920539856, 0.5120486617088318, -0.9654977917671204, -0.42882272601127625, -1.2816203832626343, 0.9693377017974854, -0.08213406801223755, -0.23399733006954193, 0.6170192956924438, 1.1893537044525146, 0.5224875211715698, 0.45582133531570435, -0.8991724848747253, 0.7382638454437256, 0.1385723352432251, 0.3892870545387268, -0.4421207010746002, -0.4632766544818878, -0.4581984877586365, 0.814686119556427, -0.8820693492889404, -0.020698735490441322, -0.5799801349639893, -1.0954382419586182, 0.2983873784542084, 0.1207260861992836, 0.8197251558303833, 0.20805643498897552, 0.14271825551986694, 0.7158660292625427, 0.8891707062721252, 0.4449516236782074, -0.25255730748176575, -0.3374254107475281, -0.9614104628562927, 0.8893685340881348, 0.03183339163661003, -0.9083032608032227, -0.10266488045454025, 0.8749145865440369, 0.4084435999393463, -0.7847743034362793, 0.15017686784267426, 0.04121081158518791, -0.24437899887561798, 0.02139016054570675, 0.3146306872367859, -0.1842077523469925, -0.5421863198280334, 0.12493536621332169, -0.6775227785110474, 1.2769235372543335, -0.32935830950737, 0.10033047944307327, 0.790871262550354, 0.61487877368927, 0.8764693140983582, -0.3609301447868347, 0.2895052433013916, -1.0688772201538086]"
market,"[-0.6610758304595947, -0.7876436710357666, -0.26239216327667236, 0.9525609016418457, 0.39750778675079346, -0.9582858085632324, 0.11399268358945847, -0.015025220811367035, -1.4228712320327759, 0.40002965927124023, -0.7394707202911377, -0.04925142601132393, -0.761367917060852, 1.2073841094970703, -0.21310730278491974, 0.6329134702682495, 0.8886801600456238, 0.6468366980552673, 0.9028122425079346, 0.34168338775634766, 0.6215505599975586, -1.1493074893951416, 0.39250096678733826, -1.1011133193969727, 0.3499996066093445, -0.33588477969169617, -0.45709866285324097, 0.4771213233470917, -0.6834676265716553, 1.242932677268982, 1.4081388711929321, 1.2963941097259521, -0.41170376539230347, -0.25225239992141724, 0.5758950114250183, 0.4999040365219116, 0.43329688906669617, 1.3363897800445557, -0.3020714521408081, -0.09279466420412064, 0.29520878195762634, 0.012336011044681072, 0.022262288257479668, 0.08387235552072525, -0.25575029850006104, 0.8209318518638611, 0.3600701689720154, -0.20817601680755615, 0.3617557883262634, 1.3424654006958008, 0.6782054305076599, -1.9958349466323853, 0.14544884860515594, 0.20170356333255768, -0.14246472716331482, -0.32147806882858276, 0.1271291822195053, 1.2900089025497437, -0.8274528980255127, 1.266335129737854, 0.2681228518486023, 0.5472633242607117, -0.2822057604789734, -1.1134495735168457, 0.34803536534309387, -0.1329481452703476, -0.29565519094467163, -0.3921276926994324, 0.8211250901222229, 0.5609280467033386, -0.617077648639679, 0.06108223646879196, 0.8216509222984314, 0.42144107818603516, -0.31612130999565125, -1.0826364755630493, -1.1294138431549072, -0.110812246799469, 0.08942370116710663, -0.4850328266620636, 0.4576898515224457, 0.17265808582305908, -0.8758235573768616, -0.13180160522460938, 0.10803952813148499, -0.485147625207901, 0.5351857542991638, -1.005118727684021, 0.6845544576644897, 1.2096173763275146, 0.3367028534412384, 0.11065328866243362, -0.6018521189689636, 1.1933398246765137, -0.1540280133485794, -0.031120797619223595, -0.19075781106948853, 0.4800431430339813, -0.7164836525917053, -1.1408333778381348]"
investors,"[-0.5877971649169922, -0.3028047978878021, -1.344679594039917, 0.09552915394306183, 1.276447057723999, 0.2326246201992035, -0.251377671957016, 1.1742256879806519, -0.2640835642814636, 0.41222870349884033, -0.3015304207801819, -1.3349943161010742, 0.4116325080394745, -0.477532297372818, 0.5248558521270752, -0.4788490831851959, 0.33589664101600647, 0.7954971194267273, 0.2735317051410675, -0.49766799807548523, -0.8343704342842102, 0.6797865033149719, -0.8722898960113525, -0.7501352429389954, 0.4228922724723816, 0.6236436367034912, 1.2720128297805786, 0.5023317933082581, -1.1915113925933838, 0.3740334212779999, -0.04121827334165573, -0.9206483960151672, -0.5399810671806335, 0.20402222871780396, -1.1319217681884766, 0.658482551574707, -0.20680958032608032, -0.01843833364546299, -0.4975951313972473, 0.23194456100463867, -0.23849132657051086, 0.13290554285049438, 0.4471665024757385, 0.27120670676231384, 1.0834912061691284, 0.11498917639255524, -0.08830025792121887, -1.1263010501861572, -0.7009969353675842, -0.9855852127075195, -0.35202664136886597, -0.7162154316902161, -0.06916742771863937, -0.6154025197029114, -0.5385392904281616, -0.7470923066139221, 0.4319964647293091, -1.216103196144104, -0.8583575487136841, -0.5643799901008606, -0.09114978462457657, 0.046035800129175186, -0.0038870666176080704, 0.5668199062347412, -0.3544873297214508, 0.7603128552436829, -0.31560230255126953, 0.4148031771183014, -0.21966640651226044, 0.5964213609695435, 0.18231020867824554, 0.14447492361068726, 1.4525384902954102, 0.4453539252281189, -0.3492446839809418, 0.6636935472488403, 1.8479342460632324, -0.23477429151535034, 0.15790700912475586, -0.4119972288608551, 0.3465818762779236, -1.259260892868042, -1.0780231952667236, -0.10277891159057617, -0.03436357155442238, -0.44784244894981384, -0.9892298579216003, -0.24032405018806458, -0.037963394075632095, 0.6995194554328918, 0.2954367697238922, 1.2372547388076782, 1.0001839399337769, 0.4657920002937317, 1.489996075630188, 1.0036308765411377, 0.5180965662002563, -0.3377165198326111, 0.13102279603481293, -0.585455060005188]"
fed,"[-1.1209908723831177, 0.9147571325302124, -0.046091169118881226, -0.9851896166801453, 1.0067144632339478, -0.5667161345481873, 0.17172442376613617, 1.5513646602630615, 0.8443516492843628, 0.3950420618057251, 0.5235604047775269, -0.0816645473241806, 0.5119507908821106, 0.4298483729362488, 0.2489451915025711, 0.31315624713897705, -0.6238166093826294, 0.4454944133758545, -0.7243233323097229, -0.35535940527915955, -0.7770732045173645, -1.150061845779419, 0.8375256061553955, 0.731381356716156, -0.8055115938186646, -0.10203475505113602, 1.3730108737945557, 0.012980061583220959, -0.439267635345459, -0.6878149509429932, 0.7774267792701721, -0.35105451941490173, 0.11772790551185608, -0.430956095457077, 0.5361793637275696, 0.4117426872253418, 0.5486239194869995, -0.4661809504032135, -0.8286249041557312, 0.443907231092453, 1.013993263244629, 0.033652469515800476, -1.275744915008545, -0.9991762638092041, 0.7596876621246338, -0.1841500848531723, 0.19771656394004822, 0.1610782891511917, 0.18330802023410797, -0.5521442294120789, 0.3886902332305908, 0.21231527626514435, -0.38542625308036804, 0.09240622818470001, -0.167563796043396, 0.9244095683097839, -0.22534674406051636, -0.20064185559749603, 0.9855547547340393, 0.2404269129037857, -0.19848743081092834, -0.5050826668739319, 0.8744962215423584, 0.41391146183013916, -0.1358308494091034, -0.45667538046836853, 0.3133676052093506, 0.28367066383361816, -0.44177407026290894, 0.9345320463180542, 0.999991774559021, -0.6377174258232117, -1.0032674074172974, 0.8872494697570801, 0.1780218780040741, -0.4427512586116791, 0.05553315207362175, -0.32779183983802795, -0.167977973818779, 0.06520223617553711, -1.406080961227417, 0.30257588624954224, 0.0743737667798996, 0.1957075297832489, -1.8504043817520142, -0.16934357583522797, 0.8707039952278137, 0.43788576126098633, -0.25210973620414734, -1.3483633995056152, -0.3778454065322876, -0.22282543778419495, 0.24115276336669922, -0.32966694235801697, 1.2396183013916016, -0.9938158392906189, 0.6475852727890015, -1.1719779968261719, -0.7918410897254944, 0.2968403697013855]"
markets,"[-0.8642833828926086, 1.0495973825454712, -0.3728998601436615, -0.7117481827735901, 0.6237390041351318, -0.3256758153438568, 0.6845476627349854, 0.8362933993339539, 0.10513586550951004, 1.3192286491394043, -0.19564925134181976, 0.43236786127090454, 0.344043105840683, 0.7998873591423035, -0.1291039139032364, -0.7633283138275146, -0.7942669987678528, 1.0833759307861328, -0.7513391971588135, -0.6298500299453735, -0.02449285238981247, -0.9067256450653076, 0.5756049156188965, 0.09071935713291168, -0.20245686173439026, -0.9777512550354004, 0.9533174633979797, 0.34822219610214233, -0.9039008617401123, -1.0538228750228882, 0.995145857334137, -0.14217615127563477, 0.39383429288864136, -0.11204991489648819, 1.0863871574401855, 0.42926931381225586, -0.04937900975346565, -0.06289047002792358, -0.3959665596485138, 0.41404321789741516, 1.0445419549942017, -0.8152695298194885, -1.2293899059295654, -0.08603278547525406, 0.622710645198822, 0.15206171572208405, 0.19188396632671356, -0.09318475425243378, 0.024178437888622284, -0.8024644255638123, 0.8349447250366211, 0.6310378909111023, 0.3812520503997803, 0.6402275562286377, -0.8081423044204712, 0.8637472987174988, -0.5113428235054016, -0.37970370054244995, 0.6337155103683472, 0.6347364187240601, 0.4101133346557617, -0.8725675344467163, 0.44179490208625793, 0.08179179579019547, 0.39444810152053833, -0.657947301864624, 0.6077417731285095, 0.6002071499824524, -0.8789148926734924, 1.4142895936965942, 0.14376437664031982, -0.07796219736337662, -0.6472035050392151, 0.523773729801178, 1.1864303350448608, 0.3923817574977875, 0.26156705617904663, -0.2408679574728012, 0.04434577375650406, -0.7887603044509888, -1.4501084089279175, 0.2730593681335449, 0.11319244652986526, 0.011897767893970013, -1.8526549339294434, -0.09827188402414322, 0.9041045308113098, -0.5456191897392273, -0.505260705947876, -0.8343894481658936, 0.17958728969097137, -0.5637345314025879, 0.024396156892180443, -1.102798581123352, 0.5428558588027954, -0.9093510508537292, 0.8135156631469727, -0.034336768090724945, -0.3625183701515198, 0.14052820205688477]"
earnings,"[-0.9012167453765869, -0.1950334906578064, -0.031209830194711685, -0.1452866643667221, -1.070682168006897, -0.9196656942367554, -0.13400734961032867, 0.3301854133605957, -0.2823864817619324, -1.5074876546859741, -0.15752489864826202, -1.3127250671386719, -0.6576551198959351, -1.114626407623291, -0.8364704847335815, -0.41437503695487976, -0.9600807428359985, -1.0293066501617432, 0.24074730277061462, 0.3662608563899994, -1.7001380920410156, 0.3979354500770569, 0.3126203715801239, 0.5199398398399353, -0.8084006905555725, 0.7327759265899658, 0.11564431339502335, -0.2716715335845947, 0.31156840920448303, 0.9791064858436584, 0.6762166023254395, -0.2755267918109894, -0.45484718680381775, -0.507621705532074, -0.2924616038799286, 1.5974193811416626, 0.9433362483978271, -0.19795125722885132, -0.1077578067779541, -0.7365838885307312, 1.144524335861206, -0.17651493847370148, 0.03969655558466911, -0.757416844367981, -0.09455914795398712, -0.20501890778541565, -0.5594874620437622, -0.3206274211406708, 0.6072914004325867, -0.8446854948997498, -0.21981707215309143, -0.7565206289291382, 1.8647676706314087, 0.7544578909873962, -1.0890240669250488, -0.3171326220035553, 0.6681671142578125, -1.162081003189087, -0.9904172420501709, -1.275078535079956, 1.5439656972885132, -0.08950391411781311, 0.9192238450050354, -0.1854844093322754, 0.8243740200996399, -0.04597660154104233, 0.289524644613266, -0.1124100312590599, -0.8845306634902954, -0.1445685178041458, 1.0535855293273926, -0.026842398568987846, 1.3048067092895508, 0.6749938130378723, 0.11380403488874435, 0.34090155363082886, -0.7675374150276184, -0.6835199594497681, 0.22559846937656403, 0.010791802778840065, 0.6321722865104675, -1.5323512554168701, 0.7993466258049011, -1.6821173429489136, -0.229784294962883, -1.5754611492156982, -0.33427923917770386, 0.8407145738601685, -0.3317454159259796, 0.3288509249687195, 1.1613702774047852, 1.4326704740524292, -0.42176422476768494, 0.22969959676265717, 0.7111226320266724, 0.2379140406847, -1.0537846088409424, -0.5981327891349792, -0.11995317041873932, -0.47467678785324097]"
stock,"[0.7016550898551941, -0.2352112978696823, -0.09044742584228516, -0.18872183561325073, 0.20500946044921875, -0.14349021017551422, 0.4516984820365906, -0.4200814664363861, -0.5626670122146606, 0.3284851014614105, 0.6632674336433411, -1.193405270576477, -0.15001578629016876, 0.323738157749176, -0.29132798314094543, -0.4330895245075226, 0.7372169494628906, 0.17666172981262207, 0.3889278471469879, -1.2719134092330933, -0.05521956458687782, 0.41296088695526123, 1.4460655450820923, 0.06550997495651245, 0.0077730282209813595, 1.184613823890686, -0.6546074151992798, -0.7073618769645691, -0.5566972494125366, -0.6896178126335144, 1.0466228723526, 1.3225327730178833, -0.7632614374160767, -0.24145838618278503, -0.7704670429229736, 0.038693249225616455, -1.1325241327285767, -1.1774098873138428, -0.2772992253303528, -1.6018608808517456, 0.18147443234920502, -1.1656229496002197, 0.8493251204490662, -1.4607816934585571, -0.29635605216026306, 0.7342911958694458, -1.5289682149887085, -0.4239802658557892, 0.43856558203697205, -0.3885449767112732, 0.001630718121305108, -1.3422222137451172, 0.589626669883728, 0.44073888659477234, -1.0543817281723022, -1.1315399408340454, -0.4364945590496063, -0.2212419956922531, -1.2874850034713745, -1.3192830085754395, -0.6418418288230896, -0.36400970816612244, 0.5331136584281921, -0.14669352769851685, 0.2591072916984558, 0.44661757349967957, -1.2997117042541504, -0.294236958026886, -0.8308927416801453, -0.2773915231227875, -0.15657170116901398, 0.8342024683952332, -0.14292825758457184, -0.3633675277233124, 0.3712370693683624, 0.27967217564582825, -0.030047733336687088, 0.7320073246955872, 0.5094157457351685, -0.05713285878300667, -0.1877490133047104, -1.4695403575897217, -1.5392546653747559, 0.17747023701667786, -0.24645863473415375, -0.6633129119873047, 1.372576117515564, 0.01393749937415123, -0.2414456456899643, 0.8428431153297424, 0.7492860555648804, 0.6948158740997314, -0.4028168022632599, -0.07064300030469894, -0.05070355534553528, 0.5952447056770325, 0.1369151920080185, -0.8152791261672974, 0.26609405875205994, 0.08191881328821182]"
johnson,"[0.2830236852169037, 0.860511064529419, 0.6204959750175476, 1.2767609357833862, -1.7895885705947876, 0.18328417837619781, 0.522691011428833, 0.05168559402227402, 0.26790180802345276, -1.147810697555542, 0.03717159479856491, 0.41409701108932495, 0.8454927802085876, -0.6144309639930725, -0.3587765693664551, 0.0027930832002311945, 1.138095498085022, 0.7548714876174927, -1.1313759088516235, -0.5114338994026184, -0.5531917214393616, 0.011596618220210075, 0.2818039059638977, 0.6365566253662109, -0.3216274678707123, 0.9436461329460144, -0.433065801858902, 0.40138253569602966, -0.7296059131622314, 0.6961359977722168, -1.2196952104568481, -0.28122788667678833, 0.5417670011520386, -0.17288565635681152, 0.5753459930419922, -0.14840902388095856, 0.6817566752433777, -0.6633369326591492, 0.7269658446311951, 0.8190814256668091, 0.8672043085098267, -0.38949379324913025, 0.18287646770477295, -0.22774797677993774, 0.5696511268615723, -0.2734966278076172, 0.29382020235061646, 0.5636951327323914, 0.2570149004459381, -0.47872018814086914, 0.00997176580131054, -0.012043140828609467, 0.6453871726989746, -0.49085864424705505, -0.6284096240997314, 1.7148569822311401, -0.8492397665977478, 0.6978709697723389, -0.14821761846542358, 1.0469231605529785, 1.2094981670379639, -0.627483606338501, 0.25225016474723816, 0.4021435081958771, 0.4376651644706726, 0.7236508727073669, -1.6170061826705933, 0.03931869938969612, 0.8432455062866211, -0.9449502825737, 1.1034718751907349, 1.2926571369171143, -0.28136223554611206, -0.8395795822143555, -0.18018236756324768, 0.4014495313167572, 0.22361992299556732, -0.48187127709388733, 1.2269622087478638, -0.3142577111721039, -0.9047455191612244, 1.3895912170410156, -0.8002974987030029, 0.16347575187683105, -0.7724921703338623, 1.442840576171875, -0.023425085470080376, 0.770117998123169, 0.6063532829284668, -0.12694939970970154, 0.2467738687992096, -1.8278814554214478, -0.8957102298736572, -0.7439280152320862, 0.34689629077911377, -0.4325336813926697, -0.6472976803779602, -1.8283464908599854, -0.27142763137817383, -1.0541481971740723]"
amid,"[0.014053595252335072, 0.3538447916507721, 0.3470357656478882, 1.536392331123352, -0.8373866081237793, -0.8759379386901855, 0.6795454025268555, -0.5379372835159302, -1.4780778884887695, -0.2536405622959137, 1.0790011882781982, 0.22692258656024933, 1.1893411874771118, 0.8516461253166199, 1.0666495561599731, 0.7348601222038269, -1.278969168663025, 0.10847711563110352, -0.8850698471069336, -0.8968622088432312, 0.8060978055000305, 0.2602770924568176, 2.2097675800323486, -0.7806510329246521, 0.1414767950773239, 0.9580011367797852, -1.0845574140548706, -0.5584254860877991, 1.330062985420227, -0.7901775240898132, 0.14213865995407104, -0.08067464828491211, 0.8210338950157166, 0.7041835188865662, 0.04173998162150383, 0.7797132134437561, -0.005801161285489798, 0.9162471294403076, -0.3154183328151703, -1.4265966415405273, 0.11322101205587387, 0.8788249492645264, -0.074425607919693, -0.10574723780155182, -0.5299780368804932, -0.38468512892723083, 0.5699795484542847, 0.45156359672546387, -0.17659349739551544, 0.3529493808746338, -0.309495210647583, -0.8411027789115906, 0.4297844171524048, 0.13071230053901672, 0.3682369887828827, -0.3430872857570648, -0.7199841141700745, 0.1842338889837265, -0.36230340600013733, -0.4402555823326111, 0.5786826014518738, 0.024857239797711372, 1.654321551322937, -0.09064507484436035, -1.514215350151062, 0.5017058849334717, -0.5362034440040588, 1.056046724319458, -0.672293484210968, 1.4238100051879883, -1.1722455024719238, 0.16936653852462769, 0.3422383666038513, 1.0487489700317383, -1.9705603122711182, -0.04960278794169426, -1.3066281080245972, -0.07098027318716049, -0.5761927366256714, 0.3248941898345947, 0.6757263541221619, -1.0117911100387573, -0.026484670117497444, -0.23676568269729614, 0.23870009183883667, -0.20691761374473572, 0.5246468186378479, -1.0895313024520874, -0.3058071434497833, 1.289310336112976, 0.16114799678325653, 0.5631392598152161, 0.25616857409477234, 0.8622533679008484, 0.7401370406150818, 0.9675450921058655, -0.06025132164359093, 1.0294599533081055, 0.0668579712510109, -1.134368658065796]"
guidance,"[-0.5515552759170532, 0.334550142288208, -0.7160100340843201, 1.5061088800430298, -0.06912364810705185, -0.9113271236419678, -0.2991035282611847, 0.17334124445915222, -0.6356064081192017, 0.004539192654192448, 0.4800691306591034, -1.1820189952850342, 0.4439089000225067, 0.030111439526081085, 0.7043972015380859, -0.20265619456768036, 0.3512997627258301, -1.851850152015686, 0.5888696908950806, -1.3762974739074707, 0.040720123797655106, 1.1833860874176025, -0.44366222620010376, -0.8046576380729675, 0.8180100321769714, -0.6029120683670044, -1.015942931175232, 0.4031197428703308, -0.5048637986183167, -0.6632653474807739, 1.25961172580719, 0.5461982488632202, -0.3542662262916565, 1.1112078428268433, -0.8947976231575012, 0.7772124409675598, 0.12016509473323822, 0.3328481614589691, -0.25532883405685425, -0.3184302747249603, 0.4700573980808258, 0.275451123714447, -0.6762774586677551, 0.2036239504814148, -0.26065996289253235, 0.40791139006614685, -0.756646990776062, 0.07193721830844879, 0.5709669589996338, -0.040909528732299805, -0.07894432544708252, 0.6280564665794373, 0.9668233394622803, 0.7721911668777466, 0.33978718519210815, -1.135756492614746, -0.27008941769599915, 0.26428675651550293, 0.06743869185447693, -0.4933280944824219, 0.16921274363994598, 1.296255111694336, 1.1838204860687256, -0.5962417125701904, -0.38994765281677246, -0.01510580163449049, -0.9947081804275513, -0.47899603843688965, -0.6576281785964966, -0.5372206568717957, 0.23327992856502533, 1.3621704578399658, 0.43334048986434937, -0.4959430396556854, 0.5049324035644531, -0.35812240839004517, 0.3674600422382355, -1.1946133375167847, 0.4860333502292633, -0.6434352993965149, 0.13354472815990448, -1.1984801292419434, -0.7276042699813843, 0.7693868279457092, 0.22443395853042603, -0.6274957060813904, -0.6955925822257996, 0.09870593249797821, 1.4643471240997314, 0.8034345507621765, -0.4349348247051239, 1.1654136180877686, -0.3951484262943268, 1.7701996564865112, 1.2672377824783325, 0.2551528811454773, -1.0903011560440063, 0.9090255498886108, 1.1767171621322632, -0.6297184228897095]"
volatility,"[-0.9677326679229736, 0.1792117804288864, 0.6795064210891724, -0.5563178062438965, -0.9813297986984253, -1.24271821975708, -0.43402299284935, 0.4980241358280182, -1.293958067893982, 0.5156993269920349, 0.45356911420822144, 0.11141439527273178, 0.8136651515960693, 0.6199882626533508, 0.29512616991996765, -0.36150020360946655, 0.10680937767028809, -0.34243154525756836, -0.14899104833602905, -0.034573011100292206, 0.8040968179702759, -0.5138705372810364, 1.197559118270874, -0.4867296814918518, -0.4588017165660858, -1.0968444347381592, -1.0692800283432007, -0.651080310344696, 0.9694718718528748, -0.05624883994460106, -0.15240012109279633, 0.24408473074436188, 0.0539252869784832, -0.018369212746620178, 1.1555482149124146, -0.0601838119328022, -0.14791207015514374, 0.9663518071174622, -0.6128132939338684, -0.7154806852340698, -0.1478303074836731, 0.05906016007065773, -0.7621206641197205, 0.9553235769271851, -1.0587636232376099, 0.628796398639679, 0.19028186798095703, 0.4529222846031189, -0.46649065613746643, 0.7193055152893066, 0.7784456014633179, -0.1740933060646057, -0.8755398988723755, 0.46491268277168274, 0.4102698564529419, -0.0688849613070488, 0.2484937459230423, 0.6796056628227234, 0.6539742946624756, 1.1495689153671265, -0.05847998708486557, -0.08881708234548569, 0.8587614893913269, -1.3087416887283325, -1.077245831489563, 0.06950327754020691, -0.9308682084083557, 0.11681272089481354, 0.14066703617572784, 0.1508404165506363, -0.21719206869602203, 0.45329388976097107, -0.3558289706707001, 0.9968997240066528, -0.01612224616110325, 0.012086006812751293, -0.7695313096046448, -0.7618613839149475, -1.0223076343536377, 0.9280412197113037, 0.8435482978820801, 1.4054033756256104, -0.970550000667572, 0.5871389508247375, -0.3603069484233856, 0.41654619574546814, -0.5247863531112671, -0.8471938371658325, 1.0962709188461304, 1.3805103302001953, 0.41159337759017944, -0.5670499801635742, -0.9470486640930176, 0.7128170728683472, 0.7832684516906738, 0.7976213693618774, 0.5193398594856262, -0.2765795886516571, -0.4754212200641632, -1.9006483554840088]"
economic,"[0.6884007453918457, 0.8746980428695679, 0.1605948805809021, 0.37881913781166077, -0.4920993745326996, -0.2871328890323639, 0.25927525758743286, -0.3921413719654083, -1.0007224082946777, -0.04451396316289902, -0.23058836162090302, -0.8542024493217468, 0.07264743745326996, -0.7216243147850037, 0.5239869356155396, 0.09780534356832504, -0.22090111672878265, -1.8261990547180176, 0.624115526676178, -0.9810591340065002, -0.13345496356487274, 0.14181014895439148, 0.6210310459136963, -1.2152966260910034, -0.2508847415447235, -0.9320953488349915, -1.4987884759902954, 0.11065010726451874, 0.3687018156051636, -0.6008387207984924, 0.38877055048942566, -0.5233629941940308, -0.20108599960803986, 0.730690062046051, 0.022311720997095108, 0.8723909258842468, -0.25242671370506287, -0.17286422848701477, -1.0545307397842407, -0.8125329613685608, -0.8954969048500061, -0.1345975399017334, 0.36630502343177795, 0.9602159857749939, -0.49873414635658264, 0.6360090374946594, 0.4147103428840637, -0.05655656009912491, -1.0690346956253052, 0.8705462217330933, 0.5280644297599792, -0.19544929265975952, 0.7951841950416565, 0.5959663987159729, 0.09316860139369965, -0.08944456279277802, 0.48175010085105896, 1.7934198379516602, -1.618427038192749, -0.9648942351341248, -0.11721161752939224, 0.21004445850849152, -0.11392802745103836, -0.007842667400836945, -0.4434421956539154, 0.7645253539085388, 0.6294570565223694, 0.6156580448150635, -0.18267324566841125, 0.5752983689308167, -0.53818279504776, 1.6644518375396729, 0.7652168869972229, 0.230595201253891, 0.19379942119121552, -0.05357898399233818, -0.44466671347618103, -0.5944100618362427, -0.23992708325386047, 0.5900115966796875, -0.5677093863487244, -0.2894771993160248, -0.705964207649231, -0.001517034601420164, 0.9288842082023621, 0.043363891541957855, 0.017777882516384125, -0.25106796622276306, 1.1584194898605347, 1.104175090789795, -0.10860045254230499, 0.18215857446193695, -0.9783423542976379, 1.0579590797424316, 0.35889554023742676, 0.3335985243320465, -1.1384106874465942, 0.7589532136917114, -0.4804026186466217, -0.15373829007148743]"
sector,"[0.42785823345184326, -1.011704444885254, 0.0397154837846756, -0.002074128482490778, 0.3556694984436035, 0.6475871801376343, -0.34561240673065186, 0.7596436738967896, -0.09764324873685837, -0.5611027479171753, -0.2533586919307709, -0.14303573966026306, -0.47439253330230713, 0.5450385212898254, -0.41694849729537964, 0.2684687376022339, -1.308584213256836, 0.08840248733758926, 0.4025197923183441, -1.0770213603973389, -0.38606515526771545, 0.45201313495635986, 0.4569777548313141, 0.49897462129592896, 0.06700365245342255, 0.12458548694849014, -1.1797091960906982, 0.3329061269760132, 0.3940988779067993, 0.12896506488323212, -0.02154441922903061, 0.025752700865268707, 0.14868639409542084, 0.46986061334609985, -0.30270645022392273, 0.24953462183475494, -0.4797103703022003, -0.011486697942018509, -1.3460900783538818, 0.13412410020828247, 0.007677009329199791, 0.3523084819316864, -0.401646226644516, 0.2379150539636612, 0.0043481383472681046, -1.1297881603240967, 0.3000507950782776, -0.1411134898662567, -0.42150673270225525, 1.0750237703323364, 1.0215870141983032, -1.2585550546646118, 0.251016229391098, 0.10292736440896988, -0.08667214214801788, -0.44946470856666565, -0.9068212509155273, 0.12224921584129333, 0.44950392842292786, 0.8816189169883728, -0.3454410135746002, -0.3950175642967224, 0.598595917224884, -0.25981712341308594, -0.6216681003570557, -0.4352923035621643, -0.22782008349895477, 1.0662106275558472, -0.20815204083919525, 1.285599946975708, -0.3512709438800812, -0.1356559693813324, -0.6012512445449829, -0.5285279750823975, -0.8338843584060669, -0.46987104415893555, 0.37124985456466675, -1.2069034576416016, -0.9402648210525513, 0.2693060636520386, -1.422390103340149, 0.23854689300060272, 0.10224965959787369, 1.270990014076233, -0.8987554907798767, 0.24527856707572937, 0.4933372437953949, -0.8866792321205139, -0.9713437557220459, 0.6557918787002563, 0.3084414005279541, 0.19703014194965363, 0.5038731098175049, 1.2723671197891235, -0.24849243462085724, -0.47090959548950195, 0.7402883768081665, 1.007859706878662, 0.28614112734794617, -0.34705525636672974]"
growth,"[-0.6383533477783203, 0.7919771671295166, -0.7352588772773743, -0.7054876089096069, -0.6553332209587097, -0.04479038342833519, -0.8993002772331238, 0.31268560886383057, -0.41216060519218445, 0.2543002963066101, -0.527133584022522, -0.13824865221977234, -1.0282509326934814, -0.24058757722377777, 1.1492094993591309, 0.14731639623641968, 0.25839442014694214, 0.004875951912254095, 0.4659264385700226, -0.9720333218574524, 0.47256380319595337, 0.8150712251663208, -0.328069269657135, 0.9489967823028564, -0.053079165518283844, 0.4024136960506439, -1.1635768413543701, -0.5329641103744507, -0.2551520764827728, 0.540709376335144, 0.7443250417709351, 0.43388083577156067, 0.46278780698776245, 0.338127464056015, -0.16858474910259247, 0.6556342840194702, -0.2837374806404114, 1.012922763824463, -0.3883557915687561, 0.19126911461353302, 0.5532762408256531, 0.010815312154591084, 0.06059136241674423, 0.3636986017227173, 1.0565109252929688, 0.03966843709349632, -1.152692437171936, -0.34488266706466675, 1.113273024559021, -0.8297866582870483, -1.083024501800537, 0.6762828230857849, 0.5335086584091187, 0.3495000898838043, 0.16579343378543854, 1.2511816024780273, 0.10639315098524094, 0.05186619609594345, -0.21508635580539703, 0.9902889132499695, -0.29360416531562805, 1.0832998752593994, -0.17897985875606537, 0.6350616812705994, 0.3438587486743927, -0.6411224007606506, -0.02044273354113102, 0.32564496994018555, 1.04790198802948, 0.710952877998352, -0.16718675196170807, -0.6087048053741455, -0.6938986778259277, 0.6084105372428894, 0.3129856586456299, 0.048032402992248535, 0.08410409837961197, -0.014956651255488396, 0.6155117750167847, 0.10277640074491501, 0.21951411664485931, -1.1679377555847168, 0.562285840511322, 1.2795178890228271, -0.05575791373848915, 0.4357989430427551, 1.1491907835006714, 0.59502774477005, 0.6230418086051941, -0.6956055164337158, 0.7643546462059021, 1.346994400024414, 0.533288300037384, 0.11658795922994614, 0.3919602036476135, 0.2941032648086548, 0.6576633453369141, -0.7294648289680481, -0.8930642008781433, 0.8420813083648682]"
analysts,"[0.4829641580581665, -0.28242892026901245, 0.21598351001739502, -1.0929628610610962, 0.7639093995094299, -0.9792146682739258, 0.6860580444335938, -0.19777140021324158, 1.042874813079834, -0.609980583190918, 1.4602184295654297, -0.9683205485343933, -1.320172667503357, -0.5383172035217285, -0.8497275710105896, 1.9792712926864624, 0.34166333079338074, -0.9933242201805115, -0.16225333511829376, -0.3519017696380615, 0.39419829845428467, 1.4164363145828247, 0.13040052354335785, -0.5400818586349487, -0.3880765736103058, 1.321344256401062, 0.5860901474952698, -0.0837986171245575, 0.7293446063995361, -0.010944616980850697, -0.547241747379303, 0.262140154838562, 0.057839155197143555, -1.7985868453979492, -0.36365002393722534, -0.2847661077976227, 1.0843862295150757, -0.506563663482666, -0.768604576587677, -0.03415264934301376, 0.5734306573867798, 0.33572936058044434, 0.4889051616191864, -0.3878308832645416, 0.5639206767082214, 0.20069997012615204, -0.33098432421684265, 0.5725226998329163, -0.0015667289262637496, 0.14149923622608185, -0.1845560073852539, 0.5989114046096802, 0.8871501088142395, -0.17070700228214264, -0.592985212802887, -0.9945389628410339, 0.755799412727356, 0.7146528959274292, -0.20813819766044617, 0.23227107524871826, -0.7421996593475342, -0.20593450963497162, 0.7591561675071716, 0.8471118807792664, -0.17227330803871155, 1.0591858625411987, 0.5910290479660034, 0.37992626428604126, 0.05221103876829147, 0.3738914132118225, -0.9575625658035278, -1.0945098400115967, 0.3805009722709656, 0.505405604839325, -0.365845650434494, -0.03454902768135071, 0.8625187873840332, 0.02836819365620613, 0.4019222557544708, -0.5134605765342712, -0.6383564472198486, 0.2709255814552307, -0.1868342161178589, -1.503509521484375, -0.7333688735961914, -0.4101797640323639, 1.1117478609085083, 0.4355317950248718, -0.33881211280822754, -0.03765694797039032, 1.1555976867675781, 0.34482136368751526, 0.646695077419281, 0.6737805604934692, 0.35643067955970764, -0.2393985092639923, 0.14485961198806763, 0.1731664091348648, -0.1839989721775055, 1.0920557975769043]"
signals,"[-1.0945374965667725, 0.877744734287262, -0.42286553978919983, 0.2186216413974762, 0.509476900100708, -0.4402671456336975, -1.0200016498565674, 0.4955727458000183, 0.1665443629026413, 1.0123146772384644, -0.844597339630127, -1.1741999387741089, -0.8195326328277588, 0.9510421752929688, -1.1642693281173706, 0.11195540428161621, -1.1378772258758545, 0.9521921277046204, 1.158022165298462, -0.4748729169368744, -0.2691606283187866, 0.23882374167442322, -0.5750623345375061, -0.16128548979759216, -0.27657508850097656, 0.1336837261915207, 0.37075555324554443, 0.45833542943000793, -0.2787914276123047, -1.1378198862075806, 0.46772390604019165, -0.7186959981918335, 0.39614003896713257, 0.9335834383964539, -0.7588666677474976, 1.0132535696029663, 0.6900467872619629, -1.2687387466430664, -1.4099912643432617, 0.6465968489646912, 0.8542361259460449, -1.1198561191558838, -0.5892881751060486, 0.25374534726142883, 0.48308172821998596, 0.09217797219753265, -1.1675915718078613, -1.6006489992141724, 0.8947892189025879, -0.5691260695457458, -0.6213539242744446, -0.05432713031768799, 1.2659616470336914, 1.5759873390197754, 0.3512311279773712, 1.1159412860870361, 0.4913705587387085, -0.6574980616569519, 0.21962758898735046, 0.16546505689620972, 0.87938392162323, -0.37272530794143677, -0.036247193813323975, 0.42120441794395447, 0.7497599124908447, -0.4110458195209503, -0.8200442790985107, -0.05498145520687103, 0.1537148654460907, 1.2925763130187988, -0.9248241782188416, -0.374042272567749, 0.20289303362369537, -0.11636324226856232, 0.39298856258392334, 0.5037428736686707, -0.08347277343273163, 0.005533965770155191, 0.0024530289229005575, -0.5000423789024353, -1.255766749382019, -1.1042157411575317, -0.7069326639175415, 0.6696513295173645, -0.8399198055267334, 0.5219045281410217, -0.21478651463985443, -0.4228954315185547, 0.8925502300262451, 0.4324261248111725, -0.2983502745628357, 1.0254571437835693, -0.36563944816589355, -0.37038400769233704, -0.9533262252807617, -0.15212097764015198, 0.3271002769470215, 0.07001343369483948, 0.46908944845199585, 0.9085913300514221]"
cuts,"[-0.6355782151222229, -0.8232583403587341, -0.4204617440700531, -0.7295519113540649, 1.9784979820251465, 0.06736361980438232, -0.26213526725769043, 0.6133108735084534, 0.15514850616455078, 0.24210739135742188, -0.055164042860269547, -0.9251556992530823, -1.1661287546157837, 0.9430392980575562, -0.32682672142982483, 1.109089732170105, -1.4074894189834595, 0.3680177330970764, 0.017909036949276924, -0.9456906318664551, 0.017663130536675453, 0.5775367021560669, -0.3110284209251404, 0.7163193821907043, -0.34440821409225464, 0.9674792289733887, 1.4087910652160645, -0.8945198655128479, 0.1420857012271881, -0.5443586707115173, -0.02693404257297516, -0.8232281804084778, 0.0010106628760695457, -0.625761091709137, 0.32584911584854126, 0.3072012662887573, 0.10777444392442703, -1.3553298711776733, -1.2747102975845337, -0.3005049526691437, 0.1383657455444336, -0.41097795963287354, -0.9278735518455505, -0.1519889384508133, 0.5795570015907288, -0.370199054479599, -0.20029860734939575, -0.32914382219314575, 0.20638003945350647, 0.29890379309654236, -0.7631261348724365, -0.8715091347694397, 0.4978601932525635, 0.8306264877319336, 0.37188228964805603, 0.007289911154657602, 0.00519136805087328, -0.640245258808136, -0.6223509311676025, 0.48441529273986816, 1.118239164352417, 0.3801911175251007, 0.23427608609199524, 0.0659947395324707, 0.2961031496524811, 0.24487662315368652, -1.4139448404312134, 0.025271955877542496, 1.086097002029419, 0.7321857213973999, 0.457587867975235, -0.25744131207466125, -0.6394529342651367, -0.4607509672641754, 0.06700577586889267, -1.0089191198349, -0.03692258521914482, 0.3194144666194916, 1.6113908290863037, -0.9290707111358643, 0.08449870347976685, -0.7676034569740295, -1.3119887113571167, -1.5098903179168701, -0.9389001727104187, 0.07116895914077759, -0.6467229127883911, -0.3834940195083618, -0.5309107303619385, 0.1764286756515503, 1.318752408027649, 0.614406168460846, 1.2912269830703735, 1.1534615755081177, -0.0361928790807724, 0.610578715801239, -0.6502694487571716, -1.0814329385757446, -0.6956921219825745, 0.601431667804718]"
raises,"[-1.0071916580200195, 0.3287029564380646, -0.4023258686065674, -1.2093573808670044, 1.434874415397644, -0.6488730311393738, 0.26945021748542786, 1.0307573080062866, -0.17219828069210052, 0.29073095321655273, -0.6104609370231628, -1.1092641353607178, 0.09186005592346191, 0.4854668080806732, 0.24885140359401703, -0.787581741809845, -0.890742838382721, 0.0371754951775074, 1.3200984001159668, -1.412706971168518, 0.7504914999008179, 0.05363979563117027, -1.2754586935043335, -0.1882399618625641, -0.14843913912773132, 0.03679167851805687, -0.26839709281921387, -0.18595533072948456, -0.07138129323720932, -0.735266923904419, 0.44683295488357544, -0.17817315459251404, -0.7129703760147095, 0.44092777371406555, -0.05187418684363365, 0.8634927272796631, -0.5628696084022522, -0.7137269973754883, -1.0371756553649902, 0.5099785923957825, 0.737440824508667, -1.3202043771743774, 0.5149715542793274, 0.41067659854888916, 1.020385503768921, -0.6740623116493225, -1.0582472085952759, -1.4544788599014282, 0.15997561812400818, -0.49123868346214294, -0.7936920523643494, 0.9114464521408081, 1.3628686666488647, 0.08662929385900497, 1.4803706407546997, -0.06310604512691498, 0.672523558139801, 0.3073621988296509, 0.09319059550762177, 0.12135843932628632, 0.2492554634809494, -0.07365196198225021, -0.5804763436317444, 0.16168799996376038, 0.9109827876091003, 0.3799041211605072, -0.36327633261680603, 0.24456849694252014, 1.1748327016830444, 0.3279281556606293, -0.021431077271699905, -1.335586667060852, -0.06870077550411224, 0.9308788180351257, 0.4250033497810364, -0.2403482347726822, 0.509170413017273, 0.20558984577655792, 0.25628793239593506, -0.13669705390930176, -0.8993721008300781, -0.9749032258987427, -0.08082607388496399, -0.17496031522750854, 0.34831884503364563, 0.8756939172744751, 1.076612949371338, -0.15744785964488983, 0.8435400724411011, 0.24910686910152435, 1.3064136505126953, 0.8526978492736816, 0.673369824886322, 0.3175371587276459, 0.16045403480529785, 0.1442325860261917, 0.41274091601371765, -0.5174803733825684, 0.1791897714138031, 0.21156525611877441]"
announces,"[1.019162654876709, -0.6504541039466858, -0.5259900093078613, 0.3838762640953064, 0.0838201567530632, -0.919448733329773, 0.23190957307815552, 1.0674678087234497, 0.1804179847240448, -0.2614527940750122, -0.44044458866119385, -0.7402095794677734, 0.7200558185577393, 1.1225076913833618, 0.3788265287876129, -0.08313260972499847, 0.1519661545753479, -0.6712835431098938, 1.1970837116241455, 0.8114503026008606, 0.23949649930000305, -0.259417861700058, -0.6934006214141846, -1.0130219459533691, -0.21985971927642822, 0.9503028988838196, -1.2730640172958374, 0.183740496635437, 0.5790309906005859, 0.5894408822059631, 0.7755684852600098, -0.15841150283813477, -0.09715305268764496, 0.3066088557243347, -0.38351204991340637, 0.190607950091362, 0.4129960834980011, 0.2977249324321747, 0.25382760167121887, -1.3547773361206055, -0.35149839520454407, -1.083461046218872, 0.7396606206893921, 0.7788187265396118, 0.08570902794599533, 0.448276549577713, -0.5154860019683838, -0.19545984268188477, 0.9342908263206482, -0.5590963959693909, -1.3286168575286865, -0.8761671781539917, 0.26647788286209106, -0.3469636142253876, 0.8016141653060913, 0.7289800643920898, -0.061360836029052734, -0.2433714121580124, -0.07292142510414124, -0.28632789850234985, 0.15737125277519226, 0.2598568797111511, 0.3611603081226349, 1.1811038255691528, -0.05069498345255852, 1.0436561107635498, 0.7202709913253784, 1.116707682609558, -0.4305337965488434, 1.1494479179382324, 1.0784971714019775, -0.8080734014511108, 0.5536466836929321, 0.04454110935330391, 0.13121838867664337, -0.6453592777252197, -0.17031927406787872, 0.5587544441223145, -1.3375861644744873, -1.0868182182312012, -0.22776614129543304, -0.5105153322219849, -0.3396863341331482, 0.9249799251556396, 1.0105453729629517, -0.5948059558868408, 0.6788880825042725, -0.1677151620388031, -0.26716914772987366, -0.18706828355789185, 1.1942107677459717, -0.6822704076766968, 0.4217715263366699, 1.351589322090149, -0.1107725277543068, -0.0677325651049614, 0.14134284853935242, 0.02300034835934639, 0.06920324265956879, 0.5707323551177979]"
b,"[0.9419101476669312, 0.2442634403705597, -0.3276108503341675, 0.5697494745254517, -0.5091776847839355, 0.7778857946395874, -0.06702558696269989, 0.3191011846065521, 0.574419379234314, -0.41371479630470276, 0.23747701942920685, -0.2807879149913788, 0.35316428542137146, 0.3201298415660858, -0.9736870527267456, -0.07890574634075165, 1.1211621761322021, -0.928847074508667, 0.33562541007995605, -1.3123366832733154, -0.3006319999694824, -0.0315188430249691, -1.358803391456604, 0.039398662745952606, -0.8929612040519714, 0.9322266578674316, -0.3532983064651489, -0.9901074767112732, 0.3915731608867645, 0.4957401752471924, -0.3065616190433502, 0.3209667503833771, -0.2137521356344223, -0.7767966985702515, -0.880885660648346, 1.3849310874938965, -0.6487268805503845, -1.041735053062439, 0.555503785610199, -0.5558157563209534, -0.07253087311983109, -0.25416967272758484, -0.7426599860191345, 0.13850870728492737, 0.5582579970359802, 1.0250506401062012, -0.05218466743826866, -0.3044584095478058, 0.6770274639129639, 0.10605204850435257, -0.2985479235649109, 0.06397806853055954, -0.42338863015174866, 0.16493096947669983, 0.32428279519081116, 1.2650461196899414, -0.046069588512182236, 0.33968400955200195, 0.0365038700401783, -1.0851528644561768, 0.12942275404930115, -1.0398316383361816, 0.24361132085323334, -0.36626240611076355, -0.4605868458747864, 0.1408119797706604, -0.6436207890510559, -0.059540294110774994, -0.7432777285575867, 0.5062299370765686, 0.10793155431747437, 0.637607216835022, -0.2055133432149887, -0.6806743144989014, 0.9424110651016235, -0.3276965916156769, -0.4712044596672058, 0.4461090564727783, 0.42987218499183655, -0.25682738423347473, -0.4596756398677826, -0.6116882562637329, -0.3232073485851288, 1.2217174768447876, 0.32860371470451355, -0.8056141138076782, 0.8231388330459595, 0.5059260129928589, -0.2514970600605011, -0.6821375489234924, 0.4029943346977234, 0.12482710927724838, -0.14858196675777435, 0.9601527452468872, -0.04749853163957596, 0.061017293483018875, -0.15943975746631622, 0.768532931804657, 0.7508602738380432, 0.6037676930427551]"
expectations,"[-0.03380626440048218, 0.026445850729942322, -0.6242778897285461, -0.45649605989456177, 0.995430052280426, 0.26588019728660583, -0.6602737307548523, 0.16266557574272156, 1.583327293395996, 0.4094521701335907, 0.7559022307395935, -0.5388450622558594, 0.5660501718521118, -0.1611524522304535, 1.7144556045532227, -0.8394955396652222, -0.9806109666824341, -0.8973032832145691, -0.24407172203063965, -1.5259650945663452, -0.4444867968559265, 0.834881067276001, -1.0528018474578857, 1.1534711122512817, -0.29002052545547485, -0.5794891119003296, 0.5374190807342529, 0.11074351519346237, -0.471023827791214, -0.21778830885887146, 0.37186747789382935, -0.7051556706428528, 0.013180139474570751, 0.7560015320777893, -1.3247851133346558, 0.49250227212905884, -0.1891958862543106, 0.8206206560134888, 0.7731079459190369, 0.09237141907215118, 0.19039230048656464, -1.1100764274597168, -1.5246449708938599, 0.45990702509880066, 0.89397132396698, -0.5129842162132263, 0.004578861407935619, -0.49893465638160706, 0.98103266954422, 0.7124289274215698, -0.2016955316066742, -0.38857460021972656, 0.0364166684448719, 0.23854827880859375, -0.5349225997924805, 0.950251042842865, 0.44352343678474426, -0.131288081407547, -0.8237678408622742, -0.02939642034471035, -0.3657364547252655, 0.8289361000061035, 0.02479853667318821, 0.17316728830337524, -0.24857299029827118, 0.5126932263374329, -0.14043442904949188, -0.20882999897003174, 0.1278308779001236, 0.48985791206359863, -0.012659174390137196, -0.777478039264679, -0.7990618944168091, -0.9838964343070984, 0.6006715893745422, 0.9008761644363403, 0.019071735441684723, -0.36678293347358704, -0.1316966861486435, -0.3446207046508789, -0.33260998129844666, -1.273595929145813, -1.3032190799713135, 0.6621653437614441, 0.02753378450870514, 0.7632371783256531, -0.3354371190071106, 0.7119578719139099, 0.01902712881565094, -0.0759674534201622, -0.45756933093070984, -0.04944382980465889, 0.003137925872579217, 0.5233250260353088, 0.12802129983901978, -0.035777393728494644, 1.388360619544983, -0.5411701202392578, -0.6527570486068726, -0.5984718799591064]"
unemployment,"[0.21859174966812134, 1.1338934898376465, 0.9189205169677734, 0.7126294374465942, -0.56893390417099, -0.11609217524528503, 0.24055567383766174, 0.2717088460922241, -0.31036895513534546, 0.14881518483161926, 0.7703368663787842, -0.11447631567716599, 0.6550925374031067, 0.5904515385627747, 0.07092984020709991, -0.5075613260269165, -0.1932803839445114, -0.9219909906387329, -0.9196950197219849, -0.8108649849891663, -0.20806200802326202, -0.11040236800909042, 0.1938903033733368, -0.8667874336242676, 0.3703824579715729, -0.266282856464386, 0.3627364933490753, -0.048479244112968445, -0.23721538484096527, -0.3018045723438263, 0.49480316042900085, -0.5580198168754578, 0.3707776367664337, -0.46938538551330566, 0.36526334285736084, 0.031105779111385345, 0.35925599932670593, -0.7781075835227966, -0.11223533749580383, -1.2001502513885498, 0.15141820907592773, 0.053039856255054474, -0.8611302375793457, 0.04758039116859436, -0.4073183536529541, -0.7315558791160583, 0.6893236041069031, -0.23740415275096893, -0.7149437069892883, 0.32828882336616516, 0.8950716853141785, -0.07547585666179657, -0.8182416558265686, 0.749984622001648, -0.7144632935523987, 0.11160372197628021, 0.24760650098323822, 0.21693889796733856, -0.9423249959945679, 0.5570552349090576, -0.15017157793045044, 0.5687522888183594, 0.6674661040306091, 0.06633565574884415, -0.5034541487693787, 0.11492583900690079, 1.2254854440689087, 1.0887700319290161, -0.48739227652549744, 0.5229427814483643, 0.2928662896156311, 1.1390243768692017, -0.11582803726196289, 0.16800563037395477, 0.8680829405784607, -0.05355726182460785, 0.547817051410675, 0.20529647171497345, -0.22191061079502106, 0.6403111815452576, -0.4165954291820526, 0.08424289524555206, 0.6020933389663696, -0.11067518591880798, -1.1018433570861816, 0.26625004410743713, -0.05049179121851921, 0.4461784064769745, 0.5292730331420898, -0.22650747001171112, 0.5178229808807373, -0.03380437195301056, -0.22885505855083466, -0.23833875358104706, 0.5358441472053528, -0.10462789982557297, 0.01864403672516346, 0.6392115950584412, 0.07157324254512787, 0.4728248715400696]"
rally,"[-0.197783425450325, -0.7977595925331116, 0.18167153000831604, 0.5808724164962769, 1.196385145187378, -0.5993825793266296, -0.19829805195331573, 0.9183916449546814, -1.0257713794708252, -0.6977788805961609, -0.9213109612464905, -1.1172716617584229, 0.13967570662498474, 0.632515013217926, 0.2474627047777176, 1.2878667116165161, -1.927890658378601, -0.22469747066497803, 0.7212588787078857, 0.22262945771217346, -0.19578538835048676, 1.2456482648849487, -0.9175682663917542, -0.011013001203536987, -0.8021982312202454, 0.5710361003875732, -0.5322816371917725, 0.3224467933177948, 0.9818263649940491, 0.13694675266742706, -0.2626132667064667, -0.7353557348251343, 0.06353618204593658, 0.910597026348114, -1.2194337844848633, 1.1910436153411865, 0.5676207542419434, -0.3267333209514618, -2.1130282878875732, 1.5490552186965942, 0.9633563160896301, -0.08658512681722641, -0.21318402886390686, -0.22890429198741913, 0.6308906674385071, -0.17416441440582275, 0.36582887172698975, -0.3445499837398529, -0.265794575214386, -1.0199010372161865, -0.24290186166763306, -1.5722672939300537, -0.1556130200624466, 0.27570176124572754, 0.33472582697868347, 0.38090893626213074, -0.18805523216724396, -0.3372478187084198, 0.5363210439682007, -0.10337074100971222, -0.8219931125640869, -0.6393783688545227, 0.3229599595069885, 0.27096202969551086, 0.9947205185890198, -0.2400231510400772, -0.6833567023277283, -0.23639492690563202, -0.13605022430419922, 0.6406272053718567, 0.017010396346449852, -1.5133512020111084, 0.016148919239640236, -0.6297048926353455, -0.8230279088020325, 0.25214335322380066, -0.5613052248954773, -0.4673531651496887, -0.9186345934867859, 0.513115406036377, -0.22486543655395508, 0.1107175350189209, 0.5329833626747131, -0.2346004992723465, 0.061630211770534515, 0.1127997487783432, 0.49947381019592285, -0.048887692391872406, 0.07290977984666824, 1.1226835250854492, 1.2607238292694092, 1.2679390907287598, -0.28170689940452576, 0.7623104453086853, 0.9253360629081726, -0.3926776647567749, 0.06238558515906334, -0.360802561044693, 0.8753335475921631, 1.0137593746185303]"
gdp,"[-0.5382917523384094, 0.1201818659901619, 0.8052451014518738, -0.7569294571876526, -0.44621527194976807, -0.3865431845188141, -0.5119573473930359, 0.4598391652107239, 0.19519512355327606, 0.24838711321353912, -0.7190009951591492, -0.267535537481308, 0.27167782187461853, 0.09594344347715378, 0.9795179963111877, -0.29728588461875916, 0.14387285709381104, -1.013404130935669, 0.06714321672916412, -0.784905731678009, 1.1863362789154053, 0.024112092331051826, 0.4710475206375122, -0.6011794805526733, -0.4019453525543213, 0.05815555900335312, -0.4825648367404938, 0.17323614656925201, 0.39409488439559937, -0.11902707815170288, 0.15682362020015717, -0.3879551589488983, -0.4160713851451874, -0.7093111872673035, -0.2329324185848236, -0.8139389753341675, 0.28739479184150696, 0.10060534626245499, 0.637609601020813, -0.6678605079650879, 0.3900579512119293, -0.09828181564807892, -0.26609382033348083, -0.9045870900154114, 0.10046471655368805, -0.19066517055034637, 0.01576501876115799, 0.5894641280174255, 0.5765323042869568, 0.3959066867828369, 0.339641809463501, 0.18073751032352448, 0.5183731317520142, 0.645112931728363, 0.08052930235862732, 1.3595988750457764, 0.03282482922077179, 0.6108928918838501, 0.8004123568534851, 0.9707944393157959, -0.10056354850530624, 0.2119446098804474, -0.21276001632213593, -0.4811212718486786, -0.7359070181846619, 0.9428367018699646, -0.1514132022857666, -0.7871270179748535, 0.470370888710022, 0.7014139294624329, -1.1407208442687988, 0.790187418460846, 0.44265222549438477, -0.5458791851997375, 0.5964232683181763, -0.38697609305381775, 0.8842136263847351, -0.366037517786026, -0.1031799167394638, 0.9218068718910217, 0.3186192810535431, 1.0117793083190918, -0.6877851486206055, 0.3163641393184662, -0.26427024602890015, 0.16002105176448822, -0.7631691694259644, 0.7159367799758911, 0.547203779220581, -0.10380135476589203, -0.06843782961368561, -0.8896769285202026, 0.0684727281332016, -1.1905089616775513, -0.20345871150493622, 0.5079931616783142, 1.539602518081665, -0.5171893835067749, 0.020510895177721977, 0.15432867407798767]"
street,"[0.22951722145080566, -0.6898272037506104, 0.3682122826576233, -0.8673285245895386, -0.005043326877057552, -0.27305901050567627, 0.5578926801681519, 0.5383732914924622, 0.007898894138634205, -0.2730841040611267, 0.08407849818468094, 0.021066011860966682, -0.5907254815101624, 0.5337037444114685, -0.5899772644042969, 0.8758730292320251, -0.3923620283603668, 0.5617584586143494, 0.6398715376853943, -1.188105821609497, -0.32743746042251587, 1.270765781402588, -1.6936538219451904, -0.15188895165920258, -0.5746116042137146, -0.38966092467308044, -0.28842586278915405, -0.8391126394271851, 0.6813804507255554, -0.1850503385066986, 1.2354146242141724, 0.7982550859451294, -0.44326144456863403, 1.0626758337020874, -1.1198551654815674, 0.3240338861942291, 0.564927875995636, 0.08109583705663681, 0.14791274070739746, 0.060454610735177994, -0.650881290435791, -1.074949860572815, 1.832418441772461, 0.48232123255729675, 0.9385094046592712, -0.28145328164100647, -0.2606187164783478, -1.0289554595947266, 0.5555898547172546, 0.31930777430534363, -0.15975022315979004, 0.9368307590484619, 0.6629208922386169, -0.30633705854415894, 0.7147445678710938, 0.9797382354736328, 0.4468916058540344, 0.6715428233146667, -0.28514012694358826, 0.11498729884624481, 0.5802050828933716, 0.4758843779563904, -0.6149190664291382, 0.8815319538116455, 0.044883355498313904, -0.6740546822547913, -0.4167013466358185, -0.3717089593410492, 0.07895218580961227, 0.639250636100769, -0.9943878650665283, -1.3958650827407837, 0.272894024848938, 0.03775705769658089, -0.42819270491600037, -0.4524872899055481, 0.2701950967311859, -0.12517833709716797, 0.03315935283899307, 0.22494497895240784, 1.0639289617538452, -0.5044412016868591, -1.0483167171478271, 0.9500861763954163, 0.9287263751029968, -0.04547083005309105, 0.07651598006486893, 0.2384917140007019, -0.04374631494283676, 0.8893328905105591, 0.2475079894065857, 0.15672394633293152, -0.14221836626529694, 1.4529989957809448, 0.4672352373600006, -0.13048578798770905, 1.0720921754837036, -0.15937098860740662, -0.017107650637626648, -0.5812468528747559]"
wall,"[0.8641645908355713, -0.19412334263324738, 0.2914902865886688, 0.11539704352617264, -0.5614649653434753, -0.038505081087350845, -0.5540339350700378, 0.2176259309053421, -0.41810569167137146, 0.017067451030015945, 0.20353154838085175, -0.2706732153892517, 0.1503203809261322, 0.961092472076416, -1.624319314956665, 0.23662765324115753, -0.44386357069015503, 0.06148374080657959, 0.7112817764282227, -1.5407993793487549, -0.04490100219845772, 0.632500171661377, -0.4583688974380493, -0.8845022320747375, -0.2630488872528076, -0.3325754702091217, -0.5419613122940063, -0.2843032479286194, 0.7991304397583008, 0.5809260606765747, 0.6449877023696899, 0.18944330513477325, -1.354493498802185, 0.3895941972732544, -0.2567727565765381, 0.9110657572746277, 0.4259466826915741, -0.3404090404510498, -0.36992520093917847, -0.5828642249107361, 0.04960789531469345, -1.0570677518844604, 1.3238599300384521, 0.262920081615448, 0.5194193124771118, -0.9989914894104004, -0.7151342630386353, -1.463614821434021, 0.1485312134027481, 0.41301581263542175, -0.42646923661231995, 0.08263739943504333, 0.09544073045253754, -0.3021935522556305, 0.5739954113960266, 0.3687828779220581, -0.15859593451023102, 0.3434596359729767, -1.7228894233703613, -0.030089126899838448, 0.7409441471099854, 0.6339109539985657, 0.5499029159545898, 0.668630063533783, 0.041312623769044876, -0.7233433127403259, 0.4428558051586151, -0.31852108240127563, -0.30571866035461426, -0.44698911905288696, -1.380966067314148, -1.408579707145691, -0.7585225701332092, -0.2086804211139679, -0.3701789677143097, -1.061017394065857, -0.7244271039962769, -0.2923699915409088, -0.4855831265449524, 0.8528310060501099, 0.7768990993499756, -0.47103703022003174, -1.4081146717071533, 0.8518829941749573, -0.08565780520439148, -0.1644047200679779, 0.3501591086387634, 0.536175549030304, 0.3699302077293396, 0.26753878593444824, -0.7374491691589355, 0.42230740189552307, 0.5846394896507263, 1.2019391059875488, 0.3633638620376587, 0.02006661519408226, -0.09748312085866928, 0.07493408024311066, -0.650036633014679, 0.020866140723228455]"
tech,"[-0.36974281072616577, -0.4017783999443054, -0.08960971236228943, 1.0446912050247192, 0.8082018494606018, 0.3650161623954773, 0.17709550261497498, 0.24568819999694824, -2.2545323371887207, 0.6081640124320984, -0.901027262210846, -0.04234827309846878, 0.20075324177742004, 0.4156728684902191, -0.18851909041404724, 0.3548831045627594, -1.3045809268951416, -0.7812526226043701, 0.3916324973106384, -0.8887485265731812, 0.4469259977340698, 0.26232272386550903, 1.373900294303894, -0.7718493938446045, -1.1870783567428589, -0.6468920111656189, -0.2710579037666321, -0.008795101195573807, 0.10922213643789291, 0.6311018466949463, 0.3996414244174957, 0.04208742454648018, 0.03673608973622322, 1.0792988538742065, -0.3721662163734436, 0.799027681350708, -0.5355612635612488, 0.6768500208854675, -0.9321316480636597, 0.28575795888900757, 1.0112345218658447, -0.36546435952186584, 0.23304805159568787, 0.4347648620605469, 0.3897320032119751, -0.8279032707214355, 0.14419645071029663, -0.6146127581596375, 1.0232082605361938, -0.42846977710723877, -0.1321553736925125, -0.7279244065284729, 0.06375079602003098, -0.3577312231063843, 0.45638740062713623, -0.45024603605270386, 0.24360866844654083, -0.44401395320892334, -0.3523256778717041, -0.022355223074555397, 0.20319034159183502, -0.31067782640457153, 0.11769472062587738, -0.6258500218391418, -0.25165101885795593, -0.3434588313102722, -0.12298671901226044, 0.4103492796421051, -0.3244715631008148, 0.776372492313385, -0.5760692954063416, -0.695749819278717, -0.15663306415081024, -0.2639159560203552, -0.5303453207015991, -0.706913948059082, -0.026310062035918236, 0.24412856996059418, 0.0024801800027489662, 0.44787833094596863, 0.2594761848449707, 0.11269719898700714, -0.6035839915275574, 0.16641543805599213, -0.4680449068546295, -0.19149106740951538, -0.7707058787345886, 0.495157390832901, 0.4311903119087219, 0.4136922061443329, 0.707036018371582, 0.036484017968177795, -0.10409784317016602, -0.6449487209320068, -0.1975361704826355, -0.86403489112854, -0.1694687008857727, 0.016316115856170654, 0.46821972727775574, 0.10675637423992157]"
america,"[-0.08263219892978668, 0.9734121561050415, -0.22916850447654724, 0.48071157932281494, 0.2649063766002655, 0.007294401526451111, 0.6035490036010742, -0.278798371553421, 0.6951739192008972, 0.3024560511112213, 0.7510179281234741, -1.1254558563232422, -0.20457008481025696, 0.6625815033912659, -2.0506813526153564, -0.6225812435150146, 0.8851296901702881, -0.2883329689502716, -0.9782195687294006, 1.620580792427063, -0.4462949335575104, 1.581387996673584, -0.06554815918207169, 1.0772098302841187, 0.24140875041484833, -0.5612059235572815, -0.14891381561756134, -0.15400558710098267, -0.946790337562561, -0.3688984215259552, 0.14917424321174622, -0.5969618558883667, -0.18075352907180786, -0.5629628300666809, -0.23633910715579987, -0.46450361609458923, 0.06798284500837326, 1.0884406566619873, 1.1979166269302368, -0.3746996223926544, -0.41662997007369995, -0.5639682412147522, -0.4773290455341339, -0.8820245862007141, -0.5805467963218689, 0.6745364665985107, -0.3841804265975952, 0.8333314061164856, -0.14437584578990936, 0.354518860578537, 0.19971011579036713, -0.15013806521892548, 0.17780908942222595, -0.8531685471534729, 0.1962265968322754, 1.17847740650177, 0.5458818674087524, 0.5113085508346558, 0.607072651386261, 0.4883697032928467, -0.012127101421356201, -1.721491813659668, 0.8077875375747681, -0.5384233593940735, -0.46999484300613403, -0.6615773439407349, -0.9879273772239685, -0.006735453847795725, 0.6685277819633484, -0.12766684591770172, 0.8192347288131714, -0.13690155744552612, -0.0819692462682724, -0.521796703338623, -0.2916375696659088, 0.14363501965999603, -1.6167287826538086, -0.818498969078064, 0.9687702059745789, -0.15080583095550537, -0.664066731929779, 0.6958244442939758, 0.1350908875465393, 0.08350777626037598, 0.565056562423706, -0.5080567598342896, 0.08082275092601776, -0.39610087871551514, 1.0128191709518433, -0.9297142624855042, 0.015041308477520943, -0.5183190107345581, 0.39023348689079285, -1.5810723304748535, 0.8406298756599426, 0.7942521572113037, -0.10468103736639023, -1.1441173553466797, -1.5251272916793823, -0.5550253987312317]"
goldman,"[-0.21632368862628937, 0.8319857716560364, -1.1828958988189697, 0.141436368227005, -1.5845494270324707, 0.8216844201087952, 0.3316448926925659, 0.6395553350448608, 0.305538535118103, 0.9829372763633728, -1.1893991231918335, 0.3763946294784546, 1.3188635110855103, 1.0029842853546143, -0.256780207157135, 0.4952569603919983, 0.842353105545044, -0.426874577999115, -0.5839188098907471, -0.3685849905014038, 0.40973836183547974, 0.3098203241825104, 0.05309100076556206, 1.4932148456573486, 1.6661015748977661, -0.5865976810455322, -0.28109899163246155, 0.2395080178976059, -0.5314774513244629, 0.4705221652984619, 0.33824431896209717, 0.26362812519073486, 0.8879387378692627, -1.699404001235962, -0.48374295234680176, 0.5193383097648621, 1.0053726434707642, -0.5264187455177307, 0.8099342584609985, -0.28990504145622253, -1.9075353145599365, 1.7843493223190308, 1.0490894317626953, -1.754622220993042, 0.28811126947402954, 0.5948755741119385, 0.35398271679878235, 0.13253742456436157, -0.5900375843048096, 1.372227430343628, -0.4927327632904053, 0.5623349547386169, -1.149461269378662, 0.12976935505867004, -0.7916715741157532, -1.4782787561416626, -0.3143371641635895, -0.07478675991296768, 0.373515248298645, 0.8502488136291504, 1.2454005479812622, -1.2012099027633667, -0.5246091485023499, 0.8398034572601318, -0.9049575328826904, -0.2540629208087921, -0.8034641742706299, -0.09015439450740814, 0.5965209603309631, 0.6277841925621033, 1.086722493171692, -0.6242329478263855, 0.15777747333049774, -0.01871032640337944, 0.6953362226486206, -0.21948382258415222, -1.3007758855819702, 0.12250205874443054, 0.03805086016654968, 0.4981754422187805, -0.3612448573112488, -0.05630388855934143, -0.33528050780296326, -0.32697972655296326, -0.7872911691665649, -0.026922794058918953, 0.15832673013210297, -0.3185216188430786, -0.017399676144123077, -0.7895935773849487, 0.12469691783189774, -0.6579099297523499, -1.394758701324463, -1.421791672706604, 0.5021073818206787, -0.40438172221183777, -0.8691383004188538, -2.1687686443328857, -0.11209673434495926, -0.037639547139406204]"
tesla,"[-0.44198697805404663, 0.4686124324798584, 0.03854984790086746, -0.13006120920181274, -0.9677888751029968, 0.3450835645198822, 0.07190616428852081, 0.33370864391326904, 0.10343026369810104, -0.40345099568367004, -0.1165652722120285, 0.4215506613254547, 0.3396509885787964, -0.14897821843624115, -0.8794750571250916, -0.33992940187454224, 0.6800971627235413, -0.020134026184678078, -0.8819613456726074, 0.36889219284057617, -0.39929497241973877, 0.2348463386297226, 0.23821580410003662, 0.575299859046936, 0.36033353209495544, -0.123973049223423, 0.4509323537349701, 0.2738341987133026, -0.7731161713600159, 0.25938645005226135, -0.38132408261299133, -0.08340289443731308, 0.5443982481956482, -1.2872191667556763, 0.7690772414207458, -0.2832750976085663, 0.25647613406181335, -0.8746482729911804, 1.5064269304275513, 0.04447934404015541, -0.47736674547195435, 0.11801522970199585, 0.07244043797254562, -1.0702489614486694, 0.27438390254974365, 0.15272778272628784, 0.609743595123291, 0.9606930017471313, 0.019746802747249603, -0.00105850410182029, 0.9647914171218872, 0.5730660557746887, -0.7843340039253235, -0.0565447099506855, -0.44782504439353943, 0.6032184958457947, -0.15121683478355408, 0.16056789457798004, 0.6147264242172241, 0.37202244997024536, 0.5539201498031616, -0.6475526094436646, 0.49384862184524536, 0.38312363624572754, -0.3520428240299225, 0.09725794196128845, -0.25368979573249817, -0.45207542181015015, -0.1499696522951126, -0.2355344444513321, 0.7749398946762085, 0.5726211071014404, -0.3666747808456421, -0.5945411920547485, 0.5637109875679016, 0.1191515251994133, -0.9749893546104431, 0.2489635944366455, 0.6561363935470581, 0.46037769317626953, -0.3537231683731079, 1.5279196500778198, -0.024350814521312714, 0.06169884651899338, -0.1329818218946457, 0.4432476758956909, -0.09142261743545532, 0.32178932428359985, 0.9245689511299133, -0.42756423354148865, -0.011102419346570969, -1.1530133485794067, 0.21544486284255981, -1.7516849040985107, 0.6206831336021423, -0.10779310017824173, -0.4487830698490143, -1.6286420822143555, -0.22361604869365692, -0.7014411091804504]"
walmart,"[-0.582290530204773, 0.5441312789916992, 0.028024906292557716, -0.1929691731929779, -1.1101312637329102, 0.1892743706703186, 0.07738165557384491, 0.36828213930130005, 0.1480070948600769, -0.3841712176799774, -0.05075244605541229, 0.3176653981208801, 0.2770484983921051, -0.17918284237384796, -0.6539956331253052, -0.41563844680786133, 0.7410426735877991, 0.07146700471639633, -0.9478537440299988, 0.40102308988571167, -0.48094111680984497, 0.18028932809829712, 0.2532275319099426, 0.610050618648529, 0.3817627429962158, -0.10425693541765213, 0.40652185678482056, 0.31716716289520264, -0.9060605764389038, 0.15164543688297272, -0.3229418992996216, -0.03788185119628906, 0.4864245057106018, -1.2910959720611572, 0.7896296381950378, -0.3804168999195099, 0.30916517972946167, -0.8894769549369812, 1.5598618984222412, -0.041919346898794174, -0.4846510589122772, 0.14766281843185425, 0.0479285754263401, -1.2788262367248535, 0.21043618023395538, 0.15155598521232605, 0.5091122388839722, 0.9566076397895813, 0.06394220143556595, -0.010351243428885937, 1.037456750869751, 0.5653009414672852, -0.7170631289482117, 0.01079038716852665, -0.4647230803966522, 0.5740671157836914, -0.08192150294780731, 0.06692243367433548, 0.5667186975479126, 0.5506925582885742, 0.4820869266986847, -0.6022446155548096, 0.5152187347412109, 0.4099355638027191, -0.3860168159008026, 0.1715935319662094, -0.2475542277097702, -0.4143795073032379, -0.12206749618053436, -0.2329925000667572, 0.8244550228118896, 0.5501583814620972, -0.31891801953315735, -0.6248120069503784, 0.6681068539619446, 0.22973832488059998, -0.8509762287139893, 0.24148382246494293, 0.6911526918411255, 0.4906493127346039, -0.42732399702072144, 1.4136738777160645, 0.023139066994190216, -0.034336674958467484, -0.15067768096923828, 0.420363187789917, -0.13714665174484253, 0.3385219871997833, 1.0562387704849243, -0.48852598667144775, -0.059060174971818924, -1.0916839838027954, 0.20614805817604065, -1.8960031270980835, 0.6073254346847534, -0.17479866743087769, -0.2833246886730194, -1.6491339206695557, -0.26460352540016174, -0.7076061964035034]"
google,"[-0.541138768196106, 0.520216166973114, 0.008150700479745865, -0.12287948280572891, -1.086367130279541, 0.37636739015579224, 0.12159507721662521, 0.36232465505599976, 0.33166512846946716, -0.23023441433906555, -0.11172200739383698, 0.5151645541191101, 0.4475770592689514, -0.1258428543806076, -0.7655932903289795, -0.3066026270389557, 0.750984251499176, 0.12311717867851257, -0.8995094895362854, 0.4774320125579834, -0.49850884079933167, 0.2907131314277649, 0.32866573333740234, 0.6057470440864563, 0.4430868327617645, 0.05947485566139221, 0.38267478346824646, 0.21781165897846222, -0.8139044046401978, 0.3213379681110382, -0.314166396856308, -0.05089683085680008, 0.5370628833770752, -1.168077826499939, 0.7197247743606567, -0.37901338934898376, 0.23879051208496094, -0.9233891367912292, 1.5662016868591309, -0.10806996375322342, -0.5275411605834961, -0.04621827229857445, 0.1032477542757988, -1.3624966144561768, 0.1990039199590683, 0.18928422033786774, 0.4881160259246826, 0.9466571807861328, 0.11081573367118835, -0.1516307145357132, 0.9345970153808594, 0.5563288331031799, -0.7442564964294434, -0.1375875324010849, -0.4354292154312134, 0.7593038082122803, -0.06917087733745575, 0.23895584046840668, 0.6782296299934387, 0.34427782893180847, 0.3327159583568573, -0.6449567675590515, 0.5300055742263794, 0.3544352352619171, -0.33780401945114136, 0.18996843695640564, -0.37591201066970825, -0.45236334204673767, -0.1746642142534256, -0.14102022349834442, 0.8776844143867493, 0.47593313455581665, -0.3164213299751282, -0.5456854701042175, 0.6247634291648865, 0.2780657410621643, -0.7448927760124207, 0.26457494497299194, 0.6518623232841492, 0.42503368854522705, -0.35579946637153625, 1.4140430688858032, -0.021128088235855103, 0.18327753245830536, -0.2590896189212799, 0.5424929857254028, -0.10564818978309631, 0.13764500617980957, 0.9131031036376953, -0.4379819333553314, 0.13469195365905762, -1.2116364240646362, 0.16828329861164093, -1.9430543184280396, 0.6613662838935852, -0.20356525480747223, -0.3180135488510132, -1.7364660501480103, -0.3014505207538605, -0.6851540207862854]"
bank,"[-1.1970794200897217, -0.05623507499694824, -0.6231193542480469, -0.18062584102153778, -1.0395991802215576, 0.4441160261631012, -1.0020265579223633, 1.1360749006271362, 0.030836816877126694, -0.8817795515060425, 0.9087551832199097, 1.4294904470443726, 0.5191928148269653, -0.8223642110824585, -0.6495320796966553, 0.8311358094215393, 0.17515595257282257, -0.6750113368034363, 0.12306204438209534, -0.17284414172172546, -1.6000373363494873, -0.6718803644180298, 1.2552967071533203, -0.8630015850067139, 0.8117607831954956, 1.0793794393539429, 0.4380868077278137, 0.45307278633117676, -0.5860832929611206, 0.7572717070579529, -0.4455060064792633, -0.5884462594985962, 0.8261284828186035, -0.5993040204048157, 1.64256751537323, -0.6481074690818787, -1.138344407081604, -2.005905866622925, 1.3320772647857666, 0.1303194910287857, -0.10849802196025848, -1.0667465925216675, -0.26784294843673706, -1.6879328489303589, 0.6803300976753235, -0.5974881649017334, 1.0135248899459839, -0.06602685898542404, -0.6103525161743164, 0.8316572308540344, 0.4243864119052887, 0.6221418380737305, -0.17295531928539276, 0.549103856086731, -0.33587315678596497, -0.766753613948822, -0.21941369771957397, 0.8315543532371521, 0.6895753145217896, 1.1180974245071411, 0.462691068649292, -0.1704084575176239, 0.3856673538684845, 1.338362216949463, 0.37843042612075806, -0.5256900191307068, -0.15897521376609802, 0.17475616931915283, -1.152095913887024, 0.6426537036895752, 0.20867317914962769, -0.26281505823135376, 0.32881051301956177, -0.6946578621864319, 1.187319278717041, -0.08683475852012634, -1.5123411417007446, 0.9920732975006104, 0.8202752470970154, 0.2970860004425049, 1.0374270677566528, 0.48557248711586, -0.06964444369077682, 0.49694809317588806, 0.5122036337852478, 0.8374024033546448, -0.021474087610840797, 0.27692827582359314, 0.6065400242805481, 0.3682701289653778, -1.133690357208252, -1.419173240661621, 0.5909934639930725, -1.2177040576934814, 0.39737647771835327, 0.06419480592012405, 0.11507926881313324, -1.910164713859558, 1.2292441129684448, -0.9494826793670654]"
meta,"[-0.5096885561943054, 0.5390446782112122, -0.06416486203670502, -0.17120787501335144, -1.0085492134094238, 0.3275183141231537, 0.04665977880358696, 0.38505443930625916, 0.23103667795658112, -0.3670836091041565, -0.08791240304708481, 0.46226292848587036, 0.4829126298427582, -0.14550530910491943, -0.7552589774131775, -0.3763168454170227, 0.7121447324752808, 0.07917696237564087, -0.9032117128372192, 0.3307778239250183, -0.38366541266441345, 0.2928161919116974, 0.16908679902553558, 0.5942370295524597, 0.44459956884384155, -0.05147194117307663, 0.3869308531284332, 0.2053486555814743, -0.7492018938064575, 0.32535189390182495, -0.500083863735199, -0.12245189398527145, 0.5496296286582947, -1.2582212686538696, 0.7274239659309387, -0.2909064292907715, 0.16256186366081238, -0.864929735660553, 1.6236813068389893, -0.02154627814888954, -0.46056297421455383, 0.17049886286258698, 0.1000709980726242, -1.2367570400238037, 0.3166932761669159, 0.22674669325351715, 0.604503870010376, 1.0044039487838745, 0.09237901121377945, -0.060563892126083374, 0.9665579199790955, 0.6053072214126587, -0.7549159526824951, -0.05240233615040779, -0.5396215915679932, 0.6844837069511414, -0.14022955298423767, 0.21263520419597626, 0.6820312738418579, 0.3996659219264984, 0.4773699641227722, -0.6236549019813538, 0.5794375538825989, 0.35859209299087524, -0.40824753046035767, 0.3059462010860443, -0.28467628359794617, -0.4948674440383911, -0.15516617894172668, -0.18882228434085846, 0.7843603491783142, 0.4460284113883972, -0.45673927664756775, -0.5391215085983276, 0.585635781288147, 0.18196049332618713, -0.8867208957672119, 0.23116104304790497, 0.7246975302696228, 0.4096118211746216, -0.3563983738422394, 1.5408921241760254, -0.03854687139391899, -0.007801607716828585, -0.2177933007478714, 0.4771389663219452, -0.01280010212212801, 0.17383448779582977, 0.9827551245689392, -0.4744221866130829, 0.02088027633726597, -1.2380669116973877, 0.2375313937664032, -1.8028239011764526, 0.5438631772994995, -0.17904053628444672, -0.2807656526565552, -1.674180269241333, -0.2146058976650238, -0.768713653087616]"
nvidia,"[-0.4575257897377014, 0.5346167683601379, -0.0985449030995369, -0.16172483563423157, -1.0497277975082397, 0.44012176990509033, 0.03871229663491249, 0.34694328904151917, 0.1796296238899231, -0.24334575235843658, -0.031942613422870636, 0.4266468584537506, 0.3306611478328705, -0.19249755144119263, -0.6574538350105286, -0.32774442434310913, 0.6138126254081726, -0.039586495608091354, -0.9107533693313599, 0.4708126485347748, -0.5028255581855774, 0.20600976049900055, 0.3003958463668823, 0.5069787502288818, 0.3385992646217346, -0.06617128849029541, 0.390774130821228, 0.2116851955652237, -0.8647109270095825, 0.3087310492992401, -0.35812631249427795, -0.051364775747060776, 0.5938053727149963, -1.3130735158920288, 0.6858954429626465, -0.2746463418006897, 0.2525426149368286, -0.7634893655776978, 1.4691895246505737, -0.22548586130142212, -0.5700637102127075, 0.0017846524715423584, 0.016573341563344002, -1.2531957626342773, 0.26872849464416504, 0.19290997087955475, 0.48482388257980347, 0.989113450050354, -0.023139704018831253, -0.04972723871469498, 1.0285215377807617, 0.6249671578407288, -0.6639407873153687, -0.07712199538946152, -0.4831516444683075, 0.554334282875061, -0.08077453076839447, 0.18312306702136993, 0.6171874403953552, 0.43018388748168945, 0.4188081622123718, -0.6411424875259399, 0.4374554753303528, 0.2662511169910431, -0.35673752427101135, 0.25726205110549927, -0.23978447914123535, -0.4370567798614502, -0.21625632047653198, -0.1751987487077713, 0.7429712414741516, 0.5718292593955994, -0.1924782395362854, -0.44282880425453186, 0.5937692523002625, 0.2661868929862976, -0.7633832097053528, 0.10887238383293152, 0.7601472735404968, 0.35149142146110535, -0.33081018924713135, 1.4849117994308472, 0.031694818288087845, 0.04753757640719414, -0.20362021028995514, 0.5030972957611084, -0.1261768639087677, 0.18836091458797455, 0.8432510495185852, -0.3829928934574127, 0.08891314268112183, -1.080681324005127, 0.18588556349277496, -1.9172836542129517, 0.6381497383117676, -0.10697130858898163, -0.39610886573791504, -1.6406171321868896, -0.36754584312438965, -0.8654837012290955]"
sachs,"[-0.19300401210784912, 0.2048281580209732, 0.832413375377655, -0.4070259928703308, -1.4611330032348633, -0.15130452811717987, -0.3917645812034607, -0.11372119933366776, -0.01326317060738802, -0.7534757852554321, 0.7377492785453796, 0.5919281840324402, -0.565440833568573, -0.1396092176437378, -0.6164077520370483, -0.7384409308433533, -0.4638514518737793, -0.2164706140756607, -0.042254552245140076, 1.5694891214370728, -0.09202281385660172, 0.6850610375404358, -0.24554340541362762, -0.8503934144973755, -0.6881126761436462, 0.46650490164756775, 1.3962767124176025, 1.0431241989135742, -0.962449312210083, 0.3044513165950775, -0.10418889671564102, 0.28079962730407715, 0.30686554312705994, -1.7832765579223633, 1.8120840787887573, -0.7350320816040039, -0.7043121457099915, -1.3720108270645142, 0.3901175558567047, -0.8211715221405029, -1.318437099456787, -0.1168806329369545, -0.7746085524559021, -1.1759790182113647, 0.9058454632759094, 0.10238854587078094, 0.8406462073326111, 0.5736628174781799, 0.9906086921691895, -0.9159388542175293, 1.4880950450897217, 1.1990083456039429, -1.203214168548584, -1.0525496006011963, 0.5356287360191345, 1.4271953105926514, -0.33223822712898254, 0.12872126698493958, 0.30608800053596497, -0.8055173754692078, -0.26971033215522766, 0.3513695001602173, 0.03464309126138687, -0.4965416491031647, -0.3426506221294403, 0.40303370356559753, -0.6757908463478088, -1.203560709953308, -0.4986039400100708, -0.15596045553684235, 0.4456755518913269, 0.11144893616437912, 0.010648087598383427, -0.4706302881240845, 0.6583559513092041, 0.985491156578064, -1.089903712272644, -0.5381245017051697, 0.6802951097488403, 0.5888984799385071, -0.8693718314170837, 0.9716479778289795, -0.6178712248802185, 1.2282289266586304, 0.03391391038894653, -0.3435063362121582, 0.2617877125740051, 0.31232112646102905, 1.6617878675460815, 0.17316286265850067, 0.46302324533462524, -0.4270716905593872, 1.732336401939392, -1.3613587617874146, 0.10334201157093048, -0.32976728677749634, -0.32532256841659546, -0.6001240015029907, -1.0127692222595215, -1.531407117843628]"
trading,"[0.3032488226890564, 0.31379637122154236, -0.1480630338191986, -0.1317170411348343, -0.21681037545204163, 0.29405051469802856, 0.4880702495574951, 0.35018959641456604, 0.15832309424877167, 0.3885677754878998, -0.08056771010160446, -0.6904671788215637, -0.3142912983894348, -0.28302934765815735, -0.045670635998249054, 0.22771993279457092, -0.3252631425857544, 0.24761465191841125, 0.18437017500400543, -0.6821986436843872, -0.26857250928878784, -0.0542679987847805, -0.9211816191673279, 0.1805531531572342, -1.0650423765182495, 0.28639721870422363, 0.32964029908180237, -0.16617785394191742, -0.022849896922707558, 0.3627324104309082, -0.21603035926818848, 0.11908494681119919, 0.33001619577407837, -0.0842585414648056, -0.6555024981498718, 0.42227911949157715, 0.49096399545669556, 0.3029838800430298, -0.08895230293273926, 0.031954314559698105, -0.19840668141841888, -0.28077319264411926, 0.26384437084198, -0.142830029129982, 0.85088711977005, -0.5978788137435913, 0.232722207903862, 0.1384299248456955, 0.14670929312705994, 0.06316762417554855, 0.4478917121887207, -0.3806251883506775, 0.062140919268131256, -0.474112868309021, -0.06703094393014908, -0.3898402750492096, 0.26380741596221924, -0.2590472102165222, 0.08835697919130325, -0.6377303600311279, -0.5439298748970032, -0.03688661754131317, -0.4553147256374359, -0.3104994297027588, 0.33309927582740784, -0.22460612654685974, 0.3309418261051178, 0.9128894209861755, -0.5366266369819641, 0.09134239703416824, 0.37032550573349, 0.24070248007774353, 0.08801476657390594, 0.3033194839954376, 0.3741450607776642, -0.1025734543800354, 0.07191259413957596, -0.05358842760324478, 0.1019689217209816, -0.30609339475631714, -0.31775984168052673, -0.5407437086105347, -0.2870846688747406, 0.45032811164855957, 0.3594442903995514, -0.672458827495575, -0.1613205522298813, 0.29606592655181885, -0.10574688017368317, 0.3213840425014496, 0.07172074913978577, 0.25934961438179016, -0.18740905821323395, 0.4010354280471802, 1.2077072858810425, -0.0210869200527668, 0.24589303135871887, 0.22874332964420319, -0.15830305218696594, 0.10938721150159836]"
cocacola,"[-0.4237564504146576, 0.5081968307495117, 0.07385598868131638, -0.20755881071090698, -0.9870608448982239, 0.3147870898246765, 0.16875162720680237, 0.32076847553253174, 0.2600342631340027, -0.3557380437850952, -0.0658746063709259, 0.3659614622592926, 0.251250684261322, -0.18404889106750488, -0.786527693271637, -0.4838384687900543, 0.7300378680229187, 0.09145348519086838, -0.8572038412094116, 0.30185461044311523, -0.21592046320438385, 0.22941042482852936, 0.2433018833398819, 0.5682522058486938, 0.4049798250198364, -0.1769951581954956, 0.4799562990665436, 0.3344138562679291, -0.8493214845657349, 0.16778448224067688, -0.34685102105140686, 0.029259100556373596, 0.6263290643692017, -1.2499446868896484, 0.7442065477371216, -0.36222806572914124, 0.23510608077049255, -0.7878847718238831, 1.5750415325164795, 0.025917673483490944, -0.44490212202072144, 0.15538237988948822, 0.0702824741601944, -1.1828969717025757, 0.33263105154037476, 0.08551910519599915, 0.4958045184612274, 0.9276951551437378, 0.1269276738166809, 0.018961701542139053, 0.9512810111045837, 0.5596330165863037, -0.7221454977989197, -0.08982783555984497, -0.47567659616470337, 0.6304711103439331, -0.1174338310956955, 0.09906754642724991, 0.5860891938209534, 0.5162841081619263, 0.4968566596508026, -0.6175320148468018, 0.5521570444107056, 0.2502973675727844, -0.43675005435943604, 0.26974767446517944, -0.2706177532672882, -0.41754135489463806, -0.13552366197109222, -0.250316321849823, 0.7200419306755066, 0.6278647184371948, -0.302825927734375, -0.5588353872299194, 0.598362922668457, 0.060402702540159225, -0.7566553950309753, 0.1503436118364334, 0.6513085961341858, 0.4614240825176239, -0.3569422960281372, 1.5109474658966064, -0.08057824522256851, 0.0592002347111702, -0.16770753264427185, 0.5117542743682861, 0.0035385973751544952, 0.26395362615585327, 0.9577347040176392, -0.5739004611968994, 0.01667584292590618, -1.1290282011032104, 0.1909855306148529, -1.967961311340332, 0.5628148317337036, -0.12430911511182785, -0.29980412125587463, -1.4985988140106201, -0.2391788512468338, -0.7071295380592346]"
microsoft,"[-0.6088024377822876, 0.5585309267044067, -0.05767900496721268, -0.15935443341732025, -1.0367186069488525, 0.2931036651134491, 0.07232309877872467, 0.3070199489593506, 0.2809171676635742, -0.3082967698574066, -0.08466299623250961, 0.3852664530277252, 0.35330286622047424, -0.19363079965114594, -0.8268677592277527, -0.42205947637557983, 0.7836734652519226, 0.010617819614708424, -0.9903869032859802, 0.4282003343105316, -0.465538889169693, 0.1397222876548767, 0.2143971174955368, 0.5362035632133484, 0.37955179810523987, -0.17688871920108795, 0.36267760396003723, 0.1762876808643341, -0.7846947312355042, 0.22829733788967133, -0.3201284110546112, -0.09819867461919785, 0.5596429705619812, -1.2536507844924927, 0.7106661200523376, -0.3372580111026764, 0.3262932300567627, -0.8106914758682251, 1.6317613124847412, -0.170880526304245, -0.5659535527229309, 0.0703684389591217, 0.08860521018505096, -1.1389797925949097, 0.23975197970867157, 0.21108542382717133, 0.5435161590576172, 0.9785476326942444, 0.08383426070213318, -0.03595566377043724, 0.9776174426078796, 0.603150486946106, -0.5977773666381836, -0.08086665719747543, -0.33555281162261963, 0.7061610221862793, 0.00947448518127203, 0.2120656669139862, 0.5278775691986084, 0.46360111236572266, 0.473388671875, -0.6236699223518372, 0.5210720896720886, 0.3409068286418915, -0.41000649333000183, 0.27327632904052734, -0.2953430414199829, -0.5386902689933777, -0.1436413675546646, -0.25665003061294556, 0.7788292765617371, 0.5870782136917114, -0.30371931195259094, -0.5499306917190552, 0.6085081100463867, 0.02153129130601883, -0.8497960567474365, 0.1641218513250351, 0.6227536201477051, 0.35686194896698, -0.3828854262828827, 1.4899482727050781, -0.017761314287781715, 0.02726154401898384, -0.22728164494037628, 0.4777083098888397, -0.1015143096446991, 0.21112877130508423, 0.931817352771759, -0.4505705237388611, -0.0063705286011099815, -1.176027774810791, 0.2455037534236908, -1.8508780002593994, 0.6458724737167358, -0.15596267580986023, -0.34122753143310547, -1.6821019649505615, -0.34446239471435547, -0.761893093585968]"
apple,"[-0.45836564898490906, 0.5275722742080688, 0.021700164303183556, -0.18372583389282227, -0.9589568376541138, 0.2867361605167389, 0.09153403341770172, 0.2703389823436737, 0.2665925621986389, -0.276003360748291, -0.17353291809558868, 0.3879217207431793, 0.32144832611083984, -0.1774299293756485, -0.7758461236953735, -0.47000542283058167, 0.7700739502906799, 0.06331729888916016, -0.9065292477607727, 0.3894958198070526, -0.25383973121643066, 0.19996537268161774, 0.3284342885017395, 0.600179135799408, 0.3843699097633362, -0.08149151504039764, 0.3745864927768707, 0.20094172656536102, -0.7417497038841248, 0.21862554550170898, -0.4157074987888336, -0.05627416446805, 0.6229648590087891, -1.2373499870300293, 0.7431867122650146, -0.4075014591217041, 0.1939965933561325, -0.8441154360771179, 1.548768162727356, -0.1135052964091301, -0.48028305172920227, 0.12010689079761505, 0.09368075430393219, -1.2194633483886719, 0.23997041583061218, 0.27352526783943176, 0.4042622447013855, 0.9889015555381775, 0.08797422051429749, -0.09196724742650986, 0.9299768209457397, 0.4905325770378113, -0.6842871904373169, -0.030085820704698563, -0.3780527710914612, 0.5771105289459229, -0.13390085101127625, 0.1483919769525528, 0.5569656491279602, 0.4029936194419861, 0.3821265399456024, -0.6398475170135498, 0.571749210357666, 0.23374924063682556, -0.3793054521083832, 0.2916002571582794, -0.3043258488178253, -0.4942963719367981, -0.19113601744174957, -0.1816180795431137, 0.7755979299545288, 0.5931024551391602, -0.31713196635246277, -0.5548347234725952, 0.5542492270469666, 0.10319173336029053, -0.8117856979370117, 0.21994449198246002, 0.6182406544685364, 0.4085293114185333, -0.35662487149238586, 1.4628286361694336, -0.0428653247654438, 0.01316886954009533, -0.19752438366413116, 0.518129825592041, 0.01996069960296154, 0.22153756022453308, 0.9464589953422546, -0.5188201665878296, 0.10165147483348846, -1.0830756425857544, 0.21886196732521057, -1.9376269578933716, 0.5707048177719116, -0.12879715859889984, -0.36104831099510193, -1.5537898540496826, -0.2459982931613922, -0.6786537766456604]"
amazon,"[-0.5571063756942749, 0.5156123042106628, -0.06794800609350204, -0.17964859306812286, -0.965374767780304, 0.33057981729507446, 0.048050712794065475, 0.3064953684806824, 0.16690973937511444, -0.2184642255306244, -0.031057624146342278, 0.38389626145362854, 0.44266533851623535, -0.20018382370471954, -0.7702170610427856, -0.35757872462272644, 0.6903200745582581, 0.11582204699516296, -0.9145536422729492, 0.3729098439216614, -0.47485166788101196, 0.3252044916152954, 0.3352121114730835, 0.5172722339630127, 0.39981135725975037, -0.13915754854679108, 0.3469717502593994, 0.15090826153755188, -0.8727255463600159, 0.20544511079788208, -0.26352909207344055, -0.042467150837183, 0.49548307061195374, -1.224872350692749, 0.6855316162109375, -0.33835843205451965, 0.16001513600349426, -0.7989954352378845, 1.5706188678741455, -0.10583658516407013, -0.5230112671852112, 0.10231930762529373, 0.1689780205488205, -1.2789547443389893, 0.16844455897808075, 0.17420706152915955, 0.46239811182022095, 0.9804273247718811, 0.052528560161590576, -0.02933034859597683, 1.0285687446594238, 0.6188035011291504, -0.6052182912826538, -0.04722215235233307, -0.47869277000427246, 0.5240164995193481, -0.05151716247200966, 0.14645594358444214, 0.6888858675956726, 0.4854608178138733, 0.43342578411102295, -0.6507902145385742, 0.6010321974754333, 0.3598940372467041, -0.3357016444206238, 0.20275209844112396, -0.3415443003177643, -0.551186740398407, -0.2664892375469208, -0.22902575135231018, 0.7063001990318298, 0.44146719574928284, -0.27029818296432495, -0.5263441801071167, 0.537013053894043, 0.10272114723920822, -0.7974295616149902, 0.19286611676216125, 0.6752608418464661, 0.3791801333427429, -0.36183974146842957, 1.4799623489379883, -0.10939677059650421, -0.02302096039056778, -0.19611722230911255, 0.41923126578330994, -0.10659833252429962, 0.15649546682834625, 0.906796932220459, -0.3557829260826111, 0.02155468985438347, -1.1337890625, 0.18888913094997406, -1.8350485563278198, 0.6489713788032532, -0.14965136349201202, -0.3441925644874573, -1.728029727935791, -0.2473410815000534, -0.854485273361206]"
decision,"[-0.12452355027198792, 0.02786821685731411, -1.11533784866333, -0.9517035484313965, 0.9218568801879883, -0.538066565990448, 0.2707144618034363, 1.0782229900360107, 0.2774668037891388, 0.22082754969596863, 0.7429234981536865, -0.7439461946487427, 0.7880311608314514, 0.5222237706184387, 0.1769467294216156, -0.5421932935714722, 0.2849651575088501, 0.4523114860057831, -0.4150761663913727, -1.228024959564209, -0.48794883489608765, -0.8451279997825623, -0.2723551094532013, -1.058480978012085, 0.3453056812286377, -1.2299586534500122, 1.0370053052902222, -0.2337380051612854, -0.20198297500610352, -1.3208268880844116, 0.6294100880622864, 0.5791119933128357, 0.3477902412414551, -0.19929897785186768, 0.050503578037023544, 0.5798620581626892, -0.2320132553577423, -0.2858831286430359, -0.6966793537139893, -0.6233564019203186, 0.3197433650493622, 0.062373481690883636, -0.38593482971191406, -0.04792202264070511, 0.22987668216228485, -0.35202455520629883, -0.047478508204221725, 0.27215632796287537, -0.35151591897010803, -0.07024946808815002, 1.015260934829712, 0.2727220058441162, 0.12488430738449097, 0.8368827700614929, -1.019787311553955, -0.48154905438423157, 0.47023868560791016, -0.8791279792785645, -0.2901137173175812, 0.8623311519622803, 0.18943096697330475, -0.21902276575565338, 0.7955907583236694, -0.01707436889410019, -0.695841908454895, -0.06679663807153702, -0.2176266312599182, 0.42921558022499084, -1.0601561069488525, 0.777691125869751, 0.48850688338279724, -0.0033851454500108957, 0.3687395453453064, 0.6999441385269165, 0.8203824758529663, -0.7567774057388306, 1.0045907497406006, -0.7334771156311035, -0.9618501663208008, -1.0856329202651978, -0.7311134338378906, 1.185593605041504, -0.4701140820980072, 0.007168931420892477, -0.6025793552398682, 0.32314255833625793, -0.10749781876802444, -0.20616662502288818, -0.48454898595809937, 0.12618565559387207, 0.6102091670036316, 0.2668638229370117, -0.2915434241294861, 0.08137079328298569, 0.47734948992729187, 0.3352854549884796, -0.01323889009654522, -0.4642275273799896, 0.3574317991733551, -0.5213149189949036]"
await,"[0.3767799437046051, -0.9523568749427795, -1.2213233709335327, -0.8258752226829529, 1.2548280954360962, -0.6256081461906433, 0.8492621183395386, 1.0697195529937744, 0.6533914804458618, 0.5077612400054932, 1.0044339895248413, -0.5321276783943176, -0.19126884639263153, -0.4021840989589691, -0.3432184159755707, -0.10268770158290863, 0.1547280251979828, 0.10534247010946274, -0.19884848594665527, -0.5173483490943909, -0.5511242747306824, -0.5948403477668762, -0.07754175364971161, -1.1731246709823608, -0.06700340658426285, -0.9383817315101624, 1.3309062719345093, -0.4718402326107025, -0.10577769577503204, -1.0724455118179321, 1.3270279169082642, -0.1520521193742752, 0.6978301405906677, 0.19192059338092804, 0.3890022039413452, 0.48508235812187195, -0.020997362211346626, -0.9261851906776428, -0.7152097821235657, -0.3504215478897095, 0.5675760507583618, -0.11162909120321274, -0.029746903106570244, -0.021764229983091354, 0.7768770456314087, -0.18923501670360565, -0.5650256276130676, 0.577788770198822, -0.315683513879776, 0.18743681907653809, 0.5016238689422607, 0.2078695446252823, 0.3139819800853729, 0.9851385951042175, -1.16359543800354, 0.3977416753768921, 0.5778802037239075, -0.5316975116729736, -0.026112092658877373, 0.8065019845962524, -0.04487612470984459, -0.13049069046974182, 0.9397981762886047, 0.2602560520172119, -0.3852485120296478, 0.7810106873512268, -0.41856148838996887, 0.7067725658416748, -1.308480978012085, 0.6543079614639282, -0.18491290509700775, 0.2664189040660858, 0.3582685589790344, 0.17388395965099335, 0.8075457811355591, -1.3012467622756958, 0.9307953119277954, -0.838401198387146, -1.0545583963394165, -1.0500764846801758, -1.2480913400650024, 1.067807912826538, -0.666868269443512, 0.44099539518356323, -0.8034602999687195, 0.0482851006090641, 0.3448779582977295, -0.6342786550521851, -0.6273032426834106, -0.5204757452011108, -0.12085831165313721, 0.2405790090560913, -0.17370757460594177, 0.45298585295677185, 0.8344261050224304, -0.2080356329679489, -0.10493895411491394, -0.48802450299263, -0.1752987951040268, -0.37860679626464844]"
flat,"[-0.2800401747226715, -0.5409361720085144, -1.063781499862671, -0.885103166103363, 0.8332223892211914, -0.6880766153335571, 0.09752461314201355, 1.4141063690185547, 0.3576645255088806, -0.05470086261630058, 0.8488143682479858, -1.0692976713180542, 0.5979509949684143, 0.39470016956329346, 0.3700943887233734, -0.0441129170358181, 0.04685575142502785, 0.30678215622901917, -0.06943896412849426, -1.2304410934448242, -0.6865689754486084, -0.9262199401855469, -0.2768245041370392, -0.8069667816162109, -0.24666820466518402, -1.0962656736373901, 0.946179986000061, -0.23876771330833435, 0.13034474849700928, -1.1702632904052734, 0.4566994607448578, 0.6282306909561157, 0.9279463887214661, -0.2291950285434723, -0.030951006338000298, 0.43664228916168213, 0.023771751672029495, -0.4486923813819885, -0.9688619375228882, -0.3461695611476898, 0.4482109546661377, 0.38401201367378235, -0.8654307723045349, 0.006113522686064243, 0.6111097931861877, -0.3959159553050995, 0.1740109920501709, 0.6111499667167664, -0.34958720207214355, -0.25999385118484497, 1.0330477952957153, -0.15418027341365814, 0.06268629431724548, 1.005235195159912, -0.5659546852111816, -0.14682050049304962, 0.4139610826969147, -0.9803799986839294, 0.29036736488342285, 1.0744545459747314, -0.4135991930961609, -0.08994308114051819, 0.7763756513595581, 0.2676815390586853, -0.8125516176223755, 0.06873327493667603, -0.17970162630081177, 0.47186359763145447, -0.6907680034637451, 0.4064159691333771, 0.861641526222229, -0.3825386166572571, 0.5375991463661194, 0.5955296754837036, 0.6392192244529724, -1.0948377847671509, 1.0179017782211304, -1.0569381713867188, -1.030210018157959, -0.8561307787895203, -0.9943955540657043, 1.4096825122833252, -0.04657626524567604, 0.08370408415794373, -0.5264987349510193, 0.5527436137199402, 0.08154984563589096, -0.03052448481321335, -0.2617717385292053, 0.223078191280365, 0.6347827911376953, 0.4859379827976227, -0.4256361126899719, 0.4087212085723877, 1.1465824842453003, 0.43631500005722046, -0.10635159909725189, -0.5790183544158936, 0.1103980615735054, -0.17819131910800934]"
exxon,"[-0.6005330681800842, 0.4982141852378845, -0.031722549349069595, -0.20768164098262787, -1.0440059900283813, 0.23498287796974182, 0.09390410035848618, 0.33707305788993835, 0.307646244764328, -0.31239283084869385, -0.17044104635715485, 0.40839770436286926, 0.3262351155281067, -0.11721118539571762, -0.7081491947174072, -0.3591454327106476, 0.6961976289749146, 0.10354695469141006, -0.9175957441329956, 0.4757736027240753, -0.35675597190856934, 0.2245081514120102, 0.24517087638378143, 0.6214971542358398, 0.3562098443508148, -0.061839014291763306, 0.38181963562965393, 0.16006512939929962, -0.9197107553482056, 0.2714444100856781, -0.34616583585739136, -0.08881053328514099, 0.5325616002082825, -1.254884958267212, 0.6733248233795166, -0.2745554447174072, 0.2911008596420288, -0.8183237910270691, 1.5551586151123047, -0.13123364746570587, -0.46331948041915894, 0.12847724556922913, 0.16123321652412415, -1.314186453819275, 0.1859503537416458, 0.2682657837867737, 0.43155550956726074, 0.9234472513198853, 0.11966226249933243, -0.045767780393362045, 0.9562676548957825, 0.6251945495605469, -0.7142500877380371, -0.12423782050609589, -0.4393858313560486, 0.6750040054321289, -0.11663638055324554, 0.10154588520526886, 0.411600261926651, 0.4405156075954437, 0.3538227081298828, -0.5716320276260376, 0.5114566683769226, 0.29591184854507446, -0.41272497177124023, 0.3381807208061218, -0.2063145637512207, -0.4590185880661011, -0.12774774432182312, -0.09377023577690125, 0.8708100914955139, 0.5119566321372986, -0.3405765891075134, -0.45925194025039673, 0.5715727210044861, 0.14483661949634552, -0.8277663588523865, 0.2616204619407654, 0.5961336493492126, 0.47367438673973083, -0.33387091755867004, 1.458974003791809, -0.04130396991968155, -0.011649301275610924, -0.2589166462421417, 0.46886923909187317, -0.011331289075314999, 0.19600199162960052, 0.9006472229957581, -0.5170499682426453, -0.024072173982858658, -1.0656869411468506, 0.1929909586906433, -2.0102221965789795, 0.4883508086204529, -0.1925486922264099, -0.23034638166427612, -1.67107093334198, -0.3577905297279358, -0.7387014031410217]"
jpmorgan,"[-0.4807800352573395, 0.6022394299507141, -0.0456225611269474, -0.004014080855995417, -1.0993622541427612, 0.29160818457603455, 0.07764876633882523, 0.32068032026290894, 0.28130924701690674, -0.15610834956169128, -0.09206660836935043, 0.47827035188674927, 0.4015512764453888, -0.1015491709113121, -0.7787896394729614, -0.38916465640068054, 0.7276201844215393, 0.08264026790857315, -0.936720073223114, 0.39595210552215576, -0.47227150201797485, 0.2791449725627899, 0.26901352405548096, 0.6106891632080078, 0.42593446373939514, -0.056155215948820114, 0.4293641448020935, 0.240032359957695, -0.8798266053199768, 0.2677602767944336, -0.29637011885643005, -0.026489270851016045, 0.5877266526222229, -1.203940510749817, 0.8366990685462952, -0.3226676881313324, 0.2962435483932495, -0.8113099336624146, 1.519095778465271, -0.0950031578540802, -0.5379472970962524, 0.018536968156695366, 0.034139398485422134, -1.2897270917892456, 0.20870570838451385, 0.09686996787786484, 0.3933245837688446, 0.9599260091781616, 0.051809247583150864, -0.06257002055644989, 0.9758743643760681, 0.6387305855751038, -0.6736434102058411, -0.12774567306041718, -0.3719004690647125, 0.6344408988952637, -0.07775216549634933, 0.15523046255111694, 0.5740543603897095, 0.5022324919700623, 0.3661411702632904, -0.6545962691307068, 0.5386152267456055, 0.2609635889530182, -0.38634422421455383, 0.16207532584667206, -0.27607640624046326, -0.4239366054534912, -0.2203790694475174, -0.16894446313381195, 0.8144287467002869, 0.4511061906814575, -0.3376711905002594, -0.6354838609695435, 0.6298131346702576, 0.18743585050106049, -0.8044402003288269, 0.1455761343240738, 0.6751765608787537, 0.4270703196525574, -0.362642765045166, 1.4038236141204834, -0.07163961976766586, 0.08481279015541077, -0.30898135900497437, 0.6092173457145691, -0.07978455722332001, 0.22854536771774292, 0.9758392572402954, -0.4833824336528778, 0.046603020280599594, -1.1450129747390747, 0.1407899558544159, -1.9304383993148804, 0.5646342635154724, -0.18321016430854797, -0.3585399091243744, -1.6155025959014893, -0.3357722759246826, -0.7739783525466919]"
uncertainty,"[-0.4612390398979187, 0.4694911241531372, -0.7302411198616028, 1.162967562675476, 0.1614159196615219, -0.42074868083000183, -0.30910375714302063, 0.22200952470302582, -1.3931299448013306, 0.37891772389411926, -0.19217796623706818, -0.701676607131958, 0.408304899930954, 0.03910031169652939, 0.4701159596443176, 0.3433077335357666, -0.2632126212120056, -1.378542423248291, 0.594840407371521, -1.0783519744873047, 0.21902522444725037, 0.20377220213413239, 1.0054357051849365, -1.6812984943389893, 0.08326884359121323, -0.887093722820282, -1.2709083557128906, -0.6910086274147034, -0.13330884277820587, -1.2680773735046387, 1.193639874458313, -0.26091092824935913, 0.023620275780558586, 0.7774226069450378, -0.87276691198349, 0.6431118249893188, -0.300076425075531, 0.014896231703460217, -0.47246524691581726, -0.9515471458435059, 0.2468981146812439, 0.41646140813827515, -0.6268630027770996, 1.0596587657928467, -0.43135684728622437, 0.8386034965515137, 0.10509394854307175, -0.5713303685188293, -0.15790407359600067, 0.563568651676178, 0.49044349789619446, -0.4907959997653961, 1.0637410879135132, 0.5365713834762573, 0.9788171648979187, -0.444547176361084, -0.1526731252670288, 1.088136911392212, -1.6255385875701904, -0.25706690549850464, -0.46703702211380005, 0.5368183255195618, 0.397332102060318, -0.2547139525413513, 0.30313342809677124, 0.27937471866607666, -1.0488942861557007, -0.45592138171195984, -0.28382599353790283, 0.11696624755859375, -0.2319389283657074, 0.8424155116081238, 0.6849396228790283, 0.3726036846637726, -0.268209844827652, -0.8699222803115845, -0.2563420534133911, -0.926709771156311, -0.2271505743265152, 0.10724442452192307, -0.5239971876144409, -0.6748327016830444, -0.8688644170761108, -0.5435308814048767, -0.2200935035943985, -0.32486701011657715, 0.3912893533706665, 0.3262414336204529, 0.7684531807899475, 0.9997701048851013, -0.2526901662349701, 1.3567951917648315, -0.382637083530426, 1.4279329776763916, 0.7750376462936401, 1.0905100107192993, -0.5142678022384644, 1.0535755157470703, 1.051883339881897, -1.09364914894104]"
maintains,"[-0.12686587870121002, 0.6065386533737183, -0.6321746706962585, 0.44442686438560486, 0.20489098131656647, -0.26030048727989197, -0.06828007847070694, 0.12631061673164368, -1.285007119178772, 0.4787697494029999, -0.10337934643030167, -0.6541153788566589, 0.13082867860794067, -0.5572991967201233, 0.3276747763156891, 0.5040891766548157, -0.29528239369392395, -0.9255682826042175, 0.6643195152282715, -1.129838466644287, 0.3928326666355133, 0.5904568433761597, 0.6898511052131653, -1.758849024772644, -0.003014380345121026, -0.6442427635192871, -0.9112448692321777, -0.6592559218406677, 0.10939572006464005, -1.3267828226089478, 0.325308620929718, 0.04822966456413269, 0.2489403337240219, 0.7449478507041931, -1.212014079093933, 1.1536507606506348, -0.37548038363456726, -0.02201932854950428, -0.6785918474197388, -1.0764826536178589, 0.2778017520904541, 0.28788962960243225, 0.11203949898481369, 1.1790266036987305, -0.36334776878356934, 0.4374943673610687, -0.06515631824731827, -1.0811558961868286, -0.8815488219261169, 0.3087613582611084, -0.06201813742518425, 0.05612094700336456, 0.7205066084861755, 0.06788758933544159, 1.1133941411972046, -0.7595940828323364, 0.4076458513736725, 1.4059834480285645, -1.728107213973999, -0.3236449658870697, -0.07074109464883804, 0.31523191928863525, 0.34686583280563354, -0.4058413803577423, 0.5683854222297668, 0.8724098205566406, -0.8714190125465393, -0.3003082573413849, 0.013594990596175194, 0.1170172169804573, -0.9314234852790833, 0.5438060760498047, 0.44364291429519653, 0.6443881392478943, 0.13742195069789886, -1.0516504049301147, -0.40278348326683044, -1.2729884386062622, -0.25992560386657715, 0.08140572160482407, -0.6092705130577087, -0.9405427575111389, -0.9887458682060242, -0.5932134389877319, 0.1427335888147354, -0.3660892844200134, 0.6713771820068359, 0.5889273285865784, 0.6092209219932556, 0.7720702886581421, -0.23858223855495453, 1.5489691495895386, -0.14543843269348145, 1.3262557983398438, 1.0059868097305298, 1.1988632678985596, -0.3027515709400177, 0.645318865776062, 0.9452888369560242, -1.2877147197723389]"
say,"[0.4615509808063507, 0.2344016134738922, 0.5654106140136719, -0.5914837121963501, 0.22272014617919922, -0.7239695191383362, -0.7344412207603455, 1.2076650857925415, -0.84409099817276, -0.3824094831943512, 0.3926509618759155, -0.13678856194019318, -0.39189475774765015, 1.2008472681045532, 0.4512568712234497, 0.5103803277015686, -0.4708232879638672, -0.6195822954177856, -1.2030977010726929, -1.2142550945281982, 0.8266345858573914, -0.8730049133300781, 0.7184175848960876, -0.656151533126831, -0.421233594417572, -0.5908781886100769, -0.6054724454879761, 0.11570285260677338, 0.4794992506504059, 0.0011738751782104373, 0.4323519766330719, 0.31938961148262024, 1.1085082292556763, -0.9097815155982971, -0.1908564269542694, 0.2608431577682495, 0.09807737171649933, 0.6594743132591248, -0.07366842031478882, -0.4456198215484619, 0.6639661192893982, -0.27348917722702026, -0.508468747138977, 0.5147004723548889, 0.057177603244781494, -0.42558151483535767, 0.5518035292625427, 0.5343148112297058, -0.36106210947036743, 0.5791398286819458, -0.08623307943344116, -0.49980810284614563, -0.6719028353691101, -0.4462437629699707, 0.9250175952911377, 0.4234679341316223, 0.27238261699676514, 0.4905220568180084, 0.7435901165008545, 0.003517374163493514, 0.1927991360425949, -0.2956155836582184, 0.39329901337623596, 0.19951695203781128, -0.6975055932998657, 0.1482613980770111, 0.6400049328804016, 0.5990526676177979, 0.06959551572799683, 0.8017943501472473, -0.5495846271514893, -0.6432434916496277, -0.27518147230148315, 0.9200077056884766, 0.2822684645652771, 0.046131283044815063, -0.1828792542219162, -0.5014504790306091, -0.2653685510158539, 0.3162401020526886, 0.26334208250045776, 1.022773265838623, -0.6627179384231567, 0.6111707091331482, -1.2919981479644775, 0.36591029167175293, 0.46723562479019165, -0.39591121673583984, -0.029563937336206436, 0.3384706377983093, 0.9641320705413818, -0.4484300911426544, 0.0873510017991066, -0.3109849691390991, 0.21887239813804626, 0.5701730251312256, -0.2543761730194092, 0.08943358063697815, -0.20501503348350525, -0.18859344720840454]"
experts,"[0.2481369823217392, -0.1603991687297821, 0.08061439543962479, -0.4436241686344147, -0.13636161386966705, -0.9976422786712646, -0.4969664216041565, 1.8661432266235352, -0.46595561504364014, -0.3942171335220337, 0.23710867762565613, 0.18309585750102997, -0.9624513387680054, 0.938639223575592, 0.6583671569824219, 0.41784900426864624, -0.5334294438362122, -0.8094240427017212, -1.5253946781158447, -0.4491526186466217, 0.7072774171829224, -0.5393373966217041, 1.1085878610610962, -1.1834895610809326, -0.2163175344467163, -0.3339618146419525, -0.8148290514945984, -0.5923416614532471, 0.7909834980964661, 0.11815698444843292, -0.20859692990779877, 0.4303220212459564, 0.475650429725647, -0.967045247554779, 0.0828045904636383, 0.45091482996940613, -0.31890708208084106, 0.2620668113231659, -0.34764981269836426, -0.23574884235858917, 0.4556806981563568, -0.4806647300720215, -0.1605311930179596, 0.5280156135559082, 0.6532421112060547, 0.1485852152109146, 0.3063198924064636, 0.23957552015781403, 0.08737803250551224, 0.5198379755020142, 0.5287802815437317, -0.5485697388648987, -0.14554345607757568, -0.43797335028648376, 0.34005215764045715, -0.19335779547691345, 0.23230333626270294, -0.11234520375728607, 0.8973894119262695, 0.33369678258895874, 0.24687473475933075, -0.3101876974105835, 0.617705762386322, -0.43130332231521606, -0.1684134155511856, 0.34524619579315186, 0.555282711982727, 0.9672262072563171, -0.15140539407730103, 0.7373138070106506, -0.3897418677806854, -1.1849089860916138, -0.35481736063957214, 0.6205955743789673, -0.2880513072013855, 0.23416510224342346, 0.1571832299232483, -0.41189998388290405, 0.32512176036834717, 0.2234782874584198, -0.12789848446846008, 1.1937556266784668, -0.9154777526855469, 0.15937235951423645, -0.5167275071144104, -0.16851896047592163, 0.5695363879203796, -0.05389600247144699, -0.4493071436882019, 1.1290125846862793, 1.1155411005020142, -0.45611122250556946, -0.1576458364725113, -0.6944437623023987, 0.6422372460365295, 0.8129333853721619, 0.14014257490634918, -0.08797451108694077, -0.4353066682815552, -0.47264620661735535]"
continue,"[0.474429190158844, -0.17442119121551514, -0.11692041158676147, -0.3549098074436188, -0.364795982837677, -1.0268813371658325, -0.09011773765087128, 1.5674889087677002, -0.7741237282752991, 0.006572595797479153, 0.5733177065849304, 0.19949792325496674, -0.8089151382446289, 1.3223236799240112, 0.3006521463394165, 0.32775670289993286, -0.4197651147842407, -1.0172545909881592, -1.6550276279449463, -0.8302744626998901, 0.8212639093399048, -0.5846997499465942, 0.43149083852767944, -0.18484187126159668, -0.1459580361843109, -0.40068405866622925, -0.2063249945640564, -0.3515380918979645, 0.6097216606140137, 0.30746448040008545, 0.325128972530365, 0.4798198342323303, 1.0336893796920776, -1.2132720947265625, -0.11568716168403625, 0.23176826536655426, 0.12075279653072357, 0.8010863065719604, 0.0858193039894104, -0.603341281414032, 0.9374415874481201, -0.37130019068717957, -0.516586422920227, 0.6260009407997131, 0.016137003898620605, 0.024225888773798943, 0.38419705629348755, 0.7572525143623352, 0.12315645813941956, 0.2790946662425995, -0.256692111492157, -0.6660012602806091, 0.06744121015071869, -0.7998135089874268, 0.9226087927818298, 0.2636725902557373, 0.1298513412475586, 0.4888707399368286, 1.1588102579116821, 0.5832057595252991, 0.4051557183265686, -0.8649736642837524, 0.5986078977584839, -0.45114865899086, -0.4680604636669159, -0.3481485843658447, 1.0211256742477417, 1.1063014268875122, -0.4018821716308594, 0.42715275287628174, -0.5067195892333984, -1.02359938621521, -0.5282903909683228, 0.7606855034828186, 0.24980823695659637, 0.4337384104728699, -0.24612516164779663, -0.40330979228019714, -0.034861501306295395, 0.44182103872299194, 0.6057344675064087, 1.289614200592041, -0.5290886759757996, -0.194356769323349, -1.0601704120635986, -0.21487799286842346, 0.6573243141174316, -0.1789695918560028, -0.28002452850341797, 0.817420482635498, 1.0617973804473877, -0.08817313611507416, 0.44692060351371765, -0.1385783702135086, 0.11616726219654083, 0.13580961525440216, 0.27764251828193665, 0.3499642014503479, 0.3867647051811218, -0.10771667212247849]"
expected,"[0.7342908978462219, 0.18095742166042328, 0.568848192691803, -0.2850993275642395, 0.48939836025238037, -0.8472011089324951, -0.8193501830101013, 1.4021693468093872, -1.0583312511444092, -0.7289562821388245, 0.3225209712982178, 0.1692083179950714, -0.5544698238372803, 1.3335992097854614, 0.5366753935813904, 0.7057941555976868, -0.6884066462516785, -0.3391873836517334, -1.4543851613998413, -1.016654133796692, 0.8668200969696045, -0.831053614616394, 1.0496746301651, -1.0296823978424072, -0.21414269506931305, -0.4606848359107971, -0.7968305349349976, -0.22041864693164825, 0.7216987013816833, 0.15195894241333008, -0.03832956403493881, -0.011374374851584435, 0.8332576751708984, -0.9504785537719727, -0.10693109035491943, 0.7248311638832092, -0.2913820147514343, 0.7898386120796204, 0.02050446905195713, -0.36839231848716736, 0.5900768637657166, -0.5012202262878418, -0.13220104575157166, 0.5880166292190552, 0.3664686977863312, -0.4947448968887329, 0.5846178531646729, 0.19183607399463654, -0.23859979212284088, 0.7498871684074402, 0.24969446659088135, -0.5910822153091431, -0.5307655334472656, -0.25564655661582947, 0.32956063747406006, 0.0757971853017807, 0.305012583732605, 0.3367076516151428, 0.7247061133384705, -0.27494871616363525, 0.2799248993396759, -0.06840761750936508, 0.3234269917011261, 0.2563784122467041, -0.6700880527496338, 0.5763463973999023, 0.6908786296844482, 0.892088770866394, 0.05910557135939598, 0.9745556116104126, -0.7246887683868408, -0.9841693043708801, -0.24438713490962982, 0.6107128262519836, -0.17349481582641602, -0.09497693926095963, -0.32845714688301086, -0.05725429579615593, 0.27187037467956543, 0.37005025148391724, -0.1790044754743576, 0.8064755797386169, -0.9405046701431274, 0.734969973564148, -0.8614066243171692, 0.25158125162124634, 0.40711385011672974, -0.401665061712265, -0.25989434123039246, 0.5899012684822083, 0.6966568827629089, -0.43810078501701355, 0.012419143691658974, -0.5314900875091553, 0.6307284832000732, 0.9003961086273193, -0.4010632336139679, -0.04043397307395935, -0.49868255853652954, -0.1936582624912262]"
portfolios,"[0.10147951543331146, -0.17254546284675598, -0.2595771551132202, -0.18373815715312958, -0.2108699083328247, -0.16539092361927032, 0.6237435340881348, 1.1742068529129028, -0.13705222308635712, 0.15261487662792206, -0.5172345042228699, -1.0549449920654297, 0.7088446021080017, -0.48664891719818115, 0.06827551126480103, -0.7640947699546814, -0.011948427185416222, 0.06133025139570236, -0.2790825366973877, -0.8510522246360779, 0.4087753891944885, 0.02696329541504383, 0.684137761592865, -0.10004381835460663, -0.28769150376319885, -0.20446452498435974, 0.3843221068382263, -0.3980047106742859, -0.025195350870490074, -0.055833786725997925, -0.04654483124613762, 0.21528030931949615, 0.8385992646217346, -0.3261612355709076, 0.06377232819795609, -0.18931461870670319, -0.6087540984153748, -0.07093724608421326, 0.5593817234039307, -1.0193414688110352, 0.06770142167806625, 0.3614192008972168, -0.2880175709724426, -0.11980852484703064, 0.009945685043931007, 0.08332345634698868, 0.0765201523900032, 0.2109180986881256, 0.16561070084571838, -0.6228132843971252, 1.118971586227417, -1.0496087074279785, -0.1705217957496643, -0.36210939288139343, 0.02222815528512001, -0.07043300569057465, -0.24671685695648193, -0.5345389246940613, 0.22366680204868317, 1.1780753135681152, -0.5524520874023438, -0.20039737224578857, -0.020952386781573296, 0.2992430329322815, -0.586783230304718, 0.5831403732299805, 0.30586671829223633, 0.7387832999229431, -1.1468192338943481, 0.8867564797401428, -0.1859123855829239, 0.019224340096116066, 0.8214080929756165, -0.6090771555900574, 0.7041360139846802, -0.2903456687927246, 1.0633933544158936, -1.3206312656402588, -0.884936511516571, -0.4485999643802643, -0.7656174302101135, 1.42648446559906, -0.4639710485935211, 0.25332358479499817, -1.451067566871643, -0.6848369240760803, -0.04335659742355347, -0.07816897332668304, -0.013001115061342716, -0.7223439812660217, 0.45256784558296204, -0.26331326365470886, 0.2134484350681305, -0.015710102394223213, 1.390341877937317, -0.3949728012084961, 0.6052136421203613, 0.28376173973083496, -0.01719721034169197, -0.22819499671459198]"
reassess,"[-0.11621791124343872, -0.6220274567604065, 0.12565243244171143, 0.2950946092605591, 0.3312756419181824, -0.7656559944152832, 0.6514720320701599, 1.464660882949829, 0.1702551245689392, -0.5567343831062317, -0.20498229563236237, -1.1481163501739502, 0.0068478710018098354, 0.09556923806667328, 0.8173097372055054, -0.2573607563972473, -0.5016728639602661, 0.28910720348358154, -0.4814768433570862, -0.15740357339382172, -0.5397818684577942, 0.12855249643325806, 0.2606290578842163, -0.7305954694747925, -0.04528540000319481, -0.393580824136734, -0.10772743821144104, -0.2525780200958252, -0.2646994888782501, -0.2310008853673935, 0.4144991636276245, 0.5404245257377625, 1.1903928518295288, 0.14420169591903687, -0.26352205872535706, 0.14564624428749084, -0.13705655932426453, 0.5841059684753418, 0.6812830567359924, -0.8714277148246765, 0.4192773997783661, 0.5707564949989319, -0.4219439625740051, -0.7168623208999634, 0.20636136829853058, 0.004631242249161005, 0.19325220584869385, 0.6809581518173218, 0.24695537984371185, -0.2534356415271759, 0.806179940700531, -0.9852554798126221, 0.15316587686538696, 0.10781434178352356, -0.6737474203109741, 0.31714537739753723, -0.28228694200515747, -0.8202647566795349, 0.7618473768234253, 1.5960415601730347, -0.2783466875553131, 0.2359095811843872, -0.09970668703317642, 0.10147779434919357, -0.47324684262275696, 0.2900591790676117, 0.16270221769809723, 0.4304159879684448, -1.4846514463424683, 0.8831397891044617, 0.23573000729084015, 0.11790578812360764, 0.9942203760147095, -0.465498149394989, 0.9977521300315857, -0.4223008155822754, 1.3752137422561646, -1.1859263181686401, -0.33064448833465576, -0.46647998690605164, -0.38955315947532654, 1.3441390991210938, -0.42703938484191895, 0.6968569755554199, -1.5993034839630127, 0.08017951250076294, 0.04314880073070526, -0.21027331054210663, -0.14696712791919708, -0.8862407207489014, 0.33144301176071167, -0.17542479932308197, 0.4928824305534363, 0.05378837138414383, 0.7439495325088501, 0.22694295644760132, 0.03823890537023544, 0.33883804082870483, 0.3011236786842346, -0.34562256932258606]"
continues,"[-0.2810102105140686, -0.6824624538421631, -0.0787111148238182, 0.011228326708078384, -0.3997407555580139, -0.30540403723716736, 0.6873075366020203, 1.0923388004302979, -0.04747116565704346, 0.15505164861679077, -0.7346099615097046, -0.7127187252044678, 0.4337060749530792, -0.6282958984375, 0.5807415246963501, -0.5467191338539124, -0.07581347972154617, -0.21471275389194489, -0.4275628924369812, -0.7314649820327759, 0.3536038398742676, 0.33111944794654846, 0.3307117223739624, -0.1622360646724701, -0.33388760685920715, -0.6765502095222473, 0.35777533054351807, -0.574261486530304, -0.1422702968120575, -0.1904151439666748, 0.0894305408000946, 0.3699314594268799, 1.1696796417236328, -0.21637281775474548, 0.07847156375646591, 0.030860701575875282, -0.46626198291778564, 0.29308104515075684, 0.7227472066879272, -0.6699277758598328, 0.2634539306163788, 0.4074317514896393, -0.4851152002811432, -0.42886120080947876, 0.43985527753829956, 0.3178633749485016, 0.2493809014558792, 0.6204750537872314, 0.6084145903587341, -0.5838541984558105, 1.111799955368042, -1.035705804824829, 0.020991047844290733, 0.044312335550785065, -0.8130489587783813, 0.24690014123916626, -0.48808205127716064, -0.7583615183830261, 0.3742077648639679, 1.1664023399353027, -0.5782613158226013, 0.5618482828140259, -0.3729347884654999, 0.10660441964864731, -0.151696115732193, 0.5419119000434875, -0.10865382850170135, 0.7661837935447693, -1.4612879753112793, 0.7328009605407715, -0.0887083113193512, 0.3069622814655304, 0.9355615377426147, -0.8432478904724121, 1.1945358514785767, -0.533850908279419, 1.1840739250183105, -1.1947234869003296, -0.9875049591064453, -0.42230185866355896, -0.7491698265075684, 0.8984913229942322, -0.6331276297569275, 0.6364933252334595, -1.1529299020767212, -0.47922655940055847, -0.251504510641098, 0.024141894653439522, 0.28111669421195984, -0.7730533480644226, 0.7454659342765808, -0.4057369828224182, 0.45798948407173157, 0.3485102653503418, 1.182114839553833, 0.1270199865102768, 0.3857564628124237, 0.27540770173072815, -0.2819192707538605, 0.036425117403268814]"
rotation,"[0.0803072452545166, 0.03365068882703781, -0.16174107789993286, 0.10472100228071213, 0.15050698816776276, -0.7214403748512268, 0.7416206002235413, 1.2386776208877563, -0.4244455397129059, -0.30462005734443665, -0.25952741503715515, -1.3481996059417725, 0.478946328163147, -0.0008561208960600197, 0.4444168508052826, -0.5091489553451538, -0.5957077145576477, 0.20949183404445648, -0.12021613866090775, -0.49263322353363037, -0.020024754106998444, -0.027765529230237007, 0.7716907858848572, -0.48991525173187256, -0.40298765897750854, -0.08424229174852371, 0.2073313444852829, -0.5171481966972351, -0.2058200091123581, 0.05914659425616264, 0.272635281085968, 0.4595271646976471, 0.8537497520446777, 0.0086062578484416, -0.15833748877048492, -0.02887609414756298, -0.30852213501930237, 0.513393759727478, 0.4426783621311188, -0.998119056224823, 0.4886761009693146, 0.5823838114738464, -0.06235164403915405, -0.5151060223579407, -0.08773975819349289, -0.1427810788154602, 0.24386164546012878, 0.27170073986053467, 0.29702311754226685, -0.6430611610412598, 0.6951438188552856, -1.2348549365997314, 0.07432888448238373, -0.2859797775745392, 0.01531316339969635, -0.3041861355304718, -0.07475855201482773, -0.5295133590698242, 0.36397138237953186, 1.5831705331802368, -0.17075930535793304, -0.07885248214006424, 0.06677737832069397, 0.4004557132720947, -0.3411741852760315, 0.6337675452232361, 0.42688873410224915, 0.3374089300632477, -1.2476613521575928, 0.9346447587013245, -0.18262706696987152, -0.15399494767189026, 1.0093826055526733, -0.5765310525894165, 0.7098132967948914, -0.24269741773605347, 1.0197323560714722, -1.1122153997421265, -0.21532616019248962, -0.6892235279083252, -0.36996346712112427, 1.6363896131515503, -0.476727694272995, -0.00481461314484477, -1.7198281288146973, -0.4517013132572174, 0.04803032800555229, 0.09566815197467804, -0.01418690662831068, -0.6804616451263428, 0.4741987884044647, -0.06389672309160233, -0.16224926710128784, -0.28294819593429565, 1.1759006977081299, -0.5891834497451782, 0.18615368008613586, 0.22281137108802795, 0.29495397210121155, -0.3748522102832794]"
patent,"[0.9366897940635681, 0.15787135064601898, -0.282147616147995, -0.3816697299480438, 0.38608795404434204, -0.8715344667434692, 1.1599454879760742, 1.0989103317260742, 0.45151486992836, -1.0655889511108398, 0.10525336861610413, -0.8609606027603149, -1.2101638317108154, 0.025962552055716515, 0.6375158429145813, 0.7010810375213623, -0.5727289319038391, -0.7230773568153381, 0.37343841791152954, -0.12139842659235, 0.5228054523468018, 0.15908817946910858, -0.363261342048645, 0.09710151702165604, -0.3931349217891693, 0.1940179318189621, -0.501759946346283, -0.6071693301200867, 0.16388460993766785, 0.06681258976459503, 0.6635782718658447, -1.0142086744308472, -0.6413140892982483, 0.5601674318313599, -0.39135459065437317, 0.4902820885181427, 0.5007957220077515, -0.8160530924797058, -0.6844565868377686, 0.2796604633331299, -0.5999555587768555, -0.3487928807735443, 0.171786367893219, 0.06378452479839325, 0.5864490270614624, -0.5502683520317078, -0.9655371904373169, -0.7745132446289062, -0.024213260039687157, -0.26957595348358154, 0.14054477214813232, -0.4170782268047333, 0.8865978717803955, -1.2520184516906738, 1.138595461845398, -1.0407501459121704, 0.8417770862579346, 0.15946319699287415, -1.110978126525879, 0.09633824974298477, -0.3978896737098694, 0.02958039753139019, -0.5820634365081787, -0.48521560430526733, -0.4480104148387909, -0.2695232331752777, 0.5350234508514404, 0.7168437838554382, -0.4260120689868927, -1.091788649559021, -1.5211981534957886, 0.46791982650756836, 0.22454530000686646, -1.1073616743087769, 0.4028230905532837, 0.3228311538696289, 0.34189170598983765, 0.22163137793540955, -1.2826530933380127, 0.4543404281139374, -0.049468137323856354, -0.05213390290737152, -0.2706611156463623, 1.5958527326583862, -0.3852823078632355, 0.7993074655532837, -0.9234132766723633, 0.15402665734291077, -0.3189680874347687, -0.1734357625246048, 0.7540683150291443, 1.1959524154663086, -0.7049553990364075, 0.07052726298570633, 1.0228145122528076, 0.701210618019104, -0.8055232167243958, 0.1316329538822174, 0.6883856654167175, 0.4781018793582916]"
new,"[-0.17892219126224518, 0.060142893344163895, -0.017841830849647522, -0.5584025979042053, -0.019265173003077507, -1.1694127321243286, 0.6516462564468384, 0.9661757349967957, 0.3669443130493164, -0.9174371361732483, 0.32387953996658325, -1.3590166568756104, -0.7601922154426575, 0.8573705554008484, -0.15314935147762299, 0.36172011494636536, -0.31633836030960083, -0.7868337631225586, 0.32844385504722595, 0.3607223331928253, 0.37128832936286926, -0.3210168778896332, -0.4384966194629669, 0.5725884437561035, 0.37153342366218567, -0.4528443515300751, 0.3407982885837555, -0.1305789053440094, 0.8435866236686707, -0.4971490800380707, 0.8103203773498535, -0.5185461640357971, -0.6186352372169495, 1.0975828170776367, -0.4054216146469116, 0.23531346023082733, 0.8508525490760803, -1.2068824768066406, -0.1641416996717453, -0.14848332107067108, -0.5106177926063538, -0.3463549017906189, 0.7592483758926392, 0.5393043160438538, -0.3046703338623047, -0.3440101444721222, -0.9562831521034241, -0.6679628491401672, 0.4499259293079376, 0.08619457483291626, -0.6883806586265564, -1.2393079996109009, 1.17668616771698, -0.9582303762435913, 1.5676480531692505, -0.10525062680244446, -0.13230030238628387, 0.16120007634162903, -1.2872593402862549, -0.47790271043777466, -0.4336395859718323, 0.06617947667837143, -0.6945133209228516, 0.11307936161756516, -0.9465277791023254, 0.3671928346157074, -0.047641780227422714, 0.5058729648590088, 0.35831114649772644, -0.12935739755630493, -1.1813695430755615, 0.5073717832565308, 0.6570889949798584, -1.4577052593231201, 0.4432228207588196, 0.4686635434627533, 1.0556777715682983, -1.094520926475525, -1.3626279830932617, 0.4439282715320587, 0.1411595195531845, -0.41716939210891724, -1.1363950967788696, 1.3540985584259033, -0.39150193333625793, 0.22163203358650208, -1.2242169380187988, -0.09562478959560394, -0.4569256007671356, 0.5852872729301453, 0.5485355257987976, 0.6610928177833557, -0.8835837244987488, 0.752472460269928, 0.7952677011489868, 0.9677026867866516, -0.1967303454875946, 0.0921761766076088, 1.0220459699630737, 0.28783291578292847]"
files,"[0.5183905363082886, 0.22940237820148468, -0.8005066514015198, -0.4978920519351959, 1.346335530281067, -0.5673132538795471, 0.26844725012779236, 1.5411961078643799, 0.7021965980529785, -0.7206260561943054, 0.2104133516550064, -0.7068998217582703, -1.3059046268463135, 0.5064405202865601, 0.5608709454536438, 0.17604541778564453, -0.25987204909324646, -0.401557594537735, -0.16142059862613678, -0.24058791995048523, 0.21129606664180756, -0.07687617838382721, 0.10776884853839874, -0.28259938955307007, -0.15385277569293976, -0.08586693555116653, -0.8173767924308777, -1.2425992488861084, 0.1028507873415947, 0.21514892578125, 0.3967687785625458, -0.7054718136787415, -0.5422682166099548, 0.35441410541534424, -1.0897475481033325, 0.39617815613746643, 0.42554032802581787, -0.6521981358528137, -0.2660749554634094, 0.7631657719612122, -0.5427163243293762, -0.7399225831031799, 1.1759445667266846, 0.09028683602809906, 0.5067095756530762, -0.04897324740886688, -1.1247522830963135, -0.46324387192726135, 0.48418334126472473, -0.19848127663135529, -0.12562067806720734, -0.4837568700313568, 0.9659638404846191, -1.109728217124939, 0.758878767490387, -0.6350735425949097, 0.6119539141654968, 0.40756240487098694, -1.0858451128005981, 0.07011380046606064, 0.046728745102882385, 0.3733302354812622, -0.33338111639022827, 0.22145168483257294, 0.14591000974178314, -0.4101453721523285, -0.44827792048454285, 0.9280427694320679, 0.4360086917877197, -0.7703746557235718, -1.5991421937942505, -0.06067042052745819, 0.5996184349060059, -0.5651480555534363, -0.15535332262516022, 0.06526362150907516, -0.03918183594942093, -0.10398261249065399, -0.9069375991821289, -0.28881406784057617, 0.08624187111854553, -0.8840998411178589, -0.6915636658668518, 1.3196927309036255, -0.12398852407932281, 1.2592588663101196, -0.022797388955950737, 0.2914208471775055, 0.18178726732730865, 0.6488532423973083, 1.0105717182159424, 1.609583854675293, -0.10391215980052948, 1.1283596754074097, 0.7344341278076172, 0.6122429966926575, -0.8396880030632019, 0.7840534448623657, 0.3655855059623718, -0.2929324507713318]"
conference,"[1.0230494737625122, 0.05876190587878227, 0.14438331127166748, -0.4160620868206024, 0.2689552307128906, -0.11774223297834396, 0.7239452004432678, -0.09099734574556351, -0.19736330211162567, -0.2456895411014557, -0.4901236891746521, -1.11555016040802, -0.803307294845581, -0.37591880559921265, 0.5701385140419006, -0.5807385444641113, -1.1444497108459473, -1.3545022010803223, 0.2291983664035797, -1.5742994546890259, 0.40326225757598877, 1.2415435314178467, 0.1182708665728569, 0.43974536657333374, -0.6363571286201477, -0.3619246482849121, 0.1586415320634842, -0.6396462321281433, -0.36957424879074097, -0.06603148579597473, 0.5446115732192993, 0.039855100214481354, 1.350370168685913, -0.3119499981403351, -0.2158089429140091, 0.18054263293743134, -0.0934271588921547, 0.7999622821807861, -0.6277472972869873, 0.15550589561462402, 0.5646458268165588, -1.1536762714385986, -0.1418852061033249, 1.1799931526184082, 0.19503571093082428, 0.8318421244621277, -0.3373585641384125, -0.6982923746109009, -0.4575962722301483, 0.8432354927062988, -1.34942626953125, 0.18929491937160492, 0.19482506811618805, -0.5346350073814392, 0.5429558753967285, -0.5129737854003906, -0.5201220512390137, -0.5697668790817261, -0.3564866781234741, 0.11254654079675674, 0.7157296538352966, 0.8007858395576477, -0.4966445863246918, -0.0958067774772644, 0.2738572955131531, -0.5027560591697693, 1.176176905632019, 1.0315848588943481, -1.1380510330200195, 0.6039814949035645, -0.10246741026639938, 0.2632739543914795, 0.5184160470962524, -0.46660172939300537, 0.6496800184249878, -0.43715110421180725, -0.5442710518836975, -0.02947855554521084, -0.3070124387741089, -0.23517769575119019, 0.5804704427719116, -0.5439009666442871, -1.3190758228302002, 0.9097726941108704, 0.3226913809776306, -0.3291401267051697, 0.20964881777763367, 0.7797687649726868, 0.15545301139354706, -0.4315846264362335, 0.5392428040504456, -0.531579315662384, 0.3146931827068329, 0.8067858219146729, -0.9104862213134766, 0.35908323526382446, -0.036956485360860825, -0.09616425633430481, -0.22037354111671448, 0.09061475098133087]"
priorities,"[0.7467777729034424, -0.3012779951095581, 0.2254515141248703, 0.08938001841306686, -0.013287641108036041, -0.41964060068130493, 0.1707632839679718, 0.013050667010247707, 0.2639108896255493, 0.36870381236076355, -0.24456197023391724, -1.0266426801681519, -0.7563577890396118, 0.10330603271722794, 0.737387478351593, -0.15113422274589539, -1.4423748254776, -1.438875675201416, 0.33077946305274963, -1.6962274312973022, 0.513354480266571, 1.6664959192276, 0.4445507526397705, 0.9759894609451294, -0.7316821813583374, -0.28161558508872986, 0.1629997342824936, -0.33840468525886536, -0.3795257806777954, 0.4571493864059448, 0.9189929962158203, -0.0730336457490921, 1.3199602365493774, 0.5140393972396851, -0.3268950283527374, 0.17904698848724365, 0.09612242132425308, 0.6064112186431885, -0.7788766026496887, 0.2195359319448471, 0.5201470255851746, -0.9425673484802246, -0.19504350423812866, 1.2095896005630493, 0.1830575317144394, 0.28931379318237305, -0.27783358097076416, -0.3765125572681427, -0.5282050967216492, 0.3285304009914398, -0.3866344094276428, 0.4112546741962433, 0.10153371840715408, -0.5357616543769836, 0.5441626906394958, -0.23933421075344086, 0.3730907142162323, -1.1103371381759644, -0.0541517436504364, 0.4088191092014313, 0.7196851968765259, 0.7521201968193054, -0.37519896030426025, 0.03432166576385498, -0.01614958979189396, 0.004058122169226408, 0.7149661183357239, 1.174468755722046, -1.0357818603515625, 0.5482955574989319, -0.8222737908363342, -0.17042644321918488, 0.5286529064178467, -0.43990665674209595, 0.6428117752075195, -0.2504243850708008, -0.33618876338005066, 0.1262548565864563, -0.5024818778038025, -0.41477373242378235, 0.7053261995315552, -0.6015430092811584, -1.3688762187957764, 0.8685209155082703, 0.23518502712249756, 0.07026637345552444, 0.08734064549207687, 0.8522347807884216, 0.16685707867145538, -0.6435724496841431, 0.8060656189918518, -0.4676746428012848, -0.43907299637794495, 0.5167958736419678, -0.6512089371681213, 0.6612063646316528, -0.1771017462015152, 0.8114750385284424, -0.5918967127799988, 0.8101741671562195]"
strategic,"[1.3304122686386108, -0.12558245658874512, -0.10271279513835907, -0.48497655987739563, -0.23690202832221985, -0.36524057388305664, 0.5963996052742004, -0.21375790238380432, 0.43327799439430237, 0.2012074887752533, -0.6743176579475403, -0.9498406052589417, -0.8191755414009094, -0.7031919956207275, 0.3832058906555176, -0.7489061951637268, -0.8465715646743774, -1.6062575578689575, 0.08698257803916931, -1.5136955976486206, 1.030043601989746, 1.4928836822509766, 0.09429857134819031, -0.03761674836277962, -0.07796192914247513, 0.060869064182043076, -0.4197486639022827, -0.5105105638504028, -0.2570190131664276, 0.44710493087768555, 0.8622996807098389, 0.5487771034240723, 1.2818543910980225, 0.2421916276216507, 0.20700296759605408, 0.8818994760513306, 0.38537168502807617, 1.023925542831421, -1.16206955909729, 0.3478507697582245, -0.17681050300598145, -1.2087407112121582, -0.17025601863861084, 1.1034700870513916, 0.2856195867061615, 0.07430047541856766, -0.1553434431552887, 0.08590155094861984, -0.12939013540744781, 0.7526944279670715, -1.0902506113052368, -0.0032759527675807476, 0.8122848868370056, -0.5124112963676453, -0.05391141399741173, -0.24339622259140015, -0.5069935917854309, -0.7579071521759033, -0.4330747425556183, 0.24722938239574432, 0.7947708368301392, 0.4694962799549103, 0.343169242143631, 0.6268655061721802, 0.5249924063682556, -0.2518467903137207, 0.8117958903312683, 1.1504755020141602, -1.425587773323059, 0.7271308898925781, -0.27097856998443604, 0.27410468459129333, 0.5158143043518066, -0.549475908279419, -0.012198884040117264, -0.349682480096817, -0.32986339926719666, -0.27340593934059143, -0.13672608137130737, 0.008400341495871544, 0.6108002066612244, -1.1005849838256836, -1.6738874912261963, 0.3628408908843994, 0.7353508472442627, -0.7084617614746094, 0.5197727680206299, 0.9185587763786316, -0.1180533915758133, 0.1443905383348465, 0.8277003169059753, -0.13764680922031403, 0.3554227352142334, 0.2160082757472992, -1.2036125659942627, 0.2821202278137207, 0.33459433913230896, 0.6060218214988708, 0.2451763153076172, -0.3145701289176941]"
discusses,"[0.9299005270004272, -0.17546580731868744, 0.23836585879325867, -0.17884132266044617, 0.24802695214748383, -0.5440323948860168, 0.42989176511764526, 0.2098085582256317, -0.25757893919944763, -0.05272649973630905, -0.5432373285293579, -1.2306679487228394, -0.6713106036186218, 0.05957707017660141, 0.27529633045196533, -0.23994013667106628, -1.6157959699630737, -1.1043342351913452, 0.09852824360132217, -1.6178449392318726, 0.5319105982780457, 1.624294400215149, 0.4387056529521942, 0.7237159013748169, -0.8378406167030334, -0.056825894862413406, 0.3047046959400177, -0.2539929449558258, 0.11512340605258942, 0.13824458420276642, 0.879733681678772, 0.5118446350097656, 1.1198935508728027, 0.4503747522830963, -0.1056039035320282, 0.07702668011188507, 0.25347980856895447, 1.0178166627883911, -0.41553473472595215, -0.15741202235221863, 0.9745742678642273, -0.9246534705162048, 0.042030371725559235, 1.296379566192627, 0.299031138420105, 0.7442415356636047, -0.6130297183990479, -0.80097895860672, -0.4967471957206726, 0.43534553050994873, -1.040488600730896, 0.5288536548614502, 0.6323828101158142, -0.8543418049812317, 0.1200636550784111, -0.6114194393157959, -0.3152303099632263, -0.691196858882904, -0.40299296379089355, 0.13986477255821228, 0.8722720146179199, 1.1272525787353516, -0.3600592315196991, -0.34153932332992554, 0.4229797422885895, -0.5731372833251953, 0.8841694593429565, 1.1466947793960571, -1.0686091184616089, 0.2684570252895355, -0.675413191318512, -0.17629562318325043, 0.4576954245567322, -0.20675785839557648, 0.5074321031570435, -0.2284402847290039, -0.2148957997560501, -0.07525206357240677, -0.23592446744441986, -0.3969140350818634, 0.9674267172813416, -0.9066455364227295, -1.4314062595367432, 0.4596836566925049, 0.6930620074272156, -0.17865851521492004, 0.7157498002052307, 0.3994567394256592, -0.22171400487422943, -0.582830548286438, 0.41940969228744507, -0.36719202995300293, 0.4314408600330353, 0.7504354119300842, -0.32664158940315247, 0.4886242151260376, 0.06004175543785095, -0.07810480147600174, -0.46650832891464233, 0.33011847734451294]"
ceo,"[0.9497175216674805, -0.13460487127304077, -0.160726860165596, -0.12127187848091125, -0.0011434629559516907, -0.08602295815944672, 0.37326574325561523, -0.2256322205066681, 0.11438269168138504, -0.24443881213665009, -0.04156319424510002, -1.245563268661499, -0.8598931431770325, -0.25578948855400085, 0.3653753995895386, -0.4055419862270355, -0.8745850920677185, -1.5132653713226318, 0.7963473200798035, -1.5360784530639648, 0.23030352592468262, 1.4845290184020996, -0.1011132225394249, 0.5359227061271667, -0.6532347798347473, -0.19806316494941711, -0.18147492408752441, -0.684757649898529, -0.449032723903656, 0.3005107343196869, 0.613165557384491, -0.298141211271286, 1.0788933038711548, 0.2215975970029831, -0.6227647662162781, 0.3135993480682373, -0.12494739890098572, 0.5587058663368225, -0.7276550531387329, 0.3856843411922455, 0.2999797761440277, -1.1840280294418335, 0.1886606365442276, 0.8743841052055359, 0.21627938747406006, 0.29483312368392944, -0.3723352551460266, -0.5377836227416992, -0.2959648370742798, 0.694451630115509, -1.0615077018737793, -0.04982950910925865, 0.2772020697593689, -0.38188037276268005, 0.8396204113960266, -0.2627653479576111, 0.02183181792497635, -0.6631370186805725, -0.3542512357234955, 0.06934494525194168, 0.6727067828178406, 0.5265105962753296, -0.4007018208503723, 0.2714882493019104, 0.06122859939932823, -0.0781310647726059, 0.6520931124687195, 0.831823468208313, -0.8159082531929016, 0.7130807638168335, -0.386493444442749, 0.004671573173254728, 0.5566558241844177, -0.5934497117996216, 0.14645521342754364, -0.586794912815094, -0.6765852570533752, -0.029789937660098076, -0.33733072876930237, -0.2391831874847412, 0.4601033329963684, -0.6599606275558472, -1.3486950397491455, 1.1969574689865112, 0.3451334834098816, -0.21208155155181885, -0.20654842257499695, 0.8908860683441162, 0.38518548011779785, -0.12624786794185638, 0.7180435657501221, -0.42698201537132263, -0.409370094537735, 0.937781810760498, -1.0372190475463867, 0.5554484724998474, -0.20419791340827942, 0.46394026279449463, -0.4462094008922577, 0.255473256111145]"
mixed,"[-0.20161283016204834, -1.3236891031265259, -0.4596656560897827, -0.08631802350282669, 0.7221148014068604, -1.6068004369735718, -0.2615189254283905, 0.08518851548433304, -0.20209123194217682, -1.3822624683380127, 0.6961135864257812, -1.6119580268859863, -1.2386112213134766, -0.25495511293411255, -0.08860865980386734, 1.1378613710403442, 0.3490215837955475, -1.0338464975357056, -0.39337676763534546, 0.32751408219337463, -0.9172744750976562, 0.6810837984085083, -0.9741016626358032, 0.6086482405662537, -0.28319278359413147, 1.4825894832611084, -0.6458293795585632, -0.2662512958049774, 0.49925002455711365, 0.5946886539459229, -0.24321405589580536, -0.00887921079993248, -0.5486692190170288, -1.2578885555267334, -0.9718683362007141, 1.3698817491531372, 0.3573681116104126, -1.2367609739303589, -0.7456907033920288, -1.3944905996322632, -0.45188555121421814, 0.3015996217727661, 0.7328991889953613, -0.4013962745666504, -0.5267938375473022, -0.4005014896392822, -0.39770492911338806, 0.10479061305522919, -0.12729376554489136, -0.0856773778796196, -0.4101703464984894, -0.8904600143432617, 1.4952596426010132, -0.1364808976650238, -0.5361548066139221, -0.8215739727020264, 0.619826078414917, -0.22500285506248474, -1.142091989517212, -0.10373470932245255, 0.580223798751831, -0.13934847712516785, 0.05832463130354881, -0.2690381109714508, -0.5328713059425354, 1.3856643438339233, 0.9420245885848999, 0.3705962896347046, 0.8029557466506958, -0.1470026969909668, -0.7267706990242004, -0.7583801746368408, -0.17226310074329376, 0.1243046447634697, -0.10822341591119766, 0.22480086982250214, -0.8118587732315063, 0.5929377675056458, 0.4522351324558258, -1.1445250511169434, -0.3561205267906189, 0.507538914680481, -0.13053148984909058, -1.3693718910217285, -0.5854005813598633, -0.876491129398346, 0.3377780318260193, 0.4948595464229584, -0.4696967899799347, -0.10956043004989624, 0.89666348695755, 0.48915180563926697, 0.7712950706481934, 0.9292317628860474, -0.23648875951766968, 0.1973114162683487, 0.19942931830883026, -0.42053118348121643, 0.16845403611660004, 0.37126949429512024]"
week,"[0.4004650115966797, -0.19279852509498596, 0.15734203159809113, 0.275640070438385, 0.4357220232486725, -1.4429279565811157, -0.3966771066188812, 0.02455456741154194, 0.04350705444812775, -1.279703974723816, 1.0528920888900757, -1.6722530126571655, -1.0013279914855957, -0.0010811181273311377, 0.3657376766204834, 0.9880974888801575, 0.033700719475746155, -1.1992892026901245, -0.22608080506324768, -0.3860446512699127, -0.7538717985153198, 0.12037035077810287, -0.5459235906600952, 0.4810810685157776, -0.5554172396659851, 1.8406466245651245, -0.780215322971344, 0.20466524362564087, 0.3119683265686035, -0.037237320095300674, -1.0008182525634766, 0.1535094976425171, -0.19094887375831604, -0.6309152245521545, -0.4812367260456085, 0.9489718079566956, 0.5354249477386475, -1.0294287204742432, -0.4655953645706177, -1.5277464389801025, -0.48045867681503296, 0.32963284850120544, 0.6576679348945618, 0.030137866735458374, -0.36243364214897156, -0.3625780940055847, -0.3159482777118683, 0.323682576417923, 0.5376135110855103, 0.3045746088027954, -0.5078562498092651, -0.28756922483444214, 0.8600921630859375, -0.17869028449058533, -0.33981192111968994, -1.2274246215820312, 0.49064719676971436, -0.2490430623292923, -1.468454122543335, -0.5553521513938904, 0.44130754470825195, 0.32922348380088806, 0.16764937341213226, 0.35841283202171326, -0.42857035994529724, 1.2059210538864136, 1.445349931716919, 0.6966899037361145, 0.5626707673072815, 0.42586106061935425, -0.379548043012619, -0.758995771408081, -0.07002553343772888, 0.777131974697113, 0.3165048360824585, 1.1986066102981567, -1.1758753061294556, 0.23496930301189423, 1.2352330684661865, -0.9020282030105591, -0.3317925035953522, 0.5447327494621277, -0.23613426089286804, -1.5886807441711426, -0.19780108332633972, -1.0954792499542236, 0.9716582298278809, 0.6452202796936035, -0.402523934841156, 0.4600226879119873, 1.2264530658721924, 0.916234016418457, 0.6943531036376953, 1.1234232187271118, -0.24250788986682892, 0.4641324579715729, 0.17409907281398773, 0.19587694108486176, -0.19667747616767883, 0.22698108851909637]"
next,"[-0.6054756045341492, -0.3636122941970825, -0.47666728496551514, -0.4960198998451233, 1.1323884725570679, -1.3265624046325684, -0.5993620753288269, 0.23817035555839539, -0.42395564913749695, -1.388891339302063, 0.8367245197296143, -1.4522827863693237, -0.7121478915214539, -0.25849390029907227, -0.23465785384178162, 1.3731461763381958, -0.04436173290014267, -0.9569081664085388, 0.4122062623500824, -0.3607175648212433, -0.8697236180305481, 0.8207396864891052, -0.9394404888153076, 0.21525314450263977, -0.8980371356010437, 1.474099040031433, -0.684758186340332, -0.34001997113227844, 0.7828232645988464, 0.11471787095069885, -0.33613041043281555, 0.1939985752105713, -1.074014663696289, -1.0400166511535645, -0.5909252166748047, 1.4777055978775024, 0.05483413115143776, -1.1002819538116455, -1.0771557092666626, -1.0519640445709229, 0.26147225499153137, 0.5016874074935913, 0.27496933937072754, -0.5363187193870544, 0.16048720479011536, -0.36063069105148315, -0.40045541524887085, -0.4946158528327942, -0.5171434283256531, -0.021091366186738014, -0.7076905965805054, -0.30180099606513977, 1.218977451324463, 0.3991032540798187, 0.036166708916425705, -0.8258976936340332, 0.07214219868183136, 0.01864735595881939, -1.1770061254501343, 0.3192306458950043, 0.7912720441818237, -0.03264104202389717, 0.49136191606521606, -0.00702542532235384, -0.2152523249387741, 0.6935397386550903, 0.8841091394424438, 0.10926716029644012, 0.9322642087936401, 0.21718110144138336, -0.9108586311340332, -0.8040419220924377, -0.7411658763885498, 0.18824471533298492, -0.34780824184417725, 0.5833239555358887, -1.077836513519287, 0.5140507817268372, 1.0940334796905518, -1.3866196870803833, -0.4267406165599823, 0.0632186308503151, -0.5891863107681274, -1.2721848487854004, -0.3640611469745636, -1.1473462581634521, 0.7159253358840942, 0.6664239764213562, -0.27649807929992676, 0.39446717500686646, 0.3564637303352356, 0.3549652397632599, 1.4344738721847534, 1.619696021080017, -0.150688037276268, -0.19924360513687134, 0.5325744152069092, -0.10378429293632507, 0.09896921366453171, 0.5289000272750854]"
report,"[0.7287464737892151, -0.9772502183914185, -0.4049641489982605, 0.08804813772439957, 0.726051390171051, -1.3360344171524048, -0.13778142631053925, -0.2924278974533081, -0.17357300221920013, -0.9391268491744995, 0.9471378326416016, -1.9559943675994873, -0.9510089755058289, -0.2610398232936859, -0.1867736428976059, 0.986018717288971, 0.3540782928466797, -1.0907236337661743, 0.0976908951997757, -0.2255650758743286, -0.7298073172569275, 0.6579932570457458, -1.0195821523666382, 0.2617090344429016, -0.6204280257225037, 2.059418201446533, -0.3857332170009613, 0.033165331929922104, 0.6221588850021362, 0.25708985328674316, -0.14394529163837433, 0.2603975534439087, -0.1555119901895523, -0.7515544891357422, -0.48804810643196106, 0.7828394174575806, 0.30062374472618103, -0.7745861411094666, -0.2703648805618286, -1.4334520101547241, -0.30901044607162476, -0.02420719526708126, 0.7576127052307129, -0.16865229606628418, -0.41309335827827454, 0.1345929205417633, -0.7599079012870789, 0.3958622217178345, 0.35679158568382263, -0.09663034975528717, -0.4148062467575073, -0.8972054719924927, 1.4424383640289307, -0.2335190773010254, -0.6118009090423584, -0.8711130023002625, 0.39575186371803284, 0.001881744246929884, -1.303808569908142, -0.3468509912490845, 0.012687627226114273, 0.0769575983285904, -0.2133324295282364, 0.334941029548645, -0.16365265846252441, 1.219777226448059, 0.5361174941062927, 0.2757346034049988, 0.5089120864868164, 0.23033449053764343, -0.9498957991600037, -1.026496171951294, -0.16249951720237732, -0.07771091163158417, -0.1522962749004364, -0.2367907464504242, -0.9113502502441406, 0.6179594993591309, 1.0443010330200195, -0.8214316964149475, -0.41737428307533264, 0.0709865540266037, -0.6484403610229492, -1.074393630027771, -0.13086794316768646, -0.8359437584877014, 0.9555553197860718, 0.6385583281517029, -0.21890577673912048, 0.07884114235639572, 0.8125367164611816, 0.5381903648376465, 0.6238530278205872, 1.206304907798767, -0.4874420762062073, 0.0577174536883831, 0.08230268955230713, -0.23425157368183136, 0.006116097792983055, 0.4400283396244049]"
weekend,"[-0.35815757513046265, 0.871756911277771, 0.29245319962501526, -0.22992569208145142, 0.5238577723503113, 0.35740014910697937, 0.8283644914627075, 0.9776737093925476, -0.42281419038772583, 0.4868288040161133, -0.2528779208660126, -0.40681329369544983, -0.856964647769928, -0.19162516295909882, 0.43211430311203003, -0.06790917366743088, -0.044822923839092255, 0.05846928432583809, -0.050821058452129364, -0.8900960683822632, 0.30144307017326355, 0.5214555859565735, -0.7630795240402222, 0.16336333751678467, -0.5541920065879822, -0.17079399526119232, 0.4365609884262085, -0.06822820752859116, -0.6849042177200317, 0.22915272414684296, -0.16496501863002777, -0.5128500461578369, 0.7030662894248962, -0.9320933818817139, -0.425014853477478, 0.7803662419319153, 1.1496821641921997, -0.4908279478549957, 0.24972568452358246, -0.4847402572631836, -0.14527744054794312, -0.22742219269275665, -0.008137552067637444, 0.47928547859191895, 1.2046923637390137, 0.3478848338127136, 0.5622847080230713, 0.5382528901100159, 0.208702951669693, -0.001393310958519578, 0.5119782090187073, 0.43262535333633423, -0.21529628336429596, -0.028073035180568695, -0.08817923069000244, -0.26759180426597595, 0.30115219950675964, -0.041651222854852676, 0.6430286169052124, -0.8324833512306213, -0.08166992664337158, 0.717567503452301, 0.009032522328197956, -0.9268038272857666, 0.005966452416032553, 0.6807640194892883, 0.4406560957431793, 1.2904422283172607, -0.7285003066062927, -0.1242464929819107, 0.1097690537571907, 0.48097333312034607, -0.05406368151307106, 0.5281709432601929, 0.8756471872329712, 0.4178052544593811, -0.9417808055877686, 0.17195625603199005, -0.35862889885902405, -0.3730035722255707, -0.15991775691509247, 0.43404993414878845, -0.08189068734645844, 0.1478775143623352, 0.3679567873477936, 0.6148773431777954, 0.2135227620601654, -0.05892922729253769, 0.6060258746147156, 0.6834478974342346, 0.726011335849762, 0.14861717820167542, 0.18968425691127777, -0.33963972330093384, 1.7161591053009033, 0.2590569853782654, 0.20295700430870056, -0.7877637147903442, 0.8953547477722168, -0.5904596447944641]"
holiday,"[0.048290252685546875, 0.670739471912384, -0.10074134171009064, -0.41731885075569153, 0.093498595058918, 0.05096563324332237, 0.7991927862167358, 1.1479483842849731, -0.3910432755947113, 0.41063857078552246, -0.6189689636230469, 0.22860410809516907, -0.7751385569572449, -0.3010704517364502, 0.09984111040830612, 0.6570175290107727, -0.05785410478711128, -0.21440362930297852, -0.2905019223690033, -1.0933676958084106, 0.006051959469914436, 0.7888734340667725, -0.7535028457641602, 0.2786494493484497, -0.22429582476615906, -0.024584271013736725, -0.1943565458059311, 0.20906244218349457, -0.5387374758720398, 0.4553663432598114, -0.5703491568565369, -0.024572322145104408, 0.31798431277275085, -0.9258560538291931, -0.1950678676366806, 0.5992634296417236, 1.0379639863967896, -0.45206546783447266, 0.4987733066082001, -0.4962075650691986, -0.46469852328300476, -0.37235701084136963, 0.4874419569969177, 0.6777361035346985, 1.4386035203933716, 0.7774379849433899, -0.018936892971396446, 0.9063616394996643, 0.10432947427034378, -0.1902609020471573, -0.061543747782707214, 0.44985929131507874, -0.1591559201478958, -0.09312652796506882, -0.2555851936340332, -0.6182465553283691, 0.5338500142097473, 0.3820486068725586, 0.3486212193965912, -0.04954200237989426, 0.035588961094617844, -0.04413699358701706, -0.4132572412490845, -0.2773832678794861, 0.2743171453475952, 0.7561196088790894, 0.6933603286743164, 1.2726380825042725, -0.6727911829948425, -0.0952533632516861, 0.05995366722345352, 0.7036780118942261, 0.06329566240310669, 0.9579677581787109, 0.8148007988929749, 0.18178527057170868, -1.2779265642166138, 0.30883219838142395, 0.10094178467988968, -0.4381077289581299, 0.08155229687690735, 1.1897461414337158, 0.025566620752215385, 0.5578882694244385, 0.7206554412841797, 0.06445714086294174, 0.9261072278022766, 0.6113002896308899, 0.31354621052742004, 0.5803520083427429, 1.1732826232910156, 0.4022281765937805, -0.38874566555023193, -0.17865757644176483, 1.1523782014846802, 0.6727341413497925, 0.25965338945388794, -0.9334602952003479, 0.9689763784408569, 0.038896914571523666]"
ahead,"[-0.28108319640159607, 0.6089199781417847, 0.2424430549144745, 0.07205800712108612, 0.7628600001335144, 0.19057899713516235, 0.9552409052848816, 0.967761218547821, -0.6486269235610962, 0.4602736234664917, -0.40708109736442566, -0.024753820151090622, -1.0089497566223145, -0.19535166025161743, 0.33134424686431885, 0.180382639169693, -0.07887193560600281, 0.16472463309764862, 0.020296094939112663, -0.8012982606887817, -0.10070887207984924, 0.9345760345458984, -0.8400359153747559, 0.1440519243478775, 0.0027811212930828333, -0.3266497254371643, 0.24176253378391266, -0.1900915503501892, -0.7326120138168335, 0.2516174018383026, -0.4044544994831085, -0.36995530128479004, 0.4804036617279053, -0.9158192276954651, -0.19533969461917877, 0.8163683414459229, 1.045484185218811, -0.6634920239448547, 0.3488282263278961, -0.41352492570877075, 0.10418336093425751, -0.25537219643592834, 0.36929285526275635, 0.3817983567714691, 1.0363092422485352, 0.4160028100013733, 0.09291936457157135, 0.9243340492248535, 0.09185840934515, -0.18894954025745392, 0.5843343734741211, 0.5886431932449341, -0.3099496364593506, 0.07963315397500992, -0.33414846658706665, -0.456038236618042, 0.44360458850860596, 0.32982274889945984, 0.4806896150112152, -0.49043139815330505, -0.29302898049354553, 0.5246335864067078, 0.10782822221517563, -0.8313067555427551, -0.13183926045894623, 0.4846328794956207, 0.7314547896385193, 1.3003168106079102, -0.7279776334762573, -0.16363947093486786, 0.40572455525398254, 0.6052515506744385, 0.1750221997499466, 0.5900300145149231, 0.9890276193618774, 0.2536636292934418, -0.34828755259513855, 0.10844629257917404, -0.49987444281578064, -0.5969763994216919, -0.288741797208786, 1.022075891494751, 0.10445573180913925, -0.3147309124469757, 0.24008698761463165, 0.35063067078590393, 0.21720236539840698, 0.31412839889526367, 0.6261705756187439, 0.5107163190841675, 0.7596877217292786, 0.45280763506889343, -0.32113733887672424, -0.16581769287586212, 1.5053600072860718, 0.4505457580089569, 0.3080652952194214, -0.7695067524909973, 0.9792640209197998, -0.389371395111084]"
light,"[-0.040523190051317215, 0.7387990355491638, 0.09668825566768646, -0.20923860371112823, 0.39806801080703735, 0.2776096761226654, 0.8066068291664124, 1.2052010297775269, -0.43557611107826233, 0.5658979415893555, -0.4206275939941406, -0.330005019903183, -0.9414595365524292, -0.20006805658340454, 0.42776718735694885, 0.38622304797172546, 0.033347465097904205, -0.29557573795318604, 0.04846244305372238, -0.9012112617492676, 0.11115261912345886, 0.7452733516693115, -0.5081859230995178, 0.03810913488268852, -0.4793250560760498, -0.04423363506793976, 0.3394770622253418, 0.18655341863632202, -0.4701799750328064, 0.37061914801597595, 0.02239224500954151, -0.5297749638557434, 0.5660340189933777, -0.8327524662017822, -0.44246622920036316, 0.8471551537513733, 1.1805031299591064, -0.6515008211135864, 0.4787953197956085, -0.7550990581512451, -0.36815589666366577, 0.013948466628789902, -0.06307701766490936, 0.7714459300041199, 1.373239517211914, 0.7324202060699463, 0.45616021752357483, 0.3744847774505615, 0.2222110480070114, -0.33713120222091675, 0.25964367389678955, 0.6464753746986389, -0.3389304280281067, 0.23517286777496338, -0.35572296380996704, -0.5692439079284668, 0.5440688133239746, 0.2555890381336212, 0.5660045146942139, -0.37313035130500793, 0.05805730074644089, 0.49287551641464233, -0.3898005187511444, -0.48124340176582336, -0.09075859934091568, 0.7231839299201965, 0.30676740407943726, 1.285285234451294, -0.49276667833328247, -0.15027569234371185, -0.03735422343015671, 0.45113950967788696, -0.28420117497444153, 0.8636476993560791, 0.7491238713264465, 0.23349548876285553, -1.253869891166687, 0.16239860653877258, -0.38226255774497986, -0.1895541101694107, 0.10697583854198456, 0.7224956154823303, 0.37573331594467163, 0.26181793212890625, 0.6709281802177429, 0.5582693815231323, 0.533673107624054, 0.32603543996810913, 0.2316817194223404, 0.3837098479270935, 0.8585261702537537, 0.09732139110565186, -0.10699975490570068, -0.4456532895565033, 1.6472092866897583, 0.2914866805076599, 0.3221592605113983, -0.8209332227706909, 1.1092344522476196, -0.3421337604522705]"
volume,"[-0.13634063303470612, 0.8613389730453491, -0.06054256856441498, -0.3899516761302948, 0.6699767708778381, 0.031411223113536835, 0.6535249948501587, 1.142914891242981, -0.33197641372680664, 0.16348840296268463, -0.12057658284902573, 0.2442234605550766, -0.7271002531051636, -0.25299233198165894, 0.7884838581085205, -0.040156904608011246, 0.09648948907852173, -0.10667667537927628, -0.13863195478916168, -1.161902666091919, 0.32609525322914124, 0.5834085941314697, -0.7705280780792236, 0.16577349603176117, 0.2789480686187744, -0.28130051493644714, 0.22139135003089905, 0.14520949125289917, -1.0021753311157227, 0.028777774423360825, -0.6456679105758667, -0.2793702781200409, 0.2065546214580536, -0.7477010488510132, -0.20092999935150146, 0.579536497592926, 0.9526157975196838, -0.3522472679615021, 0.6083428263664246, -0.4601539969444275, -0.11698812991380692, -0.4184713065624237, 0.1408219039440155, 0.5414515137672424, 1.3812346458435059, 0.7513140439987183, 0.23208782076835632, 1.0833439826965332, 0.10182967782020569, 0.018856318667531013, 0.28748974204063416, 0.5167030692100525, -0.29713162779808044, 0.1373802274465561, -0.20737554132938385, -0.10558207333087921, 0.2263426035642624, 0.08610644191503525, 0.3205084502696991, -0.38596153259277344, -0.4356815218925476, 0.575316846370697, -0.19519199430942535, -0.6468069553375244, 0.10535737872123718, 0.944126546382904, 0.9239309430122375, 1.2826756238937378, -0.67261803150177, -0.12965403497219086, -0.1273709386587143, 0.546370804309845, 0.09241389483213425, 0.32279500365257263, 0.8028315305709839, 0.9723773002624512, -0.5852292776107788, 0.07334642857313156, -0.13170738518238068, -0.5281941890716553, -0.042319443076848984, 0.8693805932998657, -0.07633116841316223, 0.24341420829296112, 0.6174206733703613, 0.736294150352478, 0.3915427327156067, 0.10212752223014832, 0.551859438419342, 0.6520959734916687, 0.7776088118553162, 0.6273054480552673, -0.141627699136734, -0.17097260057926178, 0.9908607602119446, 0.6551709771156311, 0.536191999912262, -0.7851568460464478, 0.9297229647636414, -0.4905220568180084]"
regulatory,"[-0.7212328314781189, -0.7943511605262756, -0.14116190373897552, -0.030007323250174522, -0.2791915535926819, -1.3171746730804443, 0.2729891836643219, -0.4590444564819336, -1.0221734046936035, 0.15743394196033478, 0.6334466338157654, -0.06703706085681915, -0.3518854081630707, -0.10939303040504456, -0.10225718468427658, 0.3924786150455475, 0.22331368923187256, 0.282970666885376, 0.5567267537117004, -0.021575264632701874, 0.46072918176651, 0.7698462605476379, -0.09694013744592667, 1.0297187566757202, -0.6218695044517517, 0.46833205223083496, 0.389254093170166, -1.319576382637024, 1.4684386253356934, 1.2000243663787842, 1.0553333759307861, -0.026532568037509918, -1.0055010318756104, 0.6132051944732666, -0.4366723597049713, 1.6120686531066895, 0.8324868083000183, 0.6203805804252625, -0.6008480787277222, -0.6678516864776611, 0.2992788851261139, -0.4219467341899872, 0.7952200770378113, -0.6262966990470886, 0.49792537093162537, 0.029080195352435112, -1.283657193183899, -0.28510424494743347, 0.6643606424331665, -1.3263609409332275, -0.6182870864868164, -0.45639386773109436, 0.605833888053894, 0.05938609316945076, -0.9362300634384155, -0.954097330570221, -0.7780595421791077, -0.6581369042396545, -0.39754611253738403, 0.3569851517677307, 1.1230545043945312, 1.0690186023712158, -0.13219678401947021, -0.8746002912521362, -0.08027510344982147, -0.007293100003153086, -0.23884744942188263, 0.06900345534086227, -0.07515384256839752, 0.05216945335268974, -1.4813520908355713, -0.4635958969593048, -0.5749495625495911, 0.6615414619445801, -0.9617114067077637, 0.5637267231941223, -1.8366180658340454, 0.7615823149681091, -0.9586042761802673, -1.1277457475662231, 1.6953589916229248, -1.5411603450775146, -1.5915955305099487, 1.231858253479004, 0.2549247145652771, 0.533247709274292, 0.0034923958592116833, -1.0428024530410767, -0.028574872761964798, 0.13941065967082977, 0.41777342557907104, 0.22300554811954498, -0.48292770981788635, 1.2071830034255981, 0.9080709218978882, -0.18178404867649078, 0.9315521121025085, -1.012906789779663, -0.7225597500801086, -0.9458662867546082]"
ai,"[-0.013739724643528461, -0.8926323056221008, 0.3485606014728546, -0.3164977431297302, 0.7890569567680359, -0.8935872912406921, -0.17289778590202332, 0.7206205725669861, 1.0625377893447876, -0.17665161192417145, 0.70076584815979, 0.16853226721286774, -1.3930855989456177, 0.48553624749183655, -0.9669903516769409, 0.8073897361755371, -0.2040553241968155, -1.0431448221206665, -0.5244224071502686, 0.2933347225189209, 0.34860894083976746, 0.6001165509223938, 0.23183795809745789, 0.12026037275791168, 0.5978882312774658, -0.022850703448057175, 0.07780333608388901, -0.5047531127929688, 0.15224036574363708, 0.619184672832489, -0.05291694030165672, -0.38421499729156494, 0.5647317171096802, -0.2216695100069046, -1.1560581922531128, 0.49073442816734314, 0.490374892950058, -0.7412520051002502, -0.9230918884277344, 0.46047458052635193, -0.5487895011901855, -0.6625784635543823, 0.7819163203239441, 0.5943536758422852, 0.26472434401512146, -0.8121527433395386, 0.16804976761341095, -0.489164799451828, 0.09529762715101242, 0.29030051827430725, -0.6513720154762268, -0.20533804595470428, 0.2706949710845947, -0.005644092336297035, 0.8088439106941223, 0.06360428035259247, 0.655692458152771, 0.17083777487277985, -0.2665681540966034, -0.3922925889492035, -0.05314904823899269, -0.07592462003231049, 0.24410875141620636, -0.3258661925792694, -0.7808467745780945, 0.5587103962898254, 0.6362274289131165, 0.6319899559020996, 0.8816763162612915, 0.43849319219589233, -0.20335106551647186, 0.0244999211281538, 0.4543563723564148, 0.8678103685379028, -0.4998154640197754, 0.5868777632713318, 0.6490118503570557, -0.6590913534164429, -1.4790540933609009, -0.632160484790802, 0.6590396761894226, 0.05248849838972092, -0.3586078882217407, -0.022805098444223404, -0.5659496188163757, 0.8546453714370728, 0.06557105481624603, 0.24511368572711945, -0.6913885474205017, 0.32806411385536194, 0.41945505142211914, 0.45049622654914856, -0.007722143083810806, 0.9778987169265747, 0.06325279176235199, 0.17909689247608185, -0.0859147161245346, 1.0083850622177124, -0.03716934844851494, -0.31123533844947815]"
confidence,"[-1.26421320438385, 0.39425015449523926, 0.22206762433052063, -0.397019624710083, 0.8970090746879578, -0.8910583257675171, 0.036725860089063644, 0.9317992329597473, -0.03923847898840904, 0.5408636927604675, -0.5328134298324585, -0.5815020799636841, 0.0784849002957344, 0.2811327874660492, 0.7828223705291748, -0.02537401020526886, -1.229481816291809, -0.8896924257278442, 0.6878750324249268, -0.7529821991920471, 0.8574662208557129, 0.7516043186187744, -1.3194776773452759, -0.09893106669187546, 0.1277512013912201, 0.6579221487045288, -0.9907895922660828, 0.09168308228254318, 0.053384363651275635, -1.1345041990280151, 0.3218490183353424, -0.6309067010879517, -0.7068729996681213, 1.1394739151000977, -0.17307201027870178, 0.9692306518554688, 0.34696707129478455, -0.792744517326355, -1.0236011743545532, -0.05870698392391205, 0.6702595353126526, -1.6486842632293701, -0.3408062160015106, -0.2575569152832031, 0.6059345602989197, -0.3335898816585541, -0.7139286994934082, -1.8778938055038452, 0.6929594874382019, -0.45829513669013977, -2.399085760116577, 0.8311768174171448, 0.6116304397583008, 0.11429429054260254, 1.146031379699707, 1.253466248512268, -0.37020185589790344, 0.9851006269454956, -0.46816956996917725, 0.7611057758331299, 0.37550610303878784, 0.4274345338344574, 0.0430118553340435, -0.5911355018615723, -0.12016181647777557, 0.36517566442489624, -0.34440892934799194, -0.21011883020401, 1.135003924369812, 1.6112152338027954, -0.3444540202617645, -1.1729860305786133, 0.0033494080416858196, 0.5382634401321411, 0.08001112937927246, -0.06303712725639343, 0.35699084401130676, -0.5255840420722961, -0.12239491939544678, 1.2894070148468018, -0.11783381551504135, -2.4029903411865234, -0.10749880224466324, 0.24079075455665588, -0.523358941078186, 0.6240941286087036, 0.7704769968986511, 0.1590873897075653, 1.0409654378890991, -0.7091598510742188, -0.017815012484788895, 0.6935109496116638, 0.7283675670623779, 0.6346860527992249, -0.7063242197036743, -0.5305411219596863, 1.2494769096374512, -0.2378987967967987, -0.23870359361171722, 1.562570333480835]"
dividend,"[-1.3969162702560425, 0.6368696093559265, 0.6632170677185059, -0.04349171742796898, 0.08217031508684158, -0.44602981209754944, -0.5255022644996643, 1.2427897453308105, -0.16827234625816345, 1.0341038703918457, -1.0389021635055542, -0.4709984362125397, -0.629551112651825, 0.7225596904754639, 0.5061543583869934, 0.26301637291908264, -1.2884302139282227, -0.5973585247993469, 0.6974846124649048, -0.3892860412597656, 0.2879464328289032, 0.693234920501709, -1.2083112001419067, 0.4752518832683563, -0.773317277431488, 0.5766909122467041, -0.8445284962654114, -0.32626277208328247, 0.2109553962945938, -0.6466710567474365, 0.20937512814998627, -0.9346173405647278, -0.8429831266403198, 0.9068988561630249, -0.510129451751709, 0.5188365578651428, 0.89422208070755, -0.3990030288696289, -0.9138242602348328, 0.021312709897756577, 0.6687775254249573, -1.1093993186950684, -0.5058296918869019, -0.15659260749816895, 0.41459921002388, 0.27987733483314514, -1.3950413465499878, -1.5535624027252197, 1.11850905418396, -0.4109729826450348, -2.4459662437438965, 1.1305911540985107, 1.1220780611038208, -0.5720465183258057, 1.2343041896820068, 1.2573249340057373, 0.03855910152196884, 0.6736583709716797, -0.016377480700612068, -0.22668355703353882, -0.09065229445695877, 0.6011338233947754, -0.18988625705242157, -0.32275891304016113, -0.26309633255004883, -0.2606322467327118, -0.5180039405822754, 0.5047938823699951, 0.8060064911842346, 1.6247342824935913, -0.4361535608768463, -1.3281245231628418, -0.8320112824440002, 0.2995786666870117, 0.3397950530052185, -0.34022951126098633, 0.05412324517965317, 0.287497878074646, -0.7942980527877808, 1.0226802825927734, 0.04602446034550667, -2.2108154296875, -0.24799087643623352, 1.249343991279602, -0.5150263905525208, 0.1642518788576126, 0.9139371514320374, 0.5766465067863464, 0.6934000253677368, -0.5372722744941711, -0.24785937368869781, 0.8898847699165344, 0.36484479904174805, 0.9710198044776917, 0.07157990336418152, -0.050131283700466156, 0.8159293532371521, -0.06370548903942108, 0.2789388597011566, 1.2845314741134644]"
outlook,"[0.6105750203132629, 0.8014598488807678, 0.3738671541213989, 0.031095920130610466, 1.2067923545837402, -0.8684870600700378, 0.22190290689468384, 0.33695870637893677, 0.6831418871879578, 0.18971358239650726, -0.2859300673007965, -1.1635702848434448, -0.5892476439476013, 1.018161654472351, -0.300298273563385, 1.3693591356277466, -1.617070198059082, 0.43629756569862366, 0.005184892565011978, -0.8027016520500183, -0.5611884593963623, 0.29006853699684143, 0.3716876804828644, 0.025267010554671288, -0.6738833785057068, 1.1362714767456055, 1.5445423126220703, -0.933546245098114, 0.28856977820396423, 0.4326648712158203, 0.8765374422073364, -0.34441646933555603, 0.5210999846458435, 0.5151162147521973, -0.4411855638027191, 0.40598881244659424, 0.5559517741203308, -1.0612176656723022, -0.08711697161197662, -0.5816656351089478, 0.457550585269928, -0.8541029691696167, 0.03075183741748333, -0.6065793633460999, -0.4741680324077606, 0.7139299511909485, -0.1713460236787796, -0.05714086815714836, 0.14556507766246796, 0.02409643493592739, -0.45536771416664124, -0.5253013372421265, 1.1179813146591187, 1.0393424034118652, 0.46847429871559143, 0.6733269691467285, -0.4972136616706848, -0.5785263180732727, -0.7592642903327942, -1.0508430004119873, 0.9339832067489624, -0.37877777218818665, 0.03750632703304291, 0.5114603638648987, 1.0040853023529053, -0.6014387011528015, 0.867979109287262, -0.5501059293746948, -0.5547927618026733, 0.715250551700592, 0.5142639875411987, -0.43509048223495483, -0.5479139089584351, -0.4595094919204712, 0.1232699304819107, 1.1068495512008667, -0.9210802912712097, 0.39331865310668945, 0.8523152470588684, -0.5977174043655396, 0.6402027010917664, -0.8304390907287598, -1.3560212850570679, -1.2605595588684082, -1.0347187519073486, -0.7083286046981812, 0.09594132751226425, 0.06639579683542252, -0.10053588449954987, 0.21453630924224854, 1.088814377784729, 0.2707688808441162, 0.27610573172569275, 0.74833083152771, 0.45801568031311035, 0.16459093987941742, -1.0051093101501465, -0.49576738476753235, -0.3444617986679077, 0.4742966294288635]"
fullyear,"[0.514879047870636, 0.6252433657646179, 0.215853750705719, -0.5400455594062805, 1.6182119846343994, -0.8847922682762146, -0.07797534763813019, -0.22672207653522491, 0.8293483853340149, -0.04411900416016579, -0.20833353698253632, -1.446595311164856, -0.4856882095336914, 0.8324317932128906, -0.7618545293807983, 1.7885842323303223, -1.489930272102356, 0.373442679643631, -0.05907677114009857, -0.7113561630249023, -0.8431790471076965, 0.7753875851631165, -0.11908332258462906, 0.12642614543437958, -1.0376503467559814, 1.443424940109253, 0.79591965675354, -0.5284676551818848, 0.05244264751672745, 0.49677443504333496, 0.6824100017547607, -0.7528372406959534, 0.5767368674278259, 0.10728559643030167, -0.3864227533340454, 1.0002480745315552, 0.547635018825531, -0.7667403221130371, -0.041583240032196045, -0.47317761182785034, 0.25291359424591064, -0.2569235861301422, -0.4050813615322113, -0.5727883577346802, 0.16209207475185394, 0.8423757553100586, 0.25096237659454346, -0.055507171899080276, 0.6132876873016357, -0.7881551384925842, -0.16408759355545044, -0.9929163455963135, 1.2831312417984009, 0.8969428539276123, 0.2766384482383728, 0.32060256600379944, -0.6892348527908325, -0.37285998463630676, -0.4294809103012085, -1.0579642057418823, 0.6427493095397949, -0.4681679606437683, -0.20511171221733093, 0.9347620606422424, 0.9527297019958496, -0.43928825855255127, 0.6233278512954712, -0.8958433270454407, -0.505415141582489, 0.4828430116176605, 0.02801530435681343, -0.10738401114940643, -0.0726519525051117, -0.322571724653244, -0.05420239269733429, 0.9451197385787964, -1.2160944938659668, -0.21156045794487, 0.7970360517501831, -1.2966547012329102, 0.21384501457214355, -1.039496660232544, -1.289908766746521, -0.7273768186569214, -0.5402057766914368, -0.8429945707321167, 0.4175168573856354, 0.11150539666414261, -0.588557243347168, 0.9191129803657532, 0.6537608504295349, 0.9778464436531067, 0.49048569798469543, 0.9851967692375183, 0.6684718728065491, -0.42012518644332886, -0.6819778680801392, -0.4069172739982605, 0.2463148534297943, 0.04835037887096405]"
estimates,"[0.5769795775413513, 0.45369070768356323, 0.24638515710830688, 0.14516156911849976, 1.276386022567749, -0.9201639294624329, 0.3510710895061493, -0.5001621842384338, 0.6858094334602356, 0.1367165595293045, -0.6393822431564331, -1.564463496208191, -0.35913172364234924, 1.1334806680679321, -0.7341926693916321, 1.894753336906433, -1.532422423362732, 0.08268498629331589, 0.30911776423454285, -0.8601726293563843, -0.403127521276474, 0.9090419411659241, 0.07703875750303268, -0.1298229992389679, -1.2262277603149414, 1.0923715829849243, 1.0702892541885376, -0.7464067339897156, 0.7414075136184692, 0.42562922835350037, 0.8073552250862122, -0.48268696665763855, 0.5070875883102417, 0.5668214559555054, -0.9130833148956299, 1.0688271522521973, -0.020019028335809708, -1.0179617404937744, 0.07668381184339523, -0.6597346067428589, 0.14640003442764282, -0.5419815182685852, 0.3807194232940674, -0.6787580251693726, -0.3022342026233673, 0.7484257817268372, -0.21978488564491272, -0.14320792257785797, 0.058648645877838135, -0.4012189209461212, 0.10898517817258835, -1.2248508930206299, 1.065569281578064, 0.705466091632843, 0.4089752435684204, 0.546045184135437, -0.5179153084754944, -0.31981271505355835, -1.4876574277877808, -0.8321993350982666, 0.6717411279678345, -0.1980423629283905, -0.4747677445411682, 0.774398148059845, 1.0152212381362915, -0.4572660028934479, 0.5493187308311462, -0.7599977254867554, -0.20728501677513123, 0.24700839817523956, 0.12447850406169891, -0.38209453225135803, -0.5990886092185974, -0.725904643535614, 0.12089498341083527, 0.8359441757202148, -1.205043077468872, -0.002237891312688589, 0.8983227610588074, -0.6870980262756348, -0.05092344060540199, -0.9726241827011108, -1.6254143714904785, -0.7052175998687744, -0.4520581066608429, -0.9036054611206055, 0.48294898867607117, 0.10258204489946365, -0.2425926774740219, 0.2819752097129822, 1.0330607891082764, 0.5661523938179016, 0.4826347827911377, 0.9476499557495117, 0.3602350950241089, -0.24269360303878784, -0.8698945045471191, 0.11794355511665344, 0.24336618185043335, 0.45000848174095154]"
misses,"[1.0633347034454346, 0.5780519247055054, 0.28946515917778015, -0.24045373499393463, 1.5585970878601074, -0.7242396473884583, -0.21695160865783691, 0.18555957078933716, 0.714289665222168, 0.23760633170604706, -0.08758436888456345, -1.2572388648986816, -0.6795586943626404, 1.0055054426193237, -0.32935792207717896, 1.5690559148788452, -1.296491265296936, 0.30417051911354065, 0.2797628343105316, -1.0728015899658203, -0.24346193671226501, 0.6100021600723267, -0.21800784766674042, 0.01871465891599655, -0.5057384371757507, 1.5009909868240356, 1.0647293329238892, -0.5702450275421143, 0.08428404480218887, 0.46587055921554565, 0.7110983729362488, -0.1540602743625641, 0.32879820466041565, 0.6089074015617371, -0.6154386401176453, 0.3814849555492401, 0.8116174936294556, -0.9868097305297852, -0.2690250873565674, -0.3288712203502655, -0.008118892088532448, -0.529288113117218, 0.26255324482917786, -0.5074277520179749, -0.08757681399583817, 0.4602961838245392, -0.12958383560180664, -0.11309371888637543, 0.36621248722076416, -0.021684585139155388, -0.9135399460792542, -0.3883554935455322, 1.3461495637893677, 0.7646492123603821, 0.6373609900474548, 0.17034530639648438, -0.716668426990509, -0.10093541443347931, -0.3864539563655853, -1.1576768159866333, 0.6727698445320129, -0.17865805327892303, -0.14051124453544617, 0.6885290145874023, 0.6635270714759827, -0.4118724763393402, 0.8306360840797424, -0.5175074338912964, -0.3337583541870117, 0.7649953365325928, -0.12003203481435776, -0.6066588163375854, -0.4793960154056549, -0.4101709723472595, -0.4247332215309143, 1.0334800481796265, -0.7793465852737427, 0.45715248584747314, 0.8679318428039551, -1.184037685394287, 0.807654082775116, -1.0551565885543823, -1.6474367380142212, -0.7753551602363586, -0.6054213047027588, -0.4670235812664032, 0.3790111839771271, -0.13389861583709717, -0.3414890170097351, 0.6519045233726501, 0.801781952381134, 0.5076627135276794, 0.16353891789913177, 1.27596914768219, 0.2746152877807617, -0.07847758382558823, -0.6982256770133972, -0.365010142326355, -0.11661829799413681, 0.31214243173599243]"
scrutiny,"[-0.8768901824951172, -0.36212271451950073, 0.13018862903118134, -0.038290731608867645, -0.055356714874506, -1.2283062934875488, 1.1894747018814087, 0.22772039473056793, 0.3342045247554779, 0.19146721065044403, 0.42394936084747314, 0.17535847425460815, 0.7795824408531189, 0.6751078963279724, 0.48428869247436523, -0.5962604284286499, -0.34379279613494873, 0.6154611110687256, 1.0587881803512573, -0.7569816708564758, 1.2840301990509033, 0.5019375085830688, -0.4087955951690674, 1.3461947441101074, -0.4198533296585083, 1.1939696073532104, -0.3638852834701538, -1.813617467880249, 1.7036234140396118, 0.9905551671981812, -0.737815797328949, -0.2978096604347229, -1.2367466688156128, 1.1496161222457886, 1.2628048658370972, 0.8428134322166443, 0.4692766070365906, 0.00791775994002819, -0.3139265477657318, -0.8731135129928589, -0.5863782167434692, -0.6496387720108032, 0.39617159962654114, 0.5562121272087097, -0.4909653067588806, 0.18084165453910828, -1.0467503070831299, -0.1965029090642929, 0.9118132591247559, 0.23596073687076569, -0.6857793927192688, -0.32846540212631226, 0.7826151847839355, 0.46748125553131104, -0.5293934941291809, -0.3748222291469574, 0.28104352951049805, -0.11227244138717651, -0.4410253167152405, 0.6233475804328918, 0.5241948366165161, 0.9525877833366394, 0.09415910392999649, -1.337803840637207, -1.2728723287582397, 0.23028460144996643, -0.12827542424201965, 1.4994250535964966, -1.031787395477295, 0.868894100189209, -1.7125017642974854, 0.22907869517803192, 0.8442197442054749, 0.3286897540092468, -0.7369341850280762, -0.19769151508808136, -1.0185271501541138, 0.8666170835494995, -1.7618533372879028, 0.11147961020469666, 2.048976421356201, -0.4167552888393402, -0.9428802132606506, 1.0526716709136963, 0.696896493434906, 0.5204460024833679, -0.9403014183044434, -1.1803702116012573, -0.5127496123313904, 0.1541781723499298, 0.5839752554893494, -0.0669974535703659, -0.554866373538971, 2.0011091232299805, 0.7560664415359497, 0.8667996525764465, 1.078156590461731, -0.17398914694786072, -0.07123986631631851, -1.0583490133285522]"
faces,"[0.01900661364197731, -0.5211866497993469, 0.21740195155143738, 0.30043986439704895, 0.33884885907173157, -0.6817989945411682, 0.6145246028900146, -0.03847330063581467, -0.21786263585090637, -0.007574946619570255, -0.39113086462020874, -0.2513911724090576, 0.3508084714412689, 1.1989208459854126, -0.37651970982551575, -0.5549893975257874, -0.5521702766418457, 0.6877784132957458, 1.0590779781341553, -0.29400351643562317, 0.961469292640686, 0.009662029333412647, -1.0979238748550415, 0.9796309471130371, -0.3834240138530731, 0.8787621855735779, 0.47722071409225464, -1.5442973375320435, 0.7732976078987122, 1.838035225868225, -0.4718273878097534, 0.09831435978412628, -0.7156845927238464, 0.5511886477470398, 0.7045587301254272, 1.265088438987732, 0.17024748027324677, 0.8655866384506226, -0.37986430525779724, -1.1583919525146484, -0.3035791516304016, -1.0365464687347412, 0.9850161671638489, 0.7195086479187012, 0.04058863967657089, 0.5749287605285645, -0.9555028080940247, -0.4366932213306427, 0.850997805595398, -0.47764119505882263, -0.5884042382240295, -0.3743022382259369, 0.8818672895431519, 0.5091513991355896, -0.3663054406642914, -1.1087559461593628, -0.5743041038513184, -0.7221388816833496, -1.0446498394012451, 0.2252074033021927, 0.5777910947799683, 0.9368923902511597, -0.013847442343831062, -1.0238136053085327, -0.4554722011089325, -0.20372523367404938, 0.1636096090078354, 1.2008163928985596, -0.8349829912185669, 1.3272043466567993, -0.7484931945800781, -0.2877349555492401, 0.6033622622489929, 0.053602203726768494, -0.3544849455356598, -0.11433376371860504, -1.0263394117355347, -0.29105421900749207, -0.6719679236412048, -0.5894726514816284, 1.9095547199249268, -1.0074892044067383, -1.6245189905166626, 0.505837082862854, 1.3317605257034302, -0.5745712518692017, 0.14716613292694092, -0.990473747253418, -0.3607718348503113, 0.5781846642494202, 0.4365761876106262, 0.31137800216674805, -0.38543492555618286, 2.3866565227508545, -0.09460326284170151, 0.22419849038124084, 0.36622750759124756, -0.46931639313697815, 0.04761125147342682, -1.0018341541290283]"
beat,"[0.5587821006774902, 0.39905300736427307, 0.4627358615398407, -0.09445127099752426, 1.0301837921142578, -1.1556921005249023, 0.06725742667913437, -0.45332983136177063, -0.340695321559906, 0.03967990353703499, -0.6039957404136658, -1.7454099655151367, -0.3865285813808441, 0.1979689598083496, -0.6329046487808228, -0.4862145185470581, -0.48691195249557495, -0.5464941263198853, 0.26834338903427124, -1.0369677543640137, 0.22365206480026245, 0.5982880592346191, -0.4999638497829437, -0.2802302837371826, -0.3595534861087799, 1.0837866067886353, 0.6797275543212891, 0.2892104685306549, -0.13110947608947754, -0.3981117904186249, 0.7037501335144043, 0.719637930393219, -0.35986191034317017, -0.47126251459121704, -0.7647181153297424, 0.17713545262813568, -0.3525228500366211, -1.1240226030349731, 0.705550491809845, -1.2714481353759766, -0.18707309663295746, 0.17977647483348846, 0.831366240978241, -1.4495235681533813, -0.7235042452812195, -1.351688027381897, -1.6347428560256958, -0.27422165870666504, 1.262777328491211, -0.29272279143333435, -0.31349483132362366, -1.025083303451538, 1.6668998003005981, 0.7640441656112671, -0.2220291793346405, -0.22847460210323334, -0.8775673508644104, 0.07145024836063385, -0.9111087918281555, -0.5796880125999451, 0.6009037494659424, 0.1694105863571167, 0.44981861114501953, -0.5341609120368958, -0.04466737061738968, 0.42587924003601074, 0.4202544391155243, -0.2071927934885025, 0.08282613754272461, -0.38342714309692383, -0.12451725453138351, -0.438478022813797, -0.28497737646102905, -0.6393960118293762, -0.3926180601119995, 1.166373610496521, -0.4219430387020111, 1.2146124839782715, 0.8492176532745361, -0.6410231590270996, 0.22012686729431152, -0.5706784129142761, -0.9863669276237488, -0.8949878215789795, 0.3199974596500397, -0.37809839844703674, 1.0976552963256836, 0.2146877646446228, 0.6297439336776733, -0.29839658737182617, 1.1162713766098022, 1.5227481126785278, -0.6870558857917786, -0.3605612814426422, -0.19518204033374786, -0.1865723878145218, -0.29311373829841614, 0.28787580132484436, 0.7587379217147827, 0.2570929229259491]"
strong,"[1.3608858585357666, -0.014680469408631325, 0.16603347659111023, 0.5474035739898682, 0.7995645403862, -1.7138962745666504, -0.2665662169456482, -0.5774375200271606, -1.2914401292800903, 0.1412462443113327, -0.5699326395988464, -2.4817049503326416, -0.5979455709457397, 0.6021959781646729, -0.04851660877466202, -0.26327788829803467, 0.01052867155522108, -0.8674759268760681, 0.5244361162185669, -1.4310214519500732, -0.17113593220710754, -0.13625405728816986, -0.0041323136538267136, 0.22395971417427063, -0.6862893104553223, 1.0521154403686523, 0.7578347325325012, 0.8331194519996643, -0.048242952674627304, -0.08330526202917099, 0.6048522591590881, 0.7661461234092712, -0.2888185977935791, -0.40546509623527527, -0.4529487192630768, -0.09284817427396774, 0.9775940179824829, -1.2940421104431152, -0.20516352355480194, -0.35159382224082947, -0.21503254771232605, -1.0035086870193481, 0.3955073058605194, -1.3845150470733643, 0.22805359959602356, -1.2537436485290527, -1.5566726922988892, -0.900488018989563, 1.2459042072296143, -0.2765510082244873, -0.8012295365333557, -0.4865473508834839, 1.6208566427230835, 0.8445872068405151, -0.255106657743454, -0.9016637802124023, -0.6702710390090942, -0.5800303816795349, -0.4439789652824402, 0.2577081024646759, 0.5040766000747681, -0.5609610676765442, 0.2397128790616989, -0.05534764751791954, -0.32444512844085693, 0.9855574369430542, 0.8903557658195496, 0.18347683548927307, -0.4917600154876709, 0.4785529673099518, -0.6413140892982483, -0.8529713153839111, 0.205492302775383, -0.4395918846130371, -1.489213466644287, 0.9603798389434814, -0.37472209334373474, 0.7928049564361572, 1.7034848928451538, -0.6497886180877686, -0.03041422739624977, -1.3484612703323364, -0.46854808926582336, -0.7572861313819885, 0.975897490978241, 0.01717580482363701, 0.3095579147338867, 0.4815709888935089, 1.0326162576675415, -0.18790145218372345, 0.6953389048576355, 1.1884137392044067, 0.08002170920372009, 0.1619967818260193, -0.3549451231956482, -0.5366639494895935, -0.616585910320282, 0.4618198275566101, 0.5682612657546997, -0.12258409708738327]"
surges,"[0.6609734892845154, 0.49331584572792053, 0.5589183568954468, 0.39995133876800537, 0.8765318393707275, -1.081451177597046, 0.1441086232662201, -0.4729560911655426, -0.6105606555938721, -0.13472875952720642, -0.7386834621429443, -1.3533967733383179, -0.32458192110061646, -0.5082623958587646, -0.46038854122161865, -0.28491392731666565, -0.969272792339325, -0.9332073330879211, 0.5370570421218872, -1.224631667137146, -0.07364299148321152, 1.0369620323181152, -0.8080980181694031, 0.24587318301200867, -0.535829484462738, 1.2017509937286377, 0.588869571685791, 0.4512384831905365, 0.25350087881088257, -0.39049336314201355, 0.5348206162452698, 0.619469404220581, 0.04673491418361664, 0.3464969992637634, -0.519371509552002, 0.5851248502731323, 0.07405854016542435, -1.1039388179779053, 0.5855465531349182, -1.0547497272491455, 0.16859444975852966, 0.10436715185642242, 0.5659995079040527, -1.51002836227417, -0.8134657144546509, -1.2731947898864746, -1.757054328918457, -0.15884554386138916, 1.0598958730697632, -0.4040502905845642, -0.8289281129837036, -0.7197878360748291, 1.949495792388916, 0.5105587244033813, 0.15445514023303986, -0.3634483814239502, -0.6431983709335327, 0.47384366393089294, -0.7193700671195984, -0.6240621209144592, 0.9250533580780029, 0.43551239371299744, 0.4189577102661133, -0.5397136807441711, 0.3530581593513489, 0.5421908497810364, 0.7977789044380188, -0.25159186124801636, 0.05637245997786522, -0.5344269275665283, -0.8738107085227966, -0.5250232815742493, -0.09291631728410721, -0.9462966322898865, -0.3266843557357788, 0.8863340616226196, -0.6820183992385864, 0.7524105310440063, 0.9506748914718628, -0.3790089786052704, 1.0249972343444824, -0.6711539030075073, -0.9973191618919373, -0.2698509097099304, 0.68748939037323, -0.25585636496543884, 0.8434773683547974, 0.3445649743080139, 0.8143056631088257, -0.3776845633983612, 1.0109881162643433, 1.7555030584335327, -0.8251333832740784, 0.26314687728881836, 0.1559220403432846, -0.1394849568605423, -0.5692566633224487, 0.008039509877562523, 0.9917046427726746, -0.010232649743556976]"
employees,"[0.3713291585445404, -0.47819089889526367, 0.521546483039856, -1.4369004964828491, 0.9643347859382629, -0.5225722193717957, -0.675432026386261, 0.9897658824920654, 0.603712260723114, -0.17873400449752808, -0.30528855323791504, -1.6182539463043213, 0.1779971569776535, -0.1564292013645172, -0.017658954486250877, -0.25044330954551697, 0.31431636214256287, -0.9317166805267334, 0.9081885814666748, -0.13940855860710144, 0.8411716818809509, -0.439488023519516, -0.3829527199268341, -1.2935782670974731, -0.17029403150081635, 0.9935305118560791, -0.4385114014148712, -0.052339740097522736, 0.36382561922073364, 0.521062433719635, 1.297908902168274, -0.04619044438004494, -0.18983983993530273, 0.07918932288885117, -0.7204750180244446, 0.16223882138729095, -0.3763064444065094, -0.1258942037820816, 0.28766292333602905, -0.9589038491249084, -0.6153416037559509, -0.7317174673080444, 1.0104097127914429, 0.9026584029197693, 0.6177992224693298, 0.8743990063667297, -0.5038423538208008, 0.6059182286262512, 0.7418764233589172, -0.010760761797428131, -1.1922496557235718, -1.2287843227386475, 1.0855672359466553, 0.2547382414340973, 0.033988285809755325, 0.11422718316316605, -0.34314581751823425, -0.2213224619626999, -0.5191320776939392, -0.2385198324918747, 0.4012194871902466, 0.13845707476139069, -0.5512317419052124, 0.43576616048812866, 0.2754541337490082, 0.1500629484653473, 0.013289714232087135, 0.693522572517395, 0.21723751723766327, 0.950763463973999, 0.436924546957016, 0.2624596953392029, 0.6078717112541199, 0.3002762496471405, -0.09841648489236832, -0.4748345911502838, 0.7900837063789368, -0.5650497078895569, -1.262219786643982, -0.22538937628269196, -0.2513692080974579, -0.30105704069137573, -0.6579857468605042, 0.6107980608940125, 1.5681264400482178, -0.23608382046222687, 0.9213617444038391, 0.31052839756011963, -0.3160705864429474, 0.0861143246293068, 0.9708778262138367, -0.03319356590509415, 0.09344472736120224, 1.008939504623413, 0.30007293820381165, 0.3561248481273651, -0.4353563189506531, -0.7093915343284607, 0.08023907244205475, -0.06903454661369324]"
affecting,"[-0.24052593111991882, -0.42587342858314514, 0.36947259306907654, -1.2441662549972534, 1.1617146730422974, -0.2601005733013153, -0.6717607378959656, 0.9188334345817566, 0.3276287019252777, 0.03876781836152077, -0.2894858419895172, -1.7614840269088745, -0.15194028615951538, 0.44243261218070984, 0.33614733815193176, -0.21232730150222778, 0.6970338821411133, -1.214318037033081, 0.7562940716743469, -0.4061453938484192, 0.9866752028465271, -0.08473877608776093, -0.29318535327911377, -1.364341139793396, 0.09834135323762894, 1.0326175689697266, 0.06180291995406151, -0.3055918216705322, -0.5004534125328064, 0.519694983959198, 1.3446568250656128, -0.04518142342567444, -0.6589689254760742, 0.049968376755714417, -1.1091883182525635, 0.4477333426475525, -0.45151665806770325, 0.18144169449806213, 0.12887023389339447, -0.7931991219520569, -0.7647001147270203, -0.7300426959991455, 0.9558780789375305, 1.1279487609863281, 0.5546414852142334, 0.4924856722354889, -0.8054479360580444, -0.0368143655359745, 0.8738576173782349, 0.24685657024383545, -1.2880661487579346, -0.738406240940094, 1.2904791831970215, 0.6966170072555542, -0.4637923836708069, 0.42020514607429504, -0.615073025226593, 0.17541223764419556, -0.6784578561782837, -0.6826509237289429, 0.3390843868255615, 0.08465065062046051, -0.8758347034454346, 0.39925166964530945, 0.21740034222602844, 0.3358236849308014, -0.27193981409072876, 1.041548490524292, 0.20799413323402405, 0.602062463760376, 0.8825875520706177, 0.6992690563201904, 0.6514478325843811, -0.15471787750720978, -0.530082643032074, -0.5676307678222656, 0.8836669921875, -0.5724644064903259, -1.4726828336715698, 0.28511813282966614, 0.16736696660518646, -0.8764514327049255, 0.008705850690603256, 0.7499105334281921, 1.144813060760498, 0.0874161645770073, 1.0044928789138794, -0.269923597574234, -0.0490804985165596, 0.3976743519306183, 0.6210922598838806, -0.08155998587608337, -0.354530930519104, 0.8756915926933289, -0.01988108642399311, 0.5688398480415344, 0.4685683846473694, -0.33220043778419495, -0.5641025900840759, 0.2895564138889313]"
layoffs,"[0.17800384759902954, -0.6739487051963806, 0.5662578344345093, -1.272788405418396, 0.6692758202552795, -0.41424527764320374, -1.060781717300415, 1.0948667526245117, 0.44484561681747437, -0.7398954629898071, -0.33804577589035034, -1.5595840215682983, -0.2755396068096161, -0.42876043915748596, -0.7028093338012695, -0.14146915078163147, 0.28244540095329285, -1.2537950277328491, 0.545809268951416, -0.9055361151695251, 0.8184168338775635, -0.3837219178676605, -0.41516584157943726, -1.3938705921173096, -0.3141907751560211, 1.176636815071106, -0.36397483944892883, -0.4581827223300934, 0.7469758987426758, 0.865777850151062, 1.3787280321121216, 0.09036578238010406, 0.13685214519500732, 0.1641453355550766, -0.8965758681297302, 0.5513923764228821, -0.8822800517082214, 0.24178464710712433, -0.29375898838043213, -0.7792887687683105, -0.7574214935302734, -0.7647473216056824, 1.0491708517074585, 0.8358982801437378, 0.4803522527217865, 0.9758818745613098, -0.6305423974990845, 0.49304473400115967, 0.08365393429994583, 0.304702490568161, -1.0783981084823608, -1.2361927032470703, 1.1577059030532837, 0.24341051280498505, 0.2256239801645279, -0.06754090636968613, -0.4213046133518219, -0.058037593960762024, -0.6121659874916077, -0.14376460015773773, 0.10530749708414078, 0.3007955551147461, -0.6278461813926697, 0.30445581674575806, -0.009491884149610996, -0.26259946823120117, -0.16276773810386658, 0.6371923685073853, 0.14913900196552277, 1.264252781867981, 0.3481845259666443, 0.5323110818862915, 0.8085073232650757, 0.11426687985658646, 0.16087409853935242, -0.44803136587142944, 0.854216456413269, -0.7060060501098633, -1.0321544408798218, 0.12555453181266785, -0.23750628530979156, -0.4493042826652527, -0.9206543564796448, 0.2105221152305603, 1.4414527416229248, -0.15630418062210083, 0.6910331845283508, 0.772859513759613, -0.6896985173225403, -0.15473389625549316, 0.6578463315963745, 0.5548202395439148, 0.29987671971321106, 1.1796742677688599, -0.01854771189391613, 0.42641255259513855, -0.7144846320152283, -0.33743202686309814, 0.241364985704422, 0.021729817613959312]"
mount,"[0.20905348658561707, 0.7029059529304504, 1.1093707084655762, 0.8026959300041199, -0.8419068455696106, -2.19465970993042, 0.8416141271591187, -0.4189622104167938, -1.6490932703018188, 0.03771289438009262, 0.7125848531723022, 0.4195953905582428, 0.7503358125686646, 1.0489228963851929, 0.7025139927864075, -0.042545732110738754, -0.06292466074228287, 0.620280385017395, -0.33180171251296997, 0.2635587155818939, 1.270349383354187, -0.3141418397426605, 0.7607864141464233, -0.8704006671905518, -0.28152990341186523, 0.10280165821313858, 0.0873955711722374, -0.9719272255897522, 1.1561243534088135, 0.05521335452795029, -0.8699118494987488, -1.0240966081619263, -0.39179614186286926, 0.7780337929725647, 1.5365225076675415, 0.7083884477615356, -0.049051232635974884, 1.632486343383789, -1.134082555770874, -1.5466344356536865, 0.29194584488868713, -0.24710054695606232, -1.2370589971542358, 1.1876356601715088, -1.1115893125534058, 0.8293625116348267, 0.4368886351585388, 0.2722407579421997, -0.3338775932788849, 0.19293348491191864, 1.2404712438583374, -1.0622200965881348, -0.05637727677822113, -0.3413759768009186, -0.6368734240531921, 0.5885443687438965, -0.8024461269378662, 1.4666262865066528, -0.5869848132133484, 0.02222183719277382, -0.0042879702523350716, 0.033058423548936844, 0.6942088603973389, -1.5999410152435303, -0.9043413400650024, 0.4646202623844147, -0.08039452135562897, 1.8718345165252686, -0.4267892837524414, 0.3492714762687683, -1.014682412147522, 0.6873522996902466, 0.36026039719581604, 1.0755820274353027, -0.5640515685081482, 1.3013719320297241, -1.7798725366592407, -0.3398866653442383, -0.524821400642395, 0.5517438650131226, 0.45897728204727173, 0.41515541076660156, -1.0337469577789307, 0.5044147968292236, 0.8051209449768066, -0.1617002785205841, -0.17350037395954132, -1.570814847946167, 1.6910780668258667, 0.7904151082038879, -0.3604261577129364, 0.2989613711833954, -0.38112789392471313, 1.872312068939209, 0.6237215399742126, 1.3466349840164185, 0.37301191687583923, 1.3454207181930542, -0.6574810743331909, -1.9858404397964478]"
disappointing,"[0.37583279609680176, -0.2957567870616913, -0.5374001860618591, 0.46014854311943054, 0.012470053508877754, -0.4506618082523346, 0.9313474297523499, -0.5817995667457581, -1.2080161571502686, 0.48584437370300293, -0.665472149848938, -1.4497363567352295, -1.0044587850570679, -1.5328648090362549, 0.3093792498111725, 0.46553316712379456, -0.13647878170013428, -0.9359257221221924, 0.8299866914749146, -1.3808648586273193, 0.2493128627538681, 1.3185007572174072, 0.9835480451583862, 0.45572197437286377, -0.014782443642616272, 0.14539960026741028, -0.4443590044975281, 0.6248911023139954, 0.41290056705474854, -1.6240233182907104, 0.6446129679679871, 0.7432306408882141, 0.6575864553451538, 1.0226340293884277, -0.3988572359085083, 1.165376901626587, 0.5574641227722168, -0.18751122057437897, 0.444120317697525, -0.9210009574890137, 0.35503315925598145, -0.5244030356407166, 0.634976863861084, -1.0125840902328491, -0.9166879653930664, 0.6555746793746948, -1.4543068408966064, 0.22314871847629547, -0.11302705109119415, -0.5602174997329712, -0.4571947455406189, 0.6654399633407593, 1.4831852912902832, 0.31167030334472656, 0.5922992825508118, 0.017816830426454544, -0.19255352020263672, 1.0841542482376099, -1.005510687828064, -0.5574542284011841, -0.2799735367298126, 0.34519025683403015, 0.7025079131126404, 0.23740339279174805, 0.510055661201477, 0.08664973080158234, -0.3459533452987671, 0.13638421893119812, 0.5295279622077942, 0.5396451354026794, -1.4642374515533447, -0.015757743269205093, 1.1136114597320557, -0.16234663128852844, -0.3592999577522278, 0.17045758664608002, 0.409363329410553, -0.9204665422439575, 0.9964007139205933, 0.542346715927124, 0.09996073693037033, -1.052087426185608, -0.6683517098426819, 1.1631624698638916, 0.6570823192596436, 0.30844980478286743, -0.019574617967009544, 1.040107011795044, 0.6111199259757996, 0.45253971219062805, 0.4340353310108185, 1.9320176839828491, 0.11716217547655106, 0.3057613670825958, 0.26467716693878174, 0.6070380806922913, -0.4334540069103241, 0.5758959054946899, 0.7686114311218262, -0.8752161264419556]"
plunges,"[-0.07808529585599899, -0.2778932452201843, -0.9907581210136414, 1.0109856128692627, 0.155221626162529, -1.0454026460647583, 0.4774400591850281, -0.554138720035553, -0.7961868643760681, -0.6430765986442566, -0.7088083624839783, -1.6582120656967163, 0.016323721036314964, -0.8838736414909363, -0.37605512142181396, 0.15844221413135529, -0.6844437718391418, -1.8814798593521118, 1.4553124904632568, -0.973671019077301, 0.6185401678085327, 0.6968885660171509, 0.39235708117485046, 0.09247709065675735, 0.2740499973297119, -0.4970300495624542, -0.5340076088905334, 0.8909153938293457, 0.15064799785614014, -0.7499657273292542, 0.9345714449882507, 0.05803188681602478, 0.6528206467628479, 1.3442400693893433, -1.434686541557312, 0.2911352217197418, 0.6881440877914429, -0.9241402745246887, 0.13817676901817322, -0.07880336046218872, 0.13068166375160217, -0.4631544351577759, 0.5996274352073669, -0.342520534992218, 0.5607478618621826, -0.1670462042093277, -0.9111087322235107, -0.8279580473899841, 1.2712959051132202, 0.36450597643852234, 0.27016109228134155, 0.15722200274467468, 1.8889529705047607, -0.4048943519592285, -0.21164165437221527, -0.17099963128566742, 0.049168020486831665, 0.41336390376091003, -1.4999455213546753, -0.9119836091995239, -0.2483290284872055, 0.2952048182487488, 0.60010826587677, -0.6723973751068115, -0.7875229120254517, 1.013291597366333, -0.5348423719406128, -0.2356828898191452, -0.29835063219070435, 0.4030636250972748, -0.41717931628227234, 0.3174497187137604, 0.5123153328895569, 0.5045728087425232, -1.1804636716842651, 0.022658415138721466, 0.3546508252620697, -0.33906853199005127, 0.6184495091438293, 0.039249565452337265, 0.547180712223053, -0.8114596605300903, -1.2681905031204224, 0.5352271199226379, 0.3121056854724884, 0.252300888299942, 0.5670052766799927, -0.06786821782588959, 0.352466344833374, 0.6426251530647278, -0.3187953531742096, 1.6645267009735107, -0.6030260920524597, -0.18760472536087036, -0.3804031014442444, 0.7377654910087585, -0.21439607441425323, 0.6835664510726929, 1.2453504800796509, -0.9942662715911865]"
resilience,"[-0.0969032496213913, 0.5823225975036621, -0.3500814437866211, -1.1464258432388306, 0.5282000303268433, -0.22611671686172485, -0.7196817994117737, 0.4764769971370697, 0.5095619559288025, 0.5569186806678772, -0.6679213643074036, -0.2012881487607956, -0.48550283908843994, 0.23196250200271606, 1.5541585683822632, -0.20047178864479065, -0.2901275157928467, -0.510008692741394, -0.8068861365318298, -1.716011643409729, 0.5106936693191528, -0.3691924214363098, -0.05476406216621399, 0.6750657558441162, -0.03432193398475647, -0.10472268611192703, -0.19198456406593323, -0.5709167122840881, -0.24583972990512848, 0.0705668181180954, 0.13565798103809357, 0.07202907651662827, 0.8226125836372375, -0.12041375786066055, -1.1078420877456665, -0.39279037714004517, -0.3424619436264038, 0.04587928578257561, 0.6641737222671509, -0.7348179221153259, 0.05238494277000427, -0.17579329013824463, -1.1010041236877441, 0.016078660264611244, 0.48991841077804565, -0.6412562727928162, -0.18042303621768951, 0.2090534269809723, 1.022348165512085, 0.5500741004943848, 0.42467546463012695, -0.16161036491394043, 0.23089991509914398, 0.40069976449012756, 0.4484892189502716, 1.5478408336639404, -0.12379095703363419, 0.45974060893058777, 0.4086836874485016, 0.9643839001655579, 0.24300521612167358, 0.3680889904499054, -0.5223897695541382, -0.3046247959136963, -0.20099814236164093, 1.2353205680847168, 0.3591412603855133, -0.39773690700531006, 0.33505579829216003, 0.40242069959640503, -1.3090635538101196, 0.28567975759506226, -0.5495803952217102, 0.028370773419737816, 0.1292935460805893, 0.6340351700782776, 0.7022623419761658, -0.15827400982379913, 0.18795566260814667, 0.27407148480415344, 0.6503583192825317, 0.8005885481834412, -0.22852331399917603, 0.702028751373291, -0.33675307035446167, 0.4345603883266449, 0.41733914613723755, 0.6776770353317261, 0.9209687113761902, -0.5691694617271423, 0.5773297548294067, 0.9351829886436462, 0.26785916090011597, -0.48076722025871277, 0.6405603289604187, -0.01542162150144577, 1.5489414930343628, -0.7614296674728394, -0.18092337250709534, -0.4140290319919586]"
shows,"[-0.35461413860321045, 0.7624083161354065, 0.014503137208521366, -1.3684210777282715, 0.3141435384750366, -0.29275691509246826, -0.24159763753414154, 1.0166884660720825, 0.5953873991966248, 0.07059091329574585, -0.5076161026954651, -0.16555780172348022, -0.44790375232696533, 0.34069761633872986, 1.5155432224273682, -0.43297088146209717, -0.10687282681465149, -0.51386559009552, -0.45477235317230225, -1.259442687034607, 0.4091295003890991, -0.003710537450388074, -0.3668038249015808, 0.10777918249368668, 0.3970889449119568, -0.2970350384712219, -0.8128697872161865, -0.8531147837638855, -0.27662762999534607, -0.04850386828184128, 0.08500971645116806, -0.4353891611099243, 0.5688847303390503, -0.575728178024292, -0.9256195425987244, -0.12044410407543182, -0.32993391156196594, 0.48195159435272217, 0.6053366661071777, -0.8749575614929199, 0.5746791958808899, -0.3068563938140869, -0.9936449527740479, -0.14445987343788147, 0.438095360994339, -0.06841845065355301, -0.32115307450294495, 0.45044833421707153, 1.0260560512542725, 0.6443865299224854, -0.38127198815345764, -0.03569744527339935, -0.09921316802501678, 0.7078211307525635, 0.3251340985298157, 1.3831193447113037, 0.44726935029029846, 0.36406368017196655, 0.4040549695491791, 1.1660057306289673, 0.0399634875357151, 0.7462515830993652, 0.02138863131403923, -0.000888109439983964, -0.5828014016151428, 0.9791581034660339, 0.41988465189933777, -0.6091161966323853, 0.5257056951522827, 0.3279387056827545, -1.6508207321166992, 0.7407848834991455, -0.10302869975566864, 0.011330755427479744, 0.46082866191864014, 0.5091555118560791, 0.7332467436790466, 0.30494987964630127, 0.07729742676019669, 0.3199644386768341, 0.9469068050384521, 0.6643432378768921, 0.14148306846618652, 1.1372716426849365, -0.9851730465888977, 0.6493436694145203, 0.23094592988491058, 0.722191572189331, 0.49210691452026367, -0.4316128194332123, 0.38051527738571167, 0.7431771755218506, -0.08396941423416138, -0.4777338206768036, 0.223187655210495, 0.09934119135141373, 1.541669487953186, -0.7113602757453918, -0.24058224260807037, -0.15990886092185974]"
economy,"[-0.29619038105010986, 0.8445651531219482, 0.015311350114643574, -1.1881189346313477, 0.992751955986023, -0.5645490884780884, -0.5213249921798706, 0.8970838189125061, 0.0323232039809227, 0.5925134420394897, -0.3200698792934418, -0.31516343355178833, -0.08113488554954529, 0.34487494826316833, 1.380176067352295, -0.1355440318584442, -0.19578392803668976, -0.09111437946557999, -0.680330216884613, -1.6894142627716064, 0.9900423884391785, -0.5401644110679626, -0.41580072045326233, 0.47560226917266846, -0.2825815677642822, -0.466621071100235, -0.7326686382293701, -0.5021936297416687, 0.27328720688819885, 0.12413157522678375, 0.10107231140136719, 0.015400615520775318, 0.30597609281539917, -0.3077507019042969, -0.5635349750518799, 0.0571741983294487, -0.5327228903770447, -0.12654098868370056, 0.782895028591156, -1.1316688060760498, 0.16337110102176666, -0.41045981645584106, -0.9478150606155396, 0.22360682487487793, 0.4132974147796631, 0.23269696533679962, -0.6410708427429199, 0.2279573380947113, 0.8436802625656128, 0.17366333305835724, 0.43556979298591614, -0.10490471124649048, 0.6386479735374451, 0.7685683965682983, 0.4845222532749176, 1.5964620113372803, 0.017931394279003143, 0.24169807136058807, 0.4613155424594879, 1.2118891477584839, -0.1464693546295166, 0.7532086968421936, -0.43798190355300903, -0.01940072700381279, -0.7517106533050537, 1.1078530550003052, 0.31779444217681885, -0.9315473437309265, 0.12523232400417328, 0.021328309550881386, -1.934276819229126, 0.22319921851158142, 0.032478444278240204, -0.04783276095986366, 0.2897580862045288, 0.791110098361969, 0.851110577583313, -0.4760270118713379, -0.2561429738998413, 0.11555574834346771, 0.5455839037895203, 0.6307037472724915, 0.2671225965023041, 1.059972882270813, -0.7117467522621155, 0.38871297240257263, 0.2182742953300476, 0.6594743728637695, 1.009628176689148, -0.5162889361381531, 0.25942957401275635, 0.880435585975647, 0.47474196553230286, -0.2687898576259613, 0.3351559340953827, -0.16529028117656708, 1.1531087160110474, -0.6026872992515564, -0.23416364192962646, -0.3303067088127136]"
exceeds,"[-0.4282858371734619, 0.8008162975311279, -0.22093264758586884, -1.5043060779571533, 0.8942718505859375, -0.7344038486480713, -0.153757244348526, 1.0681039094924927, 0.3662223219871521, 0.5501947999000549, -0.6695199012756348, -0.23317651450634003, -0.2235117107629776, 0.34960323572158813, 1.3162732124328613, -0.1595127433538437, -0.1218256726861, -0.15318840742111206, -0.9446389079093933, -1.421328067779541, 0.18116877973079681, -0.4969964325428009, -0.6614745855331421, 0.3568560779094696, 0.4682927131652832, -0.06068776920437813, -0.2888048589229584, -0.8600001931190491, -0.23918665945529938, -0.4635692536830902, -0.006608476862311363, -0.2989138960838318, 0.4133172035217285, -0.42033806443214417, -1.0335971117019653, 0.08051613718271255, -0.180551216006279, -0.34794846177101135, 0.802778959274292, -0.9934369921684265, -0.1121080070734024, -0.5764548778533936, -1.0561648607254028, -0.21127618849277496, 0.32384318113327026, -0.14528977870941162, -0.20015697181224823, 0.2997252643108368, 0.89508455991745, 0.1986258178949356, -0.41221529245376587, 0.2983531057834625, -0.18042132258415222, 0.32622140645980835, 0.6002902388572693, 1.165021538734436, 0.021616768091917038, 0.4605453312397003, 0.47011569142341614, 0.8893967270851135, 0.2816365659236908, 0.15870898962020874, -0.33686891198158264, 0.050350382924079895, -0.14133307337760925, 1.3463916778564453, 0.3797999918460846, -0.5958238244056702, 0.35902541875839233, -0.061115458607673645, -1.9267581701278687, 0.28362366557121277, -0.49132394790649414, 0.07857990264892578, 0.06472212821245193, 1.072738528251648, 0.880275309085846, 0.28118953108787537, 0.09003815054893494, 0.2745586931705475, 0.724440336227417, 0.7083756923675537, 0.17198054492473602, 0.8833125233650208, -0.882096529006958, 0.30532076954841614, 0.1365279257297516, 0.39517635107040405, 0.9541574120521545, -0.6750996112823486, 0.3753128945827484, 1.233656883239746, 0.10151812434196472, -0.24909161031246185, 0.5323001742362976, -0.26283401250839233, 1.6164733171463013, -0.609289824962616, -0.06895092129707336, -0.35633960366249084]"
rate,"[-1.3319097757339478, -0.140505850315094, 0.30619099736213684, -0.45310646295547485, 1.6332426071166992, -0.5980465412139893, 0.5349151492118835, 0.9075071215629578, -0.7014402747154236, 0.9533213376998901, -0.7612286806106567, -0.13714152574539185, -0.5803329944610596, 1.361307978630066, -0.71047443151474, 1.088321328163147, -1.8075354099273682, 0.6673182249069214, -0.7827115058898926, -0.6831100583076477, -1.0363411903381348, -0.18269486725330353, -0.5100257992744446, -0.6125911474227905, 0.031750213354825974, -0.6720359921455383, 0.43035808205604553, 0.29251086711883545, -0.9408161640167236, -0.2366453856229782, 1.0884997844696045, -0.21509554982185364, 0.8668747544288635, -0.027094636112451553, 0.10409809648990631, 1.0704913139343262, 0.9311337471008301, -1.0788506269454956, -2.0235495567321777, 0.9915977120399475, 1.1410995721817017, -0.6437841653823853, -0.583419680595398, -0.4192972779273987, 1.1122361421585083, 0.39445775747299194, 0.04270688444375992, -0.7226268649101257, 0.07381720095872879, -0.22532811760902405, -0.2025640457868576, -0.19475743174552917, 0.5507364273071289, 1.443094253540039, -0.11451273411512375, 0.6710286140441895, -0.022900963202118874, 0.017234424129128456, 0.5220887660980225, 0.753277599811554, 0.27187296748161316, -0.23351840674877167, 0.9632766246795654, 0.230269655585289, 0.19130796194076538, -0.6216089129447937, 0.17929552495479584, -0.923354983329773, 0.23286333680152893, 0.9593384861946106, 0.5380592346191406, -0.5972763895988464, -1.1058381795883179, 0.7162656188011169, 0.5111619234085083, -1.059120535850525, -0.1421591192483902, -0.28818202018737793, -0.16121256351470947, -0.2963208258152008, -0.5353875160217285, 0.0703519955277443, 0.737297534942627, -0.5560208559036255, -1.5370750427246094, 0.6577959060668945, 0.776780903339386, -0.30578261613845825, -0.003874323097988963, 1.0705358982086182, 1.5154222249984741, 0.6935715079307556, -0.028348108753561974, -0.43701398372650146, 0.9611390233039856, -0.7289515137672424, -0.3096000850200653, -1.0890851020812988, -0.3384254276752472, 1.2257463932037354]"
potential,"[-1.1209287643432617, -0.3164987564086914, -0.16666273772716522, -0.5013597011566162, 1.5806224346160889, -0.1418830305337906, 0.6706542372703552, 0.907891035079956, -0.9128009676933289, 1.117025375366211, -1.0589696168899536, 0.05194312706589699, 0.04838794097304344, 1.4923135042190552, -0.2287588119506836, 0.3744373321533203, -1.6017489433288574, 1.0184426307678223, -0.5934057831764221, -0.4841982424259186, -0.2922505736351013, 0.20676448941230774, -0.883689284324646, -0.33402198553085327, -0.27383336424827576, -0.7191658020019531, 0.9618362188339233, -0.07889575511217117, -0.7311763167381287, -0.7161071300506592, 0.9573261737823486, -0.5402011871337891, 0.4979943037033081, 0.1536126434803009, 0.7616552710533142, 1.0676665306091309, 0.555467426776886, -0.989707350730896, -1.6295831203460693, 1.197310447692871, 1.1630668640136719, -0.7706801891326904, -1.3296228647232056, -0.12255503237247467, 1.0244629383087158, 0.6967442035675049, 0.41577860713005066, -0.542689859867096, -0.45422694087028503, -0.6667319536209106, 0.005016333423554897, -0.36186009645462036, -0.03332053869962692, 1.3200823068618774, -0.5907726287841797, 1.2133749723434448, -0.3628646433353424, -0.13605400919914246, 0.22322341799736023, 0.7964267730712891, 0.7584831118583679, -0.2934563457965851, 0.6507191061973572, 0.020191889256238937, 0.7441831231117249, -0.6268641352653503, -0.28192266821861267, -0.42666107416152954, 0.16975754499435425, 1.1390687227249146, 0.6750422120094299, -0.5350639224052429, -0.6713699698448181, 0.12628237903118134, 0.9609825015068054, -0.7011201977729797, -0.13626514375209808, 0.013829756528139114, -0.02831297367811203, 0.021439991891384125, -0.3075241446495056, -0.143454447388649, 0.4570133090019226, -0.7140861749649048, -1.1804472208023071, 0.27260318398475647, 0.7955623865127563, -0.5495842099189758, 0.07207153737545013, 0.616098940372467, 1.4252671003341675, 0.8096545338630676, 0.1289069950580597, 0.14344413578510284, 1.053362250328064, -0.20338696241378784, 0.03623133525252342, -1.0551949739456177, -0.07656557112932205, 0.9113412499427795]"
revenue,"[0.0998627096414566, -0.4394037425518036, -0.37126225233078003, 0.7185395359992981, -0.356866717338562, -0.9541570544242859, -0.028761830180883408, 0.7884443402290344, 0.9426592588424683, -0.018422400578856468, -0.9936487078666687, -0.3701154291629791, 0.4368429183959961, 0.7235185503959656, -0.7802850604057312, -0.36030343174934387, 0.9591484665870667, -1.4648733139038086, 0.37212011218070984, -0.5015498399734497, -0.02766451984643936, -0.1730319857597351, -1.1371972560882568, -0.7706843614578247, -0.37568777799606323, 1.451761245727539, -0.6253185868263245, -1.0936434268951416, 0.04462249204516411, 0.8540390133857727, 0.7445237040519714, -0.12950284779071808, 0.3803617060184479, 0.882825493812561, -0.9669098258018494, 0.9451190233230591, -0.05034472793340683, 0.4686853289604187, 0.06584563106298447, -1.3191362619400024, -0.9951247572898865, -0.8326369524002075, -0.43354904651641846, 0.2302788496017456, 0.055051859468221664, 0.6989741325378418, 0.06491849571466446, -0.3743886947631836, -0.20337559282779694, -0.33473166823387146, -0.9630199670791626, -0.868187665939331, 0.41389724612236023, 0.24806170165538788, 0.8722472786903381, 0.86005699634552, 0.190372496843338, -0.2751777470111847, -0.9286311268806458, -0.7042881846427917, -0.8966038227081299, -0.3206256330013275, -0.3654797673225403, 0.5744286775588989, -0.3932523727416992, 0.5970802307128906, 0.1134127825498581, 0.44209590554237366, -0.7302257418632507, 1.646156668663025, 0.8830570578575134, 0.5021923184394836, 0.4969049096107483, -1.0083016157150269, 0.2201157957315445, -0.34000226855278015, -0.2581268846988678, 0.6456891298294067, -1.246579885482788, -0.10665159672498703, 0.1446521282196045, -0.4787536561489105, 0.026097023859620094, 1.1642040014266968, 0.22637790441513062, -0.49845629930496216, 0.4327297508716583, 0.6630932092666626, -0.5640304684638977, -0.3433174788951874, 0.2609197497367859, 0.48870766162872314, 0.28170046210289, 1.0110104084014893, -0.27658402919769287, -0.6125415563583374, 0.41452082991600037, 0.9832308292388916, 0.412931352853775, 0.9312825798988342]"
quarterly,"[0.20509366691112518, 0.14620432257652283, -0.17804984748363495, 0.7223125100135803, -0.6045104265213013, -0.8599981665611267, -0.3226816654205322, 0.9570584297180176, 0.9565349221229553, -0.8007556796073914, -0.271898090839386, -0.524745762348175, 0.24835219979286194, 0.8416734337806702, -0.7569550275802612, -0.38185152411460876, 0.6410558223724365, -2.1903555393218994, 0.21496160328388214, -0.6186586022377014, 0.23648500442504883, -0.3814166784286499, -0.6939074993133545, -0.5127871632575989, -0.5755605101585388, 1.8842052221298218, -0.91193026304245, -1.0530803203582764, 0.44275620579719543, 1.2271363735198975, 0.11840662360191345, 0.16886016726493835, 0.3864455223083496, 0.3224770426750183, -1.3636213541030884, 0.9708250164985657, -0.7555921077728271, 0.5513489246368408, 0.08928732573986053, -1.3901711702346802, -0.9251418113708496, -0.8648749589920044, -0.44734376668930054, 0.17717766761779785, 0.10874082893133163, 1.0880861282348633, -0.5623065829277039, -0.2245461344718933, 0.3578486144542694, 0.08476074784994125, -0.3949219584465027, -0.9448837041854858, 0.8180778622627258, -0.18125486373901367, 1.1597812175750732, 0.30777695775032043, -0.44941818714141846, 0.392677366733551, -1.2602739334106445, -0.8258805871009827, -0.7006765007972717, -0.8920382857322693, -0.43077123165130615, 0.6032986044883728, -0.8086769580841064, 0.31345000863075256, 0.2666199803352356, 0.3542286157608032, -0.5261173844337463, 1.484974980354309, 1.0125281810760498, 0.5682997703552246, 0.33061903715133667, -1.0149661302566528, 0.4132355749607086, -0.30428341031074524, 0.5107195973396301, 0.12085224688053131, -1.1095032691955566, -0.3461077809333801, 0.21654528379440308, -0.8886851072311401, -0.3380724787712097, 0.8604378700256348, 0.18839892745018005, -0.5806252956390381, 0.45409563183784485, 0.013374852947890759, -0.48607611656188965, -0.4256473481655121, 0.593460202217102, 0.18640489876270294, 0.37860536575317383, 1.0460859537124634, -0.47785985469818115, 0.2345600724220276, 0.039162904024124146, 1.0403484106063843, 0.45727887749671936, 1.1071289777755737]"
record,"[0.24656005203723907, -0.8738089799880981, 0.06718581914901733, 0.42107340693473816, -0.16946712136268616, -1.081061840057373, -0.2438846379518509, 0.4015040397644043, 0.7932050824165344, -0.17293262481689453, -1.1587327718734741, -0.5695410966873169, -0.06983499974012375, 0.09492843598127365, -0.8897080421447754, -0.24807679653167725, 1.2726335525512695, -1.221237301826477, 0.7801010012626648, -1.0171321630477905, 0.3262690007686615, -0.25468340516090393, -1.2122766971588135, -0.5434252023696899, -0.7014248967170715, 1.5363624095916748, -0.6593546271324158, -0.9644137024879456, 0.14649441838264465, 0.49301549792289734, 1.0056689977645874, 0.10663296282291412, 0.4847889542579651, 0.8826225399971008, -1.085096001625061, 1.3177417516708374, -0.2599222660064697, 0.366150438785553, -0.07778212428092957, -1.0170397758483887, -0.7849028706550598, -0.48465532064437866, -0.16465666890144348, 1.054923415184021, 0.03600132837891579, 1.1183106899261475, -0.01503569632768631, -0.4651572108268738, -0.13073424994945526, -0.013090122491121292, -1.1709709167480469, -0.43290916085243225, 1.0474563837051392, -0.0057577830739319324, 0.6450526118278503, 0.5627180337905884, -0.011863053776323795, -0.4464156925678253, -1.161943793296814, -0.9072467684745789, -0.7185134291648865, -0.5453890562057495, -0.5606107115745544, 0.09367220103740692, -0.37820956110954285, 0.5057033896446228, -0.3850541412830353, 0.46239593625068665, -0.7069880366325378, 1.4751535654067993, 0.6489588022232056, 0.6566579341888428, 0.4580734968185425, -0.5349159836769104, 0.23646649718284607, -0.5306317210197449, -0.5553032159805298, 0.5453910827636719, -1.1978623867034912, 0.23361654579639435, -0.19709265232086182, -0.1940489560365677, -0.3168213963508606, 1.1042691469192505, 0.6147518157958984, -0.2267058938741684, 0.9596835970878601, 0.8438395857810974, -0.4163552522659302, -0.04172256961464882, 0.4952733814716339, 0.3422521948814392, 0.10203279554843903, 1.0339126586914062, -0.40685880184173584, -0.5283015966415405, -0.11309734731912613, 0.8403597474098206, 0.4394972324371338, 0.5855746269226074]"
inflation,"[0.7786332368850708, 0.30149173736572266, 0.6781685948371887, 0.40443354845046997, -0.011840332299470901, -1.2519954442977905, 0.5428035259246826, 0.5998608469963074, -0.12449230253696442, -0.6118271946907043, -0.6359121799468994, -0.38910216093063354, 0.01714225299656391, 0.3402895927429199, -0.7841247916221619, 0.5215874910354614, -0.06742189079523087, 0.03067588061094284, -0.4380081593990326, -0.2488091140985489, 0.5240630507469177, -0.16735181212425232, 0.3669036328792572, -0.7632493376731873, 0.41834357380867004, 0.2830784022808075, 0.5205177664756775, -0.033819351345300674, -0.7794026732444763, -0.5335137844085693, -0.019721155986189842, -0.3402405083179474, 0.615947425365448, 0.14622075855731964, 0.4512476623058319, 0.48078760504722595, 0.07978083938360214, -0.1709805130958557, -0.5318334102630615, -0.5441078543663025, 0.5520839691162109, -0.5681043863296509, -0.8311018347740173, -0.05380800738930702, -0.31735679507255554, 0.22909006476402283, -0.05341971293091774, -0.03882843628525734, -0.5079814195632935, 0.6567832827568054, 0.41973820328712463, -0.02714421972632408, 0.4776390790939331, -0.16092368960380554, -0.6226041913032532, 1.1436595916748047, -0.855756938457489, 0.33596640825271606, -0.5444764494895935, 0.22764509916305542, 0.12090707570314407, -0.9086201786994934, 0.4940948784351349, 0.0114780617877841, -0.20934394001960754, 0.2982155382633209, 1.5482231378555298, 0.8871756792068481, -0.060332756489515305, 0.5351431965827942, -0.09922075271606445, -0.05212885141372681, 0.18502391874790192, 0.026719171553850174, 0.27973178029060364, 1.139541745185852, 0.3268008530139923, 0.5464339852333069, -0.784695029258728, 1.1982964277267456, -0.5021805167198181, 1.207485318183899, 0.25764358043670654, -0.2680175006389618, -0.8090841770172119, 0.05662386491894722, 1.0265693664550781, 0.18483088910579681, 0.43128830194473267, -0.8535053730010986, 0.2394774705171585, 0.28181660175323486, 0.15271353721618652, 0.4044707715511322, -0.1968827098608017, 0.16260671615600586, 0.10864251106977463, 0.8070383071899414, 0.3027689754962921, 0.1101529523730278]"
raising,"[0.5197091102600098, 0.24187947809696198, 0.40866032242774963, 0.2409570962190628, 0.7713421583175659, -1.5017913579940796, 1.0628913640975952, 0.7744603753089905, -0.4250769317150116, -0.6407586932182312, -0.6440128684043884, -0.13094498217105865, -0.25673189759254456, 0.581059455871582, -0.23741883039474487, 0.16076689958572388, -0.3401413559913635, 0.23853321373462677, -0.8585222959518433, 0.006324895657598972, 0.15913137793540955, -0.573764979839325, 0.6843479871749878, -0.46823954582214355, 0.14346052706241608, 0.46138980984687805, 0.5440762042999268, -0.25348782539367676, -0.9583891034126282, -0.5510475635528564, 0.17806412279605865, -0.44989514350891113, 0.640438437461853, -0.01088014803826809, 0.34786662459373474, 0.6482643485069275, 0.12773838639259338, 0.23044535517692566, -0.24981260299682617, 0.18172571063041687, -0.012334044091403484, -0.8229851126670837, -0.6365208029747009, 0.4010506272315979, -0.49692657589912415, 0.0932684987783432, 0.15633384883403778, -0.2965540885925293, -0.1256093829870224, 0.7702313661575317, 0.3478248119354248, -0.12767376005649567, 0.5886999368667603, 0.09278497844934464, -0.5930048823356628, 1.091721773147583, -0.5472822785377502, 0.47615522146224976, -0.7270137667655945, 0.10774458944797516, 0.36669057607650757, -0.8283888101577759, 0.47134071588516235, 0.11676955968141556, 0.06294190883636475, 0.28463080525398254, 1.7439137697219849, 0.964532732963562, 0.09923648089170456, 0.08750025182962418, -0.34819474816322327, 0.1973322629928589, 0.342410683631897, 0.14830781519412994, 0.6916401386260986, 1.3375306129455566, 0.5502244830131531, 0.49753105640411377, -0.32566821575164795, 0.3631365895271301, -0.35246777534484863, 1.322331190109253, -0.35659781098365784, -0.3182147145271301, -0.5906099081039429, -0.12214373797178268, 1.1102334260940552, 0.6896154880523682, 0.6302210688591003, -0.7239808440208435, 0.27716249227523804, 0.6251933574676514, 0.39333754777908325, 0.44470787048339844, -0.308573454618454, 0.3998532295227051, 0.42722955346107483, 0.4818538427352905, 0.8369093537330627, 0.28292760252952576]"
surge,"[0.5522145628929138, 0.2857709228992462, 0.6113138198852539, 0.4876033067703247, 0.4700284004211426, -1.4905847311019897, 1.0722150802612305, 0.6305989623069763, -0.2818613350391388, -0.8423932790756226, -0.5860887169837952, -0.5727826952934265, 0.20580849051475525, 0.4806763529777527, -0.5177951455116272, 0.3924119472503662, 0.053204383701086044, -0.04899917542934418, -0.542091429233551, -0.06623511761426926, 0.5869203209877014, -0.10484026372432709, 0.25855752825737, -0.5905544757843018, 0.15468662977218628, 0.60637366771698, 0.6125732660293579, -0.43005192279815674, -0.9473761320114136, -0.7920297980308533, 0.21846307814121246, -0.5977810621261597, 0.6517418622970581, -0.19800814986228943, 0.3993087112903595, 0.24138574302196503, 0.4605448842048645, 0.12648725509643555, -0.5401911735534668, -0.4991256594657898, -0.06329073011875153, -0.47863975167274475, -0.6858228445053101, -0.09805064648389816, -0.6183182001113892, 0.5046474933624268, -0.05777134373784065, -0.2166682928800583, -0.4629305899143219, 0.5267788767814636, 0.5908362865447998, 0.16711480915546417, 0.38775306940078735, 0.00016768592467997223, -0.885942816734314, 1.172454833984375, -0.9106593132019043, 0.06755310297012329, -0.6813212037086487, 0.22864973545074463, -0.17930883169174194, -0.7336560487747192, 0.20930592715740204, -0.05007362738251686, -0.13320468366146088, 0.49087902903556824, 1.3930590152740479, 0.6106284260749817, 0.17317137122154236, 0.2621065676212311, -0.3348875939846039, 0.23518407344818115, 0.161288321018219, -0.15631552040576935, 0.7336881756782532, 1.3236256837844849, 0.3649735748767853, 0.49486491084098816, -0.4036225974559784, 0.897571325302124, -0.4427720606327057, 1.430476427078247, 0.036677028983831406, -0.25183165073394775, -0.9115551114082336, -0.12630939483642578, 0.9333610534667969, 0.587449848651886, 0.6046886444091797, -0.9862070679664612, 0.009576134383678436, 0.6281221508979797, -0.23380085825920105, 0.19819305837154388, -0.17556257545948029, 0.11685485392808914, 0.2891983985900879, 0.4031752347946167, 0.863810122013092, 0.29337164759635925]"
prices,"[0.5427708029747009, 0.38068687915802, 0.5903735160827637, 0.007120576687157154, 0.5570386052131653, -1.514113426208496, 0.38897252082824707, 0.9574733972549438, 0.06747668236494064, -0.6478565335273743, -0.6869693994522095, -0.3578096032142639, 0.0701228678226471, 0.5709491968154907, -0.46715644001960754, 0.2855619788169861, -0.12399537116289139, 0.42260417342185974, -0.4756739139556885, -0.09245698153972626, 0.4585515558719635, -0.21663229167461395, 0.5737218856811523, -0.5229387283325195, 0.5181541442871094, 0.24182800948619843, 0.49822551012039185, -0.14191001653671265, -1.0414435863494873, -0.4337207078933716, -0.09185900539159775, -0.5397427678108215, 0.9926435351371765, -0.06815510988235474, 0.3307040333747864, 0.4449314475059509, 0.36501219868659973, -0.21543088555335999, 0.10926903039216995, 0.06414912641048431, 0.37024348974227905, -0.9012061953544617, -0.5595808029174805, -0.06742715835571289, -0.7490614056587219, -0.14893856644630432, -0.37838393449783325, -0.44950851798057556, 0.06845537573099136, 0.1994553655385971, 0.3773646056652069, -0.3147675693035126, 0.9307529926300049, -0.07673231512308121, -0.547240138053894, 1.0110390186309814, -0.537306010723114, 0.08631017059087753, -0.3675851821899414, 0.3026784360408783, 0.1902582198381424, -1.153276801109314, 0.18081898987293243, -0.0693763718008995, 0.415181428194046, 0.464408278465271, 1.5385982990264893, 0.7053403854370117, -0.2298402488231659, 0.44090408086776733, -0.2963666319847107, -0.14979255199432373, 0.4594719111919403, 0.16032136976718903, 0.1805879771709442, 1.3231409788131714, 0.9048702120780945, 0.424614280462265, -0.6138836145401001, 0.8558057546615601, -0.5718116760253906, 1.444193720817566, -0.12640464305877686, 0.13534963130950928, -1.26810884475708, -0.16205373406410217, 0.7277631759643555, 0.3809331953525543, 0.2905431091785431, -0.7656421065330505, 0.5520952939987183, 0.5806971192359924, 0.15485398471355438, -0.1116962656378746, 0.2644975781440735, 0.5204586386680603, -0.011988107115030289, 0.5756720900535583, 0.5902083516120911, 0.08311878889799118]"
oil,"[0.3108806908130646, 0.07371789962053299, 0.47263285517692566, 0.5226469039916992, 0.5932153463363647, -1.2314203977584839, 1.0005857944488525, 0.6264743208885193, -0.20035532116889954, -0.7862274050712585, -0.5825970768928528, -0.2582489848136902, -0.3268032670021057, 0.21047186851501465, -0.961713969707489, 0.33472463488578796, -0.11589804291725159, 0.1764800101518631, -0.809684693813324, 0.18395893275737762, 0.3053455650806427, -0.16875328123569489, 0.4851817488670349, -0.16289488971233368, 0.23686093091964722, 0.47981441020965576, 0.37470072507858276, -0.22220665216445923, -0.9822220802307129, -0.5338371992111206, 0.19268907606601715, -0.08950187265872955, 0.40967896580696106, -0.061391521245241165, 0.43022528290748596, 0.8062483072280884, -0.02804446965456009, 0.04426465928554535, -0.6397963762283325, -0.21238143742084503, 0.27611565589904785, -0.6685620546340942, -0.8175865411758423, -0.15013425052165985, -0.38954469561576843, 0.3847181499004364, -0.10613397508859634, 0.08273734897375107, -0.18231159448623657, 0.9555781483650208, 0.09369418770074844, 0.3387359380722046, 0.3830198049545288, -0.013348503038287163, -0.45964357256889343, 1.356785535812378, -0.7019403576850891, 0.2999919354915619, -0.4255691170692444, 0.34476515650749207, 0.27425557374954224, -0.9924852252006531, 0.7428483366966248, 0.038239553570747375, -0.3106382191181183, 0.25053277611732483, 1.5214872360229492, 0.4667990803718567, 0.34153667092323303, 0.2930387556552887, -0.04708464816212654, 0.0041770851239562035, 0.03625180944800377, -0.15831895172595978, 0.42918336391448975, 0.8727037906646729, 0.24407897889614105, 0.5203730463981628, -0.5325608253479004, 0.7769728302955627, -0.339700311422348, 1.4549614191055298, -0.07092071324586868, -0.4560507833957672, -0.7965948581695557, 0.21482978761196136, 1.394965410232544, 0.46108049154281616, 0.32559239864349365, -0.8270645141601562, 0.37771278619766235, 0.20532770454883575, 0.5253326296806335, 0.357182115316391, -0.5232425332069397, 0.11388976871967316, 0.409137487411499, 0.1629617065191269, 0.5477156043052673, 0.14274094998836517]"
worth,"[0.7839648723602295, -0.22203108668327332, 0.23393039405345917, 1.0085225105285645, 0.2583698332309723, 0.037278953939676285, 0.2731907069683075, 0.2691551446914673, 0.3109208345413208, -0.40817585587501526, 0.3412449359893799, -0.6993701457977295, -0.2260899394750595, 0.765726625919342, -1.2954450845718384, -0.6016340255737305, 1.4085661172866821, -1.265412449836731, 0.7646951675415039, -1.215389609336853, 0.2653917074203491, -0.6285035610198975, -0.3874843120574951, -0.006963690742850304, 0.40986907482147217, 0.36625853180885315, -0.43045806884765625, -0.09530501067638397, 0.9307917356491089, -0.12910477817058563, -0.39404094219207764, 1.3814442157745361, -0.6735065579414368, 0.4011475741863251, -0.2178831845521927, 1.0600312948226929, -0.28215086460113525, -0.5037515163421631, 0.06285110116004944, -0.9231921434402466, -0.5177205204963684, -0.14056181907653809, -1.4124398231506348, 0.15393388271331787, 0.7210476398468018, -0.3871636390686035, 0.8275758624076843, -0.7180294394493103, -0.5184492468833923, -0.5772324800491333, -0.38943609595298767, -1.2276825904846191, -0.24347643554210663, 0.993264377117157, 0.4160395860671997, 0.5856726169586182, 0.6226516962051392, 0.2388104945421219, -0.5141380429267883, -0.7923373579978943, 0.6812581419944763, -1.0540900230407715, -0.1430245041847229, -0.5231807231903076, -0.14010947942733765, -0.556242048740387, 0.12260378897190094, 0.3736829161643982, -0.046637360006570816, 1.0105631351470947, -0.4999806582927704, 1.1892797946929932, -0.013901677913963795, -0.3797149062156677, 0.586370587348938, 0.27594518661499023, -0.42145994305610657, -0.25328829884529114, -0.04683822765946388, -0.025407634675502777, 0.582602322101593, 0.08216705918312073, 0.014053883962333202, 1.8454738855361938, -1.3756394386291504, -0.5929201245307922, 0.820327639579773, 0.806536853313446, -0.5691307783126831, -0.4165947139263153, 1.0912470817565918, 0.05821995809674263, -0.11420175433158875, 0.9091534614562988, 1.135506510734558, 0.3466211259365082, -0.12339527159929276, 1.3427374362945557, 1.266456961631775, 1.4954220056533813]"
deal,"[1.138437032699585, -0.16831381618976593, -0.5665127635002136, 0.7585615515708923, 0.36586180329322815, -0.10519476234912872, 0.17230109870433807, 0.7515748143196106, 0.30904480814933777, -0.449691504240036, 0.8788927793502808, -0.3619125485420227, -0.16943614184856415, 0.6883448362350464, -1.4344887733459473, -0.2881346344947815, 0.7009298205375671, -1.6570379734039307, 0.33483725786209106, -1.9274210929870605, 0.48734918236732483, -0.5647515058517456, -0.2598933279514313, 0.06438437104225159, 0.5042108297348022, 0.19017116725444794, 0.3294970691204071, -0.4261951744556427, 0.5706924796104431, -0.10652416944503784, -0.9104787111282349, 1.3247822523117065, -0.9816487431526184, 0.5605939030647278, -0.44408226013183594, 1.0939911603927612, 0.38001683354377747, -0.46575725078582764, -0.07847407460212708, -0.26030197739601135, -0.2593365013599396, -0.6034892201423645, -1.1392183303833008, 0.1545819640159607, 0.761004626750946, -0.025497492402791977, 1.0462831258773804, -0.9868384003639221, -0.08263901621103287, -0.11663120985031128, -0.15197546780109406, -0.7866504192352295, -0.7273741960525513, 1.1713964939117432, 0.7755710482597351, 0.27508702874183655, 0.6837950348854065, 0.9104423522949219, -0.26446864008903503, -1.3082808256149292, 0.8129806518554688, -0.4508713483810425, 0.14399251341819763, -0.6582409143447876, -0.3453369438648224, -0.5800610184669495, -0.1874712109565735, -0.07750272005796432, -0.565789520740509, 0.42480987310409546, -0.7653095126152039, 0.9359981417655945, 0.3416230380535126, -0.5794779658317566, 0.328288197517395, 0.03202909231185913, -0.4672369360923767, -0.04315261170268059, 0.48115548491477966, -0.2753526568412781, 0.32560229301452637, -0.3679468035697937, -0.05894552916288376, 1.9363536834716797, -0.9219261407852173, -0.5445279479026794, 0.2992073595523834, 0.338590532541275, -0.8592885136604309, -0.46514055132865906, 0.5459567308425903, 0.6568796038627625, 0.21248893439769745, 1.5336825847625732, 1.176748275756836, 0.39917996525764465, 0.7548349499702454, 1.4220426082611084, 0.9251108765602112, 0.9731811285018921]"
landmark,"[1.2086682319641113, -0.5431804060935974, 0.13003817200660706, 0.8763799667358398, 0.16715413331985474, 0.6853448748588562, 0.31152504682540894, 0.2890670895576477, 0.792252242565155, -0.039416536688804626, 0.34641748666763306, -0.978618323802948, -0.9623721241950989, 0.6366584300994873, -1.6000003814697266, -0.40470394492149353, 0.6600094437599182, -1.0153472423553467, 0.8580722808837891, -1.4027236700057983, 0.4054824113845825, 0.22322864830493927, -0.8336319327354431, 0.16695252060890198, 0.16946937143802643, 0.19120727479457855, -0.041936494410037994, -0.4442294239997864, 0.8659389615058899, 0.19598107039928436, -0.5436001420021057, 1.1436930894851685, -0.42092621326446533, 0.10409852862358093, -0.36044973134994507, 1.1580618619918823, -0.03417212888598442, -1.1486384868621826, -0.3888104557991028, 0.18944746255874634, -0.6564197540283203, -0.22550547122955322, -0.6627053022384644, -0.44172775745391846, 1.2373648881912231, -0.832062304019928, 0.3904113173484802, -0.7893748879432678, -0.16790153086185455, -0.5942014455795288, -0.9296809434890747, -0.7509808540344238, 0.14777840673923492, 0.9436236023902893, 0.4893263280391693, 0.5011641979217529, 0.6233714818954468, 0.45801401138305664, -0.5718288421630859, -1.3229784965515137, 1.2735819816589355, -0.5908530950546265, 0.032465606927871704, -0.9801428914070129, -0.17980308830738068, -0.3391856253147125, 0.15573009848594666, 0.7255113124847412, 0.20803681015968323, 0.49856364727020264, -0.824139416217804, 0.7102404832839966, -0.1437138020992279, -0.7802517414093018, 0.3752012550830841, -0.044550828635692596, -0.6732325553894043, -0.5266631841659546, 0.12744171917438507, -0.4703364372253418, 1.1371445655822754, -0.8086309432983398, -0.5634298920631409, 1.8528203964233398, -0.7864718437194824, -0.726703405380249, 0.5130845308303833, 0.6909345388412476, -0.45400214195251465, -0.8155619502067566, 0.9977406859397888, 0.021166080608963966, -0.15875840187072754, 0.8524792194366455, 1.1403065919876099, 0.5906826853752136, -0.25783461332321167, 1.4822524785995483, 1.1577141284942627, 1.0074176788330078]"
partners,"[1.0478876829147339, -0.25906193256378174, -0.1863555610179901, 0.5041251182556152, 0.5118552446365356, 0.27523481845855713, 0.06284691393375397, 0.16754549741744995, 0.1441560685634613, -0.316056489944458, 0.7894735932350159, -1.1278636455535889, -0.39363473653793335, 0.4885898530483246, -1.0630143880844116, -0.20299240946769714, 0.5412313342094421, -1.4444111585617065, 1.0789614915847778, -1.8100736141204834, 0.5035387277603149, 0.11190280318260193, -0.673920214176178, 0.17879536747932434, 0.11541184782981873, 0.32345613837242126, -0.053551096469163895, -0.18905627727508545, 0.8254528641700745, -0.16830231249332428, -0.25772586464881897, 1.0531113147735596, -0.9731379747390747, 0.3903856873512268, -0.7527345418930054, 1.1901419162750244, -0.005144789349287748, -0.5403016805648804, -0.45476508140563965, -0.3054226338863373, 0.06222328171133995, -0.3924822211265564, -0.8933973908424377, 0.4095432460308075, 1.07918119430542, -0.32471325993537903, 0.400427907705307, -1.092253565788269, -0.24282555282115936, -0.1602747142314911, -0.8790834546089172, -0.6850816607475281, 0.002202808391302824, 0.8290103077888489, 0.37056490778923035, 0.14406488835811615, 0.49794670939445496, 0.4618489742279053, -0.38250893354415894, -0.9590283632278442, 0.985412061214447, -0.5755172967910767, 0.0534140020608902, -0.5521294474601746, 0.3057115972042084, -0.6766226291656494, -0.1733274608850479, 0.16312234103679657, 0.0092765549197793, 0.7031676769256592, -0.9874179363250732, 0.642324686050415, 0.16998165845870972, -0.05358047038316727, 0.19537168741226196, 0.026467090472579002, -0.4026120603084564, -0.36503610014915466, 0.6170670986175537, -0.3968666195869446, 0.3254270553588867, -0.95383620262146, -0.421123206615448, 1.4879167079925537, -0.48419955372810364, -0.7377578020095825, 0.7757033705711365, 0.535474419593811, -0.7110627293586731, -0.11937712132930756, 0.672096312046051, 0.6813809275627136, -0.03577625751495361, 1.6990500688552856, 0.6243809461593628, 0.6711706519126892, 0.1630212515592575, 1.3931596279144287, 0.9511763453483582, 1.0541765689849854]"
safety,"[1.3530231714248657, -0.07330071926116943, -0.49549683928489685, 0.3604426980018616, -0.41648009419441223, -0.5245068073272705, 0.700481116771698, 0.7332985997200012, -0.35282596945762634, -0.29727402329444885, 0.36336931586265564, -0.9764934778213501, 0.07788154482841492, 0.7350836396217346, 0.6490239500999451, 1.034050703048706, -0.35228854417800903, -0.9567937850952148, 0.4013864994049072, -0.6267712116241455, 0.02525920234620571, 0.187016099691391, -0.27385789155960083, -0.9525818824768066, 0.513728141784668, 0.46297693252563477, 1.130523681640625, 0.5169106721878052, -1.0336101055145264, -0.3118121922016144, 0.021658537909388542, -0.40979278087615967, -0.4732179641723633, 1.093062400817871, -0.45395076274871826, 0.8026635646820068, 0.7885478138923645, 0.28545141220092773, -0.04971819743514061, -0.5450182557106018, -0.3971361815929413, -0.466286838054657, -0.3779067099094391, 0.5758175253868103, 1.6647573709487915, -0.14067859947681427, 0.20806878805160522, -0.20970813930034637, -0.6717426776885986, 0.9066271781921387, 0.3264743983745575, -0.3954528868198395, -0.1279238760471344, 0.012271792627871037, -0.42082545161247253, 0.013015758246183395, -0.31855085492134094, 0.6126528382301331, -1.8995529413223267, -0.8231446146965027, -0.9247074127197266, 0.4541882574558258, -0.9510013461112976, 0.31203514337539673, -0.11150959879159927, -0.08566076308488846, 1.385703682899475, 2.2877285480499268, 0.20741815865039825, 0.6793656349182129, -0.15419314801692963, -0.5535721182823181, 0.019120270386338234, 0.05589674785733223, 0.35633212327957153, 2.3763833045959473, 0.8262939453125, -0.27774932980537415, 0.42438608407974243, 0.07830976694822311, -0.16839101910591125, -1.4272106885910034, 0.2415200173854828, 0.1925143599510193, 1.1903729438781738, 0.00043470581294968724, -0.506542444229126, 0.4496879577636719, 0.22901484370231628, -0.3721309006214142, -0.48922857642173767, 1.6784647703170776, -0.38556769490242004, 1.061383843421936, 0.4866393208503723, 0.06775736808776855, 1.1411502361297607, 0.9539146423339844, 0.3512348532676697, 0.19443954527378082]"
due,"[1.9590978622436523, 0.08662578463554382, -0.6288260817527771, -0.19256247580051422, 0.4033317565917969, -1.3454930782318115, 0.5349600911140442, 0.16620434820652008, -0.5576754808425903, -0.10549457371234894, 0.4470088481903076, -1.33592689037323, -0.6003945469856262, -0.36808300018310547, 0.6539139747619629, 0.6675648093223572, 0.03613067790865898, -1.2716904878616333, 0.6744927763938904, -1.7294312715530396, 0.41771456599235535, 0.16044531762599945, -0.6968581676483154, -0.47817838191986084, 0.1110953614115715, 0.3635818064212799, 0.743065357208252, 0.21705874800682068, -0.27531540393829346, -0.37980565428733826, -0.1352253556251526, -0.6995145082473755, -0.34634774923324585, 0.44166961312294006, -1.3319587707519531, 0.8605068922042847, 0.5672810673713684, 0.11639439314603806, -0.00279917917214334, 0.12111367285251617, 0.2195628434419632, -0.2432345300912857, 0.03525150567293167, 0.31508100032806396, 0.9001268148422241, 0.9127162098884583, 0.7976299524307251, 0.20874255895614624, -0.35615941882133484, 0.9566912651062012, 0.5249872207641602, -0.4663989841938019, -0.20265422761440277, -0.10011440515518188, -1.4764667749404907, 0.4174116849899292, -0.6326985955238342, -0.09067937731742859, -0.9941624402999878, 0.07947622239589691, -1.0372028350830078, 0.06580764800310135, -1.215781807899475, 1.0007143020629883, 0.040998946875333786, 0.2978224456310272, 1.2667945623397827, 2.1302366256713867, 0.03698785975575447, -0.14080184698104858, 0.14848409593105316, -0.2808893620967865, 0.44932618737220764, -0.7225620746612549, -0.39332014322280884, 1.833898663520813, -0.15173830091953278, 0.11886825412511826, -0.3457076847553253, 0.873674213886261, 0.6024407744407654, -1.3554511070251465, -0.8022612929344177, 0.7956579327583313, 1.26089608669281, 0.4181192219257355, 0.6019272804260254, 0.6560554504394531, -0.6201735734939575, -0.7325345277786255, -0.8792919516563416, 1.6688907146453857, -0.6455717086791992, 0.9828222393989563, -0.5087778568267822, 0.22765836119651794, 1.0428544282913208, 0.8828437924385071, 0.7988218665122986, 0.21443769335746765]"
recalls,"[1.4229727983474731, -0.21368515491485596, -0.4824462831020355, 0.048103488981723785, 0.5684176683425903, -1.1318947076797485, 0.6041998863220215, 0.36515921354293823, -0.28885871171951294, -0.0775492861866951, 0.47456175088882446, -1.292334794998169, -0.5698803663253784, 0.5099437832832336, 0.8198229074478149, 1.019497275352478, -0.4327872097492218, -0.821297287940979, 0.7160614132881165, -0.9562519788742065, 0.348262220621109, 0.9868667721748352, -0.5828664898872375, -0.3272678256034851, 0.4995458424091339, 0.590913712978363, 0.8125234842300415, 0.4224514067173004, -0.8947133421897888, -0.3467347323894501, -0.14310786128044128, -0.5178810954093933, -0.535169243812561, 1.0303574800491333, -0.9916051030158997, 1.0865222215652466, 0.9057099223136902, 0.2664565145969391, -0.4309372901916504, 0.06565394252538681, -0.11296803504228592, -0.34522756934165955, 0.2407272309064865, 0.5090781450271606, 1.4145303964614868, 0.6745188236236572, -0.23363642394542694, -0.45379120111465454, -0.18332241475582123, 0.726161777973175, -0.5503877401351929, -0.16481979191303253, 0.02621699683368206, 0.12249446660280228, -0.3761066496372223, 0.16855524480342865, -0.4859934151172638, 0.3845747709274292, -1.6756975650787354, -0.43138474225997925, -0.9794333577156067, 0.6759320497512817, -1.2579137086868286, 0.6818985342979431, 0.20769032835960388, 0.3739698529243469, 1.0765787363052368, 2.015519618988037, 0.5239546895027161, 0.42122989892959595, -0.17744854092597961, -0.9153973460197449, 0.06616992503404617, 0.0719345286488533, -0.28936418890953064, 2.1422019004821777, 0.7386614680290222, -0.5246376991271973, 0.25085899233818054, 0.05916077643632889, 0.41197726130485535, -1.6927889585494995, -0.022815309464931488, 0.2235584855079651, 1.2733978033065796, 0.38715416193008423, -0.0617576465010643, 0.49404656887054443, -0.3482457995414734, -0.4087867736816406, -0.38396355509757996, 2.1158437728881836, -0.39632007479667664, 1.2025291919708252, -0.16700918972492218, 0.3396106958389282, 1.3356903791427612, 0.5954405069351196, 0.3289402425289154, 0.08896678686141968]"
sparking,"[0.1674366593360901, 0.9631285667419434, 0.35743382573127747, 0.7191848158836365, -0.8001547455787659, -0.672924816608429, 0.36278536915779114, 0.2182140201330185, -0.37927886843681335, 0.04666526988148689, 0.24102795124053955, -0.3342165946960449, 0.43629708886146545, 1.073071002960205, 0.41012659668922424, 0.16820402443408966, -0.7989694476127625, -0.6282815933227539, -0.5573013424873352, -1.1306073665618896, 0.11951679736375809, 0.4677891433238983, 0.4490734040737152, -1.5888477563858032, 0.4340856373310089, 0.07742771506309509, 0.2614922821521759, -0.26274654269218445, -0.15282031893730164, -1.1584076881408691, 0.672278106212616, -0.3336104452610016, -0.27076584100723267, 0.3367081582546234, 0.12190049886703491, 0.3517839312553406, 0.42558208107948303, -0.45539265871047974, -0.3724833130836487, -0.7002351880073547, 0.47022780776023865, 0.48361772298812866, -1.249997854232788, 0.7091677784919739, -0.2989965081214905, 0.07183083891868591, 0.884631335735321, -0.360615611076355, -0.6118203401565552, 0.39008525013923645, 0.5635460615158081, -0.601753830909729, 0.47305625677108765, 0.5652787089347839, -0.1367904245853424, 0.2959349751472473, -0.38897258043289185, 0.31595101952552795, -1.4233214855194092, 0.487211674451828, 0.39270761609077454, 0.45081692934036255, 1.1429893970489502, -0.3978685438632965, -0.5025998950004578, 0.03137851506471634, 0.7622645497322083, 1.5014568567276, -0.559625506401062, 0.9561169743537903, 0.5675056576728821, 1.3085403442382812, 0.008087746798992157, -0.24261365830898285, 1.030560851097107, 0.427877813577652, 0.17971903085708618, -0.05422349274158478, -0.8761870861053467, 0.6072110533714294, -1.0650922060012817, -0.42515021562576294, 0.7867769002914429, -1.2493033409118652, -0.4965779185295105, 0.05031491443514824, 0.3235136866569519, 0.773094117641449, 1.7139158248901367, -0.5780899524688721, -0.30555465817451477, 0.6681799292564392, -0.01935514807701111, 0.8320323824882507, 0.6975864768028259, 0.19191378355026245, 0.25233012437820435, 1.4185823202133179, 0.4880496561527252, 0.20898890495300293]"
rises,"[0.8871935606002808, 1.4196434020996094, 0.20565077662467957, -0.09822479635477066, -0.7531285285949707, -0.1990591287612915, 0.9831552505493164, 0.2646373510360718, -0.7122821807861328, -0.09876377880573273, -0.1254960596561432, -0.4963536262512207, 0.6952977180480957, 0.661888062953949, 0.5007357597351074, 0.7177566885948181, -0.7418670058250427, -0.29258525371551514, -0.7274782061576843, -1.4659974575042725, -0.2922867238521576, 0.4821348786354065, 1.0153841972351074, -1.4798349142074585, 0.3059658706188202, -0.3061939775943756, -0.06033629924058914, -0.8504029512405396, -0.5143454670906067, -1.2609597444534302, 0.14147232472896576, -0.09559301286935806, -0.08864161372184753, -0.2691428065299988, 0.3617265224456787, 0.6893419623374939, -0.08260778337717056, -0.30486100912094116, -0.39500147104263306, -0.616083025932312, 0.6760100722312927, 0.6615729331970215, -1.1937925815582275, 0.9747362732887268, 0.10209921002388, 0.009065640158951283, 0.38123270869255066, 0.25591135025024414, -0.6164625287055969, 0.29704898595809937, 0.8760325312614441, 0.026833612471818924, 0.05491024628281593, 0.31147176027297974, -0.08837854117155075, 0.8064992427825928, -0.2673656642436981, 0.7032138109207153, -0.5031811594963074, 0.39968690276145935, 0.7320830225944519, 0.38950082659721375, 0.4601109027862549, 0.38699090480804443, -0.4225272834300995, 0.3523615598678589, 1.2325849533081055, 0.811693012714386, -0.7193736433982849, 0.47796422243118286, 0.10122818499803543, 1.67074716091156, 0.45599913597106934, 0.38018637895584106, 0.9263512492179871, 0.6328402161598206, 0.37777188420295715, -0.6419914960861206, -0.487069308757782, 1.1064754724502563, -0.46917781233787537, -0.060177281498909, 1.0282305479049683, -1.0282227993011475, -0.7168630361557007, -0.30021414160728455, 1.0881640911102295, 0.4944760799407959, 1.1855874061584473, -0.36972346901893616, -0.3041885197162628, 0.7983434200286865, 0.14620184898376465, 0.660255491733551, 0.9126840233802795, 0.4098950922489166, 0.013176769018173218, 0.45852673053741455, 0.006474822759628296, 0.7598523497581482]"
tumble,"[-0.7530695796012878, -0.070068359375, 0.08316130191087723, -0.677035927772522, 0.39675551652908325, -0.3246597349643707, 0.7916874885559082, 1.493607521057129, -0.4460112750530243, 0.8001444339752197, 0.7148616313934326, -0.87150639295578, 0.2837411165237427, 0.2482055425643921, -0.7608488202095032, -0.19416894018650055, -0.04674983024597168, -0.1725505292415619, 0.6045660972595215, -0.0009983084164559841, -0.22346387803554535, -0.5206838250160217, -0.46268734335899353, -0.3313829302787781, -0.134102925658226, -0.5667852759361267, 0.8066210746765137, -0.5550655126571655, -0.6031303405761719, -1.6255779266357422, 0.8011966943740845, -0.10548194497823715, -0.15646031498908997, 0.007761260960251093, -0.04587816074490547, 0.6592019200325012, 0.2580108642578125, -1.3438256978988647, -1.771065592765808, 0.4554210603237152, 1.0709487199783325, -0.5926551222801208, -0.4197176992893219, 0.6427040696144104, 0.28807196021080017, -0.2534506618976593, -0.7941681146621704, -0.13367602229118347, 0.5594421029090881, -0.9923469424247742, 0.04402382671833038, 1.6531224250793457, 0.18006959557533264, 0.4891006052494049, 0.19308863580226898, -0.2527698576450348, 0.8744908571243286, -0.0610421858727932, 0.441641241312027, 0.158063143491745, -0.2134782075881958, -0.06899674236774445, 0.4121289849281311, -0.27197015285491943, -0.6539450287818909, 0.5342211127281189, 0.005173965357244015, 0.9151366353034973, -0.17260809242725372, 1.0384773015975952, 0.15090663731098175, 0.21802963316440582, -0.14873377978801727, 1.3368043899536133, 0.3575371503829956, -0.10069466382265091, 0.05520859733223915, -0.23059116303920746, -1.256033182144165, 0.4151882231235504, -1.474351167678833, 0.4674771726131439, 0.2703748047351837, 0.8397576212882996, -0.44755300879478455, 0.8900161981582642, 0.07356690615415573, 0.035603221505880356, 0.5560535192489624, 0.25645408034324646, -0.044341761618852615, 0.8506482839584351, -0.4882873296737671, 0.0650101825594902, 0.36018282175064087, 0.0761416107416153, 0.43019548058509827, -1.1042388677597046, 0.9702595472335815, 0.632604718208313]"
rates,"[-0.27419212460517883, 0.3876745402812958, -0.4190728962421417, 0.006451623514294624, 0.9014641642570496, -0.022344905883073807, 0.4013030230998993, 1.2928553819656372, -0.37124893069267273, 0.7141364216804504, 0.4906750023365021, -0.6016117334365845, -0.2875905930995941, -0.2022067904472351, -0.07578974217176437, 0.19191871583461761, 0.6021336317062378, 0.26239097118377686, 0.25796741247177124, 0.26186996698379517, -0.40334150195121765, -0.2479296177625656, -0.9838879108428955, -1.0421032905578613, -0.18479225039482117, -1.0066827535629272, 0.23356777429580688, -0.6372654438018799, -0.4306318759918213, -1.2044825553894043, 0.7057026624679565, -0.07889200747013092, -0.05325842648744583, -0.5440897345542908, 0.9543461799621582, 1.298541784286499, 0.737267792224884, -1.3552846908569336, -1.6643403768539429, -0.06916455179452896, 1.3268109560012817, -0.7802114486694336, -0.013165678828954697, 1.101186990737915, 0.4321196377277374, -0.37825489044189453, -0.5888928771018982, -0.8990686535835266, 0.8526286482810974, -0.7447888851165771, -0.3995479941368103, 1.5659031867980957, 0.6095896363258362, 0.8186026811599731, -0.3391357660293579, 0.754702091217041, -0.03585952892899513, -0.3639649450778961, -0.3546924293041229, 0.8454437851905823, 0.41334202885627747, 0.36704009771347046, 1.0621635913848877, -0.4101598262786865, -1.15996253490448, -0.14469273388385773, -0.3737573027610779, 0.8153077960014343, 0.19401249289512634, 1.0072985887527466, -0.22382578253746033, 0.33248254656791687, 0.5754120349884033, 1.5453695058822632, 1.0983994007110596, -0.20251718163490295, 0.6097144484519958, -0.15267647802829742, -0.6594026684761047, 0.7475202083587646, -1.1939067840576172, 0.20588815212249756, 0.7544404864311218, 0.6171127557754517, -0.8550235033035278, 0.5967772603034973, 0.27827808260917664, -0.29997581243515015, 0.340901643037796, 0.33404508233070374, -0.12008344382047653, 0.9293036460876465, -0.24926972389221191, -0.20799192786216736, 0.6470378637313843, 0.6358532905578613, -0.37381184101104736, -0.6666568517684937, 0.8255234956741333, 0.7550429701805115]"
target,"[0.38243475556373596, -0.9644166827201843, -0.0939452201128006, -0.010855899192392826, -0.33347436785697937, 0.18060436844825745, 0.8337380886077881, 0.7402698397636414, -0.18272317945957184, -1.4281829595565796, -0.24894101917743683, -0.727691650390625, -0.5503422617912292, 0.5245372653007507, -0.942441999912262, 0.5391454696655273, -0.7861395478248596, -0.9648351073265076, -0.07888245582580566, -0.8733721375465393, 0.7075537443161011, 1.1360749006271362, -1.3170669078826904, -0.7707452774047852, -0.15971164405345917, 0.6762796640396118, -0.14224942028522491, -0.506101667881012, -0.07848428189754486, -0.0643932968378067, 1.2224448919296265, 0.27247530221939087, -0.5017796754837036, 1.356872320175171, -1.1511865854263306, 1.5060474872589111, 0.7041240930557251, -0.630935788154602, -0.42016083002090454, -0.4498608112335205, -0.20787504315376282, 0.07829739898443222, 0.9938003420829773, 0.0971200168132782, 0.6467349529266357, -0.5065371990203857, -0.9895524978637695, -0.8706821799278259, -0.4794101119041443, 0.33721351623535156, -0.3164055645465851, 0.643319308757782, 1.42897629737854, -0.9253140091896057, 0.10630470514297485, 0.3911805748939514, -0.5002291798591614, 0.359787255525589, -1.7461439371109009, -0.8798913359642029, -0.4663071036338806, 0.08308534324169159, 0.2872186601161957, 1.1506752967834473, -0.058181971311569214, -0.44487446546554565, 0.0554693266749382, -0.24942567944526672, 0.35015594959259033, 0.05786509811878204, -0.8919151425361633, -0.36944708228111267, 0.013732007704675198, 0.16739016771316528, -0.3570139408111572, -0.34698963165283203, 0.26186805963516235, 0.42433083057403564, -0.09440165013074875, -0.02780269831418991, 0.3926798105239868, -0.6162164807319641, -0.3643389940261841, 0.29167813062667847, -0.25193557143211365, 0.13984031975269318, 0.8262283802032471, 1.136489748954773, 0.01575664058327675, -0.3556928038597107, -0.35250765085220337, 1.2600533962249756, 0.480913907289505, 1.239745020866394, 0.4923621416091919, 0.7115349769592285, -0.9376775622367859, 0.8223556280136108, 0.11463333666324615, -0.26374855637550354]"
buy,"[0.5238056182861328, -0.6535300016403198, 0.10196175426244736, -0.2159561961889267, 0.7284829616546631, 0.07280237972736359, 0.4833659529685974, 0.660930871963501, -0.015101847238838673, -0.44025421142578125, -0.06120695546269417, -0.7201351523399353, -0.17017076909542084, 0.5030563473701477, -1.2054164409637451, 1.0327931642532349, -0.11387620866298676, -1.0015007257461548, 1.900476336479187, -0.5922591686248779, 0.8040159940719604, 1.9129893779754639, -1.7793165445327759, -1.223821759223938, -0.9622776508331299, 0.4487905204296112, 0.37844762206077576, 0.03293788805603981, 0.29679712653160095, -0.17683540284633636, 1.2345550060272217, 0.5081108212471008, -0.47813287377357483, 0.6798385381698608, -1.1466997861862183, 1.1934748888015747, -0.2077806442975998, 0.46196988224983215, -0.4518822133541107, 0.04428201541304588, 0.21973559260368347, -0.8051430583000183, 0.8844874501228333, -0.022091874852776527, 0.5093979239463806, -0.4787915349006653, -1.022156834602356, -0.5600763559341431, -0.5146560668945312, 0.5490847229957581, -0.6258766651153564, 0.3600883185863495, 0.44045913219451904, -0.5099149346351624, -0.42783573269844055, -0.23535306751728058, -0.383992999792099, 0.4221230149269104, -1.6824411153793335, -0.5843790173530579, 0.6802243590354919, 0.24824483692646027, -0.22109000384807587, 0.8473650217056274, -0.49914929270744324, 0.0587550513446331, 0.19460996985435486, 0.027168866246938705, 0.503012478351593, -0.12366946786642075, -0.38068363070487976, 0.04536242410540581, -0.0843067616224289, -0.7196051478385925, 0.3183913826942444, -0.719613790512085, -0.02455608732998371, 0.36586207151412964, -0.270354688167572, 0.15872956812381744, 0.16986677050590515, -0.5711575746536255, -1.7705867290496826, 0.03859037533402443, 0.26326611638069153, -0.3739064931869507, 0.6817835569381714, 0.7012524008750916, 0.534328281879425, 0.2446068972349167, -0.049683358520269394, 0.3541012108325958, -0.33057647943496704, 1.6833088397979736, 0.05180159956216812, 0.4720260798931122, -0.23129822313785553, 0.4181687533855438, 0.5428360104560852, 0.8440920114517212]"
upgrades,"[0.18917569518089294, -1.0691763162612915, 0.004194493405520916, 0.13629738986492157, 0.14899155497550964, 0.050862234085798264, 0.4007197916507721, 0.8018996119499207, -0.46653804183006287, -0.9515414237976074, -0.27061134576797485, -0.9747417569160461, 0.02843056432902813, 0.6167728304862976, -1.1261402368545532, 0.7669011950492859, -0.37747451663017273, -1.05935800075531, 0.8099884390830994, -0.4385068118572235, 1.2229468822479248, 1.5337498188018799, -1.3209044933319092, -1.0067225694656372, -0.562803328037262, 0.8272989988327026, 0.12378537654876709, -0.3727782368659973, -0.03469488024711609, -0.10677746683359146, 0.8515601754188538, 0.22217945754528046, -0.4445326626300812, 1.2668522596359253, -0.9322705268859863, 1.3706507682800293, 0.1015649139881134, 0.4318793714046478, -0.10629511624574661, -0.009699443355202675, 0.06739877164363861, 0.09803561121225357, 0.5405006408691406, 0.1689620465040207, 0.7349205613136292, -0.4807586669921875, -0.9804439544677734, -0.27262187004089355, -0.558014988899231, 0.36671939492225647, -0.6601848006248474, 0.32916906476020813, 0.882851779460907, -0.9047629833221436, -0.022056041285395622, -0.04232182726264, -0.1555737853050232, 0.5038844347000122, -1.4168719053268433, -0.6617338061332703, -0.4052487015724182, 0.21372391283512115, 0.18615815043449402, 0.7909642457962036, -0.40116575360298157, -0.18078453838825226, -0.2190673053264618, -0.10895545035600662, 0.7273133397102356, -0.021253447979688644, -0.8276085257530212, -0.4362484812736511, -0.1372499018907547, -0.49061456322669983, 0.014279819093644619, -0.5593650937080383, -0.017557432875037193, 0.2052822709083557, -0.5098365545272827, -0.030793048441410065, 0.158901646733284, -0.5046882629394531, -1.041468858718872, 0.13357730209827423, 0.09367512911558151, -0.17577579617500305, 0.5121219754219055, 0.697614848613739, 0.5598917007446289, -0.22289983928203583, -0.07111843675374985, 0.745978057384491, 0.3678489029407501, 1.8504643440246582, 0.21820563077926636, 0.9299243688583374, -0.6799476146697998, 0.5332247614860535, 0.6404774785041809, 0.06843185424804688]"
decades,"[-0.0008958557737059891, 0.35889890789985657, 0.8107588291168213, -0.5666010975837708, 0.010238338261842728, 0.2815682291984558, 0.45467934012413025, 0.09655585139989853, 0.3368423283100128, 0.1661812961101532, 0.14536701142787933, -0.8236503005027771, -0.3053072690963745, 0.8161096572875977, 0.13224898278713226, 0.16254383325576782, -0.5521290898323059, -1.0823936462402344, -0.228769913315773, -0.42368975281715393, -0.17082491517066956, 0.8334978818893433, -0.28273746371269226, 0.245320662856102, 0.3278062641620636, -0.447298526763916, 0.31369903683662415, -1.0005948543548584, -0.2922411262989044, 0.5465788841247559, 0.3639034330844879, 0.0699840784072876, -0.5719745755195618, -0.6055853962898254, 0.7455524802207947, 0.8435692191123962, 0.708568274974823, -0.5442578196525574, 0.003659749636426568, -0.7462700009346008, 0.2717629671096802, -0.2579030394554138, -0.5291616916656494, 0.03954019397497177, -0.10434546321630478, 0.1055460199713707, 0.20157761871814728, 0.24943692982196808, -0.272794634103775, -0.08121742308139801, 0.5558420419692993, -0.28432339429855347, -0.4123278260231018, 0.690853476524353, -0.055085163563489914, 0.5100300908088684, 0.9390950202941895, 0.22368092834949493, -0.2810453772544861, 0.9334150552749634, 0.44134923815727234, 0.4785662591457367, 0.31429001688957214, -0.4795062243938446, -0.5476779937744141, -0.11377204954624176, 1.3357739448547363, 0.8327667713165283, -0.0046241614036262035, 0.894493043422699, 0.7454278469085693, 0.7056697607040405, -0.16691727936267853, 0.2707235813140869, 0.8140727877616882, -0.3945518136024475, 0.3791477382183075, -0.5517943501472473, -0.4677477478981018, 0.5991607308387756, -0.005958284251391888, 0.25489941239356995, 0.49992531538009644, 0.18601484596729279, -1.0078657865524292, 0.7721585035324097, 0.15272535383701324, 0.4697369635105133, 0.6011909246444702, 0.14578670263290405, 0.7339013814926147, -0.2790620028972626, -0.3298582136631012, -0.2560988962650299, 0.4991339445114136, -0.2816130518913269, 0.3528916537761688, 0.11475533246994019, -0.3685322701931, 0.7885850667953491]"
lowest,"[-0.35579797625541687, 0.7597188353538513, 0.9034547805786133, -0.4350944757461548, -0.20304028689861298, 0.31124287843704224, 0.6111875176429749, -0.14479690790176392, 0.015662161633372307, -0.10862509906291962, -0.13048416376113892, -1.123926043510437, -0.22214937210083008, 0.7799723744392395, 0.14932219684123993, -0.12257948517799377, -0.8957818150520325, -0.9378228187561035, -0.5450450778007507, -1.1880098581314087, -0.2670895755290985, 1.1118338108062744, 0.19500061869621277, 0.4158417582511902, 0.08210232853889465, -0.2875918447971344, 0.028806891292333603, -0.5831242799758911, -0.14829252660274506, 0.42735880613327026, 0.7590309381484985, 0.21308331191539764, -0.6309611797332764, -0.2364102154970169, 0.6412230134010315, 0.8489233255386353, 0.6783092021942139, -0.4414155185222626, -0.21923823654651642, -0.4941420555114746, 0.054625850170850754, -0.5059215426445007, -0.2264786958694458, -0.3194190263748169, 0.08061922341585159, -0.15344631671905518, 0.17780661582946777, 0.28782474994659424, -0.20149818062782288, 0.3728123903274536, 0.25440713763237, -0.6487939953804016, -0.5056860446929932, 0.9768151044845581, 0.04921932891011238, 0.7067344188690186, 0.7950283288955688, 0.36992117762565613, -0.0441269613802433, 1.0009756088256836, 0.07140857726335526, 0.10581312328577042, 0.5124348402023315, -0.4573044776916504, -0.5255382061004639, -0.33265605568885803, 1.3154586553573608, 1.083864450454712, 0.2362927943468094, 1.1898490190505981, 0.49691498279571533, 0.9907141327857971, 0.36177659034729004, 0.06485121697187424, 0.39757251739501953, -0.14041545987129211, 0.4191032946109772, -0.8225951790809631, -0.3391226828098297, 0.273333340883255, 0.0715046152472496, -0.1291942596435547, 0.29523834586143494, -0.20766615867614746, -0.9316576719284058, 0.9533827900886536, -0.22920578718185425, 0.0891440212726593, 0.38249874114990234, -0.3233892023563385, 0.12364638596773148, -0.4461909830570221, -0.6377472877502441, -0.3717553913593292, 0.9650015234947205, -0.4038521647453308, 0.01502766739577055, -0.17342136800289154, -0.06304061412811279, 0.7318597435951233]"
falls,"[-0.2152417004108429, 0.5584456324577332, 0.6496198773384094, -0.6629171371459961, -0.3300864100456238, 0.2623373866081238, 0.21863849461078644, 0.2745743691921234, 0.4308583438396454, 0.20208579301834106, -0.16940969228744507, -0.8651782870292664, -0.26337140798568726, 1.207463026046753, 0.18540513515472412, 0.35460585355758667, -0.7247966527938843, -0.8341910243034363, -0.327135294675827, -0.7389822602272034, -0.008947670459747314, 0.9729744791984558, -0.08165708184242249, 0.3552560806274414, 0.32993704080581665, -0.19662021100521088, -0.08822604268789291, -1.1098262071609497, 0.034108471125364304, 0.2757418155670166, 0.6742945909500122, 0.3346043825149536, -0.7716490030288696, -0.5053754448890686, 0.829962432384491, 0.6645616292953491, 0.48473697900772095, -0.35931235551834106, 0.06836050003767014, -0.35381463170051575, 0.22047589719295502, -0.12728571891784668, -0.3916226625442505, -0.0002799490175675601, 0.0759890154004097, 0.27121028304100037, 0.16712021827697754, 0.3157472014427185, -0.40919050574302673, 0.3617370128631592, 0.4753788709640503, -0.33536070585250854, -0.2214965671300888, 0.6073263883590698, 0.4092608392238617, 0.6070677042007446, 0.7829962968826294, 0.17990967631340027, -0.134660542011261, 0.8274253010749817, 0.7584863305091858, 0.33191466331481934, 0.18667732179164886, -0.617077112197876, -0.7168295979499817, -0.167549729347229, 1.3084272146224976, 1.1237561702728271, 0.10240185260772705, 1.2945599555969238, 0.8287445306777954, 0.6869595050811768, 0.09410422295331955, -0.18011470139026642, 0.5433787703514099, -0.14365914463996887, 0.12518751621246338, -0.7529994249343872, -0.41805005073547363, 0.7705618739128113, -0.388134241104126, -0.0030198313761502504, 0.42146119475364685, -0.1687329113483429, -0.8773202896118164, 0.9641265869140625, 0.4331781566143036, 0.2863340377807617, 0.904030442237854, 0.08112906664609909, 0.2120174914598465, -0.3538271486759186, -0.4669381380081177, -0.03559156507253647, 0.7250882387161255, -0.026097087189555168, 0.29048874974250793, 0.4360561966896057, -0.47122088074684143, 0.36753612756729126]"
exceed,"[1.637221097946167, 0.5549708604812622, -1.4797457456588745, -0.7165201902389526, 0.3388553559780121, -0.2841196656227112, -0.8981810212135315, 1.389371633529663, 0.45902568101882935, 0.4056910574436188, 0.3051510453224182, -1.6414732933044434, 0.4629092216491699, -0.09588076919317245, 1.6496100425720215, 0.3893158435821533, -0.05593153089284897, -0.6429178714752197, 0.9224029183387756, -2.467953681945801, 0.057144250720739365, -0.00021047604968771338, -0.7151249647140503, -0.47562506794929504, -0.23345114290714264, 0.715615451335907, 0.32266637682914734, -0.22379358112812042, -0.27183210849761963, -0.4540866017341614, 0.5496817827224731, -0.6986756920814514, 0.23920901119709015, 1.1063697338104248, -1.8159377574920654, 0.9248979687690735, 0.2463168501853943, 1.6071988344192505, 0.7845718264579773, -1.3738154172897339, -0.23997072875499725, -0.2783433794975281, 0.0720677599310875, -0.28970468044281006, 1.7836897373199463, 0.5205882787704468, -0.7201504707336426, 0.39162352681159973, -0.3829614818096161, -0.250370591878891, -0.5896991491317749, 0.27933183312416077, 0.3108762204647064, 0.11645733565092087, 0.05100588500499725, 0.351995050907135, -0.5410449504852295, -0.7821125984191895, -0.6330724954605103, -0.09777229279279709, -1.1459383964538574, 0.255142480134964, -0.9020111560821533, -0.03652309998869896, 0.3004254102706909, 1.1359742879867554, -0.054107580333948135, 0.30700796842575073, -0.15074121952056885, 0.07508322596549988, -0.5996496081352234, 0.2911408245563507, 0.4624858796596527, 0.3785208761692047, -0.5269066691398621, 0.6338966488838196, 1.5352483987808228, -0.9066821932792664, 0.5828956365585327, -0.22734923660755157, 1.028608798980713, -0.6787233948707581, -0.6412032246589661, 0.9589492678642273, 1.0342559814453125, 0.12436570972204208, -0.8225131034851074, 0.12455897033214569, -0.2353673279285431, -0.18197236955165863, -0.4139243960380554, 1.5011415481567383, 0.09851547330617905, 0.4060599207878113, 0.8735851049423218, 0.4202055335044861, 1.457365870475769, 0.38672488927841187, -0.6063647866249084, -1.0146257877349854]"
sales,"[0.6868108510971069, 0.2425382435321808, -1.6697007417678833, -0.3630548417568207, 0.3423687815666199, -0.6009828448295593, 0.1692463606595993, 1.1450060606002808, 0.5648901462554932, 0.22386112809181213, 1.4674464464187622, -1.6564679145812988, -0.25955161452293396, -1.0852277278900146, 2.213566780090332, -0.09590189903974533, 0.2940404415130615, -0.9545278549194336, 1.3975812196731567, -1.3111281394958496, -0.14702093601226807, 0.6703574061393738, -0.7276853322982788, -0.15524005889892578, 0.2666996121406555, 0.7132392525672913, 0.41518038511276245, -0.015461507253348827, -0.1970081329345703, 0.08952086418867111, 0.38001295924186707, 0.26802536845207214, -0.485538512468338, 0.7076595425605774, -1.5414398908615112, 0.6197838187217712, -0.2765926718711853, 0.6279672384262085, 0.5689263939857483, -1.3063900470733643, -0.20063960552215576, 0.368203729391098, 0.006055519450455904, -0.013168913312256336, 1.3203206062316895, -0.2557756006717682, 0.14643141627311707, 0.5039118528366089, 0.08783209323883057, -0.12168025225400925, -0.2594224810600281, -0.3466363549232483, 0.6598852872848511, 0.5345117449760437, -0.1458258330821991, -0.22373642027378082, 0.3727811574935913, 0.14718520641326904, -1.0109409093856812, 0.4729808568954468, -1.5474070310592651, 1.153564453125, -1.5078400373458862, 0.9080090522766113, -0.42488616704940796, 0.8676194548606873, 0.1034373790025711, 0.6983863115310669, 0.2411278635263443, 0.5927668809890747, -0.33222413063049316, -0.3908739984035492, 1.2959555387496948, -0.5991684198379517, -0.21227559447288513, 1.5308688879013062, 1.27177894115448, -1.677580714225769, 0.6954529881477356, -1.2001776695251465, -0.05315657705068588, -1.2714595794677734, -0.8391955494880676, 0.3580334782600403, -0.3043098747730255, 0.49771660566329956, -0.2526130974292755, 0.4250975549221039, -0.8332604765892029, -0.2574385702610016, 0.14858366549015045, 1.224152684211731, -0.2297157496213913, 0.6903808116912842, 0.45468437671661377, 0.4765976071357727, 1.5940170288085938, 0.06482479721307755, -0.3887191712856293, -0.9054062962532043]"
bullish,"[1.7644802331924438, -0.10222052782773972, -1.4384266138076782, -0.256409227848053, 0.5784238576889038, -0.5579324960708618, -0.14147375524044037, 1.0400913953781128, 0.9211186170578003, 0.1426972895860672, 1.3177077770233154, -1.6596524715423584, 0.09702122211456299, -0.30210840702056885, 1.6912542581558228, 0.23753836750984192, -0.6670992970466614, -0.8661158084869385, 1.4077274799346924, -1.8740909099578857, -0.15037505328655243, 0.3817487061023712, -0.4766233563423157, -0.32935595512390137, -0.38885560631752014, 0.07345908135175705, 0.5421020984649658, -0.17014151811599731, 0.15460574626922607, -0.7906261086463928, 0.6354957818984985, -0.07488936185836792, 0.3399832248687744, 1.5084525346755981, -1.3641505241394043, 0.8033642768859863, 0.028711505234241486, 1.2680622339248657, 0.11103354394435883, -1.1908727884292603, 0.14154601097106934, 0.013459973968565464, -0.2970428168773651, 0.1108403429389, 1.3602734804153442, 0.23799943923950195, -0.38735106587409973, 0.32826900482177734, -0.13674230873584747, -0.003968152683228254, -0.36176759004592896, -0.13111233711242676, 0.5142557621002197, 0.41642260551452637, -0.1277361959218979, -0.2074171006679535, -0.41239944100379944, -0.5513754487037659, -0.8954148888587952, 0.23530015349388123, -1.3979367017745972, 0.8153347373008728, -0.9921656847000122, 0.07672468572854996, 0.2606455981731415, 0.7258142232894897, -0.13001936674118042, 0.9346784949302673, -0.649769127368927, 0.5005715489387512, 0.004784633871167898, -0.6320217847824097, 0.5582669973373413, -0.18730399012565613, -0.12346570193767548, 0.3084695637226105, 0.8522734045982361, -1.8240549564361572, -0.16093358397483826, -1.3016400337219238, -0.17661665380001068, -0.797118067741394, -0.8349775671958923, 0.6785581707954407, 0.47456374764442444, 0.39311522245407104, -0.1990179866552353, -0.09653536230325699, -1.063132882118225, -0.4114871323108673, -0.17252974212169647, 1.0598756074905396, -0.29929882287979126, 1.2907562255859375, 0.15954658389091492, 0.08998618274927139, 1.0384597778320312, 0.845273494720459, -0.36270231008529663, -0.9173282384872437]"
optimistic,"[-0.6101388931274414, -1.8483436107635498, 0.3555363118648529, -0.20463773608207703, 0.3545706868171692, -0.9828112125396729, 0.09797137975692749, 0.3230404555797577, 0.6440903544425964, -0.4352213442325592, 0.45691627264022827, -0.19347435235977173, -1.4478222131729126, 0.23132707178592682, -0.3362703025341034, 1.033879041671753, 0.34667226672172546, -1.0052218437194824, -1.0341222286224365, -0.32080742716789246, 0.40888452529907227, 1.2988303899765015, -0.024416733533143997, 0.09428099542856216, 0.5034135580062866, 0.3209508955478668, -0.24679261445999146, 0.09580797702074051, 0.10070142894983292, 0.6250408887863159, -0.11370334774255753, -0.08427159488201141, 0.22037819027900696, -0.19945621490478516, -1.637441635131836, 1.0435043573379517, 0.7068005204200745, -0.6061123013496399, -1.1490910053253174, -0.32463908195495605, -0.4598277807235718, -0.265712171792984, 0.8635511994361877, 0.14243163168430328, 0.21008430421352386, -1.5060632228851318, -0.023508034646511078, 0.10794411599636078, 0.06651780009269714, -0.11201561242341995, -0.8772675395011902, 0.28529372811317444, 0.8318153023719788, -0.14070285856723785, -0.11708300560712814, -0.013704674318432808, 0.5851892232894897, 0.25022903084754944, -0.24761760234832764, -0.21574783325195312, 0.3350169360637665, 0.5207013487815857, 0.5317254066467285, -0.424704372882843, -1.2507091760635376, 1.519050121307373, 1.3591734170913696, 0.5441017746925354, 0.3076061010360718, 0.13895724713802338, -0.32345321774482727, -0.46791380643844604, 0.725834310054779, 1.1333508491516113, -0.6695764064788818, 1.0189625024795532, 0.9468964338302612, -0.07167690992355347, -1.2641148567199707, -0.980029284954071, 0.40380701422691345, 1.102074384689331, 0.07701840251684189, -0.4508962631225586, -0.6775310635566711, 0.18053799867630005, -0.24150978028774261, -0.5940456390380859, -0.7010012865066528, -0.09529715031385422, 1.2360783815383911, 0.5242725610733032, 0.32281526923179626, 0.12167537957429886, 0.19543300569057465, 0.6596000790596008, 0.6733072996139526, 0.3409639000892639, 0.20109064877033234, 0.04887746647000313]"
innovation,"[-0.1602497547864914, -1.3755896091461182, 0.6185078620910645, -0.2408689558506012, 0.2946372926235199, -1.3066691160202026, -0.2520787715911865, 0.6702274680137634, 1.1393587589263916, -0.851414144039154, 0.8078516721725464, 0.1646486073732376, -1.4031522274017334, -0.073404960334301, -0.3983650803565979, 1.3980752229690552, 0.39955946803092957, -0.7896768450737, -0.33933576941490173, -0.29404351115226746, 0.7141643166542053, 1.3937859535217285, -0.3806951940059662, -0.1394503116607666, 0.5094400644302368, 0.4337061643600464, -0.17095781862735748, -0.4511035084724426, -0.01449874322861433, 0.816663920879364, -0.661451518535614, -0.3775486946105957, 0.10766487568616867, -0.41479018330574036, -1.5757392644882202, 1.0021744966506958, 0.5646081566810608, -0.6010239124298096, -0.8502230644226074, -0.46294695138931274, -0.5483238101005554, -0.3858063220977783, 1.0502841472625732, 0.4427525997161865, 0.745556116104126, -1.3100330829620361, -0.11050700396299362, -0.08393397182226181, -0.3678041696548462, 0.12904302775859833, -1.0125747919082642, 0.30146610736846924, 0.9906666874885559, -0.12297175079584122, 0.49863874912261963, -0.3450074791908264, 0.3696616590023041, 0.8352781534194946, -0.26124271750450134, -0.6989372372627258, 0.36836928129196167, 0.35644468665122986, 0.3663438856601715, -0.13135890662670135, -0.8523142337799072, 1.2547136545181274, 1.4382892847061157, 0.9894450902938843, 0.43517202138900757, 0.4914632737636566, -0.7202966809272766, -0.4763686954975128, 0.9466626644134521, 0.7773809432983398, -0.4041455090045929, 1.1354330778121948, 1.0391491651535034, -0.2529793977737427, -1.3739078044891357, -1.0757578611373901, 0.5067198276519775, 0.8201226592063904, 0.03657909482717514, 0.18387381732463837, -0.5721974968910217, 0.10510238260030746, -0.2689235210418701, -0.5619416236877441, -1.0354524850845337, 0.14133602380752563, 0.7816684246063232, 0.7585253119468689, 0.4762115478515625, 0.9885659217834473, 0.16917070746421814, 0.3423917591571808, 0.5061317086219788, 0.49468809366226196, -0.16859327256679535, 0.21226099133491516]"
drives,"[-0.35714244842529297, -1.7980750799179077, 0.3487674295902252, -0.5118109583854675, 0.4399558901786804, -1.2755521535873413, 0.2649420201778412, 0.00028175642364658415, 0.8719031810760498, -0.3470539152622223, 0.6459918022155762, -0.39094170928001404, -1.8076584339141846, 0.29519715905189514, -0.10493212938308716, 1.2515584230422974, -0.5155009031295776, -1.0908948183059692, -0.2231285572052002, -0.1952258050441742, 0.8377285003662109, 1.2512212991714478, -0.23965264856815338, 0.024208759889006615, 0.37545785307884216, 0.016299884766340256, 0.06614447385072708, 0.010323777794837952, -0.018786834552884102, 0.24879510700702667, 0.6553587317466736, -0.2737727165222168, 0.2067733258008957, 0.3232726752758026, -1.7624331712722778, 0.37967097759246826, 0.6161073446273804, -0.6263995170593262, -1.5788583755493164, -0.08711268752813339, -0.5478097796440125, -0.43330979347229004, 0.8225035667419434, 0.3462051749229431, 0.1962757408618927, -1.424552083015442, -0.220625638961792, 0.1816844344139099, -0.058004170656204224, 0.14718779921531677, -1.2597342729568481, 0.5387260317802429, 1.3048932552337646, -0.41450583934783936, -0.19054242968559265, 0.009315930306911469, 0.36943310499191284, 0.32399147748947144, -0.4499838948249817, -0.2267315685749054, 0.10093937814235687, 0.8760458827018738, 0.6649846434593201, 0.14830878376960754, -1.1302721500396729, 1.2992260456085205, 1.13853919506073, 0.8388763666152954, 0.2465071976184845, 0.4053102731704712, -0.3660828769207001, -0.5251972675323486, 1.0855635404586792, 0.9906833171844482, -0.856376051902771, 0.4885419011116028, 1.2864506244659424, -0.5098771452903748, -1.2046191692352295, -1.0755914449691772, 0.48200443387031555, 0.23241466283798218, -0.6670485734939575, -0.27033454179763794, -0.5766233801841736, 0.12245678901672363, 0.11470615118741989, -0.7425585985183716, -0.8312946557998657, -0.2645929753780365, 1.3218021392822266, 0.49245530366897583, 0.0374380387365818, 0.18820635974407196, 0.04778673127293587, 0.9752285480499268, 0.6735493540763855, 0.3841593265533447, 0.20105144381523132, 0.003988104406744242]"
initiative,"[-0.15602585673332214, -1.4527209997177124, 0.21265047788619995, -0.277516633272171, 0.39013949036598206, -0.9147612452507019, 0.2426106184720993, 0.3952229619026184, 0.97393399477005, -0.599515974521637, 0.5231724381446838, -0.5710275769233704, -1.4578322172164917, 0.07663951814174652, -0.12200121581554413, 1.253028154373169, 0.45341405272483826, -0.8484295010566711, -0.33434319496154785, -0.5015199184417725, 0.7799708843231201, 1.679611086845398, -0.27888283133506775, -0.3716374933719635, 0.16341693699359894, 0.6691718697547913, -0.23790666460990906, -0.02609134092926979, 0.21735653281211853, 0.47028324007987976, -0.23997949063777924, -0.17632612586021423, -0.33704566955566406, 0.1137610524892807, -1.7572121620178223, 0.8316318392753601, 0.719456136226654, -0.421384334564209, -1.1352983713150024, -0.20249663293361664, -0.40185341238975525, -0.29385659098625183, 1.2108025550842285, -0.01591637171804905, 0.6406034827232361, -1.2907081842422485, -0.6708219051361084, -0.20165662467479706, 0.09206725656986237, -0.2619490325450897, -1.150404453277588, 0.32230618596076965, 1.2992796897888184, -0.704448401927948, 0.6599614024162292, -0.5877974033355713, 0.40273380279541016, 0.8082758784294128, -0.5056864619255066, -0.4991055727005005, -0.08617008477449417, 0.5441842079162598, 0.13012300431728363, -0.1766081005334854, -0.8311827778816223, 1.2751035690307617, 0.8331930637359619, 0.5580586194992065, 0.023609580472111702, -0.016950661316514015, -1.1115355491638184, -0.8606788516044617, 1.046665906906128, 0.2931439280509949, -0.7254116535186768, 1.0572922229766846, 1.2209205627441406, -0.03313806653022766, -1.2515223026275635, -0.8691439628601074, 0.10650452971458435, 0.4769216477870941, -0.039613012224435806, 0.2986997067928314, -0.22343569993972778, 0.10596255213022232, -0.523015558719635, -0.8765184879302979, -0.5159485340118408, 0.1784801483154297, 1.3825438022613525, 1.1784729957580566, 0.4327135980129242, 0.5422782897949219, 0.32062584161758423, 0.6549925208091736, 0.4675435721874237, 0.43811124563217163, 0.1192697063088417, 0.48026013374328613]"
high,"[0.30140817165374756, -0.5851002335548401, -0.25635862350463867, 0.6733642816543579, 0.8724766969680786, 0.20355874300003052, -0.45007967948913574, 0.026217514649033546, -1.3898050785064697, -0.6590026021003723, -0.7139156460762024, -0.02720947377383709, -1.383300542831421, 1.0165218114852905, -0.2133547067642212, 1.1010632514953613, -1.757816195487976, -1.0495924949645996, 1.1037187576293945, -0.9152188301086426, -0.17355427145957947, 1.270540475845337, -0.27197912335395813, 0.27626076340675354, -0.6306939125061035, 0.395112544298172, -1.0392817258834839, 0.1418420821428299, 0.055387724190950394, 1.3410605192184448, 1.0720547437667847, 0.3984071910381317, -0.00772662740200758, 0.0613725371658802, -1.089760184288025, 0.7648022770881653, 0.36396563053131104, 0.6208739280700684, -1.8884373903274536, 0.5699227452278137, 0.1432834416627884, -0.55703204870224, -0.27005162835121155, -0.10168527811765671, 0.29011714458465576, -1.1511536836624146, 0.5455783009529114, -0.523478627204895, 0.2688341438770294, 0.7901979684829712, -0.2500229775905609, -2.204131603240967, 0.637590229511261, 0.2699616551399231, 0.37323424220085144, -0.7356953024864197, -0.22693553566932678, 0.32365384697914124, 0.17622028291225433, 0.12195726484060287, 0.6276770234107971, 0.2878344655036926, -0.28439638018608093, -0.10446042567491531, 0.3230634331703186, -0.059594109654426575, -0.8488330841064453, 0.0160201508551836, 0.6073248386383057, 1.0945535898208618, -1.2692649364471436, -0.5176456570625305, -0.436024010181427, -0.9883363842964172, -0.9171838760375977, -0.7687484622001648, -0.5393202900886536, 0.3219027519226074, 0.31970271468162537, 0.6298258900642395, 0.010710684582591057, -0.13151788711547852, -0.07016845047473907, 0.8555370569229126, 0.006831524893641472, 0.0026415532920509577, -0.05407623201608658, 0.48844969272613525, -0.21932241320610046, 1.5358381271362305, 1.606400966644287, 0.8734367489814758, -0.2247978299856186, 0.7398326396942139, -0.2288835197687149, -0.6535085439682007, 0.587880551815033, 0.258891224861145, 0.17621658742427826, 0.10737558454275131]"
alltime,"[0.009126182645559311, -1.0000790357589722, -0.22750738263130188, 0.1671351194381714, 0.7558839917182922, 0.443915456533432, -0.20981818437576294, 0.5587059259414673, -1.9438416957855225, -0.14151571691036224, -0.4153366982936859, -0.5822252035140991, -1.0124807357788086, 1.1494334936141968, -0.9975460171699524, 0.8393007516860962, -1.9709725379943848, -1.1812102794647217, 1.3323893547058105, -0.9187002182006836, -0.24693289399147034, 1.2000154256820679, 0.7597313523292542, -0.08082283288240433, -0.1298931986093521, 0.11065040528774261, -1.1543124914169312, 0.17257094383239746, -0.097711943089962, 0.8344622850418091, 0.14689986407756805, -0.45547449588775635, -0.34156450629234314, 0.7002451419830322, -0.9369994401931763, 1.199772596359253, -0.9682299494743347, 1.2040066719055176, -1.71625554561615, 0.8384771943092346, 0.66504967212677, -0.1873559057712555, 0.3544192314147949, 0.3601679801940918, 0.9581713676452637, -0.7126285433769226, 0.39910197257995605, -0.20951834321022034, 0.2912573218345642, 0.8483466506004333, -0.6841637492179871, -1.9619534015655518, 0.5135762691497803, -0.38845545053482056, 0.15333765745162964, -0.7987346053123474, -0.17882885038852692, 0.4647705852985382, -0.11923083662986755, 0.794849693775177, 0.22384849190711975, -0.12882356345653534, 0.1594175100326538, 0.10444596409797668, 0.48695898056030273, -0.15201778709888458, -0.31248828768730164, 0.17969056963920593, 0.2397005409002304, 1.0715066194534302, -1.3754987716674805, -0.36336958408355713, -0.3329606056213379, -0.8535535931587219, -0.9464523196220398, -0.32014644145965576, -0.2625114917755127, -0.07911614328622818, 0.6596886515617371, -0.2883732318878174, -0.14272496104240417, -0.3700505495071411, -0.315091609954834, 0.9221365451812744, -0.3189580738544464, 0.026686538010835648, 0.3580895662307739, 0.22470535337924957, -0.3695904314517975, 1.974225401878357, 1.3477537631988525, 0.3893236815929413, -0.38628992438316345, 1.2130091190338135, -0.28865212202072144, -0.6159458160400391, -0.049820832908153534, 0.8665187358856201, 0.33584749698638916, 0.3034811019897461]"
hits,"[0.033009011298418045, -1.0776267051696777, -0.11042635142803192, 0.8066751956939697, 0.76502525806427, 0.2408769428730011, -0.2967072129249573, 0.12133048474788666, -1.9597313404083252, -0.31268996000289917, -0.8670633435249329, -0.25568345189094543, -0.759537935256958, 1.1138306856155396, -0.48535090684890747, 0.6255824565887451, -2.0763940811157227, -0.3343619108200073, 0.904604971408844, -0.6574445366859436, 0.07015301287174225, 0.8181766867637634, -0.059856023639440536, -0.1214902251958847, -0.7627237439155579, 0.4490736722946167, -1.0163763761520386, -0.07002993673086166, 0.06484310328960419, 0.67715984582901, 0.6736263632774353, 0.07409241050481796, 0.1370101422071457, 0.5687482357025146, -0.9319927096366882, 0.7345751523971558, -0.049727167934179306, 0.7732771039009094, -1.9728893041610718, 0.9746793508529663, 0.6078222393989563, -0.4587908685207367, -0.17458583414554596, 0.23327091336250305, 0.6893990635871887, -0.9587801694869995, 0.5428091883659363, -0.8988003730773926, 0.44311147928237915, 0.5285274386405945, -0.3460782468318939, -2.398818016052246, 0.5338581204414368, -0.012313519604504108, 0.3428357243537903, -0.9702791571617126, -0.6008480191230774, 0.1923002302646637, 0.02098156325519085, 0.6468457579612732, 0.6220613718032837, 0.45106810331344604, 0.0875432938337326, -0.26298001408576965, 0.22991836071014404, -0.29344668984413147, -0.9211615920066833, 0.5159801244735718, 0.21799524128437042, 1.7961002588272095, -1.5638731718063354, -1.105667233467102, -0.3621148467063904, -0.8749035000801086, -0.920764684677124, -0.5821027755737305, -0.34561973810195923, 0.2702515721321106, -0.05799795687198639, 0.4578183591365814, 0.035470325499773026, -0.5451979637145996, -0.3826681077480316, 0.7725266814231873, -0.17319338023662567, -0.14530977606773376, 0.09613936394453049, -0.13806693255901337, -0.595931887626648, 1.3966350555419922, 1.3726528882980347, 0.9455448389053345, 0.14548012614250183, 1.3944978713989258, -0.19662722945213318, -0.613612949848175, 0.35610195994377136, 0.46751052141189575, 0.28283289074897766, 0.3344530761241913]"
leads,"[-0.14273829758167267, -0.924182116985321, 0.260983407497406, 0.5636183023452759, 0.3754999339580536, -0.06350908428430557, -0.12768948078155518, 0.02414063736796379, -2.1640210151672363, -0.23041944205760956, -0.5885090231895447, 0.14710494875907898, -1.8014732599258423, 0.9506223797798157, -1.0836241245269775, 0.3988925814628601, -2.3027849197387695, -0.7072277665138245, 0.5680984854698181, -0.536469042301178, -0.021498683840036392, 0.7564562559127808, 0.04530914127826691, 0.4754441976547241, -0.8446131944656372, -0.18556316196918488, -0.6660171151161194, -0.5087989568710327, 0.6373766660690308, 0.6437820196151733, 0.3632380962371826, -0.8367213010787964, 0.9233500361442566, 0.13818210363388062, -1.1275749206542969, 0.36917349696159363, -0.31702905893325806, 1.3471033573150635, -1.9963020086288452, 0.20068815350532532, 0.4045097827911377, -0.5800594091415405, -0.44714123010635376, 1.02845299243927, 0.8542100787162781, -1.0046709775924683, 0.21220873296260834, -0.6047720313072205, 0.3563573658466339, 0.5844302773475647, -1.109462857246399, -2.4277503490448, 0.9247823357582092, -0.14098818600177765, 0.437722772359848, -0.9381853342056274, -0.45525938272476196, -0.429381787776947, 0.7749108672142029, 1.0323245525360107, 0.9180619120597839, 0.6530570387840271, -0.12004780024290085, -0.25228798389434814, 0.07817010581493378, 0.17362377047538757, -0.9000818729400635, 0.10670608282089233, -0.21271397173404694, 1.058289647102356, -2.0207347869873047, -0.6317537426948547, -0.5795419216156006, -0.6283338069915771, -0.6123203635215759, -0.9622608423233032, -0.22717957198619843, 0.8320610523223877, 0.45047274231910706, -0.11483003199100494, 0.9627219438552856, -0.13321730494499207, -0.7651192545890808, 0.9168059825897217, -0.32235270738601685, 0.051495738327503204, -0.000937348697334528, 0.12409136444330215, -1.1993684768676758, 1.2456936836242676, 1.3013458251953125, 0.6451064348220825, 0.1864623725414276, 0.9109393954277039, 0.5970471501350403, -0.13388989865779877, 0.7125054597854614, 0.6376602053642273, 0.004918491933494806, 0.6967492699623108]"
contracts,"[-0.9665862917900085, -0.15087181329727173, 0.4177395701408386, -0.5676482319831848, 0.5679820775985718, -1.2816270589828491, 0.40557006001472473, 0.15458987653255463, -0.4944060742855072, 0.3349464535713196, -0.18579046428203583, -0.07530959695577621, 0.3607684075832367, -0.28505656123161316, 0.788486123085022, 0.24800053238868713, 0.3657972812652588, -0.8825235962867737, -1.0745493173599243, -0.6913241147994995, 0.19350238144397736, 0.22380177676677704, 0.11562051624059677, 0.45888447761535645, -0.1778084933757782, -0.061529770493507385, -0.20102298259735107, -0.14423306286334991, 0.17065855860710144, 0.02601037174463272, 0.5573950409889221, -0.26343727111816406, -0.25038111209869385, -0.8771348595619202, 0.07729605585336685, 0.9705392718315125, -0.01583779789507389, -0.06712651252746582, 0.08917027711868286, -0.21795202791690826, -0.2758784592151642, -0.7617459893226624, -1.065539002418518, 0.5081061124801636, -0.08316012471914291, 0.7011963725090027, 0.025395654141902924, 0.6052994728088379, 0.7102352380752563, -0.6453673839569092, -0.16389642655849457, 0.07766895741224289, 0.12296906113624573, 0.5874926447868347, -1.0608593225479126, 0.191405788064003, 0.06216021999716759, 0.08203323930501938, -0.1780170351266861, 0.6831727027893066, -0.23676908016204834, 0.09394215047359467, 0.47486597299575806, 0.5376845598220825, -0.3721758723258972, 0.04119284451007843, 0.5243836045265198, 0.43831372261047363, -0.28652405738830566, 0.08959481120109558, -0.9347557425498962, -0.005570806097239256, -0.4207800626754761, -0.8757543563842773, 0.8245782852172852, 0.8165728449821472, 0.18085984885692596, 0.43393656611442566, -0.4903643727302551, -0.11893633753061295, -0.3934604823589325, 0.4496026635169983, 0.030935106799006462, 0.6709749102592468, -0.734752893447876, -0.33956384658813477, -0.4065459966659546, 0.7040687799453735, 0.22966797649860382, -0.37331295013427734, 0.5702670812606812, -0.01795828342437744, -0.0021389005705714226, 0.2118133008480072, 0.2806026339530945, 0.13696381449699402, 1.0004220008850098, -0.26358914375305176, 0.14777077734470367, 0.7312906980514526]"
grow,"[-1.0228136777877808, -0.3480077385902405, 0.6780709624290466, -0.8189027309417725, 0.6227322220802307, -1.4481509923934937, 0.5245410203933716, -0.0035035917535424232, -0.7947604060173035, -0.20543673634529114, -0.6068741083145142, -0.12012211233377457, -0.211696594953537, -0.40652769804000854, 0.9066872596740723, 0.03996316343545914, 0.3286707103252411, -0.9595404267311096, -1.2182163000106812, -0.7096270322799683, 0.14489087462425232, 0.5242428779602051, 0.14344242215156555, 0.4610799252986908, -0.13931579887866974, 0.10366172343492508, -0.5176063776016235, -0.41058075428009033, -0.25374680757522583, -0.2599034607410431, 0.874325692653656, 0.24515661597251892, -0.09109768271446228, -0.9562649726867676, 0.20125502347946167, 0.6663563251495361, 0.2374403178691864, 0.19760321080684662, 0.3485089838504791, -0.3726350963115692, 0.12250358611345291, -0.9810693264007568, -1.2044248580932617, 0.23529572784900665, 0.13565504550933838, 0.7023422718048096, 0.37670472264289856, 0.9767518043518066, 0.8240610957145691, -0.14622537791728973, -0.20092728734016418, -0.20603840053081512, 0.3158425986766815, 0.2320936620235443, -0.9479344487190247, 0.6855677366256714, 0.200855553150177, 0.14100675284862518, 0.3759268820285797, 0.7139887809753418, 0.08110234141349792, 0.4399009346961975, 0.5127973556518555, 0.44982802867889404, -0.13533981144428253, 0.36014536023139954, 0.23420773446559906, 0.2703878879547119, -0.15692093968391418, 0.20142865180969238, -0.8913492560386658, 0.28988930583000183, -0.4763154685497284, -1.0175572633743286, 1.0679354667663574, 0.9945138692855835, 0.17441493272781372, 0.19313694536685944, -0.22974474728107452, 0.2784384787082672, -0.3463088274002075, 0.6210173964500427, -0.23388412594795227, 0.93315589427948, -0.7621798515319824, -0.37741947174072266, -0.36122822761535645, 0.6226645112037659, 0.29682931303977966, 0.07810445874929428, 0.5942018628120422, -0.0783272311091423, -0.17584443092346191, 0.3310951590538025, 0.12075279653072357, 0.49465999007225037, 0.8262026309967041, -0.121852807700634, -0.13556450605392456, 0.8512841463088989]"
fears,"[-1.1712703704833984, -0.2926090955734253, 0.6736593246459961, -0.5254364013671875, 0.3372310996055603, -1.4925684928894043, 0.6450027227401733, 0.44175735116004944, -0.3754424452781677, 0.33862072229385376, 0.04678141698241234, -0.06812143325805664, 0.22852416336536407, -0.22042131423950195, 0.8148607611656189, 0.36196866631507874, 0.14696893095970154, -1.1553627252578735, -1.0261118412017822, -1.100563406944275, -0.18539530038833618, 0.07721816748380661, 0.5077163577079773, -0.07359820604324341, 0.0835343524813652, 0.19015690684318542, -0.6029689908027649, -0.23495301604270935, 0.3894132077693939, 0.00829403381794691, 0.3057097792625427, -0.36941003799438477, -0.025606559589505196, -1.1318618059158325, 0.38191351294517517, 0.7085268497467041, 0.3775451183319092, 0.3036161959171295, 0.03665073588490486, 0.027603987604379654, -0.20025107264518738, -0.8701640963554382, -1.1714866161346436, 0.1995929330587387, 0.11823946982622147, 0.5551829934120178, 0.31427493691444397, 0.7035221457481384, 0.6007122993469238, -0.5435913801193237, -0.31061339378356934, 0.16880792379379272, 0.18224021792411804, 0.7831465601921082, -1.0472228527069092, 0.593342661857605, -0.04058018699288368, -0.12869644165039062, -0.16392363607883453, 0.8366315364837646, -0.2918531000614166, -0.2066577821969986, 0.5306382775306702, 0.6541408896446228, -0.5221991539001465, -0.10157278925180435, 0.35133400559425354, 0.47863519191741943, 0.14198212325572968, 0.045981310307979584, -1.1459170579910278, 0.4841999411582947, -0.2494213581085205, -0.8898300528526306, 0.8999961018562317, 0.6589760780334473, 0.2057301551103592, 0.48746365308761597, -0.9052976369857788, 0.40553221106529236, -0.2285471111536026, 0.547603189945221, -0.03359231352806091, 0.5120019316673279, -0.4303474426269531, -0.23791708052158356, -0.5235984325408936, 0.9064035415649414, 0.031545836478471756, -0.323325514793396, 0.4070059359073639, -0.04430346190929413, 0.030585877597332, 0.21332257986068726, 0.7035161852836609, 0.21326430141925812, 0.9293385148048401, -0.03854192793369293, -0.004518404603004456, 0.8962128162384033]"
recession,"[-0.8371320962905884, -0.25745609402656555, 0.5508954524993896, -0.4801247715950012, 0.4880128800868988, -1.2768645286560059, 0.2455482929944992, -0.1147507056593895, -0.8181203007698059, 0.05777615308761597, -0.5511713624000549, -0.20779633522033691, 0.2773168385028839, -0.3104863464832306, 0.6601985096931458, 0.17722904682159424, 0.4952552616596222, -0.9427155256271362, -1.0034592151641846, -0.3328520953655243, 0.6277075409889221, 0.442064493894577, 0.1935144066810608, 0.414278507232666, -0.3646039068698883, -0.0690990537405014, -0.1640910506248474, -0.011994421482086182, 0.05059859901666641, -0.10024118423461914, 0.8167774081230164, -0.07739855349063873, -0.5100218057632446, -0.9382674098014832, 0.02901134267449379, 0.8585983514785767, 0.002575949765741825, -0.2326602190732956, 0.14002680778503418, -0.44212833046913147, -0.09254805743694305, -0.7113446593284607, -0.8559610247612, 0.35306450724601746, -0.28461766242980957, 0.6075289249420166, 0.022486766800284386, 0.809486448764801, 0.7687516212463379, -0.44356629252433777, 0.09209655970335007, -0.11609163880348206, 0.3552473485469818, 0.3919379711151123, -1.1213667392730713, 0.22190293669700623, 0.11179251968860626, 0.31192734837532043, 0.07227948307991028, 0.6969972252845764, -0.12321010231971741, 0.28884032368659973, 0.4831235706806183, 0.32424822449684143, -0.32448139786720276, 0.277372807264328, 0.5140059590339661, 0.3814195692539215, -0.3970210552215576, 0.2558422088623047, -0.8940559029579163, 0.010593716986477375, -0.28965815901756287, -0.9918879866600037, 0.9736515283584595, 0.7469788193702698, 0.29261156916618347, 0.3231222331523895, -0.24813435971736908, -0.05333450436592102, -0.5001144409179688, 0.7240081429481506, -0.15533088147640228, 0.6481816172599792, -0.8573424816131592, -0.4826049506664276, -0.39855778217315674, 0.6735765933990479, 0.3495916724205017, -0.21396295726299286, 0.5963006019592285, -0.20633791387081146, -0.10524030029773712, 0.018116919323801994, -0.09424614906311035, 0.3185024559497833, 1.0365641117095947, -0.29769080877304077, 0.2986852526664734, 0.8352578282356262]"
slide,"[-0.5191359519958496, -0.7715675234794617, 0.8609859347343445, 0.5404674410820007, 0.2009308785200119, -0.3646951913833618, 0.7164475917816162, 0.25276869535446167, -1.059279203414917, -0.10973886400461197, -0.7984063625335693, -0.1844652146100998, -0.632339596748352, -0.11903440952301025, -0.957293689250946, 0.2626928985118866, 0.22445181012153625, -0.8963210582733154, 0.0014016651548445225, -0.0880439355969429, 0.0038723773322999477, -0.533062756061554, 0.24831673502922058, -0.4184107482433319, -0.46275851130485535, -0.765261709690094, 0.14442801475524902, 0.35896873474121094, 0.34722092747688293, -0.11606331169605255, 0.3192324638366699, -0.3983425498008728, 0.733772873878479, -0.15851180255413055, -0.3256571292877197, 0.4428735673427582, 0.5989706516265869, -0.5237210392951965, -0.34346893429756165, -0.5230892300605774, 0.07864012569189072, -0.31019720435142517, -0.6660969257354736, 1.0597202777862549, 0.6458758115768433, -0.44420748949050903, -0.0577387660741806, 0.5032044053077698, 0.593468427658081, 0.33588871359825134, 0.5774857997894287, -0.3505297899246216, 0.2075895071029663, -0.07212316989898682, -0.08316083252429962, 0.6937196254730225, 0.37353384494781494, -0.284365177154541, -0.24009761214256287, 0.9358150362968445, -0.5727888941764832, -0.2014128714799881, 0.3746572434902191, -0.9789462089538574, -0.9297544956207275, 0.1451171636581421, 0.21060937643051147, 0.4366099238395691, -0.4258902668952942, 0.08200805634260178, -0.11289090663194656, 0.5170747637748718, -0.1574743241071701, -0.0638018324971199, 0.26428577303886414, -0.7011604905128479, -0.5401718020439148, 0.5988410115242004, -1.0180851221084595, 0.534533679485321, -0.0701369047164917, 1.4080694913864136, -0.032140232622623444, 0.5736668109893799, -0.15751753747463226, 0.45433521270751953, 0.5437196493148804, 0.6230127811431885, 0.09217723459005356, -0.47273334860801697, -0.09266576170921326, 0.3980039358139038, 0.09295372664928436, -0.6704601049423218, 0.9224744439125061, 0.0837644413113594, 0.5453125834465027, -0.3169732987880707, 0.49394872784614563, 0.8270196914672852]"
stocks,"[-0.487166166305542, -0.8742973208427429, 0.66827791929245, 0.8265547156333923, 0.07682784646749496, -0.37327152490615845, 0.5675213932991028, 0.20685432851314545, -1.097333312034607, -0.20862644910812378, -0.543829083442688, -0.5840020179748535, -1.0243934392929077, -0.2680790424346924, -1.2217637300491333, -0.0012239133939146996, 0.15155887603759766, -0.5509486794471741, 0.28024324774742126, -0.2768612205982208, 0.0865715965628624, -0.40388742089271545, -0.060523729771375656, 0.010074063204228878, -0.546082079410553, -0.48654261231422424, -0.08302639424800873, 0.3576497435569763, 0.47631943225860596, -0.6402778625488281, 0.7007493376731873, -0.2233639508485794, 0.6017978191375732, -0.5396785736083984, -0.431934654712677, -0.01310455147176981, 0.5510736107826233, -0.21775904297828674, -0.3090766966342926, -0.7176498174667358, 0.08647843450307846, -0.33855491876602173, -0.7436033487319946, 0.7849766612052917, 0.5612437725067139, -0.4965815544128418, 0.008892417885363102, 0.1763542741537094, 0.661655068397522, 0.5777105689048767, 0.7947686910629272, -0.6932840347290039, -0.2655040919780731, 0.3798888623714447, -0.3748033046722412, 0.843878984451294, 0.3849250078201294, 0.016166118904948235, 0.00979713536798954, 1.1826316118240356, -0.3853393495082855, -0.1358197033405304, 0.7088272571563721, -1.0131778717041016, -1.0745160579681396, 0.2459862381219864, -0.016641519963741302, 0.26480892300605774, -0.5293949842453003, 0.3724279999732971, -0.07433295994997025, 0.6725462675094604, 0.269639253616333, -0.25499090552330017, 0.5888320803642273, -0.757832944393158, -0.1426696628332138, 0.5169385671615601, -1.3075196743011475, 0.5986679196357727, 0.17813435196876526, 1.2963975667953491, -0.2685241997241974, 0.22017861902713776, 0.030295435339212418, 0.5642086863517761, 0.7929364442825317, 0.6275824308395386, 0.32283592224121094, -0.4337608218193054, -0.43172067403793335, 0.3981136679649353, 0.5100980401039124, -0.6989704966545105, 1.135077953338623, -0.16654448211193085, 0.5181268453598022, 0.09603199362754822, 0.7624347805976868, 0.44738131761550903]"
escalate,"[-0.3222346007823944, -0.6440815329551697, 0.9401119947433472, 0.7547666430473328, 0.14488235116004944, -0.5803936719894409, 0.6983347535133362, 0.16507084667682648, -1.215018630027771, -0.2792317271232605, -0.9672926664352417, -0.39827466011047363, -0.900090217590332, 0.09983018040657043, -1.1453291177749634, -0.0033950854558497667, 0.08400016278028488, -0.685164749622345, -0.377155601978302, -0.03470982238650322, -0.09878158569335938, -0.6300292611122131, -0.14424383640289307, -0.4098740518093109, -0.6898894309997559, -0.7780417799949646, 0.007256155367940664, 0.3101659119129181, 0.2409190833568573, -0.19758357107639313, 0.5093589425086975, -0.413411945104599, 0.9432612061500549, -0.32774749398231506, -0.4187382459640503, 0.46920064091682434, 0.7431390881538391, -0.5757205486297607, -0.3611437976360321, -0.4957270920276642, 0.37929779291152954, -0.31330886483192444, -0.6511942148208618, 0.7223153710365295, 0.8401572704315186, -0.4261123239994049, 0.1689745932817459, 0.22286197543144226, 0.6305755376815796, 0.3245532214641571, 0.759054958820343, -0.6000667810440063, -0.03321828320622444, -0.13044853508472443, -0.157435342669487, 0.7419697642326355, 0.511080801486969, -0.22038143873214722, -0.18905150890350342, 1.07048499584198, -0.6759734153747559, -0.4067036807537079, 0.7173383831977844, -1.1247763633728027, -1.1960705518722534, 0.24680019915103912, 0.18525199592113495, 0.2554152309894562, -0.5870779752731323, 0.06410110741853714, -0.15323705971240997, 0.5291071534156799, -0.18445362150669098, 0.1704036146402359, 0.3992607593536377, -0.4817832410335541, -0.24562156200408936, 0.3402288854122162, -1.1944193840026855, 0.5018366575241089, 0.040809694677591324, 1.6214909553527832, 0.031309619545936584, 0.7325554490089417, -0.19227144122123718, 0.6606453657150269, 0.4826955199241638, 0.4933585524559021, 0.06782559305429459, -0.20561760663986206, -0.12842635810375214, 0.3253222703933716, 0.47204646468162537, -0.7888200879096985, 0.986565887928009, 0.0861850157380104, 0.46591606736183167, 0.0136179830878973, 0.8345092535018921, 0.784999668598175]"
tensions,"[-0.566048264503479, -0.8448749780654907, 0.8216500282287598, 0.8916305303573608, -0.10276954621076584, -0.23785969614982605, 0.9839169383049011, 0.22519053518772125, -1.0212368965148926, -0.0019998187199234962, -0.7509563565254211, -0.26497602462768555, -1.0003681182861328, -0.13830845057964325, -0.765571653842926, 0.329485148191452, 0.1622282862663269, -0.8898261785507202, 0.31834232807159424, -0.21873052418231964, 0.2672126591205597, -0.06725478917360306, 0.1811046451330185, -0.30601856112480164, -0.1294475644826889, -0.5258761048316956, 0.016877789050340652, 0.4959016442298889, 0.46077826619148254, -0.35981300473213196, 0.5996012687683105, -0.41225752234458923, 0.47677919268608093, 0.01865703985095024, -0.43182873725891113, 0.2061532437801361, 0.8412055969238281, -0.1703658252954483, -0.2777032256126404, -0.7930368781089783, 0.0010566490236669779, -0.4034183621406555, -0.7594891786575317, 1.1352835893630981, 0.510959804058075, -0.7537441253662109, 0.18853160738945007, 0.4321191608905792, 0.5705397129058838, 0.24650508165359497, 0.9178271889686584, -0.3622874319553375, -0.00012645938841160387, 0.17289842665195465, -0.39340993762016296, 0.7572036981582642, 0.4344608187675476, 0.05618264526128769, -0.2023649513721466, 0.8957026600837708, -0.3282419443130493, -0.22964826226234436, 0.5475844144821167, -1.1028122901916504, -0.7246851921081543, 0.18491271138191223, 0.2297665923833847, 0.5544726252555847, -0.6536516547203064, 0.25370916724205017, 0.011330030858516693, 0.6160252690315247, -0.175052210688591, -0.307396799325943, 0.5517474412918091, -0.730137825012207, -0.4536924362182617, 0.6823307871818542, -1.1301146745681763, 0.7218641638755798, 0.020212698727846146, 1.3231863975524902, -0.2997362017631531, 0.5927652716636658, 0.18848124146461487, 0.22651174664497375, 0.8691638708114624, 0.6675894856452942, 0.414908766746521, -0.731406569480896, -0.22945787012577057, 0.6488925814628601, 0.04358283802866936, -0.7473108172416687, 1.090566635131836, -0.07188699394464493, 0.6447431445121765, -0.28919658064842224, 0.7898181080818176, 0.6832001209259033]"
trade,"[-0.5215025544166565, -0.751934289932251, 0.6697856783866882, 0.4658038914203644, 0.5012260675430298, -0.5245101451873779, 0.44869130849838257, 0.34912121295928955, -1.1778894662857056, -0.12579119205474854, -0.5467973947525024, -0.4868820607662201, -0.4617936909198761, -0.3149610161781311, -1.3043506145477295, 0.02272466942667961, 0.2654902935028076, -0.7530408501625061, 0.07516109943389893, -0.34082701802253723, -0.03743081912398338, -0.8524864912033081, 0.29341214895248413, -0.2751199007034302, -0.9066169261932373, -0.7997588515281677, 0.1934816539287567, 0.18778614699840546, 0.3287278711795807, -0.41364786028862, 0.4227510392665863, -0.2640240490436554, 0.7474097609519958, -0.5263842344284058, -0.2606447637081146, 0.3554089069366455, 0.24451494216918945, -0.5915778279304504, -0.35310080647468567, -0.5688592791557312, 0.12343782186508179, -0.3848288357257843, -0.6714282035827637, 0.9019511342048645, 0.6478681564331055, -0.19271481037139893, -0.3804134726524353, 0.29832038283348083, 0.810743510723114, 0.5661263465881348, 0.393058180809021, -0.4153052270412445, 0.07905042916536331, 0.13969862461090088, -0.005408980417996645, 0.8211193680763245, 0.3263048827648163, -0.3977062702178955, -0.22429262101650238, 1.06691575050354, -0.6149820685386658, -0.10896456241607666, 0.4240313172340393, -0.9241855144500732, -1.2654697895050049, 0.15639343857765198, 0.1488516926765442, 0.4033772647380829, -0.3392369747161865, 0.25222882628440857, -0.13172578811645508, 0.5996344685554504, 0.33020398020744324, -0.026848476380109787, 0.3173990547657013, -0.7186211943626404, -0.30175402760505676, 0.5263781547546387, -1.2320120334625244, 0.4673120379447937, 0.04421204328536987, 1.3149855136871338, -0.10691846907138824, 0.1996474266052246, -0.3352857828140259, 0.7028568983078003, 0.43942198157310486, 0.7152519822120667, 0.10601803660392761, -0.3836820423603058, -0.27063238620758057, 0.21686924993991852, 0.3858432173728943, -0.6680757403373718, 1.0012789964675903, -0.01560797169804573, 0.42633724212646484, -0.09135683625936508, 0.4461773633956909, 0.5989842414855957]"
citing,"[0.8493751883506775, -0.7485883831977844, 0.2707403600215912, 0.058116789907217026, -0.16418005526065826, -0.7371061444282532, -0.7813754081726074, 0.8958831429481506, -0.6087964177131653, 0.1349930763244629, -0.40748801827430725, -0.9489002227783203, 0.888033926486969, 1.559333324432373, -0.8024898171424866, 0.05747006833553314, -0.7944840788841248, 0.47424784302711487, 0.9542635083198547, -1.7920444011688232, 1.3882564306259155, 0.865066409111023, -0.631292998790741, -0.0629492700099945, -0.4639522135257721, 0.06265206634998322, -0.39619916677474976, -0.5290575623512268, 1.1538065671920776, 0.6294161081314087, -0.5813165903091431, 0.04485407844185829, -0.9850257039070129, 0.9706726670265198, 0.07776579260826111, 1.1897863149642944, 0.30655643343925476, 0.39534303545951843, 0.20004959404468536, -0.0836825743317604, -0.12759722769260406, -0.9560962319374084, 1.3751410245895386, 0.5892467498779297, 1.0263501405715942, -0.5936189293861389, -0.8907147645950317, -0.9557523131370544, 0.14237868785858154, 0.44352078437805176, -1.3674284219741821, 0.3500944972038269, 0.7394488453865051, -0.19363269209861755, 0.6680107116699219, 0.6750237941741943, 0.40238508582115173, 0.8095223903656006, -0.3101550042629242, -0.15449580550193787, 0.5595189929008484, 0.826352596282959, 0.19563552737236023, 0.6723185777664185, 0.16243195533752441, -0.2455473691225052, -0.24351340532302856, 0.0697292611002922, 0.11027232557535172, 0.2655029296875, -1.5494245290756226, -2.5613369941711426, -0.38897666335105896, -0.125601664185524, -0.8991438150405884, -0.8323977589607239, 0.03689819946885109, -0.6152175068855286, -0.7619344592094421, 0.6255608201026917, 1.0214003324508667, -0.5546180009841919, -2.156379461288452, 0.7045416831970215, 0.4019794762134552, -0.3485419452190399, -0.4348505735397339, -0.5123892426490784, 0.4608096182346344, 0.7175149321556091, -0.0003907699720002711, 0.1826803833246231, 0.4531930685043335, 2.4499101638793945, -0.24114592373371124, 0.45521485805511475, 0.8227794170379639, -0.41287001967430115, 0.08591248840093613, -0.3679291903972626]"
downgrades,"[0.22805148363113403, -0.6342686414718628, -0.05572206526994705, 0.3925265073776245, -0.10531406849622726, -0.4662035405635834, -0.9023300409317017, 0.5405057668685913, -0.639832615852356, -0.30044764280319214, -0.3246971666812897, -0.5820208191871643, 0.5636075735092163, 1.1375917196273804, -1.061805248260498, 0.03822316974401474, -0.17613907158374786, -0.3487015962600708, 0.6029620170593262, -1.5106757879257202, 1.5083633661270142, 1.5397794246673584, -0.9983543157577515, 0.1658342182636261, -0.11727138608694077, 0.4882495403289795, -0.2905294597148895, -0.7363787889480591, 0.5228802561759949, 0.9208921194076538, 0.35490682721138, 0.23680511116981506, -1.2670753002166748, 1.7514668703079224, -0.42028218507766724, 0.2622245252132416, 0.37662866711616516, 1.1795506477355957, 0.18326523900032043, 0.3378487527370453, 0.2866748869419098, -0.41895875334739685, 0.8975033164024353, 0.18698059022426605, 0.8501750230789185, -0.0777890756726265, -0.2902697026729584, -0.311040997505188, 0.7728739380836487, 0.6209602355957031, -1.3300440311431885, -0.21411551535129547, 0.561996340751648, -0.9148175716400146, 0.6962447762489319, -0.2663865089416504, -0.043047986924648285, 0.5979253053665161, -0.875290036201477, 0.3878554701805115, -0.28946763277053833, 1.114432692527771, -0.1290651112794876, -0.14380240440368652, -0.36268261075019836, 0.23871251940727234, -0.4401129484176636, -0.007307020016014576, 0.8472434282302856, 0.27144891023635864, -2.5515735149383545, -2.0136425495147705, -0.7334299087524414, -0.7556390166282654, -0.43761327862739563, 0.2448045015335083, -0.09530328959226608, -0.018907975405454636, -1.2145273685455322, 0.15157458186149597, 0.6277430057525635, -1.111167311668396, -1.7266845703125, 1.3424659967422485, 0.39577385783195496, 0.11011767387390137, 0.15748754143714905, -0.2703903019428253, 1.0455402135849, -0.47762933373451233, -0.0973191037774086, 0.26220405101776123, 0.37578484416007996, 2.6786575317382812, -0.4573512673377991, 0.8503671884536743, 0.9721834659576416, 0.06200461462140083, 0.16881826519966125, -0.7923182249069214]"
jumps,"[0.10056101530790329, 0.19761721789836884, -0.4487161636352539, 0.9487983584403992, -0.3857571482658386, -0.23264868557453156, 0.24693764746189117, -0.53749018907547, -0.8928207755088806, 0.4850579500198364, -0.3066980838775635, -0.9406043291091919, -0.11962136626243591, -0.700646162033081, -0.3966512084007263, 0.12400775402784348, -0.5151476860046387, -2.39717173576355, 0.6243857741355896, -0.7940758466720581, -0.5422245264053345, 1.1578335762023926, 0.35343581438064575, -0.07179306447505951, 0.4181867241859436, 1.0539480447769165, -0.664347231388092, 0.29787343740463257, 0.2088400274515152, 0.045844580978155136, 0.8891893029212952, 0.9191965460777283, -0.019619576632976532, 0.004728023894131184, -0.3462129831314087, -0.08119506388902664, 0.14190265536308289, -0.8907774686813354, 0.11454758048057556, -1.281570553779602, -0.07827094197273254, -1.9632148742675781, 0.17912174761295319, -0.2968696057796478, -0.5432348251342773, -0.84965580701828, -1.9057904481887817, -0.22999900579452515, 1.0069375038146973, -0.1388883739709854, -0.6592204570770264, 0.7699519991874695, 1.8971658945083618, -0.6698943376541138, -0.524666965007782, -0.4873128831386566, 0.3674911558628082, 0.46154356002807617, -0.007190587930381298, -0.2593444883823395, 0.21031716465950012, 0.8050311207771301, 0.11364568769931793, -0.25365149974823, -0.46720433235168457, -0.28653332591056824, 0.03320508450269699, 0.99600750207901, -0.744053304195404, 0.37305131554603577, -1.0675256252288818, -0.5728164911270142, 0.8368772268295288, 0.009431553073227406, 0.33352208137512207, 1.331243634223938, 0.8254789113998413, 0.3035151958465576, 0.7739142775535583, 0.16530770063400269, 0.9871755242347717, -1.0178980827331543, -0.24577805399894714, 1.3404046297073364, -0.12773269414901733, 0.46330350637435913, 0.6592596769332886, 0.7507863640785217, 0.015359297394752502, 0.34351661801338196, 0.8215131163597107, 1.3118139505386353, -0.8583314418792725, 0.3134932816028595, -0.49876150488853455, 0.3640625774860382, -0.39749643206596375, -0.4477086663246155, 0.7206540703773499, -0.3044031858444214]"
expands,"[0.2507207691669464, -0.40946030616760254, -0.1481139063835144, 0.9602410793304443, -0.18857356905937195, -0.04574014991521835, 0.22116847336292267, -0.3905874192714691, -0.649755597114563, 0.5020918846130371, -0.1689162254333496, -1.1593068838119507, -0.5617895722389221, -0.29116758704185486, -0.4106931984424591, 0.1787855625152588, -0.4044051170349121, -2.020688056945801, 0.8140072822570801, -0.7865723371505737, -0.26970750093460083, 1.5216776132583618, 0.11718763411045074, -0.013268795795738697, 0.32095763087272644, 1.1540580987930298, -0.8698099851608276, 0.1475905030965805, 0.15079957246780396, 0.043270621448755264, 1.1241191625595093, 0.9731403589248657, -0.28437456488609314, 0.15531298518180847, -0.815885066986084, -0.009757991880178452, -0.009757915511727333, -0.4418444037437439, -0.3387121558189392, -1.1237024068832397, -0.2062171995639801, -1.8308264017105103, 0.5032862424850464, 0.02500760741531849, -0.5519225001335144, -0.8382449150085449, -1.8626625537872314, -0.3194178640842438, 1.0347743034362793, -0.21161893010139465, -0.7873526811599731, -0.075530044734478, 1.719553828239441, -0.5769399404525757, -0.5505883693695068, -0.6707549095153809, 0.27650120854377747, 0.10628833621740341, -0.4805186688899994, -0.5221090316772461, -0.08444269001483917, 0.4697323143482208, -0.23532314598560333, -0.5302939414978027, -0.42647698521614075, -0.022895589470863342, 0.0648859292268753, 0.9646576642990112, -0.7769779562950134, 0.1490090787410736, -0.8330945372581482, -0.04216949641704559, 0.5665097832679749, -0.48283132910728455, 0.29193243384361267, 0.8976304531097412, 0.7121805548667908, 0.3251239061355591, 0.19174878299236298, 0.04549311101436615, 0.4978741705417633, -1.089253544807434, -0.23914465308189392, 1.5133521556854248, -0.014584764838218689, 0.35394471883773804, 0.6061772108078003, 0.8908334374427795, -0.2518574297428131, 0.2625333070755005, 1.0549157857894897, 1.3197468519210815, -0.703938901424408, 0.7964754104614258, -0.5770668983459473, 0.3066903054714203, -0.2844170033931732, -0.2811776101589203, 0.7033912539482117, -0.0669708326458931]"
competition,"[0.651940107345581, 0.5504781603813171, -0.19810804724693298, 1.0228123664855957, -0.43845751881599426, -0.7487428784370422, -0.6296830177307129, 0.649658739566803, -2.464350938796997, 0.1580335646867752, -0.3980043828487396, 1.0268782377243042, 0.25062546133995056, 0.9966550469398499, 0.01051490567624569, 0.4862556755542755, -0.9198604822158813, 0.3584323227405548, -0.4705459177494049, -0.5020385980606079, 0.6257543563842773, -0.22301629185676575, 0.15349379181861877, -0.24718314409255981, -0.4907427430152893, -1.0906155109405518, -0.7203446626663208, -0.872192919254303, 0.19975927472114563, 0.571138858795166, -0.7531536221504211, -0.9264528751373291, -0.060746047645807266, 0.44682225584983826, 0.10675986111164093, 0.5314748883247375, -0.6387026906013489, 1.5207732915878296, -0.9219779968261719, 0.3709450662136078, 0.4173387289047241, -0.26699692010879517, 0.5986778736114502, 1.3420956134796143, 0.5414846539497375, 0.0937308818101883, 0.5862492918968201, -0.46786633133888245, -0.521896481513977, 0.2607862055301666, 0.23741120100021362, -0.16260871291160583, -0.13342109322547913, 0.012583279050886631, 0.4068700671195984, -1.121167778968811, -1.0322693586349487, 0.434078186750412, 0.21331027150154114, -0.022518455982208252, 0.5897808074951172, 0.28394636511802673, 0.15178485214710236, -0.8740963935852051, 0.4481537640094757, 0.04021943733096123, 0.15738394856452942, 0.7010003924369812, -0.018822776153683662, -0.15855054557323456, -1.5332989692687988, -1.7056031227111816, -0.9624687433242798, 0.3810643255710602, -0.5725222229957581, 0.8900941014289856, -1.1801279783248901, -0.19979210197925568, -0.49039825797080994, 0.5383306741714478, 0.5957883596420288, 0.055989962071180344, -1.3767609596252441, 0.8755191564559937, 0.7781069278717041, 0.2763652801513672, -0.1923520714044571, -1.0211223363876343, -0.10555043816566467, 0.7496376633644104, -0.007791755720973015, 0.09048890322446823, -0.8090875148773193, 1.8430653810501099, 0.7031634449958801, -0.05075149983167648, 0.5141035318374634, -0.565331220626831, 0.43460074067115784, -1.3125879764556885]"
compliance,"[-0.21777743101119995, 0.4186362326145172, 0.13871850073337555, 0.8702601790428162, -0.18324410915374756, -1.6228296756744385, -0.28718098998069763, 0.6336159706115723, -1.118454098701477, 0.6311550140380859, -0.5855679512023926, 1.4131581783294678, 0.07934802025556564, 1.1447875499725342, 1.0510953664779663, -0.8138068914413452, -0.1453379988670349, -0.663571298122406, -0.40645790100097656, -0.5339498519897461, 0.7371965646743774, -0.4752109944820404, 0.43394041061401367, 0.3355357050895691, 0.25472864508628845, -0.054493434727191925, -0.18452602624893188, -0.6184095740318298, 1.286971092224121, 0.31120046973228455, -1.4005811214447021, -0.7114797234535217, 0.36652064323425293, -0.26802727580070496, 0.46902117133140564, 1.1679435968399048, -0.3318980634212494, 1.2862887382507324, -1.3409349918365479, -0.8239482045173645, 1.018291711807251, -0.3914477527141571, -0.6573705077171326, 1.4160231351852417, -0.4397094249725342, 1.3520731925964355, 0.7101956605911255, -0.30092403292655945, 0.4512348473072052, 0.520848274230957, 1.0216435194015503, -0.04157238453626633, -0.6134955883026123, -0.1537761092185974, -0.7237085700035095, -1.2016923427581787, -0.019854256883263588, 0.8887872099876404, -0.4374110996723175, 0.49699002504348755, 0.20681439340114594, 0.04216107353568077, -0.45868444442749023, -1.7153398990631104, -0.1633414775133133, 1.033950686454773, 0.33942076563835144, 0.8244730234146118, -1.2722463607788086, 0.500942051410675, -0.5108040571212769, 0.39230647683143616, 0.5924096703529358, 1.0715478658676147, 0.25804296135902405, -0.1952022910118103, -2.094184398651123, 0.23200777173042297, 0.13901323080062866, -0.7715855240821838, 0.9817215204238892, 0.5723552107810974, -0.630598783493042, 0.24410520493984222, 0.5200400948524475, 0.5470978617668152, -0.2933809161186218, -1.7215582132339478, -0.06532520800828934, 0.4736860394477844, -0.6214833855628967, 0.04240552335977554, -0.3980437219142914, 0.6666419506072998, 1.155868411064148, 0.030182480812072754, -0.48058271408081055, 0.5840461254119873, -0.2018125206232071, -0.7890536189079285]"
environmental,"[-0.3773757815361023, 0.012616797350347042, -0.7615642547607422, 1.4690030813217163, -0.22166888415813446, -1.2218387126922607, 0.1312522143125534, -0.13267269730567932, -2.0676374435424805, 0.9932695627212524, -0.4019511342048645, -0.09414488077163696, 0.5138705372810364, 0.1750250905752182, 0.28645098209381104, 0.1351386308670044, -0.2698350250720978, 0.686898410320282, -0.2563164234161377, 1.5146737098693848, 0.5839601159095764, -1.5532891750335693, -0.5668749809265137, -0.7004061937332153, -0.733980119228363, -0.19392801821231842, -0.46235302090644836, -0.8154374957084656, -1.0981087684631348, 0.1977570801973343, -1.267183542251587, 0.05993508920073509, -0.5732141733169556, -0.36481568217277527, 1.1132303476333618, 0.4119962453842163, -1.0029546022415161, 1.5464011430740356, -0.41298460960388184, -0.7127398252487183, 0.5294027328491211, 0.19857853651046753, 0.7273789644241333, 1.5693176984786987, 0.8874629139900208, 0.05589526891708374, 0.06541375815868378, 0.5799564719200134, -0.5976442694664001, -0.35137858986854553, 0.49313434958457947, -0.5553084015846252, 0.5634649395942688, 1.1377551555633545, 0.7930207848548889, -1.1277531385421753, -1.369346022605896, 0.7294986844062805, -1.0078442096710205, -0.11083393543958664, 0.751632571220398, -0.261416494846344, 0.7485248446464539, -1.1900835037231445, -0.6310431361198425, 0.1325770914554596, -0.2640942931175232, 1.5513486862182617, 0.6538039445877075, 1.2723796367645264, 0.09389635920524597, -0.0909556970000267, 0.18250668048858643, -0.37425628304481506, 0.49388766288757324, 0.9718812108039856, 0.045085880905389786, 0.6284893751144409, -0.9538342356681824, -0.011183313094079494, 0.8377874493598938, -1.0393716096878052, -0.6971547603607178, 0.8608394861221313, 0.4462156295776367, 0.5071912407875061, 0.7435810565948486, -0.9554873108863831, -0.8581364154815674, 0.8594911694526672, 0.38913366198539734, 0.4248478412628174, -1.6833643913269043, 1.7312588691711426, 0.9778269529342651, 0.8360517621040344, 0.666690468788147, -0.3653838038444519, 0.015743566676974297, -1.1399675607681274]"
chain,"[-0.09055259823799133, 0.7870736718177795, 0.427215039730072, 0.789870023727417, 0.6185405254364014, -0.2733299434185028, 0.6963454484939575, -0.0557328425347805, -1.940382957458496, 0.5256673693656921, 0.4634847044944763, 1.4444291591644287, -0.7296819686889648, 0.9243936538696289, 0.9593235850334167, 0.9002711176872253, 0.5213699340820312, 1.0169270038604736, -0.48610013723373413, 0.481259822845459, 0.9685671329498291, -1.1742408275604248, -0.2539523243904114, 0.4989273250102997, -0.22384048998355865, -0.9548880457878113, -0.13786599040031433, -1.2623279094696045, 0.7824469208717346, 1.4631460905075073, -0.9217962622642517, -0.5228928923606873, -0.511890709400177, -0.20126046240329742, 0.8627086281776428, 1.4111539125442505, 0.18048107624053955, 0.6724857091903687, -0.7165827751159668, -0.8928654789924622, 0.22345684468746185, -0.2936914265155792, -0.5891513228416443, 0.9268666505813599, -0.4560740888118744, 0.9817125797271729, 0.0647723600268364, -0.11459062993526459, -0.06903164833784103, 0.15920861065387726, 0.691518247127533, -1.1335996389389038, 0.23968841135501862, -0.026022668927907944, -0.9585018157958984, -1.0023378133773804, -0.9386035799980164, 0.5402279496192932, 0.6782657504081726, 0.11551447212696075, 0.31584110856056213, -0.3231593072414398, 0.11229543387889862, -1.9465899467468262, -0.3214017152786255, -0.646169900894165, 0.32950273156166077, 0.7409446239471436, -0.23071546852588654, 0.06725765019655228, -1.6900779008865356, 0.11356423050165176, -0.01153440959751606, 0.5805844664573669, 0.20791050791740417, 0.7338725328445435, -1.4594829082489014, -0.7404029965400696, 0.6169369220733643, 0.26630836725234985, 0.5660725235939026, 0.6829053163528442, -0.92049640417099, -0.03415592387318611, 0.12890814244747162, -0.8228574991226196, -0.2526720464229584, -0.7242575883865356, 0.5227652788162231, 0.33874213695526123, 0.5183369517326355, 0.42646270990371704, -0.035324618220329285, 0.5487620830535889, 1.5321098566055298, 0.9863479137420654, -0.39762091636657715, -0.2356705516576767, 0.16794051229953766, -1.3145854473114014]"
supply,"[0.08369696885347366, 1.2260087728500366, -0.11062821000814438, 1.2792431116104126, 0.02136562392115593, -1.1834181547164917, 0.015041761100292206, 0.9363969564437866, -1.4447318315505981, 0.05058233067393303, -0.6340826153755188, 0.3271048367023468, 0.5616110563278198, 0.6990723013877869, 0.13252396881580353, -0.1281510889530182, -0.21815842390060425, -0.18359214067459106, 0.14321278035640717, 0.8555367588996887, 0.6538531184196472, -0.7853159308433533, 0.24887795746326447, -0.3885079324245453, -0.4589133560657501, 0.13212251663208008, -0.5135033130645752, 0.17948658764362335, -1.0654776096343994, -0.08214468508958817, -0.11996114253997803, -1.1457620859146118, 0.769760251045227, -0.41040629148483276, 1.6717990636825562, 0.08862248063087463, -0.8756572008132935, 1.5928736925125122, -0.6501509547233582, -0.8266164064407349, -0.05184117704629898, 0.013322890736162663, 0.4132816195487976, 0.6120685935020447, 0.24941028654575348, -0.4644189476966858, -0.46894583106040955, -0.07339369505643845, -0.8027274012565613, 0.9046036601066589, -0.6498624682426453, -0.38433024287223816, 0.06588181108236313, 0.500465989112854, 0.39512088894844055, -1.6201754808425903, -0.1391802430152893, -0.653645932674408, -0.6317719221115112, 0.8228741884231567, 0.0785500630736351, 0.7760476469993591, 0.6870774626731873, -2.0389184951782227, 0.025454547256231308, 1.1498627662658691, 1.153505802154541, 1.8659111261367798, -0.0074820974841713905, -0.3845180869102478, -0.9111899733543396, 0.46236082911491394, 1.106788992881775, 1.5962915420532227, -0.7930658459663391, 0.18931880593299866, -1.5437852144241333, -0.4559243321418762, -0.018368802964687347, 0.304324209690094, 0.5571547150611877, -0.4423992931842804, -0.8318381905555725, 0.31212398409843445, 1.0993943214416504, 0.8212668895721436, -0.5573239922523499, -0.7904284000396729, -0.19212837517261505, 0.906449556350708, 0.035402562469244, 0.20032209157943726, -1.1512250900268555, 2.0460586547851562, 1.0597561597824097, -0.20649613440036774, 0.746667742729187, -0.521641731262207, 0.6685720086097717, -0.35439983010292053]"
practices,"[-0.6302915811538696, -0.17951814830303192, -0.3274380564689636, 0.804443895816803, -0.49586883187294006, -1.7082593441009521, 0.019530782476067543, 0.056315239518880844, -1.1965842247009277, -0.10759884864091873, -0.18189464509487152, 1.4011456966400146, 0.6757681369781494, 1.2975589036941528, 0.8767731785774231, -1.0210503339767456, 0.2873527705669403, 0.9285300374031067, -0.9330640435218811, -0.7498965263366699, 1.2707594633102417, -0.7951574921607971, 0.11210894584655762, -0.3633984625339508, -0.22801409661769867, -0.6325507164001465, -0.3728380501270294, -1.1515192985534668, 0.32928958535194397, 0.9762231111526489, -0.14417047798633575, -0.6685189008712769, -0.2796422839164734, -0.43858107924461365, 0.563569962978363, 1.0172178745269775, -1.028709053993225, 0.9911057353019714, -0.2469506710767746, -0.32244858145713806, 0.40887898206710815, -0.3423069715499878, -0.6470009088516235, 1.0388882160186768, -0.7886438965797424, 0.8652576208114624, 0.7287709712982178, 0.39777249097824097, 0.5034005045890808, -0.3783438801765442, 0.5970617532730103, -0.23184393346309662, -0.21230438351631165, -0.19405826926231384, -0.9129064679145813, -0.4590904712677002, -0.6307750344276428, 0.7480990886688232, 0.17471560835838318, 0.008062106557190418, 0.06689952313899994, 0.3050220310688019, -0.4210211932659149, -0.7730216979980469, 0.5465892553329468, 0.7476418614387512, 0.21171562373638153, 1.394212007522583, -0.3782747983932495, 0.27437305450439453, -0.6240765452384949, -0.3426267206668854, -0.10154614597558975, 0.3026733100414276, 0.4467248022556305, 0.906556248664856, -1.320368766784668, -0.3425792455673218, 0.3003855049610138, -0.4533790349960327, -0.21133211255073547, -0.47013676166534424, -1.8911092281341553, 0.8889064192771912, 0.5407450199127197, -0.731978714466095, -0.41868841648101807, -1.653770923614502, -0.24908782541751862, 1.391370415687561, 0.3733459413051605, 0.3903800845146179, -1.1553925275802612, 1.365515112876892, -0.30630171298980713, 0.6271815896034241, -0.29056763648986816, -0.7664788365364075, 0.40675386786460876, -1.5992705821990967]"
labor,"[0.6848241090774536, 1.5839112997055054, -0.26126497983932495, 0.5942234396934509, 0.39521095156669617, -1.9730528593063354, 0.977177083492279, 1.1617441177368164, -0.861903190612793, 0.3063860237598419, 0.03181784972548485, -0.3141535818576813, -0.133111834526062, 0.6009369492530823, 0.6079270243644714, 0.9416264295578003, -0.4872828423976898, 0.4366782605648041, 0.3629221022129059, -0.20497488975524902, 0.6780475974082947, -0.9714569449424744, 1.2431968450546265, -0.05180720239877701, -0.11036767065525055, -0.5243121385574341, -0.22877265512943268, -0.9961152672767639, -0.8407487273216248, 0.08897724002599716, -0.4452720582485199, -0.7687618732452393, -0.33701735734939575, 0.21774013340473175, 1.3839237689971924, -0.19123095273971558, -0.9378358721733093, 0.2694353461265564, -0.09107368439435959, -0.3786156177520752, -0.20772279798984528, -0.23896311223506927, 0.7944007515907288, 1.2144246101379395, 0.2768940329551697, 1.2941298484802246, -0.22033923864364624, -0.7230308651924133, -0.18074442446231842, 0.42366859316825867, 0.06216137856245041, 0.19850164651870728, 0.7047557830810547, 0.9725263118743896, -0.2770594358444214, -0.5266199707984924, -0.8666016459465027, -0.12356492877006531, 0.17773158848285675, -0.8883001804351807, 0.21118606626987457, 0.36718055605888367, 0.07474495470523834, -1.6877182722091675, 0.012085785157978535, -0.2203916758298874, -0.17024469375610352, 1.3610742092132568, 0.24900367856025696, 0.7026630640029907, -0.23742808401584625, -0.9216452836990356, -0.12915915250778198, 1.255524754524231, -1.2254164218902588, 1.868374228477478, -0.6829567551612854, -0.12195649743080139, -1.3230692148208618, 0.022494904696941376, 0.6149412393569946, 0.46375128626823425, -0.582556962966919, -0.2519427239894867, 0.9599542021751404, -0.22898665070533752, 0.2608638107776642, -0.6733213663101196, -0.39188382029533386, 0.47689422965049744, 0.15714266896247864, -0.37419331073760986, -1.9659299850463867, 1.7450026273727417, 0.6621425747871399, -0.28460928797721863, 0.3227488100528717, -0.5311288833618164, -0.6716413497924805, -1.889868140220642]"
privacy,"[0.5089581608772278, 0.9309839010238647, -0.35072270035743713, 0.5775163769721985, -0.05186815932393074, -0.4732056260108948, 0.6512082815170288, 0.5762855410575867, -1.8849895000457764, -0.0835096463561058, -0.192031130194664, 1.3914604187011719, 0.23398123681545258, 0.07128046452999115, 0.7968918085098267, 0.5519325137138367, -0.0794539526104927, 0.21548216044902802, -0.7545770406723022, -0.15509048104286194, 1.1903471946716309, -0.8981051445007324, 0.10042229294776917, -0.4781893491744995, 0.03362274542450905, -1.113582968711853, -0.11749689280986786, -1.7341670989990234, 0.356815904378891, 0.8414656519889832, -1.0556236505508423, -0.59125155210495, 0.001870614942163229, 0.10731708258390427, 0.7501040101051331, 1.4419654607772827, -0.10766460746526718, 0.7067545652389526, -0.7291785478591919, -1.0668487548828125, -0.2359212189912796, -0.36927706003189087, -0.1404053121805191, 0.9336308240890503, -0.6079308390617371, 0.6977598071098328, -0.3943258821964264, -0.09662771224975586, -0.7952439785003662, -0.021146515384316444, 0.553755521774292, -0.4213015139102936, 0.1955510526895523, 0.48093265295028687, 0.6353874206542969, -0.586672306060791, -0.9941989183425903, 0.9962033629417419, 0.00448074284940958, -0.8256115317344666, 0.8215727210044861, 0.3993678390979767, 0.4240121841430664, -1.0381282567977905, 0.19519883394241333, -0.25279706716537476, 0.1635182797908783, 0.8767289519309998, -0.7411876320838928, 0.21874530613422394, -0.48295700550079346, -0.5069500207901001, -0.7348117232322693, 0.8004434108734131, -0.3840205669403076, 0.13545608520507812, -1.6528111696243286, 0.4591909945011139, -0.44328588247299194, -0.02881838195025921, 0.948580801486969, 0.6959212422370911, -1.6902612447738647, 0.34172800183296204, 0.46699729561805725, 0.15584403276443481, 0.5821004509925842, -0.9769336581230164, 0.5622637867927551, 0.25864386558532715, -0.543826162815094, -0.8701207637786865, -0.9471136331558228, 1.0151060819625854, 0.025123585015535355, 1.2658021450042725, 0.38347524404525757, -0.4695052206516266, 0.29208528995513916, -2.084782361984253]"
data,"[-0.03481414541602135, 0.1940334141254425, -0.12079966813325882, 0.6329838037490845, -0.7098240852355957, -1.0159432888031006, 0.539445161819458, -0.0038682371377944946, -0.6977742910385132, 0.3919984996318817, 0.43330201506614685, -0.08626708388328552, -0.07717493176460266, 1.6208144426345825, 0.31487753987312317, -0.8006526827812195, -0.3853709101676941, 0.6662662029266357, -0.5687745809555054, 0.5406030416488647, 0.811067521572113, -1.6446887254714966, 0.35043829679489136, -0.7699413299560547, -0.35404226183891296, -0.09068628400564194, 0.2260560840368271, 0.14263775944709778, -0.3031640946865082, 0.45899277925491333, 0.39670875668525696, 0.12086626887321472, 0.37527453899383545, 0.5463933944702148, 0.13705360889434814, 0.7921815514564514, 0.12905848026275635, 1.4234474897384644, -0.9297758340835571, -0.1014874204993248, -0.778445303440094, -0.7046772241592407, -0.7908737659454346, 0.708025336265564, -0.3861806094646454, 1.1434276103973389, 0.17195188999176025, -0.736821174621582, -0.4982982873916626, 0.05142540484666824, 0.3592793047428131, 0.21993587911128998, 0.5583691000938416, 0.462045282125473, -0.57903653383255, -0.7768968343734741, -0.795341968536377, -0.6514684557914734, -0.8057029843330383, 1.020139217376709, 1.1624376773834229, -0.18817920982837677, 0.11801833659410477, -1.439900517463684, -0.8751793503761292, 0.27941903471946716, 0.543445348739624, 0.6706730127334595, 0.21302536129951477, -0.3643769323825836, -0.8577319383621216, -0.007606904488056898, 0.5888509750366211, 1.3905842304229736, 0.3435088098049164, 1.438225269317627, -1.117859125137329, -0.5488518476486206, -1.6096431016921997, -0.34417057037353516, 1.1024384498596191, 0.11813056468963623, -0.7033581733703613, 0.8977941870689392, 0.9536495208740234, 0.1819123476743698, 0.42342451214790344, -1.7650396823883057, -0.37019720673561096, -0.34388625621795654, 0.24397191405296326, 0.919338583946228, -0.18407200276851654, 1.243641972541809, 0.08146443963050842, -0.6873155832290649, 0.2956375181674957, -0.24255618453025818, 0.2783763110637665, -1.4220099449157715]"
computing,"[0.23266929388046265, 0.5567479133605957, -0.4677317440509796, -0.4578492045402527, 0.35412997007369995, -0.6495082378387451, 0.43004050850868225, 1.059973955154419, 0.4218578040599823, -0.6535521149635315, 0.16228796541690826, -0.5869699716567993, -0.516491174697876, 0.51935213804245, 0.1181769073009491, -0.0035483906976878643, -0.22582584619522095, -0.18962335586547852, 0.004351572133600712, 0.3899078071117401, -0.019180411472916603, -0.5796189904212952, -0.05046520009636879, 0.20066195726394653, 0.1329730898141861, -0.41009071469306946, -0.10878109931945801, -0.5400128364562988, 0.08006171137094498, -0.18950262665748596, 0.4581497609615326, -0.7253276705741882, -0.26189330220222473, 0.21216712892055511, -0.034166522324085236, 0.2600427269935608, 0.4017522633075714, -0.8489179015159607, -0.0935177132487297, 0.25376611948013306, -0.4026454985141754, -0.3832784593105316, 0.24023917317390442, 0.21626846492290497, 0.19172510504722595, 0.09684649109840393, -0.5779179930686951, -0.4823959767818451, 0.18845129013061523, -0.16101433336734772, 0.32681435346603394, -0.5531718730926514, 0.4980991780757904, -0.6602353453636169, 0.9201437830924988, -0.20045055449008942, 0.30803370475769043, 0.024429477751255035, -0.7474546432495117, 0.05664946138858795, -0.04492291808128357, -0.11209116876125336, -0.45739907026290894, 0.05228231102228165, -0.24943754076957703, -0.2238968014717102, -0.2862292528152466, 0.4429675340652466, 0.23815973103046417, -0.6241133809089661, -0.8757306337356567, 0.39420297741889954, 0.18957026302814484, -0.7801438570022583, 0.3462545871734619, 0.25460943579673767, -0.11352749913930893, -0.43646040558815, -0.6869999766349792, 0.33037808537483215, -0.2143854796886444, -0.12905678153038025, -0.3431522250175476, 1.0016119480133057, -0.37428170442581177, 0.7274025678634644, -0.590761125087738, 0.38973602652549744, 0.06826113909482956, 0.3349238932132721, 0.42914995551109314, 0.5538939237594604, -0.5229583978652954, 0.30864575505256653, 0.7965763211250305, 0.5340261459350586, -0.5734817385673523, 0.07469666004180908, 0.5716351270675659, -0.14123226702213287]"
quantum,"[0.3809086084365845, 0.551740288734436, -0.4530238211154938, -0.16863025724887848, 0.6156046390533447, -0.7097184062004089, 0.5307860970497131, 1.3360874652862549, 0.3274773359298706, -0.4203464090824127, 0.27712899446487427, -0.5353288650512695, -0.7467581033706665, 0.3538309931755066, 0.002488222671672702, -0.06182675063610077, -0.27355140447616577, -0.5288500189781189, -0.0176090057939291, 0.2546415328979492, 0.09714915603399277, -0.6191970109939575, 0.10048025846481323, 0.21376730501651764, 0.19833901524543762, -0.10745607316493988, -0.06235950067639351, -0.48136967420578003, 0.20003283023834229, -0.13888680934906006, 0.24131107330322266, -0.701797366142273, -0.4687441289424896, 0.5284220576286316, -0.012918567284941673, 0.20069274306297302, 0.2671263813972473, -0.8611111044883728, 0.05113133043050766, 0.45703259110450745, -0.41080620884895325, -0.48760753870010376, 0.34245023131370544, 0.4174349308013916, 0.05347997695207596, 0.18886147439479828, -0.7438369989395142, -0.7390588521957397, 0.36954206228256226, 0.18597808480262756, 0.12929368019104004, -0.7980015277862549, 0.3490959107875824, -0.6229621171951294, 0.9616624116897583, -0.30243948101997375, 0.3622780740261078, 0.1584196239709854, -0.970675528049469, 0.01988956704735756, -0.27297016978263855, -0.2852242887020111, -0.48455774784088135, -0.17017675936222076, -0.3541938364505768, -0.437172532081604, -0.19022706151008606, 0.7873450517654419, 0.3998805582523346, -0.2557165324687958, -0.780245304107666, 0.2949460446834564, 0.03403201326727867, -0.7289194464683533, 0.39262309670448303, 0.2046176940202713, -0.08068177849054337, -0.4507286846637726, -0.9860125184059143, 0.39609283208847046, -0.03253202140331268, -0.4456762671470642, -0.6466885209083557, 0.9658536314964294, -0.18174052238464355, 0.9319751262664795, -0.25075992941856384, 0.5302800536155701, -0.04670058190822601, 0.48209473490715027, 0.06924575567245483, 0.9022425413131714, -0.4812379777431488, 0.7023405432701111, 0.5644617676734924, 0.3834073841571808, -0.5379520654678345, 0.2645200788974762, 0.6204848885536194, -0.19981393218040466]"
blockchain,"[0.19100084900856018, 0.15770791471004486, -0.21665717661380768, -0.28272366523742676, 0.6230392456054688, -0.671441376209259, 0.2736694812774658, 1.1108951568603516, 0.486864298582077, -0.5422695279121399, 0.272745281457901, -0.4619683027267456, -0.866132915019989, 0.5675020217895508, -0.1883522868156433, 0.14831574261188507, -0.22223766148090363, -0.5240094661712646, -0.13578367233276367, 0.31297457218170166, 0.024655386805534363, -0.3373450040817261, -0.021536221727728844, 0.14231017231941223, 0.1467132270336151, -0.21774913370609283, -0.1039130687713623, -0.6798936128616333, 0.20300282537937164, 0.07072053849697113, 0.328217476606369, -0.5845241546630859, -0.22117769718170166, 0.2506701350212097, -0.43718546628952026, 0.30068519711494446, 0.4272225797176361, -0.8557519316673279, -0.13329027593135834, 0.3521035313606262, -0.5172784328460693, -0.4992663860321045, 0.5257680416107178, 0.22613997757434845, 0.10773520171642303, -0.15150827169418335, -0.4692476689815521, -0.516971230506897, 0.3097325563430786, -0.004321243613958359, 0.001566010294482112, -0.7920433282852173, 0.39189526438713074, -0.5192714929580688, 1.015637755393982, -0.18440450727939606, 0.4458088278770447, 0.06528978049755096, -0.729522705078125, -0.1574355959892273, -0.19243723154067993, -0.17158715426921844, -0.26482459902763367, -0.22890761494636536, -0.37817591428756714, -0.12280789017677307, -0.08084006607532501, 0.5058993697166443, 0.3581119477748871, -0.32938024401664734, -0.7717816829681396, 0.46973907947540283, 0.23919649422168732, -0.5594409108161926, 0.17070594429969788, 0.26586809754371643, 0.06266067177057266, -0.3861631155014038, -1.031097650527954, 0.07777015119791031, 0.2095492035150528, -0.23224884271621704, -0.5133984088897705, 0.8891176581382751, -0.31455186009407043, 0.8540504574775696, -0.3719770610332489, 0.3435302674770355, -0.08235210925340652, 0.4140918552875519, 0.37253537774086, 0.8099247217178345, -0.3759532868862152, 0.624552309513092, 0.6440796256065369, 0.4295000731945038, -0.549638569355011, 0.440680593252182, 0.4580588936805725, -0.18390432000160217]"
learning,"[0.216738760471344, 0.2822405993938446, -0.34303969144821167, -0.36109840869903564, 0.5494222640991211, -0.6076516509056091, 0.25814494490623474, 1.2323129177093506, 0.27780476212501526, -0.685671329498291, 0.1653263121843338, -0.568170964717865, -0.6294636130332947, 0.38844093680381775, 0.21457408368587494, -0.016378385946154594, -0.20387756824493408, -0.44504132866859436, -0.17716147005558014, 0.10286132246255875, 0.015421401709318161, -0.6339324116706848, -0.08337589353322983, 0.08656436949968338, -0.04598294943571091, -0.28604787588119507, -0.34247857332229614, -0.6208103895187378, 0.21255117654800415, -0.09923487156629562, 0.34292900562286377, -0.5483963489532471, -0.1978689581155777, 0.1610729992389679, -0.2464522123336792, 0.3086993992328644, 0.43060120940208435, -0.6633327603340149, -0.014815247617661953, 0.21554946899414062, -0.4254596531391144, -0.13918444514274597, 0.3338009715080261, 0.23220616579055786, 0.053788986057043076, -0.02503812499344349, -0.4073289632797241, -0.2907828092575073, 0.32542136311531067, 0.02731936052441597, 0.28200164437294006, -0.7978035807609558, 0.3921273350715637, -0.6584768891334534, 0.8011054992675781, -0.2265031337738037, 0.4765782654285431, 0.07249457389116287, -0.7383391261100769, 0.12171872705221176, -0.23181064426898956, -0.24347048997879028, -0.36150646209716797, -0.19581809639930725, -0.330199658870697, -0.09750428050756454, -0.038358163088560104, 0.46303248405456543, 0.3224904537200928, -0.5538414716720581, -0.8313668966293335, 0.6000580787658691, 0.22348271310329437, -0.6456977725028992, 0.43245482444763184, 0.12822502851486206, 0.11200568825006485, -0.24932141602039337, -0.9679773449897766, 0.3220940828323364, -0.002439057221636176, -0.02866927906870842, -0.3198602497577667, 0.8952257633209229, -0.32115456461906433, 0.7788212299346924, -0.42301517724990845, 0.34897932410240173, -0.060489460825920105, 0.2943213880062103, 0.260336697101593, 0.748649537563324, -0.3559906780719757, 0.4426802694797516, 0.7594993710517883, 0.27398642897605896, -0.647933840751648, 0.19181841611862183, 0.4083951711654663, -0.015418448485434055]"
machine,"[0.20220674574375153, 0.41930001974105835, -0.03713838383555412, -0.37511301040649414, 0.6793228387832642, -0.5815417766571045, 0.38363373279571533, 1.0967321395874023, 0.20306022465229034, -0.6627965569496155, 0.25255683064460754, -0.5615204572677612, -0.6369927525520325, 0.5678213834762573, 0.17619752883911133, 0.11563951522111893, -0.15622614324092865, -0.30647116899490356, -0.30754590034484863, 0.2711649537086487, -0.07552765309810638, -0.7012388706207275, -0.24856914579868317, 0.19205982983112335, 0.08609063178300858, -0.21287007629871368, -0.08166283369064331, -0.7550749182701111, 0.3569170832633972, 0.007886526174843311, 0.2528246343135834, -0.5490645170211792, -0.2954009473323822, 0.20248427987098694, -0.3064624071121216, 0.26753032207489014, 0.4939213991165161, -1.0789507627487183, -0.2180333435535431, 0.3967047333717346, -0.4813165068626404, -0.412444144487381, 0.5524110198020935, 0.17616258561611176, 0.041887424886226654, -0.17280758917331696, -0.4667420983314514, -0.597719132900238, 0.2537728250026703, 0.04209636524319649, 0.034561824053525925, -0.8450051546096802, 0.30659958720207214, -0.5170938968658447, 0.9909241199493408, -0.19434168934822083, 0.40055686235427856, -0.038639020174741745, -0.7436447143554688, 0.08306016027927399, -0.23847034573554993, -0.0529792495071888, -0.4171184301376343, -0.2735402286052704, -0.24997703731060028, -0.17204725742340088, -0.10850494354963303, 0.4520301818847656, 0.5065531730651855, -0.34533992409706116, -0.8635083436965942, 0.61308753490448, -0.010286845266819, -0.7089169025421143, 0.35924771428108215, 0.2748645544052124, 0.2578519582748413, -0.27698051929473877, -0.907860279083252, 0.22024518251419067, 0.0922413170337677, -0.20828616619110107, -0.4148748517036438, 0.724824070930481, -0.5733057260513306, 0.9450284838676453, -0.35059958696365356, 0.6173698902130127, -0.11243601143360138, 0.1738182157278061, 0.20885193347930908, 0.8438359498977661, -0.6919087171554565, 0.65520179271698, 0.7467060685157776, 0.34963488578796387, -0.43191224336624146, 0.48458871245384216, 0.6468287706375122, -0.12226592004299164]"
systems,"[0.21416985988616943, 0.5935739874839783, -0.2695504128932953, -0.3079879581928253, 0.5196462869644165, -0.4543496370315552, 0.4771207571029663, 1.1444382667541504, 0.1668597012758255, -0.39580315351486206, 0.13670022785663605, -0.3805210590362549, -0.6038742661476135, 0.5068107843399048, 0.2034570574760437, -0.03838968276977539, -0.3008497953414917, -0.37861111760139465, -0.185601145029068, 0.31767338514328003, -0.0014820827636867762, -0.6759032607078552, 0.19552789628505707, 0.13964226841926575, -0.002329777227714658, -0.365471214056015, -0.1019764095544815, -0.6436006426811218, 0.1646454781293869, -0.14563947916030884, 0.39969971776008606, -0.5541890263557434, -0.32246097922325134, 0.0950927734375, -0.0021099932491779327, 0.08518889546394348, 0.28745076060295105, -0.7267964482307434, 0.06785254925489426, 0.17355193197727203, -0.35483741760253906, -0.35579749941825867, 0.07425718754529953, 0.2602108120918274, -0.06735840439796448, 0.003710977267473936, -0.3908417820930481, -0.3565276563167572, 0.2701449394226074, -0.062013935297727585, 0.267974853515625, -0.6613894104957581, 0.11629002541303635, -0.5964068174362183, 0.7594903707504272, -0.347689151763916, 0.4016216993331909, -0.12253058701753616, -0.6058213710784912, 0.07825231552124023, -0.2077638953924179, -0.10515815019607544, -0.34800925850868225, -0.36880743503570557, -0.2369302213191986, -0.33105602860450745, 0.10244918614625931, 0.7190784811973572, 0.07012800127267838, -0.4052051603794098, -0.7472267746925354, 0.6580228209495544, 0.06892727315425873, -0.6051799058914185, 0.5920599699020386, 0.07043970376253128, 0.010586858727037907, -0.15925399959087372, -0.8448257446289062, 0.3331194818019867, 0.04306742921471596, -0.13828332722187042, -0.24467097222805023, 1.0363621711730957, -0.4075864851474762, 0.6157346963882446, -0.3414252698421478, 0.3378136157989502, 0.019361499696969986, 0.28470945358276367, 0.2542315721511841, 0.6800888180732727, -0.47934043407440186, 0.2032914161682129, 0.7642233371734619, 0.5249239802360535, -0.566047728061676, 0.29225122928619385, 0.5123798251152039, -0.009872832335531712]"
autonomous,"[0.15404660999774933, 0.431986540555954, -0.09524697810411453, -0.3555402457714081, 0.555515468120575, -0.591759979724884, 0.46906712651252747, 1.0534695386886597, 0.14033861458301544, -0.47866854071617126, 0.15064232051372528, -0.5435364842414856, -0.7812492251396179, 0.5581605434417725, 0.0830729678273201, 0.040792275220155716, -0.3171537518501282, -0.5574983358383179, -0.23158837854862213, 0.2423207312822342, -0.05676182359457016, -0.45543867349624634, 0.1268872767686844, 0.3012741804122925, 0.15221944451332092, -0.41541704535484314, -0.10448607057332993, -0.7067380547523499, 0.25116831064224243, -0.07980062812566757, 0.502678632736206, -0.4966117739677429, -0.34429997205734253, 0.09387298673391342, -0.02496097981929779, 0.26076146960258484, 0.33520814776420593, -0.8677464127540588, 0.05777484178543091, 0.36434757709503174, -0.4868811368942261, -0.3932216167449951, 0.3165016174316406, 0.16665062308311462, -0.014692677184939384, -0.0004630010516848415, -0.4236299991607666, -0.4764838218688965, 0.23865869641304016, -0.01680995337665081, 0.09052956104278564, -0.8210744261741638, 0.20886486768722534, -0.5237710475921631, 0.8079800605773926, -0.40633225440979004, 0.44906044006347656, -0.1376657783985138, -0.6746243834495544, -0.15669763088226318, -0.2536822557449341, -0.18256939947605133, -0.37685585021972656, -0.2522926926612854, -0.422640860080719, -0.41444283723831177, 0.1305224448442459, 0.5853493809700012, 0.22752873599529266, -0.5063532590866089, -0.8317009806632996, 0.5659099221229553, 0.19848935306072235, -0.6726874709129333, 0.39443260431289673, 0.28365370631217957, -0.003882236545905471, -0.3422064483165741, -0.8361140489578247, 0.40653762221336365, 0.2809782922267914, -0.32976409792900085, -0.44844216108322144, 1.0278139114379883, -0.3025875687599182, 0.736398458480835, -0.4499531090259552, 0.45445215702056885, 0.05310725048184395, 0.4418874680995941, 0.34181642532348633, 0.7799070477485657, -0.40856367349624634, 0.4931109547615051, 0.6120744347572327, 0.45435553789138794, -0.6694927215576172, 0.40781164169311523, 0.48594698309898376, -0.05422751605510712]"
increased,"[-0.054333340376615524, -0.7321534752845764, 0.4208519160747528, 0.2714052200317383, -0.7773587703704834, -0.8715977072715759, -0.009832452982664108, -0.45667052268981934, -0.5759288668632507, 0.02648637630045414, 0.2022062987089157, -0.22296388447284698, 0.6323070526123047, 0.5924080014228821, -0.5939158201217651, 0.32239723205566406, 0.6479906439781189, 0.6520122289657593, 0.5916353464126587, -1.1258580684661865, 0.3576282262802124, 0.6835041046142578, 0.07399716228246689, -0.1346942037343979, 0.35030221939086914, 0.32927611470222473, -0.1197010949254036, -0.5831207633018494, 0.798218309879303, 0.72407466173172, 0.8498647212982178, 0.8911167979240417, -1.0120296478271484, 0.9435776472091675, 0.12115320563316345, 0.3336282968521118, 1.1027239561080933, 0.510653018951416, 0.38025182485580444, -0.2965925633907318, -0.17408916354179382, -0.2177286297082901, 0.8593257069587708, -0.23980799317359924, 0.06079162284731865, 0.13279512524604797, -0.028370706364512444, -0.27000516653060913, 0.7790520191192627, 0.47165220975875854, -0.027579287067055702, -0.4678797423839569, -0.05717066302895546, -0.0038154632784426212, -0.13592411577701569, 0.49345672130584717, 0.20995664596557617, 0.6514648199081421, -1.040858507156372, 0.7799200415611267, 0.27912646532058716, 1.028892993927002, -0.09823685139417648, 0.10059399902820587, -0.31522855162620544, -0.1870623081922531, -0.028568757697939873, -0.23091815412044525, 0.060915760695934296, 0.2689037322998047, -1.2491577863693237, -0.6220762133598328, -0.043407224118709564, -0.24026913940906525, -0.5881157517433167, -0.31778156757354736, -0.5499215722084045, 0.03671199455857277, -0.8090268969535828, 0.24307440221309662, 1.0117565393447876, -0.6649065613746643, -0.9633735418319702, 0.6082639098167419, 0.294045090675354, -0.16534985601902008, -0.07154491543769836, -0.4531918466091156, 0.9575779438018799, 0.1634211242198944, -0.1345452219247818, 0.018158257007598877, 0.11166172474622726, 1.6400481462478638, 0.0499318391084671, 0.3655129373073578, 0.756097137928009, 0.2457205206155777, -0.5411171913146973, -0.8575082421302795]"
gpus,"[0.7747862935066223, 0.004936994053423405, -0.47649651765823364, -0.009678225964307785, -0.35760101675987244, -0.29162126779556274, 0.013689178042113781, 0.4017604887485504, 0.21787241101264954, -0.04705911502242088, 0.2709009647369385, -0.7455047369003296, 0.23300579190254211, 0.06753385812044144, 0.37959524989128113, 0.2610887587070465, -0.11014919728040695, -0.4209693670272827, 0.2729644775390625, -0.8328453302383423, -0.05798734351992607, -0.32598936557769775, -0.2706208825111389, -0.2903910279273987, -0.29646825790405273, 0.35000500082969666, 0.3493936359882355, -0.004878157749772072, -0.029847465455532074, 0.04504639655351639, 0.12451160699129105, -0.01636066474020481, -0.07059153914451599, 0.5963202714920044, -0.684666097164154, 0.36495882272720337, 0.02419804036617279, 0.569769024848938, -0.06909296661615372, -0.11997150629758835, -0.07919877767562866, -0.27930212020874023, -0.16287288069725037, -0.16011153161525726, 0.7063038349151611, -0.4428601861000061, 0.21293048560619354, -0.13311666250228882, -0.10966892540454865, 0.3173609972000122, 0.2203100621700287, -0.5942116975784302, 0.14100287854671478, -0.15089407563209534, -0.24682874977588654, 0.1793869286775589, -0.16044208407402039, -0.12064293026924133, -0.6612078547477722, -0.014310939237475395, -0.6571953892707825, -0.061386726796627045, -0.5802898406982422, 0.27602308988571167, -0.011492161080241203, -0.11365848034620285, 0.3419175148010254, 0.747701108455658, -0.05252865329384804, 0.40545010566711426, -0.07304339855909348, -0.06552407145500183, 0.2057114541530609, -0.2907625436782837, -0.051838114857673645, 0.5824576020240784, 0.7894836664199829, -0.3761712908744812, 0.0657409131526947, 0.10403919965028763, -0.02753683179616928, -0.8930360674858093, -0.371925950050354, 0.640234649181366, 0.22271203994750977, -0.2355770319700241, -0.39664822816848755, 0.20945900678634644, -0.3184010088443756, -0.17739160358905792, -0.37150681018829346, 0.5289103984832764, -0.3225986063480377, 0.5892955660820007, 0.3763812184333801, -0.023528985679149628, 0.5921670198440552, 0.5859120488166809, -0.43214330077171326, 0.08310873061418533]"
azure,"[0.7738784551620483, 0.0243487898260355, -0.53937166929245, -0.00729773286730051, -0.29520025849342346, -0.3517508804798126, 0.020322483032941818, 0.4407431185245514, 0.31236979365348816, -0.0665726289153099, 0.45583391189575195, -0.8510874509811401, 0.22632025182247162, -0.03831089287996292, 0.44548162817955017, 0.16327758133411407, -0.09618870913982391, -0.3693088889122009, 0.2853315770626068, -0.8397263884544373, -0.12031825631856918, -0.2410048544406891, -0.2638368606567383, -0.27783170342445374, -0.3686254322528839, 0.3360883891582489, 0.40443551540374756, 0.011598188430070877, -0.04728512093424797, -0.018117105588316917, 0.1658308506011963, -0.015925686806440353, -0.05160801485180855, 0.6316934823989868, -0.6927040219306946, 0.408695787191391, -0.02119993045926094, 0.647281289100647, -0.01822512038052082, -0.14787140488624573, -0.0502261258661747, -0.2447110265493393, -0.20354458689689636, -0.16654592752456665, 0.7114959955215454, -0.45545047521591187, 0.1828695833683014, -0.09250964969396591, -0.0666784793138504, 0.23769992589950562, 0.23278744518756866, -0.5982322692871094, 0.20354615151882172, -0.1370028555393219, -0.22692953050136566, 0.22557653486728668, -0.10734901577234268, -0.21073772013187408, -0.6977804899215698, 0.013280816376209259, -0.7373174428939819, -0.05055489018559456, -0.5111097693443298, 0.2844950556755066, -0.01836639828979969, -0.03991226851940155, 0.2480175495147705, 0.6253372430801392, -0.06775932759046555, 0.36864277720451355, -0.01261569932103157, -0.051157478243112564, 0.24844324588775635, -0.32795408368110657, -0.12779109179973602, 0.533608078956604, 0.8105085492134094, -0.5529536604881287, 0.16324777901172638, -0.006547697354108095, -0.0984712764620781, -0.8603288531303406, -0.5197267532348633, 0.5748056769371033, 0.1770785003900528, -0.2294597029685974, -0.4426169991493225, 0.19645220041275024, -0.3623269200325012, -0.14453260600566864, -0.361014187335968, 0.48457255959510803, -0.22147539258003235, 0.5624181628227234, 0.4668225646018982, 0.057164110243320465, 0.579714834690094, 0.544011116027832, -0.555592954158783, -0.10179705917835236]"
y,"[0.6697044968605042, -0.054646801203489304, -0.7386845350265503, -0.2301759570837021, -0.08998087793588638, -0.5975987315177917, -0.11581713706254959, 0.5326723456382751, 0.31542882323265076, 0.05924877151846886, 0.6095026731491089, -0.9904984831809998, 0.13826099038124084, 0.01623499020934105, 0.48451292514801025, 0.21633003652095795, -0.002741236938163638, -0.7794088125228882, 0.2044825255870819, -0.6298568248748779, -0.22875584661960602, -0.2916305661201477, -0.11661902815103531, -0.28793230652809143, -0.17064911127090454, 0.24897800385951996, 0.774914026260376, 0.18614590167999268, -0.12349117547273636, -0.25940901041030884, 0.2939961552619934, -0.1689920723438263, -0.20581720769405365, 0.2829763889312744, -0.6881205439567566, 0.31487104296684265, -0.1958913952112198, 0.4533472955226898, 0.17806369066238403, -0.26036736369132996, -0.040227003395557404, -0.46289753913879395, -0.6691647171974182, -0.42924749851226807, 0.8713490962982178, -0.20598550140857697, 0.1889626532793045, -0.2523811459541321, -0.10573095828294754, 0.21461062133312225, 0.2707008421421051, -0.28794896602630615, -0.23586219549179077, 0.06934235244989395, -0.516805112361908, 0.4131038188934326, -0.09101752191781998, -0.5130273103713989, -0.8733885288238525, 0.1415688842535019, -0.976972222328186, -0.10663576424121857, -0.5081714391708374, 0.3395954966545105, -0.23073841631412506, -0.03942260146141052, 0.5653249621391296, 0.6219737529754639, 0.06276726722717285, 0.5100812315940857, -0.00014091120101511478, -0.14204661548137665, 0.2094319760799408, -0.41371896862983704, 0.24226129055023193, 1.0167222023010254, 0.8144105672836304, -0.29925742745399475, 0.1584610641002655, 0.26230373978614807, 0.16862356662750244, -0.8553444743156433, -0.3842330276966095, 0.6879639029502869, 0.06693773716688156, -0.12715081870555878, -0.5667373538017273, 0.3625130355358124, -0.23328767716884613, -0.6544727087020874, -0.6352055668830872, 0.7215900421142578, -0.007830428890883923, -0.005150076933205128, 0.3596605062484741, 0.17625582218170166, 1.0693084001541138, 0.4243241250514984, -0.5206557512283325, 0.02385384403169155]"
model,"[0.7211638689041138, -0.31916892528533936, -0.6862833499908447, -0.3594464361667633, -0.09991800785064697, -0.4436098635196686, -0.20908774435520172, 0.45298612117767334, 0.40680545568466187, -0.10303851962089539, 0.5676286220550537, -1.0257742404937744, 0.2587755024433136, -0.03731870651245117, 0.4731387495994568, 0.15395519137382507, -0.16386254131793976, -0.8407350778579712, 0.403565376996994, -0.783964216709137, -0.08749072253704071, -0.30631962418556213, -0.35604798793792725, -0.3144530951976776, -0.17013055086135864, 0.27813103795051575, 0.4591682553291321, 0.022947002202272415, -0.0214740838855505, -0.09891068190336227, 0.46141162514686584, -0.07836153358221054, -0.1523175686597824, 0.6714339852333069, -0.7464607357978821, 0.46541762351989746, -0.18082295358181, 0.8376331925392151, 0.08692388236522675, -0.33072134852409363, -0.10413265973329544, -0.2917634844779968, -0.2384885847568512, -0.24186939001083374, 0.7718011140823364, -0.38487109541893005, 0.15122446417808533, -0.08341728895902634, -0.17642703652381897, 0.5729175209999084, 0.14301586151123047, -0.5418957471847534, 0.15603739023208618, -0.03025365062057972, -0.36920177936553955, 0.27619314193725586, 0.0313904769718647, -0.3320421874523163, -0.7097896933555603, 0.16577278077602386, -0.7691146731376648, -0.10050711035728455, -0.5155376195907593, 0.5910527110099792, -0.1487194448709488, -0.2123388946056366, 0.474672794342041, 0.6631475687026978, 0.10971006751060486, 0.6496857404708862, -0.019835831597447395, -0.5188646912574768, 0.2562249004840851, -0.45605602860450745, -0.08493444323539734, 0.6422659158706665, 0.8721258640289307, -0.44325318932533264, 0.24651362001895905, 0.2356088012456894, 0.11277097463607788, -1.1178879737854004, -0.48344117403030396, 0.5989441275596619, 0.27340757846832275, -0.2398526519536972, -0.360419899225235, 0.34685075283050537, -0.42944636940956116, -0.4123462736606598, -0.5880590081214905, 0.5561681985855103, -0.13327981531620026, 0.44604745507240295, 0.11142527312040329, -0.003908154089003801, 0.8664345145225525, 0.5263550877571106, -0.48079007863998413, 0.09044834226369858]"
cloud,"[0.6192192435264587, -0.0516725517809391, -0.5561020970344543, 0.01868155598640442, -0.18891003727912903, -0.2994707226753235, 0.04764031991362572, 0.3385936915874481, 0.2522214949131012, 0.0021492568776011467, 0.45429015159606934, -0.8262879252433777, 0.21704646944999695, 0.042212147265672684, 0.266806960105896, 0.0790514126420021, -0.15017622709274292, -0.40913426876068115, 0.2586265206336975, -0.6699059009552002, -0.1867910474538803, -0.1715499311685562, -0.25431275367736816, -0.20284844934940338, -0.2987813949584961, 0.21117369830608368, 0.4989877939224243, -0.018390610814094543, -0.12366092950105667, -0.06756642460823059, 0.2607889771461487, 0.023459462448954582, -0.09613525867462158, 0.5437394976615906, -0.6448472738265991, 0.42055901885032654, 0.01650156080722809, 0.6209574937820435, 0.009037544950842857, -0.10190699249505997, -0.08985643088817596, -0.2788546085357666, -0.25097891688346863, -0.2666483223438263, 0.5918844938278198, -0.4420415163040161, 0.16905952990055084, -0.12860797345638275, -0.02957558073103428, 0.30974963307380676, 0.3392525613307953, -0.5480917096138, 0.07150765508413315, -0.11009636521339417, -0.2899976372718811, 0.11725518107414246, -0.009497059509158134, -0.3059521019458771, -0.5952790975570679, -0.021753866225481033, -0.7624414563179016, -0.10949768126010895, -0.4409528076648712, 0.2151348888874054, -0.06595173478126526, -0.1841903179883957, 0.3265608847141266, 0.6261618137359619, -0.1713029444217682, 0.4747239351272583, 0.10205111652612686, -0.14911912381649017, 0.18968844413757324, -0.3141299784183502, -0.08009245246648788, 0.45696818828582764, 0.666480302810669, -0.4448870122432709, 0.10360055416822433, 0.08285367488861084, -0.08708898723125458, -0.9365031719207764, -0.42216387391090393, 0.5717279314994812, 0.21033965051174164, -0.3150025010108948, -0.39724478125572205, 0.14952696859836578, -0.3683481216430664, -0.16646087169647217, -0.4309070408344269, 0.5099184513092041, -0.21658597886562347, 0.4622218906879425, 0.4908682405948639, 0.03235020488500595, 0.5681528449058533, 0.5285891890525818, -0.5031145215034485, -0.015703242272138596]"
healthcare,"[0.7396210432052612, -0.028858516365289688, -0.4777522683143616, -0.0219681728631258, -0.32692140340805054, -0.3105303645133972, 0.017121462151408195, 0.36650556325912476, 0.27758896350860596, -0.11895862221717834, 0.4315680265426636, -0.7892284989356995, 0.2207397222518921, -0.04814558103680611, 0.415116548538208, 0.1642255336046219, -0.13174709677696228, -0.36740005016326904, 0.27564942836761475, -0.8100680708885193, -0.13432776927947998, -0.2316286563873291, -0.26814496517181396, -0.2611805498600006, -0.38773873448371887, 0.30954188108444214, 0.5124614834785461, 0.01690351776778698, -0.07913096249103546, -0.058487989008426666, 0.1810583770275116, 0.06823379546403885, -0.0694255456328392, 0.5631279349327087, -0.6150058507919312, 0.4226439297199249, 0.05423026531934738, 0.5066834092140198, -0.02080356888473034, -0.13927562534809113, -0.056342363357543945, -0.22153201699256897, -0.17231395840644836, -0.2396591305732727, 0.6912057995796204, -0.4614020884037018, 0.17608800530433655, -0.09868109226226807, -0.03697638213634491, 0.1916435807943344, 0.30379509925842285, -0.47241005301475525, 0.10700125992298126, -0.11661871522665024, -0.25655585527420044, 0.19553472101688385, -0.12300673127174377, -0.25452205538749695, -0.6996349692344666, -0.06669384986162186, -0.6997454762458801, -0.0128687908872962, -0.5201142430305481, 0.26004210114479065, -0.010460556484758854, -0.06026940047740936, 0.2981696128845215, 0.5578622817993164, -0.11959289014339447, 0.3483794033527374, 0.05630036070942879, -0.06632277369499207, 0.15919870138168335, -0.30345237255096436, -0.047071345150470734, 0.5266231894493103, 0.7859494686126709, -0.4898988604545593, 0.15943609178066254, 0.01666438952088356, -0.13853055238723755, -0.8509457111358643, -0.5184506177902222, 0.5356718897819519, 0.14513176679611206, -0.23296676576137543, -0.41658908128738403, 0.24935373663902283, -0.33356237411499023, -0.16661907732486725, -0.3868829011917114, 0.46860650181770325, -0.22586101293563843, 0.49804961681365967, 0.4142027795314789, -0.03156818449497223, 0.5273336172103882, 0.5233423709869385, -0.48025602102279663, -0.08160994946956635]"
latin,"[-0.13510949909687042, -0.2745685875415802, -0.4614424705505371, 0.37499427795410156, -0.05958721786737442, 0.022781772539019585, -0.1276179403066635, -0.13677501678466797, -0.37356114387512207, 0.12862004339694977, 0.6003373861312866, -0.19983521103858948, 0.11521342396736145, -0.4334638714790344, -0.4062020182609558, 0.4207337498664856, -0.2487097829580307, -1.6757982969284058, 0.7916771173477173, -0.6296445727348328, -0.641092836856842, 0.25278154015541077, 0.6186119914054871, -0.4868430495262146, 0.5181697607040405, 1.0910261869430542, -0.5977779626846313, -0.11537111550569534, 0.15071488916873932, 0.1956891417503357, 0.5335071086883545, 0.5341807007789612, -0.29830363392829895, 0.44710204005241394, 0.00805235467851162, -0.16101659834384918, -0.4681168496608734, -0.9730020761489868, -0.5229235291481018, -0.7158650159835815, -0.17564181983470917, -1.9136557579040527, 0.03169330954551697, -0.3177616596221924, 0.004650702700018883, -0.7630087733268738, -1.0018631219863892, -0.5694151520729065, 0.28696852922439575, 0.4397217929363251, -0.6658140420913696, 0.39838165044784546, 1.265457034111023, -0.35624414682388306, -0.3970593810081482, -0.9433820247650146, 0.4645022451877594, 0.6074455380439758, 0.057142432779073715, -0.09006534516811371, -0.21264098584651947, 0.5703548789024353, 0.012851524166762829, 0.04264502227306366, -0.10088647902011871, -0.520725429058075, -0.2052890956401825, 0.8489006161689758, -0.7259779572486877, 0.5914392471313477, -0.8890265226364136, -0.5167050957679749, 0.7268949151039124, 0.003826661268249154, 0.3166312277317047, 0.6227986216545105, 0.595813512802124, 0.4122823178768158, 0.11579183489084244, -0.04830259457230568, 1.167543888092041, -1.011705756187439, -0.4061240553855896, 1.1024041175842285, -0.060928262770175934, 0.454238623380661, 0.6783052682876587, 0.1906849443912506, -0.37005019187927246, 0.7048467993736267, 0.058868978172540665, 0.52557373046875, -0.3306385576725006, 0.4772406220436096, -0.29875651001930237, 0.48978376388549805, 0.04089576378464699, -0.35825079679489136, 0.916832685470581, 0.21860310435295105]"
ibm,"[0.5786930322647095, -0.15349026024341583, -0.1313437819480896, 0.519101619720459, 0.252878338098526, 0.23385022580623627, 0.05925766006112099, 0.17069445550441742, 0.2016802579164505, -0.235734760761261, 0.439231812953949, -0.34404805302619934, -0.2507927417755127, 0.2921065390110016, -0.8530360460281372, -0.11534062772989273, 0.49232959747314453, -0.6042342185974121, 0.47229665517807007, -0.9291265606880188, 0.04754463955760002, -0.12974707782268524, -0.29761990904808044, 0.09820455312728882, 0.12932798266410828, 0.18862348794937134, -0.056526001542806625, -0.2386665940284729, 0.5223188400268555, -0.006224021781235933, -0.4921456575393677, 0.695838987827301, -0.5517206192016602, 0.3479119837284088, -0.24711565673351288, 0.6939689517021179, -0.07523579895496368, -0.39050033688545227, -0.10778886824846268, -0.08953451365232468, -0.11306505650281906, -0.19277596473693848, -0.5312039852142334, -0.009568491019308567, 0.4583127796649933, -0.24322699010372162, 0.34699246287345886, -0.5343875885009766, -0.126740500330925, -0.17194080352783203, -0.3131089210510254, -0.5699180960655212, -0.11199606955051422, 0.6505039930343628, 0.3058411180973053, 0.18771199882030487, 0.335010290145874, 0.35691338777542114, -0.2696272134780884, -0.632541298866272, 0.5479797720909119, -0.3214458227157593, -0.016419509425759315, -0.4398053288459778, -0.1051199734210968, -0.34030428528785706, -0.19182763993740082, 0.1397312432527542, -0.09386689960956573, 0.23408257961273193, -0.546535074710846, 0.4539264738559723, 0.03822345286607742, -0.3568195104598999, 0.13332544267177582, 0.009710239246487617, -0.2944857180118561, -0.10085128992795944, 0.22396084666252136, -0.20077745616436005, 0.4722574055194855, -0.3625710606575012, -0.1116846352815628, 0.9904173016548157, -0.4670501947402954, -0.34400033950805664, 0.20667274296283722, 0.2924049198627472, -0.42522770166397095, -0.2599700689315796, 0.4628083407878876, 0.22764216363430023, -0.11073815077543259, 0.8171109557151794, 0.6656069755554199, 0.23505179584026337, 0.10547973960638046, 0.7504352331161499, 0.6325315237045288, 0.5952868461608887]"
europe,"[0.05768081173300743, 0.03690468147397041, -0.11818429827690125, 0.5589425563812256, -0.11423959583044052, -0.11000128835439682, 0.46524882316589355, -0.5881767272949219, -0.5118212699890137, 0.5045628547668457, -0.022791970521211624, -0.5617272853851318, 0.1675039827823639, -0.10644153505563736, -0.30004575848579407, -0.18800057470798492, 0.03156287595629692, -1.1315815448760986, 0.22615404427051544, -0.2786064147949219, -0.011199488304555416, 0.5349572896957397, 0.18963423371315002, 0.18074439465999603, 0.2982098162174225, 0.47947320342063904, -0.6438828706741333, -0.16484905779361725, 0.020411213859915733, -0.020875830203294754, 0.6247326135635376, 0.7963991761207581, -0.39557984471321106, 0.1214827373623848, -0.3493001461029053, 6.866431067464873e-05, 0.19374783337116241, -0.23790358006954193, -0.4111914038658142, -0.8251683712005615, -0.2623051702976227, -1.2668354511260986, 0.05452756583690643, -0.14351503551006317, -0.3482931852340698, -0.31542810797691345, -1.2080312967300415, -0.03344109281897545, 0.7331653833389282, 0.023791205137968063, -0.28475257754325867, 0.29027968645095825, 0.9938690066337585, -0.6341673135757446, -0.5978671908378601, -0.21518227458000183, 0.4366365075111389, 0.3084096908569336, 0.10313133150339127, -0.2084481418132782, -0.31639981269836426, 0.3271980285644531, 0.04086967930197716, -0.5688323974609375, -0.4672519862651825, -0.16076689958572388, -0.3306354880332947, 0.4781845211982727, -0.22881603240966797, 0.16838309168815613, -0.6306201219558716, -0.20035071671009064, 0.42064204812049866, 0.10841348767280579, 0.05866784229874611, 0.7661035060882568, 0.8953065276145935, 0.056629519909620285, 0.030268868431448936, 0.10107474774122238, 0.47451913356781006, -0.47010624408721924, -0.3399941623210907, 0.8456245064735413, -0.46002206206321716, 0.27750611305236816, 0.721130907535553, 0.06827789545059204, -0.12435170263051987, 0.24948467314243317, 0.5512917637825012, 0.714405357837677, -0.6137832999229431, 0.0823540911078453, -0.19728267192840576, 0.34477487206459045, -0.09217240661382675, -0.28823867440223694, 0.2010440230369568, 0.24401775002479553]"
aws,"[0.665444552898407, -0.00422013271600008, -0.48737719655036926, -0.08798030018806458, -0.19016413390636444, -0.31684210896492004, 0.06164960190653801, 0.38346153497695923, 0.16131004691123962, -0.05366263538599014, 0.37756210565567017, -0.824333131313324, 0.1684916913509369, 0.04650093987584114, 0.2074906826019287, 0.14504487812519073, -0.08295705914497375, -0.41563305258750916, 0.2161041647195816, -0.7503333687782288, -0.1456095278263092, -0.27850836515426636, -0.22931773960590363, -0.22192542254924774, -0.29661989212036133, 0.20397089421749115, 0.41475728154182434, -0.07834021747112274, -0.05130414292216301, -0.0776364803314209, 0.18648211658000946, 0.027495238929986954, -0.14381049573421478, 0.5897602438926697, -0.6224696040153503, 0.36751610040664673, 0.0062998216599226, 0.6073465943336487, 0.08055204153060913, -0.09913623332977295, -0.02069374918937683, -0.2830412685871124, -0.1962757706642151, -0.2796594798564911, 0.5964996814727783, -0.42484337091445923, 0.15767574310302734, -0.08769825100898743, -0.136220321059227, 0.3550586700439453, 0.3609878420829773, -0.6106879711151123, 0.10128848254680634, -0.032547663897275925, -0.2870233356952667, 0.16749249398708344, -0.03481951728463173, -0.18045572936534882, -0.5993300080299377, 0.05475178360939026, -0.7000088095664978, -0.1478058248758316, -0.40015485882759094, 0.26282915472984314, -0.04917953535914421, -0.24450622498989105, 0.4279593825340271, 0.6793369054794312, -0.1011185497045517, 0.40193817019462585, -0.07231694459915161, -0.07080476731061935, 0.1263381391763687, -0.33100569248199463, -0.07940131425857544, 0.4475332796573639, 0.6367496848106384, -0.33164656162261963, 0.1391824334859848, 0.1590932011604309, 0.06374190747737885, -0.8353999257087708, -0.3124174177646637, 0.5332891345024109, 0.30867719650268555, -0.26005256175994873, -0.3694345951080322, 0.24076363444328308, -0.2654504179954529, -0.24501298367977142, -0.48484519124031067, 0.5247838497161865, -0.23935337364673615, 0.43913161754608154, 0.5204240679740906, 0.061439186334609985, 0.6050194501876831, 0.5421380400657654, -0.4322368800640106, 0.07137095928192139]"
quest,"[0.6495340466499329, -0.028984514996409416, -0.5237169861793518, -0.11977433413267136, -0.24018612504005432, -0.2611527442932129, -0.016638940200209618, 0.42182421684265137, 0.24054883420467377, -0.0024970879312604666, 0.3658730089664459, -0.7560876607894897, 0.11330332607030869, 0.10217665880918503, 0.19620868563652039, 0.2756641209125519, -0.11989172548055649, -0.542342483997345, 0.27401670813560486, -0.6590075492858887, -0.129744753241539, -0.29519161581993103, -0.25572919845581055, -0.2641020715236664, -0.2704971432685852, 0.2268221080303192, 0.3899899125099182, -0.03063109703361988, 0.007311730645596981, -0.018177606165409088, 0.1968853920698166, -0.04630107060074806, -0.06176881492137909, 0.4790612459182739, -0.6398278474807739, 0.33140578866004944, -0.015112191438674927, 0.5194603800773621, 0.011047856882214546, -0.17147576808929443, -0.1252727061510086, -0.3043738901615143, -0.23754353821277618, -0.2629352807998657, 0.6810941696166992, -0.35694169998168945, 0.21453705430030823, -0.09491809457540512, -0.1261494755744934, 0.39211592078208923, 0.26003727316856384, -0.5279067754745483, 0.03410135954618454, -0.13225077092647552, -0.1662924587726593, 0.09273036569356918, -0.01400592178106308, -0.15593338012695312, -0.5011303424835205, -0.010064116679131985, -0.7094025015830994, -0.162321999669075, -0.5160074234008789, 0.24959339201450348, -0.05403372272849083, -0.2620140016078949, 0.34630337357521057, 0.7098186016082764, -0.1036691665649414, 0.4553225338459015, -0.02646329067647457, -0.17181627452373505, 0.16559366881847382, -0.27168190479278564, 0.007762257009744644, 0.45261022448539734, 0.5350404381752014, -0.3561551868915558, 0.0803350955247879, 0.1302976757287979, 0.03631886839866638, -0.9033132195472717, -0.32120537757873535, 0.6462025046348572, 0.31155869364738464, -0.3027346730232239, -0.36325404047966003, 0.1553562730550766, -0.3177127242088318, -0.19872254133224487, -0.44323626160621643, 0.5204944014549255, -0.18818530440330505, 0.4418764114379883, 0.4325689971446991, 0.04472619667649269, 0.5603065490722656, 0.5128845572471619, -0.43345582485198975, 0.1070534810423851]"
east,"[-0.10549552738666534, 0.06363402307033539, -0.05800875276327133, 0.5578069090843201, -0.07641401141881943, -0.04760793223977089, 0.3885698616504669, -0.45881012082099915, -0.6129278540611267, 0.5018622875213623, 0.0004196828231215477, -0.5078475475311279, -0.030589761212468147, -0.2531529366970062, -0.24791191518306732, -0.1617598831653595, 0.08781726658344269, -1.1383761167526245, 0.032995112240314484, -0.32015979290008545, -0.22815732657909393, 0.5463283658027649, 0.41655051708221436, 0.13827964663505554, 0.33239758014678955, 0.4150839149951935, -0.5987477898597717, -0.05504298582673073, 0.03585459291934967, -0.16330140829086304, 0.5729449391365051, 0.7717912197113037, -0.22483007609844208, -0.07750972360372543, -0.13541987538337708, -0.17466294765472412, 0.09333336353302002, -0.28452882170677185, -0.14726665616035461, -0.8825517296791077, -0.04378083720803261, -1.3748254776000977, -0.01724395900964737, -0.14724230766296387, -0.5291043519973755, -0.44552743434906006, -1.2680131196975708, 0.11869692802429199, 0.755128026008606, -0.07625248283147812, -0.08828513324260712, 0.32437536120414734, 1.006809949874878, -0.46880432963371277, -0.7281673550605774, -0.17108911275863647, 0.4414861500263214, 0.3097185492515564, 0.22361938655376434, -0.08895254880189896, -0.19415464997291565, 0.2903163433074951, 0.17137373983860016, -0.6601954698562622, -0.4974457323551178, -0.0824320912361145, -0.13697564601898193, 0.6064537763595581, -0.3859211206436157, 0.03374920412898064, -0.6915683746337891, -0.01139959879219532, 0.35319218039512634, 0.10279062390327454, 0.2859281003475189, 0.7554991841316223, 0.8302925825119019, 0.1874772608280182, 0.22375135123729706, 0.14603975415229797, 0.40006452798843384, -0.16213558614253998, -0.10503891110420227, 0.8305474519729614, -0.4077911972999573, 0.38527002930641174, 0.614975094795227, 0.26103901863098145, -0.00195612502284348, 0.1850479394197464, 0.5605419278144836, 0.5960108041763306, -0.551821231842041, -0.09551398456096649, -0.1758461892604828, 0.3569885492324829, -0.06641995906829834, -0.41219499707221985, 0.3136095404624939, 0.10807827860116959]"
middle,"[0.11295018345117569, -0.031477317214012146, -0.10211591422557831, 0.4557955861091614, 0.028864175081253052, -0.05726667866110802, 0.4039914608001709, -0.3962078094482422, -0.493072509765625, 0.411986768245697, 0.0653509795665741, -0.5928468108177185, -0.001656894339248538, -0.20675930380821228, -0.2368452250957489, -0.13532604277133942, 0.025844614952802658, -1.1823842525482178, 0.14800195395946503, -0.47764959931373596, -0.0941748321056366, 0.6115570068359375, 0.24704378843307495, 0.08327551186084747, 0.2795470058917999, 0.5454613566398621, -0.650604248046875, -0.3074358403682709, 0.04483850300312042, -0.009923731908202171, 0.5835098624229431, 0.6936864256858826, -0.3174579441547394, 0.09431490302085876, -0.40761926770210266, 0.005387434270232916, -0.0014332609716802835, -0.17357075214385986, -0.30400922894477844, -0.952999472618103, -0.040874138474464417, -1.3124189376831055, 0.07357979565858841, 0.12015452235937119, -0.37804606556892395, -0.23037877678871155, -1.154131531715393, 0.013044790364801884, 0.49600735306739807, 0.010193993337452412, -0.3321937322616577, 0.12396832555532455, 0.9855180382728577, -0.501969039440155, -0.5955086946487427, -0.26255711913108826, 0.42277443408966064, 0.2738417387008667, 0.01772576943039894, -0.15081365406513214, -0.27790597081184387, 0.3901054561138153, 0.10744093358516693, -0.4408104419708252, -0.39151597023010254, -0.1324499547481537, -0.10488443076610565, 0.71809983253479, -0.3864689767360687, 0.2587072551250458, -0.6314319968223572, -0.04629075154662132, 0.43721431493759155, 0.15873366594314575, 0.21825656294822693, 0.6447979807853699, 0.8824643492698669, 0.1375739425420761, 0.011726425029337406, 0.06190810725092888, 0.5037213563919067, -0.4053046703338623, -0.26125237345695496, 0.8001953363418579, -0.36780858039855957, 0.22281301021575928, 0.6976168751716614, 0.20465876162052155, -0.22676481306552887, 0.2836313247680664, 0.5875466465950012, 0.6542757749557495, -0.5175773501396179, 0.28861525654792786, -0.12969693541526794, 0.45231541991233826, 0.06753931194543839, -0.2768170237541199, 0.23303768038749695, 0.21000131964683533]"
iphone,"[0.6765502691268921, -0.04055308550596237, -0.5351355671882629, -0.08150460571050644, -0.26975584030151367, -0.302828311920166, 0.06525230407714844, 0.39473167061805725, 0.20994193851947784, 0.0038485375698655844, 0.4188928008079529, -0.7451784610748291, 0.17389929294586182, 0.02666308917105198, 0.3740222454071045, 0.16172468662261963, -0.18571214377880096, -0.4080365300178528, 0.3033658564090729, -0.709273636341095, -0.10838472098112106, -0.27311018109321594, -0.2800762355327606, -0.28580519556999207, -0.2980877757072449, 0.2385321706533432, 0.545031726360321, -0.010380975902080536, -0.06468077749013901, -0.047498270869255066, 0.2280542105436325, 0.09446271508932114, -0.10880429297685623, 0.4694807231426239, -0.5925232768058777, 0.3863357603549957, -0.00994184985756874, 0.5295118093490601, -0.02939957194030285, -0.1926921010017395, -0.16308532655239105, -0.1552542895078659, -0.20298011600971222, -0.2437858283519745, 0.6320732235908508, -0.4379713833332062, 0.2560335695743561, -0.1039418876171112, -0.06339151412248611, 0.2994571328163147, 0.3842378258705139, -0.5292637944221497, -0.0018358107190579176, -0.08201112598180771, -0.2950853407382965, 0.0452047623693943, -0.05807497352361679, -0.27021658420562744, -0.6153029799461365, -0.03163998946547508, -0.7660908699035645, 0.0012310555903241038, -0.5589450597763062, 0.2583670914173126, -0.09057116508483887, -0.14792026579380035, 0.4294692873954773, 0.6463754177093506, -0.19406916201114655, 0.4767339527606964, 0.015033535659313202, -0.15053920447826385, 0.21151699125766754, -0.28899720311164856, 0.011248567141592503, 0.5104002356529236, 0.7112676501274109, -0.4290258586406708, 0.0484425388276577, 0.10437726974487305, -0.05909929424524307, -0.8806240558624268, -0.4051162600517273, 0.5519220232963562, 0.1463623344898224, -0.30210500955581665, -0.36034825444221497, 0.18894940614700317, -0.3831646144390106, -0.18457305431365967, -0.405940979719162, 0.551966667175293, -0.2100490927696228, 0.5232995748519897, 0.4510047137737274, -0.028025778010487556, 0.5881426930427551, 0.5674597024917603, -0.45626339316368103, 0.00977740716189146]"
banking,"[0.760302722454071, 0.14720368385314941, -0.5582337379455566, -0.1945493519306183, -0.08561539649963379, -0.49127450585365295, -0.0893501415848732, 0.5317867994308472, 0.3967311978340149, 0.04999373108148575, 0.3878307640552521, -0.9786056876182556, 0.24371610581874847, 0.16094857454299927, 0.7869725823402405, 0.09535835683345795, -0.19335860013961792, -0.46473565697669983, 0.21738357841968536, -0.9423842430114746, -0.14913718402385712, -0.11097633093595505, -0.22225894033908844, -0.11526758968830109, 0.05059574916958809, 0.35297057032585144, 0.63419109582901, 0.039320074021816254, -0.3807379901409149, -0.15906967222690582, 0.22502370178699493, -0.23447954654693604, -0.0028411056846380234, 0.468811571598053, -0.603710412979126, 0.42256960272789, 0.12742473185062408, 0.7096270322799683, 0.29389768838882446, -0.20214135944843292, -0.27114880084991455, -0.3575301468372345, -0.4304367005825043, -0.2367027997970581, 0.7400894165039062, -0.052006080746650696, 0.13804124295711517, -0.13674668967723846, -0.04077333211898804, 0.38183245062828064, 0.23506741225719452, -0.49781274795532227, -0.17352376878261566, 0.021420244127511978, -0.3995150923728943, 0.4697765111923218, -0.21877554059028625, -0.3506285846233368, -0.8457996249198914, 0.12171715497970581, -0.846038818359375, -0.03246598690748215, -0.6103917956352234, 0.403158962726593, -0.02066579833626747, 0.12696991860866547, 0.6078556776046753, 0.6672893762588501, 0.0026534271892160177, 0.5825523138046265, 0.07743984460830688, -0.12921451032161713, 0.09589553624391556, -0.34201696515083313, -0.053177639842033386, 0.935475766658783, 1.050946593284607, -0.484898179769516, 0.30365246534347534, 0.34973424673080444, 0.08145872503519058, -0.9171421527862549, -0.2939670979976654, 0.4928533732891083, 0.22516506910324097, -0.03267628327012062, -0.42362290620803833, 0.40808266401290894, -0.2968244254589081, -0.37170839309692383, -0.3739778697490692, 0.7360208034515381, -0.07743452489376068, 0.1489938348531723, 0.3404983580112457, 0.09439368546009064, 0.9250555038452148, 0.38117530941963196, -0.5968107581138611, -0.003989832941442728]"
investment,"[0.640108585357666, -0.004923276603221893, -0.7673385739326477, -0.15295127034187317, 0.019833622500300407, -0.3347375690937042, -0.03434194251894951, 0.41989949345588684, 0.11544967442750931, -0.04266456514596939, 0.6063036918640137, -0.9316174983978271, 0.2202887237071991, 0.05521181598305702, 0.7379453778266907, 0.24763014912605286, -0.19921457767486572, -0.48898059129714966, 0.2236463874578476, -0.8440863490104675, -0.20071880519390106, -0.07225178182125092, -0.28645652532577515, -0.08018458634614944, -0.013890829868614674, 0.26855170726776123, 0.6274113655090332, 0.010639471001923084, -0.18295003473758698, -0.09098529070615768, 0.26983293890953064, -0.12427634000778198, -0.2339533567428589, 0.5218656063079834, -0.8070868253707886, 0.5353813171386719, 0.1879529356956482, 0.576393723487854, 0.12801560759544373, -0.1631205528974533, -0.08010660856962204, -0.08870712667703629, -0.1540161520242691, -0.2632225751876831, 0.7468500137329102, -0.44171789288520813, 0.22956858575344086, -0.018940141424536705, -0.1621754914522171, 0.4167131185531616, 0.3321453630924225, -0.5326454639434814, 0.036900732666254044, 0.08776973187923431, -0.4256429672241211, 0.08382748812437057, -0.009160131216049194, -0.3248277008533478, -0.7207173109054565, 0.1804029643535614, -0.7979336380958557, 0.17296946048736572, -0.6528448462486267, 0.32908669114112854, -0.15887126326560974, -0.0442131832242012, 0.5046645402908325, 0.6069350242614746, 0.1324974000453949, 0.40286365151405334, -0.07923123240470886, -0.2526722848415375, 0.21716587245464325, -0.3919239938259125, -0.18116377294063568, 0.7293825745582581, 0.9702510237693787, -0.4987519085407257, 0.24926753342151642, 0.17029187083244324, 0.1005171462893486, -0.9602771401405334, -0.4643104374408722, 0.37262579798698425, 0.12718142569065094, -0.09272759407758713, -0.5863972306251526, 0.19917163252830505, -0.5084081292152405, -0.27210015058517456, -0.49235036969184875, 0.7857401371002197, -0.2482415735721588, 0.4757366180419922, 0.5140932202339172, -0.040455106645822525, 0.8400799632072449, 0.48609861731529236, -0.474166601896286, -0.004842513240873814]"
pressure,"[0.3198036849498749, -0.17110003530979156, 0.01981765404343605, 0.07831816375255585, -0.22955650091171265, -0.25860562920570374, -0.5273092985153198, 0.31758370995521545, -0.1269361525774002, 0.07651529461145401, 0.08676736801862717, -0.3188808560371399, 0.18649622797966003, 0.39449644088745117, -0.7375437021255493, 0.17941297590732574, 0.2630767524242401, 0.0934842973947525, 0.02549716830253601, -1.102129578590393, -0.006706938613206148, 0.5913488268852234, -0.03925206512212753, -0.06997927278280258, 0.09142476320266724, -0.20790445804595947, -0.1145811676979065, -0.26100918650627136, 0.265370637178421, 0.37643197178840637, 0.35223308205604553, 0.18600736558437347, -0.6191831827163696, 0.5048291087150574, -0.1871863156557083, 0.0778319463133812, 0.43253129720687866, 0.2441616803407669, 0.4257708787918091, 0.16257870197296143, -0.0319942869246006, -0.46925854682922363, 0.6827989220619202, 0.021003466099500656, 0.6370593905448914, -0.11866524070501328, -0.023740988224744797, -0.27321308851242065, 0.30526483058929443, 0.17620539665222168, -0.43900150060653687, 0.0688730999827385, 0.13394369184970856, -0.37104734778404236, 0.3956923484802246, 0.28272563219070435, 0.4024617075920105, 0.3271288573741913, -0.18601155281066895, 0.3336087465286255, 0.025003831833600998, 0.4590553343296051, 0.025434473529458046, 0.41337156295776367, 0.08524657040834427, -0.3013255000114441, -0.03882872685790062, 0.09042816609144211, 0.04689888656139374, -0.025827961042523384, -0.9024818539619446, -1.2291573286056519, -0.3544778525829315, -0.28866997361183167, 0.007115890737622976, -0.10018734633922577, 0.008642937056720257, -0.24287226796150208, -0.46232762932777405, 0.07877985388040543, 0.24800795316696167, -0.3527645468711853, -0.8267615437507629, 0.7842836380004883, 0.06840132921934128, -0.003711036406457424, -0.08056418597698212, -0.039317574352025986, 0.4706512987613678, -0.16979572176933289, -0.09413443505764008, -0.07863925397396088, 0.26265856623649597, 0.8730902075767517, 0.10621284693479538, 0.2154083549976349, 0.6313651204109192, -0.31480497121810913, -0.10119189321994781, -0.22308941185474396]"
margin,"[0.5272888541221619, -0.46813204884529114, 0.1459851711988449, 0.03404788300395012, -0.295114666223526, -0.4160222113132477, -0.5930079221725464, 0.11582129448652267, -0.14643487334251404, 0.1695767045021057, 0.1636873036623001, -0.3790780007839203, 0.03807332366704941, 0.32840391993522644, -1.0522022247314453, 0.2246139496564865, 0.5470861792564392, 0.1593581885099411, 0.16489839553833008, -1.315040946006775, -0.138840451836586, 0.7672879695892334, -0.1287573277950287, -0.020331379026174545, 0.11614805459976196, -0.3218217194080353, -0.09094685316085815, -0.4429627060890198, 0.36325767636299133, 0.3813785910606384, 0.5909301042556763, 0.26740550994873047, -0.7612947225570679, 0.5580282807350159, -0.4328654706478119, 0.1888371706008911, 0.6195237636566162, 0.17618492245674133, 0.4024960696697235, 0.008816746063530445, -0.11693491786718369, -0.7192261219024658, 0.8663802146911621, 0.2373242825269699, 0.7383381128311157, -0.23148047924041748, 0.0012725823326036334, -0.379084050655365, 0.476500540971756, 0.13525697588920593, -0.6186010241508484, 0.0008878218941390514, 0.2140737771987915, -0.35574570298194885, 0.40071022510528564, 0.31281450390815735, 0.5078577995300293, 0.4310625195503235, -0.42701202630996704, 0.40194249153137207, -0.0013706040335819125, 0.5675522685050964, 0.024353548884391785, 0.300157368183136, 0.07417050749063492, -0.31915202736854553, 0.09511435031890869, -0.12385596334934235, 0.008292258717119694, -0.13135333359241486, -1.1694061756134033, -1.4192930459976196, -0.4265051484107971, -0.4184156656265259, -0.08660875260829926, -0.2031734585762024, -0.07383043318986893, -0.3791767954826355, -0.6403252482414246, -0.011327632702887058, 0.30153679847717285, -0.27023231983184814, -0.9936910271644592, 0.8354935646057129, 0.18198613822460175, -0.028491389006376266, 0.02577933669090271, 0.05023523047566414, 0.4483765661716461, -0.06430114060640335, -0.15520937740802765, -0.04885909706354141, 0.3649232089519501, 1.1779265403747559, 0.09642844647169113, 0.2949014902114868, 0.681193470954895, -0.25367894768714905, -0.07664535194635391, -0.28869062662124634]"
saturation,"[0.2773241102695465, -0.2806195020675659, 0.2400544136762619, 0.02630450949072838, -0.5058184862136841, -0.1823897361755371, -0.7416128516197205, 0.39307644963264465, -1.1216440200805664, -0.18184319138526917, 0.15059299767017365, 0.5319545269012451, 0.07433237880468369, 0.7141001224517822, -0.30304718017578125, 0.4049097001552582, -0.6204348802566528, 0.010698570869863033, -0.37417417764663696, -0.7955636382102966, 0.3678169548511505, 0.40013012290000916, 0.13607335090637207, 0.1434946060180664, -0.26897701621055603, -0.3297071158885956, -0.5917438864707947, -0.5480184555053711, 1.0592141151428223, 0.5116437673568726, -0.10050470381975174, 0.008696060627698898, -0.16603174805641174, 0.34294411540031433, -0.2740284204483032, 0.1613539606332779, 0.1141568198800087, 0.7096201777458191, -0.3624858558177948, 0.25926893949508667, 0.26516860723495483, -0.07443167269229889, 0.5271491408348083, 0.3425310552120209, 0.38637876510620117, -0.5219445824623108, 0.2856431305408478, -0.16079355776309967, 0.15465588867664337, 0.14048011600971222, -0.316832572221756, -0.2798590064048767, -0.42456403374671936, -0.44850555062294006, 0.5012308955192566, -0.3850802481174469, -0.08264095336198807, 0.06142570078372955, 0.5164675712585449, 0.27188146114349365, 0.21271555125713348, 0.30108436942100525, 0.19157949090003967, -0.027005977928638458, -0.20970644056797028, -0.24187920987606049, -0.12229423969984055, 0.12872178852558136, 0.035955820232629776, 0.12227896600961685, -1.3336271047592163, -1.6001590490341187, -0.9595000147819519, 0.04946930333971977, -0.541225254535675, 0.05265757814049721, -0.5207380056381226, 0.03070642054080963, -0.4373127520084381, 0.507480263710022, 0.6048688292503357, 0.07098177075386047, -0.7113076448440552, 0.8219384551048279, -0.08343653380870819, 0.2347874641418457, -0.06294144690036774, -0.34073731303215027, -0.059503424912691116, 0.472299724817276, 0.2434888333082199, -0.14786987006664276, 0.07556726783514023, 0.7138789296150208, 0.2065301239490509, 0.1076577752828598, 0.5361760854721069, -0.22627636790275574, 0.03127318620681763, -0.3875903785228729]"
asia,"[0.03294694423675537, -0.011804814450442791, -0.12137655168771744, 0.4792783856391907, 0.03494414687156677, -0.1658230572938919, 0.3905053734779358, -0.5244526267051697, -0.47408393025398254, 0.44895270466804504, 0.0768551304936409, -0.6060459613800049, 0.0821615532040596, -0.08232823759317398, -0.4346299171447754, -0.18787945806980133, 0.03351642191410065, -1.1338191032409668, 0.20904339849948883, -0.23217108845710754, -0.07823982834815979, 0.4948236048221588, 0.26212143898010254, 0.11673180013895035, 0.31027770042419434, 0.4034408926963806, -0.5589906573295593, -0.16966505348682404, 0.023695338517427444, -0.07380741089582443, 0.631882905960083, 0.6955211758613586, -0.35289230942726135, 0.15706592798233032, -0.29379937052726746, -0.051567643880844116, 0.10188182443380356, -0.1687084138393402, -0.30772361159324646, -0.8106387853622437, -0.21191376447677612, -1.2881827354431152, -0.0033602137118577957, -0.14748212695121765, -0.37471774220466614, -0.2772165834903717, -1.1481597423553467, -0.013915326446294785, 0.6666568517684937, 0.10144812613725662, -0.22426317632198334, 0.22167347371578217, 0.953037440776825, -0.5508330464363098, -0.51393723487854, -0.19310574233531952, 0.4841141700744629, 0.29136666655540466, 0.13427020609378815, -0.18232417106628418, -0.37270602583885193, 0.24817878007888794, 0.16648511588573456, -0.555260181427002, -0.44292891025543213, -0.24023661017417908, -0.2120198756456375, 0.4846397340297699, -0.2975309491157532, 0.22917546331882477, -0.630202054977417, -0.2601903975009918, 0.3991639316082001, 0.08292308449745178, 0.031046569347381592, 0.6596688628196716, 0.7656605243682861, 0.08469787985086441, 0.027302317321300507, 0.11519895493984222, 0.5265780091285706, -0.4125177562236786, -0.26277250051498413, 0.8162983059883118, -0.30320435762405396, 0.2113366425037384, 0.6770680546760559, 0.04160315915942192, -0.09795327484607697, 0.23819313943386078, 0.42323803901672363, 0.6822946667671204, -0.4397906959056854, 0.024172719568014145, -0.15523412823677063, 0.39058569073677063, -0.017874136567115784, -0.2058417648077011, 0.21967467665672302, 0.2488510012626648]"
slowing,"[-0.3477886915206909, 0.019129624590277672, 0.20948119461536407, -0.4262666404247284, 0.17813721299171448, -0.39451709389686584, -0.6349744200706482, 0.2635742723941803, 0.0881442278623581, 0.5519812107086182, -0.40790948271751404, -0.25802910327911377, 0.286268949508667, 0.5851913690567017, -0.167544886469841, -0.10392821580171585, -0.20484183728694916, 0.13085390627384186, 0.20241452753543854, -1.1419456005096436, 0.48945191502571106, 0.35293927788734436, -0.7738164663314819, 0.13618579506874084, 0.04952390491962433, -0.22960899770259857, -0.2458881437778473, -0.2712351977825165, 0.4155729115009308, -0.02594282664358616, 0.29019325971603394, -0.07849487662315369, -0.8737722635269165, 0.5396943092346191, -0.6047011613845825, 0.01708643138408661, 0.45535778999328613, -0.1607356071472168, 0.3579327464103699, -0.1222839504480362, 0.06946507096290588, -0.6277850270271301, 0.3193713128566742, -0.20569296181201935, 0.47788259387016296, -0.26031461358070374, -0.3361436426639557, -0.7439970970153809, 0.8200487494468689, 0.3055339455604553, -0.7916114330291748, 0.28175729513168335, 0.18364998698234558, -0.07764440029859543, 0.7448763251304626, 0.6330529451370239, 0.2030559629201889, 0.47066840529441833, -0.14467021822929382, 0.476461797952652, 0.3961009085178375, 0.6081380844116211, -0.31107738614082336, -0.07427327334880829, -0.08700243383646011, 0.32757410407066345, -0.2594705820083618, -0.8120907545089722, 0.581234872341156, 0.07487791031599045, -1.6371641159057617, -1.2393654584884644, -0.4738267958164215, -0.2245977818965912, -0.07053516805171967, 0.10392022132873535, 0.046422217041254044, -0.042669832706451416, -0.5762446522712708, 0.3308883607387543, 0.39581698179244995, -0.6613780856132507, -0.8697125911712646, 0.7093150019645691, -0.13825052976608276, 0.2223416119813919, -0.046329066157341, 0.04604868218302727, 0.8901105523109436, -0.3051474690437317, -0.341160386800766, 0.13599742949008942, 0.2704581022262573, 0.692463755607605, -0.3646618127822876, -0.1945566087961197, 1.0886638164520264, -0.3911362886428833, -0.13085120916366577, -0.20898722112178802]"
headwinds,"[-0.11331438273191452, -0.02773778885602951, 0.12335506081581116, 0.23338383436203003, -0.30500543117523193, -0.19501176476478577, 0.2647220492362976, 0.15296366810798645, 0.0045874170027673244, 0.16493956744670868, -0.17640338838100433, 0.35184237360954285, 0.5921518802642822, 0.6204378008842468, -0.6238766312599182, -0.5000543594360352, 0.2638096511363983, 1.058613657951355, 0.4021831750869751, -0.31505802273750305, 0.5392016172409058, 0.018527904525399208, -0.7388514876365662, 0.5134317278862, -0.04131319746375084, 0.1374078094959259, 0.11517733335494995, -0.7817187905311584, 0.028979463502764702, 0.9787665009498596, -0.5941600799560547, 0.1301238089799881, -0.8851518034934998, 0.4385966658592224, 1.1081417798995972, 0.020152177661657333, 0.1962738335132599, 0.29004359245300293, 0.5303475260734558, -0.21534350514411926, -0.35460364818573, -0.520544171333313, 0.9135399460792542, 0.5319576263427734, 0.2988722026348114, 0.2791270315647125, -0.2575928568840027, -0.23199212551116943, 0.5494651794433594, 0.19554689526557922, -0.13708311319351196, 0.3559330999851227, 0.1107754185795784, 0.11473388224840164, -0.013315478339791298, -0.11017775535583496, 0.07042651623487473, 0.0881303921341896, -0.6038707494735718, 0.5626860857009888, 0.25280433893203735, 0.7138516902923584, 0.04137660935521126, -0.6381840705871582, -0.2975233495235443, -0.20320682227611542, 0.02571243606507778, 0.489564448595047, -0.2301749289035797, 0.10349351167678833, -0.9011024236679077, -0.5303876399993896, 0.19543930888175964, -0.09655308723449707, 0.016623245552182198, -0.19748017191886902, -0.5277102589607239, -0.020576851442456245, -0.7518336772918701, 0.11989210546016693, 1.0368449687957764, 0.05144169554114342, -0.8124063611030579, 0.6041049957275391, 0.8249589800834656, 0.10790672153234482, -0.2043478637933731, -0.4805438816547394, 0.19129778444766998, -0.12075459957122803, -0.18727102875709534, -0.3733505308628082, -0.0988989993929863, 1.3904322385787964, 0.18729758262634277, 0.26549118757247925, 0.5741355419158936, -0.6374527812004089, -0.03229827433824539, -1.010732650756836]"
intel,"[0.6103280186653137, -0.12701793015003204, -0.15068618953227997, 0.5259398221969604, 0.18316538631916046, 0.23823058605194092, 0.15955784916877747, 0.10087062418460846, 0.1951397806406021, -0.20413024723529816, 0.42265191674232483, -0.3668838143348694, -0.25854814052581787, 0.3122551143169403, -0.7839331030845642, -0.16068418323993683, 0.5046115517616272, -0.5474109649658203, 0.34576717019081116, -0.7952339053153992, 0.09870439022779465, -0.03638004884123802, -0.27666255831718445, 0.24079276621341705, 0.1739278882741928, 0.048519063740968704, -0.07899046689271927, -0.20472189784049988, 0.44756585359573364, -0.049054063856601715, -0.48511338233947754, 0.7112755179405212, -0.5348902940750122, 0.2892124056816101, -0.24800756573677063, 0.6393234133720398, 0.0055831377394497395, -0.30498960614204407, -0.08450807631015778, -0.032375264912843704, -0.1423654705286026, -0.06996193528175354, -0.46197882294654846, -0.07490509003400803, 0.36208605766296387, -0.20096680521965027, 0.295519083738327, -0.4898291528224945, -0.13613654673099518, -0.17375487089157104, -0.23387685418128967, -0.4761466979980469, -0.15256506204605103, 0.5402578711509705, 0.23872683942317963, 0.18210648000240326, 0.33708566427230835, 0.3287281095981598, -0.2735653519630432, -0.6195611953735352, 0.5343659520149231, -0.3280143439769745, -0.0024106320925056934, -0.45819538831710815, -0.12756122648715973, -0.3271874189376831, -0.16844141483306885, 0.12255439907312393, 0.05079864710569382, 0.11594968289136887, -0.5502809882164001, 0.39874666929244995, -0.007455948740243912, -0.32883116602897644, 0.09276152402162552, 0.08586236834526062, -0.27883678674697876, -0.15521354973316193, 0.2714565694332123, -0.1604662984609604, 0.39233896136283875, -0.3253697454929352, -0.08218229562044144, 0.9254472851753235, -0.5201318264007568, -0.3407520055770874, 0.17883136868476868, 0.2692224085330963, -0.3578222393989563, -0.3424663245677948, 0.4568063020706177, 0.2280108630657196, -0.14428099989891052, 0.6825140118598938, 0.6313853859901428, 0.258821040391922, 0.08827375620603561, 0.7276598215103149, 0.49151474237442017, 0.5418291091918945]"
salesforce,"[0.5732458233833313, -0.17787514626979828, -0.06769684702157974, 0.4767187833786011, 0.2927972376346588, 0.23263771831989288, 0.07268521189689636, 0.13338693976402283, 0.26282036304473877, -0.20076847076416016, 0.34885522723197937, -0.35786208510398865, -0.3027844727039337, 0.30878615379333496, -0.7626449465751648, -0.16438888013362885, 0.5175367593765259, -0.5634446144104004, 0.42754969000816345, -0.7694993615150452, 0.07816614210605621, -0.17819322645664215, -0.3440484404563904, 0.11887633800506592, 0.07365665584802628, 0.13441041111946106, -0.05349932983517647, -0.24159957468509674, 0.5189069509506226, 0.014809760265052319, -0.4189754128456116, 0.6947841048240662, -0.5066782236099243, 0.2608283460140228, -0.28271034359931946, 0.6437181234359741, -0.0697968527674675, -0.3865198493003845, -0.08735073357820511, -0.11514317989349365, -0.17544704675674438, -0.09944082796573639, -0.5355340242385864, -0.01895802654325962, 0.40502867102622986, -0.20907016098499298, 0.3117465078830719, -0.41957443952560425, -0.04188798740506172, -0.262897789478302, -0.24358823895454407, -0.5936707258224487, -0.1474858969449997, 0.6020612120628357, 0.30784371495246887, 0.2522362470626831, 0.3276071846485138, 0.2314368188381195, -0.2527848482131958, -0.6382128596305847, 0.4583474099636078, -0.32735440135002136, -0.03997379168868065, -0.48192086815834045, -0.1527886837720871, -0.28143176436424255, -0.11771146953105927, 0.08347856253385544, -0.05385647341609001, 0.22409972548484802, -0.47978585958480835, 0.49859702587127686, -0.019579604268074036, -0.36762240529060364, 0.14190497994422913, 0.006973093841224909, -0.20061379671096802, -0.11064779758453369, 0.12143146991729736, -0.19950737059116364, 0.4193439185619354, -0.29208633303642273, -0.0898873582482338, 0.976054847240448, -0.5072478652000427, -0.3335481584072113, 0.20755621790885925, 0.29906952381134033, -0.4232737421989441, -0.31340184807777405, 0.5150038599967957, 0.22004541754722595, -0.08528076112270355, 0.684480607509613, 0.6367128491401672, 0.16694234311580658, 0.0661168098449707, 0.7748919129371643, 0.5909883379936218, 0.6368139982223511]"
adobe,"[0.5060023069381714, -0.1150813177227974, -0.19077058136463165, 0.4611614942550659, 0.27042150497436523, 0.2293035387992859, 0.05785220116376877, 0.1562538892030716, 0.24202455580234528, -0.15012454986572266, 0.4783504605293274, -0.38656237721443176, -0.2596818506717682, 0.3374637961387634, -0.8593684434890747, -0.20469190180301666, 0.49193280935287476, -0.6727119088172913, 0.44602078199386597, -0.7422277927398682, 0.009913476184010506, -0.1276226043701172, -0.25901034474372864, 0.1365722417831421, 0.15180781483650208, 0.09842526167631149, 0.00687134824693203, -0.23749390244483948, 0.4607677757740021, -0.07448973506689072, -0.3899223208427429, 0.6579918265342712, -0.5331301093101501, 0.2491217851638794, -0.20988810062408447, 0.6028886437416077, -0.1374429613351822, -0.3924301266670227, -0.004609288182109594, -0.17022700607776642, -0.20685547590255737, -0.19777174293994904, -0.6255490183830261, -0.13861259818077087, 0.40868428349494934, -0.14796341955661774, 0.33913344144821167, -0.49443545937538147, -0.10604682564735413, -0.1690511554479599, -0.19806912541389465, -0.5218651294708252, -0.2172534465789795, 0.6198179721832275, 0.3368416428565979, 0.17729030549526215, 0.3799077272415161, 0.29011213779449463, -0.20177078247070312, -0.6331263184547424, 0.4403684437274933, -0.3941092789173126, 0.027896620333194733, -0.47581133246421814, -0.16613200306892395, -0.3994240462779999, -0.1511334776878357, 0.09147737175226212, -0.133090078830719, 0.30475372076034546, -0.4887152910232544, 0.42552924156188965, 0.018632270395755768, -0.3450613021850586, 0.1857312023639679, 0.012905705720186234, -0.3961144983768463, -0.11173837631940842, 0.23860996961593628, -0.14928390085697174, 0.4304386377334595, -0.40216943621635437, -0.0472327321767807, 1.0151057243347168, -0.3980253338813782, -0.39972013235092163, 0.2047852724790573, 0.2464529275894165, -0.33566558361053467, -0.31098830699920654, 0.39296889305114746, 0.2553366720676422, 0.011125124990940094, 0.6310613751411438, 0.6750432848930359, 0.2654200792312622, 0.12073729932308197, 0.7512559294700623, 0.5639830827713013, 0.5827665328979492]"
amd,"[0.5752716660499573, -0.1126980185508728, -0.0663943737745285, 0.5142411589622498, 0.13048146665096283, 0.2591216564178467, 0.1290407031774521, 0.11505831032991409, 0.2578021287918091, -0.2349506914615631, 0.32932576537132263, -0.32644519209861755, -0.19741317629814148, 0.2975240647792816, -0.7045109272003174, -0.15344788134098053, 0.5380892157554626, -0.5110823512077332, 0.3776824176311493, -0.7733076810836792, 0.10024640709161758, -0.1499268263578415, -0.3213898837566376, 0.1776127964258194, 0.1424041986465454, 0.11465194076299667, -0.08675624430179596, -0.165129154920578, 0.4600812494754791, 0.016938628628849983, -0.47531208395957947, 0.6851300597190857, -0.49895209074020386, 0.23473042249679565, -0.22795528173446655, 0.6271551251411438, -0.007127377204596996, -0.3999309241771698, -0.0801553949713707, -0.055783435702323914, -0.19439803063869476, -0.029107026755809784, -0.4717182517051697, -0.04515708610415459, 0.43207016587257385, -0.23339790105819702, 0.35515016317367554, -0.4534199833869934, -0.09794048219919205, -0.23062990605831146, -0.24302856624126434, -0.49719759821891785, -0.18111416697502136, 0.5299376249313354, 0.2655894160270691, 0.2454681694507599, 0.31616905331611633, 0.28347712755203247, -0.2787092626094818, -0.5740886926651001, 0.514208197593689, -0.3372074067592621, -0.07599084824323654, -0.394961416721344, -0.11675889790058136, -0.25347936153411865, -0.1663426011800766, 0.08449995517730713, 0.03735049441456795, 0.15197686851024628, -0.4219667315483093, 0.4775363504886627, -0.010875717736780643, -0.3513699173927307, 0.14337654411792755, 0.07059089839458466, -0.22686944901943207, -0.16016630828380585, 0.20080676674842834, -0.1592111587524414, 0.3294205665588379, -0.27363044023513794, -0.100575290620327, 0.9043059945106506, -0.5744463801383972, -0.29168081283569336, 0.1874302327632904, 0.31449130177497864, -0.34930914640426636, -0.299124151468277, 0.4835655987262726, 0.13785958290100098, -0.1556725949048996, 0.641388475894928, 0.5954322814941406, 0.16585299372673035, 0.0073902360163629055, 0.7091928124427795, 0.5601457357406616, 0.5840874910354614]"
africa,"[0.022625796496868134, 0.004016490187495947, -0.12483382970094681, 0.5234248042106628, -0.11673569679260254, -0.09161270409822464, 0.41625872254371643, -0.5497298836708069, -0.4932718276977539, 0.38944298028945923, 0.011729137040674686, -0.5385216474533081, 0.08294472843408585, -0.1411810964345932, -0.3971533179283142, -0.2001238912343979, 0.03928278014063835, -1.1198838949203491, 0.22226858139038086, -0.2102942317724228, -0.049681246280670166, 0.5512308478355408, 0.24958255887031555, 0.14349894225597382, 0.3122420907020569, 0.39211153984069824, -0.5287717580795288, -0.05403148755431175, -0.022536786273121834, -0.07838284969329834, 0.575687825679779, 0.7135763764381409, -0.3012811243534088, 0.06418950855731964, -0.2608071565628052, -0.05604317784309387, 0.10341009497642517, -0.27169403433799744, -0.2793562114238739, -0.7731015086174011, -0.22593657672405243, -1.131365418434143, 0.036916300654411316, -0.2196345180273056, -0.3406730592250824, -0.2950249910354614, -1.09104323387146, -0.03208044543862343, 0.6319677829742432, 0.028561178594827652, -0.20889896154403687, 0.27144405245780945, 0.8850895762443542, -0.5316961407661438, -0.5277414321899414, -0.23144474625587463, 0.3957158625125885, 0.29858192801475525, 0.07450704276561737, -0.2280779480934143, -0.27567461133003235, 0.23485998809337616, 0.12819984555244446, -0.5444521903991699, -0.4364984929561615, -0.14152021706104279, -0.28599703311920166, 0.40978023409843445, -0.27562952041625977, 0.15411551296710968, -0.5345800518989563, -0.13876771926879883, 0.411325603723526, 0.05607234686613083, 0.07003052532672882, 0.6466883420944214, 0.6932868361473083, 0.07183586806058884, 0.10051009804010391, 0.12737631797790527, 0.4383484721183777, -0.411205917596817, -0.25410839915275574, 0.7866817116737366, -0.3268861770629883, 0.19781531393527985, 0.6590303182601929, 0.10822926461696625, -0.042350608855485916, 0.20430685579776764, 0.46006086468696594, 0.6606370806694031, -0.5062200427055359, -0.024272365495562553, -0.15412405133247375, 0.32284924387931824, -0.10906600207090378, -0.24021291732788086, 0.2311934232711792, 0.16198858618736267]"
oracle,"[0.5352963209152222, -0.12913867831230164, -0.11028384417295456, 0.4406146705150604, 0.19131356477737427, 0.32174152135849, 0.08456896245479584, 0.11122141033411026, 0.12525871396064758, -0.1100090965628624, 0.32568538188934326, -0.2926740348339081, -0.24605438113212585, 0.32061317563056946, -0.6846951842308044, -0.1008104756474495, 0.35853442549705505, -0.5176844000816345, 0.43232810497283936, -0.7994046807289124, 0.11534661054611206, -0.07645270228385925, -0.3142089545726776, 0.15224045515060425, 0.11692868918180466, 0.05078105628490448, 0.018217969685792923, -0.17489394545555115, 0.4451797604560852, 0.019190989434719086, -0.3894125819206238, 0.6893746256828308, -0.5324923992156982, 0.1697980910539627, -0.22919662296772003, 0.6232677102088928, -0.01793574169278145, -0.4084390103816986, -0.14884556829929352, -0.06752239167690277, -0.20635265111923218, -0.047180596739053726, -0.44241249561309814, -0.08223947882652283, 0.4610550105571747, -0.26320022344589233, 0.30596083402633667, -0.4688195288181305, -0.011280170641839504, -0.17150624096393585, -0.21412229537963867, -0.4536920189857483, -0.24419602751731873, 0.5376784205436707, 0.24635159969329834, 0.12162193655967712, 0.28717711567878723, 0.26093941926956177, -0.1956571787595749, -0.5812570452690125, 0.4941096305847168, -0.220442995429039, -0.10054046660661697, -0.5111186504364014, -0.17007698118686676, -0.31017622351646423, -0.1645204722881317, 0.057220086455345154, -0.05263104662299156, 0.17551378905773163, -0.5396401882171631, 0.3675786256790161, -0.007910681888461113, -0.3019644021987915, 0.13704372942447662, 0.06549747288227081, -0.2310066819190979, -0.1191498264670372, 0.18737420439720154, -0.1197933703660965, 0.3997250497341156, -0.3899689018726349, -0.13549673557281494, 0.9298990368843079, -0.5065992474555969, -0.3051595985889435, 0.17641738057136536, 0.2297896444797516, -0.3628239631652832, -0.2518448233604431, 0.4628772735595703, 0.26623186469078064, -0.15802650153636932, 0.6654933094978333, 0.5978182554244995, 0.16733895242214203, 0.08316200226545334, 0.6743066310882568, 0.5343298316001892, 0.5348953604698181]"
americas,"[0.2640833854675293, 0.48102760314941406, -0.07932005822658539, 0.7517464756965637, 0.25857940316200256, -0.8649739623069763, 0.3594054877758026, -0.07143054157495499, -0.4713481664657593, 0.26473715901374817, 0.5851006507873535, -0.4194629192352295, 0.025634324178099632, 1.0041695833206177, -0.43590742349624634, 0.1682092398405075, 0.12332966923713684, -0.08351645618677139, -0.3978746235370636, 0.4378427565097809, 0.2285919487476349, 0.24961116909980774, 0.48589199781417847, -0.13795846700668335, 0.1509973406791687, -0.29160377383232117, -0.3837226927280426, -0.45897790789604187, -0.032249707728624344, -0.2587190270423889, 0.04241255670785904, -0.648659884929657, -0.22426964342594147, 0.46623292565345764, -0.08644700795412064, 0.29196876287460327, -0.1504220962524414, 1.4529988765716553, -0.4254618287086487, -0.33466529846191406, 0.13854514062404633, -0.4867102801799774, -0.6021274328231812, 0.45618948340415955, -0.6641519665718079, 0.5392336249351501, -0.03295283019542694, -0.08529260754585266, -0.6059921979904175, 0.8076910376548767, -0.07340536266565323, -0.6430798172950745, 0.3011033833026886, -0.1561548113822937, 0.09586605429649353, 0.2091779112815857, 0.020162679255008698, 0.6806044578552246, -0.2120296210050583, 0.2295939028263092, -0.07699466496706009, -0.7863405346870422, 0.38497811555862427, -0.5474054217338562, -0.24197746813297272, -0.44004127383232117, 0.022873932495713234, 1.0127283334732056, 0.4013186991214752, 0.4043326675891876, -0.12465297430753708, -0.3854238986968994, 0.1700415313243866, 0.29039448499679565, -0.4971219301223755, 0.4597160816192627, -1.0156207084655762, -0.3996938169002533, -0.0725209191441536, 0.06474868208169937, 0.11096298694610596, -0.3711688816547394, -0.0493646115064621, 0.03726305812597275, 0.6433395147323608, -0.4206233024597168, 0.032541174441576004, -0.8607489466667175, 0.2882089912891388, -0.003959403373301029, -0.24610012769699097, 0.35425665974617004, -0.17289583384990692, 0.6151818633079529, 0.30551737546920776, 0.9103169441223145, 0.269021600484848, 0.3585513234138489, -0.6035680770874023, -0.4138406813144684]"
metas,"[-0.024089382961392403, 0.36161091923713684, 0.1340589076280594, 0.4245184063911438, -0.3080093562602997, -0.6496423482894897, 0.29419755935668945, 0.23926614224910736, -0.805830180644989, 0.14035750925540924, -0.0701129138469696, 0.4841581881046295, 0.36767804622650146, 0.45512428879737854, 0.36134767532348633, 0.16853345930576324, 0.08355002105236053, 0.15315084159374237, -0.5119253396987915, -0.21684212982654572, 0.3176916241645813, -0.5316969156265259, 0.48651400208473206, -0.4069266617298126, 0.16236190497875214, -0.24713948369026184, -0.0022533379960805178, -0.2114344835281372, -0.06020145118236542, 0.0018619976472109556, -0.25018811225891113, -0.24942703545093536, 0.1938997507095337, -0.10481125116348267, 0.5114842057228088, 0.3776973783969879, 0.00827504601329565, 0.3440346121788025, -0.1929275244474411, -0.32183441519737244, 0.06900542974472046, -0.015432494692504406, -0.41688501834869385, 0.3344722092151642, -0.18794754147529602, 0.3013628125190735, 0.43229231238365173, 0.13044068217277527, -0.3158755898475647, 0.4222349226474762, 0.5279037952423096, -0.14387574791908264, -0.23397387564182281, 0.28940150141716003, -0.41341009736061096, -0.010286740958690643, -0.33678922057151794, 0.39614081382751465, -0.09348785877227783, 0.33230462670326233, 0.1614939272403717, -0.08144540339708328, 0.23785848915576935, -0.37112000584602356, -0.3038802742958069, 0.1594485640525818, 0.44943952560424805, 0.6466894149780273, -0.1727363020181656, 0.21952258050441742, -0.214901402592659, 0.14546678960323334, -0.014887751080095768, 0.3721056878566742, 0.13217023015022278, 0.47775664925575256, -0.5113204121589661, 0.11769600212574005, -0.28320953249931335, 0.29896554350852966, 0.17448148131370544, 0.43644604086875916, -0.1268632560968399, 0.006981531158089638, 0.021162696182727814, 0.09560196846723557, 0.07165591418743134, -0.4250534176826477, 0.3037836253643036, 0.07940319180488586, -0.1826394647359848, 0.009381241165101528, -0.32208558917045593, 0.32554057240486145, 0.37613341212272644, 0.22851474583148956, 0.2298762947320938, -0.01760355941951275, 0.11188250035047531, -0.5052253603935242]"
walmarts,"[0.023986684158444405, 0.3214769959449768, 0.1559029370546341, 0.3797723054885864, -0.29436981678009033, -0.6246482729911804, 0.25874313712120056, 0.25567829608917236, -0.7872412800788879, 0.09363159537315369, -0.06685621291399002, 0.4348989725112915, 0.3261822462081909, 0.4331209063529968, 0.33617115020751953, 0.17202599346637726, 0.006952228955924511, 0.0562940388917923, -0.5219935774803162, -0.2198094129562378, 0.28694066405296326, -0.4976764917373657, 0.4648587703704834, -0.39202675223350525, 0.11949682235717773, -0.23304399847984314, -0.04721891134977341, -0.1845519095659256, -0.03699953109025955, -0.012435649521648884, -0.22261486947536469, -0.24709410965442657, 0.22530727088451385, -0.12368637323379517, 0.41669008135795593, 0.36086544394493103, -0.026181813329458237, 0.3197133243083954, -0.264351487159729, -0.28995031118392944, 0.07886297255754471, -0.0057496135123074055, -0.4395604133605957, 0.3617118299007416, -0.14407449960708618, 0.2423940896987915, 0.4496883749961853, 0.11657138913869858, -0.3064313530921936, 0.4100889563560486, 0.5020245313644409, -0.17994168400764465, -0.24063199758529663, 0.2333451807498932, -0.3711665868759155, -0.009205413050949574, -0.3257027268409729, 0.36459460854530334, -0.061236146837472916, 0.2996211051940918, 0.1260197013616562, -0.11337670683860779, 0.23692041635513306, -0.30724069476127625, -0.32553568482398987, 0.1475345492362976, 0.42286038398742676, 0.6347160935401917, -0.1623111069202423, 0.25293147563934326, -0.2069205790758133, 0.10241107642650604, -0.030023494735360146, 0.28503018617630005, 0.15604208409786224, 0.4906947612762451, -0.4116174578666687, 0.10677765309810638, -0.2786048948764801, 0.32120105624198914, 0.13062359392642975, 0.4281439185142517, -0.10300217568874359, 0.03780275955796242, -0.029352307319641113, 0.10342571139335632, 0.0849083736538887, -0.3292529284954071, 0.2588041126728058, 0.07893475890159607, -0.12556469440460205, 0.03731580823659897, -0.29645851254463196, 0.2726636528968811, 0.33366063237190247, 0.2225353866815567, 0.21018670499324799, 0.016967592760920525, 0.13662366569042206, -0.3916083574295044]"
jpmorgans,"[0.01876184344291687, 0.31573760509490967, 0.1750299483537674, 0.40649178624153137, -0.296106219291687, -0.687968373298645, 0.26343750953674316, 0.18928463757038116, -0.7238020896911621, 0.1042928621172905, -0.06262330710887909, 0.3868691921234131, 0.3541879653930664, 0.39186376333236694, 0.34287476539611816, 0.19685488939285278, 0.13056741654872894, 0.12203165888786316, -0.4803805649280548, -0.20096644759178162, 0.27075260877609253, -0.4899999797344208, 0.48570069670677185, -0.43808653950691223, 0.1743127703666687, -0.1850418597459793, -0.001118279411457479, -0.15604668855667114, -0.09011301398277283, -0.035377491265535355, -0.15600761771202087, -0.182361900806427, 0.1762557476758957, -0.14748318493366241, 0.4886435568332672, 0.3095702826976776, 0.03760005161166191, 0.29177525639533997, -0.13964016735553741, -0.32557618618011475, 0.10194429010152817, 0.034538909792900085, -0.3634306490421295, 0.2967030107975006, -0.17114394903182983, 0.2623037099838257, 0.4277426600456238, 0.13913105428218842, -0.28504061698913574, 0.4466839134693146, 0.49723345041275024, -0.17940834164619446, -0.21961811184883118, 0.24442166090011597, -0.3984032869338989, 0.052528079599142075, -0.2868795692920685, 0.39918872714042664, -0.16708408296108246, 0.3148510754108429, 0.11716140806674957, -0.05137414112687111, 0.23124833405017853, -0.27053070068359375, -0.28303995728492737, 0.17374008893966675, 0.4605761170387268, 0.6164945960044861, -0.11439879983663559, 0.2382453829050064, -0.16561967134475708, 0.16230185329914093, 0.03847993537783623, 0.3057383596897125, 0.14084355533123016, 0.4384500980377197, -0.40019553899765015, 0.1342615783214569, -0.22696523368358612, 0.2965550422668457, 0.12724803388118744, 0.33687031269073486, -0.09066857397556305, -0.08093926310539246, -0.03144438937306404, 0.0701468288898468, 0.08251821994781494, -0.3126406967639923, 0.323098748922348, 0.07705223560333252, -0.15073513984680176, 0.029657095670700073, -0.29920387268066406, 0.30779141187667847, 0.323969304561615, 0.2480883002281189, 0.19341415166854858, 0.05562940984964371, 0.04742119461297989, -0.3952426612377167]"
exxons,"[-0.03191651776432991, 0.34650951623916626, 0.15397024154663086, 0.45025601983070374, -0.2886349558830261, -0.6861541271209717, 0.26354673504829407, 0.20189951360225677, -0.8089423775672913, 0.10219977051019669, -0.03585825487971306, 0.4232129454612732, 0.3584567904472351, 0.4532642662525177, 0.3440735936164856, 0.21007221937179565, 0.10102140158414841, 0.18055018782615662, -0.45591703057289124, -0.23327358067035675, 0.29386064410209656, -0.44731631875038147, 0.5414602160453796, -0.4192334711551666, 0.2103966921567917, -0.2677634358406067, -0.062417905777692795, -0.19394005835056305, -0.10595627874135971, 0.0059702638536691666, -0.14053674042224884, -0.20156797766685486, 0.16371548175811768, -0.10541149973869324, 0.5102469325065613, 0.3385571241378784, 0.03600388765335083, 0.36699342727661133, -0.17154839634895325, -0.29290708899497986, 0.07156432420015335, 0.05805680528283119, -0.3721071481704712, 0.28176558017730713, -0.21538525819778442, 0.32242894172668457, 0.4351755380630493, 0.10705654323101044, -0.2728402316570282, 0.486396849155426, 0.49664759635925293, -0.1789342761039734, -0.2421775609254837, 0.28575125336647034, -0.3779820501804352, -0.020946769043803215, -0.30210378766059875, 0.3830219805240631, -0.09182782471179962, 0.3516101539134979, 0.10030237585306168, -0.00745033286511898, 0.23617562651634216, -0.36000069975852966, -0.22945144772529602, 0.13946348428726196, 0.4347199499607086, 0.5788596868515015, -0.13953456282615662, 0.20320862531661987, -0.19437333941459656, 0.12838305532932281, 0.008134720847010612, 0.3480699360370636, 0.06557685136795044, 0.40960192680358887, -0.4887769818305969, 0.011860583908855915, -0.23384718596935272, 0.30524393916130066, 0.12310929596424103, 0.36615458130836487, -0.16424594819545746, -0.04563003405928612, 0.00554167665541172, 0.03183787316083908, 0.012230828404426575, -0.39121386408805847, 0.33724865317344666, 0.15481047332286835, -0.17458605766296387, 0.02247079834342003, -0.3128800392150879, 0.366452693939209, 0.3768194019794464, 0.23359061777591705, 0.19939620792865753, 0.01880079135298729, 0.09122207760810852, -0.5288006067276001]"
amazons,"[0.04016036540269852, 0.24457210302352905, 0.1510847955942154, 0.40563496947288513, -0.36899635195732117, -0.6214151382446289, 0.19677162170410156, 0.2027779072523117, -0.7926127314567566, 0.07835593074560165, -0.10403208434581757, 0.40640565752983093, 0.41059547662734985, 0.4107873737812042, 0.22599005699157715, 0.1669846773147583, 0.05321196839213371, 0.14635640382766724, -0.43771928548812866, -0.24110126495361328, 0.2610544264316559, -0.4265027344226837, 0.4562964141368866, -0.4726032614707947, 0.15342402458190918, -0.231192946434021, 0.015363644808530807, -0.154830664396286, -0.06519423425197601, -0.02345101535320282, -0.18736012279987335, -0.1923905313014984, 0.16853661835193634, -0.03352636843919754, 0.42437103390693665, 0.3002834618091583, 0.035559892654418945, 0.33607858419418335, -0.17335233092308044, -0.24868759512901306, 0.0528959259390831, 0.009001966565847397, -0.3489201068878174, 0.29390186071395874, -0.14162489771842957, 0.2489839494228363, 0.46312302350997925, 0.11098385602235794, -0.2932251989841461, 0.40081432461738586, 0.5378807187080383, -0.12850987911224365, -0.2623884677886963, 0.23995812237262726, -0.3449397087097168, 0.08762374520301819, -0.3281394839286804, 0.41113364696502686, -0.15065106749534607, 0.28446149826049805, 0.12771648168563843, -0.04302455484867096, 0.23840007185935974, -0.20412112772464752, -0.25546011328697205, 0.13395006954669952, 0.37850338220596313, 0.5073124170303345, -0.1586097776889801, 0.19416524469852448, -0.16788750886917114, 0.032498836517333984, -0.06239185482263565, 0.24353517591953278, 0.10600878298282623, 0.3983691930770874, -0.4216122627258301, 0.1303410828113556, -0.30703699588775635, 0.34696534276008606, 0.13095682859420776, 0.4076642096042633, -0.14929014444351196, -0.0020709384698420763, 0.03466148301959038, 0.08269046247005463, 0.06984587758779526, -0.35015133023262024, 0.3527592718601227, 0.07086113095283508, -0.226609006524086, -0.009763709269464016, -0.262818306684494, 0.34339639544487, 0.2657817304134369, 0.18765641748905182, 0.22400373220443726, 0.03448954597115517, 0.09337247908115387, -0.48439985513687134]"
sachss,"[0.28900694847106934, 0.021454084664583206, 0.49372532963752747, 0.3914787471294403, -0.5221747756004333, -0.9222979545593262, 0.0446198396384716, -0.1075306162238121, -0.8105002641677856, -0.19054920971393585, 0.3153975307941437, 0.3210764527320862, -0.15458199381828308, 0.5510251522064209, 0.29928138852119446, 0.06675491482019424, -0.5329858660697937, 0.010227377526462078, 0.22563576698303223, 0.4105818271636963, 0.5966789126396179, -0.15122102200984955, 0.21157017350196838, -1.0419628620147705, -0.3725450336933136, 0.22598642110824585, 0.4089457094669342, 0.20737510919570923, -0.059614554047584534, 0.13091833889484406, 0.0057623726315796375, 0.004199215676635504, 3.95892457163427e-05, -0.20203013718128204, 0.8615325689315796, 0.21859359741210938, -0.3959682285785675, 0.07995619624853134, -0.8291261792182922, -0.5704481601715088, -0.4269466996192932, -0.1157594546675682, -0.5710548758506775, 0.2728991210460663, 0.060888830572366714, 0.1879088431596756, 0.4191552996635437, -0.2975095808506012, 0.21964815258979797, 0.04198779538273811, 0.48470842838287354, 0.0007248996407724917, -0.36075979471206665, -0.32136794924736023, 0.2643253207206726, 0.28707125782966614, -0.474622905254364, 0.2969956398010254, -0.4270600974559784, -0.4652273952960968, -0.17957144975662231, 0.4357544183731079, -0.15080390870571136, -0.6815893650054932, -0.21897925436496735, 0.20445208251476288, 0.1960952877998352, 0.24639087915420532, -0.2085374891757965, 0.31739190220832825, -0.35620564222335815, -0.21553559601306915, 0.21962064504623413, 0.2952883541584015, -0.07416093349456787, 0.8126703500747681, -0.6258650422096252, -0.27232736349105835, -0.2438846230506897, 0.3407805562019348, -0.009871816262602806, -0.20996679365634918, -0.5933430194854736, 0.6283640265464783, 0.2550988793373108, -0.4364749491214752, 0.18957969546318054, -0.4432932734489441, 0.529053807258606, 0.4936964511871338, 0.12404223531484604, 0.4510501027107239, 0.38943934440612793, 0.7693742513656616, -0.15967491269111633, 0.18250258266925812, 0.11909390985965729, 0.6216786503791809, -0.2911326587200165, -0.8135074973106384]"
apples,"[0.003381425980478525, 0.28772225975990295, 0.14646774530410767, 0.4088384509086609, -0.23233965039253235, -0.6731321215629578, 0.2604868412017822, 0.23267586529254913, -0.752288281917572, 0.10176268965005875, -0.08470413833856583, 0.3979456126689911, 0.3350207805633545, 0.42830681800842285, 0.31572434306144714, 0.21621738374233246, 0.05809614434838295, 0.16164769232273102, -0.45409467816352844, -0.196916863322258, 0.28360483050346375, -0.47791919112205505, 0.5025409460067749, -0.40690332651138306, 0.15909962356090546, -0.20207318663597107, -0.005351766478270292, -0.1506403386592865, -0.10742420703172684, -0.034953948110342026, -0.18946707248687744, -0.19867558777332306, 0.21254074573516846, -0.1518673300743103, 0.4536926746368408, 0.2931969165802002, -0.017092453315854073, 0.3098706305027008, -0.1978183537721634, -0.26330697536468506, 0.09409981220960617, 0.025561226531863213, -0.37045976519584656, 0.28495165705680847, -0.12212333083152771, 0.23803746700286865, 0.4466647505760193, 0.11694801598787308, -0.2434360235929489, 0.448119193315506, 0.4470106065273285, -0.16331659257411957, -0.24279442429542542, 0.2466716319322586, -0.3654312491416931, 0.024149905890226364, -0.31703490018844604, 0.32891038060188293, -0.05197356268763542, 0.27708446979522705, 0.08057297766208649, -0.10089745372533798, 0.20248040556907654, -0.28517112135887146, -0.28249168395996094, 0.1429244577884674, 0.4099668264389038, 0.6096418499946594, -0.10444812476634979, 0.2908519506454468, -0.15426430106163025, 0.04833509773015976, -0.013461515307426453, 0.3145556151866913, 0.07806804031133652, 0.4648430347442627, -0.3955819606781006, 0.12278851866722107, -0.25498029589653015, 0.29562240839004517, 0.1198582723736763, 0.3810965418815613, -0.09519059956073761, -0.011942707933485508, -0.02448839694261551, 0.0431780070066452, 0.08754732459783554, -0.3490164875984192, 0.20428115129470825, 0.11672017723321915, -0.12699954211711884, 0.029277337715029716, -0.3056185245513916, 0.2782804071903229, 0.30051425099372864, 0.20324712991714478, 0.22946259379386902, 0.009815562516450882, 0.084042988717556, -0.4071180820465088]"
microsofts,"[-0.007142659276723862, 0.3301752507686615, 0.09967276453971863, 0.34000298380851746, -0.19973348081111908, -0.6326018571853638, 0.28889229893684387, 0.21547198295593262, -0.6107043027877808, 0.08370497822761536, -0.06564382463693619, 0.30825936794281006, 0.2711845338344574, 0.3639265298843384, 0.2952078878879547, 0.1210780069231987, 0.08829432725906372, 0.09350169450044632, -0.4244740903377533, -0.14622192084789276, 0.23988956212997437, -0.476108580827713, 0.3613099753856659, -0.3619862198829651, 0.13816790282726288, -0.15361492335796356, 0.029091937467455864, -0.18146894872188568, -0.17954851686954498, -0.01715761050581932, -0.13151776790618896, -0.21160262823104858, 0.17517556250095367, -0.13964809477329254, 0.433100163936615, 0.32448267936706543, 0.015862073749303818, 0.26281774044036865, -0.1558533012866974, -0.2886865437030792, 0.05755434185266495, -0.02261340618133545, -0.36316943168640137, 0.2707855999469757, -0.13577258586883545, 0.2829754650592804, 0.3225458562374115, 0.11085183918476105, -0.24993836879730225, 0.3596946895122528, 0.43296003341674805, -0.1443876326084137, -0.15328432619571686, 0.2752963602542877, -0.33533376455307007, 0.03351964056491852, -0.28304076194763184, 0.30243051052093506, -0.16174384951591492, 0.27284136414527893, 0.12876613438129425, -0.07791198790073395, 0.1845608651638031, -0.3111121356487274, -0.23360514640808105, 0.1671321988105774, 0.45778411626815796, 0.5897708535194397, -0.10047034174203873, 0.22105368971824646, -0.09779806435108185, 0.17893700301647186, 0.04418410733342171, 0.2883106470108032, 0.14631721377372742, 0.43880486488342285, -0.36817389726638794, 0.10997011512517929, -0.22265850007534027, 0.21278472244739532, 0.1066005602478981, 0.30128639936447144, -0.11182031035423279, -0.013377516530454159, 0.011749019846320152, 0.08588336408138275, 0.11600134521722794, -0.296581894159317, 0.2305096983909607, 0.028913605958223343, -0.13479866087436676, 0.045348186045885086, -0.2996649742126465, 0.27244219183921814, 0.2868329584598541, 0.19327042996883392, 0.1971365362405777, -0.018165290355682373, 0.07921548932790756, -0.3668726682662964]"
johnsons,"[0.30408695340156555, 0.1342656910419464, 0.2122536599636078, 0.6970731616020203, -0.36964356899261475, -0.698269784450531, 0.24302524328231812, 0.0417652390897274, -0.4767433702945709, -0.2256360948085785, -0.05680133402347565, 0.17058631777763367, 0.40551769733428955, 0.20857451856136322, 0.3952876329421997, 0.294373095035553, 0.15914426743984222, 0.23888461291790009, -0.24651941657066345, -0.5672469139099121, 0.29588407278060913, -0.3347010314464569, 0.3500913977622986, -0.30457964539527893, -0.018746115267276764, 0.2904970645904541, -0.3178849518299103, -0.14637313783168793, 0.0640997365117073, 0.1548488885164261, -0.38799580931663513, -0.15319222211837769, 0.024414900690317154, 0.3649829626083374, 0.15006586909294128, 0.36082008481025696, 0.00878047663718462, 0.3210029900074005, -0.3660615384578705, 0.04690557345747948, 0.43040597438812256, -0.13633567094802856, -0.07091501355171204, 0.5373977422714233, -0.035115234553813934, 0.1031818687915802, 0.2517673075199127, -0.08555813878774643, -0.10180367529392242, 0.23624958097934723, -0.016092928126454353, -0.3640422523021698, 0.3232850134372711, 0.0776386708021164, -0.31730538606643677, 0.3172655999660492, -0.48936235904693604, 0.5364155769348145, -0.4488716125488281, 0.16545744240283966, 0.27070966362953186, -0.032591477036476135, -0.04408019408583641, -0.042658161371946335, 0.07938376814126968, 0.29354196786880493, -0.032469671219587326, 0.5996716618537903, 0.22540737688541412, 0.08460525423288345, -0.12259519100189209, 0.14663748443126678, 0.06894595175981522, 0.015239233151078224, -0.23445703089237213, 0.4954065680503845, 0.08034644275903702, -0.029758518561720848, -0.05800884962081909, -0.04995548352599144, 0.018113281577825546, -0.0010026106610894203, -0.40673828125, 0.053860023617744446, -0.0943966954946518, 0.18644408881664276, 0.07180391997098923, -0.1739649623632431, 0.004821318201720715, 0.2095692902803421, -0.004365368280559778, -0.06754370778799057, -0.5530425906181335, 0.8076612949371338, -0.018748339265584946, 0.20683810114860535, 0.056643445044755936, 0.14179746806621552, 0.02617538720369339, -0.40607738494873047]"
teslas,"[0.00446871854364872, 0.23286157846450806, 0.1988893747329712, 0.3672715127468109, -0.3285672068595886, -0.5714613795280457, 0.1826869398355484, 0.1854408234357834, -0.6912245154380798, 0.043618664145469666, -0.06567554175853729, 0.38233739137649536, 0.41824379563331604, 0.4049641191959381, 0.1695399135351181, 0.20537126064300537, 0.06202183663845062, 0.2135433405637741, -0.3778016269207001, -0.2617633044719696, 0.2043507844209671, -0.31845927238464355, 0.443860799074173, -0.3452458381652832, 0.16529303789138794, -0.1900356113910675, -0.029300425201654434, -0.15926286578178406, -0.05471837893128395, 0.030241161584854126, -0.14988446235656738, -0.19172285497188568, 0.08520693331956863, -0.05316493287682533, 0.47127866744995117, 0.20939424633979797, 0.029145628213882446, 0.25278568267822266, -0.09243196249008179, -0.16255855560302734, 0.08070205897092819, 0.021780500188469887, -0.26731938123703003, 0.22411498427391052, -0.10667546093463898, 0.17135334014892578, 0.45017483830451965, 0.1180197075009346, -0.22724279761314392, 0.41980987787246704, 0.4605139493942261, -0.16076794266700745, -0.2677607238292694, 0.21602003276348114, -0.36764153838157654, 0.11157137155532837, -0.2676698863506317, 0.37334850430488586, -0.07897620648145676, 0.3181820213794708, 0.08433857560157776, -0.02972274459898472, 0.203211709856987, -0.16371481120586395, -0.21075105667114258, 0.09894740581512451, 0.3531107008457184, 0.5186777710914612, -0.10459012538194656, 0.19917301833629608, -0.1817556619644165, 0.01588170975446701, -0.07919183373451233, 0.17122581601142883, 0.05006280541419983, 0.3842565715312958, -0.35443979501724243, 0.08293048292398453, -0.2151360660791397, 0.38946911692619324, 0.09003795683383942, 0.3455081880092621, -0.12956205010414124, -0.028477439656853676, 0.000220738016651012, 0.031823158264160156, -0.013359930366277695, -0.28394174575805664, 0.34218424558639526, 0.13280166685581207, -0.14795877039432526, -0.028261132538318634, -0.2684754431247711, 0.34618237614631653, 0.28312650322914124, 0.1803804486989975, 0.22579021751880646, -0.022251924499869347, 0.0541585311293602, -0.3939402401447296]"
googles,"[-0.05571155995130539, 0.2438582479953766, 0.10088201612234116, 0.2974584102630615, -0.175218403339386, -0.5381276607513428, 0.25846049189567566, 0.20464056730270386, -0.5392940640449524, 0.0803355723619461, -0.02805175632238388, 0.37427109479904175, 0.24881236255168915, 0.3848279118537903, 0.2770848274230957, 0.09447702020406723, 0.07647813856601715, 0.19383464753627777, -0.39445918798446655, -0.17412103712558746, 0.2657269835472107, -0.419199675321579, 0.35622861981391907, -0.2309867888689041, 0.09748005867004395, -0.18484091758728027, -0.011546533554792404, -0.20668365061283112, -0.07786983251571655, 0.0636836439371109, -0.1356091946363449, -0.18744562566280365, 0.1345379799604416, -0.11181986331939697, 0.3951113224029541, 0.2817069888114929, -0.008576000109314919, 0.2552640438079834, -0.15453733503818512, -0.18578721582889557, 0.04860395938158035, -0.0585799440741539, -0.32284289598464966, 0.24510718882083893, -0.1589595377445221, 0.2223484218120575, 0.2773725390434265, 0.08426672220230103, -0.16641293466091156, 0.2917376160621643, 0.3160558044910431, -0.10956969857215881, -0.16270147264003754, 0.22814257442951202, -0.33725404739379883, 0.013321755453944206, -0.23381578922271729, 0.19988378882408142, 0.01331967581063509, 0.2802780270576477, 0.10434098541736603, -0.04302915185689926, 0.1479085087776184, -0.32462412118911743, -0.20740564167499542, 0.10357429832220078, 0.33761081099510193, 0.5069510340690613, -0.10332178324460983, 0.18532612919807434, -0.16112904250621796, 0.052942000329494476, -0.0253429152071476, 0.2633957266807556, 0.07205729186534882, 0.4016711413860321, -0.360786110162735, 0.07638973742723465, -0.24246175587177277, 0.17908455431461334, 0.13327817618846893, 0.3179137706756592, -0.12324697524309158, 0.06025579571723938, -0.015618827193975449, 0.07061433792114258, 0.023948026821017265, -0.32384195923805237, 0.13279476761817932, 0.07134490460157394, -0.06848958879709244, -0.0048632328398525715, -0.296721875667572, 0.24459660053253174, 0.21538111567497253, 0.15782195329666138, 0.20445944368839264, -0.10206581652164459, 0.07596344500780106, -0.3810306191444397]"
cocacolas,"[0.03248162195086479, 0.2735350728034973, 0.11870362609624863, 0.24707747995853424, -0.17587029933929443, -0.48991501331329346, 0.19951125979423523, 0.22356285154819489, -0.586856484413147, 0.06850247830152512, -0.029596535488963127, 0.3049800992012024, 0.1984105259180069, 0.3300134837627411, 0.28401729464530945, 0.16240955889225006, 0.08473219722509384, 0.1033107340335846, -0.3996341824531555, -0.16419439017772675, 0.25216299295425415, -0.42393824458122253, 0.3249858319759369, -0.32507649064064026, 0.11157520860433578, -0.22650840878486633, 0.008896366693079472, -0.14406289160251617, -0.0636729970574379, 0.03105425462126732, -0.12919458746910095, -0.1722131222486496, 0.1542448103427887, -0.13107328116893768, 0.3461935520172119, 0.2884429097175598, 0.02170499786734581, 0.2459823191165924, -0.1296333223581314, -0.25468218326568604, 0.0644209161400795, -0.020536640658974648, -0.2967449426651001, 0.23698890209197998, -0.08858386427164078, 0.21848978102207184, 0.2930220663547516, 0.10371716320514679, -0.22525759041309357, 0.3012562096118927, 0.4058576226234436, -0.15329471230506897, -0.17629653215408325, 0.16294732689857483, -0.29061010479927063, -0.0007700933492742479, -0.2356404811143875, 0.287916898727417, -0.044674597680568695, 0.2018212527036667, 0.09318353980779648, -0.06816183775663376, 0.16323672235012054, -0.2538687288761139, -0.2097940444946289, 0.11283713579177856, 0.37475940585136414, 0.4882771074771881, -0.10124137252569199, 0.14362113177776337, -0.18683163821697235, 0.08146663010120392, -0.0011473075719550252, 0.26769351959228516, 0.13280396163463593, 0.36862826347351074, -0.3284658193588257, 0.023803427815437317, -0.14927859604358673, 0.22813618183135986, 0.09336654096841812, 0.34089162945747375, -0.15044555068016052, 0.015489509329199791, -0.01784464344382286, 0.04413207620382309, 0.048778340220451355, -0.26535624265670776, 0.23441410064697266, 0.07316216081380844, -0.08577458560466766, 0.023338645696640015, -0.23688527941703796, 0.2009042650461197, 0.2859443724155426, 0.20877617597579956, 0.13324907422065735, -0.017344992607831955, 0.06642718613147736, -0.3571125864982605]"
nvidias,"[0.022109301760792732, 0.24258966743946075, 0.14148642122745514, 0.319614440202713, -0.2554829716682434, -0.5313003063201904, 0.17775483429431915, 0.22664983570575714, -0.6103361248970032, 0.04880193993449211, -0.04738815128803253, 0.35679560899734497, 0.308123916387558, 0.4049544036388397, 0.18705852329730988, 0.17782098054885864, 0.06002131849527359, 0.14537662267684937, -0.3836176097393036, -0.15780796110630035, 0.2425423413515091, -0.349333792924881, 0.37105679512023926, -0.30590492486953735, 0.13935673236846924, -0.1459531933069229, -0.03538083657622337, -0.13649772107601166, -0.11002081632614136, 0.025999683886766434, -0.1707381159067154, -0.17361025512218475, 0.15301623940467834, -0.12393313646316528, 0.4191547930240631, 0.2307037115097046, 0.0048959264531731606, 0.2778339982032776, -0.10493946820497513, -0.18608759343624115, 0.04670199751853943, -0.009496358223259449, -0.26008716225624084, 0.21397608518600464, -0.09023750573396683, 0.17273974418640137, 0.3479990065097809, 0.09663186967372894, -0.22234231233596802, 0.39929187297821045, 0.33841654658317566, -0.10341832041740417, -0.22922565042972565, 0.1756255179643631, -0.2770046591758728, 0.03256969526410103, -0.24261094629764557, 0.30291691422462463, -0.054636988788843155, 0.2788439393043518, 0.07065646350383759, -0.06474673002958298, 0.18185196816921234, -0.2146531045436859, -0.1980353742837906, 0.10664607584476471, 0.36941418051719666, 0.506057858467102, -0.053565751761198044, 0.18722477555274963, -0.17636045813560486, -0.003290934721007943, -0.0343405082821846, 0.22475646436214447, 0.06136665865778923, 0.3696293532848358, -0.3570283055305481, 0.06881654262542725, -0.17969107627868652, 0.3007318675518036, 0.10934489965438843, 0.30900993943214417, -0.12752817571163177, 0.027175214141607285, -0.01538316160440445, 0.06609697639942169, 0.045443568378686905, -0.26201653480529785, 0.2228367179632187, 0.09027867019176483, -0.1163535863161087, -0.007516574580222368, -0.24800367653369904, 0.26355308294296265, 0.260905385017395, 0.19625712931156158, 0.21959161758422852, -0.05431920289993286, 0.0826747715473175, -0.3533898591995239]"
