date,avg_sentiment,sentiment_std,headline_count,positive_count,negative_count,neutral_count,positive_ratio,negative_ratio
2019-01-01,-0.17127272727272727,0.6135436562966146,11,3,5,3,0.2727272727272727,0.45454545454545453
2019-01-02,0.05954545454545454,0.47315375167832363,11,4,2,5,0.36363636363636365,0.18181818181818182
2019-01-03,0.24442857142857147,0.564773363731818,7,4,1,2,0.5714285714285714,0.14285714285714285
2019-01-04,0.12833333333333333,0.6951758530520652,6,3,3,0,0.5,0.5
2019-01-05,-0.19639999999999996,0.594872199159898,10,3,5,2,0.3,0.5
2019-01-06,0.11699999999999999,0.47005021008398673,6,3,2,1,0.5,0.3333333333333333
2019-01-07,-0.04681818181818182,0.4922088618019424,11,3,4,4,0.2727272727272727,0.36363636363636365
2019-01-08,0.031000000000000003,0.5756026655353749,15,5,6,4,0.3333333333333333,0.4
2019-01-09,-0.1978571428571429,0.4030353287126032,7,1,3,3,0.14285714285714285,0.42857142857142855
2019-01-10,0.05521428571428571,0.508977130901006,14,5,3,6,0.35714285714285715,0.21428571428571427
2019-01-11,0.05512500000000001,0.30965069606159223,8,3,2,3,0.375,0.25
2019-01-12,-0.0963076923076923,0.42270071851831226,13,3,5,5,0.23076923076923078,0.38461538461538464
2019-01-13,0.028100000000000003,0.6808619455432129,10,5,4,1,0.5,0.4
2019-01-14,-0.06281818181818183,0.6141162460286844,11,5,4,2,0.45454545454545453,0.36363636363636365
2019-01-15,0.15777777777777774,0.5907141393639096,9,4,3,2,0.4444444444444444,0.3333333333333333
2019-01-16,0.0010909090909090918,0.545037513304443,11,4,4,3,0.36363636363636365,0.36363636363636365
2019-01-17,-0.04312499999999999,0.536211428849266,8,3,4,1,0.375,0.5
2019-01-18,0.189,0.6490685634045142,5,2,2,1,0.4,0.4
2019-01-19,0.2893846153846154,0.5616998810844244,13,9,3,1,0.6923076923076923,0.23076923076923078
2019-01-20,-0.05599999999999995,0.720761105657465,8,4,4,0,0.5,0.5
2019-01-21,0.29300000000000004,0.4405240385852157,8,5,1,2,0.625,0.125
2019-01-22,0.1655,0.5017666063746443,12,5,2,5,0.4166666666666667,0.16666666666666666
2019-01-23,0.21200000000000002,0.4698680665889096,5,3,1,1,0.6,0.2
2019-01-24,-0.08700000000000002,0.38560018153522696,13,2,3,8,0.15384615384615385,0.23076923076923078
2019-01-25,-0.017777777777777767,0.5849074238240137,9,3,4,2,0.3333333333333333,0.4444444444444444
2019-01-26,-0.27171428571428574,0.5155837191267499,7,1,4,2,0.14285714285714285,0.5714285714285714
2019-01-27,-0.2545,0.5641711619712585,6,1,4,1,0.16666666666666666,0.6666666666666666
2019-01-28,0.030545454545454574,0.5116630460833309,11,3,3,5,0.2727272727272727,0.2727272727272727
2019-01-29,-0.11109090909090907,0.4049670244712413,11,2,4,5,0.18181818181818182,0.36363636363636365
2019-01-30,-0.4123333333333333,0.4762997655538649,6,1,4,1,0.16666666666666666,0.6666666666666666
2019-01-31,-0.279,0.4303543759378878,10,1,6,3,0.1,0.6
2019-02-01,-0.26685714285714285,0.7533574690613191,7,2,5,0,0.2857142857142857,0.7142857142857143
2019-02-02,0.028666666666666632,0.5601055704061512,9,5,3,1,0.5555555555555556,0.3333333333333333
2019-02-03,-0.05430769230769231,0.4529956557215136,13,4,4,5,0.3076923076923077,0.3076923076923077
2019-02-04,-0.17523076923076927,0.6040863837021647,13,3,7,3,0.23076923076923078,0.5384615384615384
2019-02-05,-0.16871428571428573,0.4591045512854224,14,3,7,4,0.21428571428571427,0.5
2019-02-06,-0.044333333333333315,0.5458958386603315,6,2,2,2,0.3333333333333333,0.3333333333333333
2019-02-07,-0.021000000000000022,0.592640869329816,11,3,3,5,0.2727272727272727,0.2727272727272727
2019-02-08,0.12971428571428573,0.6501419625193957,7,3,2,2,0.42857142857142855,0.2857142857142857
2019-02-09,-0.10838461538461536,0.5666456180102837,13,4,5,4,0.3076923076923077,0.38461538461538464
2019-02-10,-0.19923076923076927,0.5779910832423735,13,3,7,3,0.23076923076923078,0.5384615384615384
2019-02-11,-0.10826666666666665,0.5306656825786521,15,4,6,5,0.26666666666666666,0.4
2019-02-12,-0.33520000000000005,0.2912922930666034,5,0,3,2,0.0,0.6
2019-02-13,0.40099999999999997,0.5405182698114839,5,3,1,1,0.6,0.2
2019-02-14,0.352125,0.5262550814142185,8,6,1,1,0.75,0.125
2019-02-15,0.12628571428571428,0.49692243334539116,7,3,2,2,0.42857142857142855,0.2857142857142857
2019-02-16,-0.2611,0.43717691562519123,10,2,6,2,0.2,0.6
2019-02-17,0.05478571428571427,0.48974705850947314,14,7,4,3,0.5,0.2857142857142857
2019-02-18,-0.1838333333333333,0.5845878605194147,6,1,3,2,0.16666666666666666,0.5
2019-02-19,0.13945454545454547,0.6408700903672075,11,7,4,0,0.6363636363636364,0.36363636363636365
2019-02-20,0.057454545454545466,0.4567100532364847,11,3,2,6,0.2727272727272727,0.18181818181818182
2019-02-21,-0.048399999999999985,0.59350563041418,10,4,5,1,0.4,0.5
2019-02-22,-0.09972727272727272,0.38856636264841327,11,2,4,5,0.18181818181818182,0.36363636363636365
2019-02-23,0.0002666666666666669,0.45546702353058394,15,4,4,7,0.26666666666666666,0.26666666666666666
2019-02-24,-0.0607,0.5628522699410368,10,3,5,2,0.3,0.5
2019-02-25,-0.006666666666666672,0.46122825151978714,9,3,3,3,0.3333333333333333,0.3333333333333333
2019-02-26,-0.27415384615384614,0.57681797333212,13,3,7,3,0.23076923076923078,0.5384615384615384
2019-02-27,0.107125,0.587833416028725,8,3,3,2,0.375,0.375
2019-02-28,0.10499999999999998,0.54189599807276,12,5,3,4,0.4166666666666667,0.25
2019-03-01,0.08735714285714284,0.5073787247507234,14,6,4,4,0.42857142857142855,0.2857142857142857
2019-03-02,0.01953333333333334,0.48188704465831395,15,6,5,4,0.4,0.3333333333333333
2019-03-03,0.17500000000000002,0.48571061343149585,6,2,1,3,0.3333333333333333,0.16666666666666666
2019-03-04,0.14,0.6320897879257343,5,2,1,2,0.4,0.2
2019-03-05,-0.15183333333333335,0.7007688396801522,6,2,4,0,0.3333333333333333,0.6666666666666666
2019-03-06,-0.09633333333333334,0.39129869239069365,6,1,2,3,0.16666666666666666,0.3333333333333333
2019-03-07,-0.0273,0.5102374283932269,10,3,5,2,0.3,0.5
2019-03-08,-0.07770000000000002,0.5482712325523239,10,3,4,3,0.3,0.4
2019-03-09,-0.002571428571428574,0.573455076945636,14,5,6,3,0.35714285714285715,0.42857142857142855
2019-03-10,-0.14464285714285716,0.5441932076503228,14,3,7,4,0.21428571428571427,0.5
2019-03-11,0.17999999999999997,0.44418952411480095,7,3,1,3,0.42857142857142855,0.14285714285714285
2019-03-12,-0.22793333333333338,0.5550879552784748,15,3,8,4,0.2,0.5333333333333333
2019-03-13,-0.03763636363636364,0.5901413852166738,11,4,4,3,0.36363636363636365,0.36363636363636365
2019-03-14,-0.123,0.574646326012792,11,3,5,3,0.2727272727272727,0.45454545454545453
2019-03-15,-0.020090909090909104,0.4154215821416732,11,3,3,5,0.2727272727272727,0.2727272727272727
2019-03-16,-0.17685714285714285,0.5379276371940215,7,1,3,3,0.14285714285714285,0.42857142857142855
2019-03-17,0.10766666666666672,0.5588520973089988,15,7,5,3,0.4666666666666667,0.3333333333333333
2019-03-18,0.01239999999999999,0.5365182403443728,10,3,3,4,0.3,0.3
2019-03-19,-0.10466666666666669,0.5347871850870525,12,2,5,5,0.16666666666666666,0.4166666666666667
2019-03-20,-0.036399999999999995,0.555085849216137,5,1,2,2,0.2,0.4
2019-03-21,0.10274999999999998,0.5977863330655862,8,4,3,1,0.5,0.375
2019-03-22,0.131,0.5013716186622454,5,2,1,2,0.4,0.2
2019-03-23,-0.217,0.5956371683866247,12,2,6,4,0.16666666666666666,0.5
2019-03-24,-0.1435833333333333,0.5194058595835216,12,4,6,2,0.3333333333333333,0.5
2019-03-25,0.14935714285714288,0.5007684260049913,14,6,3,5,0.42857142857142855,0.21428571428571427
2019-03-26,-0.10954545454545456,0.45316671626154625,11,3,5,3,0.2727272727272727,0.45454545454545453
2019-03-27,0.15220000000000003,0.5725567997053994,10,5,2,3,0.5,0.2
2019-03-28,0.17950000000000002,0.44630561278119724,6,3,1,2,0.5,0.16666666666666666
2019-03-29,-0.18377777777777776,0.38432238348090586,9,1,4,4,0.1111111111111111,0.4444444444444444
2019-03-30,-0.0327142857142857,0.5311251309831845,7,3,3,1,0.42857142857142855,0.42857142857142855
2019-03-31,0.08257142857142856,0.6199569493502103,7,3,3,1,0.42857142857142855,0.42857142857142855
2019-04-01,-0.09993333333333335,0.4891334125145156,15,5,6,4,0.3333333333333333,0.4
2019-04-02,-0.20636363636363633,0.5291627864329222,11,2,6,3,0.18181818181818182,0.5454545454545454
2019-04-03,-0.1409333333333333,0.5213885946841057,15,4,7,4,0.26666666666666666,0.4666666666666667
2019-04-04,-0.21292857142857144,0.42678051723351884,14,2,7,5,0.14285714285714285,0.5
2019-04-05,0.2608,0.2191739035560575,5,3,0,2,0.6,0.0
2019-04-06,0.15226666666666666,0.451162857302686,15,6,3,6,0.4,0.2
2019-04-07,-0.042624999999999996,0.5579211253778236,8,2,3,3,0.25,0.375
2019-04-08,0.00600000000000001,0.5064253305124216,14,4,6,4,0.2857142857142857,0.42857142857142855
2019-04-09,0.24949999999999997,0.39041452329543275,6,3,0,3,0.5,0.0
2019-04-10,0.1648888888888889,0.5512260072883999,9,4,3,2,0.4444444444444444,0.3333333333333333
2019-04-11,0.032222222222222215,0.5981044594754703,9,4,3,2,0.4444444444444444,0.3333333333333333
2019-04-12,-0.028444444444444456,0.4382693552802635,9,2,1,6,0.2222222222222222,0.1111111111111111
2019-04-13,-0.2912,0.5720666045138451,5,1,3,1,0.2,0.6
2019-04-14,0.6262,0.17029004668506026,5,5,0,0,1.0,0.0
2019-04-15,0.07599999999999997,0.7597793539355138,7,4,3,0,0.5714285714285714,0.42857142857142855
2019-04-16,-0.12441666666666668,0.523375140677113,12,4,6,2,0.3333333333333333,0.5
2019-04-17,-0.015571428571428583,0.5303623890664417,14,5,5,4,0.35714285714285715,0.35714285714285715
2019-04-18,-0.005666666666666659,0.5411764961636822,9,3,4,2,0.3333333333333333,0.4444444444444444
2019-04-19,-0.04642857142857143,0.4906279671989788,14,4,5,5,0.2857142857142857,0.35714285714285715
2019-04-20,0.0036666666666666883,0.6794499736306322,6,2,2,2,0.3333333333333333,0.3333333333333333
2019-04-21,-0.2305555555555555,0.47280152049012886,9,1,5,3,0.1111111111111111,0.5555555555555556
2019-04-22,0.13328571428571429,0.4844521697359862,7,3,2,2,0.42857142857142855,0.2857142857142857
2019-04-23,0.176,0.4998539786777734,11,5,3,3,0.45454545454545453,0.2727272727272727
2019-04-24,0.10857142857142855,0.40113956720940946,7,3,1,3,0.42857142857142855,0.14285714285714285
2019-04-25,-0.5433333333333333,0.6042402391985051,6,1,5,0,0.16666666666666666,0.8333333333333334
2019-04-26,-0.23326666666666665,0.5203964788871033,15,3,9,3,0.2,0.6
2019-04-27,0.16440000000000002,0.5480045011980589,10,4,3,3,0.4,0.3
2019-04-28,0.16593333333333335,0.4495695507397948,15,6,3,6,0.4,0.2
2019-04-29,0.18907142857142864,0.4318405090710288,14,6,2,6,0.42857142857142855,0.14285714285714285
2019-04-30,0.04180000000000002,0.5329035351522616,10,3,3,4,0.3,0.3
2019-05-01,-0.15427272727272728,0.6762512980999135,11,3,6,2,0.2727272727272727,0.5454545454545454
2019-05-02,0.0357,0.49556612968290004,10,3,3,4,0.3,0.3
2019-05-03,-0.27041666666666664,0.566303878967232,12,3,8,1,0.25,0.6666666666666666
2019-05-04,0.275,0.5919163792293638,7,4,2,1,0.5714285714285714,0.2857142857142857
2019-05-05,-0.055642857142857174,0.6361524499366795,14,6,7,1,0.42857142857142855,0.5
2019-05-06,-0.4010000000000001,0.4960342730094363,7,1,4,2,0.14285714285714285,0.5714285714285714
2019-05-07,-0.058666666666666666,0.6524526985226775,15,6,7,2,0.4,0.4666666666666667
2019-05-08,-0.301,0.6025412848925791,8,3,5,0,0.375,0.625
2019-05-09,-0.10422222222222223,0.6661217564713259,9,3,4,2,0.3333333333333333,0.4444444444444444
2019-05-10,-0.1026923076923077,0.6329947846830157,13,4,6,3,0.3076923076923077,0.46153846153846156
2019-05-11,0.22040000000000004,0.5441324418610917,15,8,3,4,0.5333333333333333,0.2
2019-05-12,-0.02728571428571432,0.6538751267013307,14,6,6,2,0.42857142857142855,0.42857142857142855
2019-05-13,0.2242,0.575484752187232,5,2,1,2,0.4,0.2
2019-05-14,0.11349999999999998,0.6172693322784055,8,3,3,2,0.375,0.375
2019-05-15,0.2457692307692308,0.5193983945948354,13,7,3,3,0.5384615384615384,0.23076923076923078
2019-05-16,0.06169230769230768,0.565346705514322,13,5,3,5,0.38461538461538464,0.23076923076923078
2019-05-17,0.1889,0.44805417579177226,10,4,1,5,0.4,0.1
2019-05-18,-0.3908,0.6849844523783004,5,1,4,0,0.2,0.8
2019-05-19,-0.17890909090909088,0.5775744894895297,11,4,7,0,0.36363636363636365,0.6363636363636364
2019-05-20,-0.022733333333333335,0.5535740325591596,15,5,8,2,0.3333333333333333,0.5333333333333333
2019-05-21,-0.01783333333333335,0.6226187972320355,6,2,2,2,0.3333333333333333,0.3333333333333333
2019-05-22,0.522,0.4716964066006863,5,4,1,0,0.8,0.2
2019-05-23,-0.03566666666666666,0.6490765601624982,15,6,5,4,0.4,0.3333333333333333
2019-05-24,0.005307692307692317,0.5328421255580594,13,5,4,4,0.38461538461538464,0.3076923076923077
2019-05-25,0.03974999999999999,0.4783184798665197,12,5,3,4,0.4166666666666667,0.25
2019-05-26,0.32625000000000004,0.2933660560752434,8,5,0,3,0.625,0.0
2019-05-27,-0.27575,0.5594832234059635,12,2,8,2,0.16666666666666666,0.6666666666666666
2019-05-28,-0.0638,0.34475427642178874,10,2,2,6,0.2,0.2
2019-05-29,0.182,0.34759520792356813,15,5,0,10,0.3333333333333333,0.0
2019-05-30,0.04949999999999998,0.5520615084308171,12,4,4,4,0.3333333333333333,0.3333333333333333
2019-05-31,-0.02533333333333333,0.660358308222207,15,6,7,2,0.4,0.4666666666666667
2019-06-01,0.01908333333333334,0.5089265812978481,12,4,5,3,0.3333333333333333,0.4166666666666667
2019-06-02,-0.11779999999999999,0.6075789660612027,5,1,2,2,0.2,0.4
2019-06-03,-0.38445454545454544,0.5194105050220612,11,1,8,2,0.09090909090909091,0.7272727272727273
2019-06-04,-0.3211818181818182,0.5656659470362022,11,3,8,0,0.2727272727272727,0.7272727272727273
2019-06-05,-0.17430000000000004,0.6491493664789328,10,3,6,1,0.3,0.6
2019-06-06,0.48581818181818176,0.3212425308647092,11,9,0,2,0.8181818181818182,0.0
2019-06-07,-0.245125,0.39349875204013396,8,1,3,4,0.125,0.375
2019-06-08,-0.153125,0.5735551879038568,8,2,6,0,0.25,0.75
2019-06-09,0.20344444444444443,0.5548531587526359,9,5,3,1,0.5555555555555556,0.3333333333333333
2019-06-10,-0.2208181818181818,0.601694078113092,11,3,6,2,0.2727272727272727,0.5454545454545454
2019-06-11,0.21228571428571424,0.570616323820997,14,9,3,2,0.6428571428571429,0.21428571428571427
2019-06-12,0.03673333333333332,0.45989726596066566,15,5,4,6,0.3333333333333333,0.26666666666666666
2019-06-13,-0.2575,0.44631923232464127,8,1,5,2,0.125,0.625
2019-06-14,0.229625,0.5743256760261177,8,3,1,4,0.375,0.125
2019-06-15,0.08329999999999999,0.44460495573786246,10,4,1,5,0.4,0.1
2019-06-16,0.14807142857142858,0.5165763722351695,14,6,3,5,0.42857142857142855,0.21428571428571427
2019-06-17,-0.28642857142857137,0.5705879173524194,14,2,8,4,0.14285714285714285,0.5714285714285714
2019-06-18,-0.1037777777777778,0.437375347321319,9,2,3,4,0.2222222222222222,0.3333333333333333
2019-06-19,0.09507692307692306,0.5700611753046716,13,6,5,2,0.46153846153846156,0.38461538461538464
2019-06-20,0.0050000000000000044,0.6754935232850127,5,2,3,0,0.4,0.6
2019-06-21,0.048214285714285716,0.4917643554779884,14,6,3,5,0.42857142857142855,0.21428571428571427
2019-06-22,0.32471428571428573,0.35308692078066783,14,8,1,5,0.5714285714285714,0.07142857142857142
2019-06-23,0.44216666666666665,0.41810975433092523,6,4,0,2,0.6666666666666666,0.0
2019-06-24,-0.42644444444444446,0.40883557547965144,9,1,6,2,0.1111111111111111,0.6666666666666666
2019-06-25,0.10583333333333335,0.4631922501575999,12,4,3,5,0.3333333333333333,0.25
2019-06-26,0.06614285714285716,0.486723718368006,14,5,5,4,0.35714285714285715,0.35714285714285715
2019-06-27,-0.22366666666666665,0.4840774418385655,12,2,5,5,0.16666666666666666,0.4166666666666667
2019-06-28,0.09857142857142856,0.5730825586663923,7,3,2,2,0.42857142857142855,0.2857142857142857
2019-06-29,-0.07092857142857142,0.5701919331763127,14,6,6,2,0.42857142857142855,0.42857142857142855
2019-06-30,0.168076923076923,0.48651763612063464,13,7,3,3,0.5384615384615384,0.23076923076923078
2019-07-01,-0.08685714285714284,0.4042364937226015,7,1,2,4,0.14285714285714285,0.2857142857142857
2019-07-02,-0.10400000000000001,0.47922553261602324,10,2,4,4,0.2,0.4
2019-07-03,-0.21933333333333332,0.4484232163396326,15,2,8,5,0.13333333333333333,0.5333333333333333
2019-07-04,0.01900000000000001,0.4791195049254413,9,4,3,2,0.4444444444444444,0.3333333333333333
2019-07-05,-0.09600000000000002,0.6493430246305597,12,4,6,2,0.3333333333333333,0.5
2019-07-06,0.2552,0.47486578220704756,10,5,2,3,0.5,0.2
2019-07-07,0.10122222222222223,0.6754820089717004,9,4,4,1,0.4444444444444444,0.4444444444444444
2019-07-08,0.13191666666666665,0.5044331577187018,12,5,3,4,0.4166666666666667,0.25
2019-07-09,0.07536363636363638,0.5657254232801056,11,5,4,2,0.45454545454545453,0.36363636363636365
2019-07-10,-0.04862500000000001,0.5649664813066346,8,2,3,3,0.25,0.375
2019-07-11,-0.03499999999999999,0.5325354448297315,14,6,6,2,0.42857142857142855,0.42857142857142855
2019-07-12,0.1441111111111111,0.5039204908625081,9,4,2,3,0.4444444444444444,0.2222222222222222
2019-07-13,-0.028749999999999994,0.5043622660891132,12,4,4,4,0.3333333333333333,0.3333333333333333
2019-07-14,-0.04264285714285714,0.5090258580620676,14,4,6,4,0.2857142857142857,0.42857142857142855
2019-07-15,-0.032769230769230766,0.5258124117094349,13,4,5,4,0.3076923076923077,0.38461538461538464
2019-07-16,-0.413,0.3865070072672249,7,0,4,3,0.0,0.5714285714285714
2019-07-17,0.036799999999999986,0.48528429239410215,10,4,4,2,0.4,0.4
2019-07-18,-0.0771111111111111,0.376378614045898,9,2,2,5,0.2222222222222222,0.2222222222222222
2019-07-19,-0.03886666666666667,0.4840479413485915,15,4,5,6,0.26666666666666666,0.3333333333333333
2019-07-20,0.24000000000000002,0.4054499184407815,12,6,2,4,0.5,0.16666666666666666
2019-07-21,0.09480000000000001,0.5991751711430353,15,6,4,5,0.4,0.26666666666666666
2019-07-22,-0.0955,0.48086696545046476,14,4,6,4,0.2857142857142857,0.42857142857142855
2019-07-23,-0.38533333333333336,0.43149909231267997,6,1,4,1,0.16666666666666666,0.6666666666666666
2019-07-24,0.16846153846153847,0.5066974138781144,13,5,2,6,0.38461538461538464,0.15384615384615385
2019-07-25,-0.010875000000000024,0.48908966092994793,8,3,2,3,0.375,0.25
2019-07-26,-0.002999999999999994,0.49760241826850743,13,4,4,5,0.3076923076923077,0.3076923076923077
2019-07-27,0.016999999999999994,0.5798676573150119,5,2,2,1,0.4,0.4
2019-07-28,0.1601,0.6091855127043723,10,5,3,2,0.5,0.3
2019-07-29,-0.3403333333333334,0.4318671670780264,9,1,6,2,0.1111111111111111,0.6666666666666666
2019-07-30,0.5708,0.39076808979239847,5,4,0,1,0.8,0.0
2019-07-31,0.04021428571428571,0.5494353995164111,14,6,4,4,0.42857142857142855,0.2857142857142857
2019-08-01,0.08100000000000002,0.6338783938436601,12,5,4,3,0.4166666666666667,0.3333333333333333
2019-08-02,-0.20239999999999997,0.5204279969409793,5,1,3,1,0.2,0.6
2019-08-03,0.6692,0.14533134555215538,5,5,0,0,1.0,0.0
2019-08-04,0.04833333333333333,0.5835767872925265,6,3,2,1,0.5,0.3333333333333333
2019-08-05,-0.21000000000000002,0.41198543663581116,9,1,4,4,0.1111111111111111,0.4444444444444444
2019-08-06,0.14150000000000001,0.5232461179980219,10,3,2,5,0.3,0.2
2019-08-07,-0.08162499999999999,0.5524811405960259,8,2,3,3,0.25,0.375
2019-08-08,-0.14,0.5496235075030906,9,2,5,2,0.2222222222222222,0.5555555555555556
2019-08-09,0.0408888888888889,0.6235526129454604,9,5,4,0,0.5555555555555556,0.4444444444444444
2019-08-10,-0.083,0.5911005144489541,12,5,5,2,0.4166666666666667,0.4166666666666667
2019-08-11,0.1498,0.5814457842309978,5,2,1,2,0.4,0.2
2019-08-12,-0.5603846153846154,0.2903398980682063,13,0,11,2,0.0,0.8461538461538461
2019-08-13,0.08241666666666665,0.584015015114156,12,5,4,3,0.4166666666666667,0.3333333333333333
2019-08-14,0.0740769230769231,0.5260219357812723,13,5,4,4,0.38461538461538464,0.3076923076923077
2019-08-15,-0.0008749999999999938,0.58210122769645,8,3,3,2,0.375,0.375
2019-08-16,0.16721428571428573,0.41149337382671997,14,6,2,6,0.42857142857142855,0.14285714285714285
2019-08-17,0.0225,0.5532512489316626,10,4,3,3,0.4,0.3
2019-08-18,0.24466666666666667,0.4004709727308585,9,5,1,3,0.5555555555555556,0.1111111111111111
2019-08-19,0.0642857142857143,0.6249633894039218,7,3,3,1,0.42857142857142855,0.42857142857142855
2019-08-20,-0.015499999999999995,0.5903797930146323,6,2,3,1,0.3333333333333333,0.5
2019-08-21,-0.07799999999999999,0.5260600726152861,11,3,4,4,0.2727272727272727,0.36363636363636365
2019-08-22,0.1492,0.6598187966740902,10,6,3,1,0.6,0.3
2019-08-23,0.13659999999999997,0.6399222522220094,10,5,3,2,0.5,0.3
2019-08-24,-0.028799999999999982,0.6478944358458406,5,2,2,1,0.4,0.4
2019-08-25,0.208125,0.4483230459963313,8,4,1,3,0.5,0.125
2019-08-26,0.29133333333333333,0.5296043334414854,9,6,3,0,0.6666666666666666,0.3333333333333333
2019-08-27,-0.20890909090909096,0.5435651671226652,11,2,5,4,0.18181818181818182,0.45454545454545453
2019-08-28,0.1743333333333333,0.5263351277149062,6,2,2,2,0.3333333333333333,0.3333333333333333
2019-08-29,0.18472727272727274,0.5769740186367305,11,6,3,2,0.5454545454545454,0.2727272727272727
2019-08-30,-0.08925,0.4738444556833162,12,2,4,6,0.16666666666666666,0.3333333333333333
2019-08-31,0.07039999999999999,0.5057714020297224,10,4,3,3,0.4,0.3
2019-09-01,-0.22486666666666671,0.48762058826021504,15,3,9,3,0.2,0.6
2019-09-02,0.13173333333333334,0.509213183908927,15,8,5,2,0.5333333333333333,0.3333333333333333
2019-09-03,-0.296375,0.45504157973279136,8,1,5,2,0.125,0.625
2019-09-04,-0.18866666666666668,0.5481679127840854,12,4,8,0,0.3333333333333333,0.6666666666666666
2019-09-05,-0.339,0.5763878902267118,9,1,5,3,0.1111111111111111,0.5555555555555556
2019-09-06,-0.29300000000000004,0.5234610778271868,5,1,4,0,0.2,0.8
2019-09-07,0.09935714285714285,0.5486166669476487,14,6,4,4,0.42857142857142855,0.2857142857142857
2019-09-08,-0.22414285714285714,0.41020256320157583,7,1,4,2,0.14285714285714285,0.5714285714285714
2019-09-09,-0.229375,0.4601356748674398,8,1,3,4,0.125,0.375
2019-09-10,-0.101,0.5809897958287588,15,4,6,5,0.26666666666666666,0.4
2019-09-11,0.2926000000000001,0.4381063290521555,10,6,2,2,0.6,0.2
2019-09-12,-0.04974999999999999,0.47809913795601616,8,2,3,3,0.25,0.375
2019-09-13,0.01050000000000001,0.45935588962517215,10,3,3,4,0.3,0.3
2019-09-14,0.02616666666666667,0.6753631368876056,6,3,2,1,0.5,0.3333333333333333
2019-09-15,-0.060733333333333334,0.5232801034500228,15,3,6,6,0.2,0.4
2019-09-16,-0.28983333333333333,0.4515822922421413,6,1,3,2,0.16666666666666666,0.5
2019-09-17,0.08236363636363633,0.39003750402423426,11,4,3,4,0.36363636363636365,0.2727272727272727
2019-09-18,0.15983333333333336,0.5158715191231478,12,6,3,3,0.5,0.25
2019-09-19,-0.0678,0.46269639673932583,10,3,4,3,0.3,0.4
2019-09-20,-0.11171428571428574,0.6851023559259142,7,3,4,0,0.42857142857142855,0.5714285714285714
2019-09-21,0.016199999999999964,0.49933487189031195,15,5,4,6,0.3333333333333333,0.26666666666666666
2019-09-22,-0.03675,0.491419118472206,12,4,5,3,0.3333333333333333,0.4166666666666667
2019-09-23,0.1678,0.5580009557936856,10,5,2,3,0.5,0.2
2019-09-24,0.011428571428571423,0.42791660291185135,7,1,2,4,0.14285714285714285,0.2857142857142857
2019-09-25,-0.10033333333333333,0.6483081571804157,6,2,4,0,0.3333333333333333,0.6666666666666666
2019-09-26,-0.019333333333333313,0.6736594589751314,6,2,3,1,0.3333333333333333,0.5
2019-09-27,-0.05457142857142859,0.5979373152488754,14,5,6,3,0.35714285714285715,0.42857142857142855
2019-09-28,-0.210125,0.5883377158207205,8,2,5,1,0.25,0.625
2019-09-29,0.07546666666666665,0.45212717342842923,15,6,3,6,0.4,0.2
2019-09-30,-0.08062500000000002,0.5037649501503653,8,2,3,3,0.25,0.375
2019-10-01,-0.020666666666666642,0.5690250433856141,9,3,4,2,0.3333333333333333,0.4444444444444444
2019-10-02,-0.1471333333333333,0.5376556075974214,15,3,7,5,0.2,0.4666666666666667
2019-10-03,0.11910000000000001,0.4321898888220316,10,4,3,3,0.4,0.3
2019-10-04,-0.12283333333333334,0.4289901708275688,6,1,2,3,0.16666666666666666,0.3333333333333333
2019-10-05,-0.14458333333333334,0.34974236188510205,12,1,4,7,0.08333333333333333,0.3333333333333333
2019-10-06,0.13314285714285715,0.3907801720368408,7,2,1,4,0.2857142857142857,0.14285714285714285
2019-10-07,0.27759999999999996,0.5069479826795419,15,9,2,4,0.6,0.13333333333333333
2019-10-08,0.15875000000000003,0.5719548814055496,12,5,3,4,0.4166666666666667,0.25
2019-10-09,0.3,0.5253722489816149,6,4,2,0,0.6666666666666666,0.3333333333333333
2019-10-10,-0.1461,0.48340170780740016,10,2,5,3,0.2,0.5
2019-10-11,-0.13216666666666665,0.44172000935736055,6,1,3,2,0.16666666666666666,0.5
2019-10-12,0.24429999999999996,0.57154372827749,10,5,2,3,0.5,0.2
2019-10-13,-0.16428571428571428,0.4718777081284635,7,1,2,4,0.14285714285714285,0.2857142857142857
2019-10-14,-0.21616666666666665,0.38497138421792687,6,1,3,2,0.16666666666666666,0.5
2019-10-15,0.019454545454545457,0.29492452039000205,11,3,2,6,0.2727272727272727,0.18181818181818182
2019-10-16,-0.100875,0.630953119721041,8,3,4,1,0.375,0.5
2019-10-17,-0.053400000000000024,0.44714013463342783,5,1,1,3,0.2,0.2
2019-10-18,0.18025,0.5936639889855051,12,7,3,2,0.5833333333333334,0.25
2019-10-19,0.007124999999999979,0.6169659489330486,8,3,4,1,0.375,0.5
2019-10-20,0.3065555555555555,0.46638425978776105,9,4,1,4,0.4444444444444444,0.1111111111111111
2019-10-21,0.10964285714285715,0.5026773865463365,14,4,3,7,0.2857142857142857,0.21428571428571427
2019-10-22,0.03536363636363635,0.6339852163461341,11,5,4,2,0.45454545454545453,0.36363636363636365
2019-10-23,0.3136666666666667,0.45023575834804375,15,9,2,4,0.6,0.13333333333333333
2019-10-24,0.04978571428571429,0.6162876674175697,14,7,5,2,0.5,0.35714285714285715
2019-10-25,-0.0021428571428571725,0.5763145635765906,7,3,3,1,0.42857142857142855,0.42857142857142855
2019-10-26,-0.17484615384615385,0.47171616574550534,13,4,7,2,0.3076923076923077,0.5384615384615384
2019-10-27,0.13263636363636366,0.575928167869444,11,4,3,4,0.36363636363636365,0.2727272727272727
2019-10-28,-0.004230769230769226,0.5886902345951496,13,4,5,4,0.3076923076923077,0.38461538461538464
2019-10-29,0.112125,0.39397441450646803,8,5,2,1,0.625,0.25
2019-10-30,0.04988888888888891,0.5625623175356763,9,3,3,3,0.3333333333333333,0.3333333333333333
2019-10-31,0.43133333333333335,0.5112434514658029,6,4,1,1,0.6666666666666666,0.16666666666666666
2019-11-01,-0.0625,0.49774159962775866,6,2,4,0,0.3333333333333333,0.6666666666666666
2019-11-02,-0.55,0.2798142240844807,10,0,8,2,0.0,0.8
2019-11-03,0.25975,0.46430954883876463,8,6,2,0,0.75,0.25
2019-11-04,0.17014285714285712,0.6532415144419988,7,3,2,2,0.42857142857142855,0.2857142857142857
2019-11-05,-0.06224999999999999,0.5088078982019907,12,3,4,5,0.25,0.3333333333333333
2019-11-06,-0.13777777777777778,0.4269589493668501,9,2,3,4,0.2222222222222222,0.3333333333333333
2019-11-07,-0.21491666666666664,0.5807555358532903,12,4,7,1,0.3333333333333333,0.5833333333333334
2019-11-08,-0.10425,0.3443341730460001,12,1,3,8,0.08333333333333333,0.25
2019-11-09,-0.1101,0.6779631995912463,10,4,5,1,0.4,0.5
2019-11-10,-0.07100000000000002,0.4507969012247601,14,5,7,2,0.35714285714285715,0.5
2019-11-11,-0.192,0.6076568841779783,10,3,5,2,0.3,0.5
2019-11-12,0.15929999999999997,0.5563863665555518,10,5,2,3,0.5,0.2
2019-11-13,0.028142857142857136,0.4877237703767125,7,3,2,2,0.42857142857142855,0.2857142857142857
2019-11-14,-0.16592857142857143,0.4615349748036794,14,3,7,4,0.21428571428571427,0.5
2019-11-15,0.15660000000000002,0.48257342890560634,15,7,4,4,0.4666666666666667,0.26666666666666666
2019-11-16,0.1885,0.5654340936711495,8,3,1,4,0.375,0.125
2019-11-17,-0.21200000000000002,0.5994572545227892,5,1,2,2,0.2,0.4
2019-11-18,-0.22525,0.3352303046307972,8,0,2,6,0.0,0.25
2019-11-19,-0.5673999999999999,0.20080537841402554,5,0,5,0,0.0,1.0
2019-11-20,0.17600000000000002,0.4855317609684158,12,6,3,3,0.5,0.25
2019-11-21,0.2613846153846154,0.542928408181278,13,7,2,4,0.5384615384615384,0.15384615384615385
2019-11-22,-0.0069166666666666725,0.4171492992668068,12,2,3,7,0.16666666666666666,0.25
2019-11-23,0.033142857142857134,0.49712865648532184,14,4,3,7,0.2857142857142857,0.21428571428571427
2019-11-24,-0.0031000000000000138,0.5061634452756671,10,4,3,3,0.4,0.3
2019-11-25,0.14575000000000002,0.5086550192138367,8,4,1,3,0.5,0.125
2019-11-26,0.23957142857142857,0.4613468894237311,7,3,1,3,0.42857142857142855,0.14285714285714285
2019-11-27,-0.23255555555555554,0.5268669450418937,9,2,4,3,0.2222222222222222,0.4444444444444444
2019-11-28,0.10979999999999998,0.4720286714455666,10,5,2,3,0.5,0.2
2019-11-29,-0.027866666666666654,0.5604060857560176,15,6,7,2,0.4,0.4666666666666667
2019-11-30,0.05999999999999999,0.6119787578012819,6,2,3,1,0.3333333333333333,0.5
2019-12-01,0.01521428571428572,0.6423008136105972,14,5,5,4,0.35714285714285715,0.35714285714285715
2019-12-02,-0.2132857142857143,0.3435203605250176,7,0,3,4,0.0,0.42857142857142855
2019-12-03,-0.04758333333333333,0.5974962089394121,12,4,4,4,0.3333333333333333,0.3333333333333333
2019-12-04,0.16691666666666669,0.6131825263378439,12,7,3,2,0.5833333333333334,0.25
2019-12-05,0.3828,0.35516503206256106,5,3,0,2,0.6,0.0
2019-12-06,-0.1482857142857143,0.5149287051899237,7,2,4,1,0.2857142857142857,0.5714285714285714
2019-12-07,-0.1782857142857143,0.5749978881948797,7,1,3,3,0.14285714285714285,0.42857142857142855
2019-12-08,0.17654545454545453,0.341242835422625,11,4,1,6,0.36363636363636365,0.09090909090909091
2019-12-09,0.11380000000000003,0.5824804349871823,15,9,4,2,0.6,0.26666666666666666
2019-12-10,0.17466666666666666,0.5360918057967536,12,6,2,4,0.5,0.16666666666666666
2019-12-11,0.19657142857142856,0.5973990450675487,7,4,2,1,0.5714285714285714,0.2857142857142857
2019-12-12,-0.09460000000000002,0.7966117624037445,5,2,3,0,0.4,0.6
2019-12-13,-0.15960000000000002,0.5723304240434142,15,4,9,2,0.26666666666666666,0.6
2019-12-14,-0.2905,0.31266275761593354,8,0,5,3,0.0,0.625
2019-12-15,0.12725000000000003,0.6712107929491514,8,4,3,1,0.5,0.375
2019-12-16,-0.14720000000000003,0.746855006008529,10,4,6,0,0.4,0.6
2019-12-17,-0.43600000000000005,0.39370102870071344,5,0,2,3,0.0,0.4
2019-12-18,-0.27637500000000004,0.49806853730901623,8,2,5,1,0.25,0.625
2019-12-19,-0.04211111111111111,0.39134398054794595,9,2,3,4,0.2222222222222222,0.3333333333333333
2019-12-20,0.02026666666666665,0.4213441868704537,15,4,4,7,0.26666666666666666,0.26666666666666666
2019-12-21,0.14416666666666664,0.4301913140297775,6,3,1,2,0.5,0.16666666666666666
2019-12-22,0.0935,0.5770783212778737,10,4,3,3,0.4,0.3
2019-12-23,0.14158333333333334,0.49684119620098355,12,5,3,4,0.4166666666666667,0.25
2019-12-24,0.07499999999999997,0.6530592622419499,11,6,4,1,0.5454545454545454,0.36363636363636365
2019-12-25,-0.16276923076923075,0.6793206353711225,13,4,8,1,0.3076923076923077,0.6153846153846154
2019-12-26,0.07723076923076923,0.4637451084820471,13,4,3,6,0.3076923076923077,0.23076923076923078
2019-12-27,0.06755555555555554,0.5201548113569439,9,3,2,4,0.3333333333333333,0.2222222222222222
2019-12-28,0.1136,0.5631262341212275,10,4,2,4,0.4,0.2
2019-12-29,0.25620000000000004,0.5755499109547321,5,3,1,1,0.6,0.2
2019-12-30,0.17025,0.5429237557387359,12,5,3,4,0.4166666666666667,0.25
2019-12-31,0.1111428571428572,0.5801334411355801,7,3,3,1,0.42857142857142855,0.42857142857142855
2020-01-01,-0.08639999999999999,0.177194243698829,5,0,1,4,0.0,0.2
2020-01-02,0.17325000000000002,0.4327396941085285,8,4,2,2,0.5,0.25
2020-01-03,0.09509999999999999,0.42257608124980817,10,3,1,6,0.3,0.1
2020-01-04,-0.015200000000000002,0.48168027332898505,15,7,4,4,0.4666666666666667,0.26666666666666666
2020-01-05,0.12233333333333335,0.5413531656876129,9,5,3,1,0.5555555555555556,0.3333333333333333
2020-01-06,0.03449999999999998,0.6694400645315457,8,3,4,1,0.375,0.5
2020-01-07,0.26346666666666674,0.5607108838234686,15,8,3,4,0.5333333333333333,0.2
2020-01-08,0.06416666666666668,0.41110894744175375,6,2,2,2,0.3333333333333333,0.3333333333333333
2020-01-09,-0.02842857142857143,0.5454828086250698,14,6,5,3,0.42857142857142855,0.35714285714285715
2020-01-10,0.11733333333333333,0.3685032790446602,6,1,0,5,0.16666666666666666,0.0
2020-01-11,0.036833333333333336,0.5046422164927017,6,2,2,2,0.3333333333333333,0.3333333333333333
2020-01-12,-0.3134,0.6561320751190266,5,1,3,1,0.2,0.6
2020-01-13,0.02866666666666667,0.5430452055198491,15,6,5,4,0.4,0.3333333333333333
2020-01-14,-0.3049090909090909,0.4212793502049334,11,1,7,3,0.09090909090909091,0.6363636363636364
2020-01-15,-0.40120000000000006,0.25201726131358543,5,0,3,2,0.0,0.6
2020-01-16,-0.1696,0.1136828922925521,5,0,1,4,0.0,0.2
2020-01-17,0.15981818181818183,0.6017153510060747,11,6,3,2,0.5454545454545454,0.2727272727272727
2020-01-18,-0.05733333333333335,0.5228359844795178,6,2,3,1,0.3333333333333333,0.5
2020-01-19,0.10655555555555554,0.5167468217394063,9,4,3,2,0.4444444444444444,0.3333333333333333
2020-01-20,0.01700000000000001,0.5771937860603374,10,5,3,2,0.5,0.3
2020-01-21,-0.12561538461538457,0.5693306799013409,13,4,6,3,0.3076923076923077,0.46153846153846156
2020-01-22,0.25660000000000005,0.5256260182973358,10,5,2,3,0.5,0.2
2020-01-23,-0.07712500000000003,0.5293935715244648,8,2,4,2,0.25,0.5
2020-01-24,-0.2682857142857143,0.537542188479755,14,3,8,3,0.21428571428571427,0.5714285714285714
2020-01-25,-0.14857142857142855,0.6115879349674928,14,4,6,4,0.2857142857142857,0.42857142857142855
2020-01-26,0.227625,0.37231244079593767,8,3,0,5,0.375,0.0
2020-01-27,-0.021600000000000043,0.6457807677532678,5,2,3,0,0.4,0.6
2020-01-28,0.17722222222222225,0.538287278731761,9,4,3,2,0.4444444444444444,0.3333333333333333
2020-01-29,0.05613333333333334,0.5451593301394513,15,7,5,3,0.4666666666666667,0.3333333333333333
2020-01-30,-0.005124999999999991,0.4886525021496798,8,2,3,3,0.25,0.375
2020-01-31,0.05055555555555558,0.6017994082564204,9,4,3,2,0.4444444444444444,0.3333333333333333
2020-02-01,0.06633333333333334,0.666233792798494,6,3,2,1,0.5,0.3333333333333333
2020-02-02,0.10935714285714286,0.47256429878220435,14,7,5,2,0.5,0.35714285714285715
2020-02-03,-0.162,0.7279144376720581,8,3,5,0,0.375,0.625
2020-02-04,0.3566,0.5096707760898206,5,4,1,0,0.8,0.2
2020-02-05,-0.5298,0.2583876932053847,5,0,4,1,0.0,0.8
2020-02-06,0.262,0.5185542401716526,5,3,1,1,0.6,0.2
2020-02-07,0.3452,0.7246303885430144,5,4,1,0,0.8,0.2
2020-02-08,-0.17,0.5182495262212705,15,3,7,5,0.2,0.4666666666666667
2020-02-09,0.2287142857142857,0.5129713163799429,7,4,2,1,0.5714285714285714,0.2857142857142857
2020-02-10,0.16908333333333334,0.3381017755145048,12,5,1,6,0.4166666666666667,0.08333333333333333
2020-02-11,-0.1195,0.42357357262767403,8,1,2,5,0.125,0.25
2020-02-12,-0.027363636363636343,0.45959596880896875,11,3,4,4,0.2727272727272727,0.36363636363636365
2020-02-13,-0.02808333333333332,0.6229786890172865,12,5,6,1,0.4166666666666667,0.5
2020-02-14,0.2072,0.3675801953315766,5,3,1,1,0.6,0.2
2020-02-15,0.1518,0.641899291166457,5,3,2,0,0.6,0.4
2020-02-16,0.044727272727272706,0.4160425677521691,11,2,3,6,0.18181818181818182,0.2727272727272727
2020-02-17,0.14784615384615385,0.5293294258074466,13,5,2,6,0.38461538461538464,0.15384615384615385
2020-02-18,0.12613333333333332,0.5173426422824717,15,7,5,3,0.4666666666666667,0.3333333333333333
2020-02-19,0.1814,0.5433868787521465,5,2,1,2,0.4,0.2
2020-02-20,-0.11245454545454546,0.4458509534892493,11,3,4,4,0.2727272727272727,0.36363636363636365
2020-02-21,0.10249999999999998,0.5991342921248958,6,3,2,1,0.5,0.3333333333333333
2020-02-22,-0.02639999999999999,0.34530247609885456,5,1,1,3,0.2,0.2
2020-02-23,-0.082,0.4812113187917895,7,2,3,2,0.2857142857142857,0.42857142857142855
2020-02-24,-0.1856,0.39572566254919583,5,0,1,4,0.0,0.2
2020-02-25,0.011533333333333333,0.44876781566969837,15,5,4,6,0.3333333333333333,0.26666666666666666
2020-02-26,0.12127272727272725,0.5301620678451243,11,4,2,5,0.36363636363636365,0.18181818181818182
2020-02-27,-0.1423636363636364,0.537800757293493,11,3,5,3,0.2727272727272727,0.45454545454545453
2020-02-28,0.009785714285714286,0.5132320180927964,14,7,4,3,0.5,0.2857142857142857
2020-02-29,-0.038333333333333316,0.40749693250379204,9,2,3,4,0.2222222222222222,0.3333333333333333
2020-03-01,0.0086,0.5475718522105874,10,3,3,4,0.3,0.3
2020-03-02,-0.15185714285714286,0.5847544865358534,7,3,4,0,0.42857142857142855,0.5714285714285714
2020-03-03,0.026000000000000016,0.5978102900227988,15,5,5,5,0.3333333333333333,0.3333333333333333
2020-03-04,-0.18833333333333335,0.6760957525873584,6,1,3,2,0.16666666666666666,0.5
2020-03-05,0.09841666666666665,0.49002791355248937,12,6,3,3,0.5,0.25
2020-03-06,0.19014285714285714,0.4319395901324739,7,3,1,3,0.42857142857142855,0.14285714285714285
2020-03-07,-0.01777777777777778,0.6029211759794513,9,4,4,1,0.4444444444444444,0.4444444444444444
2020-03-08,-0.0008999999999999731,0.5223509782171796,10,4,3,3,0.4,0.3
2020-03-09,-0.10535714285714286,0.5084134609279609,14,4,6,4,0.2857142857142857,0.42857142857142855
2020-03-10,-0.2233333333333333,0.5705844956416768,6,1,3,2,0.16666666666666666,0.5
2020-03-11,-0.30253846153846153,0.573346697816806,13,3,7,3,0.23076923076923078,0.5384615384615384
2020-03-12,0.4944,0.4947886417451395,5,4,1,0,0.8,0.2
2020-03-13,-0.1210714285714286,0.5077945472312618,14,3,6,5,0.21428571428571427,0.42857142857142855
2020-03-14,-0.44299999999999995,0.3442419207476045,5,0,3,2,0.0,0.6
2020-03-15,0.15808333333333338,0.49041308345540946,12,6,2,4,0.5,0.16666666666666666
2020-03-16,0.0030769230769230774,0.5382868599452746,13,4,4,5,0.3076923076923077,0.3076923076923077
2020-03-17,-0.18963636363636363,0.30057686961150976,11,0,4,7,0.0,0.36363636363636365
2020-03-18,0.14653333333333332,0.5340810354065686,15,8,4,3,0.5333333333333333,0.26666666666666666
2020-03-19,-0.11674999999999999,0.3410210508793513,8,1,3,4,0.125,0.375
2020-03-20,0.03711111111111111,0.6784624979400933,9,4,4,1,0.4444444444444444,0.4444444444444444
2020-03-21,-0.466,0.3721941697555189,5,0,3,2,0.0,0.6
2020-03-22,0.04806666666666666,0.6662977098078893,15,8,7,0,0.5333333333333333,0.4666666666666667
2020-03-23,-0.053400000000000024,0.5428800972590541,5,1,2,2,0.2,0.4
2020-03-24,-0.1762222222222222,0.6588324479292473,9,3,5,1,0.3333333333333333,0.5555555555555556
2020-03-25,-0.03973333333333335,0.5265775572596346,15,5,6,4,0.3333333333333333,0.4
2020-03-26,-0.11114285714285714,0.639049666450485,7,2,3,2,0.2857142857142857,0.42857142857142855
2020-03-27,0.22559999999999997,0.41971185883227613,10,5,1,4,0.5,0.1
2020-03-28,0.16746153846153847,0.5064249887503274,13,6,4,3,0.46153846153846156,0.3076923076923077
2020-03-29,0.021,0.5064521874588145,12,4,4,4,0.3333333333333333,0.3333333333333333
2020-03-30,0.14411111111111113,0.5519928542210588,9,3,2,4,0.3333333333333333,0.2222222222222222
2020-03-31,0.23149999999999996,0.5490139342493959,6,3,1,2,0.5,0.16666666666666666
2020-04-01,0.030636363636363625,0.5893481607211942,11,5,5,1,0.45454545454545453,0.45454545454545453
2020-04-02,0.1021111111111111,0.6191868547628504,9,4,3,2,0.4444444444444444,0.3333333333333333
2020-04-03,0.0064000000000000055,0.6114729393485501,10,4,3,3,0.4,0.3
2020-04-04,-0.16726666666666665,0.48626454685058984,15,4,8,3,0.26666666666666666,0.5333333333333333
2020-04-05,0.1732857142857143,0.4162527761185187,14,7,3,4,0.5,0.21428571428571427
2020-04-06,-0.0005714285714285798,0.5708004789882247,14,4,4,6,0.2857142857142857,0.2857142857142857
2020-04-07,-0.19991666666666666,0.5191285457087647,12,2,7,3,0.16666666666666666,0.5833333333333334
2020-04-08,0.2281666666666667,0.460780332861023,12,6,2,4,0.5,0.16666666666666666
2020-04-09,0.5168333333333334,0.2567102776802414,6,5,0,1,0.8333333333333334,0.0
2020-04-10,0.11564285714285714,0.4237447720835408,14,6,3,5,0.42857142857142855,0.21428571428571427
2020-04-11,-0.03714285714285715,0.47377928355280535,7,3,2,2,0.42857142857142855,0.2857142857142857
2020-04-12,0.22683333333333336,0.5678541479405899,12,8,3,1,0.6666666666666666,0.25
2020-04-13,0.14075,0.5459507434610876,8,4,2,2,0.5,0.25
2020-04-14,-0.09483333333333331,0.4600375149392876,12,4,6,2,0.3333333333333333,0.5
2020-04-15,-0.040999999999999995,0.595802400129439,5,2,2,1,0.4,0.4
2020-04-16,-0.11,0.6693474434103712,9,3,5,1,0.3333333333333333,0.5555555555555556
2020-04-17,-0.03939999999999999,0.507071592578405,10,4,4,2,0.4,0.4
2020-04-18,-0.3588,0.34772215920185473,5,0,3,2,0.0,0.6
2020-04-19,-0.20272727272727276,0.5033654916477869,11,2,5,4,0.18181818181818182,0.45454545454545453
2020-04-20,-0.01825000000000001,0.6097385270987651,8,3,4,1,0.375,0.5
2020-04-21,-0.0028750000000000026,0.5192534304171711,8,2,2,4,0.25,0.25
2020-04-22,-0.014384615384615397,0.44462653588180767,13,4,4,5,0.3076923076923077,0.3076923076923077
2020-04-23,0.09040000000000001,0.3190028213041383,5,1,1,3,0.2,0.2
2020-04-24,-0.20226666666666665,0.48273912899895177,15,3,8,4,0.2,0.5333333333333333
2020-04-25,0.03199999999999999,0.5016891467831449,8,2,2,4,0.25,0.25
2020-04-26,-0.30077777777777776,0.45306146872631364,9,2,6,1,0.2222222222222222,0.6666666666666666
2020-04-27,-0.009846153846153859,0.6583286724924268,13,6,5,2,0.46153846153846156,0.38461538461538464
2020-04-28,0.02342857142857144,0.5268447026015738,14,4,4,6,0.2857142857142857,0.2857142857142857
2020-04-29,-0.013000000000000001,0.6924611902482334,5,3,2,0,0.6,0.4
2020-04-30,-0.017600000000000008,0.47266324466489124,15,4,5,6,0.26666666666666666,0.3333333333333333
2020-05-01,0.3412,0.6609419036496323,5,3,1,1,0.6,0.2
2020-05-02,-0.05884615384615384,0.5075800176907818,13,4,5,4,0.3076923076923077,0.38461538461538464
2020-05-03,-0.12724999999999997,0.5080288940039308,8,1,3,4,0.125,0.375
2020-05-04,0.08266666666666665,0.5333976627870305,6,2,1,3,0.3333333333333333,0.16666666666666666
2020-05-05,-0.001333333333333347,0.5331791443783224,9,4,3,2,0.4444444444444444,0.3333333333333333
2020-05-06,-0.09809090909090906,0.6142666285165513,11,4,7,0,0.36363636363636365,0.6363636363636364
2020-05-07,0.01312499999999997,0.5783475073739959,8,3,3,2,0.375,0.375
2020-05-08,0.012700000000000006,0.5226985640776994,10,3,4,3,0.3,0.4
2020-05-09,-0.26633333333333337,0.5558789265230163,15,3,9,3,0.2,0.6
2020-05-10,0.03519999999999998,0.529832709447048,5,2,1,2,0.4,0.2
2020-05-11,0.24792307692307694,0.606215234266189,13,8,3,2,0.6153846153846154,0.23076923076923078
2020-05-12,0.030153846153846156,0.5711647231978189,13,6,5,2,0.46153846153846156,0.38461538461538464
2020-05-13,0.1316,0.5629604683180596,10,3,3,4,0.3,0.3
2020-05-14,-0.09987499999999999,0.4649836978709192,8,1,3,4,0.125,0.375
2020-05-15,-0.1280909090909091,0.30980492395875653,11,0,3,8,0.0,0.2727272727272727
2020-05-16,-0.019199999999999995,0.48766091849621435,15,3,6,6,0.2,0.4
2020-05-17,0.09664285714285713,0.5472788077448216,14,5,4,5,0.35714285714285715,0.2857142857142857
2020-05-18,0.30733333333333335,0.4265050102982658,15,7,2,6,0.4666666666666667,0.13333333333333333
2020-05-19,-0.023666666666666673,0.5761982508151376,12,4,3,5,0.3333333333333333,0.25
2020-05-20,-0.17691666666666664,0.47858930169506475,12,2,5,5,0.16666666666666666,0.4166666666666667
2020-05-21,-0.15644444444444444,0.3232483994976275,9,1,5,3,0.1111111111111111,0.5555555555555556
2020-05-22,0.15962500000000002,0.3806726893652491,8,3,1,4,0.375,0.125
2020-05-23,-0.09723076923076923,0.5605164514157389,13,5,6,2,0.38461538461538464,0.46153846153846156
2020-05-24,-0.10422222222222224,0.5259132004850653,9,2,3,4,0.2222222222222222,0.3333333333333333
2020-05-25,-0.03309090909090905,0.6388264951527065,11,4,6,1,0.36363636363636365,0.5454545454545454
2020-05-26,0.1232,0.7283822485481095,5,2,2,1,0.4,0.4
2020-05-27,0.19428571428571426,0.4853863458750202,7,3,1,3,0.42857142857142855,0.14285714285714285
2020-05-28,0.13784615384615384,0.45894005530022586,13,6,2,5,0.46153846153846156,0.15384615384615385
2020-05-29,-0.19400000000000003,0.6743708178739647,5,1,3,1,0.2,0.6
2020-05-30,-0.05850000000000001,0.5640667922807069,14,5,6,3,0.35714285714285715,0.42857142857142855
2020-05-31,0.03850000000000002,0.42631343264919874,8,3,3,2,0.375,0.375
2020-06-01,-0.01683333333333335,0.3125318408021037,12,2,4,6,0.16666666666666666,0.3333333333333333
2020-06-02,0.0757,0.5206961259271626,10,3,2,5,0.3,0.2
2020-06-03,0.133,0.36607786057067143,7,3,1,3,0.42857142857142855,0.14285714285714285
2020-06-04,-0.05684615384615382,0.5866852998206458,13,4,6,3,0.3076923076923077,0.46153846153846156
2020-06-05,0.21924999999999997,0.4209821000605947,8,4,1,3,0.5,0.125
2020-06-06,0.06715384615384615,0.4751944945938533,13,5,3,5,0.38461538461538464,0.23076923076923078
2020-06-07,0.188375,0.3315569063416673,8,4,1,3,0.5,0.125
2020-06-08,-0.2976,0.6570938289163885,5,1,3,1,0.2,0.6
2020-06-09,-0.05164285714285714,0.5105126544265776,14,3,4,7,0.21428571428571427,0.2857142857142857
2020-06-10,-0.0889,0.5058946860101747,10,2,4,4,0.2,0.4
2020-06-11,0.1946363636363637,0.49075641060046743,11,6,2,3,0.5454545454545454,0.18181818181818182
2020-06-12,-0.15283333333333332,0.4413062909411585,12,2,4,6,0.16666666666666666,0.3333333333333333
2020-06-13,0.10808333333333335,0.645196722408027,12,6,4,2,0.5,0.3333333333333333
2020-06-14,0.08161538461538465,0.5515540980510644,13,6,4,3,0.46153846153846156,0.3076923076923077
2020-06-15,0.030500000000000013,0.7209131114674738,8,4,4,0,0.5,0.5
2020-06-16,0.09299999999999999,0.612008660069447,11,6,4,1,0.5454545454545454,0.36363636363636365
2020-06-17,-0.6198333333333333,0.3137664205530392,6,0,5,1,0.0,0.8333333333333334
2020-06-18,-0.03777777777777777,0.4342864198250326,9,1,2,6,0.1111111111111111,0.2222222222222222
2020-06-19,0.0072999999999999845,0.5317769060214799,10,3,5,2,0.3,0.5
2020-06-20,0.45199999999999996,0.38063236856578553,5,3,0,2,0.6,0.0
2020-06-21,0.03842857142857142,0.47340041829719165,14,5,4,5,0.35714285714285715,0.2857142857142857
2020-06-22,-0.34088888888888885,0.518686187507544,9,1,6,2,0.1111111111111111,0.6666666666666666
2020-06-23,0.0043076923076922945,0.4418918390691295,13,4,4,5,0.3076923076923077,0.3076923076923077
2020-06-24,-0.07814285714285715,0.44191870616341067,7,1,2,4,0.14285714285714285,0.2857142857142857
2020-06-25,0.028181818181818176,0.6669785331150948,11,5,4,2,0.45454545454545453,0.36363636363636365
2020-06-26,0.453,0.39647919239223633,9,7,1,1,0.7777777777777778,0.1111111111111111
2020-06-27,-0.1678888888888889,0.6150372843260081,9,3,5,1,0.3333333333333333,0.5555555555555556
2020-06-28,0.10439999999999997,0.36657944417123134,10,4,2,4,0.4,0.2
2020-06-29,0.05786666666666666,0.5705161656238106,15,7,5,3,0.4666666666666667,0.3333333333333333
2020-06-30,-0.016222222222222225,0.653769985885284,9,3,3,3,0.3333333333333333,0.3333333333333333
2020-07-01,-0.4442727272727273,0.4842549103332027,11,1,7,3,0.09090909090909091,0.6363636363636364
2020-07-02,-0.1572,0.546236631088448,15,3,8,4,0.2,0.5333333333333333
2020-07-03,-0.25276923076923075,0.3970592218309828,13,1,6,6,0.07692307692307693,0.46153846153846156
2020-07-04,-0.08075000000000002,0.6614146635378272,8,3,4,1,0.375,0.5
2020-07-05,-0.04299999999999999,0.5952845958027135,9,4,4,1,0.4444444444444444,0.4444444444444444
2020-07-06,0.02066666666666665,0.607114706350181,6,2,3,1,0.3333333333333333,0.5
2020-07-07,-0.13062500000000002,0.512450119523842,8,2,4,2,0.25,0.5
2020-07-08,0.291,0.5668564633132448,9,5,1,3,0.5555555555555556,0.1111111111111111
2020-07-09,0.2828333333333333,0.3865340433476289,6,2,0,4,0.3333333333333333,0.0
2020-07-10,0.06887500000000002,0.6509407340808488,8,4,2,2,0.5,0.25
2020-07-11,-0.2638181818181819,0.5806399604198489,11,3,7,1,0.2727272727272727,0.6363636363636364
2020-07-12,0.07607692307692308,0.5439625387742648,13,6,5,2,0.46153846153846156,0.38461538461538464
2020-07-13,-0.05519999999999999,0.4684737986269883,5,1,1,3,0.2,0.2
2020-07-14,0.2113,0.4981041948115764,10,5,2,3,0.5,0.2
2020-07-15,-0.07600000000000003,0.5876268657348244,7,3,3,1,0.42857142857142855,0.42857142857142855
2020-07-16,0.12440000000000001,0.49500646460425146,15,5,2,8,0.3333333333333333,0.13333333333333333
2020-07-17,0.007800000000000007,0.5363801823333894,5,2,2,1,0.4,0.4
2020-07-18,0.01869230769230768,0.4944846449613619,13,4,4,5,0.3076923076923077,0.3076923076923077
2020-07-19,-0.0198,0.5438477728188285,10,4,4,2,0.4,0.4
2020-07-20,0.14166666666666666,0.5278514483404886,12,7,3,2,0.5833333333333334,0.25
2020-07-21,0.06799999999999999,0.6273390895945615,7,3,3,1,0.42857142857142855,0.42857142857142855
2020-07-22,-0.06344444444444444,0.5863469772905612,9,2,4,3,0.2222222222222222,0.4444444444444444
2020-07-23,-0.31892307692307686,0.4699426315233349,13,2,8,3,0.15384615384615385,0.6153846153846154
2020-07-24,0.24783333333333335,0.4013159791878653,12,6,2,4,0.5,0.16666666666666666
2020-07-25,0.2555,0.5028808435973107,8,4,1,3,0.5,0.125
2020-07-26,-0.1841666666666667,0.5936390878864587,6,1,3,2,0.16666666666666666,0.5
2020-07-27,0.05193333333333331,0.40978678544312475,15,6,4,5,0.4,0.26666666666666666
2020-07-28,-0.20329999999999998,0.5477039041915501,10,2,5,3,0.2,0.5
2020-07-29,-0.037666666666666654,0.5568761083041721,9,3,4,2,0.3333333333333333,0.4444444444444444
2020-07-30,0.07587500000000001,0.5959953109834721,8,3,3,2,0.375,0.375
2020-07-31,-0.009499999999999995,0.5877183484823807,8,3,3,2,0.375,0.375
2020-08-01,-0.5036,0.23973485353615148,5,0,4,1,0.0,0.8
2020-08-02,-0.04264285714285715,0.4613387887680571,14,3,4,7,0.21428571428571427,0.2857142857142857
2020-08-03,-0.14175000000000001,0.650449459989014,8,2,4,2,0.25,0.5
2020-08-04,0.09054545454545457,0.4910662610353849,11,5,4,2,0.45454545454545453,0.36363636363636365
2020-08-05,0.33520000000000005,0.21854564740575366,5,3,0,2,0.6,0.0
2020-08-06,-0.03166666666666664,0.5684205016241644,6,1,2,3,0.16666666666666666,0.3333333333333333
2020-08-07,-0.16679999999999998,0.3769306870727599,15,3,7,5,0.2,0.4666666666666667
2020-08-08,-0.05892857142857142,0.40374620060812283,14,3,4,7,0.21428571428571427,0.2857142857142857
2020-08-09,-0.038714285714285715,0.5280423101595945,14,4,4,6,0.2857142857142857,0.2857142857142857
2020-08-10,0.013923076923076918,0.4886986906636954,13,4,3,6,0.3076923076923077,0.23076923076923078
2020-08-11,0.24800000000000003,0.3234476773761098,6,3,0,3,0.5,0.0
2020-08-12,-0.5016,0.25709589650556464,5,0,4,1,0.0,0.8
2020-08-13,0.13,0.5178699965564074,10,4,2,4,0.4,0.2
2020-08-14,-0.043428571428571414,0.5890119124152184,14,5,6,3,0.35714285714285715,0.42857142857142855
2020-08-15,0.10655555555555554,0.5310675830605533,9,4,2,3,0.4444444444444444,0.2222222222222222
2020-08-16,-0.36287500000000006,0.38031544707744164,8,0,4,4,0.0,0.5
2020-08-17,0.05207692307692308,0.5193937911223143,13,4,4,5,0.3076923076923077,0.3076923076923077
2020-08-18,-0.19579999999999997,0.5183713383709061,10,2,5,3,0.2,0.5
2020-08-19,0.4193333333333334,0.3773665527726525,12,8,0,4,0.6666666666666666,0.0
2020-08-20,-0.22571428571428578,0.5471790426925219,7,2,4,1,0.2857142857142857,0.5714285714285714
2020-08-21,0.11787500000000004,0.5427118250047627,8,4,2,2,0.5,0.25
2020-08-22,-0.031857142857142855,0.502445995129803,14,4,4,6,0.2857142857142857,0.2857142857142857
2020-08-23,-0.12919999999999998,0.40925319519556325,10,1,4,5,0.1,0.4
2020-08-24,0.5088000000000001,0.3906253959997993,5,3,0,2,0.6,0.0
2020-08-25,0.354,0.33886354185719064,5,3,0,2,0.6,0.0
2020-08-26,0.23174999999999998,0.6994736286257383,8,5,2,1,0.625,0.25
2020-08-27,-0.006714285714285728,0.5755176551840712,7,3,3,1,0.42857142857142855,0.42857142857142855
2020-08-28,-0.1656153846153846,0.5200909437238739,13,3,6,4,0.23076923076923078,0.46153846153846156
2020-08-29,-0.030000000000000002,0.5899478790537347,9,3,4,2,0.3333333333333333,0.4444444444444444
2020-08-30,-0.0225,0.38152362676219376,10,2,3,5,0.2,0.3
2020-08-31,0.276875,0.3577403038518304,8,3,0,5,0.375,0.0
2020-09-01,0.3898333333333333,0.37983860607719516,6,4,0,2,0.6666666666666666,0.0
2020-09-02,0.016111111111111114,0.5825370040702231,9,3,3,3,0.3333333333333333,0.3333333333333333
2020-09-03,-0.3882,0.6561015165353605,5,1,4,0,0.2,0.8
2020-09-04,0.457,0.3563832207049036,5,4,0,1,0.8,0.0
2020-09-05,0.45483333333333337,0.3309250166830345,6,5,0,1,0.8333333333333334,0.0
2020-09-06,0.0627,0.5232823860551352,10,4,2,4,0.4,0.2
2020-09-07,-0.5714285714285714,0.26394687416401125,7,0,6,1,0.0,0.8571428571428571
2020-09-08,0.13569230769230767,0.5550354920506412,13,7,3,3,0.5384615384615384,0.23076923076923078
2020-09-09,0.08284615384615386,0.540318555137283,13,4,4,5,0.3076923076923077,0.3076923076923077
2020-09-10,-0.2034166666666667,0.49967634221533547,12,2,6,4,0.16666666666666666,0.5
2020-09-11,0.2668888888888889,0.4793392442843702,9,6,2,1,0.6666666666666666,0.2222222222222222
2020-09-12,-0.046,0.5346105539964998,10,3,3,4,0.3,0.3
2020-09-13,0.16676923076923075,0.4580375082614512,13,6,3,4,0.46153846153846156,0.23076923076923078
2020-09-14,0.14066666666666663,0.6866696087021411,12,7,4,1,0.5833333333333334,0.3333333333333333
2020-09-15,-0.09906666666666665,0.531534902316821,15,5,8,2,0.3333333333333333,0.5333333333333333
2020-09-16,0.164,0.35307902798098895,6,3,1,2,0.5,0.16666666666666666
2020-09-17,-0.03319999999999998,0.5287565197166434,15,5,7,3,0.3333333333333333,0.4666666666666667
2020-09-18,0.1437142857142857,0.47912827589478035,7,3,2,2,0.42857142857142855,0.2857142857142857
2020-09-19,-0.0958666666666667,0.4979182185670176,15,5,7,3,0.3333333333333333,0.4666666666666667
2020-09-20,0.13277777777777777,0.5467693247105624,9,4,3,2,0.4444444444444444,0.3333333333333333
2020-09-21,0.2997142857142857,0.45553767289717256,7,3,1,3,0.42857142857142855,0.14285714285714285
2020-09-22,-0.07525000000000001,0.4842767066166083,8,2,3,3,0.25,0.375
2020-09-23,-0.19727272727272727,0.5697924342967517,11,3,6,2,0.2727272727272727,0.5454545454545454
2020-09-24,-0.009099999999999997,0.4759907678843268,10,2,3,5,0.2,0.3
2020-09-25,-0.03266666666666669,0.5677481836166453,9,3,3,3,0.3333333333333333,0.3333333333333333
2020-09-26,0.149375,0.4748178410115369,8,4,1,3,0.5,0.125
2020-09-27,-0.16444444444444445,0.6292056720801059,9,3,5,1,0.3333333333333333,0.5555555555555556
2020-09-28,-0.12177777777777776,0.5433391615229336,9,2,4,3,0.2222222222222222,0.4444444444444444
2020-09-29,0.11120000000000001,0.48217911609691266,5,2,1,2,0.4,0.2
2020-09-30,-0.13185714285714287,0.5813112845316264,7,2,4,1,0.2857142857142857,0.5714285714285714
2020-10-01,-0.016,0.6637994802649366,9,4,4,1,0.4444444444444444,0.4444444444444444
2020-10-02,-0.04933333333333333,0.5614647510455725,15,5,6,4,0.3333333333333333,0.4
2020-10-03,0.003666666666666684,0.5261747491724272,6,2,1,3,0.3333333333333333,0.16666666666666666
2020-10-04,-0.04445454545454544,0.48750556173983567,11,3,5,3,0.2727272727272727,0.45454545454545453
2020-10-05,0.591625,0.27070750556907097,8,7,0,1,0.875,0.0
2020-10-06,0.047750000000000015,0.4389906035440849,12,4,3,5,0.3333333333333333,0.25
2020-10-07,-0.011461538461538459,0.4768625964546138,13,2,3,8,0.15384615384615385,0.23076923076923078
2020-10-08,-0.09086666666666662,0.4584961234711753,15,3,7,5,0.2,0.4666666666666667
2020-10-09,-0.09033333333333332,0.6487318912051933,6,2,3,1,0.3333333333333333,0.5
2020-10-10,0.1765,0.7015653212638151,6,3,2,1,0.5,0.3333333333333333
2020-10-11,-0.17307142857142857,0.4931648911774944,14,3,7,4,0.21428571428571427,0.5
2020-10-12,0.15471428571428567,0.5372397299832985,14,7,4,3,0.5,0.2857142857142857
2020-10-13,-0.0300909090909091,0.5626194903387999,11,4,5,2,0.36363636363636365,0.45454545454545453
2020-10-14,-0.06490000000000004,0.6677944544044473,10,4,4,2,0.4,0.4
2020-10-15,-0.025307692307692312,0.6136845531453686,13,4,5,4,0.3076923076923077,0.38461538461538464
2020-10-16,0.11858333333333333,0.4893703669620853,12,5,2,5,0.4166666666666667,0.16666666666666666
2020-10-17,-0.008636363636363635,0.5305111257508692,11,4,3,4,0.36363636363636365,0.2727272727272727
2020-10-18,0.238125,0.4881810078532054,8,4,1,3,0.5,0.125
2020-10-19,-0.018785714285714288,0.4829862521648207,14,4,4,6,0.2857142857142857,0.2857142857142857
2020-10-20,0.08537500000000002,0.54002167615225,8,3,2,3,0.375,0.25
2020-10-21,0.20050000000000007,0.5008606877879602,8,5,1,2,0.625,0.125
2020-10-22,-0.30033333333333334,0.6101143335474097,9,2,6,1,0.2222222222222222,0.6666666666666666
2020-10-23,-0.053333333333333365,0.4037140902503486,6,1,2,3,0.16666666666666666,0.3333333333333333
2020-10-24,5.551115123125783e-18,0.4636226914205127,5,1,1,3,0.2,0.2
2020-10-25,0.3549230769230769,0.5928626121818418,13,9,3,1,0.6923076923076923,0.23076923076923078
2020-10-26,-0.042166666666666665,0.48015264933838137,6,1,2,3,0.16666666666666666,0.3333333333333333
2020-10-27,0.1487692307692308,0.5235968795816991,13,6,3,4,0.46153846153846156,0.23076923076923078
2020-10-28,-0.131875,0.6012428645255236,8,3,4,1,0.375,0.5
2020-10-29,0.12383333333333334,0.4841265486951889,12,6,2,4,0.5,0.16666666666666666
2020-10-30,0.21260000000000004,0.6286567425869224,5,3,1,1,0.6,0.2
2020-10-31,-0.030571428571428565,0.492656802728558,14,6,6,2,0.42857142857142855,0.42857142857142855
2020-11-01,-0.12728571428571428,0.6012232950821604,14,5,7,2,0.35714285714285715,0.5
2020-11-02,-0.34325000000000006,0.4796739219809343,8,1,5,2,0.125,0.625
2020-11-03,0.1248181818181818,0.5523398986460816,11,4,2,5,0.36363636363636365,0.18181818181818182
2020-11-04,0.09271428571428571,0.45884809188725134,7,3,3,1,0.42857142857142855,0.42857142857142855
2020-11-05,-0.3058888888888889,0.39509158572552655,9,0,5,4,0.0,0.5555555555555556
2020-11-06,0.09561538461538459,0.48522598488771845,13,6,4,3,0.46153846153846156,0.3076923076923077
2020-11-07,0.0029000000000000024,0.4948547373837206,10,3,3,4,0.3,0.3
2020-11-08,0.2160909090909091,0.5017705560403987,11,4,1,6,0.36363636363636365,0.09090909090909091
2020-11-09,-0.14887499999999998,0.5438504094483545,8,2,4,2,0.25,0.5
2020-11-10,-0.49922222222222223,0.30116514480338596,9,0,6,3,0.0,0.6666666666666666
2020-11-11,-0.14158333333333334,0.5031046264461451,12,4,5,3,0.3333333333333333,0.4166666666666667
2020-11-12,-0.3576,0.4638839294478738,5,0,3,2,0.0,0.6
2020-11-13,-0.10800000000000001,0.37032229206462847,11,2,4,5,0.18181818181818182,0.36363636363636365
2020-11-14,0.007799999999999985,0.6168356345089023,5,2,2,1,0.4,0.4
2020-11-15,0.03215384615384613,0.6528565240737363,13,4,4,5,0.3076923076923077,0.3076923076923077
2020-11-16,0.08590909090909092,0.5525483606971348,11,5,3,3,0.45454545454545453,0.2727272727272727
2020-11-17,0.19966666666666666,0.5124795930896501,12,7,3,2,0.5833333333333334,0.25
2020-11-18,-0.23249999999999998,0.5804883554122604,14,3,9,2,0.21428571428571427,0.6428571428571429
2020-11-19,-0.07833333333333335,0.6689336663676003,9,3,4,2,0.3333333333333333,0.4444444444444444
2020-11-20,0.0676666666666667,0.5237650872926398,6,2,1,3,0.3333333333333333,0.16666666666666666
2020-11-21,0.060916666666666695,0.5113844770163964,12,6,3,3,0.5,0.25
2020-11-22,0.2119230769230769,0.6238857349358217,13,7,4,2,0.5384615384615384,0.3076923076923077
2020-11-23,0.02357142857142856,0.504887399044862,7,4,3,0,0.5714285714285714,0.42857142857142855
2020-11-24,0.19824999999999998,0.5004460153560165,8,3,1,4,0.375,0.125
2020-11-25,-0.0336363636363636,0.4861169144819531,11,2,3,6,0.18181818181818182,0.2727272727272727
2020-11-26,0.18057142857142858,0.4304938470883787,7,3,1,3,0.42857142857142855,0.14285714285714285
2020-11-27,0.3598571428571429,0.40796953667785407,7,4,0,3,0.5714285714285714,0.0
2020-11-28,-0.12028571428571432,0.5373289249857797,14,3,5,6,0.21428571428571427,0.35714285714285715
2020-11-29,-0.0335,0.47736223143436896,6,2,2,2,0.3333333333333333,0.3333333333333333
2020-11-30,0.050928571428571434,0.3853313188344873,14,4,3,7,0.2857142857142857,0.21428571428571427
2020-12-01,-0.14255555555555555,0.7032457093916591,9,4,5,0,0.4444444444444444,0.5555555555555556
2020-12-02,-0.022399999999999996,0.6581033691179863,10,5,4,1,0.5,0.4
2020-12-03,0.10709090909090908,0.4926973623930728,11,4,2,5,0.36363636363636365,0.18181818181818182
2020-12-04,-0.12066666666666664,0.380183179533235,9,2,4,3,0.2222222222222222,0.4444444444444444
2020-12-05,0.033384615384615374,0.5851886502746413,13,7,6,0,0.5384615384615384,0.46153846153846156
2020-12-06,0.023166666666666665,0.44135809346455485,6,2,2,2,0.3333333333333333,0.3333333333333333
2020-12-07,-0.08891666666666669,0.5245045208806521,12,3,6,3,0.25,0.5
2020-12-08,0.05733333333333335,0.5266032662261031,9,3,2,4,0.3333333333333333,0.2222222222222222
2020-12-09,-0.013000000000000012,0.696069919859588,7,3,3,1,0.42857142857142855,0.42857142857142855
2020-12-10,-0.09185714285714286,0.44957440191490317,7,1,4,2,0.14285714285714285,0.5714285714285714
2020-12-11,0.39239999999999997,0.5207209425402438,5,4,1,0,0.8,0.2
2020-12-12,0.09245454545454544,0.5504816733800252,11,4,3,4,0.36363636363636365,0.2727272727272727
2020-12-13,-0.10499999999999998,0.4734526677202575,8,2,3,3,0.25,0.375
2020-12-14,-0.3915555555555555,0.36542752739466383,9,0,5,4,0.0,0.5555555555555556
2020-12-15,0.3535,0.4030687572572737,14,10,1,3,0.7142857142857143,0.07142857142857142
2020-12-16,0.024999999999999984,0.7222744630678839,6,3,3,0,0.5,0.5
2020-12-17,-0.497125,0.22427052382589843,8,0,7,1,0.0,0.875
2020-12-18,-0.03157142857142857,0.48997580115173617,7,2,3,2,0.2857142857142857,0.42857142857142855
2020-12-19,0.23683333333333334,0.31045064996003163,12,5,0,7,0.4166666666666667,0.0
2020-12-20,0.020266666666666676,0.54450704661145,15,5,5,5,0.3333333333333333,0.3333333333333333
2020-12-21,0.1253846153846154,0.4875434234440967,13,5,2,6,0.38461538461538464,0.15384615384615385
2020-12-22,-0.06012500000000001,0.5279422147762549,8,2,4,2,0.25,0.5
2020-12-23,0.11809090909090908,0.43345321651718177,11,4,2,5,0.36363636363636365,0.18181818181818182
2020-12-24,0.04622222222222221,0.6118250930163329,9,4,4,1,0.4444444444444444,0.4444444444444444
2020-12-25,-0.3858333333333334,0.3684537510552263,6,0,4,2,0.0,0.6666666666666666
2020-12-26,-0.029727272727272713,0.5216861299496262,11,4,4,3,0.36363636363636365,0.36363636363636365
2020-12-27,0.10149999999999999,0.671297475043665,6,3,2,1,0.5,0.3333333333333333
2020-12-28,0.13337500000000002,0.472258989931826,8,2,2,4,0.25,0.25
2020-12-29,0.14081818181818181,0.5013212180193091,11,4,2,5,0.36363636363636365,0.18181818181818182
2020-12-30,0.36399999999999993,0.4533426959817484,6,4,1,1,0.6666666666666666,0.16666666666666666
2020-12-31,-0.016000000000000014,0.5530892785075481,9,3,4,2,0.3333333333333333,0.4444444444444444
2021-01-01,0.19307692307692312,0.4751353248529065,13,7,1,5,0.5384615384615384,0.07692307692307693
2021-01-02,-0.2643,0.4803609869439625,10,1,4,5,0.1,0.4
2021-01-03,0.1505,0.292625870353255,6,1,0,5,0.16666666666666666,0.0
2021-01-04,0.03399999999999999,0.48018838895676025,10,3,3,4,0.3,0.3
2021-01-05,0.16436363636363635,0.5226232434033665,11,5,2,4,0.45454545454545453,0.18181818181818182
2021-01-06,-0.196,0.49475044214229863,8,1,4,3,0.125,0.5
2021-01-07,0.3386,0.6905702715871861,5,3,1,1,0.6,0.2
2021-01-08,0.34700000000000003,0.5614258633158967,5,3,1,1,0.6,0.2
2021-01-09,0.1631111111111111,0.5104837030808242,9,4,1,4,0.4444444444444444,0.1111111111111111
2021-01-10,0.28341666666666665,0.4750738618808914,12,7,2,3,0.5833333333333334,0.16666666666666666
2021-01-11,0.163,0.3391758920004276,8,3,1,4,0.375,0.125
2021-01-12,-0.12845454545454543,0.42922450154583763,11,2,5,4,0.18181818181818182,0.45454545454545453
2021-01-13,0.12483333333333331,0.5285332763813687,12,5,3,4,0.4166666666666667,0.25
2021-01-14,0.07209090909090908,0.49234387465377377,11,4,3,4,0.36363636363636365,0.2727272727272727
2021-01-15,0.09607142857142857,0.4559003710808408,14,6,4,4,0.42857142857142855,0.2857142857142857
2021-01-16,0.38414285714285706,0.7006062680686941,7,5,2,0,0.7142857142857143,0.2857142857142857
2021-01-17,-0.0372142857142857,0.6338633896221619,14,5,6,3,0.35714285714285715,0.42857142857142855
2021-01-18,0.10760000000000003,0.524798204603975,10,6,3,1,0.6,0.3
2021-01-19,-0.09446153846153847,0.5945223033922018,13,3,5,5,0.23076923076923078,0.38461538461538464
2021-01-20,-0.16871428571428565,0.6994754497206495,7,3,4,0,0.42857142857142855,0.5714285714285714
2021-01-21,0.12924999999999998,0.4076524254803349,8,4,2,2,0.5,0.25
2021-01-22,-0.07537500000000003,0.6001383025127268,8,3,5,0,0.375,0.625
2021-01-23,-0.07353333333333333,0.5523809330870275,15,4,6,5,0.26666666666666666,0.4
2021-01-24,-0.0028571428571428303,0.3914552449402215,14,3,3,8,0.21428571428571427,0.21428571428571427
2021-01-25,-0.05683333333333332,0.4700703686844679,12,2,3,7,0.16666666666666666,0.25
2021-01-26,-0.10509090909090911,0.5556685081135073,11,3,5,3,0.2727272727272727,0.45454545454545453
2021-01-27,-0.22200000000000006,0.506076822231566,9,2,5,2,0.2222222222222222,0.5555555555555556
2021-01-28,0.05538461538461539,0.503994797999202,13,4,3,6,0.3076923076923077,0.23076923076923078
2021-01-29,0.22588888888888892,0.5469751924092272,9,4,1,4,0.4444444444444444,0.1111111111111111
2021-01-30,0.08581818181818184,0.5237562062986592,11,4,4,3,0.36363636363636365,0.36363636363636365
2021-01-31,-0.15190909090909088,0.4969441527064091,11,2,5,4,0.18181818181818182,0.45454545454545453
2021-02-01,0.051153846153846154,0.565905740996067,13,5,3,5,0.38461538461538464,0.23076923076923078
2021-02-02,-0.1836,0.5207192034954049,10,2,5,3,0.2,0.5
2021-02-03,-0.02109090909090909,0.5323210412045449,11,3,6,2,0.2727272727272727,0.5454545454545454
2021-02-04,-0.11327272727272727,0.6078495029049692,11,3,5,3,0.2727272727272727,0.45454545454545453
2021-02-05,-0.24479999999999996,0.6221958694816287,5,1,2,2,0.2,0.4
2021-02-06,-0.13130769230769232,0.5407597101324804,13,4,7,2,0.3076923076923077,0.5384615384615384
2021-02-07,-0.049199999999999994,0.5024296965745556,15,4,5,6,0.26666666666666666,0.3333333333333333
2021-02-08,-0.25880000000000003,0.5313738796741895,5,2,3,0,0.4,0.6
2021-02-09,-0.033,0.5920305923026463,10,4,5,1,0.4,0.5
2021-02-10,-0.08623076923076925,0.5441343513395311,13,4,6,3,0.3076923076923077,0.46153846153846156
2021-02-11,0.11812499999999998,0.5478718404621911,8,3,2,3,0.375,0.25
2021-02-12,0.12057142857142857,0.5360996914015891,14,6,4,4,0.42857142857142855,0.2857142857142857
2021-02-13,-0.31214285714285717,0.38523690917470016,7,0,4,3,0.0,0.5714285714285714
2021-02-14,-0.18154545454545454,0.511580954226477,11,3,6,2,0.2727272727272727,0.5454545454545454
2021-02-15,0.1835,0.4896126749059623,8,5,1,2,0.625,0.125
2021-02-16,-0.21000000000000002,0.4689246290101509,14,2,7,5,0.14285714285714285,0.5
2021-02-17,-0.13566666666666666,0.49505339779327506,6,1,3,2,0.16666666666666666,0.5
2021-02-18,-0.06162499999999999,0.5142100564388615,8,3,3,2,0.375,0.375
2021-02-19,-0.39742857142857135,0.3584888920375158,7,0,5,2,0.0,0.7142857142857143
2021-02-20,0.283375,0.35698416831642743,8,4,0,4,0.5,0.0
2021-02-21,0.13815384615384618,0.5473909093986743,13,6,3,4,0.46153846153846156,0.23076923076923078
2021-02-22,-0.05766666666666666,0.4063702129831861,9,1,2,6,0.1111111111111111,0.2222222222222222
2021-02-23,-0.13657142857142857,0.3350307732845135,7,1,3,3,0.14285714285714285,0.42857142857142855
2021-02-24,-0.30640000000000006,0.545611827828784,10,2,6,2,0.2,0.6
2021-02-25,0.14757142857142855,0.317451758614784,7,2,0,5,0.2857142857142857,0.0
2021-02-26,-0.02618181818181817,0.42845718996927057,11,3,4,4,0.2727272727272727,0.36363636363636365
2021-02-27,-0.26122222222222224,0.5329187972331662,9,1,5,3,0.1111111111111111,0.5555555555555556
2021-02-28,-0.17808333333333337,0.5487966105006205,12,3,6,3,0.25,0.5
2021-03-01,0.038692307692307686,0.48931404105056164,13,5,5,3,0.38461538461538464,0.38461538461538464
2021-03-02,-0.000833333333333334,0.3505963015587396,6,1,1,4,0.16666666666666666,0.16666666666666666
2021-03-03,-0.18441666666666665,0.5048982720821246,12,2,5,5,0.16666666666666666,0.4166666666666667
2021-03-04,-0.187,0.41679011504593055,5,1,3,1,0.2,0.6
2021-03-05,-0.08433333333333333,0.6556431956483648,9,3,5,1,0.3333333333333333,0.5555555555555556
2021-03-06,0.07137499999999998,0.6037504066842759,8,4,2,2,0.5,0.25
2021-03-07,0.09212500000000001,0.5015995663873724,8,4,2,2,0.5,0.25
2021-03-08,-0.21330769230769236,0.5979427766120803,13,4,7,2,0.3076923076923077,0.5384615384615384
2021-03-09,-0.3525,0.537611383808044,8,2,6,0,0.25,0.75
2021-03-10,-0.013000000000000022,0.3297514215283992,5,1,1,3,0.2,0.2
2021-03-11,0.023230769230769225,0.6027295073035325,13,6,4,3,0.46153846153846156,0.3076923076923077
2021-03-12,-0.1407,0.5633865951152508,10,2,5,3,0.2,0.5
2021-03-13,0.0006666666666666549,0.4760863892194357,9,2,2,5,0.2222222222222222,0.2222222222222222
2021-03-14,-0.013266666666666654,0.5303216633955912,15,6,6,3,0.4,0.4
2021-03-15,0.0801,0.3159435427765888,10,3,1,6,0.3,0.1
2021-03-16,-0.24490909090909094,0.5905179852545482,11,3,7,1,0.2727272727272727,0.6363636363636364
2021-03-17,-0.0571428571428571,0.5933507014785228,14,5,5,4,0.35714285714285715,0.35714285714285715
2021-03-18,-0.14358333333333337,0.49177978411135004,12,2,5,5,0.16666666666666666,0.4166666666666667
2021-03-19,-0.13666666666666666,0.6698592887067154,6,2,4,0,0.3333333333333333,0.6666666666666666
2021-03-20,0.18525000000000003,0.48348397077876326,12,7,2,3,0.5833333333333334,0.16666666666666666
2021-03-21,-0.15666666666666665,0.529679720265564,12,3,6,3,0.25,0.5
2021-03-22,0.02186666666666667,0.5335389752353975,15,6,5,4,0.4,0.3333333333333333
2021-03-23,-0.2508,0.43722681629663207,10,1,5,4,0.1,0.5
2021-03-24,-0.246,0.4919558368944772,12,2,6,4,0.16666666666666666,0.5
2021-03-25,0.18033333333333335,0.5441731167123023,15,7,3,5,0.4666666666666667,0.2
2021-03-26,-0.16629999999999998,0.44428020437557203,10,2,4,4,0.2,0.4
2021-03-27,-0.24566666666666667,0.5911898736164775,6,1,4,1,0.16666666666666666,0.6666666666666666
2021-03-28,-0.0059333333333333165,0.6099358826568421,15,6,6,3,0.4,0.4
2021-03-29,-0.16083333333333336,0.45405436532057103,6,1,2,3,0.16666666666666666,0.3333333333333333
2021-03-30,-0.33999999999999997,0.5496902157882504,7,2,4,1,0.2857142857142857,0.5714285714285714
2021-03-31,0.08641666666666668,0.46897808794196016,12,4,3,5,0.3333333333333333,0.25
2021-04-01,0.05253846153846152,0.635752522001108,13,6,5,2,0.46153846153846156,0.38461538461538464
2021-04-02,0.14225,0.3690171308450908,8,4,1,3,0.5,0.125
2021-04-03,0.12033333333333333,0.7094134666516182,6,3,2,1,0.5,0.3333333333333333
2021-04-04,0.046307692307692314,0.6075718592089038,13,6,5,2,0.46153846153846156,0.38461538461538464
2021-04-05,-0.023749999999999993,0.3287824943202247,8,1,2,5,0.125,0.25
2021-04-06,-0.04883333333333335,0.645177004136591,6,2,3,1,0.3333333333333333,0.5
2021-04-07,-0.18754545454545452,0.5381426137440453,11,2,6,3,0.18181818181818182,0.5454545454545454
2021-04-08,-0.199,0.6139368860070227,5,1,3,1,0.2,0.6
2021-04-09,0.09076923076923078,0.34376958219281945,13,3,2,8,0.23076923076923078,0.15384615384615385
2021-04-10,-0.115125,0.3906252999998849,8,2,2,4,0.25,0.25
2021-04-11,-0.2971538461538462,0.41775627786103664,13,2,8,3,0.15384615384615385,0.6153846153846154
2021-04-12,0.08944444444444445,0.6655321388015593,9,5,3,1,0.5555555555555556,0.3333333333333333
2021-04-13,-0.02092857142857144,0.5941062407303304,14,4,5,5,0.2857142857142857,0.35714285714285715
2021-04-14,0.1372307692307693,0.640601820406165,13,6,4,3,0.46153846153846156,0.3076923076923077
2021-04-15,0.33599999999999997,0.49209501115130194,5,3,1,1,0.6,0.2
2021-04-16,-0.1807777777777778,0.6205372224487783,9,2,5,2,0.2222222222222222,0.5555555555555556
2021-04-17,0.44149999999999995,0.3396791132819326,6,4,0,2,0.6666666666666666,0.0
2021-04-18,-0.3398,0.5752509886997152,5,1,3,1,0.2,0.6
2021-04-19,-0.03799999999999999,0.4944326041029252,11,3,4,4,0.2727272727272727,0.36363636363636365
2021-04-20,-0.034428571428571426,0.43272349028868196,7,2,2,3,0.2857142857142857,0.2857142857142857
2021-04-21,0.013142857142857154,0.6762904771795989,7,3,2,2,0.42857142857142855,0.2857142857142857
2021-04-22,0.1444,0.4510972302188422,10,5,2,3,0.5,0.2
2021-04-23,0.0059999999999999915,0.59231917071795,12,5,5,2,0.4166666666666667,0.4166666666666667
2021-04-24,0.2406,0.6385861727284736,5,3,2,0,0.6,0.4
2021-04-25,-0.28153846153846146,0.5297608918786877,13,3,7,3,0.23076923076923078,0.5384615384615384
2021-04-26,0.29769230769230764,0.4359459799515273,13,7,2,4,0.5384615384615384,0.15384615384615385
2021-04-27,-0.126,0.5046445944094384,13,3,7,3,0.23076923076923078,0.5384615384615384
2021-04-28,0.258875,0.48973066577456636,8,5,1,2,0.625,0.125
2021-04-29,-0.03175,0.6544807647506314,8,3,3,2,0.375,0.375
2021-04-30,0.125,0.5956257214056491,9,5,4,0,0.5555555555555556,0.4444444444444444
2021-05-01,0.07346666666666667,0.5892411423258934,15,6,4,5,0.4,0.26666666666666666
2021-05-02,0.10276923076923072,0.5978177194103782,13,6,4,3,0.46153846153846156,0.3076923076923077
2021-05-03,-0.17126666666666665,0.48149684269350046,15,3,7,5,0.2,0.4666666666666667
2021-05-04,0.23679999999999998,0.45219431663832305,5,2,0,3,0.4,0.0
2021-05-05,0.014818181818181826,0.41517052356394907,11,2,3,6,0.18181818181818182,0.2727272727272727
2021-05-06,0.049142857142857134,0.6205444082717713,14,6,5,3,0.42857142857142855,0.35714285714285715
2021-05-07,-0.2694,0.43172573966085726,15,2,7,6,0.13333333333333333,0.4666666666666667
2021-05-08,-0.09536363636363636,0.5278629126444238,11,2,4,5,0.18181818181818182,0.36363636363636365
2021-05-09,0.13955555555555557,0.6470825123411833,9,5,3,1,0.5555555555555556,0.3333333333333333
2021-05-10,-0.038,0.45070500330038493,5,2,1,2,0.4,0.2
2021-05-11,-0.26580000000000004,0.47165925957502114,15,2,8,5,0.13333333333333333,0.5333333333333333
2021-05-12,0.24309999999999996,0.5683734003471856,10,6,2,2,0.6,0.2
2021-05-13,0.18924999999999997,0.5361944609933974,8,5,3,0,0.625,0.375
2021-05-14,0.1321818181818182,0.4493074266427873,11,4,2,5,0.36363636363636365,0.18181818181818182
2021-05-15,-0.07633333333333332,0.47570929498311604,12,3,5,4,0.25,0.4166666666666667
2021-05-16,0.054299999999999994,0.5624373644139309,10,5,3,2,0.5,0.3
2021-05-17,0.15816666666666665,0.6677926075262189,6,3,2,1,0.5,0.3333333333333333
2021-05-18,0.013083333333333327,0.5357096327359259,12,4,4,4,0.3333333333333333,0.3333333333333333
2021-05-19,0.09242857142857143,0.5873448325991746,7,4,3,0,0.5714285714285714,0.42857142857142855
2021-05-20,-0.00466666666666669,0.5862459097227601,6,2,2,2,0.3333333333333333,0.3333333333333333
2021-05-21,-0.15583333333333335,0.5489717385230042,12,2,6,4,0.16666666666666666,0.5
2021-05-22,-0.278625,0.3570777976455951,8,0,3,5,0.0,0.375
2021-05-23,-0.2161538461538462,0.4647977779195747,13,2,6,5,0.15384615384615385,0.46153846153846156
2021-05-24,-0.2636666666666667,0.42496195908182965,15,2,7,6,0.13333333333333333,0.4666666666666667
2021-05-25,0.096,0.3369709610210182,8,2,0,6,0.25,0.0
2021-05-26,0.1065,0.4389575313008245,8,3,1,4,0.375,0.125
2021-05-27,0.011599999999999989,0.6711298682073388,5,3,2,0,0.6,0.4
2021-05-28,0.00399999999999999,0.5148983256083532,8,3,3,2,0.375,0.375
2021-05-29,0.21883333333333335,0.6271967527551994,6,3,1,2,0.5,0.16666666666666666
2021-05-30,0.09600000000000002,0.6145336985606782,13,7,5,1,0.5384615384615384,0.38461538461538464
2021-05-31,0.19814285714285715,0.4621148589443353,7,3,1,3,0.42857142857142855,0.14285714285714285
2021-06-01,-0.1459285714285714,0.674945748735603,14,6,8,0,0.42857142857142855,0.5714285714285714
2021-06-02,-0.12188888888888888,0.4441253889512635,9,2,3,4,0.2222222222222222,0.3333333333333333
2021-06-03,0.0836,0.5665851089768295,15,7,6,2,0.4666666666666667,0.4
2021-06-04,-0.21522222222222226,0.4164053847447754,9,2,6,1,0.2222222222222222,0.6666666666666666
2021-06-05,0.04300000000000002,0.4843288598095765,10,4,4,2,0.4,0.4
2021-06-06,0.07657142857142858,0.4281241475486821,7,2,1,4,0.2857142857142857,0.14285714285714285
2021-06-07,0.012999999999999992,0.36945983736878824,8,2,2,4,0.25,0.25
2021-06-08,-0.0175,0.45990101592021354,10,3,3,4,0.3,0.3
2021-06-09,-0.29557142857142854,0.3192307718787237,7,0,3,4,0.0,0.42857142857142855
2021-06-10,-0.238,0.5539004122282873,7,2,4,1,0.2857142857142857,0.5714285714285714
2021-06-11,-0.038999999999999986,0.5422332421466697,10,4,3,3,0.4,0.3
2021-06-12,0.09807692307692308,0.39323094603944503,13,5,2,6,0.38461538461538464,0.15384615384615385
2021-06-13,-0.03300000000000001,0.6845646791940115,6,2,3,1,0.3333333333333333,0.5
2021-06-14,-0.10725,0.5120177870794279,8,3,3,2,0.375,0.375
2021-06-15,0.027363636363636368,0.5882063027080333,11,4,4,3,0.36363636363636365,0.36363636363636365
2021-06-16,-0.16314285714285712,0.5550526787526353,7,2,5,0,0.2857142857142857,0.7142857142857143
2021-06-17,-0.09392307692307693,0.5647504554430008,13,4,5,4,0.3076923076923077,0.38461538461538464
2021-06-18,-0.11063636363636364,0.6226508287519213,11,4,6,1,0.36363636363636365,0.5454545454545454
2021-06-19,-0.05584615384615385,0.5364852974303903,13,4,5,4,0.3076923076923077,0.38461538461538464
2021-06-20,0.04014285714285714,0.4422849511592928,14,4,3,7,0.2857142857142857,0.21428571428571427
2021-06-21,0.6538333333333334,0.2093183381041104,6,6,0,0,1.0,0.0
2021-06-22,0.119,0.6451817019812547,8,3,2,3,0.375,0.25
2021-06-23,-0.0844,0.2809729524349275,5,0,1,4,0.0,0.2
2021-06-24,-0.21341666666666667,0.5324141344912441,12,3,7,2,0.25,0.5833333333333334
2021-06-25,0.07149999999999998,0.5524551766634306,10,4,3,3,0.4,0.3
2021-06-26,0.20919999999999997,0.5403162962561836,5,2,1,2,0.4,0.2
2021-06-27,0.268,0.5531461530795153,7,4,1,2,0.5714285714285714,0.14285714285714285
2021-06-28,0.16514285714285712,0.5347695542852792,7,3,2,2,0.42857142857142855,0.2857142857142857
2021-06-29,-0.06985714285714287,0.5439409982009166,7,3,3,1,0.42857142857142855,0.42857142857142855
2021-06-30,-0.045599999999999974,0.5528696048798487,5,1,1,3,0.2,0.2
2021-07-01,0.0012499999999999872,0.5478977355049285,8,4,3,1,0.5,0.375
2021-07-02,0.11830769230769232,0.5540910551848834,13,6,3,4,0.46153846153846156,0.23076923076923078
2021-07-03,-0.04758333333333333,0.5738632175215993,12,5,5,2,0.4166666666666667,0.4166666666666667
2021-07-04,0.07088888888888888,0.4002691108630681,9,3,1,5,0.3333333333333333,0.1111111111111111
2021-07-05,-0.11042857142857142,0.520547302851042,14,3,4,7,0.21428571428571427,0.2857142857142857
2021-07-06,0.19333333333333333,0.4900545547861652,6,3,1,2,0.5,0.16666666666666666
2021-07-07,0.2754615384615385,0.4336906761323127,13,7,2,4,0.5384615384615384,0.15384615384615385
2021-07-08,-0.28893333333333326,0.519491711286367,15,2,9,4,0.13333333333333333,0.6
2021-07-09,0.38345454545454544,0.4948101380603198,11,7,1,3,0.6363636363636364,0.09090909090909091
2021-07-10,-0.28346666666666664,0.5087869139527115,15,3,8,4,0.2,0.5333333333333333
2021-07-11,-0.08635714285714283,0.5361057024280046,14,5,7,2,0.35714285714285715,0.5
2021-07-12,0.082875,0.46168524760614005,8,3,3,2,0.375,0.375
2021-07-13,-0.07478571428571433,0.5022129763619948,14,3,5,6,0.21428571428571427,0.35714285714285715
2021-07-14,-0.14025,0.5514896061706746,8,1,3,4,0.125,0.375
2021-07-15,0.06808333333333333,0.5916350930542688,12,6,5,1,0.5,0.4166666666666667
2021-07-16,-0.34740000000000004,0.5225478925419182,5,1,4,0,0.2,0.8
2021-07-17,0.069,0.541615177039935,11,4,4,3,0.36363636363636365,0.36363636363636365
2021-07-18,-0.23690909090909093,0.491179693095196,11,2,6,3,0.18181818181818182,0.5454545454545454
2021-07-19,-0.18149999999999997,0.4832973204974345,6,1,2,3,0.16666666666666666,0.3333333333333333
2021-07-20,0.2637777777777777,0.47329134203410533,9,5,1,3,0.5555555555555556,0.1111111111111111
2021-07-21,0.18799999999999997,0.3625120687646137,7,3,0,4,0.42857142857142855,0.0
2021-07-22,-0.27714285714285714,0.5440206578710741,7,1,5,1,0.14285714285714285,0.7142857142857143
2021-07-23,0.026800000000000025,0.6140736112226286,10,4,4,2,0.4,0.4
2021-07-24,-0.024200000000000006,0.3851232991595751,10,1,2,7,0.1,0.2
2021-07-25,-0.09319999999999998,0.5706033648691532,5,2,2,1,0.4,0.4
2021-07-26,-0.1561111111111111,0.6037117367677318,9,3,5,1,0.3333333333333333,0.5555555555555556
2021-07-27,-0.17285714285714285,0.6974052931094966,7,2,5,0,0.2857142857142857,0.7142857142857143
2021-07-28,0.06499999999999999,0.6609481825377841,5,2,1,2,0.4,0.2
2021-07-29,-0.3205714285714286,0.49835972708718906,14,2,9,3,0.14285714285714285,0.6428571428571429
2021-07-30,0.06700000000000002,0.34179584549844955,6,2,1,3,0.3333333333333333,0.16666666666666666
2021-07-31,0.06980000000000001,0.5766608188528158,5,2,1,2,0.4,0.2
2021-08-01,0.06799999999999999,0.574515922716286,12,4,4,4,0.3333333333333333,0.3333333333333333
2021-08-02,0.149,0.40915033911754245,5,2,1,2,0.4,0.2
2021-08-03,-0.14939999999999998,0.6608871478718755,10,3,5,2,0.3,0.5
2021-08-04,-0.015454545454545469,0.5083989306905284,11,4,5,2,0.36363636363636365,0.45454545454545453
2021-08-05,-0.03310000000000002,0.4996201779574382,10,3,5,2,0.3,0.5
2021-08-06,0.13772727272727273,0.5116739373681428,11,4,2,5,0.36363636363636365,0.18181818181818182
2021-08-07,0.138,0.5083127169192388,12,5,4,3,0.4166666666666667,0.3333333333333333
2021-08-08,0.3213333333333333,0.4967557414531479,6,3,1,2,0.5,0.16666666666666666
2021-08-09,0.14142857142857143,0.5983840693948114,14,8,5,1,0.5714285714285714,0.35714285714285715
2021-08-10,-0.02853333333333332,0.5161754777297386,15,5,6,4,0.3333333333333333,0.4
2021-08-11,0.16112500000000002,0.3597119631435288,8,2,1,5,0.25,0.125
2021-08-12,-0.2234,0.5163054328592718,5,1,3,1,0.2,0.6
2021-08-13,0.2866,0.3489268855055045,15,9,1,5,0.6,0.06666666666666667
2021-08-14,0.08226666666666667,0.4789548840469017,15,4,3,8,0.26666666666666666,0.2
2021-08-15,-0.272,0.45405212622928365,7,1,4,2,0.14285714285714285,0.5714285714285714
2021-08-16,0.3631666666666667,0.39003252001168653,6,4,1,1,0.6666666666666666,0.16666666666666666
2021-08-17,0.06660000000000002,0.5404387517975042,10,3,3,4,0.3,0.3
2021-08-18,0.18777777777777777,0.6991321008539405,9,4,3,2,0.4444444444444444,0.3333333333333333
2021-08-19,-0.18889999999999998,0.5241591043439642,10,2,5,3,0.2,0.5
2021-08-20,-0.07033333333333337,0.5992060302322287,6,2,3,1,0.3333333333333333,0.5
2021-08-21,0.09099999999999998,0.3812358849846116,6,3,2,1,0.5,0.3333333333333333
2021-08-22,0.19307142857142853,0.4552114410292827,14,7,2,5,0.5,0.14285714285714285
2021-08-23,-0.1274,0.5711171508543584,5,1,3,1,0.2,0.6
2021-08-24,-0.03799999999999999,0.6351779278281008,5,2,2,1,0.4,0.4
2021-08-25,0.0752,0.5136737291316347,5,1,1,3,0.2,0.2
2021-08-26,-0.1529090909090909,0.52436732441018,11,3,5,3,0.2727272727272727,0.45454545454545453
2021-08-27,0.0442,0.4694376777947562,10,4,3,3,0.4,0.3
2021-08-28,0.009000000000000008,0.6733272606986888,6,3,2,1,0.5,0.3333333333333333
2021-08-29,0.105875,0.4336524077118513,8,3,1,4,0.375,0.125
2021-08-30,-0.1805,0.4197065773979615,10,1,6,3,0.1,0.6
2021-08-31,0.05475,0.5731720549236978,12,5,5,2,0.4166666666666667,0.4166666666666667
2021-09-01,0.0035999999999999977,0.38905822186402894,5,1,1,3,0.2,0.2
2021-09-02,-0.016066666666666667,0.36198509572054144,15,3,4,8,0.2,0.26666666666666666
2021-09-03,-0.338125,0.3890047511645217,8,0,5,3,0.0,0.625
2021-09-04,-0.18375,0.5447903892157223,12,3,5,4,0.25,0.4166666666666667
2021-09-05,-0.05692307692307694,0.4447342767575678,13,4,4,5,0.3076923076923077,0.3076923076923077
2021-09-06,-0.05428571428571429,0.46737621620331465,14,3,5,6,0.21428571428571427,0.35714285714285715
2021-09-07,0.3535714285714286,0.36804748658420744,7,3,0,4,0.42857142857142855,0.0
2021-09-08,-0.23177777777777775,0.5082852982769072,9,2,6,1,0.2222222222222222,0.6666666666666666
2021-09-09,-0.31276923076923074,0.5067507858645697,13,2,9,2,0.15384615384615385,0.6923076923076923
2021-09-10,-0.09049999999999998,0.6762260822282103,8,3,4,1,0.375,0.5
2021-09-11,-0.0254,0.560276436872269,15,5,6,4,0.3333333333333333,0.4
2021-09-12,-0.07437499999999998,0.5709100348190973,8,2,3,3,0.25,0.375
2021-09-13,0.023307692307692307,0.5387688719997634,13,6,4,3,0.46153846153846156,0.3076923076923077
2021-09-14,0.24799999999999991,0.548500162781588,15,8,3,4,0.5333333333333333,0.2
2021-09-15,-0.0706,0.5063865892554598,10,3,3,4,0.3,0.3
2021-09-16,0.02645454545454545,0.4124646320925865,11,3,2,6,0.2727272727272727,0.18181818181818182
2021-09-17,-0.01823076923076923,0.5360480628087613,13,4,4,5,0.3076923076923077,0.3076923076923077
2021-09-18,0.07818181818181819,0.6164744630853444,11,5,3,3,0.45454545454545453,0.2727272727272727
2021-09-19,-0.36083333333333334,0.5031681296213688,6,1,4,1,0.16666666666666666,0.6666666666666666
2021-09-20,-0.2975,0.29215389780045725,6,0,3,3,0.0,0.5
2021-09-21,-0.07892307692307694,0.562987042707388,13,5,6,2,0.38461538461538464,0.46153846153846156
2021-09-22,-0.17755555555555555,0.5923016780136434,9,3,5,1,0.3333333333333333,0.5555555555555556
2021-09-23,0.05942857142857142,0.5663379956128012,14,7,4,3,0.5,0.2857142857142857
2021-09-24,0.10133333333333333,0.5751064828939652,6,3,2,1,0.5,0.3333333333333333
2021-09-25,0.16233333333333333,0.3020779148939337,6,3,0,3,0.5,0.0
2021-09-26,-0.030000000000000016,0.5890057724674692,11,4,4,3,0.36363636363636365,0.36363636363636365
2021-09-27,0.004999999999999996,0.6027144155125764,13,5,5,3,0.38461538461538464,0.38461538461538464
2021-09-28,-0.07799999999999999,0.5739035030118137,14,5,7,2,0.35714285714285715,0.5
2021-09-29,-0.034428571428571426,0.5415291332862916,14,4,4,6,0.2857142857142857,0.2857142857142857
2021-09-30,-0.1582,0.5055642109846893,15,3,6,6,0.2,0.4
2021-10-01,0.1352857142857143,0.697124263022912,7,4,2,1,0.5714285714285714,0.2857142857142857
2021-10-02,-0.015833333333333328,0.5866392469487581,12,5,5,2,0.4166666666666667,0.4166666666666667
2021-10-03,-0.39099999999999996,0.3547470930113452,5,0,4,1,0.0,0.8
2021-10-04,-0.19999999999999998,0.5746670050269691,13,3,7,3,0.23076923076923078,0.5384615384615384
2021-10-05,-0.33416666666666667,0.42810251887447087,6,1,3,2,0.16666666666666666,0.5
2021-10-06,0.09324999999999999,0.6413568181455765,12,6,5,1,0.5,0.4166666666666667
2021-10-07,0.04839999999999998,0.7343032752208041,5,3,2,0,0.6,0.4
2021-10-08,0.129625,0.3363641468493844,8,2,1,5,0.25,0.125
2021-10-09,-0.09769999999999998,0.5430600642040743,10,4,4,2,0.4,0.4
2021-10-10,0.12215384615384615,0.4637324742697105,13,6,3,4,0.46153846153846156,0.23076923076923078
2021-10-11,0.035750000000000004,0.5725250490748696,12,4,3,5,0.3333333333333333,0.25
2021-10-12,-0.03379999999999998,0.5321871851144108,5,1,2,2,0.2,0.4
2021-10-13,-0.2838,0.6009631436286256,5,1,3,1,0.2,0.6
2021-10-14,-0.11149999999999999,0.601949084225568,6,1,3,2,0.16666666666666666,0.5
2021-10-15,-0.05613333333333333,0.39040288103933035,15,3,3,9,0.2,0.2
2021-10-16,0.07059999999999998,0.34927009605747805,10,2,1,7,0.2,0.1
2021-10-17,-0.16541666666666666,0.5117448686660773,12,3,7,2,0.25,0.5833333333333334
2021-10-18,-0.343875,0.4257499056287119,8,1,6,1,0.125,0.75
2021-10-19,-0.10522222222222222,0.5528459952323472,9,3,4,2,0.3333333333333333,0.4444444444444444
2021-10-20,0.18008333333333335,0.3935677043137405,12,5,2,5,0.4166666666666667,0.16666666666666666
2021-10-21,-0.05030769230769232,0.4135799770732348,13,3,4,6,0.23076923076923078,0.3076923076923077
2021-10-22,0.043399999999999994,0.513016861321341,5,1,2,2,0.2,0.4
2021-10-23,0.020714285714285706,0.574536258288293,14,4,5,5,0.2857142857142857,0.35714285714285715
2021-10-24,0.1105,0.41157294094034624,8,3,1,4,0.375,0.125
2021-10-25,0.18941666666666665,0.49525557375291934,12,6,1,5,0.5,0.08333333333333333
2021-10-26,-0.06892307692307695,0.6253496970413782,13,5,5,3,0.38461538461538464,0.38461538461538464
2021-10-27,0.02366666666666667,0.46590456819682147,6,2,2,2,0.3333333333333333,0.3333333333333333
2021-10-28,0.038500000000000034,0.5875753723411307,12,5,5,2,0.4166666666666667,0.4166666666666667
2021-10-29,0.10769230769230768,0.3805076400055117,13,6,2,5,0.46153846153846156,0.15384615384615385
2021-10-30,0.25691666666666674,0.3816953707612997,12,6,1,5,0.5,0.08333333333333333
2021-10-31,-0.18999999999999995,0.729268674769457,6,3,3,0,0.5,0.5
2021-11-01,-0.10055555555555555,0.5300184221117015,9,2,3,4,0.2222222222222222,0.3333333333333333
2021-11-02,0.10280000000000004,0.4434570754625275,10,5,2,3,0.5,0.2
2021-11-03,-0.141,0.5286499787193791,6,1,2,3,0.16666666666666666,0.3333333333333333
2021-11-04,0.1309090909090909,0.5559644691066965,11,5,3,3,0.45454545454545453,0.2727272727272727
2021-11-05,0.04085714285714288,0.5819076182612463,7,2,3,2,0.2857142857142857,0.42857142857142855
2021-11-06,-0.10466666666666667,0.5432485618940929,9,3,3,3,0.3333333333333333,0.3333333333333333
2021-11-07,0.09133333333333334,0.4873559958250916,6,3,1,2,0.5,0.16666666666666666
2021-11-08,-0.4645000000000001,0.5576510557687486,6,1,5,0,0.16666666666666666,0.8333333333333334
2021-11-09,-0.24557142857142858,0.3858994915550131,14,2,8,4,0.14285714285714285,0.5714285714285714
2021-11-10,-0.05881818181818181,0.5091333456338953,11,3,3,5,0.2727272727272727,0.2727272727272727
2021-11-11,-0.017874999999999995,0.4717564254994308,8,2,3,3,0.25,0.375
2021-11-12,0.08140000000000003,0.5166548815860222,10,4,2,4,0.4,0.2
2021-11-13,-0.19825,0.4229923167150912,8,1,3,4,0.125,0.375
2021-11-14,0.3765,0.5558632025957466,6,4,1,1,0.6666666666666666,0.16666666666666666
2021-11-15,-0.0831111111111111,0.49559420003780424,9,3,4,2,0.3333333333333333,0.4444444444444444
2021-11-16,-0.02193333333333333,0.5961945352060213,15,7,5,3,0.4666666666666667,0.3333333333333333
2021-11-17,0.2508,0.5434999540018379,5,3,1,1,0.6,0.2
2021-11-18,-0.08620000000000001,0.6048179419107397,15,5,9,1,0.3333333333333333,0.6
2021-11-19,-0.268,0.5675343161430858,6,2,4,0,0.3333333333333333,0.6666666666666666
2021-11-20,0.09407692307692309,0.5548943535392513,13,5,3,5,0.38461538461538464,0.23076923076923078
2021-11-21,-0.2143333333333333,0.5423920643917567,12,4,7,1,0.3333333333333333,0.5833333333333334
2021-11-22,0.1545,0.5356155337553234,8,4,2,2,0.5,0.25
2021-11-23,-0.1866,0.7042657878954507,5,1,3,1,0.2,0.6
2021-11-24,-0.123625,0.2926821471933576,8,1,3,4,0.125,0.375
2021-11-25,0.06923076923076923,0.5682694715605373,13,6,5,2,0.46153846153846156,0.38461538461538464
2021-11-26,-0.088625,0.5871176415336198,8,2,3,3,0.25,0.375
2021-11-27,-0.26699999999999996,0.5757607141860237,6,1,4,1,0.16666666666666666,0.6666666666666666
2021-11-28,-0.13126666666666667,0.46739666033813093,15,5,7,3,0.3333333333333333,0.4666666666666667
2021-11-29,-0.1263076923076923,0.5195258069649323,13,4,6,3,0.3076923076923077,0.46153846153846156
2021-11-30,0.07669230769230767,0.5075040861272916,13,6,4,3,0.46153846153846156,0.3076923076923077
2021-12-01,-0.027999999999999994,0.5856783612676355,8,2,2,4,0.25,0.25
2021-12-02,-0.042727272727272725,0.5935050279330565,11,4,5,2,0.36363636363636365,0.45454545454545453
2021-12-03,0.11960000000000001,0.6407433530240048,10,4,3,3,0.4,0.3
2021-12-04,-0.13585714285714287,0.6993054717769217,7,3,4,0,0.42857142857142855,0.5714285714285714
2021-12-05,0.3502222222222222,0.5210577649785525,9,5,2,2,0.5555555555555556,0.2222222222222222
2021-12-06,0.1238,0.45816998301212764,10,3,2,5,0.3,0.2
2021-12-07,0.2597142857142857,0.44687985454214024,14,6,1,7,0.42857142857142855,0.07142857142857142
2021-12-08,-0.055833333333333325,0.5298933540502906,6,3,3,0,0.5,0.5
2021-12-09,-0.053727272727272735,0.549316318874488,11,3,3,5,0.2727272727272727,0.2727272727272727
2021-12-10,0.06560000000000002,0.5943621791466883,15,7,5,3,0.4666666666666667,0.3333333333333333
2021-12-11,0.07483333333333332,0.5321223230298336,6,3,2,1,0.5,0.3333333333333333
2021-12-12,-0.139,0.5357382756533268,5,1,2,2,0.2,0.4
2021-12-13,0.06489999999999999,0.5693449354789728,10,5,4,1,0.5,0.4
2021-12-14,-0.051538461538461526,0.46100987252346626,13,3,5,5,0.23076923076923078,0.38461538461538464
2021-12-15,-0.023181818181818196,0.43746332833320284,11,3,3,5,0.2727272727272727,0.2727272727272727
2021-12-16,0.23400000000000004,0.5630602888580306,10,5,2,3,0.5,0.2
2021-12-17,0.003400000000000018,0.5198704234161211,15,4,6,5,0.26666666666666666,0.4
2021-12-18,-0.1285714285714286,0.7991032176014262,7,3,4,0,0.42857142857142855,0.5714285714285714
2021-12-19,-0.014000000000000028,0.5874872339038526,9,3,4,2,0.3333333333333333,0.4444444444444444
2021-12-20,0.14173333333333332,0.5339830744597844,15,6,3,6,0.4,0.2
2021-12-21,0.23135714285714284,0.5756845566724964,14,8,3,3,0.5714285714285714,0.21428571428571427
2021-12-22,-0.31279999999999997,0.6034407178837039,5,1,3,1,0.2,0.6
2021-12-23,0.083375,0.48202754441154977,8,4,2,2,0.5,0.25
2021-12-24,-0.21299999999999997,0.5186003891594796,12,2,6,4,0.16666666666666666,0.5
2021-12-25,0.032749999999999994,0.3193152271435145,8,2,2,4,0.25,0.25
2021-12-26,0.08416666666666667,0.5113500550385017,12,4,2,6,0.3333333333333333,0.16666666666666666
2021-12-27,0.20040000000000002,0.49576604505408745,15,7,3,5,0.4666666666666667,0.2
2021-12-28,0.19500000000000003,0.5423361503717045,9,5,2,2,0.5555555555555556,0.2222222222222222
2021-12-29,0.07114285714285713,0.4799334775332336,7,3,2,2,0.42857142857142855,0.2857142857142857
2021-12-30,-0.13313333333333333,0.3699072985543939,15,3,6,6,0.2,0.4
2021-12-31,-0.18306666666666663,0.5481358625464346,15,4,9,2,0.26666666666666666,0.6
2022-01-01,-0.20283333333333334,0.7051815132763102,6,2,4,0,0.3333333333333333,0.6666666666666666
2022-01-02,-0.5034285714285714,0.34628497760411975,7,0,5,2,0.0,0.7142857142857143
2022-01-03,0.03126666666666665,0.48715360831593774,15,5,4,6,0.3333333333333333,0.26666666666666666
2022-01-04,0.09962500000000002,0.5562555778211512,8,2,1,5,0.25,0.125
2022-01-05,-0.006545454545454541,0.5586156753325785,11,5,5,1,0.45454545454545453,0.45454545454545453
2022-01-06,-0.2419,0.5178462770617035,10,2,5,3,0.2,0.5
2022-01-07,-0.020333333333333328,0.5677158179934746,9,3,3,3,0.3333333333333333,0.3333333333333333
2022-01-08,0.06423076923076926,0.46888380825213577,13,4,3,6,0.3076923076923077,0.23076923076923078
2022-01-09,0.01807142857142857,0.538940765160373,14,6,5,3,0.42857142857142855,0.35714285714285715
2022-01-10,-0.112,0.5268339396811864,15,3,7,5,0.2,0.4666666666666667
2022-01-11,0.15019999999999994,0.5403709308032242,15,7,3,5,0.4666666666666667,0.2
2022-01-12,-0.04045454545454545,0.5876817784543542,11,5,5,1,0.45454545454545453,0.45454545454545453
2022-01-13,-0.17746153846153845,0.6045689394635673,13,4,7,2,0.3076923076923077,0.5384615384615384
2022-01-14,0.16059999999999997,0.592305037242515,15,8,4,3,0.5333333333333333,0.26666666666666666
2022-01-15,0.04189999999999999,0.5606401995338306,10,4,4,2,0.4,0.4
2022-01-16,-0.052266666666666656,0.5545925746072732,15,4,5,6,0.26666666666666666,0.3333333333333333
2022-01-17,-0.18975,0.3706495264108285,8,1,4,3,0.125,0.5
2022-01-18,-0.03399999999999999,0.5149621345302973,5,1,1,3,0.2,0.2
2022-01-19,-0.3119333333333333,0.5204343607118229,15,3,10,2,0.2,0.6666666666666666
2022-01-20,-0.11787500000000001,0.3630149298385871,8,1,3,4,0.125,0.375
2022-01-21,-0.34783333333333327,0.2744488416201946,6,0,3,3,0.0,0.5
2022-01-22,-0.2081666666666667,0.5363351253336544,6,1,2,3,0.16666666666666666,0.3333333333333333
2022-01-23,0.0628,0.5047749003268684,5,2,2,1,0.4,0.4
2022-01-24,-0.19414285714285714,0.504401767301764,7,2,4,1,0.2857142857142857,0.5714285714285714
2022-01-25,-0.5322000000000001,0.5685887793476055,5,1,4,0,0.2,0.8
2022-01-26,-0.19075,0.5914526306355516,8,2,4,2,0.25,0.5
2022-01-27,0.17542857142857143,0.3458264772699632,7,3,1,3,0.42857142857142855,0.14285714285714285
2022-01-28,-0.059214285714285726,0.5178589321681858,14,5,5,4,0.35714285714285715,0.35714285714285715
2022-01-29,-0.08499999999999999,0.5929020637026466,8,3,3,2,0.375,0.375
2022-01-30,-0.10571428571428575,0.6049244617269204,14,4,7,3,0.2857142857142857,0.5
2022-01-31,0.0460909090909091,0.5941640269396077,11,4,3,4,0.36363636363636365,0.2727272727272727
2022-02-01,0.268875,0.4497988240790066,8,4,1,3,0.5,0.125
2022-02-02,-0.3134285714285715,0.5294921646077044,7,2,5,0,0.2857142857142857,0.7142857142857143
2022-02-03,-0.10185714285714285,0.705516933076126,7,3,4,0,0.42857142857142855,0.5714285714285714
2022-02-04,-0.17693333333333333,0.5575535165430524,15,4,7,4,0.26666666666666666,0.4666666666666667
2022-02-05,0.06742857142857143,0.4376897139690236,7,2,2,3,0.2857142857142857,0.2857142857142857
2022-02-06,0.27166666666666667,0.4742631286021665,12,7,2,3,0.5833333333333334,0.16666666666666666
2022-02-07,0.02679999999999998,0.6676007040140087,5,2,2,1,0.4,0.4
2022-02-08,0.1247142857142857,0.6105109101634232,7,3,2,2,0.42857142857142855,0.2857142857142857
2022-02-09,0.06760000000000002,0.49152660151816807,15,6,6,3,0.4,0.4
2022-02-10,0.04933333333333334,0.4906370009147973,6,2,2,2,0.3333333333333333,0.3333333333333333
2022-02-11,0.0951818181818182,0.5263914547524148,11,4,3,4,0.36363636363636365,0.2727272727272727
2022-02-12,-0.351,0.4570760330623342,5,1,4,0,0.2,0.8
2022-02-13,-0.050785714285714274,0.6757027314719701,14,5,7,2,0.35714285714285715,0.5
2022-02-14,0.12257142857142858,0.4347854845580951,14,5,2,7,0.35714285714285715,0.14285714285714285
2022-02-15,0.07025000000000002,0.5271610285292342,12,5,3,4,0.4166666666666667,0.25
2022-02-16,-0.07822222222222225,0.6443954100119309,9,3,4,2,0.3333333333333333,0.4444444444444444
2022-02-17,0.0845714285714286,0.4996454933726703,7,2,2,3,0.2857142857142857,0.2857142857142857
2022-02-18,0.0398,0.5505019527667454,10,3,3,4,0.3,0.3
2022-02-19,-0.030846153846153843,0.5133622577598665,13,4,4,5,0.3076923076923077,0.3076923076923077
2022-02-20,0.18829999999999997,0.554675891349574,10,5,3,2,0.5,0.3
2022-02-21,-0.2995,0.6353606399967997,8,2,5,1,0.25,0.625
2022-02-22,0.043000000000000003,0.5319186967949143,5,1,1,3,0.2,0.2
2022-02-23,-0.011750000000000002,0.5351824030603534,12,5,4,3,0.4166666666666667,0.3333333333333333
2022-02-24,-0.06790000000000002,0.4049116364508846,10,2,3,5,0.2,0.3
2022-02-25,0.05516666666666666,0.4992457644620867,12,3,3,6,0.25,0.25
2022-02-26,-0.2637272727272727,0.41936525628837945,11,2,7,2,0.18181818181818182,0.6363636363636364
2022-02-27,0.0965454545454545,0.6353061252083697,11,5,3,3,0.45454545454545453,0.2727272727272727
2022-02-28,0.12884615384615386,0.4673766942830744,13,5,2,6,0.38461538461538464,0.15384615384615385
2022-03-01,0.3418,0.3642632289979322,5,2,0,3,0.4,0.0
2022-03-02,0.09840000000000002,0.45830319900937005,10,3,3,4,0.3,0.3
2022-03-03,0.20014285714285715,0.7256032957871283,7,4,2,1,0.5714285714285714,0.2857142857142857
2022-03-04,0.0032222222222222253,0.5930290418221054,9,3,3,3,0.3333333333333333,0.3333333333333333
2022-03-05,0.27410000000000007,0.4357110280908667,10,6,1,3,0.6,0.1
2022-03-06,0.15757142857142856,0.43180848929655313,14,6,3,5,0.42857142857142855,0.21428571428571427
2022-03-07,-0.10953846153846157,0.4767295906109695,13,2,4,7,0.15384615384615385,0.3076923076923077
2022-03-08,0.030333333333333337,0.6071404481744926,15,6,5,4,0.4,0.3333333333333333
2022-03-09,-0.041999999999999996,0.519851627183867,8,1,3,4,0.125,0.375
2022-03-10,0.014999999999999998,0.5319532946531187,14,5,4,5,0.35714285714285715,0.2857142857142857
2022-03-11,0.046875000000000014,0.47094811285321014,8,3,3,2,0.375,0.375
2022-03-12,0.20233333333333334,0.5999962222103291,6,4,1,1,0.6666666666666666,0.16666666666666666
2022-03-13,-0.07855555555555555,0.5462092344310719,9,2,4,3,0.2222222222222222,0.4444444444444444
2022-03-14,0.014399999999999968,0.6516366318739302,5,2,2,1,0.4,0.4
2022-03-15,-0.33849999999999997,0.4459573539459368,14,1,10,3,0.07142857142857142,0.7142857142857143
2022-03-16,-0.09311111111111112,0.5800947001232739,9,3,5,1,0.3333333333333333,0.5555555555555556
2022-03-17,-0.1274285714285714,0.7411038742180156,7,2,3,2,0.2857142857142857,0.42857142857142855
2022-03-18,-0.06683333333333334,0.4835485936534636,12,4,4,4,0.3333333333333333,0.3333333333333333
2022-03-19,-0.18361538461538465,0.4276506632095755,13,2,7,4,0.15384615384615385,0.5384615384615384
2022-03-20,0.162,0.5898421398984647,9,5,2,2,0.5555555555555556,0.2222222222222222
2022-03-21,-0.006777777777777784,0.595983384369434,9,3,4,2,0.3333333333333333,0.4444444444444444
2022-03-22,-0.18025,0.42757585717199187,12,1,5,6,0.08333333333333333,0.4166666666666667
2022-03-23,0.053999999999999986,0.545832239184654,13,4,5,4,0.3076923076923077,0.38461538461538464
2022-03-24,-0.0024285714285714388,0.4268004440574295,7,1,2,4,0.14285714285714285,0.2857142857142857
2022-03-25,0.013999999999999997,0.47425671167778805,15,4,5,6,0.26666666666666666,0.3333333333333333
2022-03-26,0.18150000000000002,0.5458488801857159,12,5,3,4,0.4166666666666667,0.25
2022-03-27,0.06142857142857144,0.5212427000744974,7,3,2,2,0.42857142857142855,0.2857142857142857
2022-03-28,-0.39499999999999996,0.5454601268653833,9,1,7,1,0.1111111111111111,0.7777777777777778
2022-03-29,0.06983333333333334,0.45319418207504236,6,2,1,3,0.3333333333333333,0.16666666666666666
2022-03-30,-0.35344444444444445,0.24646861418399255,9,0,6,3,0.0,0.6666666666666666
2022-03-31,0.009545454545454524,0.5418937836211749,11,4,3,4,0.36363636363636365,0.2727272727272727
2022-04-01,0.05783333333333333,0.4250728957092732,6,3,2,1,0.5,0.3333333333333333
2022-04-02,0.22240000000000001,0.6222421554346829,5,3,1,1,0.6,0.2
2022-04-03,-0.22628571428571428,0.4733077625554414,7,1,4,2,0.14285714285714285,0.5714285714285714
2022-04-04,-0.14681818181818185,0.7686908114686708,11,4,6,1,0.36363636363636365,0.5454545454545454
2022-04-05,0.176625,0.6060381735972932,8,4,2,2,0.5,0.25
2022-04-06,0.13112500000000002,0.5262990560779788,8,4,2,2,0.5,0.25
2022-04-07,-0.152,0.6016657828775991,15,5,8,2,0.3333333333333333,0.5333333333333333
2022-04-08,0.4431,0.4925002989282793,10,7,1,2,0.7,0.1
2022-04-09,0.11139999999999999,0.544245165343708,5,2,1,2,0.4,0.2
2022-04-10,-0.1602857142857143,0.5534532748774078,14,4,7,3,0.2857142857142857,0.5
2022-04-11,-0.07323076923076924,0.5538282155214668,13,4,5,4,0.3076923076923077,0.38461538461538464
2022-04-12,0.04300000000000001,0.6417418261486245,8,3,4,1,0.375,0.5
2022-04-13,0.02800000000000001,0.5434464095014337,15,5,4,6,0.3333333333333333,0.26666666666666666
2022-04-14,-0.005833333333333343,0.5248902627014412,12,3,4,5,0.25,0.3333333333333333
2022-04-15,0.24733333333333332,0.4902357256123493,6,3,1,2,0.5,0.16666666666666666
2022-04-16,0.015307692307692303,0.5489622610913834,13,4,4,5,0.3076923076923077,0.3076923076923077
2022-04-17,-0.09364285714285712,0.4711007743152621,14,2,5,7,0.14285714285714285,0.35714285714285715
2022-04-18,-0.1263076923076923,0.5916433870465362,13,4,7,2,0.3076923076923077,0.5384615384615384
2022-04-19,-0.3071666666666667,0.3928100898228897,6,0,3,3,0.0,0.5
2022-04-20,0.11349999999999999,0.5786266993000384,8,3,3,2,0.375,0.375
2022-04-21,0.074875,0.576792470106388,8,3,3,2,0.375,0.375
2022-04-22,0.087,0.5212424506001908,14,6,5,3,0.42857142857142855,0.35714285714285715
2022-04-23,0.1476,0.6294221953506247,5,3,1,1,0.6,0.2
2022-04-24,-0.08038461538461542,0.5059590791196357,13,5,5,3,0.38461538461538464,0.38461538461538464
2022-04-25,-0.24733333333333338,0.484362623986566,12,2,6,4,0.16666666666666666,0.5
2022-04-26,0.10014285714285713,0.5032095231370569,14,6,4,4,0.42857142857142855,0.2857142857142857
2022-04-27,0.06266666666666666,0.36760068915423244,6,2,1,3,0.3333333333333333,0.16666666666666666
2022-04-28,-0.07133333333333336,0.6720238091020287,9,3,4,2,0.3333333333333333,0.4444444444444444
2022-04-29,0.028571428571428564,0.4829861478837867,7,2,3,2,0.2857142857142857,0.42857142857142855
2022-04-30,-0.2022222222222222,0.42708950402046214,9,1,4,4,0.1111111111111111,0.4444444444444444
2022-05-01,0.09230769230769229,0.5159235060574039,13,4,3,6,0.3076923076923077,0.23076923076923078
2022-05-02,-0.06938461538461539,0.6648252324811309,13,4,5,4,0.3076923076923077,0.38461538461538464
2022-05-03,0.042777777777777755,0.5360883270921355,9,2,2,5,0.2222222222222222,0.2222222222222222
2022-05-04,0.051866666666666665,0.5651411791587589,15,5,4,6,0.3333333333333333,0.26666666666666666
2022-05-05,-0.2008,0.49873860889247384,5,1,2,2,0.2,0.4
2022-05-06,-0.3394666666666667,0.41895599268840134,15,1,9,5,0.06666666666666667,0.6
2022-05-07,0.02416666666666667,0.5574382178023558,6,2,2,2,0.3333333333333333,0.3333333333333333
2022-05-08,-0.05020000000000001,0.48420522508539704,5,2,2,1,0.4,0.4
2022-05-09,0.195,0.4093733015231941,5,2,0,3,0.4,0.0
2022-05-10,0.35544444444444445,0.41124965383301876,9,5,0,4,0.5555555555555556,0.0
2022-05-11,0.032857142857142856,0.609529717233275,7,3,2,2,0.42857142857142855,0.2857142857142857
2022-05-12,-0.16566666666666666,0.5758654356705218,9,3,4,2,0.3333333333333333,0.4444444444444444
2022-05-13,-0.15662499999999996,0.5877268407055393,8,2,5,1,0.25,0.625
2022-05-14,-0.14525,0.5269653688811058,8,2,4,2,0.25,0.5
2022-05-15,-0.11514285714285714,0.45670809683460367,14,3,6,5,0.21428571428571427,0.42857142857142855
2022-05-16,0.03835714285714287,0.5354232843336134,14,5,5,4,0.35714285714285715,0.35714285714285715
2022-05-17,0.04742857142857144,0.5264667945030206,7,3,2,2,0.42857142857142855,0.2857142857142857
2022-05-18,-0.25177777777777777,0.46915769677630187,9,1,5,3,0.1111111111111111,0.5555555555555556
2022-05-19,0.018923076923076928,0.4787047561804077,13,5,5,3,0.38461538461538464,0.38461538461538464
2022-05-20,-0.25762500000000005,0.538281640965025,8,2,4,2,0.25,0.5
2022-05-21,0.008000000000000018,0.6466326623361984,11,4,4,3,0.36363636363636365,0.36363636363636365
2022-05-22,-0.16186666666666666,0.514965167569151,15,4,9,2,0.26666666666666666,0.6
2022-05-23,0.06477777777777778,0.4562624731932755,9,3,2,4,0.3333333333333333,0.2222222222222222
2022-05-24,-0.21869999999999998,0.5663648313783459,10,2,6,2,0.2,0.6
2022-05-25,-0.3038888888888889,0.5600355891468962,9,1,5,3,0.1111111111111111,0.5555555555555556
2022-05-26,-0.1280769230769231,0.5054444350500626,13,2,5,6,0.15384615384615385,0.38461538461538464
2022-05-27,-0.08566666666666665,0.6614778907869863,9,4,5,0,0.4444444444444444,0.5555555555555556
2022-05-28,0.11199999999999999,0.2958181874057104,6,2,0,4,0.3333333333333333,0.0
2022-05-29,-0.14049999999999999,0.6849370044025946,6,2,3,1,0.3333333333333333,0.5
2022-05-30,-0.06354545454545457,0.5979508949130127,11,5,4,2,0.45454545454545453,0.36363636363636365
2022-05-31,0.18199999999999994,0.5988584011395219,14,8,4,2,0.5714285714285714,0.2857142857142857
2022-06-01,-0.11833333333333333,0.6457283226455742,6,2,2,2,0.3333333333333333,0.3333333333333333
2022-06-02,0.043,0.539433499145168,5,2,1,2,0.4,0.2
2022-06-03,-0.20626666666666665,0.4932797622136183,15,4,9,2,0.26666666666666666,0.6
2022-06-04,-0.07578571428571428,0.5178143680704697,14,3,5,6,0.21428571428571427,0.35714285714285715
2022-06-05,0.07344444444444445,0.6397908078253217,9,3,3,3,0.3333333333333333,0.3333333333333333
2022-06-06,0.035153846153846174,0.5480609525338471,13,4,4,5,0.3076923076923077,0.3076923076923077
2022-06-07,-0.177,0.2468774999873419,5,0,2,3,0.0,0.4
2022-06-08,0.2065,0.5451791448689137,6,3,1,2,0.5,0.16666666666666666
2022-06-09,-0.059,0.5682874859317831,10,2,3,5,0.2,0.3
2022-06-10,-0.20783333333333331,0.5256554061936451,12,2,6,4,0.16666666666666666,0.5
2022-06-11,-0.21959999999999996,0.5812626772811067,5,1,3,1,0.2,0.6
2022-06-12,0.1442,0.3952014314606811,15,5,2,8,0.3333333333333333,0.13333333333333333
2022-06-13,-0.08183333333333334,0.3562899313080783,12,2,4,6,0.16666666666666666,0.3333333333333333
2022-06-14,-0.29799999999999993,0.39656195558245955,14,1,7,6,0.07142857142857142,0.5
2022-06-15,-0.01133333333333334,0.45592250803544826,12,4,3,5,0.3333333333333333,0.25
2022-06-16,-0.14075000000000001,0.6093942036601148,12,3,6,3,0.25,0.5
2022-06-17,-0.37200000000000005,0.3560022471839188,6,0,3,3,0.0,0.5
2022-06-18,-0.15512499999999999,0.5112294529576994,8,2,4,2,0.25,0.5
2022-06-19,0.0765,0.46281691844616046,6,2,1,3,0.3333333333333333,0.16666666666666666
2022-06-20,-0.1011818181818182,0.35054609345471766,11,1,2,8,0.09090909090909091,0.18181818181818182
2022-06-21,-0.0731818181818182,0.49896990253557744,11,3,5,3,0.2727272727272727,0.45454545454545453
2022-06-22,-0.0927333333333333,0.5247906339901748,15,4,6,5,0.26666666666666666,0.4
2022-06-23,-0.09728571428571428,0.5141302481744409,14,5,6,3,0.35714285714285715,0.42857142857142855
2022-06-24,0.012909090909090905,0.514350358130614,11,3,3,5,0.2727272727272727,0.2727272727272727
2022-06-25,-0.15855555555555556,0.40376295988832084,9,1,3,5,0.1111111111111111,0.3333333333333333
2022-06-26,0.028538461538461537,0.5117876537824086,13,5,5,3,0.38461538461538464,0.38461538461538464
2022-06-27,-0.2756,0.38617780878761016,5,0,3,2,0.0,0.6
2022-06-28,0.13937500000000003,0.5335385747200344,8,4,2,2,0.5,0.25
2022-06-29,-0.20757142857142855,0.3024218120125471,7,0,3,4,0.0,0.42857142857142855
2022-06-30,0.1356666666666667,0.5066796250336523,12,7,4,1,0.5833333333333334,0.3333333333333333
2022-07-01,0.14171428571428568,0.5276586059144723,14,7,5,2,0.5,0.35714285714285715
2022-07-02,0.02,0.5225912998382835,13,5,3,5,0.38461538461538464,0.23076923076923078
2022-07-03,-0.12266666666666666,0.3182619466204948,6,1,2,3,0.16666666666666666,0.3333333333333333
2022-07-04,0.20380000000000004,0.6153553444961699,5,3,1,1,0.6,0.2
2022-07-05,0.0748,0.6133051442797459,5,2,2,1,0.4,0.4
2022-07-06,-0.12520000000000003,0.417625071086495,5,1,1,3,0.2,0.2
2022-07-07,-0.2804285714285714,0.575533044849977,7,1,3,3,0.14285714285714285,0.42857142857142855
2022-07-08,-0.41600000000000004,0.4500994334588747,5,0,3,2,0.0,0.6
2022-07-09,-0.3902,0.2935450561668515,5,0,3,2,0.0,0.6
2022-07-10,-0.17566666666666667,0.42524345967927596,9,1,4,4,0.1111111111111111,0.4444444444444444
2022-07-11,-0.019799999999999995,0.38374496739371056,5,2,2,1,0.4,0.4
2022-07-12,-0.31200000000000006,0.411850458297669,11,2,7,2,0.18181818181818182,0.6363636363636364
2022-07-13,-0.11091666666666668,0.4565143547147297,12,3,5,4,0.25,0.4166666666666667
2022-07-14,0.13520000000000001,0.6365211701114112,5,2,2,1,0.4,0.4
2022-07-15,0.10113333333333334,0.5471828979505151,15,6,4,5,0.4,0.26666666666666666
2022-07-16,-0.18369230769230765,0.46447593848971064,13,2,7,4,0.15384615384615385,0.5384615384615384
2022-07-17,0.1905,0.5862640190221468,6,3,1,2,0.5,0.16666666666666666
2022-07-18,0.06200000000000001,0.5386741129848361,11,4,3,4,0.36363636363636365,0.2727272727272727
2022-07-19,-0.1310909090909091,0.3146396206918177,11,1,3,7,0.09090909090909091,0.2727272727272727
2022-07-20,-0.13786666666666667,0.5326193852309635,15,3,8,4,0.2,0.5333333333333333
2022-07-21,-0.1497777777777778,0.4740242023825834,9,2,4,3,0.2222222222222222,0.4444444444444444
2022-07-22,-0.0817272727272727,0.5920650455666321,11,4,5,2,0.36363636363636365,0.45454545454545453
2022-07-23,0.14888888888888885,0.6812104014995009,9,5,3,1,0.5555555555555556,0.3333333333333333
2022-07-24,-0.15033333333333332,0.5396026315725305,9,2,3,4,0.2222222222222222,0.3333333333333333
2022-07-25,-0.07953846153846153,0.41572078277465185,13,1,3,9,0.07692307692307693,0.23076923076923078
2022-07-26,0.05166666666666666,0.500946982012946,12,5,4,3,0.4166666666666667,0.3333333333333333
2022-07-27,-0.002363636363636376,0.5956836866537932,11,5,4,2,0.45454545454545453,0.36363636363636365
2022-07-28,-0.1811111111111111,0.2499382145873478,9,0,3,6,0.0,0.3333333333333333
2022-07-29,0.26591666666666663,0.4506499262849225,12,9,2,1,0.75,0.16666666666666666
2022-07-30,0.025545454545454538,0.6112173694580945,11,5,4,2,0.45454545454545453,0.36363636363636365
2022-07-31,-0.31033333333333335,0.2945645373541538,6,0,3,3,0.0,0.5
2022-08-01,0.18050000000000005,0.6719217641532809,8,5,3,0,0.625,0.375
2022-08-02,-0.01290909090909091,0.4838835509800792,11,3,5,3,0.2727272727272727,0.45454545454545453
2022-08-03,-0.14285714285714282,0.4668313576480446,14,2,5,7,0.14285714285714285,0.35714285714285715
2022-08-04,0.42211111111111105,0.351785603899749,9,7,0,2,0.7777777777777778,0.0
2022-08-05,0.029124999999999998,0.45769903945091006,8,2,3,3,0.25,0.375
2022-08-06,0.12614285714285714,0.4865458879683407,14,6,3,5,0.42857142857142855,0.21428571428571427
2022-08-07,-0.21150000000000002,0.44817823159177117,12,3,5,4,0.25,0.4166666666666667
2022-08-08,-0.08945454545454544,0.52678845158875,11,2,5,4,0.18181818181818182,0.45454545454545453
2022-08-09,0.07253333333333334,0.5006548378540516,15,7,4,4,0.4666666666666667,0.26666666666666666
2022-08-10,-0.033416666666666685,0.5243644565884813,12,3,5,4,0.25,0.4166666666666667
2022-08-11,0.2041,0.5024262134881101,10,4,2,4,0.4,0.2
2022-08-12,-0.21186666666666668,0.47180441872009804,15,3,7,5,0.2,0.4666666666666667
2022-08-13,0.179,0.5708924300309706,13,6,2,5,0.46153846153846156,0.15384615384615385
2022-08-14,-0.13906666666666664,0.6191566230038437,15,7,7,1,0.4666666666666667,0.4666666666666667
2022-08-15,0.11359999999999999,0.5872812784347888,5,2,2,1,0.4,0.4
2022-08-16,0.028181818181818197,0.6357036759657472,11,5,4,2,0.45454545454545453,0.36363636363636365
2022-08-17,-0.303,0.3860057570094576,10,0,5,5,0.0,0.5
2022-08-18,0.14227272727272727,0.5754695632106168,11,6,4,1,0.5454545454545454,0.36363636363636365
2022-08-19,0.11576923076923076,0.643544760661105,13,6,4,3,0.46153846153846156,0.3076923076923077
2022-08-20,-0.09523076923076922,0.5551969851392317,13,4,5,4,0.3076923076923077,0.38461538461538464
2022-08-21,-0.15766666666666668,0.6111600990466137,6,2,3,1,0.3333333333333333,0.5
2022-08-22,0.11574999999999999,0.5214386006863265,8,3,2,3,0.375,0.25
2022-08-23,-0.10600000000000002,0.6009051505853481,7,2,3,2,0.2857142857142857,0.42857142857142855
2022-08-24,0.06886666666666666,0.4384539178696412,15,5,3,7,0.3333333333333333,0.2
2022-08-25,0.01789999999999997,0.5367717184965857,10,4,3,3,0.4,0.3
2022-08-26,0.058333333333333334,0.36857699331347316,9,2,1,6,0.2222222222222222,0.1111111111111111
2022-08-27,-0.08779999999999996,0.5111566994851691,15,5,8,2,0.3333333333333333,0.5333333333333333
2022-08-28,-0.22244444444444442,0.5780365713151528,9,2,5,2,0.2222222222222222,0.5555555555555556
2022-08-29,-0.3701818181818183,0.5387078648361872,11,2,8,1,0.18181818181818182,0.7272727272727273
2022-08-30,0.28108333333333335,0.49848670235447845,12,8,2,2,0.6666666666666666,0.16666666666666666
2022-08-31,0.1291111111111111,0.5953357129478385,9,4,3,2,0.4444444444444444,0.3333333333333333
2022-09-01,-0.10633333333333334,0.2352213142269779,6,0,1,5,0.0,0.16666666666666666
2022-09-02,-0.11942857142857144,0.3711926081981596,7,1,1,5,0.14285714285714285,0.14285714285714285
2022-09-03,0.10991666666666665,0.5202292254090469,12,4,4,4,0.3333333333333333,0.3333333333333333
2022-09-04,0.11309999999999998,0.5158754048540531,10,4,2,4,0.4,0.2
2022-09-05,0.2638,0.25144621691327945,5,3,0,2,0.6,0.0
2022-09-06,0.012222222222222209,0.5975317518295111,9,4,4,1,0.4444444444444444,0.4444444444444444
2022-09-07,0.1536153846153846,0.6188200517196064,13,7,4,2,0.5384615384615384,0.3076923076923077
2022-09-08,-0.004166666666666642,0.36060250507541763,6,2,1,3,0.3333333333333333,0.16666666666666666
2022-09-09,0.059000000000000004,0.5310876978966308,15,6,5,4,0.4,0.3333333333333333
2022-09-10,-0.02240000000000001,0.5995598756124733,10,3,3,4,0.3,0.3
2022-09-11,0.05037500000000001,0.6497799490157088,8,3,2,3,0.375,0.25
2022-09-12,-0.1896,0.6000814944655434,5,1,2,2,0.2,0.4
2022-09-13,0.06300000000000001,0.5008153352284652,13,3,3,7,0.23076923076923078,0.23076923076923078
2022-09-14,0.01033333333333332,0.4862637393867902,12,4,3,5,0.3333333333333333,0.25
2022-09-15,-0.09487499999999999,0.4348712247813796,8,2,3,3,0.25,0.375
2022-09-16,0.0679,0.4981743224570647,10,4,4,2,0.4,0.4
2022-09-17,-0.1755,0.67372420173243,6,2,3,1,0.3333333333333333,0.5
2022-09-18,0.06621428571428574,0.4856662637863781,14,5,3,6,0.35714285714285715,0.21428571428571427
2022-09-19,0.037466666666666655,0.5622096541665709,15,6,6,3,0.4,0.4
2022-09-20,-0.2138888888888889,0.5145994666836637,9,3,5,1,0.3333333333333333,0.5555555555555556
2022-09-21,0.22212500000000002,0.33150929204818036,8,3,0,5,0.375,0.0
2022-09-22,-0.14662499999999998,0.7115126617686734,8,3,4,1,0.375,0.5
2022-09-23,0.20049999999999998,0.5452483051653754,8,4,1,3,0.5,0.125
2022-09-24,-0.13577777777777778,0.5318772832566215,9,2,5,2,0.2222222222222222,0.5555555555555556
2022-09-25,0.08086666666666667,0.488807275294622,15,6,3,6,0.4,0.2
2022-09-26,0.09135714285714287,0.5273913460307553,14,5,4,5,0.35714285714285715,0.2857142857142857
2022-09-27,-0.10842857142857142,0.5724896659175758,14,5,7,2,0.35714285714285715,0.5
2022-09-28,-0.0035714285714285943,0.5623806149254755,14,5,4,5,0.35714285714285715,0.2857142857142857
2022-09-29,-0.3444,0.4164004082610871,5,1,4,0,0.2,0.8
2022-09-30,0.16314285714285712,0.5391404976353346,7,3,1,3,0.42857142857142855,0.14285714285714285
2022-10-01,0.5362,0.35595673894449587,5,4,0,1,0.8,0.0
2022-10-02,0.052874999999999985,0.3947829195538081,8,3,2,3,0.375,0.25
2022-10-03,-0.38733333333333336,0.3695990620478719,6,0,4,2,0.0,0.6666666666666666
2022-10-04,0.24007142857142855,0.40826866423692404,14,7,2,5,0.5,0.14285714285714285
2022-10-05,-0.22833333333333336,0.5954882450561052,9,2,6,1,0.2222222222222222,0.6666666666666666
2022-10-06,0.30923076923076925,0.4475731139240742,13,8,2,3,0.6153846153846154,0.15384615384615385
2022-10-07,-0.10166666666666668,0.5525934447236188,12,4,6,2,0.3333333333333333,0.5
2022-10-08,-0.07242857142857144,0.6007439435518976,7,2,3,2,0.2857142857142857,0.42857142857142855
2022-10-09,-0.18628571428571425,0.5146895148565752,14,3,6,5,0.21428571428571427,0.42857142857142855
2022-10-10,-0.03,0.616171822047807,8,3,4,1,0.375,0.5
2022-10-11,0.1562857142857143,0.480540789683301,14,6,3,5,0.42857142857142855,0.21428571428571427
2022-10-12,0.07600000000000001,0.6762807109477543,11,5,4,2,0.45454545454545453,0.36363636363636365
2022-10-13,0.33946666666666664,0.5756540214234175,15,9,4,2,0.6,0.26666666666666666
2022-10-14,0.21059999999999998,0.4893478313020299,5,2,1,2,0.4,0.2
2022-10-15,0.02492307692307693,0.5703048105382568,13,5,4,4,0.38461538461538464,0.3076923076923077
2022-10-16,0.16028571428571428,0.6091939248673103,7,4,2,1,0.5714285714285714,0.2857142857142857
2022-10-17,0.10671428571428572,0.53786907594427,14,5,3,6,0.35714285714285715,0.21428571428571427
2022-10-18,0.16340000000000005,0.39930918918981634,15,7,2,6,0.4666666666666667,0.13333333333333333
2022-10-19,0.01766666666666665,0.6070735128466732,9,3,3,3,0.3333333333333333,0.3333333333333333
2022-10-20,-0.25716666666666665,0.5584970605711964,6,1,3,2,0.16666666666666666,0.5
2022-10-21,0.06537499999999999,0.3363624480059738,8,2,1,5,0.25,0.125
2022-10-22,0.0907,0.5257039830339673,10,4,3,3,0.4,0.3
2022-10-23,-0.23616666666666664,0.43037422053019125,12,2,7,3,0.16666666666666666,0.5833333333333334
2022-10-24,-0.054615384615384656,0.5474748911231057,13,4,5,4,0.3076923076923077,0.38461538461538464
2022-10-25,-0.11283333333333334,0.4132328238011432,6,1,3,2,0.16666666666666666,0.5
2022-10-26,-0.000444444444444441,0.46925555700255467,9,2,2,5,0.2222222222222222,0.2222222222222222
2022-10-27,0.2945714285714286,0.565171956717016,14,7,2,5,0.5,0.14285714285714285
2022-10-28,0.26625,0.4924062637410582,8,4,2,2,0.5,0.25
2022-10-29,-0.25880000000000003,0.3937431904173074,5,0,2,3,0.0,0.4
2022-10-30,-0.2501333333333333,0.4653233693843864,15,2,9,4,0.13333333333333333,0.6
2022-10-31,-0.2109285714285714,0.498522966724351,14,2,6,6,0.14285714285714285,0.42857142857142855
2022-11-01,0.20283333333333334,0.3993251390366836,6,3,1,2,0.5,0.16666666666666666
2022-11-02,0.16299999999999998,0.432026619550231,15,6,2,7,0.4,0.13333333333333333
2022-11-03,-0.13775,0.5563243529761084,8,2,4,2,0.25,0.5
2022-11-04,-0.019666666666666676,0.6057428340082786,15,5,7,3,0.3333333333333333,0.4666666666666667
2022-11-05,0.0134,0.07220318552529383,5,0,0,5,0.0,0.0
2022-11-06,-0.043866666666666686,0.46262231844541346,15,5,6,4,0.3333333333333333,0.4
2022-11-07,-0.06481818181818183,0.6620771583708077,11,4,5,2,0.36363636363636365,0.45454545454545453
2022-11-08,-0.2211428571428571,0.4819935783014225,7,1,3,3,0.14285714285714285,0.42857142857142855
2022-11-09,0.08990000000000001,0.3917582729751146,10,4,2,4,0.4,0.2
2022-11-10,-0.08124999999999999,0.5856635902197531,12,4,5,3,0.3333333333333333,0.4166666666666667
2022-11-11,0.024933333333333346,0.6216588943724533,15,5,7,3,0.3333333333333333,0.4666666666666667
2022-11-12,-0.12208333333333332,0.6444792765316724,12,4,7,1,0.3333333333333333,0.5833333333333334
2022-11-13,0.05735714285714283,0.43955372597895015,14,5,3,6,0.35714285714285715,0.21428571428571427
2022-11-14,0.07926666666666667,0.6453948366992839,15,8,5,2,0.5333333333333333,0.3333333333333333
2022-11-15,0.04115384615384616,0.6359952628431869,13,6,5,2,0.46153846153846156,0.38461538461538464
2022-11-16,-0.005800000000000005,0.7539895224736216,5,2,2,1,0.4,0.4
2022-11-17,-0.056142857142857154,0.5477412158678947,14,5,5,4,0.35714285714285715,0.35714285714285715
2022-11-18,-0.01930769230769229,0.5419665402672297,13,4,5,4,0.3076923076923077,0.38461538461538464
2022-11-19,0.2065,0.4716079468748969,10,5,2,3,0.5,0.2
2022-11-20,-0.0703333333333333,0.500755928571994,9,3,3,3,0.3333333333333333,0.3333333333333333
2022-11-21,-0.030200000000000005,0.6273947720534496,5,2,2,1,0.4,0.4
2022-11-22,0.20518181818181816,0.5114048920731631,11,6,3,2,0.5454545454545454,0.2727272727272727
2022-11-23,-0.0628,0.5296963280975242,5,1,2,2,0.2,0.4
2022-11-24,-0.16866666666666666,0.6483408568543761,6,2,3,1,0.3333333333333333,0.5
2022-11-25,-0.016749999999999987,0.5612771354039577,12,3,4,5,0.25,0.3333333333333333
2022-11-26,-0.010600000000000009,0.7528315216567383,5,2,3,0,0.4,0.6
2022-11-27,-0.03978571428571426,0.5276741679033828,14,4,5,5,0.2857142857142857,0.35714285714285715
2022-11-28,0.08688888888888888,0.46293397057367813,9,4,2,3,0.4444444444444444,0.2222222222222222
2022-11-29,0.272625,0.3488495121723078,8,4,1,3,0.5,0.125
2022-11-30,0.13275,0.5394647389268872,12,5,4,3,0.4166666666666667,0.3333333333333333
2022-12-01,0.02400000000000002,0.6769470683394185,7,3,3,1,0.42857142857142855,0.42857142857142855
2022-12-02,0.07528571428571429,0.41948291036454877,14,5,3,6,0.35714285714285715,0.21428571428571427
2022-12-03,0.09250000000000001,0.6028842251119936,10,4,3,3,0.4,0.3
2022-12-04,0.14100000000000001,0.44983044424697244,8,4,2,2,0.5,0.25
2022-12-05,-0.10635714285714289,0.6448673813742168,14,4,7,3,0.2857142857142857,0.5
2022-12-06,0.12561538461538463,0.5018476758375889,13,6,2,5,0.46153846153846156,0.15384615384615385
2022-12-07,0.09575,0.4116152495187267,12,4,2,6,0.3333333333333333,0.16666666666666666
2022-12-08,-0.16320000000000004,0.5351838402429046,15,4,8,3,0.26666666666666666,0.5333333333333333
2022-12-09,0.1638333333333333,0.5531905529551168,12,6,2,4,0.5,0.16666666666666666
2022-12-10,-0.15583333333333335,0.6410685445316116,12,3,6,3,0.25,0.5
2022-12-11,0.1214,0.5908957606888038,5,2,1,2,0.4,0.2
2022-12-12,0.029125000000000005,0.5740137971213882,8,4,3,1,0.5,0.375
2022-12-13,-0.0057333333333333455,0.6661989692776976,15,6,7,2,0.4,0.4666666666666667
2022-12-14,-0.04766666666666667,0.6076877330935526,15,5,7,3,0.3333333333333333,0.4666666666666667
2022-12-15,0.17457142857142857,0.3248368088455377,7,3,0,4,0.42857142857142855,0.0
2022-12-16,-0.03326666666666667,0.47136783735766075,15,3,4,8,0.2,0.26666666666666666
2022-12-17,0.10854545454545454,0.5132528350893668,11,5,3,3,0.45454545454545453,0.2727272727272727
2022-12-18,0.2773,0.5527601549396346,10,6,3,1,0.6,0.3
2022-12-19,0.2378,0.5359255278754422,15,7,3,5,0.4666666666666667,0.2
2022-12-20,-0.1615,0.5482746574482538,6,1,3,2,0.16666666666666666,0.5
2022-12-21,0.10914285714285712,0.4822734393781916,14,6,3,5,0.42857142857142855,0.21428571428571427
2022-12-22,0.10016666666666667,0.571533794965686,12,4,4,4,0.3333333333333333,0.3333333333333333
2022-12-23,0.1808888888888889,0.5565104321673684,9,5,2,2,0.5555555555555556,0.2222222222222222
2022-12-24,0.3011666666666667,0.6303838248770877,6,4,1,1,0.6666666666666666,0.16666666666666666
2022-12-25,-0.04666666666666666,0.4204529303818284,15,3,3,9,0.2,0.2
2022-12-26,0.30920000000000003,0.3508043614324086,5,3,0,2,0.6,0.0
2022-12-27,0.06810000000000001,0.41506423866941633,10,4,2,4,0.4,0.2
2022-12-28,-0.11953333333333331,0.5283652506507578,15,3,7,5,0.2,0.4666666666666667
2022-12-29,0.024444444444444435,0.5257192956110492,9,3,3,3,0.3333333333333333,0.3333333333333333
2022-12-30,-0.391,0.3097053899618613,8,0,5,3,0.0,0.625
2022-12-31,-0.0348888888888889,0.5591188255738767,9,3,2,4,0.3333333333333333,0.2222222222222222
2023-01-01,0.02288888888888889,0.29610785384908506,9,2,2,5,0.2222222222222222,0.2222222222222222
2023-01-02,-0.12585714285714286,0.34117953659397016,7,1,1,5,0.14285714285714285,0.14285714285714285
2023-01-03,0.11825,0.6461372587483694,8,4,3,1,0.5,0.375
2023-01-04,-0.26559999999999995,0.49555201543329436,5,1,3,1,0.2,0.6
2023-01-05,0.12230000000000003,0.4839155229307418,10,5,3,2,0.5,0.3
2023-01-06,0.1664,0.395971435557892,10,4,2,4,0.4,0.2
2023-01-07,-0.11762500000000001,0.6057604282458301,8,3,3,2,0.375,0.375
2023-01-08,0.06958333333333334,0.5636276105136558,12,5,4,3,0.4166666666666667,0.3333333333333333
2023-01-09,0.03818181818181818,0.3885691233697855,11,2,1,8,0.18181818181818182,0.09090909090909091
2023-01-10,-0.14079999999999998,0.48481515377856477,10,2,5,3,0.2,0.5
2023-01-11,-0.012500000000000011,0.47154730106624204,8,2,2,4,0.25,0.25
2023-01-12,0.07325,0.5443657067884353,12,5,3,4,0.4166666666666667,0.25
2023-01-13,0.2664444444444445,0.4467622721065173,9,5,2,2,0.5555555555555556,0.2222222222222222
2023-01-14,0.027999999999999983,0.5012389649658135,13,3,3,7,0.23076923076923078,0.23076923076923078
2023-01-15,0.2648333333333333,0.6717104783064403,6,4,1,1,0.6666666666666666,0.16666666666666666
2023-01-16,-0.21485714285714289,0.6380063815175698,7,2,3,2,0.2857142857142857,0.42857142857142855
2023-01-17,0.08177777777777778,0.4878715962673421,9,4,2,3,0.4444444444444444,0.2222222222222222
2023-01-18,0.02106666666666667,0.49224594123940385,15,5,4,6,0.3333333333333333,0.26666666666666666
2023-01-19,0.10833333333333332,0.6515138141282961,9,4,3,2,0.4444444444444444,0.3333333333333333
2023-01-20,0.21420000000000003,0.4499643160454901,15,8,2,5,0.5333333333333333,0.13333333333333333
2023-01-21,0.19519999999999998,0.5689404186731682,5,2,1,2,0.4,0.2
2023-01-22,0.15316666666666665,0.31169998201456284,12,4,0,8,0.3333333333333333,0.0
2023-01-23,-0.06325000000000001,0.5572556333578791,12,4,4,4,0.3333333333333333,0.3333333333333333
2023-01-24,-0.24788888888888888,0.481854605779701,9,2,5,2,0.2222222222222222,0.5555555555555556
2023-01-25,0.4513999999999999,0.30255297056879144,5,4,0,1,0.8,0.0
2023-01-26,0.09133333333333336,0.4147247352890904,12,3,1,8,0.25,0.08333333333333333
2023-01-27,0.11283333333333333,0.5015565438379472,6,3,1,2,0.5,0.16666666666666666
2023-01-28,0.04542857142857142,0.4567953108821894,14,5,4,5,0.35714285714285715,0.2857142857142857
2023-01-29,0.2994444444444444,0.4795154093225553,9,5,1,3,0.5555555555555556,0.1111111111111111
2023-01-30,0.06816666666666667,0.43890382393716587,6,2,2,2,0.3333333333333333,0.3333333333333333
2023-01-31,-0.12191666666666667,0.501100145739957,12,3,6,3,0.25,0.5
2023-02-01,-0.19033333333333333,0.5906039846349386,6,1,3,2,0.16666666666666666,0.5
2023-02-02,-0.288125,0.4967714155280216,8,2,5,1,0.25,0.625
2023-02-03,0.10863636363636363,0.614064047592313,11,6,4,1,0.5454545454545454,0.36363636363636365
2023-02-04,0.047999999999999994,0.5614320974080481,13,5,4,4,0.38461538461538464,0.3076923076923077
2023-02-05,0.06857142857142855,0.6235383788429626,14,7,5,2,0.5,0.35714285714285715
2023-02-06,0.2773333333333333,0.5060931238418479,9,4,1,4,0.4444444444444444,0.1111111111111111
2023-02-07,-0.011230769230769223,0.5899603311305704,13,6,4,3,0.46153846153846156,0.3076923076923077
2023-02-08,-0.1,0.5868061860614627,5,1,2,2,0.2,0.4
2023-02-09,-0.1431111111111111,0.4708960725161244,9,1,4,4,0.1111111111111111,0.4444444444444444
2023-02-10,0.13263636363636364,0.5563964904143938,11,5,4,2,0.45454545454545453,0.36363636363636365
2023-02-11,0.13536363636363635,0.46660224447108545,11,6,3,2,0.5454545454545454,0.2727272727272727
2023-02-12,0.03138461538461539,0.44929881268140814,13,5,3,5,0.38461538461538464,0.23076923076923078
2023-02-13,-0.2041,0.46623490741137014,10,2,6,2,0.2,0.6
2023-02-14,-0.15072727272727274,0.5630765651150988,11,3,5,3,0.2727272727272727,0.45454545454545453
2023-02-15,0.10483333333333338,0.5714933918862902,12,6,3,3,0.5,0.25
2023-02-16,-0.11249999999999999,0.4309931553980875,6,1,2,3,0.16666666666666666,0.3333333333333333
2023-02-17,-0.12766666666666665,0.6332944549470386,6,3,3,0,0.5,0.5
2023-02-18,-0.24924999999999997,0.5104949279165969,8,1,4,3,0.125,0.5
2023-02-19,-0.12012500000000001,0.3703841393935298,8,0,2,6,0.0,0.25
2023-02-20,0.08230769230769232,0.4954464963739584,13,7,4,2,0.5384615384615384,0.3076923076923077
2023-02-21,-0.01980000000000003,0.6308638521899952,5,2,2,1,0.4,0.4
2023-02-22,-0.061875,0.4749425341178506,8,2,3,3,0.25,0.375
2023-02-23,-0.3076,0.2792518576482527,10,0,6,4,0.0,0.6
2023-02-24,-0.10645454545454544,0.49350022566081236,11,2,4,5,0.18181818181818182,0.36363636363636365
2023-02-25,-0.163,0.5305668128116786,8,2,3,3,0.25,0.375
2023-02-26,-0.09899999999999999,0.5996533998903033,11,3,4,4,0.2727272727272727,0.36363636363636365
2023-02-27,0.14614285714285713,0.5251001265065006,7,3,1,3,0.42857142857142855,0.14285714285714285
2023-02-28,0.2453076923076923,0.4162019511037449,13,8,2,3,0.6153846153846154,0.15384615384615385
2023-03-01,0.03733333333333335,0.5180291907067037,12,3,3,6,0.25,0.25
2023-03-02,-0.08599999999999998,0.5394554493358853,12,4,4,4,0.3333333333333333,0.3333333333333333
2023-03-03,0.254875,0.5278320721863834,8,4,2,2,0.5,0.25
2023-03-04,-0.02144444444444444,0.5147718210797652,9,3,4,2,0.3333333333333333,0.4444444444444444
2023-03-05,-0.17106666666666664,0.48233383025610366,15,2,6,7,0.13333333333333333,0.4
2023-03-06,-0.02966666666666668,0.47304624509660786,9,2,2,5,0.2222222222222222,0.2222222222222222
2023-03-07,0.24726666666666663,0.41121952195645484,15,7,2,6,0.4666666666666667,0.13333333333333333
2023-03-08,-0.146625,0.5542250542101879,8,2,4,2,0.25,0.5
2023-03-09,-0.08971428571428572,0.4594804001208736,7,1,3,3,0.14285714285714285,0.42857142857142855
2023-03-10,-0.07749999999999999,0.32696763346443536,10,1,2,7,0.1,0.2
2023-03-11,-0.014214285714285705,0.4907476523038681,14,5,5,4,0.35714285714285715,0.35714285714285715
2023-03-12,-0.10229999999999999,0.4761568485745474,10,2,3,5,0.2,0.3
2023-03-13,-0.18099999999999997,0.5151791921263902,11,2,5,4,0.18181818181818182,0.45454545454545453
2023-03-14,0.016166666666666666,0.4569411804863318,12,3,4,5,0.25,0.3333333333333333
2023-03-15,0.028750000000000008,0.4742548461438313,12,4,5,3,0.3333333333333333,0.4166666666666667
2023-03-16,0.059166666666666666,0.5159622666494718,12,4,3,5,0.3333333333333333,0.25
2023-03-17,0.00509090909090909,0.6545139348471436,11,4,4,3,0.36363636363636365,0.36363636363636365
2023-03-18,0.19228571428571423,0.44177208086135483,7,4,1,2,0.5714285714285714,0.14285714285714285
2023-03-19,0.13400000000000004,0.6137986640585006,6,3,2,1,0.5,0.3333333333333333
2023-03-20,0.09463636363636364,0.43978182607453725,11,3,2,6,0.2727272727272727,0.18181818181818182
2023-03-21,0.07585714285714287,0.592417484710298,7,3,2,2,0.42857142857142855,0.2857142857142857
2023-03-22,0.37499999999999994,0.4860699538132346,5,3,0,2,0.6,0.0
2023-03-23,-0.009692307692307668,0.5879442128602828,13,4,5,4,0.3076923076923077,0.38461538461538464
2023-03-24,0.04533333333333333,0.3089515603887876,6,1,1,4,0.16666666666666666,0.16666666666666666
2023-03-25,0.05084615384615384,0.47354722505677754,13,5,5,3,0.38461538461538464,0.38461538461538464
2023-03-26,0.1917692307692308,0.48653060092971095,13,6,2,5,0.46153846153846156,0.15384615384615385
2023-03-27,-0.066,0.44573823195747003,15,4,4,7,0.26666666666666666,0.26666666666666666
2023-03-28,0.164,0.32866222348006036,8,3,1,4,0.375,0.125
2023-03-29,0.022833333333333327,0.596985736594242,12,5,5,2,0.4166666666666667,0.4166666666666667
2023-03-30,-0.0050000000000000044,0.2964683794268792,5,1,0,4,0.2,0.0
2023-03-31,0.4403333333333333,0.42323500170315154,6,4,0,2,0.6666666666666666,0.0
2023-04-01,-0.04866666666666666,0.4512105938472633,9,2,4,3,0.2222222222222222,0.4444444444444444
2023-04-02,0.24633333333333338,0.4841784669714132,12,7,2,3,0.5833333333333334,0.16666666666666666
2023-04-03,0.03199999999999998,0.5828681435172733,12,5,4,3,0.4166666666666667,0.3333333333333333
2023-04-04,-0.04213333333333334,0.5155009860966967,15,5,5,5,0.3333333333333333,0.3333333333333333
2023-04-05,-0.018599999999999995,0.6101004366964039,15,6,6,3,0.4,0.4
2023-04-06,-0.18271428571428575,0.40939374457267674,7,0,2,5,0.0,0.2857142857142857
2023-04-07,-0.08691666666666668,0.4525211111767119,12,3,4,5,0.25,0.3333333333333333
2023-04-08,-0.025250000000000012,0.4620843305841787,8,2,3,3,0.25,0.375
2023-04-09,-0.049818181818181824,0.5105575027715915,11,4,4,3,0.36363636363636365,0.36363636363636365
2023-04-10,0.42916666666666664,0.31528236022122563,6,5,0,1,0.8333333333333334,0.0
2023-04-11,0.1396,0.6082012824715186,5,2,2,1,0.4,0.4
2023-04-12,0.3403333333333334,0.4234414560085805,6,4,1,1,0.6666666666666666,0.16666666666666666
2023-04-13,0.060000000000000026,0.5528862450812102,6,3,2,1,0.5,0.3333333333333333
2023-04-14,0.055375,0.5932231421889839,8,3,2,3,0.375,0.25
2023-04-15,-0.2093333333333333,0.5137143410908676,12,3,6,3,0.25,0.5
2023-04-16,-0.0046153846153846115,0.5057381632263772,13,4,3,6,0.3076923076923077,0.23076923076923078
2023-04-17,-0.23966666666666667,0.4666382431820178,9,1,6,2,0.1111111111111111,0.6666666666666666
2023-04-18,-0.07271428571428572,0.4994790252886468,14,4,5,5,0.2857142857142857,0.35714285714285715
2023-04-19,0.01439999999999999,0.5521723074755354,15,6,4,5,0.4,0.26666666666666666
2023-04-20,0.19709090909090907,0.5705562995087258,11,6,3,2,0.5454545454545454,0.2727272727272727
2023-04-21,-0.015714285714285705,0.5400409596458755,7,3,2,2,0.42857142857142855,0.2857142857142857
2023-04-22,0.10533333333333335,0.5530569160411543,15,8,6,1,0.5333333333333333,0.4
2023-04-23,-0.03709090909090915,0.5494283310033174,11,3,4,4,0.2727272727272727,0.36363636363636365
2023-04-24,-0.19390909090909092,0.5776406243583384,11,2,6,3,0.18181818181818182,0.5454545454545454
2023-04-25,-0.27385714285714285,0.5179045692568688,7,1,3,3,0.14285714285714285,0.42857142857142855
2023-04-26,0.0706,0.37842750663472896,10,3,2,5,0.3,0.2
2023-04-27,0.06354545454545453,0.6288690425893715,11,5,4,2,0.45454545454545453,0.36363636363636365
2023-04-28,0.3065714285714286,0.4089396276317802,7,4,0,3,0.5714285714285714,0.0
2023-04-29,0.12925,0.5410959117515912,8,3,2,3,0.375,0.25
2023-04-30,-0.04885714285714286,0.494782602943782,14,3,4,7,0.21428571428571427,0.2857142857142857
2023-05-01,0.10373333333333333,0.4145637064030891,15,7,3,5,0.4666666666666667,0.2
2023-05-02,-0.09242857142857144,0.555033589717132,7,2,3,2,0.2857142857142857,0.42857142857142855
2023-05-03,0.18707692307692309,0.5438238779755907,13,8,3,2,0.6153846153846154,0.23076923076923078
2023-05-04,0.13611111111111115,0.570208611922962,9,4,3,2,0.4444444444444444,0.3333333333333333
2023-05-05,0.2031666666666667,0.5533033224793311,6,3,1,2,0.5,0.16666666666666666
2023-05-06,0.10422222222222224,0.6163592251637388,9,5,3,1,0.5555555555555556,0.3333333333333333
2023-05-07,-0.12557142857142858,0.6172694865677543,7,2,3,2,0.2857142857142857,0.42857142857142855
2023-05-08,0.067,0.4328537859370067,6,2,2,2,0.3333333333333333,0.3333333333333333
2023-05-09,-0.22371428571428573,0.5669801826100517,14,4,7,3,0.2857142857142857,0.5
2023-05-10,0.10926666666666665,0.3730242172656712,15,5,2,8,0.3333333333333333,0.13333333333333333
2023-05-11,-0.12277777777777778,0.48505947516200976,9,1,3,5,0.1111111111111111,0.3333333333333333
2023-05-12,0.46399999999999997,0.3776177961908046,6,4,0,2,0.6666666666666666,0.0
2023-05-13,-0.08955555555555555,0.6630009636326163,9,4,5,0,0.4444444444444444,0.5555555555555556
2023-05-14,-0.07857142857142856,0.5343993067432058,7,2,2,3,0.2857142857142857,0.2857142857142857
2023-05-15,0.37671428571428567,0.3201420071810395,7,4,0,3,0.5714285714285714,0.0
2023-05-16,-0.12588888888888888,0.5208371733191777,9,2,4,3,0.2222222222222222,0.4444444444444444
2023-05-17,0.13113333333333332,0.5360963221909535,15,8,4,3,0.5333333333333333,0.26666666666666666
2023-05-18,0.2089230769230769,0.32971337591370214,13,5,1,7,0.38461538461538464,0.07692307692307693
2023-05-19,-0.16523076923076924,0.4002820159683574,13,3,6,4,0.23076923076923078,0.46153846153846156
2023-05-20,0.1643,0.30191133724250163,10,4,1,5,0.4,0.1
2023-05-21,0.0596923076923077,0.3390767820163511,13,3,3,7,0.23076923076923078,0.23076923076923078
2023-05-22,0.19580000000000003,0.6331790689317939,10,6,3,1,0.6,0.3
2023-05-23,-0.012833333333333316,0.5139449062561733,6,2,2,2,0.3333333333333333,0.3333333333333333
2023-05-24,0.0486,0.5728340073703725,5,2,1,2,0.4,0.2
2023-05-25,0.031000000000000003,0.6841296173484476,7,3,3,1,0.42857142857142855,0.42857142857142855
2023-05-26,0.044500000000000005,0.5063436580031392,6,2,2,2,0.3333333333333333,0.3333333333333333
2023-05-27,0.00636363636363639,0.6637968473452209,11,5,5,1,0.45454545454545453,0.45454545454545453
2023-05-28,0.1412857142857143,0.6039278969892886,7,4,3,0,0.5714285714285714,0.42857142857142855
2023-05-29,-0.044999999999999984,0.7411321455333435,8,3,4,1,0.375,0.5
2023-05-30,-0.08483333333333336,0.6163854043264382,6,2,2,2,0.3333333333333333,0.3333333333333333
2023-05-31,-0.048799999999999996,0.49308031800103325,5,1,1,3,0.2,0.2
2023-06-01,0.2023,0.38901700905401726,10,4,1,5,0.4,0.1
2023-06-02,0.24545454545454548,0.5247100844535701,11,7,2,2,0.6363636363636364,0.18181818181818182
2023-06-03,-0.03521428571428574,0.6519366626351919,14,5,7,2,0.35714285714285715,0.5
2023-06-04,-0.14340000000000003,0.5869712940170073,5,2,3,0,0.4,0.6
2023-06-05,-0.004875000000000004,0.6353074480685934,8,4,3,1,0.5,0.375
2023-06-06,0.1798571428571429,0.5623072791548017,7,3,2,2,0.42857142857142855,0.2857142857142857
2023-06-07,-0.08560000000000001,0.4571846454114575,5,1,2,2,0.2,0.4
2023-06-08,0.2647777777777778,0.4770112099777577,9,5,1,3,0.5555555555555556,0.1111111111111111
2023-06-09,0.35280000000000006,0.3347053928457084,5,3,0,2,0.6,0.0
2023-06-10,-0.39,0.4857193977322023,7,1,4,2,0.14285714285714285,0.5714285714285714
2023-06-11,0.12779999999999997,0.6124779905342631,10,5,3,2,0.5,0.3
2023-06-12,0.024200000000000034,0.5794778876041968,10,4,4,2,0.4,0.4
2023-06-13,0.07961538461538463,0.5612412639946002,13,6,4,3,0.46153846153846156,0.3076923076923077
2023-06-14,0.004199999999999993,0.5942670181735554,10,5,3,2,0.5,0.3
2023-06-15,-0.08777777777777776,0.41445258407258656,9,2,3,4,0.2222222222222222,0.3333333333333333
2023-06-16,0.20129999999999998,0.5658839790785544,10,4,1,5,0.4,0.1
2023-06-17,0.013199999999999984,0.5116120057665227,10,3,3,4,0.3,0.3
2023-06-18,0.2292857142857143,0.5080848549014424,14,7,2,5,0.5,0.14285714285714285
2023-06-19,0.3073,0.4019508123583725,10,7,1,2,0.7,0.1
2023-06-20,-0.29291666666666666,0.4903769344889581,12,2,7,3,0.16666666666666666,0.5833333333333334
2023-06-21,0.186875,0.6526977943231353,8,5,2,1,0.625,0.25
2023-06-22,0.1135384615384615,0.5486104591578945,13,5,5,3,0.38461538461538464,0.38461538461538464
2023-06-23,-0.38283333333333336,0.31100251874649937,6,0,5,1,0.0,0.8333333333333334
2023-06-24,-0.009874999999999981,0.590585771561954,8,4,3,1,0.5,0.375
2023-06-25,0.07608333333333334,0.4452812100915623,12,5,3,4,0.4166666666666667,0.25
2023-06-26,-0.0554,0.5759517340888906,15,4,5,6,0.26666666666666666,0.3333333333333333
2023-06-27,-0.1498,0.6483546097622812,5,1,2,2,0.2,0.4
2023-06-28,0.49157142857142855,0.32641479599984285,7,5,0,2,0.7142857142857143,0.0
2023-06-29,-0.06899999999999998,0.4364596201253903,7,1,2,4,0.14285714285714285,0.2857142857142857
2023-06-30,0.05314285714285714,0.3091026952171012,7,1,1,5,0.14285714285714285,0.14285714285714285
2023-07-01,-0.00592307692307692,0.5616587726752578,13,6,4,3,0.46153846153846156,0.3076923076923077
2023-07-02,0.2747272727272727,0.6111476238862573,11,7,2,2,0.6363636363636364,0.18181818181818182
2023-07-03,-0.058,0.39295143889968553,13,3,3,7,0.23076923076923078,0.23076923076923078
2023-07-04,-0.23333333333333334,0.40031269028098526,9,1,4,4,0.1111111111111111,0.4444444444444444
2023-07-05,0.006846153846153882,0.6769482804165872,13,6,6,1,0.46153846153846156,0.46153846153846156
2023-07-06,0.12353846153846154,0.5040806177892274,13,6,3,4,0.46153846153846156,0.23076923076923078
2023-07-07,0.1152857142857143,0.5030194543241557,7,3,1,3,0.42857142857142855,0.14285714285714285
2023-07-08,0.3574285714285714,0.4650598015821396,7,4,1,2,0.5714285714285714,0.14285714285714285
2023-07-09,-0.1917777777777777,0.6206109445090736,9,3,5,1,0.3333333333333333,0.5555555555555556
2023-07-10,-0.030999999999999996,0.5087189037935617,14,4,4,6,0.2857142857142857,0.2857142857142857
2023-07-11,-0.09155555555555556,0.37431674792584124,9,2,3,4,0.2222222222222222,0.3333333333333333
2023-07-12,-0.15013333333333334,0.5777038127259463,15,4,8,3,0.26666666666666666,0.5333333333333333
2023-07-13,-0.26257142857142857,0.5318057358277933,14,2,7,5,0.14285714285714285,0.5
2023-07-14,0.17340000000000003,0.4805978568408311,5,2,1,2,0.4,0.2
2023-07-15,0.20166666666666666,0.5178320190949957,9,5,2,2,0.5555555555555556,0.2222222222222222
2023-07-16,-0.14676923076923076,0.47939930361619454,13,4,6,3,0.3076923076923077,0.46153846153846156
2023-07-17,0.18784615384615386,0.5551939370096792,13,7,3,3,0.5384615384615384,0.23076923076923078
2023-07-18,-0.406875,0.38235788676504184,8,1,6,1,0.125,0.75
2023-07-19,-0.1484,0.40137986994865593,5,1,2,2,0.2,0.4
2023-07-20,-0.43450000000000005,0.6003734671019365,6,1,4,1,0.16666666666666666,0.6666666666666666
2023-07-21,0.05933333333333332,0.4216992321836055,12,4,4,4,0.3333333333333333,0.3333333333333333
2023-07-22,-0.3569090909090909,0.5212992335588945,11,2,8,1,0.18181818181818182,0.7272727272727273
2023-07-23,0.48840000000000006,0.34835082890672153,5,4,0,1,0.8,0.0
2023-07-24,-0.10490000000000002,0.4661827133455532,10,2,5,3,0.2,0.5
2023-07-25,-0.3655,0.4326271902161094,8,1,5,2,0.125,0.625
2023-07-26,-0.1006,0.49735228962979544,5,1,2,2,0.2,0.4
2023-07-27,-0.07733333333333334,0.6705815883743503,15,5,7,3,0.3333333333333333,0.4666666666666667
2023-07-28,0.019250000000000003,0.6130382765957021,8,4,3,1,0.5,0.375
2023-07-29,-0.134,0.496613643702135,10,2,5,3,0.2,0.5
2023-07-30,-0.21328571428571427,0.6539922874835086,14,3,7,4,0.21428571428571427,0.5
2023-07-31,0.3444285714285714,0.6292368015150992,7,5,2,0,0.7142857142857143,0.2857142857142857
2023-08-01,0.11272727272727275,0.5302265724969074,11,4,2,5,0.36363636363636365,0.18181818181818182
2023-08-02,0.0172,0.3176181494954104,10,2,1,7,0.2,0.1
2023-08-03,0.1242,0.514574290068985,5,2,1,2,0.4,0.2
2023-08-04,-0.06833333333333334,0.3923968017198917,9,2,2,5,0.2222222222222222,0.2222222222222222
2023-08-05,-0.1503846153846154,0.4819416524956693,13,3,5,5,0.23076923076923078,0.38461538461538464
2023-08-06,-0.16625,0.5720453136851057,12,3,6,3,0.25,0.5
2023-08-07,0.1224,0.5668767943742273,5,2,1,2,0.4,0.2
2023-08-08,0.12526666666666664,0.5508685955142202,15,6,4,5,0.4,0.26666666666666666
2023-08-09,0.06846153846153848,0.48538809479024364,13,4,2,7,0.3076923076923077,0.15384615384615385
2023-08-10,0.11022222222222222,0.5070827786904664,9,4,2,3,0.4444444444444444,0.2222222222222222
2023-08-11,0.15369230769230768,0.552146777680142,13,6,4,3,0.46153846153846156,0.3076923076923077
2023-08-12,-0.1367142857142857,0.5493913315341217,14,5,6,3,0.35714285714285715,0.42857142857142855
2023-08-13,0.36920000000000003,0.316210689256388,5,3,0,2,0.6,0.0
2023-08-14,-0.0664,0.4659466707682329,5,2,2,1,0.4,0.4
2023-08-15,-0.1352,0.4747117019834249,5,1,2,2,0.2,0.4
2023-08-16,0.1888,0.631706120139913,10,6,3,1,0.6,0.3
2023-08-17,-0.437,0.3862525080824719,5,0,3,2,0.0,0.6
2023-08-18,0.0524,0.5021472180261766,15,5,3,7,0.3333333333333333,0.2
2023-08-19,0.19526666666666667,0.5353817685495446,15,7,3,5,0.4666666666666667,0.2
2023-08-20,-0.11726666666666667,0.4464849168251723,15,3,5,7,0.2,0.3333333333333333
2023-08-21,-0.13986666666666672,0.5742157218660033,15,4,9,2,0.26666666666666666,0.6
2023-08-22,-0.0816666666666667,0.5980065774443177,6,2,2,2,0.3333333333333333,0.3333333333333333
2023-08-23,-0.25680000000000003,0.45601502168240027,5,1,3,1,0.2,0.6
2023-08-24,-0.244875,0.4325764796128954,8,1,4,3,0.125,0.5
2023-08-25,0.003153846153846138,0.6097085158983548,13,4,4,5,0.3076923076923077,0.3076923076923077
2023-08-26,-0.132125,0.5933364349169871,8,2,4,2,0.25,0.5
2023-08-27,0.3884285714285714,0.5493935617699626,7,6,1,0,0.8571428571428571,0.14285714285714285
2023-08-28,-0.009461538461538454,0.5348890251545354,13,3,4,6,0.23076923076923078,0.3076923076923077
2023-08-29,0.16820000000000004,0.5882693638499668,10,6,3,1,0.6,0.3
2023-08-30,0.04933333333333332,0.47345988918457144,6,1,1,4,0.16666666666666666,0.16666666666666666
2023-08-31,0.129,0.5824574376438735,7,3,2,2,0.42857142857142855,0.2857142857142857
2023-09-01,0.13391666666666668,0.6015844924157798,12,5,4,3,0.4166666666666667,0.3333333333333333
2023-09-02,-0.28007692307692306,0.4727896751443256,13,3,8,2,0.23076923076923078,0.6153846153846154
2023-09-03,0.25129999999999997,0.4682008234840164,10,5,1,4,0.5,0.1
2023-09-04,0.1417142857142857,0.5673557327396344,14,6,4,4,0.42857142857142855,0.2857142857142857
2023-09-05,0.18600000000000003,0.5616632443021351,11,6,2,3,0.5454545454545454,0.18181818181818182
2023-09-06,-0.061444444444444475,0.5819179734101516,9,3,4,2,0.3333333333333333,0.4444444444444444
2023-09-07,0.019400000000000008,0.6184734252801634,10,4,3,3,0.4,0.3
2023-09-08,0.031599999999999996,0.43866080289900533,5,2,2,1,0.4,0.4
2023-09-09,-0.21260000000000004,0.3977848664793572,5,1,2,2,0.2,0.4
2023-09-10,0.053615384615384606,0.4920617404455018,13,4,3,6,0.3076923076923077,0.23076923076923078
2023-09-11,-0.051,0.590698134172003,8,2,3,3,0.25,0.375
2023-09-12,0.23340000000000008,0.5030184319258518,15,7,3,5,0.4666666666666667,0.2
2023-09-13,-0.014571428571428569,0.5516671270318897,7,3,3,1,0.42857142857142855,0.42857142857142855
2023-09-14,-0.03387500000000001,0.6280487782466763,8,3,4,1,0.375,0.5
2023-09-15,-0.13021428571428573,0.5207936515286332,14,3,7,4,0.21428571428571427,0.5
2023-09-16,-0.2802857142857143,0.5164039010416062,14,2,7,5,0.14285714285714285,0.5
2023-09-17,0.03458333333333332,0.5696746213782251,12,4,3,5,0.3333333333333333,0.25
2023-09-18,0.07133333333333335,0.5791751606091776,6,2,2,2,0.3333333333333333,0.3333333333333333
2023-09-19,-0.1223846153846154,0.5027619613132936,13,3,6,4,0.23076923076923078,0.46153846153846156
2023-09-20,-0.10607142857142858,0.5312437459231097,14,5,6,3,0.35714285714285715,0.42857142857142855
2023-09-21,-0.058416666666666665,0.5398535926667076,12,3,4,5,0.25,0.3333333333333333
2023-09-22,0.2093333333333333,0.514101643646468,9,4,1,4,0.4444444444444444,0.1111111111111111
2023-09-23,0.1571666666666667,0.39312497049188116,12,4,2,6,0.3333333333333333,0.16666666666666666
2023-09-24,-0.09487500000000001,0.3240848378786905,8,1,2,5,0.125,0.25
2023-09-25,-0.14479999999999998,0.43263402547649904,5,1,2,2,0.2,0.4
2023-09-26,0.2524,0.5017073848370183,5,3,1,1,0.6,0.2
2023-09-27,-0.2292,0.7221445146229389,5,2,3,0,0.4,0.6
2023-09-28,0.1686,0.6151758285238457,5,3,1,1,0.6,0.2
2023-09-29,-0.07266666666666668,0.47982787317827613,12,2,4,6,0.16666666666666666,0.3333333333333333
2023-09-30,-0.2554444444444444,0.5475776454328443,9,2,5,2,0.2222222222222222,0.5555555555555556
2023-10-01,-0.35933333333333334,0.5401439314355635,6,1,4,1,0.16666666666666666,0.6666666666666666
2023-10-02,-0.29025000000000006,0.5259309433213235,8,1,4,3,0.125,0.5
2023-10-03,-0.028833333333333332,0.479762978095971,12,4,4,4,0.3333333333333333,0.3333333333333333
2023-10-04,0.0631818181818182,0.704959973073907,11,5,4,2,0.45454545454545453,0.36363636363636365
2023-10-05,-0.07137500000000002,0.5569713861591097,8,3,4,1,0.375,0.5
2023-10-06,0.14657142857142857,0.47143463921058987,7,3,1,3,0.42857142857142855,0.14285714285714285
2023-10-07,-0.0762142857142857,0.4897245974205108,14,4,6,4,0.2857142857142857,0.42857142857142855
2023-10-08,0.2932222222222223,0.44523919913283067,9,6,1,2,0.6666666666666666,0.1111111111111111
2023-10-09,-0.10866666666666663,0.494008603163953,9,2,3,4,0.2222222222222222,0.3333333333333333
2023-10-10,-0.022777777777777786,0.6348135115484267,9,4,3,2,0.4444444444444444,0.3333333333333333
2023-10-11,0.09830000000000003,0.45929004392044515,10,3,2,5,0.3,0.2
2023-10-12,-0.0316,0.5641810499678781,15,6,5,4,0.4,0.3333333333333333
2023-10-13,-0.27849999999999997,0.5594249726281443,6,1,3,2,0.16666666666666666,0.5
2023-10-14,0.5319999999999999,0.341847919402766,5,4,0,1,0.8,0.0
2023-10-15,-0.34299999999999997,0.49137821019510575,12,1,7,4,0.08333333333333333,0.5833333333333334
2023-10-16,0.3323333333333334,0.5394955668647026,6,4,1,1,0.6666666666666666,0.16666666666666666
2023-10-17,0.059545454545454526,0.4051000774219535,11,3,1,7,0.2727272727272727,0.09090909090909091
2023-10-18,-0.06120000000000001,0.5231230256832518,5,1,2,2,0.2,0.4
2023-10-19,0.12850000000000003,0.5544314860533018,12,5,3,4,0.4166666666666667,0.25
2023-10-20,0.15014285714285716,0.5633721175716304,7,4,2,1,0.5714285714285714,0.2857142857142857
2023-10-21,-0.10645454545454545,0.6110493210267669,11,3,6,2,0.2727272727272727,0.5454545454545454
2023-10-22,0.26076923076923075,0.5300970278867436,13,7,2,4,0.5384615384615384,0.15384615384615385
2023-10-23,0.13049999999999998,0.5794997058592084,12,7,4,1,0.5833333333333334,0.3333333333333333
2023-10-24,-0.23646666666666666,0.4508946450695339,15,2,7,6,0.13333333333333333,0.4666666666666667
2023-10-25,-0.01985714285714287,0.6028682632691349,7,3,3,1,0.42857142857142855,0.42857142857142855
2023-10-26,-0.13614285714285712,0.4781671508749051,14,4,6,4,0.2857142857142857,0.42857142857142855
2023-10-27,0.242625,0.4642437590933699,8,4,1,3,0.5,0.125
2023-10-28,0.03500000000000002,0.5764884117559423,10,3,4,3,0.3,0.4
2023-10-29,-0.16283333333333336,0.4158535399232122,6,2,3,1,0.3333333333333333,0.5
2023-10-30,-0.04542857142857142,0.6739381418554814,7,2,4,1,0.2857142857142857,0.5714285714285714
2023-10-31,-0.14200000000000002,0.5794236360384344,9,3,4,2,0.3333333333333333,0.4444444444444444
2023-11-01,7.692307692305992e-05,0.6233390545466223,13,6,6,1,0.46153846153846156,0.46153846153846156
2023-11-02,0.09233333333333334,0.44109324411058487,9,3,2,4,0.3333333333333333,0.2222222222222222
2023-11-03,0.05276923076923078,0.5628254841787333,13,4,3,6,0.3076923076923077,0.23076923076923078
2023-11-04,-0.03511111111111111,0.6271400251228677,9,4,3,2,0.4444444444444444,0.3333333333333333
2023-11-05,-0.16140000000000002,0.6112984541122283,5,1,2,2,0.2,0.4
2023-11-06,0.11555555555555554,0.5745659472834932,9,5,2,2,0.5555555555555556,0.2222222222222222
2023-11-07,-0.18333333333333335,0.47337835466639866,6,1,3,2,0.16666666666666666,0.5
2023-11-08,-0.1864,0.558974162449137,15,3,8,4,0.2,0.5333333333333333
2023-11-09,-0.18639999999999995,0.5042036294990347,5,1,2,2,0.2,0.4
2023-11-10,0.17877777777777776,0.5403051863941752,9,5,2,2,0.5555555555555556,0.2222222222222222
2023-11-11,-0.18928571428571425,0.6055170557151175,7,1,3,3,0.14285714285714285,0.42857142857142855
2023-11-12,-0.007800000000000007,0.5610844262081539,10,3,3,4,0.3,0.3
2023-11-13,-0.10237499999999998,0.6000845029779437,8,2,3,3,0.25,0.375
2023-11-14,-0.1318666666666667,0.5833862805902726,15,5,7,3,0.3333333333333333,0.4666666666666667
2023-11-15,0.36920000000000003,0.4145162240491921,5,3,0,2,0.6,0.0
2023-11-16,-0.12263636363636361,0.46627379783283407,11,2,5,4,0.18181818181818182,0.45454545454545453
2023-11-17,-0.0069999999999999975,0.504069770303014,13,3,3,7,0.23076923076923078,0.23076923076923078
2023-11-18,-0.12650000000000003,0.5149146531222432,6,1,3,2,0.16666666666666666,0.5
2023-11-19,0.023899999999999987,0.6079211297528652,10,4,4,2,0.4,0.4
2023-11-20,-0.07530769230769231,0.44202477016101416,13,3,5,5,0.23076923076923078,0.38461538461538464
2023-11-21,-0.056111111111111125,0.6137834399127359,9,3,4,2,0.3333333333333333,0.4444444444444444
2023-11-22,0.12928571428571428,0.4355149114499274,7,4,1,2,0.5714285714285714,0.14285714285714285
2023-11-23,-0.483375,0.5372019938001507,8,1,5,2,0.125,0.625
2023-11-24,0.25866666666666666,0.659267977886585,6,4,1,1,0.6666666666666666,0.16666666666666666
2023-11-25,0.303875,0.46134165755977424,8,4,1,3,0.5,0.125
2023-11-26,-0.008500000000000008,0.4805421217429651,14,4,5,5,0.2857142857142857,0.35714285714285715
2023-11-27,0.09169230769230768,0.5140271368672061,13,5,3,5,0.38461538461538464,0.23076923076923078
2023-11-28,-0.12499999999999997,0.3972090129893832,9,1,4,4,0.1111111111111111,0.4444444444444444
2023-11-29,0.010933333333333387,0.6143265147026186,15,6,5,4,0.4,0.3333333333333333
2023-11-30,0.12622222222222224,0.6665819112790599,9,4,4,1,0.4444444444444444,0.4444444444444444
2023-12-01,0.24866666666666667,0.48647822835833743,6,4,1,1,0.6666666666666666,0.16666666666666666
2023-12-02,0.07412499999999998,0.7663295519180094,8,4,3,1,0.5,0.375
2023-12-03,-0.05161538461538459,0.5231326374928794,13,4,6,3,0.3076923076923077,0.46153846153846156
2023-12-04,0.0885,0.5428243447292773,14,7,5,2,0.5,0.35714285714285715
2023-12-05,0.1374285714285714,0.48728379257419846,14,8,3,3,0.5714285714285714,0.21428571428571427
2023-12-06,0.012600000000000009,0.5774146566500419,15,6,6,3,0.4,0.4
2023-12-07,0.20899999999999996,0.6102590784717118,15,8,4,3,0.5333333333333333,0.26666666666666666
2023-12-08,0.17354545454545453,0.5066202450823227,11,5,2,4,0.45454545454545453,0.18181818181818182
2023-12-09,0.06339999999999997,0.3847987971469171,15,4,3,8,0.26666666666666666,0.2
2023-12-10,0.2988,0.3356608407306399,5,2,0,3,0.4,0.0
2023-12-11,-0.23479999999999998,0.34187161332874655,5,0,2,3,0.0,0.4
2023-12-12,0.14499999999999996,0.5318761342852508,10,5,3,2,0.5,0.3
2023-12-13,0.3822,0.3979091604876671,5,3,0,2,0.6,0.0
2023-12-14,-0.023999999999999976,0.6659515748160673,5,2,2,1,0.4,0.4
2023-12-15,0.2142,0.40675212216888174,10,4,1,5,0.4,0.1
2023-12-16,0.041833333333333354,0.5146143893217228,12,4,4,4,0.3333333333333333,0.3333333333333333
2023-12-17,-0.18399999999999997,0.45186985254203854,12,2,7,3,0.16666666666666666,0.5833333333333334
2023-12-18,0.073,0.4164300661575722,8,2,2,4,0.25,0.25
2023-12-19,-0.08514285714285716,0.5012318451947788,14,4,4,6,0.2857142857142857,0.2857142857142857
2023-12-20,0.1907857142857143,0.5378789081012749,14,7,2,5,0.5,0.14285714285714285
2023-12-21,-0.006800000000000028,0.6296977052522901,5,2,2,1,0.4,0.4
2023-12-22,0.16485714285714287,0.2881558771286984,7,3,1,3,0.42857142857142855,0.14285714285714285
2023-12-23,0.04425000000000004,0.5786997124095165,8,2,2,4,0.25,0.25
2023-12-24,-0.20033333333333336,0.5442891388468694,6,2,3,1,0.3333333333333333,0.5
2023-12-25,-0.0590666666666667,0.5173363739478637,15,4,5,6,0.26666666666666666,0.3333333333333333
2023-12-26,0.18009090909090908,0.5337676375625361,11,4,1,6,0.36363636363636365,0.09090909090909091
2023-12-27,0.08875,0.5722102482320796,12,5,4,3,0.4166666666666667,0.3333333333333333
2023-12-28,0.15581818181818186,0.5731423589618583,11,5,3,3,0.45454545454545453,0.2727272727272727
2023-12-29,-0.22714285714285717,0.4783757546504239,14,2,6,6,0.14285714285714285,0.42857142857142855
2023-12-30,0.27837500000000004,0.5674894429477458,8,5,2,1,0.625,0.25
2023-12-31,-0.18026666666666666,0.545214828782022,15,3,6,6,0.2,0.4
2024-01-01,-0.042200000000000015,0.5913663838941136,5,3,2,0,0.6,0.4
2024-01-02,0.08773333333333334,0.5106648980449293,15,6,3,6,0.4,0.2
2024-01-03,-0.0805,0.5299532569439069,12,3,3,6,0.25,0.25
2024-01-04,0.05875,0.6362625422946668,12,4,4,4,0.3333333333333333,0.3333333333333333
2024-01-05,-0.04036363636363635,0.5975945569911548,11,4,5,2,0.36363636363636365,0.45454545454545453
2024-01-06,-0.07939999999999998,0.5383235617571064,15,4,7,4,0.26666666666666666,0.4666666666666667
2024-01-07,-0.26471428571428574,0.5927911071391816,14,5,9,0,0.35714285714285715,0.6428571428571429
2024-01-08,-0.08271428571428571,0.6305480435025036,14,6,6,2,0.42857142857142855,0.42857142857142855
2024-01-09,0.02481818181818181,0.46374946214132,11,4,2,5,0.36363636363636365,0.18181818181818182
2024-01-10,0.050124999999999996,0.7086303564926195,8,3,4,1,0.375,0.5
2024-01-11,-0.3515555555555555,0.34386992857442156,9,0,5,4,0.0,0.5555555555555556
2024-01-12,0.25677777777777777,0.5262432369583903,9,6,2,1,0.6666666666666666,0.2222222222222222
2024-01-13,0.1048,0.541161877609443,10,5,2,3,0.5,0.2
2024-01-14,-0.04715384615384615,0.48345007431892534,13,4,4,5,0.3076923076923077,0.3076923076923077
2024-01-15,0.0715833333333333,0.5982978064070728,12,6,5,1,0.5,0.4166666666666667
2024-01-16,0.10099999999999999,0.5394361253506603,7,3,2,2,0.42857142857142855,0.2857142857142857
2024-01-17,-0.1447142857142857,0.5083400155688823,7,1,3,3,0.14285714285714285,0.42857142857142855
2024-01-18,0.17,0.28359760224656344,11,4,1,6,0.36363636363636365,0.09090909090909091
2024-01-19,0.14591666666666667,0.508008134926514,12,5,2,5,0.4166666666666667,0.16666666666666666
2024-01-20,-0.009500000000000008,0.6214424349849308,6,2,2,2,0.3333333333333333,0.3333333333333333
2024-01-21,0.13316666666666668,0.6241587671952279,6,3,1,2,0.5,0.16666666666666666
2024-01-22,-0.15499999999999997,0.5905199215757058,10,3,5,2,0.3,0.5
2024-01-23,-0.25839999999999996,0.6030665800722173,5,1,3,1,0.2,0.6
2024-01-24,-0.15789999999999998,0.6114800714477765,10,3,5,2,0.3,0.5
2024-01-25,-0.08111111111111112,0.5426558403915978,9,2,3,4,0.2222222222222222,0.3333333333333333
2024-01-26,-0.107,0.39769309775252576,11,2,3,6,0.18181818181818182,0.2727272727272727
2024-01-27,-0.375,0.33713152725111106,7,0,4,3,0.0,0.5714285714285714
2024-01-28,-0.1467272727272727,0.48213983260234594,11,2,5,4,0.18181818181818182,0.45454545454545453
2024-01-29,0.06135714285714285,0.5399941035494109,14,6,4,4,0.42857142857142855,0.2857142857142857
2024-01-30,-0.25955555555555554,0.5929300361575367,9,3,6,0,0.3333333333333333,0.6666666666666666
2024-01-31,-0.22646666666666665,0.42809492716763964,15,1,8,6,0.06666666666666667,0.5333333333333333
2024-02-01,-0.20166666666666666,0.45059146315333887,6,1,3,2,0.16666666666666666,0.5
2024-02-02,0.2537142857142857,0.4196004902625489,7,4,1,2,0.5714285714285714,0.14285714285714285
2024-02-03,0.08175000000000003,0.5694254081568063,12,4,4,4,0.3333333333333333,0.3333333333333333
2024-02-04,-0.03616666666666668,0.5353546176756736,6,2,2,2,0.3333333333333333,0.3333333333333333
2024-02-05,-0.03646666666666669,0.4827143294014834,15,4,5,6,0.26666666666666666,0.3333333333333333
2024-02-06,0.003533333333333327,0.4285556917745708,15,4,5,6,0.26666666666666666,0.3333333333333333
2024-02-07,0.10216666666666667,0.6654728895054002,6,3,2,1,0.5,0.3333333333333333
2024-02-08,-0.008100000000000007,0.5574398721935049,10,3,4,3,0.3,0.4
2024-02-09,0.1298888888888889,0.6198857645656264,9,4,2,3,0.4444444444444444,0.2222222222222222
2024-02-10,-0.041444444444444443,0.44336190384129504,9,3,4,2,0.3333333333333333,0.4444444444444444
2024-02-11,-0.2152666666666666,0.38459709282510673,15,1,9,5,0.06666666666666667,0.6
2024-02-12,-0.01716666666666668,0.6297534173521148,6,2,3,1,0.3333333333333333,0.5
2024-02-13,0.03716666666666668,0.46355815888264407,6,2,2,2,0.3333333333333333,0.3333333333333333
2024-02-14,-0.15427272727272728,0.5312796045227205,11,2,6,3,0.18181818181818182,0.5454545454545454
2024-02-15,0.1727,0.542653982243238,10,5,3,2,0.5,0.3
2024-02-16,0.051000000000000004,0.44303481370412207,14,5,5,4,0.35714285714285715,0.35714285714285715
2024-02-17,0.12586666666666665,0.5101881819019144,15,7,3,5,0.4666666666666667,0.2
2024-02-18,-0.0512857142857143,0.6936694011524784,7,4,3,0,0.5714285714285714,0.42857142857142855
2024-02-19,-0.08041666666666668,0.5707663840412425,12,3,6,3,0.25,0.5
2024-02-20,0.2882142857142857,0.42959877140839725,14,7,2,5,0.5,0.14285714285714285
2024-02-21,0.007090909090909097,0.4543783565588164,11,3,3,5,0.2727272727272727,0.2727272727272727
2024-02-22,0.04733333333333334,0.4548026678315186,6,1,1,4,0.16666666666666666,0.16666666666666666
2024-02-23,-0.39477777777777784,0.37830007195934345,9,0,5,4,0.0,0.5555555555555556
2024-02-24,0.1628181818181818,0.6669322031783768,11,6,3,2,0.5454545454545454,0.2727272727272727
2024-02-25,0.10723076923076924,0.6256499492322836,13,6,5,2,0.46153846153846156,0.38461538461538464
2024-02-26,-0.0336,0.36113197033771466,5,1,1,3,0.2,0.2
2024-02-27,0.13250000000000006,0.5184380387278695,8,4,2,2,0.5,0.25
2024-02-28,0.03071428571428572,0.5524833977251304,7,3,3,1,0.42857142857142855,0.42857142857142855
2024-02-29,-0.07144444444444444,0.6297049132552308,9,3,4,2,0.3333333333333333,0.4444444444444444
2024-03-01,0.12500000000000003,0.450342647325345,9,4,2,3,0.4444444444444444,0.2222222222222222
2024-03-02,0.1688,0.24086240885617666,5,2,0,3,0.4,0.0
2024-03-03,-0.16066666666666665,0.5572334041195545,6,1,2,3,0.16666666666666666,0.3333333333333333
2024-03-04,0.010888888888888879,0.4581343810620538,9,3,2,4,0.3333333333333333,0.2222222222222222
2024-03-05,0.22785714285714284,0.4294917261800777,7,4,1,2,0.5714285714285714,0.14285714285714285
2024-03-06,0.004750000000000013,0.4372174189445926,8,3,2,3,0.375,0.25
2024-03-07,-0.03750000000000001,0.51715946195628,12,5,6,1,0.4166666666666667,0.5
2024-03-08,0.03560000000000001,0.7225536658269751,5,2,2,1,0.4,0.4
2024-03-09,0.20520000000000005,0.6594470844145549,15,9,5,1,0.6,0.3333333333333333
2024-03-10,-0.12509090909090909,0.4926815309194073,11,3,5,3,0.2727272727272727,0.45454545454545453
2024-03-11,0.15945454545454546,0.5401143144995074,11,5,3,3,0.45454545454545453,0.2727272727272727
2024-03-12,0.18357142857142855,0.5654761583959891,7,3,1,3,0.42857142857142855,0.14285714285714285
2024-03-13,-0.15871428571428567,0.5523736790603634,14,3,7,4,0.21428571428571427,0.5
2024-03-14,-0.09463636363636364,0.4303385348135286,11,2,5,4,0.18181818181818182,0.45454545454545453
2024-03-15,0.042499999999999996,0.47571059629628965,8,2,2,4,0.25,0.25
2024-03-16,0.11633333333333333,0.758310402583709,6,3,2,1,0.5,0.3333333333333333
2024-03-17,-0.09814285714285712,0.632542338127504,7,2,4,1,0.2857142857142857,0.5714285714285714
2024-03-18,0.1907,0.493836466409231,10,4,2,4,0.4,0.2
2024-03-19,0.1204,0.6860082361021622,5,3,2,0,0.6,0.4
2024-03-20,0.2400714285714285,0.5399201457032916,14,8,3,3,0.5714285714285714,0.21428571428571427
2024-03-21,-0.09812499999999999,0.6229135316054251,8,2,3,3,0.25,0.375
2024-03-22,0.19126666666666664,0.3794747246743407,15,7,2,6,0.4666666666666667,0.13333333333333333
2024-03-23,0.15708333333333332,0.5927032767265795,12,6,3,3,0.5,0.25
2024-03-24,-0.13954545454545453,0.4899657873028205,11,2,4,5,0.18181818181818182,0.36363636363636365
2024-03-25,0.028285714285714296,0.5404517239625255,14,6,4,4,0.42857142857142855,0.2857142857142857
2024-03-26,-0.018714285714285708,0.4463931396928443,14,5,4,5,0.35714285714285715,0.2857142857142857
2024-03-27,0.1451666666666667,0.6406073585893217,12,6,3,3,0.5,0.25
2024-03-28,0.07899999999999999,0.5109268888151078,8,3,1,4,0.375,0.125
2024-03-29,0.2344,0.6078168309614336,5,3,1,1,0.6,0.2
2024-03-30,0.24399999999999997,0.6048888327618556,9,5,2,2,0.5555555555555556,0.2222222222222222
2024-03-31,-0.13242857142857142,0.5826550886939479,7,2,3,2,0.2857142857142857,0.42857142857142855
2024-04-01,0.07937499999999999,0.35556471683385976,8,2,1,5,0.25,0.125
2024-04-02,-0.09945454545454545,0.4816804674545904,11,2,4,5,0.18181818181818182,0.36363636363636365
2024-04-03,0.08133333333333335,0.5692501646903583,9,3,3,3,0.3333333333333333,0.3333333333333333
2024-04-04,-0.1786,0.5703272355021769,10,2,5,3,0.2,0.5
2024-04-05,-0.04972727272727271,0.6187479439818917,11,3,4,4,0.2727272727272727,0.36363636363636365
2024-04-06,-0.013066666666666664,0.56729275217181,15,7,5,3,0.4666666666666667,0.3333333333333333
2024-04-07,-0.033454545454545466,0.4485165244751555,11,3,4,4,0.2727272727272727,0.36363636363636365
2024-04-08,-0.40116666666666667,0.4404039124038365,12,2,9,1,0.16666666666666666,0.75
2024-04-09,0.04371428571428572,0.4163520013293908,14,4,2,8,0.2857142857142857,0.14285714285714285
2024-04-10,0.12592307692307694,0.5276461032324699,13,7,5,1,0.5384615384615384,0.38461538461538464
2024-04-11,0.06642857142857143,0.4713716016193453,14,4,3,7,0.2857142857142857,0.21428571428571427
2024-04-12,-0.260625,0.38849340406241134,8,0,3,5,0.0,0.375
2024-04-13,0.2162222222222222,0.4543186595820652,9,6,2,1,0.6666666666666666,0.2222222222222222
2024-04-14,0.2383846153846154,0.49205005478127567,13,7,2,4,0.5384615384615384,0.15384615384615385
2024-04-15,0.42450000000000004,0.371621543278335,8,4,0,4,0.5,0.0
2024-04-16,0.153,0.48207952317710684,10,5,2,3,0.5,0.2
2024-04-17,-0.10200000000000001,0.4899711361761163,8,1,3,4,0.125,0.375
2024-04-18,-0.37437500000000007,0.28919342884255567,8,0,6,2,0.0,0.75
2024-04-19,-0.0142,0.4822237032747353,5,2,2,1,0.4,0.4
2024-04-20,0.2543333333333333,0.41802711235835727,6,5,1,0,0.8333333333333334,0.16666666666666666
2024-04-21,0.1532666666666667,0.6225623854759648,15,8,4,3,0.5333333333333333,0.26666666666666666
2024-04-22,-0.09936363636363633,0.48173110190795715,11,3,4,4,0.2727272727272727,0.36363636363636365
2024-04-23,0.147,0.4829143011158628,10,5,3,2,0.5,0.3
2024-04-24,-0.07780000000000001,0.3980920608212237,10,2,3,5,0.2,0.3
2024-04-25,-0.005133333333333325,0.4333759283094704,15,3,4,8,0.2,0.26666666666666666
2024-04-26,0.165375,0.5350684702513716,8,4,2,2,0.5,0.25
2024-04-27,0.04728571428571428,0.5456744188878304,7,4,2,1,0.5714285714285714,0.2857142857142857
2024-04-28,-0.006733333333333338,0.4251949916830876,15,5,4,6,0.3333333333333333,0.26666666666666666
2024-04-29,-0.22207692307692312,0.5181525614363756,13,3,9,1,0.23076923076923078,0.6923076923076923
2024-04-30,-0.08859999999999998,0.44812197000370335,5,1,1,3,0.2,0.2
2024-05-01,-0.0845,0.6229901283327048,6,2,2,2,0.3333333333333333,0.3333333333333333
2024-05-02,-0.258,0.6218587971849909,12,3,8,1,0.25,0.6666666666666666
2024-05-03,-0.34109090909090906,0.5294975834780467,11,1,8,2,0.09090909090909091,0.7272727272727273
2024-05-04,0.12014285714285718,0.5540184800080916,7,4,3,0,0.5714285714285714,0.42857142857142855
2024-05-05,0.102625,0.5085531121300338,8,2,2,4,0.25,0.25
2024-05-06,-0.11093333333333331,0.5438348576369046,15,3,7,5,0.2,0.4666666666666667
2024-05-07,-0.2049,0.4579593504522718,10,2,4,4,0.2,0.4
2024-05-08,0.32833333333333337,0.23003151957938286,9,6,0,3,0.6666666666666666,0.0
2024-05-09,0.05823076923076924,0.6676860731718854,13,6,5,2,0.46153846153846156,0.38461538461538464
2024-05-10,-0.030199999999999984,0.469563840175114,5,1,2,2,0.2,0.4
2024-05-11,-0.2651428571428571,0.4842659147518811,7,2,4,1,0.2857142857142857,0.5714285714285714
2024-05-12,0.10428571428571429,0.5438663176080786,7,3,2,2,0.42857142857142855,0.2857142857142857
2024-05-13,0.06685714285714286,0.5828791837569283,7,4,2,1,0.5714285714285714,0.2857142857142857
2024-05-14,0.019500000000000003,0.46523388895110745,8,3,3,2,0.375,0.375
2024-05-15,0.44066666666666676,0.6020533752639102,6,5,1,0,0.8333333333333334,0.16666666666666666
2024-05-16,0.10469999999999999,0.3703623000972606,10,3,1,6,0.3,0.1
2024-05-17,-0.07755555555555554,0.39181950918474917,9,2,3,4,0.2222222222222222,0.3333333333333333
2024-05-18,0.14763636363636362,0.6948064871210217,11,5,3,3,0.45454545454545453,0.2727272727272727
2024-05-19,0.2391333333333333,0.36513615203620897,15,7,1,7,0.4666666666666667,0.06666666666666667
2024-05-20,-0.14125,0.5294133545727762,8,3,4,1,0.375,0.5
2024-05-21,0.1202,0.7392764706116379,5,3,2,0,0.6,0.4
2024-05-22,0.07826666666666668,0.4182896239734014,15,5,3,7,0.3333333333333333,0.2
2024-05-23,0.08571428571428573,0.5281706524365379,7,3,2,2,0.42857142857142855,0.2857142857142857
2024-05-24,-0.084,0.5348750632936007,13,3,5,5,0.23076923076923078,0.38461538461538464
2024-05-25,0.052916666666666674,0.4356943170145645,12,4,3,5,0.3333333333333333,0.25
2024-05-26,-0.23316666666666666,0.5200501578373635,6,1,3,2,0.16666666666666666,0.5
2024-05-27,0.060375000000000005,0.4664004831840183,8,3,3,2,0.375,0.375
2024-05-28,0.31012500000000004,0.41440126775178393,8,4,1,3,0.5,0.125
2024-05-29,0.31216666666666665,0.5876633106351516,6,5,1,0,0.8333333333333334,0.16666666666666666
2024-05-30,0.15914285714285717,0.4290102673874013,7,3,1,3,0.42857142857142855,0.14285714285714285
2024-05-31,0.167625,0.44488519787211883,8,3,1,4,0.375,0.125
2024-06-01,-0.16542857142857145,0.5912483162162675,14,4,7,3,0.2857142857142857,0.5
2024-06-02,-0.08166666666666669,0.6388837922502025,9,4,4,1,0.4444444444444444,0.4444444444444444
2024-06-03,-0.07499999999999998,0.4250129409794483,5,1,2,2,0.2,0.4
2024-06-04,-0.08366666666666667,0.4026133568965579,12,2,4,6,0.16666666666666666,0.3333333333333333
2024-06-05,-0.24233333333333335,0.4858168379132201,9,1,5,3,0.1111111111111111,0.5555555555555556
2024-06-06,0.16761538461538464,0.4958562524330243,13,6,3,4,0.46153846153846156,0.23076923076923078
2024-06-07,-0.04953846153846153,0.5935450860977364,13,4,6,3,0.3076923076923077,0.46153846153846156
2024-06-08,-0.10900000000000003,0.6155211675420331,14,4,7,3,0.2857142857142857,0.5
2024-06-09,-0.04399999999999999,0.6677112876358792,12,5,6,1,0.4166666666666667,0.5
2024-06-10,0.39645454545454545,0.5692595829033296,11,8,2,1,0.7272727272727273,0.18181818181818182
2024-06-11,-0.08399999999999999,0.5559185053723114,14,6,6,2,0.42857142857142855,0.42857142857142855
2024-06-12,-0.11811111111111113,0.5883864470831318,9,2,4,3,0.2222222222222222,0.4444444444444444
2024-06-13,-0.21150000000000002,0.4425994495334045,12,1,5,6,0.08333333333333333,0.4166666666666667
2024-06-14,-0.17741666666666667,0.5747512439518878,12,2,5,5,0.16666666666666666,0.4166666666666667
2024-06-15,0.0968,0.5787998914009178,15,9,6,0,0.6,0.4
2024-06-16,-0.06383333333333334,0.49126105508418255,12,4,4,4,0.3333333333333333,0.3333333333333333
2024-06-17,0.03700000000000001,0.45299315668120194,6,2,2,2,0.3333333333333333,0.3333333333333333
2024-06-18,-0.10257142857142856,0.6321547429606291,7,2,4,1,0.2857142857142857,0.5714285714285714
2024-06-19,-0.15089999999999998,0.5738870291461746,10,2,5,3,0.2,0.5
2024-06-20,-0.06536363636363635,0.6843123954346103,11,5,6,0,0.45454545454545453,0.5454545454545454
2024-06-21,-0.26222222222222225,0.42135667129457494,9,1,6,2,0.1111111111111111,0.6666666666666666
2024-06-22,-0.11286666666666663,0.5895483582087788,15,5,7,3,0.3333333333333333,0.4666666666666667
2024-06-23,-0.20733333333333334,0.41180486883959977,9,1,4,4,0.1111111111111111,0.4444444444444444
2024-06-24,-0.06411111111111115,0.6031114002496646,9,3,3,3,0.3333333333333333,0.3333333333333333
2024-06-25,0.11162499999999999,0.4012362814744307,8,3,2,3,0.375,0.25
2024-06-26,0.2667142857142856,0.41297970663852007,7,4,1,2,0.5714285714285714,0.14285714285714285
2024-06-27,-0.23473333333333332,0.611508961114888,15,4,9,2,0.26666666666666666,0.6
2024-06-28,-0.19842857142857145,0.606570374357023,7,2,4,1,0.2857142857142857,0.5714285714285714
2024-06-29,0.346,0.42660520390637524,7,5,1,1,0.7142857142857143,0.14285714285714285
2024-06-30,0.21535714285714289,0.5712386820481714,14,8,3,3,0.5714285714285714,0.21428571428571427
2024-07-01,-0.2283,0.4653448064488191,10,1,4,5,0.1,0.4
2024-07-02,0.1735,0.5317581217057243,6,2,1,3,0.3333333333333333,0.16666666666666666
2024-07-03,0.05522222222222223,0.33863024738561737,9,3,2,4,0.3333333333333333,0.2222222222222222
2024-07-04,-0.3522,0.6015801692210274,5,1,3,1,0.2,0.6
2024-07-05,-0.14014285714285715,0.40808390827190943,7,2,3,2,0.2857142857142857,0.42857142857142855
2024-07-06,0.0858,0.209487947147324,5,1,0,4,0.2,0.0
2024-07-07,0.3677777777777778,0.501033376577294,9,6,2,1,0.6666666666666666,0.2222222222222222
2024-07-08,-0.30249999999999994,0.45520591283167994,14,1,8,5,0.07142857142857142,0.5714285714285714
2024-07-09,-0.05807692307692307,0.6128294299855468,13,4,5,4,0.3076923076923077,0.38461538461538464
2024-07-10,0.188875,0.4685638963898094,8,4,1,3,0.5,0.125
2024-07-11,0.056461538461538466,0.6166463891330016,13,7,5,1,0.5384615384615384,0.38461538461538464
2024-07-12,-0.3458,0.40415553936572485,5,0,3,2,0.0,0.6
2024-07-13,-0.252,0.4276320180448874,8,1,3,4,0.125,0.375
2024-07-14,-0.01790909090909091,0.5083114113504544,11,3,3,5,0.2727272727272727,0.2727272727272727
2024-07-15,0.24823076923076925,0.4478243989642506,13,8,2,3,0.6153846153846154,0.15384615384615385
2024-07-16,-0.0521,0.592104429603052,10,3,4,3,0.3,0.4
2024-07-17,0.33816666666666667,0.4846390065467973,6,4,1,1,0.6666666666666666,0.16666666666666666
2024-07-18,0.24644444444444444,0.5363373730943778,9,5,1,3,0.5555555555555556,0.1111111111111111
2024-07-19,0.3944,0.5028859711704036,5,4,1,0,0.8,0.2
2024-07-20,-0.20366666666666666,0.4683649185941417,12,2,6,4,0.16666666666666666,0.5
2024-07-21,-0.257,0.549388144514726,10,2,5,3,0.2,0.5
2024-07-22,-0.2092,0.5217888461820548,15,4,8,3,0.26666666666666666,0.5333333333333333
2024-07-23,-0.011928571428571455,0.5047327494344391,14,6,5,3,0.42857142857142855,0.35714285714285715
2024-07-24,-0.12127272727272725,0.4849299105868993,11,2,5,4,0.18181818181818182,0.45454545454545453
2024-07-25,0.0769090909090909,0.48108740464606936,11,5,2,4,0.45454545454545453,0.18181818181818182
2024-07-26,-0.2162666666666667,0.4770807758301174,15,2,6,7,0.13333333333333333,0.4
2024-07-27,-0.10221428571428573,0.5544914757715367,14,5,6,3,0.35714285714285715,0.42857142857142855
2024-07-28,0.2509090909090909,0.6557262316768264,11,7,4,0,0.6363636363636364,0.36363636363636365
2024-07-29,0.159,0.49524943210467187,7,2,2,3,0.2857142857142857,0.2857142857142857
2024-07-30,0.17636363636363633,0.5429934203518995,11,4,3,4,0.36363636363636365,0.2727272727272727
2024-07-31,0.14160000000000003,0.4906875448456652,10,4,3,3,0.4,0.3
2024-08-01,-0.05161538461538462,0.4723823554532808,13,4,6,3,0.3076923076923077,0.46153846153846156
2024-08-02,-0.08675,0.5357826718255932,8,2,3,3,0.25,0.375
2024-08-03,-0.15637500000000001,0.6436287611215469,8,2,4,2,0.25,0.5
2024-08-04,0.08364285714285713,0.5137135698695644,14,6,3,5,0.42857142857142855,0.21428571428571427
2024-08-05,-0.01171428571428571,0.4807288613087819,7,1,1,5,0.14285714285714285,0.14285714285714285
2024-08-06,0.3720909090909091,0.36798001427943194,11,8,1,2,0.7272727272727273,0.09090909090909091
2024-08-07,0.0365,0.4826111741915488,12,3,3,6,0.25,0.25
2024-08-08,0.376625,0.36640529374684844,8,6,0,2,0.75,0.0
2024-08-09,0.08857142857142855,0.5059992941835846,7,2,3,2,0.2857142857142857,0.42857142857142855
2024-08-10,0.27515384615384614,0.48535465489231794,13,7,2,4,0.5384615384615384,0.15384615384615385
2024-08-11,0.1641666666666667,0.6852740814204683,6,3,2,1,0.5,0.3333333333333333
2024-08-12,-0.225,0.6728212987116268,5,1,3,1,0.2,0.6
2024-08-13,-0.11000000000000003,0.46330965167297494,13,3,5,5,0.23076923076923078,0.38461538461538464
2024-08-14,0.00733333333333334,0.4998049316453067,12,4,4,4,0.3333333333333333,0.3333333333333333
2024-08-15,-0.1512857142857143,0.5484826689105483,7,1,3,3,0.14285714285714285,0.42857142857142855
2024-08-16,-0.36444444444444446,0.3961524678425944,9,1,6,2,0.1111111111111111,0.6666666666666666
2024-08-17,0.03925000000000001,0.5970881126648849,8,3,2,3,0.375,0.25
2024-08-18,0.21418181818181817,0.5083097123175631,11,7,3,1,0.6363636363636364,0.2727272727272727
2024-08-19,0.055600000000000024,0.5799330133730964,5,2,1,2,0.4,0.2
2024-08-20,-0.0482857142857143,0.5900313457868056,14,4,6,4,0.2857142857142857,0.42857142857142855
2024-08-21,0.0029999999999999975,0.42561690520936785,9,2,2,5,0.2222222222222222,0.2222222222222222
2024-08-22,0.06679999999999998,0.5820071428133115,15,6,6,3,0.4,0.4
2024-08-23,0.05439999999999999,0.6161104724687889,15,7,6,2,0.4666666666666667,0.4
2024-08-24,0.14813333333333337,0.49822784040274287,15,7,3,5,0.4666666666666667,0.2
2024-08-25,-0.07154545454545454,0.6698357057721488,11,4,4,3,0.36363636363636365,0.36363636363636365
2024-08-26,-0.13535714285714287,0.6013616097775827,14,4,7,3,0.2857142857142857,0.5
2024-08-27,-0.14873333333333333,0.40085826969260896,15,2,6,7,0.13333333333333333,0.4
2024-08-28,0.0698,0.6148111092034692,5,2,1,2,0.4,0.2
2024-08-29,-0.014857142857142855,0.45624789627695034,7,2,1,4,0.2857142857142857,0.14285714285714285
2024-08-30,0.027399999999999983,0.586979288999438,15,6,5,4,0.4,0.3333333333333333
2024-08-31,0.03539999999999999,0.5641939382871816,5,3,2,0,0.6,0.4
2024-09-01,-0.0561,0.4640379414564192,10,3,4,3,0.3,0.4
2024-09-02,0.003615384615384611,0.40339549213758336,13,3,3,7,0.23076923076923078,0.23076923076923078
2024-09-03,0.046124999999999985,0.42162015318462726,8,2,1,5,0.25,0.125
2024-09-04,-0.42983333333333335,0.41095372813331027,6,1,5,0,0.16666666666666666,0.8333333333333334
2024-09-05,0.14254545454545456,0.4434247091979344,11,3,1,7,0.2727272727272727,0.09090909090909091
2024-09-06,-0.16137500000000002,0.3978772019821479,8,1,4,3,0.125,0.5
2024-09-07,-0.10628571428571428,0.5811171507167404,14,5,7,2,0.35714285714285715,0.5
2024-09-08,-0.10549999999999997,0.5355045284589105,6,1,3,2,0.16666666666666666,0.5
2024-09-09,-0.25077777777777777,0.48005827192586153,9,1,5,3,0.1111111111111111,0.5555555555555556
2024-09-10,-0.18919999999999998,0.3324093192970912,10,0,4,6,0.0,0.4
2024-09-11,-0.10957142857142858,0.5922093822128727,7,2,3,2,0.2857142857142857,0.42857142857142855
2024-09-12,-0.2581538461538461,0.5292946322156571,13,3,8,2,0.23076923076923078,0.6153846153846154
2024-09-13,0.03553333333333331,0.40003354621236215,15,5,4,6,0.3333333333333333,0.26666666666666666
2024-09-14,-0.18122222222222223,0.45229795980575066,9,1,3,5,0.1111111111111111,0.3333333333333333
2024-09-15,0.005692307692307693,0.6517028188542414,13,4,5,4,0.3076923076923077,0.38461538461538464
2024-09-16,0.07399999999999998,0.5038100985337783,14,6,4,4,0.42857142857142855,0.2857142857142857
2024-09-17,0.23007142857142865,0.5233831460626313,14,7,3,4,0.5,0.21428571428571427
2024-09-18,-0.3655,0.5960385054675579,6,1,4,1,0.16666666666666666,0.6666666666666666
2024-09-19,0.13484615384615387,0.5376845181197251,13,7,5,1,0.5384615384615384,0.38461538461538464
2024-09-20,0.19349999999999995,0.7421592050997452,8,5,3,0,0.625,0.375
2024-09-21,-0.11275,0.5875392636782977,12,4,6,2,0.3333333333333333,0.5
2024-09-22,-0.1010666666666667,0.5210329666930418,15,3,6,6,0.2,0.4
2024-09-23,0.11585714285714284,0.4592274050226201,7,3,2,2,0.42857142857142855,0.2857142857142857
2024-09-24,-0.042333333333333334,0.5948598510777496,12,4,4,4,0.3333333333333333,0.3333333333333333
2024-09-25,0.041333333333333305,0.5771356199451944,15,7,5,3,0.4666666666666667,0.3333333333333333
2024-09-26,0.246375,0.533875838294154,8,5,2,1,0.625,0.25
2024-09-27,0.31100000000000005,0.21413780609691507,5,3,0,2,0.6,0.0
2024-09-28,-0.29071428571428576,0.4342720784200132,7,1,4,2,0.14285714285714285,0.5714285714285714
2024-09-29,-0.151,0.502773109861695,11,2,5,4,0.18181818181818182,0.45454545454545453
2024-09-30,-0.19033333333333333,0.3329970970844441,6,1,3,2,0.16666666666666666,0.5
2024-10-01,0.016999999999999998,0.5783580206066136,6,2,2,2,0.3333333333333333,0.3333333333333333
2024-10-02,-0.1137142857142857,0.37322009337016954,7,1,2,4,0.14285714285714285,0.2857142857142857
2024-10-03,0.025153846153846134,0.5351994715608138,13,4,4,5,0.3076923076923077,0.3076923076923077
2024-10-04,-0.15908333333333333,0.46139639008977823,12,1,4,7,0.08333333333333333,0.3333333333333333
2024-10-05,0.11546153846153843,0.606862095178223,13,7,5,1,0.5384615384615384,0.38461538461538464
2024-10-06,-0.01999999999999998,0.607877043488237,9,3,3,3,0.3333333333333333,0.3333333333333333
2024-10-07,-0.13130769230769232,0.45779187130823706,13,3,5,5,0.23076923076923078,0.38461538461538464
2024-10-08,0.02842857142857142,0.6335789498667753,7,3,2,2,0.42857142857142855,0.2857142857142857
2024-10-09,-0.06625,0.6420138946386527,12,4,6,2,0.3333333333333333,0.5
2024-10-10,-0.13185714285714287,0.3021652023708381,7,1,2,4,0.14285714285714285,0.2857142857142857
2024-10-11,-0.038428571428571416,0.6956481048017638,7,2,3,2,0.2857142857142857,0.42857142857142855
2024-10-12,0.26537499999999997,0.5404778143986512,8,5,2,1,0.625,0.25
2024-10-13,-0.23107142857142857,0.4910839602796614,14,2,7,5,0.14285714285714285,0.5
2024-10-14,0.001899999999999999,0.6238262667691311,10,3,4,3,0.3,0.4
2024-10-15,-0.0018571428571428747,0.4487562176250518,7,2,2,3,0.2857142857142857,0.2857142857142857
2024-10-16,-0.23427272727272727,0.5545196283106832,11,2,6,3,0.18181818181818182,0.5454545454545454
2024-10-17,-0.05179999999999999,0.7225939077763911,10,4,5,1,0.4,0.5
2024-10-18,0.022399999999999996,0.11486426772499791,5,0,0,5,0.0,0.0
2024-10-19,0.1668181818181818,0.6047539695085627,11,6,3,2,0.5454545454545454,0.2727272727272727
2024-10-20,-0.10554545454545455,0.5132647199323881,11,3,6,2,0.2727272727272727,0.5454545454545454
2024-10-21,-0.05725000000000001,0.41766587808233235,8,1,2,5,0.125,0.25
2024-10-22,-0.06066666666666664,0.6292395602967317,12,4,5,3,0.3333333333333333,0.4166666666666667
2024-10-23,-0.2757692307692308,0.4755593467777626,13,2,8,3,0.15384615384615385,0.6153846153846154
2024-10-24,0.03933333333333333,0.5944367081531893,9,4,4,1,0.4444444444444444,0.4444444444444444
2024-10-25,-0.10287499999999998,0.5211156815635359,8,2,3,3,0.25,0.375
2024-10-26,-0.03800000000000001,0.4824485168684545,8,2,2,4,0.25,0.25
2024-10-27,-0.02016666666666667,0.47085726782823123,6,1,2,3,0.16666666666666666,0.3333333333333333
2024-10-28,-0.12066666666666669,0.5153801186179641,15,3,7,5,0.2,0.4666666666666667
2024-10-29,0.008200000000000018,0.44485448307408465,10,4,3,3,0.4,0.3
2024-10-30,-0.13475,0.3394045922976401,12,0,3,9,0.0,0.25
2024-10-31,-0.15012499999999998,0.5847970191198213,8,2,4,2,0.25,0.5
2024-11-01,0.05811111111111111,0.49795066132209437,9,4,3,2,0.4444444444444444,0.3333333333333333
2024-11-02,-0.04021428571428571,0.5255516045175669,14,5,4,5,0.35714285714285715,0.2857142857142857
2024-11-03,-0.05542857142857143,0.45476472200573387,7,2,2,3,0.2857142857142857,0.2857142857142857
2024-11-04,0.11066666666666665,0.4853866892439862,15,5,2,8,0.3333333333333333,0.13333333333333333
2024-11-05,0.09849999999999999,0.5030020262996348,14,7,3,4,0.5,0.21428571428571427
2024-11-06,-0.09909090909090908,0.5620157390225747,11,3,6,2,0.2727272727272727,0.5454545454545454
2024-11-07,0.03776923076923079,0.6149062467626202,13,6,5,2,0.46153846153846156,0.38461538461538464
2024-11-08,0.2705714285714286,0.4276177643421194,7,5,1,1,0.7142857142857143,0.14285714285714285
2024-11-09,0.16030769230769232,0.40492249970732763,13,5,2,6,0.38461538461538464,0.15384615384615385
2024-11-10,0.1911,0.4689473910318252,10,4,1,5,0.4,0.1
2024-11-11,-0.09820000000000002,0.5385321201603898,10,2,4,4,0.2,0.4
2024-11-12,0.13176923076923075,0.652255848810643,13,7,4,2,0.5384615384615384,0.3076923076923077
2024-11-13,0.12050000000000002,0.6906313881411084,8,5,3,0,0.625,0.375
2024-11-14,0.050875,0.36644720434385714,8,1,1,6,0.125,0.125
2024-11-15,-0.17346666666666666,0.5021695596774726,15,3,8,4,0.2,0.5333333333333333
2024-11-16,0.10062500000000005,0.5549980534071396,8,4,2,2,0.5,0.25
2024-11-17,0.16440000000000002,0.44267011257981786,15,7,3,5,0.4666666666666667,0.2
2024-11-18,-0.13549999999999998,0.7370923280024017,6,2,4,0,0.3333333333333333,0.6666666666666666
2024-11-19,-0.21430000000000002,0.5019413533693177,10,3,5,2,0.3,0.5
2024-11-20,0.4066666666666666,0.3768656922565385,9,5,0,4,0.5555555555555556,0.0
2024-11-21,-0.07669999999999999,0.4545324948657564,10,3,4,3,0.3,0.4
2024-11-22,-0.029230769230769213,0.5828000162786193,13,4,6,3,0.3076923076923077,0.46153846153846156
2024-11-23,0.26855555555555555,0.49521841421516,9,7,2,0,0.7777777777777778,0.2222222222222222
2024-11-24,0.1086923076923077,0.6278214163034188,13,7,4,2,0.5384615384615384,0.3076923076923077
2024-11-25,0.3886666666666667,0.32891260237333564,9,4,0,5,0.4444444444444444,0.0
