date,text,sentiment,sentiment_score,stock_mentioned,source,upvotes,comments
2023-11-04,"YOLO'd my life savings into AAPL calls, cant go tits up",positive,0.38003457851159295,AAPL,reddit,39,39
2024-01-15,"NVDA going to $0, get out while you can",negative,-0.5327207116975763,NVDA,reddit,50,32
2023-08-29,"AMZN squeeze incoming, shorts are fukd",positive,0.8728449219464449,AMZN,reddit,51,7
2024-01-12,DD: Why AAPL is going to $1000 🚀,positive,0.6723429812705446,AAPL,reddit,80,11
2023-06-19,"this is financial advice, buy GOOGL",positive,0.8382591479889208,GOOGL,reddit,40,10
2023-01-08,wife's boyfriend approved my AMC purchase,positive,0.39759259959252535,AMC,reddit,74,2
2024-08-05,if you're not buying GOOGL rn you hate money,positive,0.5837632873580625,GOOGL,reddit,99,6
2023-03-27,"GOOGL consolidating, waiting for breakout",neutral,0.12180431605698239,GOOGL,reddit,76,7
2023-09-30,"inverse WSB worked, sold AAPL at the top",negative,-0.6532467065480189,AAPL,reddit,50,22
2023-01-06,"GUH moment on GOOGL, RIP my portfolio",negative,-0.8997830247579465,GOOGL,reddit,22,31
2023-03-29,if you're not buying BB rn you hate money,positive,0.5417837141437088,BB,reddit,5,64
2023-10-09,"NVDA going to $0, get out while you can",negative,-0.7527940482219841,NVDA,reddit,127,23
2024-02-17,"this is financial advice, buy MSFT",positive,0.7531792335361525,MSFT,reddit,247,6
2023-03-23,if you're not buying GOOGL rn you hate money,positive,0.31450117498832675,GOOGL,reddit,6,16
2023-07-01,"YOLO'd my life savings into AMZN calls, cant go tits up",positive,0.4576959499873883,AMZN,reddit,9,34
2024-08-14,GME IV too high for options rn,neutral,0.15435979821914936,GME,reddit,58,19
2023-11-26,"positions: 100x PLTR 500c 1/20, wish me luck retards",positive,0.40772377272563154,PLTR,reddit,244,1
2023-07-04,what's the play on AAPL?,neutral,-0.1946488493227109,AAPL,reddit,80,37
2024-10-11,paper trading GME before going in,neutral,-0.016325651424533183,GME,reddit,56,23
2023-04-18,"AAPL going to $0, get out while you can",negative,-0.5166932986183292,AAPL,reddit,27,37
2023-09-01,"inverse WSB worked, sold AAPL at the top",negative,-0.6993066050682406,AAPL,reddit,120,10
2023-03-12,apes dont sell 💎🙌 AMZN forever,positive,0.7661356630603001,AMZN,reddit,1,17
2024-06-15,"META rug pull, everyone got rekt",negative,-0.5880568585270749,META,reddit,176,11
2023-06-10,"PLTR rug pull, everyone got rekt",negative,-0.6078562942607482,PLTR,reddit,7,14
2024-06-10,wife's boyfriend approved my AAPL purchase,positive,0.35679413652866176,AAPL,reddit,43,35
2023-03-28,"this is financial advice, buy TSLA",positive,0.85465065078862,TSLA,reddit,526,13
2023-09-23,bull thesis on MSFT: trust me bro,positive,0.3996421041266981,MSFT,reddit,8,12
2024-04-10,paper trading MSFT before going in,neutral,0.0012965171416340071,MSFT,reddit,66,7
2023-02-13,paper trading AAPL before going in,neutral,0.1419456554806623,AAPL,reddit,86,6
2023-05-14,bull thesis on AMC: trust me bro,positive,0.7023898621267505,AMC,reddit,108,1
2024-06-24,loss porn: down 90% on TSLA calls,negative,-0.31931839229877756,TSLA,reddit,69,24
2023-10-31,apes dont sell 💎🙌 NVDA forever,positive,0.396020766443435,NVDA,reddit,40,15
2024-11-06,"theta gang on PLTR, selling covered calls",neutral,-0.055985905744031145,PLTR,reddit,33,3
2023-10-08,"PLTR puts printing, bears eating good tonight",negative,-0.3897085859680006,PLTR,reddit,63,16
2023-03-20,"AMC squeeze incoming, shorts are fukd",positive,0.6447964533807895,AMC,reddit,43,3
2024-10-07,apes dont sell 💎🙌 GME forever,positive,0.7453298912456383,GME,reddit,107,1
2023-02-03,META tendies printing 🍗🍗🍗,positive,0.691295842351776,META,reddit,114,4
2024-06-30,if you're not buying AMC rn you hate money,positive,0.34410952831825814,AMC,reddit,45,14
2023-01-31,imagine buying AAPL at ATH lmaooo,negative,-0.5901486133323703,AAPL,reddit,24,69
2024-07-16,loss porn: down 90% on TSLA calls,negative,-0.7809499927585621,TSLA,reddit,92,9
2023-06-07,"NVDA puts printing, bears eating good tonight",negative,-0.7414968375695528,NVDA,reddit,227,16
2023-06-07,"YOLO'd my life savings into BB calls, cant go tits up",positive,0.5902480767801885,BB,reddit,111,22
2023-12-29,anyone got DD on TSLA?,neutral,-0.09405240777296453,TSLA,reddit,238,10
2023-04-15,"positions: 100x GOOGL 500c 1/20, wish me luck retards",positive,0.6028517216039652,GOOGL,reddit,67,25
2023-09-11,"BB puts printing, bears eating good tonight",negative,-0.31691418265975124,BB,reddit,7,2
2024-09-29,"positions: 100x NVDA 500c 1/20, wish me luck retards",positive,0.5663092048703102,NVDA,reddit,6,31
2023-03-19,bull thesis on SPY: trust me bro,positive,0.42244691930354594,SPY,reddit,209,0
2023-02-01,"AMC going to $0, get out while you can",negative,-0.7799209448935253,AMC,reddit,153,14
2024-06-25,"inverse WSB worked, sold AAPL at the top",negative,-0.8233627508812259,AAPL,reddit,33,11
2023-03-02,paper trading AMZN before going in,neutral,0.07376987457461731,AMZN,reddit,38,12
2023-03-31,"GME squeeze incoming, shorts are fukd",positive,0.8269006494132087,GME,reddit,410,11
2024-06-28,"AMC going to $0, get out while you can",negative,-0.5727156679482788,AMC,reddit,28,7
2024-07-05,bull thesis on BB: trust me bro,positive,0.6766464772331073,BB,reddit,286,5
2024-07-14,"TSLA rug pull, everyone got rekt",negative,-0.4164341519379127,TSLA,reddit,241,12
2024-07-20,wife's boyfriend approved my PLTR purchase,positive,0.6934582568775556,PLTR,reddit,325,28
2024-10-13,wife's boyfriend approved my AAPL purchase,positive,0.6933079714312235,AAPL,reddit,142,40
2023-08-02,"AAPL rug pull, everyone got rekt",negative,-0.6067511920360502,AAPL,reddit,35,57
2023-06-22,"YOLO'd my life savings into BB calls, cant go tits up",positive,0.3563756166919711,BB,reddit,29,13
2024-04-01,"positions: 100x TSLA 500c 1/20, wish me luck retards",positive,0.4628674405283092,TSLA,reddit,61,27
2023-08-05,"inverse WSB worked, sold TSLA at the top",negative,-0.6816299907270897,TSLA,reddit,139,2
2024-01-21,"TSLA squeeze incoming, shorts are fukd",positive,0.8157538455526361,TSLA,reddit,8,1
2023-08-07,"this is financial advice, buy SPY",positive,0.5768551008115375,SPY,reddit,3,16
2023-09-03,"BB consolidating, waiting for breakout",neutral,0.031955827564661726,BB,reddit,101,9
2023-10-10,if you're not buying NVDA rn you hate money,positive,0.5572316466353393,NVDA,reddit,8,23
2023-11-29,paper trading TSLA before going in,neutral,0.10306037064872292,TSLA,reddit,27,16
2024-09-25,paper trading NVDA before going in,neutral,-0.12276803048566123,NVDA,reddit,57,27
2023-01-04,"AAPL puts printing, bears eating good tonight",negative,-0.8015810473296774,AAPL,reddit,14,10
2024-03-25,"AAPL going to $0, get out while you can",negative,-0.38864044251033214,AAPL,reddit,113,29
2024-11-25,"GOOGL consolidating, waiting for breakout",neutral,-0.09732665034751281,GOOGL,reddit,40,15
2023-05-31,paper trading BB before going in,neutral,0.1088497088028248,BB,reddit,18,9
2023-05-23,"PLTR rug pull, everyone got rekt",negative,-0.47037379214905595,PLTR,reddit,268,85
2023-07-01,"inverse WSB worked, sold SPY at the top",negative,-0.7314180986887328,SPY,reddit,21,13
2024-08-30,AMC tendies printing 🍗🍗🍗,positive,0.47638299443808113,AMC,reddit,73,11
2023-11-22,"GME squeeze incoming, shorts are fukd",positive,0.8736086524635207,GME,reddit,70,35
2024-02-14,"YOLO'd my life savings into SPY calls, cant go tits up",positive,0.36943852661836657,SPY,reddit,323,39
2023-03-20,what's the play on PLTR?,neutral,-0.10276663725036483,PLTR,reddit,30,2
2023-10-02,what's the play on MSFT?,neutral,0.12908227801865169,MSFT,reddit,156,66
2024-03-12,"YOLO'd my life savings into NVDA calls, cant go tits up",positive,0.6604741067912697,NVDA,reddit,27,16
2023-09-14,"positions: 100x TSLA 500c 1/20, wish me luck retards",positive,0.8770427315075804,TSLA,reddit,105,34
2023-03-03,"AMZN consolidating, waiting for breakout",neutral,0.11921393375204997,AMZN,reddit,241,59
2023-03-10,anyone got DD on GME?,neutral,0.04296711379386858,GME,reddit,78,28
2023-01-04,"MSFT squeeze incoming, shorts are fukd",positive,0.5857679279940545,MSFT,reddit,152,13
2024-10-22,"PLTR going to $0, get out while you can",negative,-0.6567175760282383,PLTR,reddit,325,0
2024-10-24,paper trading AMZN before going in,neutral,-0.09535871918024626,AMZN,reddit,21,0
2023-11-05,apes dont sell 💎🙌 AMZN forever,positive,0.6107632934600251,AMZN,reddit,51,26
2023-06-12,what's the play on AAPL?,neutral,0.03713899966978959,AAPL,reddit,24,2
2024-08-09,"NVDA going to $0, get out while you can",negative,-0.5623665282220887,NVDA,reddit,57,3
2024-02-27,if you're not buying SPY rn you hate money,positive,0.7435350716370308,SPY,reddit,27,28
2023-08-13,if you're not buying AAPL rn you hate money,positive,0.7855343929011869,AAPL,reddit,48,12
2024-05-22,bull thesis on AMC: trust me bro,positive,0.7883119822940214,AMC,reddit,16,1
2024-08-01,"positions: 100x SPY 500c 1/20, wish me luck retards",positive,0.3648671626171254,SPY,reddit,563,13
2023-12-18,"GUH moment on TSLA, RIP my portfolio",negative,-0.7487943292347566,TSLA,reddit,574,4
2023-06-02,"TSLA rug pull, everyone got rekt",negative,-0.4816424210529969,TSLA,reddit,67,11
2023-01-05,"inverse WSB worked, sold META at the top",negative,-0.4351159404098043,META,reddit,167,3
2023-05-28,imagine buying AMZN at ATH lmaooo,negative,-0.7299402639744087,AMZN,reddit,122,28
2024-03-21,"inverse WSB worked, sold TSLA at the top",negative,-0.6715332700768699,TSLA,reddit,152,15
2024-08-22,"YOLO'd my life savings into PLTR calls, cant go tits up",positive,0.4662030912167775,PLTR,reddit,14,23
2023-06-19,"AMC rug pull, everyone got rekt",negative,-0.6931201420450116,AMC,reddit,116,6
2023-12-03,"GOOGL puts printing, bears eating good tonight",negative,-0.7555591790833337,GOOGL,reddit,12,0
2023-06-11,wife's boyfriend approved my AAPL purchase,positive,0.6225425865208593,AAPL,reddit,99,3
2023-09-15,what's the play on MSFT?,neutral,0.04050045037111491,MSFT,reddit,342,12
2023-11-15,"GUH moment on META, RIP my portfolio",negative,-0.7062380661387658,META,reddit,5,19
2023-03-22,"GOOGL puts printing, bears eating good tonight",negative,-0.6866999595591614,GOOGL,reddit,34,32
2024-07-20,"sold my AMC bags, finally free",negative,-0.8312568311746609,AMC,reddit,78,5
2024-10-23,wife's boyfriend approved my TSLA purchase,positive,0.32746259512746,TSLA,reddit,24,24
2023-09-04,DD: Why AAPL is going to $1000 🚀,positive,0.8102228143539598,AAPL,reddit,54,8
2024-02-13,anyone got DD on META?,neutral,0.1789048253123987,META,reddit,276,20
2023-12-02,"GOOGL puts printing, bears eating good tonight",negative,-0.6121481202071293,GOOGL,reddit,285,47
2024-10-21,wife's boyfriend approved my GME purchase,positive,0.35890834207360356,GME,reddit,340,2
2024-01-10,paper trading TSLA before going in,neutral,0.004097182726031656,TSLA,reddit,206,6
2024-07-17,"sold my GOOGL bags, finally free",negative,-0.42113870668534803,GOOGL,reddit,51,71
2024-02-07,DD: Why TSLA is going to $1000 🚀,positive,0.8969478335813259,TSLA,reddit,267,18
2024-03-10,"AAPL squeeze incoming, shorts are fukd",positive,0.8902369173995175,AAPL,reddit,35,111
2024-02-14,paper trading BB before going in,neutral,-0.010273053992448877,BB,reddit,18,5
2024-11-02,"BB consolidating, waiting for breakout",neutral,-0.10225946977371941,BB,reddit,178,8
2023-03-18,"GUH moment on AMC, RIP my portfolio",negative,-0.45742045106154783,AMC,reddit,23,9
2024-03-24,anyone got DD on GME?,neutral,-0.1909404404463757,GME,reddit,109,9
2023-12-25,BB tendies printing 🍗🍗🍗,positive,0.8670125584889339,BB,reddit,161,0
2023-05-20,DD: Why AMZN is going to $1000 🚀,positive,0.6131878798951182,AMZN,reddit,8,38
2023-06-21,imagine buying MSFT at ATH lmaooo,negative,-0.8093295475235499,MSFT,reddit,4,8
2023-04-07,DD: Why GME is going to $1000 🚀,positive,0.5151467276612685,GME,reddit,41,3
2024-05-02,paper trading TSLA before going in,neutral,-0.05543989857379583,TSLA,reddit,280,21
2023-03-18,"this is financial advice, buy SPY",positive,0.8875251090667213,SPY,reddit,1,19
2023-05-05,"PLTR squeeze incoming, shorts are fukd",positive,0.8485568479839483,PLTR,reddit,278,34
2023-09-20,apes dont sell 💎🙌 AMZN forever,positive,0.7966507486338796,AMZN,reddit,41,5
2023-05-31,"sold my SPY bags, finally free",negative,-0.6072142746687325,SPY,reddit,180,43
2023-11-18,"positions: 100x AMC 500c 1/20, wish me luck retards",positive,0.6731920265096878,AMC,reddit,149,42
2024-10-11,imagine buying PLTR at ATH lmaooo,negative,-0.7133860212888513,PLTR,reddit,1,35
2024-06-27,if you're not buying AAPL rn you hate money,positive,0.41958713185079766,AAPL,reddit,7,36
2023-08-31,"this is financial advice, buy MSFT",positive,0.6879895102214288,MSFT,reddit,171,28
2023-12-02,if you're not buying MSFT rn you hate money,positive,0.31517599636853577,MSFT,reddit,7,9
2023-03-01,"GUH moment on TSLA, RIP my portfolio",negative,-0.8517211125120189,TSLA,reddit,203,7
2023-04-01,"this is financial advice, buy BB",positive,0.5501862690558345,BB,reddit,96,3
2024-06-04,"positions: 100x NVDA 500c 1/20, wish me luck retards",positive,0.7743655919256662,NVDA,reddit,150,33
2024-02-11,what's the play on GOOGL?,neutral,-0.18493764551041722,GOOGL,reddit,14,58
2023-09-26,loss porn: down 90% on NVDA calls,negative,-0.7140728608073059,NVDA,reddit,9,3
2024-07-12,"GOOGL going to $0, get out while you can",negative,-0.4625419990155623,GOOGL,reddit,191,9
2023-12-22,GME tendies printing 🍗🍗🍗,positive,0.8979186756573359,GME,reddit,75,27
2024-11-12,GME IV too high for options rn,neutral,0.07124846401127272,GME,reddit,58,22
2023-11-05,apes dont sell 💎🙌 SPY forever,positive,0.8301900330731526,SPY,reddit,108,32
2023-09-02,wife's boyfriend approved my SPY purchase,positive,0.6507741557993508,SPY,reddit,87,5
2024-04-22,"this is financial advice, buy AAPL",positive,0.8843955208527461,AAPL,reddit,146,2
2024-01-22,DD: Why TSLA is going to $1000 🚀,positive,0.5384230309735301,TSLA,reddit,209,23
2023-08-10,"PLTR rug pull, everyone got rekt",negative,-0.3139438984349274,PLTR,reddit,120,2
2023-08-10,"inverse WSB worked, sold GOOGL at the top",negative,-0.4950188389800182,GOOGL,reddit,36,3
2023-03-07,what's the play on NVDA?,neutral,-0.1335581807914809,NVDA,reddit,235,0
2023-11-04,what's the play on SPY?,neutral,0.057805453923861605,SPY,reddit,179,20
2023-02-25,bull thesis on BB: trust me bro,positive,0.8135385195918836,BB,reddit,18,42
2023-04-28,imagine buying PLTR at ATH lmaooo,negative,-0.33096230332061594,PLTR,reddit,141,39
2023-07-12,"positions: 100x AMZN 500c 1/20, wish me luck retards",positive,0.8662797709196259,AMZN,reddit,69,40
2024-01-26,"theta gang on NVDA, selling covered calls",neutral,-0.1963731547113854,NVDA,reddit,112,3
2023-06-12,anyone got DD on GME?,neutral,-0.1188785976171142,GME,reddit,100,0
2024-05-04,apes dont sell 💎🙌 AMZN forever,positive,0.7425724036272792,AMZN,reddit,53,115
2023-11-23,"GOOGL puts printing, bears eating good tonight",negative,-0.7895206404076495,GOOGL,reddit,113,37
2024-02-19,if you're not buying MSFT rn you hate money,positive,0.7724511760796702,MSFT,reddit,41,11
2023-09-19,"this is financial advice, buy AAPL",positive,0.5113076067934057,AAPL,reddit,192,51
2023-02-05,"GUH moment on AMZN, RIP my portfolio",negative,-0.39800653869899694,AMZN,reddit,45,62
2023-07-28,"TSLA rug pull, everyone got rekt",negative,-0.7169223358770128,TSLA,reddit,53,0
2023-06-11,wife's boyfriend approved my AAPL purchase,positive,0.3672312987224679,AAPL,reddit,52,42
2024-10-04,"theta gang on META, selling covered calls",neutral,0.16545228829203384,META,reddit,110,29
2023-12-12,"this is financial advice, buy SPY",positive,0.6567263992213264,SPY,reddit,100,8
2023-02-21,anyone got DD on SPY?,neutral,-0.1879694378205203,SPY,reddit,85,6
2024-11-11,"this is financial advice, buy PLTR",positive,0.7368408625535809,PLTR,reddit,184,0
2023-08-07,anyone got DD on SPY?,neutral,0.13077938366310876,SPY,reddit,383,41
2024-09-17,"sold my PLTR bags, finally free",negative,-0.5987964985559406,PLTR,reddit,82,20
2023-02-19,if you're not buying AMZN rn you hate money,positive,0.7674410910984892,AMZN,reddit,0,5
2023-01-27,"AAPL consolidating, waiting for breakout",neutral,0.16368617923189838,AAPL,reddit,37,5
2024-04-14,imagine buying AMZN at ATH lmaooo,negative,-0.7541899300414603,AMZN,reddit,60,0
2024-01-04,"this is financial advice, buy AMC",positive,0.5923372470099078,AMC,reddit,283,35
2024-11-18,"TSLA rug pull, everyone got rekt",negative,-0.7956034025632003,TSLA,reddit,83,133
2024-04-30,"GME consolidating, waiting for breakout",neutral,-0.15799494386149582,GME,reddit,53,20
2024-05-13,imagine buying MSFT at ATH lmaooo,negative,-0.8114936623644468,MSFT,reddit,48,6
2024-06-11,if you're not buying NVDA rn you hate money,positive,0.5881459173250441,NVDA,reddit,72,3
2023-06-05,apes dont sell 💎🙌 AMC forever,positive,0.7168055832878013,AMC,reddit,140,0
2023-12-07,"AAPL going to $0, get out while you can",negative,-0.7046976376968085,AAPL,reddit,36,3
2023-08-17,wife's boyfriend approved my AAPL purchase,positive,0.5230771234923879,AAPL,reddit,56,13
2023-07-14,apes dont sell 💎🙌 NVDA forever,positive,0.8513218464234364,NVDA,reddit,12,47
2023-08-31,"inverse WSB worked, sold AAPL at the top",negative,-0.5372623376706561,AAPL,reddit,35,9
2023-06-17,"MSFT consolidating, waiting for breakout",neutral,0.13093502702459076,MSFT,reddit,87,6
2023-09-30,if you're not buying SPY rn you hate money,positive,0.512980863074846,SPY,reddit,167,30
2024-05-14,"YOLO'd my life savings into NVDA calls, cant go tits up",positive,0.7056010951735521,NVDA,reddit,37,22
2023-08-26,anyone got DD on GOOGL?,neutral,0.09926122100495899,GOOGL,reddit,67,27
2024-01-01,"this is financial advice, buy GME",positive,0.72910449763425,GME,reddit,19,1
2024-07-02,imagine buying GME at ATH lmaooo,negative,-0.6948264018528423,GME,reddit,444,3
2024-11-22,anyone got DD on AAPL?,neutral,0.1584255770703794,AAPL,reddit,88,23
2024-10-18,"sold my MSFT bags, finally free",negative,-0.7069655909884333,MSFT,reddit,62,45
2024-06-20,what's the play on AMC?,neutral,-0.1758408838563527,AMC,reddit,1,19
2023-07-28,"YOLO'd my life savings into AMC calls, cant go tits up",positive,0.6214561890840589,AMC,reddit,216,3
2024-06-24,"sold my GOOGL bags, finally free",negative,-0.7768992135137202,GOOGL,reddit,89,49
2023-02-11,"this is financial advice, buy SPY",positive,0.40178769445794665,SPY,reddit,48,6
2024-07-29,"GUH moment on PLTR, RIP my portfolio",negative,-0.564942731140996,PLTR,reddit,98,17
2024-02-28,"NVDA squeeze incoming, shorts are fukd",positive,0.6214082528515112,NVDA,reddit,30,22
2023-07-20,GOOGL tendies printing 🍗🍗🍗,positive,0.5492828069571244,GOOGL,reddit,80,21
2023-02-08,AAPL tendies printing 🍗🍗🍗,positive,0.4573446097252877,AAPL,reddit,334,4
2023-04-03,"BB rug pull, everyone got rekt",negative,-0.6695317261949836,BB,reddit,2,104
2024-11-05,if you're not buying BB rn you hate money,positive,0.709501168875077,BB,reddit,9,5
2023-09-29,"YOLO'd my life savings into AMC calls, cant go tits up",positive,0.3748522747296054,AMC,reddit,125,13
2023-05-18,paper trading META before going in,neutral,0.15187389505433313,META,reddit,17,6
2023-11-01,what's the play on MSFT?,neutral,0.10580127878645995,MSFT,reddit,98,18
2023-03-31,imagine buying GOOGL at ATH lmaooo,negative,-0.3584111659914557,GOOGL,reddit,44,54
2023-03-29,"theta gang on SPY, selling covered calls",neutral,-0.00010387952683382773,SPY,reddit,123,11
2024-01-03,"inverse WSB worked, sold AMZN at the top",negative,-0.7775308713391208,AMZN,reddit,124,44
2023-05-09,"AMZN puts printing, bears eating good tonight",negative,-0.8357540554680241,AMZN,reddit,116,26
2023-05-10,bull thesis on AMC: trust me bro,positive,0.710495345549685,AMC,reddit,195,4
2023-12-29,"META puts printing, bears eating good tonight",negative,-0.4077308734594021,META,reddit,300,42
2023-03-04,"GUH moment on GME, RIP my portfolio",negative,-0.4293305560703887,GME,reddit,175,14
2023-04-13,"NVDA consolidating, waiting for breakout",neutral,0.16663479454218255,NVDA,reddit,17,1
2023-02-01,"SPY consolidating, waiting for breakout",neutral,0.07560219623597181,SPY,reddit,67,11
2024-06-03,"GUH moment on BB, RIP my portfolio",negative,-0.6104598664334555,BB,reddit,48,16
2024-08-20,"inverse WSB worked, sold GOOGL at the top",negative,-0.8569121217871437,GOOGL,reddit,140,14
2024-06-23,"AAPL going to $0, get out while you can",negative,-0.4759426204858666,AAPL,reddit,368,1
2024-09-30,"PLTR rug pull, everyone got rekt",negative,-0.859694483639821,PLTR,reddit,151,1
2024-11-07,if you're not buying BB rn you hate money,positive,0.37930080550655393,BB,reddit,83,33
2024-10-23,wife's boyfriend approved my META purchase,positive,0.7784397854012302,META,reddit,33,5
2023-05-07,paper trading AAPL before going in,neutral,0.09565905038049904,AAPL,reddit,79,46
2023-04-09,"positions: 100x GOOGL 500c 1/20, wish me luck retards",positive,0.4705713711772668,GOOGL,reddit,1,19
2023-03-27,"this is financial advice, buy MSFT",positive,0.32337272015034113,MSFT,reddit,84,26
2024-10-14,paper trading BB before going in,neutral,0.15464324059443607,BB,reddit,11,2
2024-09-24,"theta gang on BB, selling covered calls",neutral,0.16574794708545787,BB,reddit,39,15
2024-10-25,"YOLO'd my life savings into AMC calls, cant go tits up",positive,0.7638005336215901,AMC,reddit,14,8
2023-03-16,what's the play on BB?,neutral,0.14478095566886134,BB,reddit,202,13
2023-12-24,"inverse WSB worked, sold AAPL at the top",negative,-0.5961764452422157,AAPL,reddit,190,4
2023-06-09,anyone got DD on BB?,neutral,-0.175924064593245,BB,reddit,55,13
2023-05-23,"SPY going to $0, get out while you can",negative,-0.7892113078367764,SPY,reddit,117,32
2023-06-28,if you're not buying META rn you hate money,positive,0.653674856591087,META,reddit,19,1
2024-09-10,imagine buying BB at ATH lmaooo,negative,-0.3795366856700437,BB,reddit,47,2
2023-01-30,"NVDA rug pull, everyone got rekt",negative,-0.563467853906026,NVDA,reddit,74,14
2023-08-06,"inverse WSB worked, sold SPY at the top",negative,-0.6067749765986765,SPY,reddit,56,19
2023-08-14,"inverse WSB worked, sold MSFT at the top",negative,-0.35816438237702264,MSFT,reddit,119,3
2023-08-29,"TSLA squeeze incoming, shorts are fukd",positive,0.8131643276488296,TSLA,reddit,115,12
2024-06-07,anyone got DD on GOOGL?,neutral,-0.07143829109969599,GOOGL,reddit,77,4
2023-05-26,"TSLA consolidating, waiting for breakout",neutral,0.02328537505309375,TSLA,reddit,44,2
2024-05-11,"inverse WSB worked, sold BB at the top",negative,-0.7780912697298067,BB,reddit,22,30
2023-11-13,AMZN tendies printing 🍗🍗🍗,positive,0.7887244752184037,AMZN,reddit,152,20
2024-06-29,"AAPL going to $0, get out while you can",negative,-0.790080936211625,AAPL,reddit,23,17
2024-05-22,apes dont sell 💎🙌 PLTR forever,positive,0.5894342457444484,PLTR,reddit,142,99
2023-11-02,"META rug pull, everyone got rekt",negative,-0.8735114535863733,META,reddit,130,11
2024-09-26,"inverse WSB worked, sold PLTR at the top",negative,-0.7428438091423941,PLTR,reddit,33,19
2023-04-17,"inverse WSB worked, sold BB at the top",negative,-0.8294394168928177,BB,reddit,254,14
2023-06-03,"MSFT consolidating, waiting for breakout",neutral,-0.14403038503229126,MSFT,reddit,254,38
2024-11-01,"MSFT puts printing, bears eating good tonight",negative,-0.8799874365470304,MSFT,reddit,11,80
2023-05-28,"theta gang on TSLA, selling covered calls",neutral,-0.05399105071634072,TSLA,reddit,18,0
2023-09-23,"inverse WSB worked, sold BB at the top",negative,-0.46720329992650345,BB,reddit,68,3
2023-12-13,what's the play on META?,neutral,-0.14267233265783444,META,reddit,166,1
2023-05-26,"this is financial advice, buy SPY",positive,0.8984051597985263,SPY,reddit,6,34
2024-05-06,"GUH moment on AAPL, RIP my portfolio",negative,-0.8057715546421848,AAPL,reddit,270,53
2024-10-26,anyone got DD on TSLA?,neutral,0.06964133576785625,TSLA,reddit,105,26
2023-12-08,META tendies printing 🍗🍗🍗,positive,0.6792064476115649,META,reddit,96,18
2023-10-08,"GME puts printing, bears eating good tonight",negative,-0.31671455260077797,GME,reddit,252,3
2024-04-26,"BB puts printing, bears eating good tonight",negative,-0.8547042058132822,BB,reddit,71,1
2023-08-21,paper trading BB before going in,neutral,-0.12605550018389056,BB,reddit,75,11
2023-02-17,DD: Why META is going to $1000 🚀,positive,0.8608161295725625,META,reddit,185,23
2024-06-17,bull thesis on GOOGL: trust me bro,positive,0.325502768139692,GOOGL,reddit,12,2
2023-07-11,apes dont sell 💎🙌 NVDA forever,positive,0.8372911571103288,NVDA,reddit,15,23
2024-07-01,DD: Why PLTR is going to $1000 🚀,positive,0.6633341978217192,PLTR,reddit,100,6
2024-06-08,DD: Why GME is going to $1000 🚀,positive,0.6909658670679664,GME,reddit,110,6
2023-08-31,bull thesis on PLTR: trust me bro,positive,0.47519933461190744,PLTR,reddit,13,7
2024-05-04,"AAPL going to $0, get out while you can",negative,-0.45655080324414,AAPL,reddit,52,2
2024-04-09,DD: Why GOOGL is going to $1000 🚀,positive,0.6997932947814527,GOOGL,reddit,42,0
2024-01-24,"inverse WSB worked, sold MSFT at the top",negative,-0.3896326844313692,MSFT,reddit,219,15
2024-09-25,wife's boyfriend approved my AMZN purchase,positive,0.7672177176708401,AMZN,reddit,386,0
2024-01-28,"inverse WSB worked, sold PLTR at the top",negative,-0.7558673988033827,PLTR,reddit,54,0
2024-07-25,"inverse WSB worked, sold AAPL at the top",negative,-0.7308385242016799,AAPL,reddit,162,0
2024-05-11,"YOLO'd my life savings into AMC calls, cant go tits up",positive,0.39227456650698944,AMC,reddit,72,21
2024-10-17,bull thesis on TSLA: trust me bro,positive,0.4820572875383942,TSLA,reddit,103,18
2023-01-29,paper trading GME before going in,neutral,0.0653351171274098,GME,reddit,25,61
2024-04-15,imagine buying GOOGL at ATH lmaooo,negative,-0.35888657666895496,GOOGL,reddit,118,29
2023-05-23,loss porn: down 90% on GME calls,negative,-0.6965483277874512,GME,reddit,14,2
2024-06-29,"AMZN puts printing, bears eating good tonight",negative,-0.8253744769575275,AMZN,reddit,287,16
2024-09-03,AAPL tendies printing 🍗🍗🍗,positive,0.7272481372370534,AAPL,reddit,203,0
2024-06-24,BB IV too high for options rn,neutral,0.06884789440965966,BB,reddit,34,34
2023-01-31,apes dont sell 💎🙌 NVDA forever,positive,0.8169689450925115,NVDA,reddit,4,4
2023-05-13,anyone got DD on AMZN?,neutral,-0.05245255122454329,AMZN,reddit,97,7
2024-02-23,what's the play on NVDA?,neutral,-0.08544896859466969,NVDA,reddit,2,16
2023-12-11,imagine buying GME at ATH lmaooo,negative,-0.3750242801605589,GME,reddit,100,28
2024-05-02,DD: Why AAPL is going to $1000 🚀,positive,0.7636704718465102,AAPL,reddit,88,26
2024-08-14,bull thesis on AMC: trust me bro,positive,0.5301026493156451,AMC,reddit,40,4
2024-07-03,"sold my META bags, finally free",negative,-0.8842989882564377,META,reddit,8,9
2023-10-15,wife's boyfriend approved my AMZN purchase,positive,0.36277521796485024,AMZN,reddit,22,11
2024-01-27,AMZN tendies printing 🍗🍗🍗,positive,0.44609095241751606,AMZN,reddit,4,6
2023-06-13,if you're not buying TSLA rn you hate money,positive,0.7352961783137805,TSLA,reddit,254,12
2023-12-07,wife's boyfriend approved my MSFT purchase,positive,0.3222186868539224,MSFT,reddit,264,2
2023-04-09,if you're not buying SPY rn you hate money,positive,0.4884328397068203,SPY,reddit,26,19
2023-06-11,"AMC rug pull, everyone got rekt",negative,-0.6251305716514902,AMC,reddit,191,5
2023-08-31,what's the play on TSLA?,neutral,0.08330260459811833,TSLA,reddit,48,38
2023-10-26,apes dont sell 💎🙌 GOOGL forever,positive,0.31488389241318765,GOOGL,reddit,66,17
2024-01-05,paper trading TSLA before going in,neutral,0.1881438137590874,TSLA,reddit,113,6
2023-08-29,bull thesis on AAPL: trust me bro,positive,0.5653604067991299,AAPL,reddit,4,18
2024-02-23,loss porn: down 90% on PLTR calls,negative,-0.7576449905708758,PLTR,reddit,23,18
2024-11-07,"GUH moment on SPY, RIP my portfolio",negative,-0.582753048623267,SPY,reddit,157,14
2024-09-05,"this is financial advice, buy AMC",positive,0.7292254771613139,AMC,reddit,109,50
2023-02-08,"sold my BB bags, finally free",negative,-0.6786251674273771,BB,reddit,108,3
2023-06-27,apes dont sell 💎🙌 AAPL forever,positive,0.4752586942506274,AAPL,reddit,30,3
2024-01-11,bull thesis on MSFT: trust me bro,positive,0.49203966194917664,MSFT,reddit,17,14
2023-04-16,"sold my GOOGL bags, finally free",negative,-0.7675286732965829,GOOGL,reddit,21,10
2024-06-26,"theta gang on AMC, selling covered calls",neutral,0.13420710262561852,AMC,reddit,54,15
2023-06-20,"NVDA going to $0, get out while you can",negative,-0.6053610069295146,NVDA,reddit,220,7
2023-09-26,"MSFT rug pull, everyone got rekt",negative,-0.5968321518642785,MSFT,reddit,370,43
2023-03-18,loss porn: down 90% on AMZN calls,negative,-0.521417285092239,AMZN,reddit,76,15
2023-05-21,BB tendies printing 🍗🍗🍗,positive,0.4403268185373115,BB,reddit,170,9
2023-12-09,bull thesis on GOOGL: trust me bro,positive,0.7885678989264595,GOOGL,reddit,89,12
2024-10-25,anyone got DD on GME?,neutral,0.007559932009160747,GME,reddit,16,3
2023-05-26,what's the play on AMZN?,neutral,-0.04276662312327492,AMZN,reddit,94,8
2024-04-14,"TSLA squeeze incoming, shorts are fukd",positive,0.7366981420672252,TSLA,reddit,32,25
2024-07-16,MSFT IV too high for options rn,neutral,-0.01671402570187125,MSFT,reddit,65,48
2023-02-10,"GOOGL puts printing, bears eating good tonight",negative,-0.6156374473998076,GOOGL,reddit,188,2
2023-11-27,"positions: 100x BB 500c 1/20, wish me luck retards",positive,0.3413564188875984,BB,reddit,24,29
2023-10-27,"inverse WSB worked, sold PLTR at the top",negative,-0.7179889870761098,PLTR,reddit,127,22
2024-11-13,"PLTR rug pull, everyone got rekt",negative,-0.4079444795025764,PLTR,reddit,51,65
2024-02-09,"inverse WSB worked, sold GOOGL at the top",negative,-0.6399666983432719,GOOGL,reddit,229,12
2023-06-18,apes dont sell 💎🙌 GOOGL forever,positive,0.846753202312819,GOOGL,reddit,16,11
2024-10-26,DD: Why AMZN is going to $1000 🚀,positive,0.4257220104506514,AMZN,reddit,125,17
2024-11-13,"TSLA consolidating, waiting for breakout",neutral,-0.09400888029102084,TSLA,reddit,79,18
2024-10-28,"GUH moment on AAPL, RIP my portfolio",negative,-0.4927552707884565,AAPL,reddit,288,12
2024-01-20,NVDA tendies printing 🍗🍗🍗,positive,0.41725281569406864,NVDA,reddit,16,23
2024-06-15,if you're not buying PLTR rn you hate money,positive,0.5128302554719131,PLTR,reddit,135,24
2024-09-26,DD: Why PLTR is going to $1000 🚀,positive,0.754917294612452,PLTR,reddit,257,5
2023-05-23,"theta gang on META, selling covered calls",neutral,-0.160439288539752,META,reddit,19,1
2024-05-22,"inverse WSB worked, sold MSFT at the top",negative,-0.598708009269656,MSFT,reddit,359,0
2024-06-30,"positions: 100x GME 500c 1/20, wish me luck retards",positive,0.6938149141444874,GME,reddit,53,22
2024-09-26,"MSFT consolidating, waiting for breakout",neutral,0.01670131478200587,MSFT,reddit,52,80
2024-11-09,"sold my AMZN bags, finally free",negative,-0.4701054576293529,AMZN,reddit,32,0
2023-06-03,paper trading META before going in,neutral,-0.013870095409578453,META,reddit,269,7
2023-01-24,"this is financial advice, buy TSLA",positive,0.861670555923054,TSLA,reddit,499,6
2024-10-06,"theta gang on META, selling covered calls",neutral,0.1429580614479864,META,reddit,128,31
2023-02-03,BB tendies printing 🍗🍗🍗,positive,0.6427550790992745,BB,reddit,125,28
2023-11-07,paper trading TSLA before going in,neutral,-0.003531283985175049,TSLA,reddit,4,80
2024-09-14,if you're not buying SPY rn you hate money,positive,0.8054457236256896,SPY,reddit,22,104
2023-07-22,"AMC squeeze incoming, shorts are fukd",positive,0.3594864873820919,AMC,reddit,111,2
2024-03-14,"BB puts printing, bears eating good tonight",negative,-0.8091178761454689,BB,reddit,47,30
2024-02-28,wife's boyfriend approved my META purchase,positive,0.7141726492026634,META,reddit,113,20
2023-06-29,wife's boyfriend approved my PLTR purchase,positive,0.5141139379868156,PLTR,reddit,37,12
2024-06-10,"theta gang on AAPL, selling covered calls",neutral,0.05573777054404294,AAPL,reddit,38,19
2023-11-18,PLTR tendies printing 🍗🍗🍗,positive,0.5343185213877661,PLTR,reddit,76,35
2023-01-14,"NVDA consolidating, waiting for breakout",neutral,-0.0122055988170931,NVDA,reddit,66,38
2023-11-03,imagine buying META at ATH lmaooo,negative,-0.3066235488471154,META,reddit,96,12
2023-02-07,"GUH moment on AAPL, RIP my portfolio",negative,-0.880698217475954,AAPL,reddit,40,7
2024-07-04,what's the play on GME?,neutral,-0.17232221369634437,GME,reddit,304,102
2023-04-15,"theta gang on AAPL, selling covered calls",neutral,-0.07625909865851517,AAPL,reddit,90,1
2024-09-05,"AMZN squeeze incoming, shorts are fukd",positive,0.830946022422064,AMZN,reddit,53,1
2024-11-01,if you're not buying NVDA rn you hate money,positive,0.6800717967452279,NVDA,reddit,14,10
2024-08-02,if you're not buying GOOGL rn you hate money,positive,0.7540857820564875,GOOGL,reddit,52,26
2024-05-13,"NVDA rug pull, everyone got rekt",negative,-0.5161620607657855,NVDA,reddit,2,16
2024-05-20,"NVDA rug pull, everyone got rekt",negative,-0.3122219929376673,NVDA,reddit,25,0
2024-06-09,"this is financial advice, buy TSLA",positive,0.5843335906060172,TSLA,reddit,121,2
2024-10-17,if you're not buying AMC rn you hate money,positive,0.890340395896414,AMC,reddit,179,25
2024-02-28,"positions: 100x SPY 500c 1/20, wish me luck retards",positive,0.5478435732191607,SPY,reddit,265,2
2024-09-15,"META going to $0, get out while you can",negative,-0.5920925804111817,META,reddit,88,78
2023-10-04,"YOLO'd my life savings into AAPL calls, cant go tits up",positive,0.508768900621327,AAPL,reddit,438,19
2023-02-01,imagine buying TSLA at ATH lmaooo,negative,-0.8086012040060766,TSLA,reddit,68,17
2023-08-25,"sold my GME bags, finally free",negative,-0.695668144410256,GME,reddit,137,17
2024-06-25,BB IV too high for options rn,neutral,0.06943221724671217,BB,reddit,74,49
2023-01-24,"GME consolidating, waiting for breakout",neutral,-0.03988662720059408,GME,reddit,164,5
2024-03-24,DD: Why AMZN is going to $1000 🚀,positive,0.3928457213885088,AMZN,reddit,40,1
2023-12-03,"sold my META bags, finally free",negative,-0.5359838171659124,META,reddit,155,63
2024-05-17,"this is financial advice, buy AAPL",positive,0.7181087243744768,AAPL,reddit,66,12
2023-04-22,what's the play on GOOGL?,neutral,-0.09960265349511883,GOOGL,reddit,131,8
2023-08-09,"inverse WSB worked, sold TSLA at the top",negative,-0.392940932768416,TSLA,reddit,38,17
2024-03-15,"TSLA consolidating, waiting for breakout",neutral,0.07583954110743174,TSLA,reddit,36,1
2024-08-15,bull thesis on AMZN: trust me bro,positive,0.7690177665138394,AMZN,reddit,50,25
2023-08-12,if you're not buying AMC rn you hate money,positive,0.8700472392833125,AMC,reddit,77,7
2023-06-13,apes dont sell 💎🙌 MSFT forever,positive,0.8009082599965451,MSFT,reddit,208,17
2024-06-29,"inverse WSB worked, sold NVDA at the top",negative,-0.3948754997787042,NVDA,reddit,54,22
2024-07-02,"sold my AMZN bags, finally free",negative,-0.5624293508199771,AMZN,reddit,275,13
2023-08-04,wife's boyfriend approved my AMC purchase,positive,0.37203638194979555,AMC,reddit,113,26
2023-07-22,"this is financial advice, buy PLTR",positive,0.45955403086621327,PLTR,reddit,43,1
2023-01-04,MSFT tendies printing 🍗🍗🍗,positive,0.48517360575187635,MSFT,reddit,4,34
2024-04-19,"GUH moment on AMC, RIP my portfolio",negative,-0.30720369633975597,AMC,reddit,59,44
2024-07-24,DD: Why GME is going to $1000 🚀,positive,0.8291536946943403,GME,reddit,11,8
2023-04-12,"sold my AMC bags, finally free",negative,-0.8241416594147717,AMC,reddit,118,5
2024-06-11,if you're not buying AMC rn you hate money,positive,0.5185157952476931,AMC,reddit,14,2
2023-06-07,bull thesis on SPY: trust me bro,positive,0.5807855499563681,SPY,reddit,23,14
2024-02-24,loss porn: down 90% on TSLA calls,negative,-0.866321448326702,TSLA,reddit,116,8
2024-04-25,anyone got DD on MSFT?,neutral,0.195080658691547,MSFT,reddit,16,10
2023-09-24,"SPY consolidating, waiting for breakout",neutral,0.17089386577152405,SPY,reddit,99,46
2024-06-13,"theta gang on AMC, selling covered calls",neutral,0.09988405356434538,AMC,reddit,47,31
2023-01-14,"GUH moment on GOOGL, RIP my portfolio",negative,-0.33044657350448947,GOOGL,reddit,104,78
2023-04-16,"theta gang on GME, selling covered calls",neutral,0.14573020005009002,GME,reddit,108,9
2023-12-04,loss porn: down 90% on AMZN calls,negative,-0.7348645420163737,AMZN,reddit,96,11
2023-09-23,"YOLO'd my life savings into TSLA calls, cant go tits up",positive,0.8777704979854319,TSLA,reddit,23,54
2023-07-06,GOOGL tendies printing 🍗🍗🍗,positive,0.67275454580464,GOOGL,reddit,217,2
2024-07-11,wife's boyfriend approved my BB purchase,positive,0.55676643448672,BB,reddit,22,0
2023-05-13,"TSLA going to $0, get out while you can",negative,-0.4392087826887841,TSLA,reddit,27,4
2023-01-08,paper trading GOOGL before going in,neutral,0.15639982332263125,GOOGL,reddit,158,17
2023-05-21,apes dont sell 💎🙌 AMZN forever,positive,0.7728413983470948,AMZN,reddit,10,14
2023-08-14,GOOGL IV too high for options rn,neutral,-0.15801545478464624,GOOGL,reddit,13,9
2023-03-15,"META consolidating, waiting for breakout",neutral,-0.11363813369410654,META,reddit,267,10
2023-10-26,"AMZN going to $0, get out while you can",negative,-0.4631854652426627,AMZN,reddit,27,18
2023-09-28,"YOLO'd my life savings into AMC calls, cant go tits up",positive,0.7366349489744427,AMC,reddit,85,2
2024-08-26,if you're not buying GOOGL rn you hate money,positive,0.7687879272146989,GOOGL,reddit,26,21
2023-08-26,DD: Why PLTR is going to $1000 🚀,positive,0.4671392379872509,PLTR,reddit,253,17
2023-09-11,"NVDA puts printing, bears eating good tonight",negative,-0.7703101676518885,NVDA,reddit,29,1
2024-10-18,"NVDA puts printing, bears eating good tonight",negative,-0.43773183993842923,NVDA,reddit,57,10
2023-01-27,"AMZN squeeze incoming, shorts are fukd",positive,0.4729388797617481,AMZN,reddit,300,4
2023-11-07,"MSFT going to $0, get out while you can",negative,-0.8881263804805908,MSFT,reddit,108,36
2024-01-11,"YOLO'd my life savings into BB calls, cant go tits up",positive,0.3675589608522504,BB,reddit,28,13
2023-10-18,NVDA tendies printing 🍗🍗🍗,positive,0.561869561326193,NVDA,reddit,26,25
2024-01-29,"theta gang on GME, selling covered calls",neutral,0.10966396344312729,GME,reddit,172,19
2024-09-01,apes dont sell 💎🙌 GME forever,positive,0.4804313415010737,GME,reddit,87,15
2024-03-11,anyone got DD on MSFT?,neutral,-0.07936519582994445,MSFT,reddit,177,8
2023-01-28,"positions: 100x NVDA 500c 1/20, wish me luck retards",positive,0.31249315938981387,NVDA,reddit,22,17
2023-05-21,apes dont sell 💎🙌 AAPL forever,positive,0.5635425270815346,AAPL,reddit,98,2
2023-09-15,"AMC squeeze incoming, shorts are fukd",positive,0.45454398268329266,AMC,reddit,61,37
2023-11-07,DD: Why META is going to $1000 🚀,positive,0.7032671823259811,META,reddit,164,36
2023-06-12,"theta gang on NVDA, selling covered calls",neutral,-0.16771373962279365,NVDA,reddit,8,90
2023-06-22,"this is financial advice, buy AMC",positive,0.8622165229755785,AMC,reddit,80,31
2024-10-13,loss porn: down 90% on MSFT calls,negative,-0.7192303999136545,MSFT,reddit,12,35
2023-04-14,DD: Why NVDA is going to $1000 🚀,positive,0.5162193111182374,NVDA,reddit,145,3
2023-05-14,META IV too high for options rn,neutral,0.07566379785944666,META,reddit,92,1
2023-02-13,apes dont sell 💎🙌 SPY forever,positive,0.4370334344250092,SPY,reddit,17,73
2023-04-21,bull thesis on MSFT: trust me bro,positive,0.7949075179171774,MSFT,reddit,243,7
2024-11-24,imagine buying AMZN at ATH lmaooo,negative,-0.7903428472369816,AMZN,reddit,71,1
2024-03-31,"positions: 100x NVDA 500c 1/20, wish me luck retards",positive,0.34703287238640024,NVDA,reddit,197,11
2023-12-15,"positions: 100x GME 500c 1/20, wish me luck retards",positive,0.42911875029675906,GME,reddit,104,59
2024-05-21,"positions: 100x AMZN 500c 1/20, wish me luck retards",positive,0.6096036455500282,AMZN,reddit,13,48
2024-11-01,"TSLA rug pull, everyone got rekt",negative,-0.6411936476202199,TSLA,reddit,13,66
2023-09-07,loss porn: down 90% on TSLA calls,negative,-0.8470249853005177,TSLA,reddit,64,44
2024-11-06,"META puts printing, bears eating good tonight",negative,-0.7100981884820212,META,reddit,351,56
2023-09-02,what's the play on GME?,neutral,0.11356689490861788,GME,reddit,98,73
2023-04-30,DD: Why SPY is going to $1000 🚀,positive,0.762950106322952,SPY,reddit,9,20
2024-04-09,imagine buying AMZN at ATH lmaooo,negative,-0.37335226968141333,AMZN,reddit,185,3
2023-02-14,"GUH moment on TSLA, RIP my portfolio",negative,-0.4133698536162734,TSLA,reddit,101,17
2023-04-10,imagine buying BB at ATH lmaooo,negative,-0.49028316111251813,BB,reddit,125,1
2024-03-16,"positions: 100x AMZN 500c 1/20, wish me luck retards",positive,0.7117918506601111,AMZN,reddit,41,3
2024-09-26,if you're not buying GME rn you hate money,positive,0.7797741606249724,GME,reddit,113,27
2023-12-20,apes dont sell 💎🙌 AAPL forever,positive,0.8670099560666364,AAPL,reddit,196,9
2024-09-03,anyone got DD on BB?,neutral,-0.13719097545255854,BB,reddit,19,11
2023-02-13,"positions: 100x PLTR 500c 1/20, wish me luck retards",positive,0.7660981144500367,PLTR,reddit,59,15
2024-05-15,"this is financial advice, buy PLTR",positive,0.7687196617253661,PLTR,reddit,5,7
2023-11-22,paper trading GME before going in,neutral,0.11095359150254364,GME,reddit,175,111
2024-04-21,"YOLO'd my life savings into PLTR calls, cant go tits up",positive,0.3886503958561096,PLTR,reddit,200,5
2024-03-07,bull thesis on NVDA: trust me bro,positive,0.8380458212151547,NVDA,reddit,25,24
2023-06-23,wife's boyfriend approved my AAPL purchase,positive,0.7071480404690851,AAPL,reddit,63,11
2024-01-02,imagine buying TSLA at ATH lmaooo,negative,-0.7554665086992087,TSLA,reddit,194,0
2024-03-21,"theta gang on GME, selling covered calls",neutral,0.15627015441243863,GME,reddit,103,2
2023-07-01,DD: Why PLTR is going to $1000 🚀,positive,0.6527344292742494,PLTR,reddit,82,2
2023-04-20,"GOOGL squeeze incoming, shorts are fukd",positive,0.5432023943618147,GOOGL,reddit,88,2
2023-05-07,"GME puts printing, bears eating good tonight",negative,-0.3485312918986174,GME,reddit,56,0
2023-07-10,loss porn: down 90% on NVDA calls,negative,-0.5892385149718684,NVDA,reddit,43,1
2023-05-28,"YOLO'd my life savings into AMZN calls, cant go tits up",positive,0.5485612640820678,AMZN,reddit,9,6
2024-07-24,paper trading AMZN before going in,neutral,0.14462486920009515,AMZN,reddit,28,18
2024-09-04,"PLTR squeeze incoming, shorts are fukd",positive,0.39744591458298395,PLTR,reddit,190,1
2023-09-11,"BB squeeze incoming, shorts are fukd",positive,0.6864799422839374,BB,reddit,84,90
2023-09-13,paper trading SPY before going in,neutral,-0.10800264243445828,SPY,reddit,445,28
2023-02-22,"theta gang on PLTR, selling covered calls",neutral,-0.051545581664950685,PLTR,reddit,269,5
2024-01-15,"theta gang on MSFT, selling covered calls",neutral,-0.1295773964519415,MSFT,reddit,86,3
2024-01-04,SPY tendies printing 🍗🍗🍗,positive,0.3695499174419016,SPY,reddit,216,7
2024-10-08,"positions: 100x BB 500c 1/20, wish me luck retards",positive,0.4856978040113965,BB,reddit,158,5
2024-09-03,"sold my NVDA bags, finally free",negative,-0.6817879595523535,NVDA,reddit,75,16
2023-04-16,"SPY going to $0, get out while you can",negative,-0.4279195630026916,SPY,reddit,65,23
2023-04-08,"theta gang on AMC, selling covered calls",neutral,-0.13407175523729614,AMC,reddit,167,43
2023-11-29,"PLTR rug pull, everyone got rekt",negative,-0.8038897546689031,PLTR,reddit,168,44
2024-01-09,"PLTR going to $0, get out while you can",negative,-0.6326433408594402,PLTR,reddit,14,0
2024-06-07,wife's boyfriend approved my BB purchase,positive,0.6373819173632473,BB,reddit,244,13
2023-02-03,what's the play on META?,neutral,0.15073784253206535,META,reddit,86,5
2023-03-06,imagine buying AAPL at ATH lmaooo,negative,-0.7356678650966688,AAPL,reddit,57,0
2024-01-31,paper trading AAPL before going in,neutral,0.0838542579407765,AAPL,reddit,60,12
2024-02-12,"this is financial advice, buy AMZN",positive,0.537486641618558,AMZN,reddit,177,17
2023-07-21,anyone got DD on PLTR?,neutral,-0.004218405346051057,PLTR,reddit,57,34
2024-03-16,"GUH moment on AMZN, RIP my portfolio",negative,-0.40383041552902904,AMZN,reddit,132,23
2024-10-18,"sold my NVDA bags, finally free",negative,-0.35050044588041573,NVDA,reddit,49,9
2023-08-15,GOOGL tendies printing 🍗🍗🍗,positive,0.32758491619463026,GOOGL,reddit,443,22
2023-05-18,"theta gang on GOOGL, selling covered calls",neutral,-0.0368842434115105,GOOGL,reddit,172,21
2024-10-26,anyone got DD on TSLA?,neutral,0.005883466991396025,TSLA,reddit,52,4
2023-02-21,"BB puts printing, bears eating good tonight",negative,-0.8338736544673524,BB,reddit,17,21
2023-11-13,"YOLO'd my life savings into MSFT calls, cant go tits up",positive,0.8854862230331721,MSFT,reddit,119,0
2023-08-20,imagine buying GME at ATH lmaooo,negative,-0.7346981650786469,GME,reddit,196,3
2024-02-20,META tendies printing 🍗🍗🍗,positive,0.4099472754747185,META,reddit,24,20
2023-05-26,DD: Why AMZN is going to $1000 🚀,positive,0.5170005864476992,AMZN,reddit,142,59
2023-12-24,bull thesis on AAPL: trust me bro,positive,0.7271473776665549,AAPL,reddit,118,13
2023-09-10,"GUH moment on PLTR, RIP my portfolio",negative,-0.40755809929108505,PLTR,reddit,150,27
2023-11-24,if you're not buying GOOGL rn you hate money,positive,0.41232638384454556,GOOGL,reddit,9,14
2023-03-25,apes dont sell 💎🙌 TSLA forever,positive,0.5333868094575005,TSLA,reddit,144,6
2023-03-06,DD: Why META is going to $1000 🚀,positive,0.5901373985827594,META,reddit,27,13
2023-01-23,"YOLO'd my life savings into AMC calls, cant go tits up",positive,0.7991277769890264,AMC,reddit,8,14
2024-11-12,if you're not buying GOOGL rn you hate money,positive,0.8011753025835127,GOOGL,reddit,24,8
2024-02-25,"this is financial advice, buy TSLA",positive,0.3885891073385872,TSLA,reddit,78,32
2023-06-04,if you're not buying SPY rn you hate money,positive,0.476116681745837,SPY,reddit,161,18
2023-05-26,paper trading NVDA before going in,neutral,-0.19516981085708007,NVDA,reddit,106,37
2024-05-05,"GOOGL consolidating, waiting for breakout",neutral,0.06977052520393079,GOOGL,reddit,10,16
2024-11-22,anyone got DD on AMZN?,neutral,-0.10884904948645882,AMZN,reddit,3,9
2023-03-25,"sold my META bags, finally free",negative,-0.33326798543913516,META,reddit,268,29
2023-07-22,"YOLO'd my life savings into BB calls, cant go tits up",positive,0.5865286210767089,BB,reddit,95,0
2023-04-20,MSFT IV too high for options rn,neutral,-0.12454734287022468,MSFT,reddit,128,15
2023-01-02,imagine buying BB at ATH lmaooo,negative,-0.5652722758516061,BB,reddit,29,20
2024-02-09,NVDA IV too high for options rn,neutral,0.01142972445255458,NVDA,reddit,108,2
2024-06-07,imagine buying PLTR at ATH lmaooo,negative,-0.8172187379252647,PLTR,reddit,24,31
2024-02-23,loss porn: down 90% on AMZN calls,negative,-0.7238387239135456,AMZN,reddit,3,23
2023-12-27,anyone got DD on NVDA?,neutral,0.03886399558887069,NVDA,reddit,17,12
2024-03-26,"GME puts printing, bears eating good tonight",negative,-0.464812117056962,GME,reddit,16,1
2023-03-24,"YOLO'd my life savings into PLTR calls, cant go tits up",positive,0.8883425780507745,PLTR,reddit,82,6
2024-05-01,imagine buying META at ATH lmaooo,negative,-0.40095600586099084,META,reddit,20,6
2023-10-12,anyone got DD on GME?,neutral,0.06888354240568839,GME,reddit,49,0
2023-10-31,DD: Why PLTR is going to $1000 🚀,positive,0.3802971785637514,PLTR,reddit,69,0
2024-10-18,"NVDA going to $0, get out while you can",negative,-0.437077148051402,NVDA,reddit,9,5
2024-10-16,"AMZN rug pull, everyone got rekt",negative,-0.48120022769529636,AMZN,reddit,51,5
2023-08-20,"GUH moment on AMC, RIP my portfolio",negative,-0.30696098322529786,AMC,reddit,82,6
2024-08-11,"theta gang on TSLA, selling covered calls",neutral,-0.027195948873491693,TSLA,reddit,82,22
2023-05-21,"GUH moment on AAPL, RIP my portfolio",negative,-0.3713014305463951,AAPL,reddit,63,56
2024-07-04,apes dont sell 💎🙌 SPY forever,positive,0.5039874880826464,SPY,reddit,44,24
2023-04-02,"theta gang on NVDA, selling covered calls",neutral,-0.10649604760588449,NVDA,reddit,32,0
2023-04-23,"theta gang on TSLA, selling covered calls",neutral,0.13879403503374388,TSLA,reddit,127,32
2023-08-13,NVDA IV too high for options rn,neutral,0.19300497754587387,NVDA,reddit,23,1
2023-11-13,AMZN IV too high for options rn,neutral,-0.17813008078064776,AMZN,reddit,160,12
2024-01-31,"YOLO'd my life savings into MSFT calls, cant go tits up",positive,0.83345871175504,MSFT,reddit,118,32
2024-09-01,"inverse WSB worked, sold PLTR at the top",negative,-0.47271875389788665,PLTR,reddit,128,8
2024-10-13,MSFT tendies printing 🍗🍗🍗,positive,0.7314944565635912,MSFT,reddit,127,5
2024-09-23,paper trading AMC before going in,neutral,-0.11162305892792893,AMC,reddit,392,10
2023-03-24,"GME puts printing, bears eating good tonight",negative,-0.6492346627744501,GME,reddit,140,11
2024-03-17,apes dont sell 💎🙌 AMC forever,positive,0.6667156390176521,AMC,reddit,61,24
2023-11-30,"inverse WSB worked, sold AMC at the top",negative,-0.4433385750477798,AMC,reddit,163,34
2023-05-12,if you're not buying AMC rn you hate money,positive,0.306828569623034,AMC,reddit,109,8
2024-10-12,anyone got DD on BB?,neutral,0.11001438554278903,BB,reddit,28,5
2024-11-17,apes dont sell 💎🙌 TSLA forever,positive,0.33572720902509834,TSLA,reddit,76,16
2024-08-10,"theta gang on META, selling covered calls",neutral,0.1505088554288293,META,reddit,8,13
2023-03-06,"this is financial advice, buy MSFT",positive,0.8646368977867394,MSFT,reddit,7,5
2023-10-10,wife's boyfriend approved my NVDA purchase,positive,0.5606926036907083,NVDA,reddit,4,36
2023-08-28,"theta gang on PLTR, selling covered calls",neutral,0.1672386281138986,PLTR,reddit,348,0
2023-03-10,paper trading AAPL before going in,neutral,-0.19916105520454766,AAPL,reddit,211,37
2024-07-29,if you're not buying AMZN rn you hate money,positive,0.7834050981946918,AMZN,reddit,94,8
2023-09-11,loss porn: down 90% on GOOGL calls,negative,-0.46825504318209926,GOOGL,reddit,13,4
2023-08-17,DD: Why GME is going to $1000 🚀,positive,0.5961994334933518,GME,reddit,1,0
2023-03-09,if you're not buying SPY rn you hate money,positive,0.31834116994686407,SPY,reddit,116,10
2023-06-08,apes dont sell 💎🙌 AMC forever,positive,0.5661376380669931,AMC,reddit,59,11
2024-06-19,GME tendies printing 🍗🍗🍗,positive,0.6585547345955041,GME,reddit,67,0
2024-03-09,if you're not buying META rn you hate money,positive,0.7456424800385174,META,reddit,30,3
2024-06-27,apes dont sell 💎🙌 AMZN forever,positive,0.8981675459536769,AMZN,reddit,152,41
2024-04-02,TSLA tendies printing 🍗🍗🍗,positive,0.5846683832999628,TSLA,reddit,30,60
2024-10-01,"positions: 100x AMZN 500c 1/20, wish me luck retards",positive,0.36487705669230547,AMZN,reddit,97,40
2024-09-27,"sold my META bags, finally free",negative,-0.4757645223893901,META,reddit,156,1
2024-06-08,what's the play on AAPL?,neutral,0.13342239761412572,AAPL,reddit,22,2
2024-03-06,DD: Why MSFT is going to $1000 🚀,positive,0.8417805421324676,MSFT,reddit,41,23
2024-10-12,what's the play on GME?,neutral,0.02241745361535946,GME,reddit,59,23
2024-07-24,"GOOGL rug pull, everyone got rekt",negative,-0.7704181566160675,GOOGL,reddit,418,1
2023-04-12,"BB rug pull, everyone got rekt",negative,-0.765117274689559,BB,reddit,100,23
2024-06-14,anyone got DD on AMZN?,neutral,0.0749542730356007,AMZN,reddit,0,10
2023-03-21,"PLTR consolidating, waiting for breakout",neutral,-0.08974737173765478,PLTR,reddit,75,37
2024-03-20,"GME rug pull, everyone got rekt",negative,-0.6550528249187076,GME,reddit,4,8
2024-01-16,bull thesis on GME: trust me bro,positive,0.7190749026823915,GME,reddit,0,46
2024-02-21,apes dont sell 💎🙌 PLTR forever,positive,0.8730030932307757,PLTR,reddit,8,10
2024-08-23,"SPY rug pull, everyone got rekt",negative,-0.7248458959673512,SPY,reddit,192,24
2023-02-12,"inverse WSB worked, sold NVDA at the top",negative,-0.6074725733311189,NVDA,reddit,62,23
2024-02-23,"YOLO'd my life savings into AMZN calls, cant go tits up",positive,0.6450827280667537,AMZN,reddit,100,19
2023-07-25,"NVDA going to $0, get out while you can",negative,-0.8791512362282169,NVDA,reddit,51,4
2024-08-12,"YOLO'd my life savings into GME calls, cant go tits up",positive,0.31731174750376373,GME,reddit,51,2
2023-08-14,what's the play on META?,neutral,0.018005150271404036,META,reddit,142,1
2024-01-06,META IV too high for options rn,neutral,-0.08747388839922365,META,reddit,40,3
2024-02-03,what's the play on NVDA?,neutral,-0.11631894474311376,NVDA,reddit,101,28
2023-07-28,"AMC squeeze incoming, shorts are fukd",positive,0.6335612011955853,AMC,reddit,8,53
2024-04-28,"GUH moment on TSLA, RIP my portfolio",negative,-0.5604537798457994,TSLA,reddit,134,3
2024-09-22,anyone got DD on MSFT?,neutral,0.1337165174911472,MSFT,reddit,15,1
2023-03-17,GOOGL tendies printing 🍗🍗🍗,positive,0.6398845491453551,GOOGL,reddit,195,27
2023-07-08,if you're not buying AMZN rn you hate money,positive,0.5489750190549647,AMZN,reddit,29,6
2024-04-05,wife's boyfriend approved my GOOGL purchase,positive,0.7394801448168199,GOOGL,reddit,154,13
2023-03-30,DD: Why AMZN is going to $1000 🚀,positive,0.679699638556303,AMZN,reddit,61,27
2023-12-06,"sold my SPY bags, finally free",negative,-0.8818475974851293,SPY,reddit,301,12
2024-01-17,if you're not buying AMZN rn you hate money,positive,0.3283081803178895,AMZN,reddit,42,24
2024-08-04,DD: Why SPY is going to $1000 🚀,positive,0.6166361358650916,SPY,reddit,1,26
2023-04-11,wife's boyfriend approved my GME purchase,positive,0.775713508824188,GME,reddit,68,46
2023-10-25,"inverse WSB worked, sold AAPL at the top",negative,-0.5012841471189051,AAPL,reddit,111,14
2024-08-06,"sold my NVDA bags, finally free",negative,-0.8514695249040137,NVDA,reddit,101,7
2024-06-05,loss porn: down 90% on META calls,negative,-0.7173390673857938,META,reddit,36,11
2023-08-01,"theta gang on TSLA, selling covered calls",neutral,-0.013845984503211894,TSLA,reddit,30,7
2024-04-23,loss porn: down 90% on AMZN calls,negative,-0.8522487905284899,AMZN,reddit,186,15
2023-10-03,"positions: 100x GME 500c 1/20, wish me luck retards",positive,0.6461019052179979,GME,reddit,35,11
2024-06-01,"MSFT consolidating, waiting for breakout",neutral,0.1489248432293218,MSFT,reddit,29,8
2023-12-04,"YOLO'd my life savings into GOOGL calls, cant go tits up",positive,0.6420942429014451,GOOGL,reddit,331,19
2023-04-28,META IV too high for options rn,neutral,0.11850205927888185,META,reddit,29,13
2023-01-25,"GUH moment on MSFT, RIP my portfolio",negative,-0.39627494319009404,MSFT,reddit,22,3
2024-08-07,"this is financial advice, buy TSLA",positive,0.3216178525932771,TSLA,reddit,83,3
2023-06-09,BB tendies printing 🍗🍗🍗,positive,0.5697400142977989,BB,reddit,50,0
2023-12-13,wife's boyfriend approved my NVDA purchase,positive,0.8426397287155825,NVDA,reddit,174,33
2024-02-03,if you're not buying TSLA rn you hate money,positive,0.8392012626382042,TSLA,reddit,41,28
2023-05-02,"sold my SPY bags, finally free",negative,-0.7740163442140118,SPY,reddit,46,11
2024-10-21,GME tendies printing 🍗🍗🍗,positive,0.44058372599583784,GME,reddit,81,17
2023-10-26,anyone got DD on MSFT?,neutral,0.020906028836428003,MSFT,reddit,189,33
2024-04-04,GME tendies printing 🍗🍗🍗,positive,0.6020907980827499,GME,reddit,12,0
2023-09-12,"GOOGL going to $0, get out while you can",negative,-0.6791606160794048,GOOGL,reddit,131,11
2024-05-20,paper trading AMC before going in,neutral,0.13019679039920223,AMC,reddit,42,7
2023-04-02,bull thesis on PLTR: trust me bro,positive,0.628196415352988,PLTR,reddit,223,7
2023-10-13,"theta gang on AMZN, selling covered calls",neutral,-0.05545337660628885,AMZN,reddit,9,77
2023-06-14,"META squeeze incoming, shorts are fukd",positive,0.6378734254464453,META,reddit,131,39
2024-08-28,loss porn: down 90% on AAPL calls,negative,-0.35744527947767657,AAPL,reddit,11,0
2023-02-28,"sold my TSLA bags, finally free",negative,-0.33466172107030956,TSLA,reddit,222,7
2024-09-28,"theta gang on AAPL, selling covered calls",neutral,0.012776623073572496,AAPL,reddit,99,18
2024-01-17,"NVDA puts printing, bears eating good tonight",negative,-0.6321392619640192,NVDA,reddit,336,20
2023-02-21,"theta gang on MSFT, selling covered calls",neutral,-0.11814160788285429,MSFT,reddit,30,6
2023-03-17,"NVDA puts printing, bears eating good tonight",negative,-0.8642108785638802,NVDA,reddit,43,10
2024-07-11,bull thesis on PLTR: trust me bro,positive,0.4998273170316634,PLTR,reddit,0,1
2023-06-07,"TSLA puts printing, bears eating good tonight",negative,-0.622496300945315,TSLA,reddit,46,27
2024-08-26,"AMZN consolidating, waiting for breakout",neutral,0.01375966982116164,AMZN,reddit,402,22
2024-08-12,paper trading PLTR before going in,neutral,0.03916167378789509,PLTR,reddit,80,59
2023-12-22,DD: Why PLTR is going to $1000 🚀,positive,0.7663488411509509,PLTR,reddit,85,1
2024-03-04,"AMZN going to $0, get out while you can",negative,-0.8474075889486501,AMZN,reddit,89,9
2023-01-10,"positions: 100x SPY 500c 1/20, wish me luck retards",positive,0.73744868575819,SPY,reddit,147,45
2023-04-16,loss porn: down 90% on NVDA calls,negative,-0.8985486579650656,NVDA,reddit,77,40
2023-04-22,"this is financial advice, buy AAPL",positive,0.30482360107280243,AAPL,reddit,70,3
2024-02-18,AMC tendies printing 🍗🍗🍗,positive,0.5500485220281047,AMC,reddit,56,0
2023-02-08,"GUH moment on AMZN, RIP my portfolio",negative,-0.6297647758424194,AMZN,reddit,491,3
2024-10-16,anyone got DD on NVDA?,neutral,0.15277919283692148,NVDA,reddit,112,35
2023-05-17,"NVDA rug pull, everyone got rekt",negative,-0.5154918383249933,NVDA,reddit,87,11
2024-08-21,DD: Why GME is going to $1000 🚀,positive,0.3124011067683763,GME,reddit,19,11
2024-03-09,loss porn: down 90% on AMC calls,negative,-0.5558617485811717,AMC,reddit,16,29
2024-08-29,"SPY puts printing, bears eating good tonight",negative,-0.41472790518101366,SPY,reddit,353,58
2023-04-06,"GME puts printing, bears eating good tonight",negative,-0.7349720834010631,GME,reddit,116,5
2023-08-25,bull thesis on AMZN: trust me bro,positive,0.622701049275466,AMZN,reddit,175,0
2023-06-12,if you're not buying AAPL rn you hate money,positive,0.8271395210900658,AAPL,reddit,163,11
2024-05-03,"GUH moment on AMZN, RIP my portfolio",negative,-0.557062461213997,AMZN,reddit,14,20
2023-09-03,what's the play on AMZN?,neutral,-0.11777474124564545,AMZN,reddit,196,1
2023-10-09,paper trading PLTR before going in,neutral,0.10617156534510092,PLTR,reddit,16,32
2024-08-03,"GME squeeze incoming, shorts are fukd",positive,0.44297978252294923,GME,reddit,191,78
2023-01-15,what's the play on AMZN?,neutral,0.17565890870261935,AMZN,reddit,137,4
2023-01-26,DD: Why PLTR is going to $1000 🚀,positive,0.7856694197593519,PLTR,reddit,22,0
2024-01-25,what's the play on NVDA?,neutral,-0.03509350326288291,NVDA,reddit,139,1
2023-09-12,imagine buying AMZN at ATH lmaooo,negative,-0.8190421354592546,AMZN,reddit,38,22
2024-09-17,"MSFT rug pull, everyone got rekt",negative,-0.8011463258445483,MSFT,reddit,317,27
2024-05-19,"this is financial advice, buy AAPL",positive,0.8754107754053735,AAPL,reddit,19,2
2023-03-10,what's the play on AMZN?,neutral,-0.013662737477310005,AMZN,reddit,263,9
2023-03-19,"positions: 100x MSFT 500c 1/20, wish me luck retards",positive,0.6595617312931523,MSFT,reddit,9,6
2023-01-21,"inverse WSB worked, sold META at the top",negative,-0.49797828976374525,META,reddit,64,31
2023-09-25,"inverse WSB worked, sold SPY at the top",negative,-0.6732094455024472,SPY,reddit,100,8
2024-10-03,"GOOGL rug pull, everyone got rekt",negative,-0.8163198412809383,GOOGL,reddit,265,68
2024-02-12,"AMZN puts printing, bears eating good tonight",negative,-0.8873976490696629,AMZN,reddit,1,11
2023-03-30,"GOOGL puts printing, bears eating good tonight",negative,-0.6486647654288324,GOOGL,reddit,8,18
2023-08-05,"this is financial advice, buy TSLA",positive,0.8564241554651593,TSLA,reddit,42,11
2023-03-26,"sold my AAPL bags, finally free",negative,-0.7042406140591979,AAPL,reddit,174,13
2023-10-18,"inverse WSB worked, sold MSFT at the top",negative,-0.41079309063769714,MSFT,reddit,11,28
2023-05-31,"theta gang on PLTR, selling covered calls",neutral,-0.010518541790743907,PLTR,reddit,155,15
2024-01-31,wife's boyfriend approved my GME purchase,positive,0.48596929223296126,GME,reddit,114,14
2023-06-24,"GME consolidating, waiting for breakout",neutral,-0.02578069263345356,GME,reddit,81,10
2024-05-16,AMZN tendies printing 🍗🍗🍗,positive,0.34029385685999747,AMZN,reddit,179,1
2024-11-08,"GUH moment on MSFT, RIP my portfolio",negative,-0.8390291136460529,MSFT,reddit,189,5
2024-03-30,"GOOGL rug pull, everyone got rekt",negative,-0.6098726759907128,GOOGL,reddit,79,3
2024-08-08,imagine buying GOOGL at ATH lmaooo,negative,-0.839779977798689,GOOGL,reddit,23,4
2023-03-06,apes dont sell 💎🙌 SPY forever,positive,0.6329670675422983,SPY,reddit,125,42
2024-07-24,"sold my BB bags, finally free",negative,-0.374698673860149,BB,reddit,500,39
2024-09-14,imagine buying NVDA at ATH lmaooo,negative,-0.6385906743979985,NVDA,reddit,226,82
2024-10-25,"SPY puts printing, bears eating good tonight",negative,-0.5524441043675181,SPY,reddit,310,45
2023-08-09,imagine buying META at ATH lmaooo,negative,-0.48357874030626713,META,reddit,9,27
2024-09-26,if you're not buying TSLA rn you hate money,positive,0.8930211616006971,TSLA,reddit,122,2
2024-11-09,"SPY squeeze incoming, shorts are fukd",positive,0.819641307699331,SPY,reddit,278,1
2023-01-19,GME IV too high for options rn,neutral,0.13942295091595236,GME,reddit,8,16
2024-06-18,imagine buying GOOGL at ATH lmaooo,negative,-0.6642945075052351,GOOGL,reddit,94,15
2023-07-06,"GME puts printing, bears eating good tonight",negative,-0.5458239279947519,GME,reddit,138,0
2023-10-19,DD: Why NVDA is going to $1000 🚀,positive,0.7785399472541223,NVDA,reddit,125,22
2024-06-23,"this is financial advice, buy NVDA",positive,0.523907670858367,NVDA,reddit,152,5
2023-04-15,apes dont sell 💎🙌 AMC forever,positive,0.6279591897389074,AMC,reddit,323,1
2023-10-22,paper trading AMC before going in,neutral,-0.02555433860717274,AMC,reddit,65,1
2023-07-18,"inverse WSB worked, sold AMZN at the top",negative,-0.577693123903668,AMZN,reddit,35,3
2023-12-19,"positions: 100x BB 500c 1/20, wish me luck retards",positive,0.4346085903822353,BB,reddit,18,26
2023-07-19,"GUH moment on TSLA, RIP my portfolio",negative,-0.3433636356705141,TSLA,reddit,76,12
2024-08-08,imagine buying TSLA at ATH lmaooo,negative,-0.5978771114312056,TSLA,reddit,231,0
2024-01-25,"inverse WSB worked, sold AAPL at the top",negative,-0.4875952791542289,AAPL,reddit,239,2
2024-06-05,"inverse WSB worked, sold META at the top",negative,-0.8599034075358697,META,reddit,38,7
2023-03-07,"positions: 100x AAPL 500c 1/20, wish me luck retards",positive,0.7321795426557023,AAPL,reddit,114,1
2023-04-21,what's the play on AMZN?,neutral,0.041302403969509266,AMZN,reddit,23,41
2023-06-06,"AMZN squeeze incoming, shorts are fukd",positive,0.36904001480597626,AMZN,reddit,292,32
2023-09-26,wife's boyfriend approved my AMZN purchase,positive,0.4967395792803373,AMZN,reddit,28,39
2024-11-25,GME tendies printing 🍗🍗🍗,positive,0.475817886295763,GME,reddit,25,36
2024-04-08,bull thesis on META: trust me bro,positive,0.7572324208916735,META,reddit,238,0
2024-09-23,wife's boyfriend approved my MSFT purchase,positive,0.625304910374205,MSFT,reddit,46,6
2023-07-29,"GUH moment on GME, RIP my portfolio",negative,-0.5383049456422706,GME,reddit,51,14
2024-05-01,if you're not buying PLTR rn you hate money,positive,0.4961844917281327,PLTR,reddit,1,4
2023-10-06,"theta gang on AAPL, selling covered calls",neutral,-0.10965425826950877,AAPL,reddit,21,1
2023-04-19,"AMC squeeze incoming, shorts are fukd",positive,0.7093325563857134,AMC,reddit,14,17
2024-05-28,wife's boyfriend approved my AMC purchase,positive,0.49695326173213816,AMC,reddit,74,5
2024-03-09,"AMZN puts printing, bears eating good tonight",negative,-0.6846792112768645,AMZN,reddit,135,8
2023-12-02,"this is financial advice, buy GOOGL",positive,0.44661106112999505,GOOGL,reddit,69,6
2024-08-06,"BB going to $0, get out while you can",negative,-0.8388631735907233,BB,reddit,87,33
2023-09-04,"this is financial advice, buy NVDA",positive,0.6612776466471231,NVDA,reddit,120,46
2023-09-03,"sold my AMC bags, finally free",negative,-0.8081174179268718,AMC,reddit,17,12
2023-11-15,"GUH moment on PLTR, RIP my portfolio",negative,-0.7927866612072219,PLTR,reddit,30,1
2023-02-25,"MSFT rug pull, everyone got rekt",negative,-0.749608450937276,MSFT,reddit,206,37
2024-11-18,"AMZN going to $0, get out while you can",negative,-0.5670322561267923,AMZN,reddit,68,71
2023-12-03,"META squeeze incoming, shorts are fukd",positive,0.8674233420995761,META,reddit,107,1
2024-08-17,"META squeeze incoming, shorts are fukd",positive,0.6857053830398099,META,reddit,31,5
2023-12-19,"GOOGL rug pull, everyone got rekt",negative,-0.5527348863905592,GOOGL,reddit,30,40
2023-04-27,"GUH moment on NVDA, RIP my portfolio",negative,-0.6137924227977543,NVDA,reddit,194,10
2023-12-27,"NVDA going to $0, get out while you can",negative,-0.833589299482736,NVDA,reddit,56,5
2024-01-18,"positions: 100x AMC 500c 1/20, wish me luck retards",positive,0.773952914783573,AMC,reddit,38,10
2024-02-18,imagine buying META at ATH lmaooo,negative,-0.5754925400173136,META,reddit,95,4
2024-07-05,"positions: 100x BB 500c 1/20, wish me luck retards",positive,0.5640832817626351,BB,reddit,59,1
2024-06-19,"GUH moment on BB, RIP my portfolio",negative,-0.7845314831346955,BB,reddit,90,10
2024-09-27,apes dont sell 💎🙌 BB forever,positive,0.6275041991428205,BB,reddit,91,24
2024-08-16,paper trading TSLA before going in,neutral,-0.04507293747037036,TSLA,reddit,56,17
2024-09-04,anyone got DD on META?,neutral,0.18998938982720953,META,reddit,21,10
2024-11-08,wife's boyfriend approved my NVDA purchase,positive,0.407075125321533,NVDA,reddit,180,3
2023-07-27,if you're not buying TSLA rn you hate money,positive,0.4081799188062435,TSLA,reddit,74,31
2023-02-26,"this is financial advice, buy AAPL",positive,0.7056885115578426,AAPL,reddit,10,53
2023-07-09,DD: Why SPY is going to $1000 🚀,positive,0.6548919512974709,SPY,reddit,83,157
2024-07-06,"positions: 100x GME 500c 1/20, wish me luck retards",positive,0.6616346828822313,GME,reddit,16,29
2024-03-25,"BB consolidating, waiting for breakout",neutral,0.1551340895565026,BB,reddit,33,7
2024-11-01,"inverse WSB worked, sold AMC at the top",negative,-0.6185414203255084,AMC,reddit,53,19
2024-05-24,"sold my BB bags, finally free",negative,-0.6285029735919928,BB,reddit,91,43
2024-08-16,"SPY consolidating, waiting for breakout",neutral,-0.1558733679385469,SPY,reddit,20,24
2023-05-06,bull thesis on AMC: trust me bro,positive,0.5640445405400916,AMC,reddit,121,9
2023-08-30,"inverse WSB worked, sold AMC at the top",negative,-0.41977421789854613,AMC,reddit,61,11
2023-07-17,"MSFT consolidating, waiting for breakout",neutral,-0.023752689126016302,MSFT,reddit,130,2
2024-08-25,"AMZN consolidating, waiting for breakout",neutral,0.12918603959023656,AMZN,reddit,22,10
2024-06-21,"AMZN going to $0, get out while you can",negative,-0.8489575452287815,AMZN,reddit,49,3
2024-02-18,what's the play on AMC?,neutral,0.16511939465751735,AMC,reddit,16,27
2024-07-07,apes dont sell 💎🙌 AAPL forever,positive,0.34488837180382437,AAPL,reddit,18,26
2023-05-26,"inverse WSB worked, sold AMC at the top",negative,-0.7082534494592978,AMC,reddit,98,2
2024-10-12,DD: Why PLTR is going to $1000 🚀,positive,0.5023625196442804,PLTR,reddit,49,17
2023-08-03,"GUH moment on AMZN, RIP my portfolio",negative,-0.705664106379734,AMZN,reddit,125,1
2024-03-15,paper trading AAPL before going in,neutral,0.15869567448287952,AAPL,reddit,0,12
2023-10-15,AMZN tendies printing 🍗🍗🍗,positive,0.8372141292440947,AMZN,reddit,144,6
2023-04-19,AAPL tendies printing 🍗🍗🍗,positive,0.7066979882882576,AAPL,reddit,140,39
2024-04-03,"AMZN consolidating, waiting for breakout",neutral,0.10426484325152052,AMZN,reddit,113,54
2023-05-04,"theta gang on AMZN, selling covered calls",neutral,0.013872409698508503,AMZN,reddit,214,51
2024-10-18,wife's boyfriend approved my BB purchase,positive,0.4154045912724305,BB,reddit,59,6
2023-08-07,wife's boyfriend approved my GOOGL purchase,positive,0.8085365693566557,GOOGL,reddit,58,14
2023-04-30,"YOLO'd my life savings into GME calls, cant go tits up",positive,0.5874799143343504,GME,reddit,204,0
2023-12-14,bull thesis on AMC: trust me bro,positive,0.7499715898610597,AMC,reddit,67,39
2024-01-16,"AMC rug pull, everyone got rekt",negative,-0.8601902603038193,AMC,reddit,72,9
2023-08-01,loss porn: down 90% on AAPL calls,negative,-0.33641148801111853,AAPL,reddit,277,13
2024-06-25,paper trading GOOGL before going in,neutral,0.07216306067992795,GOOGL,reddit,55,17
2023-01-02,what's the play on BB?,neutral,-0.06720771778336251,BB,reddit,112,28
2023-01-10,"GOOGL squeeze incoming, shorts are fukd",positive,0.4565595480566876,GOOGL,reddit,88,3
2024-05-15,DD: Why GME is going to $1000 🚀,positive,0.3475067240143168,GME,reddit,268,44
2024-01-06,MSFT IV too high for options rn,neutral,0.055971964205899616,MSFT,reddit,47,58
2023-12-29,"YOLO'd my life savings into TSLA calls, cant go tits up",positive,0.5110442989001984,TSLA,reddit,101,7
2024-08-23,imagine buying PLTR at ATH lmaooo,negative,-0.5317486358958948,PLTR,reddit,22,52
2023-08-01,"GUH moment on GOOGL, RIP my portfolio",negative,-0.4038607210872745,GOOGL,reddit,206,12
2024-01-07,loss porn: down 90% on MSFT calls,negative,-0.44013723153873446,MSFT,reddit,86,26
2023-05-20,"YOLO'd my life savings into BB calls, cant go tits up",positive,0.4952857042325599,BB,reddit,46,25
2023-09-30,loss porn: down 90% on MSFT calls,negative,-0.65344805981513,MSFT,reddit,237,9
2024-05-14,TSLA tendies printing 🍗🍗🍗,positive,0.8924391226747377,TSLA,reddit,90,13
2024-11-24,wife's boyfriend approved my NVDA purchase,positive,0.5716011367202667,NVDA,reddit,112,0
2024-07-09,"positions: 100x META 500c 1/20, wish me luck retards",positive,0.6281729219610038,META,reddit,220,3
2024-11-06,"YOLO'd my life savings into AMZN calls, cant go tits up",positive,0.7839289595803467,AMZN,reddit,466,35
2023-12-22,loss porn: down 90% on MSFT calls,negative,-0.3286466746661785,MSFT,reddit,6,4
2024-04-21,loss porn: down 90% on GOOGL calls,negative,-0.5005364196682288,GOOGL,reddit,57,13
2023-10-28,MSFT tendies printing 🍗🍗🍗,positive,0.3554609077679723,MSFT,reddit,117,2
2023-01-31,"GUH moment on GOOGL, RIP my portfolio",negative,-0.3734309605021582,GOOGL,reddit,120,10
2023-01-15,apes dont sell 💎🙌 AAPL forever,positive,0.686287815671072,AAPL,reddit,63,11
2024-01-18,"this is financial advice, buy AAPL",positive,0.5941862071731936,AAPL,reddit,12,15
2024-04-22,"inverse WSB worked, sold BB at the top",negative,-0.841056348165056,BB,reddit,96,8
2024-06-18,"positions: 100x NVDA 500c 1/20, wish me luck retards",positive,0.430035730822525,NVDA,reddit,109,7
2023-10-31,"inverse WSB worked, sold GME at the top",negative,-0.31543375578569655,GME,reddit,36,28
2023-10-19,"YOLO'd my life savings into GME calls, cant go tits up",positive,0.8963718910513914,GME,reddit,244,9
2023-07-10,"sold my NVDA bags, finally free",negative,-0.723181893767591,NVDA,reddit,41,21
2023-04-18,anyone got DD on AMZN?,neutral,-0.1480796739996469,AMZN,reddit,11,3
2023-05-13,bull thesis on BB: trust me bro,positive,0.5965488044777014,BB,reddit,9,10
2024-10-19,what's the play on TSLA?,neutral,0.01836063671005167,TSLA,reddit,90,0
2024-10-06,apes dont sell 💎🙌 BB forever,positive,0.388996943812263,BB,reddit,72,36
2023-05-18,"inverse WSB worked, sold SPY at the top",negative,-0.6575143399960209,SPY,reddit,291,15
2023-08-19,GME tendies printing 🍗🍗🍗,positive,0.6839913348239208,GME,reddit,58,3
2024-04-19,loss porn: down 90% on AMZN calls,negative,-0.34139086726307033,AMZN,reddit,35,11
2024-06-28,what's the play on AMZN?,neutral,-0.07466612857848229,AMZN,reddit,53,4
2023-11-02,anyone got DD on PLTR?,neutral,0.16609625308930992,PLTR,reddit,18,36
2023-07-11,"PLTR consolidating, waiting for breakout",neutral,0.17190011897898677,PLTR,reddit,6,2
2023-11-16,"sold my TSLA bags, finally free",negative,-0.7364476735629201,TSLA,reddit,267,13
2023-08-29,what's the play on AMC?,neutral,0.16825343755991717,AMC,reddit,9,52
2024-01-06,"positions: 100x SPY 500c 1/20, wish me luck retards",positive,0.5639813261177232,SPY,reddit,105,0
2023-07-27,if you're not buying AAPL rn you hate money,positive,0.7097496856297248,AAPL,reddit,116,12
2023-08-19,"GUH moment on TSLA, RIP my portfolio",negative,-0.7145373734477949,TSLA,reddit,234,2
2024-02-24,imagine buying TSLA at ATH lmaooo,negative,-0.4585264892205904,TSLA,reddit,98,0
2024-02-09,"positions: 100x GME 500c 1/20, wish me luck retards",positive,0.3107663989532051,GME,reddit,36,29
2024-11-19,"AMZN going to $0, get out while you can",negative,-0.8191824383339165,AMZN,reddit,45,2
2024-07-19,anyone got DD on NVDA?,neutral,0.08604082939674984,NVDA,reddit,2,18
2023-08-22,loss porn: down 90% on BB calls,negative,-0.5461163204500936,BB,reddit,94,14
2024-06-20,"this is financial advice, buy MSFT",positive,0.5475159616904521,MSFT,reddit,153,20
2024-10-09,"sold my GME bags, finally free",negative,-0.43745671544891,GME,reddit,24,1
2024-09-16,wife's boyfriend approved my AMC purchase,positive,0.315729334097931,AMC,reddit,132,16
2023-11-26,"META going to $0, get out while you can",negative,-0.7634982557013864,META,reddit,163,11
2023-11-22,"SPY puts printing, bears eating good tonight",negative,-0.8073813729018857,SPY,reddit,160,8
2023-10-10,"META squeeze incoming, shorts are fukd",positive,0.5430315459963144,META,reddit,286,136
2023-06-04,"MSFT puts printing, bears eating good tonight",negative,-0.39413847271364677,MSFT,reddit,31,5
2023-02-07,"TSLA consolidating, waiting for breakout",neutral,-0.17743475647519913,TSLA,reddit,13,11
2023-04-10,"sold my BB bags, finally free",negative,-0.8391156157518365,BB,reddit,126,26
2024-07-16,wife's boyfriend approved my MSFT purchase,positive,0.3894845687034869,MSFT,reddit,39,16
2024-05-27,loss porn: down 90% on GME calls,negative,-0.7645451471220239,GME,reddit,16,4
2023-04-18,imagine buying NVDA at ATH lmaooo,negative,-0.5560142343482344,NVDA,reddit,24,70
2024-04-09,"GOOGL rug pull, everyone got rekt",negative,-0.8858612181320457,GOOGL,reddit,58,8
2023-05-10,"SPY consolidating, waiting for breakout",neutral,-0.09528958146892963,SPY,reddit,150,12
2023-03-09,"this is financial advice, buy SPY",positive,0.8879348996761751,SPY,reddit,362,4
2023-10-14,"positions: 100x PLTR 500c 1/20, wish me luck retards",positive,0.7991294146508223,PLTR,reddit,63,5
2023-12-24,"YOLO'd my life savings into MSFT calls, cant go tits up",positive,0.7683888672869775,MSFT,reddit,127,1
2023-04-02,paper trading PLTR before going in,neutral,-0.09776534969194489,PLTR,reddit,29,17
2024-05-10,"MSFT rug pull, everyone got rekt",negative,-0.6117457277397593,MSFT,reddit,79,2
2023-11-08,"MSFT rug pull, everyone got rekt",negative,-0.8849402270458567,MSFT,reddit,53,2
2023-01-16,NVDA IV too high for options rn,neutral,-0.11099233380205353,NVDA,reddit,59,6
2023-09-20,"theta gang on GME, selling covered calls",neutral,0.0586027506038273,GME,reddit,50,3
2023-09-24,"positions: 100x BB 500c 1/20, wish me luck retards",positive,0.7535297558561114,BB,reddit,40,22
2024-07-13,wife's boyfriend approved my MSFT purchase,positive,0.7098202890308872,MSFT,reddit,31,25
2024-11-11,"SPY going to $0, get out while you can",negative,-0.3511417894797565,SPY,reddit,11,22
2023-11-03,bull thesis on AMZN: trust me bro,positive,0.6334924144207159,AMZN,reddit,206,41
2024-07-31,META IV too high for options rn,neutral,-0.1922674627603528,META,reddit,2,13
2023-01-11,DD: Why SPY is going to $1000 🚀,positive,0.7395768950574209,SPY,reddit,18,12
2023-03-30,loss porn: down 90% on BB calls,negative,-0.5858483603914644,BB,reddit,37,20
2024-08-03,"AMC puts printing, bears eating good tonight",negative,-0.8875237186824462,AMC,reddit,25,9
2024-05-30,if you're not buying GME rn you hate money,positive,0.602294291000349,GME,reddit,8,26
2024-11-17,"positions: 100x GOOGL 500c 1/20, wish me luck retards",positive,0.49517623637959624,GOOGL,reddit,55,2
2024-01-16,anyone got DD on AMZN?,neutral,-0.109826216946164,AMZN,reddit,84,4
2024-09-23,anyone got DD on NVDA?,neutral,-0.09313526612282784,NVDA,reddit,171,7
2024-04-26,paper trading BB before going in,neutral,-0.11110175360769543,BB,reddit,55,9
2024-11-05,"theta gang on AAPL, selling covered calls",neutral,0.1817060341680688,AAPL,reddit,48,1
2023-06-28,"theta gang on AAPL, selling covered calls",neutral,-0.1868076404475031,AAPL,reddit,79,14
2023-03-08,apes dont sell 💎🙌 SPY forever,positive,0.4167211267724789,SPY,reddit,137,19
2023-08-04,apes dont sell 💎🙌 MSFT forever,positive,0.5277876013400202,MSFT,reddit,7,12
2023-06-13,"META puts printing, bears eating good tonight",negative,-0.31476834132364495,META,reddit,95,133
2023-08-27,if you're not buying META rn you hate money,positive,0.3194310444415869,META,reddit,111,5
2024-10-21,what's the play on AMZN?,neutral,0.12779453581503836,AMZN,reddit,40,7
2023-07-28,"GME puts printing, bears eating good tonight",negative,-0.5047486792362381,GME,reddit,185,22
2024-10-02,"PLTR rug pull, everyone got rekt",negative,-0.8196451498428509,PLTR,reddit,215,14
2024-09-22,BB tendies printing 🍗🍗🍗,positive,0.7068512145158489,BB,reddit,19,21
2024-07-14,"this is financial advice, buy AMZN",positive,0.35687051687487303,AMZN,reddit,3,14
2023-08-13,"GUH moment on AAPL, RIP my portfolio",negative,-0.3995074729421275,AAPL,reddit,311,5
2023-01-19,what's the play on GME?,neutral,0.02632707222946934,GME,reddit,9,45
2023-09-12,if you're not buying PLTR rn you hate money,positive,0.5533091222940916,PLTR,reddit,22,43
2024-10-23,DD: Why META is going to $1000 🚀,positive,0.5330503471186747,META,reddit,224,16
2024-09-01,wife's boyfriend approved my SPY purchase,positive,0.5865474586167504,SPY,reddit,133,11
2023-11-22,what's the play on AAPL?,neutral,0.09287496182650584,AAPL,reddit,59,23
2023-01-07,BB IV too high for options rn,neutral,-0.09001468097395145,BB,reddit,34,2
2023-09-29,anyone got DD on GME?,neutral,0.17126693896860712,GME,reddit,147,6
2024-11-24,loss porn: down 90% on AMC calls,negative,-0.585879540598278,AMC,reddit,97,0
2023-06-04,wife's boyfriend approved my AMZN purchase,positive,0.5092835311220195,AMZN,reddit,157,2
2023-01-01,"this is financial advice, buy PLTR",positive,0.537246506850887,PLTR,reddit,37,3
2023-02-18,"sold my META bags, finally free",negative,-0.39173498954084995,META,reddit,14,6
2023-03-19,"theta gang on META, selling covered calls",neutral,-0.07916799550526372,META,reddit,36,2
2024-01-30,"this is financial advice, buy AAPL",positive,0.42737288286233766,AAPL,reddit,29,21
2024-06-09,"GOOGL rug pull, everyone got rekt",negative,-0.8455121793944246,GOOGL,reddit,129,24
2023-08-13,anyone got DD on AMC?,neutral,0.05380026487265105,AMC,reddit,74,10
2023-11-17,paper trading AMC before going in,neutral,0.13739764443678276,AMC,reddit,115,13
2023-10-22,"theta gang on MSFT, selling covered calls",neutral,0.07455458402763598,MSFT,reddit,111,67
2024-01-10,apes dont sell 💎🙌 AAPL forever,positive,0.38759467618072385,AAPL,reddit,79,36
2024-03-05,"META squeeze incoming, shorts are fukd",positive,0.8994869409463275,META,reddit,7,5
2023-06-11,"sold my AAPL bags, finally free",negative,-0.7841780341381872,AAPL,reddit,71,5
2024-01-11,apes dont sell 💎🙌 MSFT forever,positive,0.7927072937674058,MSFT,reddit,237,26
2023-09-11,"AMZN rug pull, everyone got rekt",negative,-0.5658642174642876,AMZN,reddit,29,3
2023-04-02,"theta gang on META, selling covered calls",neutral,-0.12449689582366569,META,reddit,4,28
2024-04-08,"this is financial advice, buy MSFT",positive,0.4497158839438994,MSFT,reddit,245,23
2024-01-18,"TSLA puts printing, bears eating good tonight",negative,-0.4857689289276548,TSLA,reddit,102,40
2024-11-22,GOOGL IV too high for options rn,neutral,-0.19781257452825673,GOOGL,reddit,68,29
2024-01-20,bull thesis on GME: trust me bro,positive,0.7686740277440218,GME,reddit,406,12
2023-03-19,"AAPL going to $0, get out while you can",negative,-0.5678389880598106,AAPL,reddit,158,39
2023-10-16,DD: Why GME is going to $1000 🚀,positive,0.793651348179748,GME,reddit,20,4
2024-04-29,"PLTR rug pull, everyone got rekt",negative,-0.5129145407640165,PLTR,reddit,79,0
2023-08-25,"inverse WSB worked, sold AMZN at the top",negative,-0.44710388458722844,AMZN,reddit,15,44
2024-06-03,TSLA IV too high for options rn,neutral,-0.19522009196554313,TSLA,reddit,213,13
2024-06-19,DD: Why PLTR is going to $1000 🚀,positive,0.7115355258426412,PLTR,reddit,130,20
2023-10-28,DD: Why TSLA is going to $1000 🚀,positive,0.7871179049420274,TSLA,reddit,68,3
2023-08-09,"GUH moment on PLTR, RIP my portfolio",negative,-0.34883560881198805,PLTR,reddit,197,79
2024-07-17,"this is financial advice, buy NVDA",positive,0.7330487528142811,NVDA,reddit,28,4
2023-05-22,"AAPL squeeze incoming, shorts are fukd",positive,0.7615268415785809,AAPL,reddit,69,14
2023-05-27,"GUH moment on AAPL, RIP my portfolio",negative,-0.6426201097036113,AAPL,reddit,177,24
2024-01-30,paper trading GME before going in,neutral,0.14758424950268095,GME,reddit,205,13
2024-04-07,"theta gang on SPY, selling covered calls",neutral,-0.16663241446203433,SPY,reddit,6,57
2024-08-26,"positions: 100x BB 500c 1/20, wish me luck retards",positive,0.4611505331515412,BB,reddit,2,7
2023-06-07,"AMZN puts printing, bears eating good tonight",negative,-0.57042573393061,AMZN,reddit,30,24
2024-09-06,"AAPL going to $0, get out while you can",negative,-0.4822020408911827,AAPL,reddit,356,8
2024-01-25,"AMZN squeeze incoming, shorts are fukd",positive,0.5657076791748665,AMZN,reddit,57,6
2023-08-12,"this is financial advice, buy NVDA",positive,0.3281102935254836,NVDA,reddit,223,15
2023-08-17,paper trading AMZN before going in,neutral,-0.1603774723340734,AMZN,reddit,82,7
2024-02-13,paper trading GOOGL before going in,neutral,0.10497922178177677,GOOGL,reddit,179,0
2023-06-26,BB tendies printing 🍗🍗🍗,positive,0.770495255839567,BB,reddit,34,49
2023-06-27,anyone got DD on AMZN?,neutral,0.004380318885435497,AMZN,reddit,629,11
2024-05-09,anyone got DD on PLTR?,neutral,0.16876311110340958,PLTR,reddit,5,17
2024-02-20,paper trading AMC before going in,neutral,0.09916100441160358,AMC,reddit,169,2
2023-05-23,if you're not buying SPY rn you hate money,positive,0.6299603311565447,SPY,reddit,156,7
2024-08-25,bull thesis on GOOGL: trust me bro,positive,0.49171619397025584,GOOGL,reddit,181,8
2023-04-25,"sold my TSLA bags, finally free",negative,-0.6854213191969507,TSLA,reddit,195,24
2024-06-29,SPY tendies printing 🍗🍗🍗,positive,0.7037348955228072,SPY,reddit,9,16
2023-09-12,if you're not buying PLTR rn you hate money,positive,0.7231253957726662,PLTR,reddit,31,32
2023-03-04,"positions: 100x AAPL 500c 1/20, wish me luck retards",positive,0.3377562331582489,AAPL,reddit,194,18
2024-02-23,NVDA IV too high for options rn,neutral,0.11844658392127255,NVDA,reddit,298,24
2023-04-21,"MSFT squeeze incoming, shorts are fukd",positive,0.3620184054417105,MSFT,reddit,48,31
2023-12-05,"META going to $0, get out while you can",negative,-0.5671013527086481,META,reddit,9,31
2024-09-15,bull thesis on MSFT: trust me bro,positive,0.6092827051606384,MSFT,reddit,71,23
2023-08-16,"inverse WSB worked, sold SPY at the top",negative,-0.6080396828325454,SPY,reddit,195,9
2023-03-25,"inverse WSB worked, sold AAPL at the top",negative,-0.7419753265961836,AAPL,reddit,79,20
2024-10-16,wife's boyfriend approved my AAPL purchase,positive,0.5512968600056285,AAPL,reddit,781,1
2024-03-11,"this is financial advice, buy AMZN",positive,0.6815131709835186,AMZN,reddit,7,35
2023-08-09,"sold my AMC bags, finally free",negative,-0.6915087132402594,AMC,reddit,295,10
2024-02-24,"AMC consolidating, waiting for breakout",neutral,0.14237290907237565,AMC,reddit,8,64
2023-01-05,apes dont sell 💎🙌 META forever,positive,0.4452233895798271,META,reddit,130,5
2023-08-18,META IV too high for options rn,neutral,-0.13920714958850536,META,reddit,55,27
2024-06-15,"AMC consolidating, waiting for breakout",neutral,-0.15541311707726232,AMC,reddit,19,78
2024-02-16,apes dont sell 💎🙌 AAPL forever,positive,0.7578170249162486,AAPL,reddit,35,2
2024-10-31,anyone got DD on TSLA?,neutral,0.08038531948724509,TSLA,reddit,105,5
2023-06-14,"positions: 100x TSLA 500c 1/20, wish me luck retards",positive,0.3282224157226975,TSLA,reddit,0,16
2023-04-11,DD: Why GOOGL is going to $1000 🚀,positive,0.4572387807910866,GOOGL,reddit,108,14
2023-08-27,"NVDA going to $0, get out while you can",negative,-0.5849038413191486,NVDA,reddit,9,17
2023-06-21,bull thesis on AMZN: trust me bro,positive,0.3986720995625234,AMZN,reddit,24,12
2024-11-08,SPY tendies printing 🍗🍗🍗,positive,0.6019166298836434,SPY,reddit,105,44
2023-03-23,"GOOGL going to $0, get out while you can",negative,-0.5670613624206182,GOOGL,reddit,57,2
2023-08-26,"TSLA puts printing, bears eating good tonight",negative,-0.7520506834819712,TSLA,reddit,48,10
2024-06-03,what's the play on SPY?,neutral,-0.07766729863212181,SPY,reddit,35,12
2023-04-19,NVDA tendies printing 🍗🍗🍗,positive,0.7875649661415192,NVDA,reddit,136,19
2024-04-24,"this is financial advice, buy BB",positive,0.7550014358363328,BB,reddit,17,41
2023-10-09,loss porn: down 90% on AMZN calls,negative,-0.3279445931395455,AMZN,reddit,113,19
2023-11-18,anyone got DD on GOOGL?,neutral,-0.020648495363612795,GOOGL,reddit,52,37
2023-05-08,if you're not buying AAPL rn you hate money,positive,0.8212381352834961,AAPL,reddit,232,35
2024-04-26,what's the play on MSFT?,neutral,0.19481572719447543,MSFT,reddit,60,4
2024-01-21,"YOLO'd my life savings into GME calls, cant go tits up",positive,0.7624497594053832,GME,reddit,19,21
2024-11-08,"AMC puts printing, bears eating good tonight",negative,-0.5980930933147587,AMC,reddit,201,47
2024-11-02,"SPY consolidating, waiting for breakout",neutral,0.16427239240210123,SPY,reddit,68,11
2023-10-04,apes dont sell 💎🙌 GME forever,positive,0.5689547824517327,GME,reddit,211,8
2024-02-04,PLTR IV too high for options rn,neutral,-0.1080663180724077,PLTR,reddit,35,21
2023-03-29,"this is financial advice, buy AMC",positive,0.3453483148367556,AMC,reddit,41,47
2023-05-18,apes dont sell 💎🙌 META forever,positive,0.8675040355518338,META,reddit,151,18
2024-09-04,"GUH moment on BB, RIP my portfolio",negative,-0.43990713814288096,BB,reddit,30,3
2024-02-08,bull thesis on AMZN: trust me bro,positive,0.32705871011927184,AMZN,reddit,363,4
2023-12-21,AMZN tendies printing 🍗🍗🍗,positive,0.3293042629186311,AMZN,reddit,1,15
2023-01-06,"theta gang on SPY, selling covered calls",neutral,0.009905894374979324,SPY,reddit,42,87
2024-09-17,what's the play on AMC?,neutral,-0.14226956159609483,AMC,reddit,101,11
2023-06-09,what's the play on AMZN?,neutral,0.06997053464797032,AMZN,reddit,91,16
2024-07-06,paper trading AMC before going in,neutral,0.18986002115390233,AMC,reddit,67,4
2023-11-21,BB IV too high for options rn,neutral,-0.1569862639157986,BB,reddit,33,20
2024-11-10,loss porn: down 90% on TSLA calls,negative,-0.6954470200073549,TSLA,reddit,57,8
2023-10-19,"this is financial advice, buy AMC",positive,0.4489674887946376,AMC,reddit,50,1
2024-11-20,loss porn: down 90% on AAPL calls,negative,-0.46842901633185646,AAPL,reddit,155,14
2023-04-26,what's the play on META?,neutral,-0.17841405959537715,META,reddit,126,4
2023-11-05,"sold my MSFT bags, finally free",negative,-0.5335325563310325,MSFT,reddit,10,23
2023-10-14,"theta gang on TSLA, selling covered calls",neutral,0.17631676781268257,TSLA,reddit,49,1
2023-10-05,"YOLO'd my life savings into META calls, cant go tits up",positive,0.8290642177343457,META,reddit,70,59
2024-05-23,anyone got DD on GOOGL?,neutral,-0.19844093470792462,GOOGL,reddit,59,52
2023-04-09,imagine buying AAPL at ATH lmaooo,negative,-0.44314435586051637,AAPL,reddit,29,69
2023-09-13,what's the play on TSLA?,neutral,0.10179367229651776,TSLA,reddit,121,16
2024-04-16,"TSLA squeeze incoming, shorts are fukd",positive,0.37814798720749765,TSLA,reddit,3,8
2024-03-13,"PLTR squeeze incoming, shorts are fukd",positive,0.4080972969132002,PLTR,reddit,10,12
2023-09-18,wife's boyfriend approved my AMZN purchase,positive,0.790810631464869,AMZN,reddit,194,18
2024-03-05,apes dont sell 💎🙌 MSFT forever,positive,0.7827376274448119,MSFT,reddit,25,9
2023-03-28,apes dont sell 💎🙌 NVDA forever,positive,0.6218568785856098,NVDA,reddit,34,24
2023-12-31,anyone got DD on AMZN?,neutral,-0.025904656270979542,AMZN,reddit,37,55
2024-06-22,wife's boyfriend approved my AMZN purchase,positive,0.6793079019478434,AMZN,reddit,8,14
2024-01-04,"GUH moment on AAPL, RIP my portfolio",negative,-0.464089241466492,AAPL,reddit,66,11
2023-06-15,"YOLO'd my life savings into SPY calls, cant go tits up",positive,0.6514832068385299,SPY,reddit,111,62
2024-02-12,PLTR tendies printing 🍗🍗🍗,positive,0.6173559742888501,PLTR,reddit,85,33
2023-01-27,"AAPL going to $0, get out while you can",negative,-0.37919378467884124,AAPL,reddit,18,33
2024-08-21,"YOLO'd my life savings into TSLA calls, cant go tits up",positive,0.3555420457675058,TSLA,reddit,107,3
2024-08-04,"positions: 100x META 500c 1/20, wish me luck retards",positive,0.8487467876592789,META,reddit,110,49
2024-07-21,"theta gang on PLTR, selling covered calls",neutral,0.0922245743268621,PLTR,reddit,291,2
2024-09-02,"theta gang on BB, selling covered calls",neutral,-0.05768553109589922,BB,reddit,42,8
2023-10-12,if you're not buying GME rn you hate money,positive,0.41828233042395524,GME,reddit,40,3
2024-05-02,AMC tendies printing 🍗🍗🍗,positive,0.6574296538624016,AMC,reddit,19,36
2023-12-27,"theta gang on GME, selling covered calls",neutral,0.16003840524909108,GME,reddit,45,12
2024-01-29,imagine buying GME at ATH lmaooo,negative,-0.4530617665299406,GME,reddit,321,8
2023-10-25,"SPY puts printing, bears eating good tonight",negative,-0.6618293402511162,SPY,reddit,20,43
2024-07-25,wife's boyfriend approved my TSLA purchase,positive,0.5359769063639842,TSLA,reddit,149,24
2024-08-31,anyone got DD on MSFT?,neutral,0.1354518535164531,MSFT,reddit,132,12
2023-08-26,"sold my PLTR bags, finally free",negative,-0.49850389562134245,PLTR,reddit,67,6
2024-10-08,"PLTR rug pull, everyone got rekt",negative,-0.7023785668626096,PLTR,reddit,19,36
2023-01-21,anyone got DD on META?,neutral,-0.19265121092548576,META,reddit,9,27
2023-07-16,"MSFT rug pull, everyone got rekt",negative,-0.4105359924692356,MSFT,reddit,1,57
2023-12-21,imagine buying TSLA at ATH lmaooo,negative,-0.6261597800786812,TSLA,reddit,29,15
2023-10-27,anyone got DD on GME?,neutral,-0.06343660186624756,GME,reddit,290,11
2024-02-18,"MSFT consolidating, waiting for breakout",neutral,0.14082960141193096,MSFT,reddit,54,37
2024-08-22,"sold my AMZN bags, finally free",negative,-0.7792549104254202,AMZN,reddit,7,52
2023-10-17,"META puts printing, bears eating good tonight",negative,-0.8132086656174095,META,reddit,28,10
2024-03-15,if you're not buying META rn you hate money,positive,0.4979509225868105,META,reddit,157,38
2023-03-26,"positions: 100x GOOGL 500c 1/20, wish me luck retards",positive,0.5260203998724462,GOOGL,reddit,16,7
2023-03-16,GOOGL tendies printing 🍗🍗🍗,positive,0.7287198194858373,GOOGL,reddit,129,14
2023-09-24,SPY IV too high for options rn,neutral,-0.14750138863967815,SPY,reddit,6,24
2023-01-15,"MSFT rug pull, everyone got rekt",negative,-0.7150351163406332,MSFT,reddit,46,29
2023-10-30,loss porn: down 90% on PLTR calls,negative,-0.8788015900758167,PLTR,reddit,22,0
2024-05-02,wife's boyfriend approved my BB purchase,positive,0.8839808755301524,BB,reddit,61,16
2023-01-08,"YOLO'd my life savings into AAPL calls, cant go tits up",positive,0.492980154718609,AAPL,reddit,26,10
2024-08-12,"theta gang on MSFT, selling covered calls",neutral,0.16380052555759145,MSFT,reddit,51,89
2023-04-29,bull thesis on GOOGL: trust me bro,positive,0.7437000617806584,GOOGL,reddit,2,17
2024-06-25,"AAPL consolidating, waiting for breakout",neutral,0.04041691130030861,AAPL,reddit,283,20
2024-11-12,paper trading BB before going in,neutral,0.03992355178698706,BB,reddit,75,38
2024-09-11,"MSFT squeeze incoming, shorts are fukd",positive,0.5090924668070418,MSFT,reddit,8,30
2023-03-04,"GOOGL squeeze incoming, shorts are fukd",positive,0.45337103435597803,GOOGL,reddit,4,2
2023-12-17,AMZN IV too high for options rn,neutral,0.0017523131869786879,AMZN,reddit,90,0
2023-07-31,"GUH moment on NVDA, RIP my portfolio",negative,-0.8105363451030237,NVDA,reddit,306,31
2024-07-07,loss porn: down 90% on TSLA calls,negative,-0.6691573066248291,TSLA,reddit,79,0
2023-12-13,"NVDA squeeze incoming, shorts are fukd",positive,0.7821262262757986,NVDA,reddit,25,9
2024-01-26,"NVDA consolidating, waiting for breakout",neutral,-0.18760638495909784,NVDA,reddit,8,8
2023-01-28,bull thesis on SPY: trust me bro,positive,0.6221439888070237,SPY,reddit,248,21
2023-11-18,DD: Why NVDA is going to $1000 🚀,positive,0.7001287470680954,NVDA,reddit,189,17
2023-11-07,"AMC going to $0, get out while you can",negative,-0.5509945447823481,AMC,reddit,134,20
2023-10-04,"this is financial advice, buy META",positive,0.5998228785615862,META,reddit,132,7
2023-05-07,anyone got DD on SPY?,neutral,-0.17665754818075896,SPY,reddit,75,1
2024-03-17,wife's boyfriend approved my AMC purchase,positive,0.691315659444453,AMC,reddit,85,70
2024-08-23,"META consolidating, waiting for breakout",neutral,-0.06174627936557081,META,reddit,176,18
2023-03-07,"sold my MSFT bags, finally free",negative,-0.5593375137180242,MSFT,reddit,80,17
2023-10-10,bull thesis on BB: trust me bro,positive,0.8836945935647953,BB,reddit,55,19
2023-07-08,"SPY going to $0, get out while you can",negative,-0.4664846404862509,SPY,reddit,159,15
2023-05-15,"this is financial advice, buy AMZN",positive,0.33799404255340726,AMZN,reddit,110,36
2023-12-06,"GUH moment on PLTR, RIP my portfolio",negative,-0.3733931604944386,PLTR,reddit,1,18
2024-01-30,apes dont sell 💎🙌 SPY forever,positive,0.6044394903357456,SPY,reddit,18,7
2024-02-24,"BB rug pull, everyone got rekt",negative,-0.747625957630454,BB,reddit,10,4
2023-01-27,"positions: 100x GME 500c 1/20, wish me luck retards",positive,0.46705169071878105,GME,reddit,133,30
2024-05-27,apes dont sell 💎🙌 MSFT forever,positive,0.7114560732581572,MSFT,reddit,157,32
2023-03-25,"this is financial advice, buy META",positive,0.888675962330882,META,reddit,5,12
2024-04-13,"positions: 100x GME 500c 1/20, wish me luck retards",positive,0.5640287190309206,GME,reddit,76,7
2023-09-04,"META puts printing, bears eating good tonight",negative,-0.6544097388776805,META,reddit,173,14
2024-07-14,loss porn: down 90% on TSLA calls,negative,-0.7740832754694082,TSLA,reddit,147,34
2023-11-25,bull thesis on BB: trust me bro,positive,0.5302978829261029,BB,reddit,10,14
2023-04-22,"TSLA going to $0, get out while you can",negative,-0.3273734891779334,TSLA,reddit,104,23
2024-05-24,"inverse WSB worked, sold GME at the top",negative,-0.847459434807013,GME,reddit,20,95
2024-11-20,wife's boyfriend approved my AMZN purchase,positive,0.5598313510249496,AMZN,reddit,61,10
2023-10-11,AAPL tendies printing 🍗🍗🍗,positive,0.677175175743199,AAPL,reddit,38,18
2023-04-11,SPY tendies printing 🍗🍗🍗,positive,0.766827023199252,SPY,reddit,63,36
2024-08-13,"BB puts printing, bears eating good tonight",negative,-0.40591432955103324,BB,reddit,56,18
2024-06-08,"positions: 100x SPY 500c 1/20, wish me luck retards",positive,0.5275370398585665,SPY,reddit,14,4
2023-04-08,"this is financial advice, buy AAPL",positive,0.6119708416643095,AAPL,reddit,27,4
2024-08-02,DD: Why MSFT is going to $1000 🚀,positive,0.5546121576756542,MSFT,reddit,7,3
2023-10-03,if you're not buying MSFT rn you hate money,positive,0.42431190397206575,MSFT,reddit,98,5
2023-06-07,"AMZN puts printing, bears eating good tonight",negative,-0.5107733273607549,AMZN,reddit,44,0
2024-01-30,DD: Why PLTR is going to $1000 🚀,positive,0.7037373684648843,PLTR,reddit,262,14
2023-11-09,"GOOGL squeeze incoming, shorts are fukd",positive,0.43027010698128,GOOGL,reddit,20,26
2023-03-19,paper trading SPY before going in,neutral,-0.08370565254222484,SPY,reddit,21,87
2024-05-10,"sold my AMZN bags, finally free",negative,-0.6183833165621003,AMZN,reddit,37,29
2023-04-26,paper trading AMZN before going in,neutral,-0.022259018368419786,AMZN,reddit,68,11
2023-12-07,"positions: 100x AMC 500c 1/20, wish me luck retards",positive,0.7031490621096019,AMC,reddit,45,0
2024-02-26,SPY tendies printing 🍗🍗🍗,positive,0.48607987234644223,SPY,reddit,93,26
2023-05-16,"SPY puts printing, bears eating good tonight",negative,-0.758234059104589,SPY,reddit,123,21
2023-02-24,"positions: 100x NVDA 500c 1/20, wish me luck retards",positive,0.8026861296626697,NVDA,reddit,148,28
2024-05-31,MSFT tendies printing 🍗🍗🍗,positive,0.3667396347604423,MSFT,reddit,34,54
2024-01-06,"inverse WSB worked, sold GOOGL at the top",negative,-0.3151626460492375,GOOGL,reddit,18,16
2023-06-02,"this is financial advice, buy MSFT",positive,0.6867632162462449,MSFT,reddit,27,39
2024-02-21,anyone got DD on GME?,neutral,0.16095287887693083,GME,reddit,10,6
2023-03-04,anyone got DD on GME?,neutral,0.12931649184649302,GME,reddit,284,2
2024-06-04,"this is financial advice, buy META",positive,0.43997811743285986,META,reddit,40,63
2023-05-19,"positions: 100x TSLA 500c 1/20, wish me luck retards",positive,0.8102947911969154,TSLA,reddit,51,47
2024-02-02,BB tendies printing 🍗🍗🍗,positive,0.5122884580704583,BB,reddit,83,5
2023-06-21,"SPY consolidating, waiting for breakout",neutral,-0.07846383194637291,SPY,reddit,19,29
2024-04-18,paper trading TSLA before going in,neutral,-0.19237266069936532,TSLA,reddit,61,8
2023-08-05,"sold my BB bags, finally free",negative,-0.8588250976504229,BB,reddit,43,41
2023-04-29,"GUH moment on PLTR, RIP my portfolio",negative,-0.5465235561541862,PLTR,reddit,20,3
2023-06-11,"this is financial advice, buy MSFT",positive,0.8122370603721993,MSFT,reddit,75,12
2024-09-25,"GOOGL rug pull, everyone got rekt",negative,-0.8775627733257132,GOOGL,reddit,66,7
2024-08-05,bull thesis on GOOGL: trust me bro,positive,0.6063857058028619,GOOGL,reddit,25,8
2023-03-06,"this is financial advice, buy TSLA",positive,0.6380528032989999,TSLA,reddit,14,36
2023-02-09,DD: Why MSFT is going to $1000 🚀,positive,0.6925034506638786,MSFT,reddit,146,17
2024-07-21,"SPY squeeze incoming, shorts are fukd",positive,0.6831896760827592,SPY,reddit,11,17
2024-03-15,if you're not buying PLTR rn you hate money,positive,0.8626464702164705,PLTR,reddit,126,43
2024-01-28,"inverse WSB worked, sold NVDA at the top",negative,-0.48942564212695977,NVDA,reddit,15,39
2024-07-27,bull thesis on PLTR: trust me bro,positive,0.596766443503969,PLTR,reddit,112,1
2024-03-18,"META going to $0, get out while you can",negative,-0.663219414781717,META,reddit,133,4
2024-08-31,"sold my AAPL bags, finally free",negative,-0.3187885767571852,AAPL,reddit,40,9
2024-02-04,"positions: 100x TSLA 500c 1/20, wish me luck retards",positive,0.7989015010197829,TSLA,reddit,169,35
2023-06-29,"MSFT consolidating, waiting for breakout",neutral,0.16596937466385747,MSFT,reddit,21,10
2023-08-24,PLTR IV too high for options rn,neutral,-0.0202194435458824,PLTR,reddit,142,38
2023-06-28,"theta gang on AMZN, selling covered calls",neutral,0.07018709081125452,AMZN,reddit,46,44
2024-06-06,"GME puts printing, bears eating good tonight",negative,-0.7886621253155224,GME,reddit,166,4
2023-12-23,"TSLA consolidating, waiting for breakout",neutral,-0.05995761850527642,TSLA,reddit,93,5
2024-08-16,wife's boyfriend approved my BB purchase,positive,0.344996824445737,BB,reddit,302,21
2023-10-05,AMC IV too high for options rn,neutral,0.006051054528681321,AMC,reddit,77,20
2024-01-21,"inverse WSB worked, sold AMZN at the top",negative,-0.7895457707957269,AMZN,reddit,15,3
2024-07-14,TSLA IV too high for options rn,neutral,0.15269206008864739,TSLA,reddit,15,15
2024-04-15,AAPL tendies printing 🍗🍗🍗,positive,0.3914674763526733,AAPL,reddit,153,23
2023-02-09,"inverse WSB worked, sold MSFT at the top",negative,-0.4096242136162646,MSFT,reddit,46,59
2023-07-28,"this is financial advice, buy GOOGL",positive,0.7563183754245839,GOOGL,reddit,67,23
2023-09-26,wife's boyfriend approved my AMZN purchase,positive,0.6985516673757517,AMZN,reddit,210,6
2023-09-05,anyone got DD on NVDA?,neutral,-0.09123312762650673,NVDA,reddit,163,2
2023-11-17,anyone got DD on TSLA?,neutral,-0.16965573680408488,TSLA,reddit,47,13
2024-09-08,imagine buying AMC at ATH lmaooo,negative,-0.8107048406780966,AMC,reddit,290,1
2023-06-18,MSFT tendies printing 🍗🍗🍗,positive,0.6911806063697841,MSFT,reddit,315,45
2024-11-13,paper trading SPY before going in,neutral,0.144463586108679,SPY,reddit,37,89
2023-09-21,"AMZN rug pull, everyone got rekt",negative,-0.47740488335286946,AMZN,reddit,43,6
2023-09-21,imagine buying META at ATH lmaooo,negative,-0.7936959406221062,META,reddit,37,66
2024-09-03,"theta gang on GME, selling covered calls",neutral,-0.17723105022683194,GME,reddit,8,6
2024-06-09,"positions: 100x AMC 500c 1/20, wish me luck retards",positive,0.40732003157458696,AMC,reddit,313,7
2023-06-25,"GOOGL puts printing, bears eating good tonight",negative,-0.8801901393578443,GOOGL,reddit,137,11
2024-02-10,"sold my AAPL bags, finally free",negative,-0.5566558995151933,AAPL,reddit,35,20
2023-10-29,"NVDA squeeze incoming, shorts are fukd",positive,0.47293031224678145,NVDA,reddit,33,19
2024-10-25,"GUH moment on PLTR, RIP my portfolio",negative,-0.7242588560427473,PLTR,reddit,130,4
2023-06-27,TSLA IV too high for options rn,neutral,0.09743984513015957,TSLA,reddit,171,5
2023-09-21,DD: Why PLTR is going to $1000 🚀,positive,0.8743817917418644,PLTR,reddit,151,1
2023-07-16,paper trading AMZN before going in,neutral,0.05880928953472858,AMZN,reddit,38,30
2024-09-13,"GME puts printing, bears eating good tonight",negative,-0.775144257468357,GME,reddit,68,16
2024-11-08,what's the play on META?,neutral,-0.0017533139818109722,META,reddit,15,1
2024-09-28,"TSLA going to $0, get out while you can",negative,-0.5893691390290543,TSLA,reddit,38,21
2024-11-10,if you're not buying PLTR rn you hate money,positive,0.34292206571247696,PLTR,reddit,65,31
2023-02-21,"this is financial advice, buy PLTR",positive,0.7751450326940185,PLTR,reddit,100,25
2023-09-06,"positions: 100x NVDA 500c 1/20, wish me luck retards",positive,0.32775450332307093,NVDA,reddit,128,0
2024-10-29,wife's boyfriend approved my AMZN purchase,positive,0.47495240828900287,AMZN,reddit,129,53
2023-02-11,"theta gang on TSLA, selling covered calls",neutral,0.011217745541321822,TSLA,reddit,79,8
2024-02-12,what's the play on NVDA?,neutral,-0.1078626295279908,NVDA,reddit,58,25
2024-07-03,"YOLO'd my life savings into TSLA calls, cant go tits up",positive,0.7673535368858644,TSLA,reddit,365,24
2023-05-24,anyone got DD on TSLA?,neutral,-0.11781206874397543,TSLA,reddit,2,24
2023-07-16,"GUH moment on MSFT, RIP my portfolio",negative,-0.6500421456340755,MSFT,reddit,71,13
2024-10-19,if you're not buying AAPL rn you hate money,positive,0.872537826909739,AAPL,reddit,4,1
2023-10-18,loss porn: down 90% on PLTR calls,negative,-0.41693480455117793,PLTR,reddit,138,44
2023-03-16,"TSLA rug pull, everyone got rekt",negative,-0.6925625654977094,TSLA,reddit,41,21
2024-04-24,anyone got DD on SPY?,neutral,-0.15434276337522618,SPY,reddit,8,22
2024-01-02,apes dont sell 💎🙌 MSFT forever,positive,0.36618868121495035,MSFT,reddit,252,20
2024-01-07,if you're not buying GME rn you hate money,positive,0.47124746092791325,GME,reddit,66,16
2023-03-27,wife's boyfriend approved my GME purchase,positive,0.7407811280200141,GME,reddit,166,36
2023-06-14,"theta gang on SPY, selling covered calls",neutral,0.05648265235929789,SPY,reddit,249,87
2024-01-17,"sold my SPY bags, finally free",negative,-0.6268840765484943,SPY,reddit,7,20
2024-06-18,"YOLO'd my life savings into SPY calls, cant go tits up",positive,0.42616402179425517,SPY,reddit,3,13
2024-05-05,"BB going to $0, get out while you can",negative,-0.6430721851340109,BB,reddit,0,20
2023-01-22,"sold my SPY bags, finally free",negative,-0.7567227287765548,SPY,reddit,13,18
2024-06-28,apes dont sell 💎🙌 META forever,positive,0.7493779879972797,META,reddit,228,18
2023-05-21,"this is financial advice, buy BB",positive,0.7836786986866999,BB,reddit,57,21
2023-03-02,GME tendies printing 🍗🍗🍗,positive,0.32918219978045815,GME,reddit,20,4
2024-02-06,"YOLO'd my life savings into GME calls, cant go tits up",positive,0.606281338551305,GME,reddit,97,9
2023-05-27,anyone got DD on BB?,neutral,0.03374179924234594,BB,reddit,146,29
2024-07-15,"inverse WSB worked, sold GOOGL at the top",negative,-0.8302126439459303,GOOGL,reddit,91,0
2024-06-29,"positions: 100x BB 500c 1/20, wish me luck retards",positive,0.43047783444541854,BB,reddit,5,5
2023-05-06,"GUH moment on MSFT, RIP my portfolio",negative,-0.33462490191486316,MSFT,reddit,193,8
2024-09-10,bull thesis on GME: trust me bro,positive,0.3374414206262185,GME,reddit,76,15
2023-04-05,loss porn: down 90% on GOOGL calls,negative,-0.4758351802229335,GOOGL,reddit,33,12
2023-10-20,"GOOGL rug pull, everyone got rekt",negative,-0.6543824870295747,GOOGL,reddit,140,10
2024-08-14,META IV too high for options rn,neutral,-0.029246613087247603,META,reddit,426,0
2024-03-13,what's the play on PLTR?,neutral,0.07509750626402012,PLTR,reddit,150,16
2024-04-12,"GUH moment on AMZN, RIP my portfolio",negative,-0.5221524244536315,AMZN,reddit,62,20
2023-06-21,GME tendies printing 🍗🍗🍗,positive,0.49906582009064726,GME,reddit,42,5
2024-10-10,apes dont sell 💎🙌 TSLA forever,positive,0.3806279317581752,TSLA,reddit,31,21
2023-10-14,loss porn: down 90% on AAPL calls,negative,-0.6503721204650577,AAPL,reddit,64,12
2023-12-26,apes dont sell 💎🙌 NVDA forever,positive,0.3411268858769216,NVDA,reddit,57,9
2023-10-22,SPY tendies printing 🍗🍗🍗,positive,0.7798212435835548,SPY,reddit,36,20
2023-12-28,"MSFT rug pull, everyone got rekt",negative,-0.5329707406319493,MSFT,reddit,53,34
2023-05-03,"sold my MSFT bags, finally free",negative,-0.6760935294904502,MSFT,reddit,29,50
2023-09-01,paper trading BB before going in,neutral,-0.1286886858193419,BB,reddit,115,39
2023-02-18,"SPY puts printing, bears eating good tonight",negative,-0.4094287969561496,SPY,reddit,50,38
2024-01-10,imagine buying NVDA at ATH lmaooo,negative,-0.7157144009229315,NVDA,reddit,0,25
2024-04-02,"YOLO'd my life savings into META calls, cant go tits up",positive,0.5290867700866415,META,reddit,60,36
2024-05-10,wife's boyfriend approved my GOOGL purchase,positive,0.6005606426867706,GOOGL,reddit,47,11
2023-08-16,DD: Why META is going to $1000 🚀,positive,0.4212928698040138,META,reddit,108,11
2023-03-03,anyone got DD on GOOGL?,neutral,-0.15647766618886327,GOOGL,reddit,180,1
2023-07-20,loss porn: down 90% on SPY calls,negative,-0.552189964844009,SPY,reddit,179,33
2023-10-14,imagine buying AMZN at ATH lmaooo,negative,-0.7274150635321901,AMZN,reddit,152,5
2023-03-29,"sold my META bags, finally free",negative,-0.352237749541935,META,reddit,54,50
2024-08-23,bull thesis on GOOGL: trust me bro,positive,0.6073820862618067,GOOGL,reddit,73,27
2023-07-25,AMC IV too high for options rn,neutral,0.11482195333383799,AMC,reddit,45,6
2024-02-23,"positions: 100x TSLA 500c 1/20, wish me luck retards",positive,0.5281724784191781,TSLA,reddit,161,2
2024-03-16,"YOLO'd my life savings into TSLA calls, cant go tits up",positive,0.3801070042643804,TSLA,reddit,18,8
2023-05-28,"sold my SPY bags, finally free",negative,-0.8208196488775064,SPY,reddit,49,0
2024-09-08,"positions: 100x AAPL 500c 1/20, wish me luck retards",positive,0.7883985638878553,AAPL,reddit,10,36
2024-08-01,"positions: 100x GME 500c 1/20, wish me luck retards",positive,0.605296992848384,GME,reddit,113,13
2024-01-27,apes dont sell 💎🙌 NVDA forever,positive,0.6281685035405424,NVDA,reddit,28,5
2024-07-13,"PLTR going to $0, get out while you can",negative,-0.778338978429173,PLTR,reddit,17,3
2024-05-06,DD: Why GOOGL is going to $1000 🚀,positive,0.8863207835265656,GOOGL,reddit,133,35
2024-01-29,loss porn: down 90% on AMC calls,negative,-0.34607450941505413,AMC,reddit,92,16
2024-09-10,"AMC consolidating, waiting for breakout",neutral,-0.0940810459083334,AMC,reddit,256,5
2024-06-16,if you're not buying BB rn you hate money,positive,0.5728380831384376,BB,reddit,44,1
2024-07-12,"inverse WSB worked, sold AMC at the top",negative,-0.6643371445297456,AMC,reddit,233,32
2023-03-06,"AAPL consolidating, waiting for breakout",neutral,0.0406377316045789,AAPL,reddit,136,18
2023-01-08,"AMZN rug pull, everyone got rekt",negative,-0.603995737776946,AMZN,reddit,106,3
2023-01-17,wife's boyfriend approved my PLTR purchase,positive,0.3487231894479803,PLTR,reddit,45,3
2024-01-22,if you're not buying MSFT rn you hate money,positive,0.6454084523977213,MSFT,reddit,60,1
2024-05-10,paper trading SPY before going in,neutral,0.06238358154292928,SPY,reddit,1,16
2023-06-08,"sold my GME bags, finally free",negative,-0.6278130558608761,GME,reddit,22,34
2023-03-01,"this is financial advice, buy BB",positive,0.7640720126040219,BB,reddit,219,6
2024-08-07,loss porn: down 90% on META calls,negative,-0.4888309770680993,META,reddit,55,35
2024-10-23,DD: Why SPY is going to $1000 🚀,positive,0.45815452157773784,SPY,reddit,4,54
2024-10-29,AMZN IV too high for options rn,neutral,0.05715906218069855,AMZN,reddit,61,7
2024-10-03,"GOOGL rug pull, everyone got rekt",negative,-0.3488562633350174,GOOGL,reddit,5,9
2024-09-22,AMZN IV too high for options rn,neutral,0.12723684010640252,AMZN,reddit,9,35
2024-08-25,imagine buying META at ATH lmaooo,negative,-0.7664252039629673,META,reddit,42,12
2024-08-24,bull thesis on GOOGL: trust me bro,positive,0.4704893986170446,GOOGL,reddit,108,1
2023-01-07,wife's boyfriend approved my AMZN purchase,positive,0.8075437570180659,AMZN,reddit,151,37
2023-03-07,"GUH moment on MSFT, RIP my portfolio",negative,-0.3934653077944896,MSFT,reddit,206,4
2024-05-02,SPY IV too high for options rn,neutral,0.14631303703718884,SPY,reddit,82,35
2023-06-21,"GME squeeze incoming, shorts are fukd",positive,0.5201534674120891,GME,reddit,100,23
2023-05-17,"theta gang on AMC, selling covered calls",neutral,0.1548386712205665,AMC,reddit,47,9
2023-06-12,"GUH moment on AMZN, RIP my portfolio",negative,-0.422189874151459,AMZN,reddit,77,42
2023-07-28,apes dont sell 💎🙌 META forever,positive,0.8951772719469624,META,reddit,125,36
2024-04-28,"YOLO'd my life savings into BB calls, cant go tits up",positive,0.5553745409310098,BB,reddit,111,29
2024-07-19,"BB consolidating, waiting for breakout",neutral,0.19131271561368712,BB,reddit,99,11
2023-06-07,apes dont sell 💎🙌 PLTR forever,positive,0.6921395381379432,PLTR,reddit,34,10
2024-04-22,anyone got DD on BB?,neutral,-0.11904656219771868,BB,reddit,173,45
2024-04-10,imagine buying NVDA at ATH lmaooo,negative,-0.7367161319868566,NVDA,reddit,135,64
2023-12-12,"META rug pull, everyone got rekt",negative,-0.6257752343859908,META,reddit,108,12
2023-04-03,DD: Why PLTR is going to $1000 🚀,positive,0.55709057387837,PLTR,reddit,88,46
2023-05-15,"theta gang on TSLA, selling covered calls",neutral,0.14115574100476175,TSLA,reddit,45,22
2023-06-27,loss porn: down 90% on TSLA calls,negative,-0.43618486960306474,TSLA,reddit,57,2
2024-07-02,"YOLO'd my life savings into AMZN calls, cant go tits up",positive,0.3782753135459083,AMZN,reddit,57,3
2024-11-14,"AMZN squeeze incoming, shorts are fukd",positive,0.4766049347325393,AMZN,reddit,155,13
2023-04-17,"sold my AMC bags, finally free",negative,-0.8912050997190898,AMC,reddit,11,53
2023-05-11,"inverse WSB worked, sold SPY at the top",negative,-0.7651969081908443,SPY,reddit,113,14
2023-02-23,bull thesis on META: trust me bro,positive,0.4461766789108801,META,reddit,22,10
2024-02-26,if you're not buying AMZN rn you hate money,positive,0.5705119348350767,AMZN,reddit,150,37
2023-02-26,"positions: 100x TSLA 500c 1/20, wish me luck retards",positive,0.528142353871057,TSLA,reddit,148,18
2023-12-08,"YOLO'd my life savings into META calls, cant go tits up",positive,0.8241230644515565,META,reddit,85,9
2023-04-12,apes dont sell 💎🙌 GOOGL forever,positive,0.5459955908386958,GOOGL,reddit,148,19
2023-07-18,wife's boyfriend approved my AAPL purchase,positive,0.3086641917427997,AAPL,reddit,112,6
2024-07-13,"AAPL going to $0, get out while you can",negative,-0.4405548115550408,AAPL,reddit,23,21
2023-10-25,what's the play on SPY?,neutral,-0.018505069779167244,SPY,reddit,246,51
2023-08-17,"this is financial advice, buy GME",positive,0.6462616799179404,GME,reddit,101,24
2024-01-24,imagine buying BB at ATH lmaooo,negative,-0.5813934973691184,BB,reddit,178,14
2024-01-09,GOOGL IV too high for options rn,neutral,0.14748830406467872,GOOGL,reddit,72,19
2023-02-27,META tendies printing 🍗🍗🍗,positive,0.7314676025963021,META,reddit,47,9
2024-01-03,BB tendies printing 🍗🍗🍗,positive,0.6843991385737109,BB,reddit,42,27
2023-05-29,"NVDA rug pull, everyone got rekt",negative,-0.5774171537236641,NVDA,reddit,71,10
2024-04-30,if you're not buying PLTR rn you hate money,positive,0.6644184449270356,PLTR,reddit,1,0
2023-10-30,"inverse WSB worked, sold BB at the top",negative,-0.3755200473067982,BB,reddit,45,13
2023-01-09,imagine buying SPY at ATH lmaooo,negative,-0.5046631070331362,SPY,reddit,19,7
2024-10-12,apes dont sell 💎🙌 AMC forever,positive,0.4242322720695247,AMC,reddit,30,13
2023-12-05,"BB squeeze incoming, shorts are fukd",positive,0.5671919675645396,BB,reddit,6,0
2023-03-19,anyone got DD on SPY?,neutral,0.13224255718084849,SPY,reddit,4,55
2024-05-13,if you're not buying META rn you hate money,positive,0.30556603331640414,META,reddit,132,15
2024-09-22,"BB consolidating, waiting for breakout",neutral,-0.04541248625602118,BB,reddit,408,20
2023-09-21,"AAPL puts printing, bears eating good tonight",negative,-0.4933075490171744,AAPL,reddit,53,28
2023-03-08,imagine buying SPY at ATH lmaooo,negative,-0.8321698315191207,SPY,reddit,52,8
2023-01-04,"BB rug pull, everyone got rekt",negative,-0.6078122758550001,BB,reddit,63,5
2023-03-27,"inverse WSB worked, sold MSFT at the top",negative,-0.6737839703021531,MSFT,reddit,45,51
2023-10-04,what's the play on TSLA?,neutral,0.12182963675970548,TSLA,reddit,115,16
2024-02-23,loss porn: down 90% on TSLA calls,negative,-0.8455346900950476,TSLA,reddit,58,24
2023-02-10,apes dont sell 💎🙌 MSFT forever,positive,0.4563626555557059,MSFT,reddit,259,6
2024-08-26,"AMC rug pull, everyone got rekt",negative,-0.7480113626940854,AMC,reddit,21,37
2024-10-19,META tendies printing 🍗🍗🍗,positive,0.4288548563630594,META,reddit,42,26
2024-04-10,"positions: 100x PLTR 500c 1/20, wish me luck retards",positive,0.5336110716335237,PLTR,reddit,8,11
2023-01-20,PLTR IV too high for options rn,neutral,0.12798118700580324,PLTR,reddit,193,9
2023-06-30,META IV too high for options rn,neutral,0.14198018657749745,META,reddit,194,6
2023-09-03,imagine buying META at ATH lmaooo,negative,-0.4753821274057378,META,reddit,33,5
2024-11-07,"inverse WSB worked, sold TSLA at the top",negative,-0.8691666151850802,TSLA,reddit,136,63
2024-09-06,NVDA IV too high for options rn,neutral,0.06355744542886743,NVDA,reddit,54,8
2023-11-17,"PLTR rug pull, everyone got rekt",negative,-0.7240853876971423,PLTR,reddit,0,29
2024-02-18,PLTR IV too high for options rn,neutral,0.013045525817426518,PLTR,reddit,66,45
2023-12-23,GME tendies printing 🍗🍗🍗,positive,0.5206764733759084,GME,reddit,15,7
2024-01-22,"YOLO'd my life savings into META calls, cant go tits up",positive,0.48614107423085706,META,reddit,85,7
2023-09-29,"theta gang on GME, selling covered calls",neutral,-0.14308059227069522,GME,reddit,33,5
2024-05-27,paper trading GOOGL before going in,neutral,-0.007988102290866411,GOOGL,reddit,236,5
2023-11-29,imagine buying NVDA at ATH lmaooo,negative,-0.6463822428768103,NVDA,reddit,113,8
2024-03-09,"this is financial advice, buy META",positive,0.5509520129822756,META,reddit,20,14
2024-11-22,apes dont sell 💎🙌 MSFT forever,positive,0.6597159636473289,MSFT,reddit,83,71
2024-05-04,wife's boyfriend approved my AMZN purchase,positive,0.7257161049236123,AMZN,reddit,52,31
2024-07-03,"positions: 100x TSLA 500c 1/20, wish me luck retards",positive,0.8796609448213746,TSLA,reddit,121,3
2024-08-16,BB tendies printing 🍗🍗🍗,positive,0.6231720438036116,BB,reddit,28,5
2023-06-28,"META going to $0, get out while you can",negative,-0.46853274963192265,META,reddit,48,18
2024-10-07,loss porn: down 90% on BB calls,negative,-0.6979474053906353,BB,reddit,122,32
2023-09-07,apes dont sell 💎🙌 SPY forever,positive,0.6622658752097033,SPY,reddit,53,13
2023-07-14,bull thesis on META: trust me bro,positive,0.3008089015893391,META,reddit,180,14
2023-09-25,anyone got DD on META?,neutral,0.16584595933923174,META,reddit,253,3
2023-06-23,apes dont sell 💎🙌 SPY forever,positive,0.37600535039720506,SPY,reddit,17,18
2024-04-22,"theta gang on MSFT, selling covered calls",neutral,0.15275915023163067,MSFT,reddit,78,11
2023-10-09,"YOLO'd my life savings into GOOGL calls, cant go tits up",positive,0.7218335435765195,GOOGL,reddit,290,28
2023-09-21,bull thesis on MSFT: trust me bro,positive,0.644961686409125,MSFT,reddit,108,26
2023-08-08,anyone got DD on BB?,neutral,0.08118836871970869,BB,reddit,220,5
2024-01-10,"this is financial advice, buy TSLA",positive,0.6550300171721878,TSLA,reddit,152,8
2023-10-16,AMC IV too high for options rn,neutral,0.05309194761713981,AMC,reddit,45,15
2023-04-18,loss porn: down 90% on MSFT calls,negative,-0.4395832353475504,MSFT,reddit,193,21
2023-08-07,"positions: 100x NVDA 500c 1/20, wish me luck retards",positive,0.47802347832603126,NVDA,reddit,95,1
2023-05-28,"PLTR rug pull, everyone got rekt",negative,-0.5944664079795843,PLTR,reddit,189,14
2023-04-30,"BB consolidating, waiting for breakout",neutral,-0.07349097802249524,BB,reddit,104,6
2023-06-03,anyone got DD on BB?,neutral,0.11659256760134767,BB,reddit,43,2
2024-09-22,"inverse WSB worked, sold TSLA at the top",negative,-0.8680185843054612,TSLA,reddit,3,30
2023-02-07,SPY IV too high for options rn,neutral,0.11548602532703328,SPY,reddit,94,37
2023-08-13,"NVDA consolidating, waiting for breakout",neutral,-0.05615715098981153,NVDA,reddit,21,13
2024-10-20,what's the play on GOOGL?,neutral,-0.14149236854299796,GOOGL,reddit,286,35
2024-08-08,"positions: 100x AMZN 500c 1/20, wish me luck retards",positive,0.8300160725167018,AMZN,reddit,65,8
2024-06-10,"this is financial advice, buy SPY",positive,0.7728681821471155,SPY,reddit,155,75
2023-09-17,imagine buying GOOGL at ATH lmaooo,negative,-0.7333851211082819,GOOGL,reddit,14,32
2024-02-03,"theta gang on AMC, selling covered calls",neutral,-0.0018031600132897285,AMC,reddit,13,35
2024-03-21,"GME squeeze incoming, shorts are fukd",positive,0.6320755767533341,GME,reddit,22,13
2023-04-16,SPY IV too high for options rn,neutral,0.035091372208922195,SPY,reddit,144,7
2023-08-06,PLTR IV too high for options rn,neutral,-0.15849700339341602,PLTR,reddit,152,13
2023-12-18,"MSFT going to $0, get out while you can",negative,-0.6273134364012276,MSFT,reddit,58,30
2024-11-20,"this is financial advice, buy AMC",positive,0.7722974635624293,AMC,reddit,162,69
2023-02-14,anyone got DD on GME?,neutral,-0.05267722775308434,GME,reddit,196,4
2024-06-25,"sold my AMZN bags, finally free",negative,-0.7949426894208763,AMZN,reddit,270,6
2023-04-15,wife's boyfriend approved my BB purchase,positive,0.327867265747365,BB,reddit,3,7
2024-10-20,"MSFT consolidating, waiting for breakout",neutral,0.08618111274073192,MSFT,reddit,2,9
2023-06-26,"sold my BB bags, finally free",negative,-0.8370979052177568,BB,reddit,48,58
2023-09-08,"AMZN puts printing, bears eating good tonight",negative,-0.8279501775577526,AMZN,reddit,43,37
2024-10-17,bull thesis on AAPL: trust me bro,positive,0.615134882959433,AAPL,reddit,68,10
2023-05-11,"theta gang on AMC, selling covered calls",neutral,0.1098152295714514,AMC,reddit,10,8
2024-10-05,anyone got DD on GME?,neutral,-0.10568860912390199,GME,reddit,336,13
2023-04-10,BB IV too high for options rn,neutral,0.07740445021787956,BB,reddit,50,32
2023-07-30,imagine buying META at ATH lmaooo,negative,-0.7153480552159613,META,reddit,107,30
2023-06-27,"sold my BB bags, finally free",negative,-0.8894309020677168,BB,reddit,40,5
2024-09-30,imagine buying AMZN at ATH lmaooo,negative,-0.7039080652844165,AMZN,reddit,89,5
2023-01-09,"GOOGL squeeze incoming, shorts are fukd",positive,0.8661221310223972,GOOGL,reddit,183,7
2023-06-13,"PLTR puts printing, bears eating good tonight",negative,-0.42939314284361874,PLTR,reddit,151,21
2024-02-20,loss porn: down 90% on BB calls,negative,-0.8895898122043621,BB,reddit,116,27
2024-06-12,"theta gang on AAPL, selling covered calls",neutral,0.16144051300415913,AAPL,reddit,38,16
2024-09-01,what's the play on SPY?,neutral,-0.04611452342965902,SPY,reddit,9,2
2023-04-13,anyone got DD on AMC?,neutral,-0.12843454683781513,AMC,reddit,36,25
2023-05-04,"sold my MSFT bags, finally free",negative,-0.43670636866440515,MSFT,reddit,24,14
2024-07-16,apes dont sell 💎🙌 AAPL forever,positive,0.7299548965718492,AAPL,reddit,92,11
2023-08-09,"AMZN rug pull, everyone got rekt",negative,-0.49239406236893896,AMZN,reddit,30,41
2023-06-24,"MSFT consolidating, waiting for breakout",neutral,-0.19261170252373125,MSFT,reddit,38,12
2023-01-24,"GUH moment on PLTR, RIP my portfolio",negative,-0.5318352709509538,PLTR,reddit,9,65
2023-11-02,"YOLO'd my life savings into NVDA calls, cant go tits up",positive,0.7001834394897235,NVDA,reddit,56,4
2023-12-12,"PLTR consolidating, waiting for breakout",neutral,0.09787580795365541,PLTR,reddit,174,27
2023-11-13,"GME consolidating, waiting for breakout",neutral,-0.09172573171654728,GME,reddit,76,12
2024-05-05,apes dont sell 💎🙌 BB forever,positive,0.7763294744037281,BB,reddit,180,2
2023-02-24,wife's boyfriend approved my SPY purchase,positive,0.6942086512158443,SPY,reddit,146,21
2024-04-24,"TSLA puts printing, bears eating good tonight",negative,-0.8065024009361368,TSLA,reddit,114,33
2024-01-16,SPY IV too high for options rn,neutral,0.058306842992198904,SPY,reddit,68,7
2023-04-15,"AAPL puts printing, bears eating good tonight",negative,-0.6455749104844792,AAPL,reddit,7,17
2023-05-31,"BB squeeze incoming, shorts are fukd",positive,0.5875013161467794,BB,reddit,121,10
2023-04-04,"theta gang on SPY, selling covered calls",neutral,0.17993959533135928,SPY,reddit,12,102
2024-09-23,"GME squeeze incoming, shorts are fukd",positive,0.7021855423005907,GME,reddit,5,3
2024-07-13,DD: Why AAPL is going to $1000 🚀,positive,0.6793676298172817,AAPL,reddit,125,11
2023-06-27,imagine buying BB at ATH lmaooo,negative,-0.5439992106946481,BB,reddit,154,11
2024-05-25,"GUH moment on SPY, RIP my portfolio",negative,-0.4158458387045529,SPY,reddit,60,12
2024-07-17,AMZN IV too high for options rn,neutral,-0.14472903569212,AMZN,reddit,19,10
2023-12-16,TSLA tendies printing 🍗🍗🍗,positive,0.5996581560844478,TSLA,reddit,55,17
2024-06-04,anyone got DD on META?,neutral,0.017170784106725095,META,reddit,65,31
2024-03-16,"GME consolidating, waiting for breakout",neutral,-0.06187305730401063,GME,reddit,170,4
2023-02-01,anyone got DD on META?,neutral,-0.028261086610432473,META,reddit,165,1
2023-09-05,"SPY consolidating, waiting for breakout",neutral,-0.18288802544822388,SPY,reddit,192,37
2023-05-11,"theta gang on AMZN, selling covered calls",neutral,-0.0904633575892703,AMZN,reddit,62,9
2023-11-19,"GUH moment on SPY, RIP my portfolio",negative,-0.7474053832032403,SPY,reddit,81,12
2024-05-15,"this is financial advice, buy AAPL",positive,0.4232688459079719,AAPL,reddit,84,19
2023-07-13,AAPL IV too high for options rn,neutral,0.1304544093039004,AAPL,reddit,185,7
2023-02-02,"META consolidating, waiting for breakout",neutral,-0.017600435946816623,META,reddit,62,0
2023-06-21,"YOLO'd my life savings into GOOGL calls, cant go tits up",positive,0.7788900790077831,GOOGL,reddit,55,7
2024-07-16,MSFT tendies printing 🍗🍗🍗,positive,0.8432929470060293,MSFT,reddit,36,1
2024-02-27,"GOOGL squeeze incoming, shorts are fukd",positive,0.8024184697378409,GOOGL,reddit,21,7
2023-04-30,if you're not buying BB rn you hate money,positive,0.4247952258431177,BB,reddit,141,34
2024-07-19,paper trading AMC before going in,neutral,-0.18927195017113127,AMC,reddit,38,1
2024-09-26,"theta gang on SPY, selling covered calls",neutral,-0.1864694946340575,SPY,reddit,96,4
2024-09-24,BB tendies printing 🍗🍗🍗,positive,0.5476668356297549,BB,reddit,588,2
2023-09-20,"positions: 100x MSFT 500c 1/20, wish me luck retards",positive,0.47743038133424753,MSFT,reddit,11,24
2023-08-30,BB tendies printing 🍗🍗🍗,positive,0.3301058008613362,BB,reddit,357,41
2023-12-20,if you're not buying AAPL rn you hate money,positive,0.6005827052609671,AAPL,reddit,32,66
2023-09-16,wife's boyfriend approved my AAPL purchase,positive,0.5994088611771535,AAPL,reddit,3,8
2024-07-21,bull thesis on GOOGL: trust me bro,positive,0.556062674828682,GOOGL,reddit,12,1
2024-03-12,"inverse WSB worked, sold AAPL at the top",negative,-0.6258932386743448,AAPL,reddit,207,24
2023-12-26,what's the play on TSLA?,neutral,0.19734891778800562,TSLA,reddit,46,13
2024-05-28,loss porn: down 90% on META calls,negative,-0.4670540825103088,META,reddit,28,20
2024-05-07,"TSLA puts printing, bears eating good tonight",negative,-0.8347139133396744,TSLA,reddit,193,14
2024-05-09,"GOOGL going to $0, get out while you can",negative,-0.6446814987510479,GOOGL,reddit,44,36
2023-07-08,"positions: 100x AAPL 500c 1/20, wish me luck retards",positive,0.8201077406482298,AAPL,reddit,9,4
2023-03-22,"this is financial advice, buy GOOGL",positive,0.4605491038948596,GOOGL,reddit,30,1
2023-11-12,"YOLO'd my life savings into TSLA calls, cant go tits up",positive,0.7481182657066325,TSLA,reddit,124,12
2024-09-21,BB tendies printing 🍗🍗🍗,positive,0.5984705624966529,BB,reddit,96,32
2024-07-14,apes dont sell 💎🙌 GOOGL forever,positive,0.7690257571013059,GOOGL,reddit,159,13
2023-09-23,"AMZN rug pull, everyone got rekt",negative,-0.8580186229226112,AMZN,reddit,190,2
2024-07-25,DD: Why TSLA is going to $1000 🚀,positive,0.7577580011973916,TSLA,reddit,1,17
2023-09-28,bull thesis on NVDA: trust me bro,positive,0.4198096267971632,NVDA,reddit,149,59
2023-12-04,apes dont sell 💎🙌 META forever,positive,0.7442606555108082,META,reddit,13,1
2024-02-17,"GUH moment on GME, RIP my portfolio",negative,-0.3112167811593962,GME,reddit,321,34
2024-06-09,bull thesis on PLTR: trust me bro,positive,0.5517164952901785,PLTR,reddit,56,56
2023-07-31,"AMC squeeze incoming, shorts are fukd",positive,0.34372843599937986,AMC,reddit,106,25
2023-12-15,"theta gang on GME, selling covered calls",neutral,-0.02341457600316116,GME,reddit,114,13
2023-06-20,"GUH moment on PLTR, RIP my portfolio",negative,-0.48895519422408,PLTR,reddit,71,16
2024-01-15,apes dont sell 💎🙌 PLTR forever,positive,0.7760638200419613,PLTR,reddit,183,0
2023-12-31,"YOLO'd my life savings into AAPL calls, cant go tits up",positive,0.8760469280681638,AAPL,reddit,0,94
2024-07-07,"GUH moment on AAPL, RIP my portfolio",negative,-0.7636111483574204,AAPL,reddit,96,34
2024-11-13,"YOLO'd my life savings into PLTR calls, cant go tits up",positive,0.6838016769822741,PLTR,reddit,85,17
2023-07-26,wife's boyfriend approved my PLTR purchase,positive,0.6972611771067132,PLTR,reddit,90,15
2023-02-05,"META puts printing, bears eating good tonight",negative,-0.48561745908979254,META,reddit,53,6
2023-03-21,imagine buying META at ATH lmaooo,negative,-0.5383098262203523,META,reddit,397,6
2024-02-26,"AAPL rug pull, everyone got rekt",negative,-0.633528927708547,AAPL,reddit,66,0
2023-02-01,wife's boyfriend approved my META purchase,positive,0.40969955522777746,META,reddit,5,10
2024-03-05,paper trading NVDA before going in,neutral,0.0017026378321235713,NVDA,reddit,35,17
2023-12-20,paper trading NVDA before going in,neutral,-0.1872105793321877,NVDA,reddit,57,43
2023-07-06,what's the play on META?,neutral,-0.09110687811165721,META,reddit,19,11
2024-05-19,if you're not buying SPY rn you hate money,positive,0.3351996337303671,SPY,reddit,235,60
2024-03-02,"inverse WSB worked, sold AMZN at the top",negative,-0.6518493468408888,AMZN,reddit,8,39
2023-07-20,"theta gang on SPY, selling covered calls",neutral,-0.07855609591678658,SPY,reddit,17,46
2024-05-08,NVDA tendies printing 🍗🍗🍗,positive,0.34078789043870306,NVDA,reddit,117,14
2023-03-27,what's the play on BB?,neutral,-0.12217331225112377,BB,reddit,15,18
2024-09-24,loss porn: down 90% on AMC calls,negative,-0.5891898873582712,AMC,reddit,25,19
2023-06-05,"PLTR going to $0, get out while you can",negative,-0.4125040614161419,PLTR,reddit,104,32
2023-10-13,"theta gang on NVDA, selling covered calls",neutral,-0.173181441405994,NVDA,reddit,35,2
2024-10-18,"positions: 100x META 500c 1/20, wish me luck retards",positive,0.5992415826867235,META,reddit,142,41
2023-05-08,DD: Why BB is going to $1000 🚀,positive,0.5244237766848008,BB,reddit,196,4
2024-02-25,if you're not buying META rn you hate money,positive,0.6795668634009748,META,reddit,117,6
2024-01-26,"inverse WSB worked, sold AMZN at the top",negative,-0.41140155256973415,AMZN,reddit,67,1
2024-06-28,"BB rug pull, everyone got rekt",negative,-0.4288689868016804,BB,reddit,36,4
2024-09-04,bull thesis on SPY: trust me bro,positive,0.6457619468233329,SPY,reddit,31,11
2023-04-11,anyone got DD on AAPL?,neutral,-0.16047254475026174,AAPL,reddit,223,11
2023-09-03,what's the play on SPY?,neutral,-0.05590365254669877,SPY,reddit,391,6
2023-05-10,META tendies printing 🍗🍗🍗,positive,0.5590663856111246,META,reddit,457,2
2024-08-26,DD: Why SPY is going to $1000 🚀,positive,0.4134927511170185,SPY,reddit,155,4
2023-09-20,if you're not buying GOOGL rn you hate money,positive,0.7622793045216829,GOOGL,reddit,17,14
2023-02-12,bull thesis on NVDA: trust me bro,positive,0.5385011764826623,NVDA,reddit,11,35
2023-08-24,wife's boyfriend approved my SPY purchase,positive,0.7824057753105933,SPY,reddit,95,30
2023-03-30,"this is financial advice, buy AAPL",positive,0.3773532305096999,AAPL,reddit,89,0
2024-05-28,AMZN tendies printing 🍗🍗🍗,positive,0.7278757618796534,AMZN,reddit,2,7
2023-02-13,bull thesis on NVDA: trust me bro,positive,0.7470176911054716,NVDA,reddit,122,1
2023-06-25,GME tendies printing 🍗🍗🍗,positive,0.30073993139745253,GME,reddit,194,0
2024-02-03,"YOLO'd my life savings into SPY calls, cant go tits up",positive,0.3686042833884533,SPY,reddit,78,2
2024-01-14,anyone got DD on MSFT?,neutral,-0.1585140404694493,MSFT,reddit,121,10
2023-07-29,what's the play on PLTR?,neutral,0.11690048252657254,PLTR,reddit,4,5
2023-07-07,if you're not buying GOOGL rn you hate money,positive,0.7631667366441675,GOOGL,reddit,16,75
2023-07-16,META tendies printing 🍗🍗🍗,positive,0.6736592211260739,META,reddit,211,8
2024-10-13,imagine buying BB at ATH lmaooo,negative,-0.5838102431086045,BB,reddit,66,11
2024-06-13,"sold my META bags, finally free",negative,-0.7129403700955019,META,reddit,0,10
2024-04-02,"sold my GME bags, finally free",negative,-0.6492626320299433,GME,reddit,77,12
2023-10-20,if you're not buying AAPL rn you hate money,positive,0.5706231822327558,AAPL,reddit,127,13
2024-07-26,if you're not buying PLTR rn you hate money,positive,0.628148716970705,PLTR,reddit,44,12
2024-09-06,AMZN tendies printing 🍗🍗🍗,positive,0.6066760034008455,AMZN,reddit,129,2
2024-04-21,"AAPL going to $0, get out while you can",negative,-0.32446941094227255,AAPL,reddit,3,24
2024-09-23,"AMZN squeeze incoming, shorts are fukd",positive,0.4451549951184529,AMZN,reddit,71,3
2023-04-06,what's the play on PLTR?,neutral,0.14511954903995894,PLTR,reddit,80,4
2023-11-07,"MSFT going to $0, get out while you can",negative,-0.8371991869519141,MSFT,reddit,156,7
2024-11-09,bull thesis on AAPL: trust me bro,positive,0.7578577128349058,AAPL,reddit,201,11
2024-08-19,anyone got DD on NVDA?,neutral,0.03218595384050943,NVDA,reddit,11,0
2023-02-25,"this is financial advice, buy SPY",positive,0.534185805762303,SPY,reddit,151,5
2024-03-16,what's the play on MSFT?,neutral,0.0322699565341269,MSFT,reddit,180,10
2024-05-11,paper trading MSFT before going in,neutral,-0.12241836479369934,MSFT,reddit,40,41
2023-01-23,"YOLO'd my life savings into AMC calls, cant go tits up",positive,0.7456751918960425,AMC,reddit,370,18
2023-08-27,"YOLO'd my life savings into GME calls, cant go tits up",positive,0.664301467130485,GME,reddit,229,7
2024-01-18,"TSLA squeeze incoming, shorts are fukd",positive,0.5647342039925691,TSLA,reddit,4,6
2024-02-19,"sold my GME bags, finally free",negative,-0.34884048310997817,GME,reddit,3,23
2023-12-10,wife's boyfriend approved my AMZN purchase,positive,0.8499043100155863,AMZN,reddit,41,11
2023-08-02,if you're not buying AMZN rn you hate money,positive,0.5572939120142484,AMZN,reddit,28,7
2024-05-28,"META squeeze incoming, shorts are fukd",positive,0.40971714856075186,META,reddit,30,6
2023-06-06,apes dont sell 💎🙌 AMZN forever,positive,0.835159264519121,AMZN,reddit,169,35
2024-01-21,what's the play on MSFT?,neutral,0.19257590463132762,MSFT,reddit,30,36
2024-06-02,"BB squeeze incoming, shorts are fukd",positive,0.411006994592271,BB,reddit,147,4
2024-02-25,"GOOGL rug pull, everyone got rekt",negative,-0.5106461688648517,GOOGL,reddit,263,52
2023-10-18,"inverse WSB worked, sold META at the top",negative,-0.8234550735561723,META,reddit,0,27
2023-06-22,loss porn: down 90% on TSLA calls,negative,-0.3987218471313989,TSLA,reddit,135,6
2024-11-25,"this is financial advice, buy GME",positive,0.45378582040126925,GME,reddit,202,40
2024-11-18,BB tendies printing 🍗🍗🍗,positive,0.7201502764778056,BB,reddit,120,4
2024-10-22,BB tendies printing 🍗🍗🍗,positive,0.5276959933322325,BB,reddit,33,4
2024-05-21,GME tendies printing 🍗🍗🍗,positive,0.41474965808584197,GME,reddit,24,0
2023-06-08,"GOOGL going to $0, get out while you can",negative,-0.6110290165887116,GOOGL,reddit,2,35
2024-11-21,"positions: 100x META 500c 1/20, wish me luck retards",positive,0.34742514221424087,META,reddit,165,2
2024-08-15,"positions: 100x MSFT 500c 1/20, wish me luck retards",positive,0.6465449859465864,MSFT,reddit,100,42
2024-10-30,"GOOGL puts printing, bears eating good tonight",negative,-0.5337113822870122,GOOGL,reddit,105,9
2024-03-20,paper trading MSFT before going in,neutral,-0.037877257818296484,MSFT,reddit,23,26
2023-12-28,SPY IV too high for options rn,neutral,0.15104683629039384,SPY,reddit,35,3
2023-02-26,"BB squeeze incoming, shorts are fukd",positive,0.6683807705923868,BB,reddit,101,5
2024-04-03,anyone got DD on AMZN?,neutral,-0.16596825563938028,AMZN,reddit,368,47
2023-06-07,imagine buying AAPL at ATH lmaooo,negative,-0.896770360092797,AAPL,reddit,26,9
2023-10-12,"inverse WSB worked, sold GOOGL at the top",negative,-0.4241870974198822,GOOGL,reddit,98,10
2024-03-22,"theta gang on META, selling covered calls",neutral,-0.0631895387844654,META,reddit,49,12
2023-07-02,"GUH moment on MSFT, RIP my portfolio",negative,-0.4126565832874398,MSFT,reddit,79,30
2023-05-28,what's the play on AMC?,neutral,-0.01753684400787639,AMC,reddit,120,5
2024-02-03,apes dont sell 💎🙌 NVDA forever,positive,0.43605811581195936,NVDA,reddit,37,10
2024-08-11,"GUH moment on GME, RIP my portfolio",negative,-0.8464433422264973,GME,reddit,10,14
2024-04-02,"AAPL puts printing, bears eating good tonight",negative,-0.3349632201706607,AAPL,reddit,50,32
2023-03-30,DD: Why TSLA is going to $1000 🚀,positive,0.6686138782850474,TSLA,reddit,61,16
2024-08-13,NVDA IV too high for options rn,neutral,0.1729371175707473,NVDA,reddit,28,13
2023-08-28,"this is financial advice, buy GME",positive,0.4248417070224379,GME,reddit,164,20
2023-01-07,if you're not buying BB rn you hate money,positive,0.6032506314857664,BB,reddit,160,26
2023-11-29,"sold my GME bags, finally free",negative,-0.5292391316469411,GME,reddit,109,7
2024-03-17,"sold my META bags, finally free",negative,-0.8324481434906051,META,reddit,34,4
2023-07-29,paper trading MSFT before going in,neutral,0.1450820726721211,MSFT,reddit,36,2
2023-06-21,DD: Why BB is going to $1000 🚀,positive,0.3214241524126826,BB,reddit,320,23
2023-10-30,"theta gang on GME, selling covered calls",neutral,-0.16071572883901478,GME,reddit,15,44
2023-10-23,"AMC going to $0, get out while you can",negative,-0.6003467756981858,AMC,reddit,179,42
2024-06-11,paper trading AAPL before going in,neutral,0.09282255182089516,AAPL,reddit,87,2
2023-06-04,wife's boyfriend approved my AMZN purchase,positive,0.3788653933937156,AMZN,reddit,8,10
2023-10-19,bull thesis on GOOGL: trust me bro,positive,0.3330164695981465,GOOGL,reddit,42,14
2024-04-14,wife's boyfriend approved my GOOGL purchase,positive,0.8466581663434596,GOOGL,reddit,102,43
2024-05-09,"positions: 100x SPY 500c 1/20, wish me luck retards",positive,0.6268482526751682,SPY,reddit,68,14
2024-07-26,"inverse WSB worked, sold NVDA at the top",negative,-0.7506824206484104,NVDA,reddit,105,16
2024-11-04,apes dont sell 💎🙌 META forever,positive,0.6228262745166815,META,reddit,117,8
2024-07-15,if you're not buying META rn you hate money,positive,0.36386497595041845,META,reddit,0,13
2023-11-17,AMC IV too high for options rn,neutral,-0.12468068956717296,AMC,reddit,95,22
2024-01-19,GME IV too high for options rn,neutral,0.15523100536557033,GME,reddit,0,46
2023-09-30,imagine buying META at ATH lmaooo,negative,-0.7065914883414093,META,reddit,34,9
2024-06-02,what's the play on NVDA?,neutral,-0.053322689603325035,NVDA,reddit,25,42
2024-11-04,"AAPL going to $0, get out while you can",negative,-0.8950509644025013,AAPL,reddit,84,79
2024-09-07,AMZN tendies printing 🍗🍗🍗,positive,0.6786295935000037,AMZN,reddit,127,7
2024-09-02,"YOLO'd my life savings into BB calls, cant go tits up",positive,0.3400596941510408,BB,reddit,73,2
2023-12-31,"YOLO'd my life savings into GOOGL calls, cant go tits up",positive,0.7033428247961447,GOOGL,reddit,50,18
2024-07-02,if you're not buying MSFT rn you hate money,positive,0.7546606109281363,MSFT,reddit,83,1
2023-02-08,"META consolidating, waiting for breakout",neutral,0.13581063324325587,META,reddit,69,5
2024-02-13,what's the play on TSLA?,neutral,-0.11925431266891368,TSLA,reddit,131,2
2024-03-28,what's the play on GOOGL?,neutral,0.03678994783672124,GOOGL,reddit,76,3
2023-03-20,DD: Why NVDA is going to $1000 🚀,positive,0.7934061526423919,NVDA,reddit,11,14
2024-10-11,DD: Why AAPL is going to $1000 🚀,positive,0.7025153139800855,AAPL,reddit,89,29
2023-05-18,"AMC puts printing, bears eating good tonight",negative,-0.47283095173382383,AMC,reddit,139,1
2024-08-14,wife's boyfriend approved my GME purchase,positive,0.5640352442355445,GME,reddit,67,16
2023-03-23,"GUH moment on META, RIP my portfolio",negative,-0.4258668521170305,META,reddit,49,13
2023-02-17,"MSFT puts printing, bears eating good tonight",negative,-0.35504469988061804,MSFT,reddit,148,34
2023-06-18,"GOOGL rug pull, everyone got rekt",negative,-0.43801671648629426,GOOGL,reddit,17,20
2024-02-05,"PLTR rug pull, everyone got rekt",negative,-0.3703020970118934,PLTR,reddit,48,38
2024-03-10,"AMC rug pull, everyone got rekt",negative,-0.3958733732265326,AMC,reddit,278,5
2024-06-09,wife's boyfriend approved my PLTR purchase,positive,0.45026770833184226,PLTR,reddit,4,16
2023-06-10,"MSFT going to $0, get out while you can",negative,-0.5377245148024662,MSFT,reddit,252,7
2023-05-08,"META squeeze incoming, shorts are fukd",positive,0.6612750762037524,META,reddit,18,11
2024-11-15,"GUH moment on SPY, RIP my portfolio",negative,-0.4144515061725138,SPY,reddit,193,39
2024-03-29,"MSFT squeeze incoming, shorts are fukd",positive,0.301640178005949,MSFT,reddit,35,29
2024-05-08,"SPY consolidating, waiting for breakout",neutral,0.19636705585421194,SPY,reddit,31,12
2023-06-05,anyone got DD on PLTR?,neutral,0.09582080246488195,PLTR,reddit,85,58
2024-01-04,bull thesis on NVDA: trust me bro,positive,0.863203603726034,NVDA,reddit,313,26
2023-10-26,NVDA IV too high for options rn,neutral,0.030888599423122554,NVDA,reddit,6,7
2023-10-05,"TSLA consolidating, waiting for breakout",neutral,-0.05472191439173685,TSLA,reddit,197,4
2023-09-08,GME IV too high for options rn,neutral,-0.10056222677925497,GME,reddit,6,27
2024-06-22,"this is financial advice, buy SPY",positive,0.8269773956285433,SPY,reddit,53,27
2024-05-16,loss porn: down 90% on AMZN calls,negative,-0.7472701431275259,AMZN,reddit,110,22
2023-05-04,"AAPL puts printing, bears eating good tonight",negative,-0.7033076081131917,AAPL,reddit,94,6
2023-10-04,apes dont sell 💎🙌 GME forever,positive,0.686675762444413,GME,reddit,7,6
2023-08-17,"BB consolidating, waiting for breakout",neutral,-0.031419214267409235,BB,reddit,72,21
2024-02-29,bull thesis on PLTR: trust me bro,positive,0.7814284700323255,PLTR,reddit,6,44
2023-10-27,"GME consolidating, waiting for breakout",neutral,-0.17341218959186844,GME,reddit,21,0
2023-11-06,"GOOGL puts printing, bears eating good tonight",negative,-0.700946949132464,GOOGL,reddit,180,27
2023-05-31,"YOLO'd my life savings into META calls, cant go tits up",positive,0.6211049536173626,META,reddit,100,8
2023-02-25,anyone got DD on META?,neutral,-0.07015852793703758,META,reddit,176,29
2023-10-29,"GUH moment on BB, RIP my portfolio",negative,-0.6147466818584642,BB,reddit,377,1
2024-04-22,DD: Why MSFT is going to $1000 🚀,positive,0.6758114704821516,MSFT,reddit,25,59
2023-02-24,"GUH moment on GME, RIP my portfolio",negative,-0.3704236249433537,GME,reddit,37,3
2023-06-19,AMC IV too high for options rn,neutral,0.12283642862228805,AMC,reddit,39,26
2024-09-05,"positions: 100x MSFT 500c 1/20, wish me luck retards",positive,0.45489167340944625,MSFT,reddit,22,32
2024-08-08,"GOOGL going to $0, get out while you can",negative,-0.3597480621039054,GOOGL,reddit,150,7
2023-06-03,"BB puts printing, bears eating good tonight",negative,-0.631142782503071,BB,reddit,41,17
2023-04-14,"GOOGL consolidating, waiting for breakout",neutral,-0.19792261883345974,GOOGL,reddit,35,5
2024-10-14,"positions: 100x SPY 500c 1/20, wish me luck retards",positive,0.8851312646625191,SPY,reddit,91,20
2023-09-09,"positions: 100x NVDA 500c 1/20, wish me luck retards",positive,0.6975354364340904,NVDA,reddit,43,2
2024-02-07,what's the play on NVDA?,neutral,0.06410297662608216,NVDA,reddit,42,13
2024-07-18,bull thesis on GOOGL: trust me bro,positive,0.7413879170443436,GOOGL,reddit,61,3
2024-06-13,NVDA tendies printing 🍗🍗🍗,positive,0.6323415690124153,NVDA,reddit,113,0
2024-01-04,loss porn: down 90% on TSLA calls,negative,-0.5421045504121054,TSLA,reddit,36,25
2024-09-20,loss porn: down 90% on MSFT calls,negative,-0.8978466266522159,MSFT,reddit,60,15
2023-08-19,TSLA tendies printing 🍗🍗🍗,positive,0.8960656502408597,TSLA,reddit,258,42
2023-08-30,bull thesis on BB: trust me bro,positive,0.5877435525235295,BB,reddit,141,49
2023-07-09,"YOLO'd my life savings into MSFT calls, cant go tits up",positive,0.5320197984396481,MSFT,reddit,73,8
2024-06-13,NVDA IV too high for options rn,neutral,-0.1247192249015292,NVDA,reddit,18,61
2024-10-05,DD: Why META is going to $1000 🚀,positive,0.7201903918153238,META,reddit,206,25
2024-05-26,paper trading BB before going in,neutral,0.01884314807171386,BB,reddit,70,60
2024-08-15,wife's boyfriend approved my NVDA purchase,positive,0.728536882370289,NVDA,reddit,16,18
2024-07-15,paper trading PLTR before going in,neutral,-0.1470321663293618,PLTR,reddit,70,51
2023-08-12,if you're not buying AMZN rn you hate money,positive,0.48255814301101263,AMZN,reddit,161,5
2024-10-18,loss porn: down 90% on NVDA calls,negative,-0.7109766475825234,NVDA,reddit,247,22
2023-02-13,"theta gang on GME, selling covered calls",neutral,0.10061363552388186,GME,reddit,87,53
2023-02-02,wife's boyfriend approved my SPY purchase,positive,0.7929861349493654,SPY,reddit,234,15
2023-04-14,"sold my META bags, finally free",negative,-0.8332733232970149,META,reddit,69,17
2024-02-13,loss porn: down 90% on TSLA calls,negative,-0.789095718693944,TSLA,reddit,150,16
2023-07-01,DD: Why GME is going to $1000 🚀,positive,0.5909770864224041,GME,reddit,25,23
2024-10-27,META IV too high for options rn,neutral,0.1451337949645714,META,reddit,362,21
2024-08-02,"YOLO'd my life savings into GME calls, cant go tits up",positive,0.3641249385732876,GME,reddit,30,12
2024-03-11,imagine buying GOOGL at ATH lmaooo,negative,-0.41284347964621093,GOOGL,reddit,130,30
2023-08-20,loss porn: down 90% on AMC calls,negative,-0.4251500275452229,AMC,reddit,39,7
2023-05-11,"META going to $0, get out while you can",negative,-0.589516344717349,META,reddit,18,0
2024-07-05,"GOOGL consolidating, waiting for breakout",neutral,-0.004425474256653933,GOOGL,reddit,70,12
2023-09-04,imagine buying BB at ATH lmaooo,negative,-0.3580029609155575,BB,reddit,344,12
2024-05-10,"YOLO'd my life savings into AAPL calls, cant go tits up",positive,0.6802259957682907,AAPL,reddit,1,26
2024-02-25,loss porn: down 90% on GOOGL calls,negative,-0.8308252561250018,GOOGL,reddit,25,1
2024-06-17,anyone got DD on TSLA?,neutral,0.029189164468631068,TSLA,reddit,35,19
2024-02-04,"PLTR puts printing, bears eating good tonight",negative,-0.7755725115744087,PLTR,reddit,80,25
2023-10-19,"sold my GME bags, finally free",negative,-0.46826522374756185,GME,reddit,13,1
2023-01-25,loss porn: down 90% on PLTR calls,negative,-0.8093942160684142,PLTR,reddit,152,3
2023-08-10,SPY tendies printing 🍗🍗🍗,positive,0.4314478050474698,SPY,reddit,33,3
2023-12-03,paper trading AMC before going in,neutral,-0.18415107483112825,AMC,reddit,2,3
2024-01-31,"AMZN squeeze incoming, shorts are fukd",positive,0.745444092211335,AMZN,reddit,14,1
2023-11-10,"YOLO'd my life savings into GME calls, cant go tits up",positive,0.6715710724808603,GME,reddit,25,5
2024-02-22,apes dont sell 💎🙌 GOOGL forever,positive,0.8018982171834002,GOOGL,reddit,211,13
2023-06-08,anyone got DD on GME?,neutral,0.07186265398186997,GME,reddit,154,21
2024-01-24,what's the play on AAPL?,neutral,-0.044987043572770224,AAPL,reddit,269,72
2023-07-31,"SPY rug pull, everyone got rekt",negative,-0.6662350178374705,SPY,reddit,186,6
2023-06-25,"positions: 100x GOOGL 500c 1/20, wish me luck retards",positive,0.5247055426105172,GOOGL,reddit,188,9
2023-08-05,"inverse WSB worked, sold META at the top",negative,-0.7693905649798172,META,reddit,0,9
2024-01-02,TSLA tendies printing 🍗🍗🍗,positive,0.5465937440857651,TSLA,reddit,13,25
2024-11-18,paper trading GME before going in,neutral,-0.005492365316359049,GME,reddit,92,16
2024-01-15,SPY IV too high for options rn,neutral,0.11606150615000183,SPY,reddit,103,8
2023-04-11,bull thesis on BB: trust me bro,positive,0.30263500326556964,BB,reddit,160,2
2024-01-21,if you're not buying META rn you hate money,positive,0.3025198005385451,META,reddit,127,14
2024-06-07,"SPY going to $0, get out while you can",negative,-0.7664824788926552,SPY,reddit,173,1
2024-08-12,DD: Why TSLA is going to $1000 🚀,positive,0.6345262821017922,TSLA,reddit,21,12
2023-04-10,"theta gang on PLTR, selling covered calls",neutral,0.007145757740914721,PLTR,reddit,86,35
2023-03-29,"GUH moment on AMZN, RIP my portfolio",negative,-0.4185105362936188,AMZN,reddit,66,26
2024-03-30,"positions: 100x PLTR 500c 1/20, wish me luck retards",positive,0.641270504120696,PLTR,reddit,11,19
2023-11-09,"YOLO'd my life savings into GME calls, cant go tits up",positive,0.30397086994327766,GME,reddit,33,8
2023-03-21,"sold my AMZN bags, finally free",negative,-0.5499781657424485,AMZN,reddit,11,5
2024-09-18,"PLTR squeeze incoming, shorts are fukd",positive,0.7728891211273912,PLTR,reddit,173,44
2024-10-20,"positions: 100x GME 500c 1/20, wish me luck retards",positive,0.5593692713149043,GME,reddit,204,16
2023-07-09,wife's boyfriend approved my GOOGL purchase,positive,0.5195472015540354,GOOGL,reddit,21,31
2023-02-28,if you're not buying BB rn you hate money,positive,0.8997459314487599,BB,reddit,11,32
2024-11-02,imagine buying PLTR at ATH lmaooo,negative,-0.44687499966351024,PLTR,reddit,29,13
2023-06-25,"theta gang on SPY, selling covered calls",neutral,0.16847847310581343,SPY,reddit,82,32
2023-02-10,loss porn: down 90% on TSLA calls,negative,-0.4011752111181712,TSLA,reddit,252,11
2024-08-16,"SPY consolidating, waiting for breakout",neutral,0.09503288790739672,SPY,reddit,280,30
2023-01-31,apes dont sell 💎🙌 TSLA forever,positive,0.5224675631996436,TSLA,reddit,0,0
2024-10-29,META tendies printing 🍗🍗🍗,positive,0.4804886790347687,META,reddit,4,11
2024-09-27,"this is financial advice, buy NVDA",positive,0.4995092208999628,NVDA,reddit,0,0
2024-05-15,what's the play on GME?,neutral,-0.15221351983945014,GME,reddit,72,25
2023-01-06,"positions: 100x SPY 500c 1/20, wish me luck retards",positive,0.7290336799887771,SPY,reddit,60,47
2024-09-13,AMZN tendies printing 🍗🍗🍗,positive,0.3993918920551143,AMZN,reddit,203,39
2024-05-08,AMZN tendies printing 🍗🍗🍗,positive,0.7704839793051503,AMZN,reddit,74,54
2023-05-26,apes dont sell 💎🙌 AMC forever,positive,0.6369131901552509,AMC,reddit,303,20
2023-12-13,"GOOGL rug pull, everyone got rekt",negative,-0.629250298981606,GOOGL,reddit,27,77
2023-01-19,what's the play on PLTR?,neutral,0.1765228099690323,PLTR,reddit,197,11
2023-11-27,bull thesis on SPY: trust me bro,positive,0.7878634228683322,SPY,reddit,6,1
2023-05-12,"theta gang on NVDA, selling covered calls",neutral,-0.021791321765682575,NVDA,reddit,3,14
2024-01-15,"YOLO'd my life savings into PLTR calls, cant go tits up",positive,0.6112550187138832,PLTR,reddit,35,9
2024-07-06,"sold my NVDA bags, finally free",negative,-0.418882131986961,NVDA,reddit,207,6
2023-02-09,"inverse WSB worked, sold TSLA at the top",negative,-0.8431056848579936,TSLA,reddit,37,56
2024-05-14,"SPY going to $0, get out while you can",negative,-0.6330852094827202,SPY,reddit,45,7
2023-01-11,"theta gang on AMZN, selling covered calls",neutral,-0.00821916561650543,AMZN,reddit,43,18
2024-07-27,"GME going to $0, get out while you can",negative,-0.8483109285400495,GME,reddit,141,19
2023-03-24,"PLTR squeeze incoming, shorts are fukd",positive,0.6590906862605399,PLTR,reddit,7,4
2023-03-07,paper trading GOOGL before going in,neutral,0.08325304471354122,GOOGL,reddit,56,24
2023-10-07,"BB consolidating, waiting for breakout",neutral,0.004345958346860496,BB,reddit,50,11
2023-09-09,bull thesis on NVDA: trust me bro,positive,0.8999122237972137,NVDA,reddit,93,6
2024-08-26,"YOLO'd my life savings into TSLA calls, cant go tits up",positive,0.6977710627316797,TSLA,reddit,152,10
2024-08-13,"GUH moment on PLTR, RIP my portfolio",negative,-0.8947609103406466,PLTR,reddit,14,12
2024-01-20,DD: Why AMC is going to $1000 🚀,positive,0.8272954538866371,AMC,reddit,42,5
2023-08-25,"GUH moment on PLTR, RIP my portfolio",negative,-0.3754532808206986,PLTR,reddit,3,25
2024-11-15,what's the play on NVDA?,neutral,-0.058368154138372846,NVDA,reddit,3,6
2023-10-19,wife's boyfriend approved my PLTR purchase,positive,0.4943968513578606,PLTR,reddit,240,2
2023-06-10,"NVDA rug pull, everyone got rekt",negative,-0.6539826890748218,NVDA,reddit,339,55
2023-04-19,"AAPL puts printing, bears eating good tonight",negative,-0.6917288001582678,AAPL,reddit,32,18
2024-06-02,"theta gang on AMC, selling covered calls",neutral,-0.09321602080942203,AMC,reddit,53,11
2023-07-21,GOOGL IV too high for options rn,neutral,0.015159022618403295,GOOGL,reddit,16,3
2024-11-15,"YOLO'd my life savings into META calls, cant go tits up",positive,0.7759265637908125,META,reddit,17,24
2023-07-03,anyone got DD on AMZN?,neutral,0.07525393934742897,AMZN,reddit,4,10
2024-03-15,"AMZN puts printing, bears eating good tonight",negative,-0.8214797686102192,AMZN,reddit,28,36
2023-06-01,paper trading PLTR before going in,neutral,-0.09155635789100827,PLTR,reddit,22,6
2024-01-19,paper trading AAPL before going in,neutral,-0.004852500184188008,AAPL,reddit,60,6
2023-05-21,paper trading PLTR before going in,neutral,-0.10574415358534611,PLTR,reddit,132,9
2024-09-23,"inverse WSB worked, sold TSLA at the top",negative,-0.5461298840857844,TSLA,reddit,87,8
2023-01-30,imagine buying NVDA at ATH lmaooo,negative,-0.38455185672461645,NVDA,reddit,163,14
2023-12-08,loss porn: down 90% on SPY calls,negative,-0.34509566397852454,SPY,reddit,39,9
2023-06-16,wife's boyfriend approved my MSFT purchase,positive,0.881308336480336,MSFT,reddit,7,16
2023-01-27,"sold my AMC bags, finally free",negative,-0.40756541605774566,AMC,reddit,169,1
2024-03-04,"AMC rug pull, everyone got rekt",negative,-0.7914748808504464,AMC,reddit,85,39
2023-08-30,"positions: 100x GOOGL 500c 1/20, wish me luck retards",positive,0.8828006543951494,GOOGL,reddit,77,13
2023-09-05,"this is financial advice, buy AMC",positive,0.4531935870391759,AMC,reddit,79,25
2023-09-03,MSFT IV too high for options rn,neutral,-0.1752169046065462,MSFT,reddit,516,7
2023-09-12,DD: Why AAPL is going to $1000 🚀,positive,0.8440925862978146,AAPL,reddit,113,0
2023-10-24,"sold my TSLA bags, finally free",negative,-0.3104510749626258,TSLA,reddit,79,20
2024-01-20,GME tendies printing 🍗🍗🍗,positive,0.3163996487941892,GME,reddit,26,69
2024-01-16,SPY tendies printing 🍗🍗🍗,positive,0.8899118693466788,SPY,reddit,178,4
2023-04-08,"sold my SPY bags, finally free",negative,-0.4288619289909692,SPY,reddit,62,2
2023-03-23,"MSFT consolidating, waiting for breakout",neutral,-0.07612141511562842,MSFT,reddit,145,26
2024-04-04,"GUH moment on BB, RIP my portfolio",negative,-0.8576715150143567,BB,reddit,294,0
2023-05-02,bull thesis on GME: trust me bro,positive,0.5794040808071171,GME,reddit,55,13
2023-09-16,"inverse WSB worked, sold SPY at the top",negative,-0.6535782161839855,SPY,reddit,215,19
2024-01-09,imagine buying GOOGL at ATH lmaooo,negative,-0.8965088412139087,GOOGL,reddit,31,10
2024-05-14,paper trading AMZN before going in,neutral,-0.13040181298983178,AMZN,reddit,19,33
2023-11-22,"positions: 100x GOOGL 500c 1/20, wish me luck retards",positive,0.6715728745469098,GOOGL,reddit,186,24
2023-10-28,anyone got DD on AAPL?,neutral,-0.16701689917960702,AAPL,reddit,6,10
2023-12-23,"GOOGL squeeze incoming, shorts are fukd",positive,0.519599688902952,GOOGL,reddit,156,0
2024-11-03,"TSLA consolidating, waiting for breakout",neutral,-0.18982154047848976,TSLA,reddit,17,14
2023-05-26,META IV too high for options rn,neutral,0.01647391101461601,META,reddit,41,28
2024-03-24,imagine buying AAPL at ATH lmaooo,negative,-0.304873618463932,AAPL,reddit,70,13
2023-11-01,if you're not buying GOOGL rn you hate money,positive,0.4464457788661406,GOOGL,reddit,7,45
2023-02-08,"YOLO'd my life savings into NVDA calls, cant go tits up",positive,0.44185748616612674,NVDA,reddit,43,50
2024-04-27,wife's boyfriend approved my BB purchase,positive,0.6471883798970435,BB,reddit,520,34
2023-05-27,"SPY rug pull, everyone got rekt",negative,-0.5181749227140124,SPY,reddit,187,11
2024-08-07,"TSLA consolidating, waiting for breakout",neutral,0.07484937239540312,TSLA,reddit,113,11
2023-09-01,DD: Why GME is going to $1000 🚀,positive,0.3624650339132161,GME,reddit,130,23
2023-04-27,paper trading TSLA before going in,neutral,-0.02986483344889246,TSLA,reddit,1,4
2023-08-31,apes dont sell 💎🙌 AAPL forever,positive,0.476549279337494,AAPL,reddit,22,30
2024-02-20,MSFT tendies printing 🍗🍗🍗,positive,0.3979742453843354,MSFT,reddit,264,20
2024-02-15,"inverse WSB worked, sold AMZN at the top",negative,-0.8641021452150641,AMZN,reddit,232,5
2024-01-17,wife's boyfriend approved my BB purchase,positive,0.8910435362397402,BB,reddit,458,17
2024-01-09,"theta gang on GME, selling covered calls",neutral,0.11799881781219873,GME,reddit,42,42
2024-07-04,"YOLO'd my life savings into AAPL calls, cant go tits up",positive,0.7145827181371912,AAPL,reddit,66,22
2023-04-28,wife's boyfriend approved my MSFT purchase,positive,0.8378904147047739,MSFT,reddit,214,10
2024-04-23,"inverse WSB worked, sold AMC at the top",negative,-0.7762143351760359,AMC,reddit,75,42
2023-11-03,"this is financial advice, buy TSLA",positive,0.44569975297187703,TSLA,reddit,13,3
2023-07-14,"GUH moment on MSFT, RIP my portfolio",negative,-0.5844761623919019,MSFT,reddit,97,5
2023-06-26,"SPY puts printing, bears eating good tonight",negative,-0.45032964138737713,SPY,reddit,295,10
2023-02-11,anyone got DD on GOOGL?,neutral,-0.06139871740935865,GOOGL,reddit,54,2
2023-08-13,DD: Why TSLA is going to $1000 🚀,positive,0.7674530357663638,TSLA,reddit,185,9
2023-04-15,imagine buying GME at ATH lmaooo,negative,-0.8747543713596398,GME,reddit,27,0
2023-10-01,bull thesis on MSFT: trust me bro,positive,0.8344524805633065,MSFT,reddit,245,27
2024-05-23,"SPY consolidating, waiting for breakout",neutral,0.17304848715133686,SPY,reddit,13,87
2024-01-07,bull thesis on AMC: trust me bro,positive,0.6389648920037405,AMC,reddit,3,11
2024-09-06,"positions: 100x AAPL 500c 1/20, wish me luck retards",positive,0.7899035964706689,AAPL,reddit,194,6
2024-11-06,anyone got DD on SPY?,neutral,-0.010408219640052119,SPY,reddit,48,19
2023-02-09,"this is financial advice, buy AMC",positive,0.4701406839053426,AMC,reddit,169,10
2024-05-11,anyone got DD on BB?,neutral,0.19262154472851256,BB,reddit,130,22
2023-10-28,GME IV too high for options rn,neutral,-0.03611216898277672,GME,reddit,11,31
2023-06-10,anyone got DD on BB?,neutral,-0.005448779833760298,BB,reddit,8,17
2024-06-07,imagine buying META at ATH lmaooo,negative,-0.41465571012365404,META,reddit,134,2
2023-06-06,paper trading PLTR before going in,neutral,-0.12163484882043414,PLTR,reddit,89,7
2024-10-25,wife's boyfriend approved my GOOGL purchase,positive,0.3096225316814829,GOOGL,reddit,129,92
2023-09-20,PLTR tendies printing 🍗🍗🍗,positive,0.339012179360295,PLTR,reddit,51,15
2023-06-11,"inverse WSB worked, sold NVDA at the top",negative,-0.6767630107745958,NVDA,reddit,11,19
2023-06-23,what's the play on BB?,neutral,0.13946393644161625,BB,reddit,0,17
2024-05-22,imagine buying SPY at ATH lmaooo,negative,-0.3102137560044895,SPY,reddit,65,16
2023-08-15,wife's boyfriend approved my SPY purchase,positive,0.7864424710012967,SPY,reddit,71,18
2024-08-10,"GME consolidating, waiting for breakout",neutral,-0.05640399588953901,GME,reddit,22,41
2023-06-21,"META rug pull, everyone got rekt",negative,-0.431509313930001,META,reddit,342,0
2023-05-04,"positions: 100x SPY 500c 1/20, wish me luck retards",positive,0.7347800797932926,SPY,reddit,44,76
2023-06-03,NVDA IV too high for options rn,neutral,0.1894733813211566,NVDA,reddit,6,12
2024-03-27,"AAPL consolidating, waiting for breakout",neutral,0.03155259998799553,AAPL,reddit,140,22
2024-03-30,"GUH moment on AMZN, RIP my portfolio",negative,-0.40368180643527624,AMZN,reddit,95,48
2024-01-12,loss porn: down 90% on NVDA calls,negative,-0.45498813555965184,NVDA,reddit,62,2
2023-05-20,DD: Why BB is going to $1000 🚀,positive,0.7698331284138478,BB,reddit,30,0
2023-02-14,"AMC going to $0, get out while you can",negative,-0.6203018058196196,AMC,reddit,35,0
2023-04-15,apes dont sell 💎🙌 PLTR forever,positive,0.3132085114805389,PLTR,reddit,175,3
2024-09-27,wife's boyfriend approved my PLTR purchase,positive,0.7995782803385622,PLTR,reddit,26,96
2024-05-02,"AAPL squeeze incoming, shorts are fukd",positive,0.6195277176302421,AAPL,reddit,21,19
2024-11-12,anyone got DD on BB?,neutral,-0.16539407361633135,BB,reddit,131,49
2024-08-28,"NVDA rug pull, everyone got rekt",negative,-0.37370240012232603,NVDA,reddit,144,64
2024-11-16,imagine buying PLTR at ATH lmaooo,negative,-0.8243723385076431,PLTR,reddit,95,0
2024-06-28,"YOLO'd my life savings into TSLA calls, cant go tits up",positive,0.36668670347470605,TSLA,reddit,32,0
2023-09-07,wife's boyfriend approved my SPY purchase,positive,0.3016091051543609,SPY,reddit,93,2
2024-09-02,paper trading SPY before going in,neutral,-0.1633255914421814,SPY,reddit,46,37
2024-11-16,META IV too high for options rn,neutral,0.07247347060964254,META,reddit,57,6
2023-01-27,"positions: 100x GOOGL 500c 1/20, wish me luck retards",positive,0.6063328644802385,GOOGL,reddit,71,33
2024-05-20,"GUH moment on TSLA, RIP my portfolio",negative,-0.7012775042785684,TSLA,reddit,14,6
2024-04-27,if you're not buying TSLA rn you hate money,positive,0.749908151588152,TSLA,reddit,20,17
2023-01-15,"theta gang on GME, selling covered calls",neutral,-0.1932224981242474,GME,reddit,107,8
2023-08-18,bull thesis on META: trust me bro,positive,0.7283841904122257,META,reddit,9,3
2024-11-19,if you're not buying GME rn you hate money,positive,0.45351337407050196,GME,reddit,41,42
2024-08-16,"this is financial advice, buy GME",positive,0.6967982643888666,GME,reddit,11,16
2023-06-25,"GOOGL squeeze incoming, shorts are fukd",positive,0.41626670183651526,GOOGL,reddit,309,4
2023-06-02,"this is financial advice, buy AAPL",positive,0.5002928091767354,AAPL,reddit,30,9
2024-03-19,"META squeeze incoming, shorts are fukd",positive,0.4573928387037209,META,reddit,296,44
2023-01-13,bull thesis on NVDA: trust me bro,positive,0.49237818191150073,NVDA,reddit,53,0
2024-04-24,"PLTR rug pull, everyone got rekt",negative,-0.8667101456555546,PLTR,reddit,81,26
2023-02-16,wife's boyfriend approved my GME purchase,positive,0.895418794560972,GME,reddit,15,9
2023-07-03,META IV too high for options rn,neutral,0.022580920007267358,META,reddit,76,35
2024-02-23,loss porn: down 90% on MSFT calls,negative,-0.5532220430253116,MSFT,reddit,340,41
2023-03-08,anyone got DD on PLTR?,neutral,0.1916798358926654,PLTR,reddit,23,28
2024-06-01,if you're not buying MSFT rn you hate money,positive,0.8699096948229961,MSFT,reddit,11,1
2023-05-16,"META rug pull, everyone got rekt",negative,-0.44030716620161936,META,reddit,126,10
2024-08-02,"SPY going to $0, get out while you can",negative,-0.5289304644737172,SPY,reddit,220,9
2024-01-15,"NVDA squeeze incoming, shorts are fukd",positive,0.5496835412365355,NVDA,reddit,126,1
2023-12-07,DD: Why AMC is going to $1000 🚀,positive,0.5041030739279996,AMC,reddit,114,10
2023-03-26,apes dont sell 💎🙌 AAPL forever,positive,0.6916974333647757,AAPL,reddit,113,28
2023-06-03,what's the play on NVDA?,neutral,0.034858780150719415,NVDA,reddit,19,39
2024-10-24,paper trading NVDA before going in,neutral,0.002042521221861604,NVDA,reddit,255,21
2023-08-08,"AMZN going to $0, get out while you can",negative,-0.8015716305324199,AMZN,reddit,60,19
2024-05-17,"GUH moment on BB, RIP my portfolio",negative,-0.6521058555726232,BB,reddit,46,9
2024-06-10,"AAPL consolidating, waiting for breakout",neutral,0.11380704356036131,AAPL,reddit,139,8
2024-05-24,MSFT tendies printing 🍗🍗🍗,positive,0.8138524575936807,MSFT,reddit,66,24
2024-07-06,BB IV too high for options rn,neutral,-0.08112007743367129,BB,reddit,632,39
2023-10-17,GME IV too high for options rn,neutral,-0.07901771940483267,GME,reddit,35,23
2024-06-26,"this is financial advice, buy NVDA",positive,0.31268724267162945,NVDA,reddit,48,175
2024-09-13,"this is financial advice, buy BB",positive,0.8984359064085308,BB,reddit,234,16
2023-11-23,"GME squeeze incoming, shorts are fukd",positive,0.7988508427607104,GME,reddit,149,25
2023-06-22,loss porn: down 90% on AMC calls,negative,-0.3518998841498827,AMC,reddit,98,8
2024-10-13,if you're not buying GME rn you hate money,positive,0.7230333642059071,GME,reddit,43,12
2023-03-13,"theta gang on TSLA, selling covered calls",neutral,-0.11405070565469777,TSLA,reddit,64,14
2023-10-25,bull thesis on NVDA: trust me bro,positive,0.3935784871706236,NVDA,reddit,28,2
2023-07-21,DD: Why TSLA is going to $1000 🚀,positive,0.6140167302816442,TSLA,reddit,2,15
2024-09-25,what's the play on AMZN?,neutral,-0.07213577106416583,AMZN,reddit,53,12
2023-11-25,"TSLA consolidating, waiting for breakout",neutral,-0.10956025039253912,TSLA,reddit,309,11
2024-03-13,apes dont sell 💎🙌 NVDA forever,positive,0.4436435033911678,NVDA,reddit,14,8
2023-08-09,bull thesis on PLTR: trust me bro,positive,0.8367266230720312,PLTR,reddit,82,8
2023-08-24,BB tendies printing 🍗🍗🍗,positive,0.45959784983261653,BB,reddit,33,11
2023-05-11,paper trading GME before going in,neutral,-0.023672037831457077,GME,reddit,49,11
2024-02-29,META IV too high for options rn,neutral,0.17760295189982522,META,reddit,84,5
2024-10-30,paper trading GOOGL before going in,neutral,-0.0027618069039786752,GOOGL,reddit,243,8
2024-09-09,"this is financial advice, buy PLTR",positive,0.8306938655913445,PLTR,reddit,23,33
2024-01-02,if you're not buying AMZN rn you hate money,positive,0.6951067162322895,AMZN,reddit,90,35
2024-04-24,"theta gang on NVDA, selling covered calls",neutral,0.04693709703336743,NVDA,reddit,153,4
2023-08-20,"this is financial advice, buy GOOGL",positive,0.4071419792091689,GOOGL,reddit,159,67
2023-04-02,"positions: 100x META 500c 1/20, wish me luck retards",positive,0.6331007842147329,META,reddit,27,5
2024-01-24,"GUH moment on GOOGL, RIP my portfolio",negative,-0.7001730145125006,GOOGL,reddit,10,37
2023-01-03,imagine buying MSFT at ATH lmaooo,negative,-0.7371724545688663,MSFT,reddit,22,17
2024-11-06,loss porn: down 90% on AMZN calls,negative,-0.5527700069976058,AMZN,reddit,3,1
2024-06-13,"AMZN puts printing, bears eating good tonight",negative,-0.8893810342026536,AMZN,reddit,41,3
2023-04-19,"theta gang on PLTR, selling covered calls",neutral,-0.12876160239105988,PLTR,reddit,19,34
2023-12-22,what's the play on GME?,neutral,0.03774540355923195,GME,reddit,37,32
2023-10-06,"sold my SPY bags, finally free",negative,-0.5336755612803024,SPY,reddit,77,11
2023-09-11,loss porn: down 90% on NVDA calls,negative,-0.33462759701623923,NVDA,reddit,67,17
2024-07-06,"GUH moment on MSFT, RIP my portfolio",negative,-0.7910653071308965,MSFT,reddit,111,19
2024-06-29,"AMZN consolidating, waiting for breakout",neutral,-0.015808906436762138,AMZN,reddit,55,30
2024-09-18,if you're not buying AAPL rn you hate money,positive,0.5413921857532791,AAPL,reddit,44,47
2023-12-04,"YOLO'd my life savings into BB calls, cant go tits up",positive,0.34894935394027526,BB,reddit,157,18
2024-09-21,wife's boyfriend approved my PLTR purchase,positive,0.7715330895636201,PLTR,reddit,185,55
2024-04-21,"MSFT puts printing, bears eating good tonight",negative,-0.39851324083776674,MSFT,reddit,59,10
2023-08-01,"inverse WSB worked, sold NVDA at the top",negative,-0.3927133202461116,NVDA,reddit,26,13
2024-04-22,if you're not buying AAPL rn you hate money,positive,0.5023748413431087,AAPL,reddit,25,10
2024-09-05,paper trading AAPL before going in,neutral,0.10502847483953465,AAPL,reddit,75,10
2023-02-27,if you're not buying AAPL rn you hate money,positive,0.7220757855039277,AAPL,reddit,312,23
2024-08-10,paper trading AMZN before going in,neutral,0.13194092352074815,AMZN,reddit,1,25
2024-05-26,wife's boyfriend approved my BB purchase,positive,0.8570436503812069,BB,reddit,19,16
2024-10-23,loss porn: down 90% on AAPL calls,negative,-0.638208536039849,AAPL,reddit,73,6
2024-07-03,"YOLO'd my life savings into PLTR calls, cant go tits up",positive,0.6672697669182841,PLTR,reddit,34,23
2023-06-28,"sold my AMC bags, finally free",negative,-0.76140987515513,AMC,reddit,50,2
2024-04-22,"BB squeeze incoming, shorts are fukd",positive,0.8495146960675357,BB,reddit,41,49
2024-03-27,"YOLO'd my life savings into META calls, cant go tits up",positive,0.8214915892656633,META,reddit,13,8
2023-03-09,paper trading GOOGL before going in,neutral,-0.1092175478059835,GOOGL,reddit,305,4
2024-06-15,anyone got DD on NVDA?,neutral,0.08836571130466037,NVDA,reddit,2,49
2023-12-10,"TSLA consolidating, waiting for breakout",neutral,-0.02805227267666277,TSLA,reddit,153,20
2023-11-22,META IV too high for options rn,neutral,0.1485419894181116,META,reddit,25,37
2024-05-13,if you're not buying PLTR rn you hate money,positive,0.7336887409815911,PLTR,reddit,130,28
2023-12-03,loss porn: down 90% on GME calls,negative,-0.528954663958811,GME,reddit,76,13
2023-01-16,TSLA IV too high for options rn,neutral,0.1127807403831928,TSLA,reddit,29,14
2024-09-01,apes dont sell 💎🙌 GOOGL forever,positive,0.3569841336851398,GOOGL,reddit,113,17
2023-08-24,"GME consolidating, waiting for breakout",neutral,-0.122923617298139,GME,reddit,56,54
2024-10-30,"sold my AMZN bags, finally free",negative,-0.5545242620269372,AMZN,reddit,280,16
2023-12-02,loss porn: down 90% on TSLA calls,negative,-0.4452074392910956,TSLA,reddit,41,0
2023-05-25,paper trading TSLA before going in,neutral,-0.018194709175497786,TSLA,reddit,70,12
2023-01-22,DD: Why GME is going to $1000 🚀,positive,0.695005686358324,GME,reddit,3,39
2023-08-27,"TSLA rug pull, everyone got rekt",negative,-0.42137501450675185,TSLA,reddit,38,29
2023-06-23,"GUH moment on TSLA, RIP my portfolio",negative,-0.8992516753534512,TSLA,reddit,57,2
2023-08-16,"MSFT going to $0, get out while you can",negative,-0.4601309003573759,MSFT,reddit,12,35
2023-03-29,if you're not buying AAPL rn you hate money,positive,0.42990492538234737,AAPL,reddit,267,9
2024-02-08,"YOLO'd my life savings into PLTR calls, cant go tits up",positive,0.7885274381949987,PLTR,reddit,213,24
2024-06-15,what's the play on AAPL?,neutral,-0.13385597414629152,AAPL,reddit,3,1
2023-08-14,"AMZN puts printing, bears eating good tonight",negative,-0.6713991328585283,AMZN,reddit,41,37
2023-12-19,"AMC puts printing, bears eating good tonight",negative,-0.5126750533855646,AMC,reddit,29,1
2023-02-16,"YOLO'd my life savings into NVDA calls, cant go tits up",positive,0.30820246750317754,NVDA,reddit,224,27
2024-01-08,wife's boyfriend approved my GME purchase,positive,0.5411573703112736,GME,reddit,44,5
2023-12-17,"AMC going to $0, get out while you can",negative,-0.7674266566317421,AMC,reddit,250,39
2023-01-21,apes dont sell 💎🙌 META forever,positive,0.5602293211589784,META,reddit,66,28
2023-06-25,"PLTR squeeze incoming, shorts are fukd",positive,0.7926846813740033,PLTR,reddit,20,20
2024-01-08,what's the play on AMZN?,neutral,-0.12112142223190162,AMZN,reddit,58,70
2024-06-14,DD: Why BB is going to $1000 🚀,positive,0.3946616894178975,BB,reddit,99,13
2023-01-07,"GUH moment on PLTR, RIP my portfolio",negative,-0.3961738223857961,PLTR,reddit,27,33
2024-08-05,paper trading AMZN before going in,neutral,-0.09692628449027502,AMZN,reddit,115,2
2024-02-07,"YOLO'd my life savings into NVDA calls, cant go tits up",positive,0.641674121997758,NVDA,reddit,174,0
2023-08-22,"GUH moment on MSFT, RIP my portfolio",negative,-0.7547722645835184,MSFT,reddit,100,42
2023-03-03,DD: Why TSLA is going to $1000 🚀,positive,0.6336567595269083,TSLA,reddit,97,42
2023-01-09,imagine buying NVDA at ATH lmaooo,negative,-0.8723058499432363,NVDA,reddit,179,12
2023-05-16,anyone got DD on MSFT?,neutral,-0.14769313069438206,MSFT,reddit,11,9
2024-07-01,paper trading META before going in,neutral,0.03874593469035448,META,reddit,17,35
2024-11-01,SPY tendies printing 🍗🍗🍗,positive,0.3512348297210412,SPY,reddit,699,4
2024-05-21,PLTR tendies printing 🍗🍗🍗,positive,0.5218108743139505,PLTR,reddit,72,0
2023-12-22,paper trading SPY before going in,neutral,-0.06214495006501522,SPY,reddit,256,6
2023-08-23,loss porn: down 90% on AMC calls,negative,-0.40444707576492356,AMC,reddit,95,4
2024-08-15,"SPY puts printing, bears eating good tonight",negative,-0.3048119097348092,SPY,reddit,6,18
2024-11-10,"SPY going to $0, get out while you can",negative,-0.5874344581842572,SPY,reddit,85,12
2024-05-18,"sold my AMC bags, finally free",negative,-0.8451844297480665,AMC,reddit,234,0
2023-03-20,AMC tendies printing 🍗🍗🍗,positive,0.7912304686141889,AMC,reddit,18,64
2024-06-22,loss porn: down 90% on SPY calls,negative,-0.48565806551921825,SPY,reddit,209,41
2024-06-17,if you're not buying GOOGL rn you hate money,positive,0.8256914895390843,GOOGL,reddit,46,2
2024-02-21,GOOGL IV too high for options rn,neutral,-0.08992691130687046,GOOGL,reddit,27,80
2024-03-24,loss porn: down 90% on PLTR calls,negative,-0.8770390821970361,PLTR,reddit,22,11
2023-10-01,wife's boyfriend approved my NVDA purchase,positive,0.35299439669585714,NVDA,reddit,80,22
2024-06-11,"this is financial advice, buy MSFT",positive,0.8642914239024599,MSFT,reddit,213,97
2023-05-30,what's the play on SPY?,neutral,0.026275696160284634,SPY,reddit,23,7
2023-07-25,anyone got DD on SPY?,neutral,-0.14335437245507898,SPY,reddit,87,0
2023-01-21,"inverse WSB worked, sold BB at the top",negative,-0.547185549767874,BB,reddit,55,42
2024-07-21,wife's boyfriend approved my BB purchase,positive,0.5951484703386716,BB,reddit,27,14
2023-01-02,apes dont sell 💎🙌 SPY forever,positive,0.5189196395696978,SPY,reddit,12,6
2023-08-16,"MSFT puts printing, bears eating good tonight",negative,-0.3558489335393604,MSFT,reddit,11,5
2023-04-12,"positions: 100x GOOGL 500c 1/20, wish me luck retards",positive,0.5550076031002997,GOOGL,reddit,71,7
2024-06-09,loss porn: down 90% on MSFT calls,negative,-0.6722199557233999,MSFT,reddit,29,0
2024-07-22,bull thesis on AAPL: trust me bro,positive,0.5454929291473631,AAPL,reddit,18,7
2023-11-05,wife's boyfriend approved my GME purchase,positive,0.5337871484376434,GME,reddit,263,2
2023-02-03,"this is financial advice, buy NVDA",positive,0.5427778402644585,NVDA,reddit,293,0
2023-07-19,"AMZN rug pull, everyone got rekt",negative,-0.5075354342888074,AMZN,reddit,2,73
2024-11-09,"sold my META bags, finally free",negative,-0.8556159702874774,META,reddit,46,22
2024-09-01,"AMZN squeeze incoming, shorts are fukd",positive,0.4438148399104703,AMZN,reddit,79,22
2024-07-12,"META puts printing, bears eating good tonight",negative,-0.37472361299691914,META,reddit,156,56
2024-11-14,"AMC rug pull, everyone got rekt",negative,-0.7402421480621382,AMC,reddit,86,1
2024-05-31,paper trading AMZN before going in,neutral,0.024807685624535336,AMZN,reddit,151,2
2024-02-25,DD: Why PLTR is going to $1000 🚀,positive,0.8936328296106213,PLTR,reddit,184,1
2023-09-07,"theta gang on BB, selling covered calls",neutral,-0.08574593476678545,BB,reddit,116,3
2023-03-23,anyone got DD on TSLA?,neutral,0.11559386238663583,TSLA,reddit,185,7
2024-02-20,if you're not buying META rn you hate money,positive,0.4629834251044237,META,reddit,100,70
2024-07-25,"TSLA rug pull, everyone got rekt",negative,-0.7926115100335652,TSLA,reddit,13,0
2023-06-25,DD: Why META is going to $1000 🚀,positive,0.49508895994718977,META,reddit,16,16
2023-01-11,loss porn: down 90% on AMC calls,negative,-0.731516648493531,AMC,reddit,9,14
2023-01-11,wife's boyfriend approved my PLTR purchase,positive,0.42415727747202,PLTR,reddit,0,62
2023-12-20,bull thesis on SPY: trust me bro,positive,0.7512712442944462,SPY,reddit,29,8
2024-10-11,"AAPL squeeze incoming, shorts are fukd",positive,0.5957639546742544,AAPL,reddit,6,3
2023-12-27,"YOLO'd my life savings into BB calls, cant go tits up",positive,0.5184987009174293,BB,reddit,293,6
2023-12-10,"theta gang on AMZN, selling covered calls",neutral,0.023818579417609037,AMZN,reddit,357,22
2023-11-22,if you're not buying TSLA rn you hate money,positive,0.3521221811534236,TSLA,reddit,6,23
2024-11-13,"YOLO'd my life savings into AMC calls, cant go tits up",positive,0.43607105480002784,AMC,reddit,58,26
2023-01-28,"inverse WSB worked, sold NVDA at the top",negative,-0.4157781616642263,NVDA,reddit,47,23
2023-03-28,loss porn: down 90% on MSFT calls,negative,-0.6424694806044298,MSFT,reddit,7,7
2023-10-22,loss porn: down 90% on AMC calls,negative,-0.49931356557496603,AMC,reddit,49,38
2023-10-15,"GUH moment on PLTR, RIP my portfolio",negative,-0.6835266158880191,PLTR,reddit,121,8
2023-06-15,paper trading MSFT before going in,neutral,0.162940944367507,MSFT,reddit,44,0
2024-11-05,if you're not buying MSFT rn you hate money,positive,0.8007124501271907,MSFT,reddit,323,0
2024-05-20,DD: Why MSFT is going to $1000 🚀,positive,0.4851123642686562,MSFT,reddit,479,13
2024-10-04,"AMZN rug pull, everyone got rekt",negative,-0.5250482802610954,AMZN,reddit,47,18
2023-11-12,"AMZN rug pull, everyone got rekt",negative,-0.7726779316562906,AMZN,reddit,31,0
2023-08-05,what's the play on META?,neutral,0.16768075208721872,META,reddit,113,28
2023-12-28,"this is financial advice, buy PLTR",positive,0.4071124686872702,PLTR,reddit,273,5
2024-02-15,"sold my AMZN bags, finally free",negative,-0.6131196610390137,AMZN,reddit,162,24
2023-01-20,"AMZN consolidating, waiting for breakout",neutral,-0.008733544005989913,AMZN,reddit,28,22
2023-01-31,if you're not buying MSFT rn you hate money,positive,0.36723079028512773,MSFT,reddit,351,7
2023-05-27,paper trading MSFT before going in,neutral,0.015740937435256758,MSFT,reddit,15,2
2023-07-31,DD: Why PLTR is going to $1000 🚀,positive,0.6722930094422364,PLTR,reddit,97,12
2024-06-21,imagine buying GOOGL at ATH lmaooo,negative,-0.7692375868401986,GOOGL,reddit,4,124
2024-09-05,"YOLO'd my life savings into AMZN calls, cant go tits up",positive,0.7593091691544877,AMZN,reddit,59,29
2024-07-23,"AAPL rug pull, everyone got rekt",negative,-0.44863155591795856,AAPL,reddit,64,36
2024-07-21,"sold my GME bags, finally free",negative,-0.3937653156654889,GME,reddit,54,3
2024-03-17,"this is financial advice, buy META",positive,0.8175446049471136,META,reddit,22,61
2024-08-16,anyone got DD on GOOGL?,neutral,0.07380881914799353,GOOGL,reddit,167,38
2023-04-12,"this is financial advice, buy GME",positive,0.8598930425174474,GME,reddit,157,60
2023-02-11,"AAPL squeeze incoming, shorts are fukd",positive,0.536169203721943,AAPL,reddit,286,28
2024-02-24,wife's boyfriend approved my PLTR purchase,positive,0.49664702268073535,PLTR,reddit,19,7
2023-05-01,"theta gang on AMC, selling covered calls",neutral,0.19891495564954936,AMC,reddit,179,11
2023-01-24,"YOLO'd my life savings into PLTR calls, cant go tits up",positive,0.8555707270206117,PLTR,reddit,307,7
2023-08-12,anyone got DD on META?,neutral,-0.14853489598063213,META,reddit,12,38
2024-10-10,loss porn: down 90% on SPY calls,negative,-0.5802614602076421,SPY,reddit,54,25
2023-10-27,MSFT IV too high for options rn,neutral,0.08935034181639745,MSFT,reddit,88,27
2024-01-17,paper trading TSLA before going in,neutral,0.08050351706083936,TSLA,reddit,5,12
2024-01-15,"sold my GOOGL bags, finally free",negative,-0.6141265273925514,GOOGL,reddit,17,4
2024-07-10,META tendies printing 🍗🍗🍗,positive,0.51910800023462,META,reddit,108,10
2024-11-15,what's the play on BB?,neutral,0.19816883576469646,BB,reddit,44,13
2023-11-01,apes dont sell 💎🙌 META forever,positive,0.5463977499313365,META,reddit,2,75
2024-05-06,"NVDA going to $0, get out while you can",negative,-0.4672784188356953,NVDA,reddit,60,15
2023-01-17,"sold my AMZN bags, finally free",negative,-0.3799773651800229,AMZN,reddit,10,31
2024-03-11,apes dont sell 💎🙌 GME forever,positive,0.7178103845605119,GME,reddit,87,35
2023-02-12,DD: Why MSFT is going to $1000 🚀,positive,0.4648552173974071,MSFT,reddit,123,34
2024-01-08,imagine buying GOOGL at ATH lmaooo,negative,-0.8370572813497712,GOOGL,reddit,128,3
2023-06-29,if you're not buying GME rn you hate money,positive,0.8872391435459643,GME,reddit,444,62
2023-08-11,"this is financial advice, buy GME",positive,0.42754543205483936,GME,reddit,11,5
2024-06-29,"BB consolidating, waiting for breakout",neutral,-0.11377415462113238,BB,reddit,164,28
2024-08-08,wife's boyfriend approved my PLTR purchase,positive,0.8432410935913932,PLTR,reddit,10,18
2023-08-19,META IV too high for options rn,neutral,0.013644340753033113,META,reddit,2,39
2023-07-10,"positions: 100x PLTR 500c 1/20, wish me luck retards",positive,0.6058856417943932,PLTR,reddit,72,51
2023-05-25,"this is financial advice, buy BB",positive,0.7683870807272721,BB,reddit,101,4
2023-03-11,apes dont sell 💎🙌 AAPL forever,positive,0.7935295984220281,AAPL,reddit,252,5
2024-02-13,"inverse WSB worked, sold META at the top",negative,-0.7969546783545557,META,reddit,91,2
2023-03-05,SPY IV too high for options rn,neutral,0.1514361973052865,SPY,reddit,226,16
2023-05-27,"NVDA puts printing, bears eating good tonight",negative,-0.4154640959672831,NVDA,reddit,254,27
2024-03-16,wife's boyfriend approved my MSFT purchase,positive,0.6231729789522793,MSFT,reddit,45,16
2023-03-11,apes dont sell 💎🙌 MSFT forever,positive,0.34324920706948386,MSFT,reddit,289,27
2024-08-13,"positions: 100x AMC 500c 1/20, wish me luck retards",positive,0.842039261011218,AMC,reddit,106,5
2024-08-09,"positions: 100x GOOGL 500c 1/20, wish me luck retards",positive,0.6310613310801683,GOOGL,reddit,24,8
2023-11-04,bull thesis on NVDA: trust me bro,positive,0.5807449799867443,NVDA,reddit,177,23
2024-07-10,anyone got DD on AAPL?,neutral,0.029772844642808854,AAPL,reddit,15,26
2023-03-01,if you're not buying BB rn you hate money,positive,0.5671317141920804,BB,reddit,10,23
2023-12-08,"AMZN squeeze incoming, shorts are fukd",positive,0.5279236491255535,AMZN,reddit,154,3
2024-06-16,wife's boyfriend approved my BB purchase,positive,0.4081442526236918,BB,reddit,53,7
2023-05-23,anyone got DD on GME?,neutral,0.08418933479093788,GME,reddit,74,37
2024-08-27,DD: Why META is going to $1000 🚀,positive,0.6431544716789384,META,reddit,9,9
2024-02-21,DD: Why GME is going to $1000 🚀,positive,0.40974360583388236,GME,reddit,14,8
2023-08-03,imagine buying GME at ATH lmaooo,negative,-0.5570608041834959,GME,reddit,64,4
2023-02-05,"positions: 100x GOOGL 500c 1/20, wish me luck retards",positive,0.8791433140277376,GOOGL,reddit,31,6
2023-02-16,PLTR tendies printing 🍗🍗🍗,positive,0.5215615975151227,PLTR,reddit,102,74
2023-03-22,"NVDA going to $0, get out while you can",negative,-0.7658988076618775,NVDA,reddit,20,10
2023-12-06,"this is financial advice, buy GME",positive,0.3358588166250346,GME,reddit,17,26
2024-03-05,"sold my AAPL bags, finally free",negative,-0.4136022854185565,AAPL,reddit,28,0
2024-11-25,NVDA tendies printing 🍗🍗🍗,positive,0.6718787897925164,NVDA,reddit,77,0
2024-11-12,"YOLO'd my life savings into AMC calls, cant go tits up",positive,0.3730739326968375,AMC,reddit,39,0
2023-07-27,"PLTR puts printing, bears eating good tonight",negative,-0.5100054252741859,PLTR,reddit,14,22
2024-10-16,if you're not buying META rn you hate money,positive,0.47415919700270176,META,reddit,25,6
2023-01-09,if you're not buying GOOGL rn you hate money,positive,0.6581357950105435,GOOGL,reddit,11,49
2023-02-02,"positions: 100x NVDA 500c 1/20, wish me luck retards",positive,0.8236326592032059,NVDA,reddit,19,46
2024-04-30,"GUH moment on META, RIP my portfolio",negative,-0.5820320385368258,META,reddit,113,25
2024-10-05,"TSLA squeeze incoming, shorts are fukd",positive,0.5456293102206557,TSLA,reddit,139,49
2024-06-07,"BB going to $0, get out while you can",negative,-0.6861830081887326,BB,reddit,53,12
2023-10-15,what's the play on NVDA?,neutral,-0.004015935008224225,NVDA,reddit,10,2
2023-01-28,bull thesis on NVDA: trust me bro,positive,0.3996258268271388,NVDA,reddit,21,12
2024-05-30,"PLTR going to $0, get out while you can",negative,-0.48927402214208815,PLTR,reddit,279,22
2024-09-21,"GUH moment on NVDA, RIP my portfolio",negative,-0.4239760273854378,NVDA,reddit,84,36
2024-11-11,wife's boyfriend approved my BB purchase,positive,0.5025128698238244,BB,reddit,46,5
2023-12-15,"META puts printing, bears eating good tonight",negative,-0.8160748325756444,META,reddit,79,14
2023-03-24,"GOOGL squeeze incoming, shorts are fukd",positive,0.7983935741021666,GOOGL,reddit,79,36
2023-11-06,DD: Why META is going to $1000 🚀,positive,0.4505129930850601,META,reddit,0,48
2024-03-23,"TSLA squeeze incoming, shorts are fukd",positive,0.5997433130703553,TSLA,reddit,47,2
2023-02-09,apes dont sell 💎🙌 AMC forever,positive,0.8437239015899352,AMC,reddit,150,22
2024-01-17,loss porn: down 90% on TSLA calls,negative,-0.7933717855004556,TSLA,reddit,234,13
2023-04-04,"this is financial advice, buy AMC",positive,0.6967939833332681,AMC,reddit,134,2
2023-10-18,apes dont sell 💎🙌 BB forever,positive,0.6733292918361607,BB,reddit,120,50
2023-07-20,apes dont sell 💎🙌 AAPL forever,positive,0.6889959578999659,AAPL,reddit,35,35
2023-12-26,"sold my MSFT bags, finally free",negative,-0.43981493568335994,MSFT,reddit,56,1
2024-03-07,GOOGL tendies printing 🍗🍗🍗,positive,0.3932526937056708,GOOGL,reddit,31,1
2024-10-02,"NVDA rug pull, everyone got rekt",negative,-0.7993073187348179,NVDA,reddit,34,32
2024-08-13,AAPL IV too high for options rn,neutral,-0.03993701970628044,AAPL,reddit,57,16
2023-08-23,"SPY consolidating, waiting for breakout",neutral,0.19601626247868986,SPY,reddit,48,7
2023-06-16,anyone got DD on NVDA?,neutral,0.11145245260429054,NVDA,reddit,27,33
2023-07-23,wife's boyfriend approved my META purchase,positive,0.3093845597134574,META,reddit,45,10
2024-03-17,TSLA tendies printing 🍗🍗🍗,positive,0.5302268281730282,TSLA,reddit,70,1
2023-12-31,"GME going to $0, get out while you can",negative,-0.734813669365008,GME,reddit,3,35
2024-07-26,"YOLO'd my life savings into PLTR calls, cant go tits up",positive,0.5490265578564126,PLTR,reddit,9,21
2023-07-29,anyone got DD on AAPL?,neutral,-0.1363473568181456,AAPL,reddit,7,94
2023-12-14,"positions: 100x AMC 500c 1/20, wish me luck retards",positive,0.5281416433652856,AMC,reddit,166,1
2023-04-05,"GOOGL going to $0, get out while you can",negative,-0.4513445883447433,GOOGL,reddit,267,21
2023-01-13,"AMC rug pull, everyone got rekt",negative,-0.8436397033414091,AMC,reddit,50,4
2023-12-30,GOOGL IV too high for options rn,neutral,0.14938279824156758,GOOGL,reddit,130,45
2023-08-18,paper trading AMC before going in,neutral,-0.10472679293285587,AMC,reddit,50,8
2023-11-04,"this is financial advice, buy BB",positive,0.4905303289610472,BB,reddit,91,33
2024-04-10,apes dont sell 💎🙌 GOOGL forever,positive,0.38042377486008766,GOOGL,reddit,136,1
2024-05-24,"MSFT going to $0, get out while you can",negative,-0.35899382521576817,MSFT,reddit,163,12
2023-12-24,"SPY puts printing, bears eating good tonight",negative,-0.5044338304352913,SPY,reddit,99,34
2023-12-17,"sold my BB bags, finally free",negative,-0.5237419567607073,BB,reddit,193,59
2024-07-02,what's the play on META?,neutral,-0.10571445352127024,META,reddit,1,28
2024-10-26,NVDA tendies printing 🍗🍗🍗,positive,0.413896589149233,NVDA,reddit,31,2
2023-08-19,paper trading PLTR before going in,neutral,0.13909454247740938,PLTR,reddit,201,13
2023-05-24,bull thesis on GME: trust me bro,positive,0.8551465961350746,GME,reddit,1,1
2023-03-11,"YOLO'd my life savings into BB calls, cant go tits up",positive,0.582058357340274,BB,reddit,285,7
2023-09-01,bull thesis on NVDA: trust me bro,positive,0.8124350980773805,NVDA,reddit,5,5
2023-01-05,"MSFT squeeze incoming, shorts are fukd",positive,0.7389636976486942,MSFT,reddit,23,58
2024-03-18,"positions: 100x AMC 500c 1/20, wish me luck retards",positive,0.4804119679054595,AMC,reddit,51,3
2023-09-19,TSLA IV too high for options rn,neutral,0.1380393455656707,TSLA,reddit,85,31
2024-10-14,"YOLO'd my life savings into META calls, cant go tits up",positive,0.6984794000422057,META,reddit,9,108
2023-12-30,"sold my AMZN bags, finally free",negative,-0.8186962532720646,AMZN,reddit,10,19
2023-11-28,bull thesis on SPY: trust me bro,positive,0.4207248439496464,SPY,reddit,25,12
2023-04-08,"sold my GOOGL bags, finally free",negative,-0.7162645631799038,GOOGL,reddit,106,2
2024-02-11,"positions: 100x AMZN 500c 1/20, wish me luck retards",positive,0.6032580143003532,AMZN,reddit,47,25
2024-03-11,anyone got DD on GME?,neutral,-0.05996967793862687,GME,reddit,535,4
2023-05-10,imagine buying AAPL at ATH lmaooo,negative,-0.8815120379951625,AAPL,reddit,26,61
2023-07-28,paper trading AAPL before going in,neutral,-0.17282183828706357,AAPL,reddit,68,6
2024-05-24,what's the play on PLTR?,neutral,-0.18090103033712063,PLTR,reddit,57,17
2024-09-30,"sold my AMC bags, finally free",negative,-0.8784459697015127,AMC,reddit,96,35
2023-01-01,"SPY puts printing, bears eating good tonight",negative,-0.41737029978111606,SPY,reddit,416,55
2023-05-02,"theta gang on TSLA, selling covered calls",neutral,-0.023846769363921994,TSLA,reddit,39,1
2024-10-13,"MSFT squeeze incoming, shorts are fukd",positive,0.370836087755146,MSFT,reddit,71,8
2024-09-14,"sold my AMZN bags, finally free",negative,-0.6034870151309899,AMZN,reddit,3,4
2023-07-16,"positions: 100x AMZN 500c 1/20, wish me luck retards",positive,0.51448524136513,AMZN,reddit,40,17
2024-10-13,"YOLO'd my life savings into GOOGL calls, cant go tits up",positive,0.3083062326661345,GOOGL,reddit,118,44
2023-02-03,SPY tendies printing 🍗🍗🍗,positive,0.3085699429997397,SPY,reddit,130,25
2024-09-17,"this is financial advice, buy AAPL",positive,0.6905570258843636,AAPL,reddit,36,3
2024-04-05,"SPY rug pull, everyone got rekt",negative,-0.7575943590819904,SPY,reddit,39,6
2023-09-23,anyone got DD on BB?,neutral,0.007433526971616422,BB,reddit,352,29
2024-05-28,"SPY squeeze incoming, shorts are fukd",positive,0.7728443999020493,SPY,reddit,35,2
2023-01-10,"theta gang on PLTR, selling covered calls",neutral,0.022526464475565222,PLTR,reddit,81,5
2024-11-09,if you're not buying GOOGL rn you hate money,positive,0.5019383396875787,GOOGL,reddit,8,0
2023-02-21,"AMZN consolidating, waiting for breakout",neutral,-0.16329828678445302,AMZN,reddit,3,0
2023-06-15,"GUH moment on NVDA, RIP my portfolio",negative,-0.6633340524727642,NVDA,reddit,72,32
2023-10-31,GME IV too high for options rn,neutral,-0.1334360150648624,GME,reddit,39,8
2023-02-27,what's the play on SPY?,neutral,0.04714666129292744,SPY,reddit,78,5
2023-07-19,"PLTR consolidating, waiting for breakout",neutral,0.12871750497313067,PLTR,reddit,114,26
2024-10-30,imagine buying TSLA at ATH lmaooo,negative,-0.7180099579336696,TSLA,reddit,209,5
2024-04-17,if you're not buying GME rn you hate money,positive,0.30642639913460606,GME,reddit,102,10
2024-09-06,if you're not buying META rn you hate money,positive,0.7912771630866864,META,reddit,39,2
2023-03-15,imagine buying BB at ATH lmaooo,negative,-0.48849041841433943,BB,reddit,107,14
2024-01-14,GOOGL IV too high for options rn,neutral,-0.13628116102129811,GOOGL,reddit,0,34
2024-11-10,paper trading GME before going in,neutral,-0.11830312440808632,GME,reddit,50,9
2023-03-02,what's the play on AMZN?,neutral,0.05797693767422585,AMZN,reddit,25,33
2023-08-09,"AMZN consolidating, waiting for breakout",neutral,-0.11325726296530321,AMZN,reddit,29,11
2023-11-30,bull thesis on GME: trust me bro,positive,0.752547307219148,GME,reddit,89,20
2023-06-20,"positions: 100x GME 500c 1/20, wish me luck retards",positive,0.6916040542369759,GME,reddit,118,1
2024-10-12,"GOOGL puts printing, bears eating good tonight",negative,-0.7070919701230758,GOOGL,reddit,264,4
2024-01-31,bull thesis on MSFT: trust me bro,positive,0.7590453600486966,MSFT,reddit,19,6
2023-05-07,"theta gang on AMZN, selling covered calls",neutral,-0.01590500865867303,AMZN,reddit,51,22
2023-02-27,imagine buying SPY at ATH lmaooo,negative,-0.635624694019327,SPY,reddit,88,9
2023-04-19,if you're not buying PLTR rn you hate money,positive,0.35558135147641845,PLTR,reddit,136,43
2023-07-22,PLTR tendies printing 🍗🍗🍗,positive,0.3070762453789398,PLTR,reddit,229,10
2024-08-19,"positions: 100x AAPL 500c 1/20, wish me luck retards",positive,0.5556068265177454,AAPL,reddit,20,17
2023-09-09,"YOLO'd my life savings into SPY calls, cant go tits up",positive,0.7814682486526443,SPY,reddit,264,7
2024-05-08,bull thesis on GME: trust me bro,positive,0.5246753726818195,GME,reddit,123,18
2024-10-06,"MSFT squeeze incoming, shorts are fukd",positive,0.6693293194762527,MSFT,reddit,124,12
2023-07-26,DD: Why AMC is going to $1000 🚀,positive,0.8240153947466236,AMC,reddit,14,14
2023-09-10,imagine buying MSFT at ATH lmaooo,negative,-0.8509715131289788,MSFT,reddit,179,3
2023-10-04,wife's boyfriend approved my META purchase,positive,0.4694273176204786,META,reddit,56,20
2023-01-31,DD: Why NVDA is going to $1000 🚀,positive,0.5232551977304407,NVDA,reddit,5,42
2024-01-25,TSLA tendies printing 🍗🍗🍗,positive,0.5624926206268506,TSLA,reddit,6,17
2024-03-17,if you're not buying AAPL rn you hate money,positive,0.4627164621811938,AAPL,reddit,132,30
2024-01-20,"AMC going to $0, get out while you can",negative,-0.5488344019009459,AMC,reddit,29,6
2024-01-06,if you're not buying NVDA rn you hate money,positive,0.8416017178529058,NVDA,reddit,211,24
2023-01-26,"YOLO'd my life savings into AMZN calls, cant go tits up",positive,0.32019571260759305,AMZN,reddit,9,3
2023-02-10,anyone got DD on GOOGL?,neutral,0.01464643187049991,GOOGL,reddit,44,1
2024-09-14,"positions: 100x GOOGL 500c 1/20, wish me luck retards",positive,0.48413457097943446,GOOGL,reddit,5,42
2024-09-06,SPY tendies printing 🍗🍗🍗,positive,0.46054304853003725,SPY,reddit,190,10
2023-08-26,"BB squeeze incoming, shorts are fukd",positive,0.579229208158235,BB,reddit,33,25
2024-10-04,"GUH moment on NVDA, RIP my portfolio",negative,-0.7398135350776041,NVDA,reddit,162,47
2023-09-11,"AAPL consolidating, waiting for breakout",neutral,0.05153292221024175,AAPL,reddit,15,13
2024-02-04,apes dont sell 💎🙌 META forever,positive,0.6503902302707683,META,reddit,121,24
2023-08-13,what's the play on GOOGL?,neutral,0.10389456993314883,GOOGL,reddit,66,24
2023-08-17,"GME rug pull, everyone got rekt",negative,-0.6866881924377516,GME,reddit,0,10
2024-04-20,"positions: 100x AAPL 500c 1/20, wish me luck retards",positive,0.4785901788609207,AAPL,reddit,16,38
2024-09-09,anyone got DD on AMZN?,neutral,0.020304662053147293,AMZN,reddit,56,5
2023-02-24,what's the play on AMZN?,neutral,0.1804132918084439,AMZN,reddit,33,6
2023-06-02,if you're not buying GOOGL rn you hate money,positive,0.33296207977022135,GOOGL,reddit,278,51
2024-09-04,paper trading GOOGL before going in,neutral,-0.09198975819762928,GOOGL,reddit,216,28
2023-12-28,bull thesis on GME: trust me bro,positive,0.6340490651583899,GME,reddit,26,64
2024-02-26,bull thesis on AMC: trust me bro,positive,0.7054455564947333,AMC,reddit,168,27
2024-02-25,imagine buying META at ATH lmaooo,negative,-0.6520492379291201,META,reddit,80,2
2023-12-24,loss porn: down 90% on NVDA calls,negative,-0.47902692112725065,NVDA,reddit,133,19
2024-01-12,"theta gang on GME, selling covered calls",neutral,-0.1723854792340489,GME,reddit,105,11
2023-08-29,imagine buying TSLA at ATH lmaooo,negative,-0.35066264594554053,TSLA,reddit,46,24
2023-01-05,"theta gang on GOOGL, selling covered calls",neutral,0.19026588902234737,GOOGL,reddit,15,6
2024-01-05,what's the play on META?,neutral,0.027090007506141184,META,reddit,34,5
2023-02-03,imagine buying TSLA at ATH lmaooo,negative,-0.3041911943304638,TSLA,reddit,84,8
2024-09-17,bull thesis on SPY: trust me bro,positive,0.6560303725573646,SPY,reddit,46,0
2024-10-26,"this is financial advice, buy NVDA",positive,0.300335233929416,NVDA,reddit,17,28
2023-11-02,"BB rug pull, everyone got rekt",negative,-0.623351691639813,BB,reddit,232,59
2023-10-04,"positions: 100x BB 500c 1/20, wish me luck retards",positive,0.8733300560751751,BB,reddit,52,8
2023-08-05,what's the play on MSFT?,neutral,0.05222052945248479,MSFT,reddit,108,2
2024-10-04,"AMC going to $0, get out while you can",negative,-0.7768220047207574,AMC,reddit,233,8
2024-07-21,"SPY squeeze incoming, shorts are fukd",positive,0.30653579947055126,SPY,reddit,24,0
2023-05-06,DD: Why AAPL is going to $1000 🚀,positive,0.694881502040514,AAPL,reddit,233,2
2023-10-11,"META squeeze incoming, shorts are fukd",positive,0.8491996090240674,META,reddit,7,29
2023-04-24,"this is financial advice, buy GOOGL",positive,0.5006752851305137,GOOGL,reddit,227,12
2024-03-18,imagine buying MSFT at ATH lmaooo,negative,-0.4945219364179458,MSFT,reddit,61,29
2023-12-30,imagine buying TSLA at ATH lmaooo,negative,-0.5045994577795725,TSLA,reddit,27,19
2024-11-05,"this is financial advice, buy MSFT",positive,0.4689109510859447,MSFT,reddit,56,23
2023-09-03,TSLA IV too high for options rn,neutral,-0.10830325785160562,TSLA,reddit,17,28
2024-07-27,apes dont sell 💎🙌 GME forever,positive,0.581566273164791,GME,reddit,133,2
2023-04-06,loss porn: down 90% on TSLA calls,negative,-0.5343865246457394,TSLA,reddit,27,1
2024-11-04,paper trading META before going in,neutral,-0.1942476002033986,META,reddit,4,41
2023-02-10,MSFT IV too high for options rn,neutral,0.042603676818196184,MSFT,reddit,178,45
2023-07-26,"AMZN squeeze incoming, shorts are fukd",positive,0.3660680135145134,AMZN,reddit,170,10
2023-07-14,"positions: 100x PLTR 500c 1/20, wish me luck retards",positive,0.6670978478418838,PLTR,reddit,61,10
2023-02-26,wife's boyfriend approved my PLTR purchase,positive,0.5060688453761638,PLTR,reddit,31,24
2023-10-30,"AMZN squeeze incoming, shorts are fukd",positive,0.6562332755336995,AMZN,reddit,59,21
2024-11-15,"AMC consolidating, waiting for breakout",neutral,0.02322763331587771,AMC,reddit,80,3
2024-06-04,if you're not buying META rn you hate money,positive,0.7973112766468657,META,reddit,73,4
2023-02-03,"this is financial advice, buy AAPL",positive,0.5374508117578165,AAPL,reddit,45,20
2024-03-19,what's the play on BB?,neutral,0.1129661825611813,BB,reddit,15,64
2024-07-31,"YOLO'd my life savings into META calls, cant go tits up",positive,0.8560867071381097,META,reddit,58,28
2024-02-09,DD: Why SPY is going to $1000 🚀,positive,0.7176240626682107,SPY,reddit,211,2
2023-10-23,what's the play on SPY?,neutral,0.09295232922452462,SPY,reddit,18,3
2023-12-28,apes dont sell 💎🙌 GOOGL forever,positive,0.3008885351015562,GOOGL,reddit,75,19
2023-12-30,if you're not buying AMC rn you hate money,positive,0.319338949014983,AMC,reddit,188,6
2024-10-16,"GOOGL going to $0, get out while you can",negative,-0.6387071721681454,GOOGL,reddit,30,1
2024-03-16,wife's boyfriend approved my PLTR purchase,positive,0.6048809079749018,PLTR,reddit,6,32
2023-09-23,"YOLO'd my life savings into AMZN calls, cant go tits up",positive,0.551095987071806,AMZN,reddit,27,8
2024-01-06,AAPL IV too high for options rn,neutral,-0.1910091952661681,AAPL,reddit,167,3
2023-05-04,if you're not buying SPY rn you hate money,positive,0.41247899715689945,SPY,reddit,64,22
2023-08-09,"AAPL going to $0, get out while you can",negative,-0.6746635203881433,AAPL,reddit,70,3
2024-06-25,"positions: 100x SPY 500c 1/20, wish me luck retards",positive,0.40146210186720477,SPY,reddit,229,30
2024-08-10,loss porn: down 90% on BB calls,negative,-0.47202068161645583,BB,reddit,85,0
2024-10-11,"theta gang on AMC, selling covered calls",neutral,0.09042690322382624,AMC,reddit,61,5
2024-03-29,imagine buying META at ATH lmaooo,negative,-0.5386545430801879,META,reddit,37,21
2023-02-04,apes dont sell 💎🙌 GOOGL forever,positive,0.3215968250183957,GOOGL,reddit,50,4
2024-01-07,if you're not buying MSFT rn you hate money,positive,0.5209193134065013,MSFT,reddit,21,60
2023-05-28,paper trading BB before going in,neutral,0.1290223920624492,BB,reddit,44,6
2024-10-22,DD: Why BB is going to $1000 🚀,positive,0.5763330442756849,BB,reddit,63,14
2023-03-03,"theta gang on AMZN, selling covered calls",neutral,0.038660650961183624,AMZN,reddit,104,36
2023-11-05,"inverse WSB worked, sold PLTR at the top",negative,-0.6715504098631543,PLTR,reddit,43,12
2024-01-31,what's the play on MSFT?,neutral,-0.07839824827309433,MSFT,reddit,28,7
2024-01-16,"inverse WSB worked, sold META at the top",negative,-0.4028892576709067,META,reddit,27,13
2023-04-29,"AMC consolidating, waiting for breakout",neutral,0.19040146685183468,AMC,reddit,15,33
2023-07-03,anyone got DD on AMZN?,neutral,-0.11934112625515758,AMZN,reddit,55,7
2024-11-09,"this is financial advice, buy GME",positive,0.34960247424816937,GME,reddit,56,14
2023-06-30,"this is financial advice, buy META",positive,0.46769919579552455,META,reddit,24,43
2024-07-26,"META puts printing, bears eating good tonight",negative,-0.8024473054693495,META,reddit,125,25
2023-09-29,SPY IV too high for options rn,neutral,0.01060955266693453,SPY,reddit,215,30
2023-11-11,MSFT tendies printing 🍗🍗🍗,positive,0.30086431738765823,MSFT,reddit,82,9
2024-02-22,"GME rug pull, everyone got rekt",negative,-0.6782083314815228,GME,reddit,45,15
2023-06-04,"MSFT going to $0, get out while you can",negative,-0.3936644405634432,MSFT,reddit,37,21
2024-03-25,"sold my GOOGL bags, finally free",negative,-0.7017601066749525,GOOGL,reddit,28,3
2024-10-16,paper trading MSFT before going in,neutral,-0.18878616986256908,MSFT,reddit,18,58
2023-04-14,wife's boyfriend approved my GME purchase,positive,0.7302239659012955,GME,reddit,2,12
2023-01-25,bull thesis on NVDA: trust me bro,positive,0.37375965440819375,NVDA,reddit,46,13
2023-07-23,"positions: 100x AMC 500c 1/20, wish me luck retards",positive,0.8792000373143656,AMC,reddit,223,1
2023-07-10,apes dont sell 💎🙌 NVDA forever,positive,0.7371993486504452,NVDA,reddit,80,6
2023-12-10,"positions: 100x NVDA 500c 1/20, wish me luck retards",positive,0.5024134110905698,NVDA,reddit,25,1
2023-09-22,imagine buying AMZN at ATH lmaooo,negative,-0.756324042543287,AMZN,reddit,45,38
2024-05-14,"BB squeeze incoming, shorts are fukd",positive,0.3805745303061941,BB,reddit,0,4
2024-08-17,"this is financial advice, buy BB",positive,0.5101293664448734,BB,reddit,373,5
2023-03-12,AMZN tendies printing 🍗🍗🍗,positive,0.36058708573217446,AMZN,reddit,79,13
2024-08-19,DD: Why AAPL is going to $1000 🚀,positive,0.6951331604725604,AAPL,reddit,88,1
2024-04-03,anyone got DD on NVDA?,neutral,-0.07817972332737955,NVDA,reddit,395,7
2024-10-06,"YOLO'd my life savings into TSLA calls, cant go tits up",positive,0.4911056696553907,TSLA,reddit,47,11
2023-12-03,DD: Why SPY is going to $1000 🚀,positive,0.6203505241957401,SPY,reddit,177,11
2024-06-05,bull thesis on MSFT: trust me bro,positive,0.8328390040301172,MSFT,reddit,284,52
2023-02-26,anyone got DD on TSLA?,neutral,0.06745378825830362,TSLA,reddit,651,72
2023-12-05,loss porn: down 90% on TSLA calls,negative,-0.5364181174288752,TSLA,reddit,48,10
2023-10-01,"YOLO'd my life savings into SPY calls, cant go tits up",positive,0.5462500743342908,SPY,reddit,91,38
2023-11-20,PLTR IV too high for options rn,neutral,0.09806601107980789,PLTR,reddit,384,29
2024-10-28,DD: Why AAPL is going to $1000 🚀,positive,0.7991075114022677,AAPL,reddit,140,5
2023-05-14,"sold my MSFT bags, finally free",negative,-0.45355071967866933,MSFT,reddit,75,52
2024-06-02,"GUH moment on META, RIP my portfolio",negative,-0.633587239688947,META,reddit,60,1
2023-12-21,anyone got DD on TSLA?,neutral,-0.05665419199126945,TSLA,reddit,144,18
2023-05-03,META tendies printing 🍗🍗🍗,positive,0.6137360855529901,META,reddit,31,13
2024-02-09,DD: Why GME is going to $1000 🚀,positive,0.8986899309134393,GME,reddit,29,22
2024-03-03,paper trading SPY before going in,neutral,0.12215013184851536,SPY,reddit,46,34
2024-07-25,"BB consolidating, waiting for breakout",neutral,-0.017969521882625544,BB,reddit,22,0
2023-04-21,imagine buying GOOGL at ATH lmaooo,negative,-0.389794307676828,GOOGL,reddit,29,1
2023-08-10,"BB squeeze incoming, shorts are fukd",positive,0.837607384105973,BB,reddit,248,33
2023-04-09,paper trading BB before going in,neutral,0.04622530347201842,BB,reddit,299,53
2024-10-19,BB IV too high for options rn,neutral,0.10445985698362265,BB,reddit,105,2
2023-09-24,wife's boyfriend approved my MSFT purchase,positive,0.38122666189551324,MSFT,reddit,73,42
2024-11-23,if you're not buying META rn you hate money,positive,0.3620010848234172,META,reddit,3,34
2024-11-01,"this is financial advice, buy MSFT",positive,0.7958972267802775,MSFT,reddit,222,53
2023-08-08,loss porn: down 90% on META calls,negative,-0.30252160805631956,META,reddit,72,5
2023-05-01,what's the play on AMC?,neutral,-0.15701628880484828,AMC,reddit,18,13
2024-09-30,TSLA tendies printing 🍗🍗🍗,positive,0.6699006158898138,TSLA,reddit,45,15
2023-12-24,if you're not buying SPY rn you hate money,positive,0.7279369053897754,SPY,reddit,101,10
2024-07-29,GME IV too high for options rn,neutral,0.05124988099876521,GME,reddit,46,22
2024-10-11,if you're not buying SPY rn you hate money,positive,0.42713220409684527,SPY,reddit,198,38
2024-02-18,wife's boyfriend approved my GOOGL purchase,positive,0.3144028144545355,GOOGL,reddit,77,10
2023-12-08,"theta gang on AMC, selling covered calls",neutral,-0.03506354248790933,AMC,reddit,0,81
2024-03-05,GOOGL IV too high for options rn,neutral,0.16258438799084945,GOOGL,reddit,414,3
2023-12-23,anyone got DD on SPY?,neutral,-0.03057543612601954,SPY,reddit,118,11
2024-11-17,NVDA IV too high for options rn,neutral,0.0590225096990496,NVDA,reddit,99,103
2024-09-12,anyone got DD on PLTR?,neutral,0.09964607290313493,PLTR,reddit,75,10
2023-12-20,what's the play on AAPL?,neutral,-0.10629147263629082,AAPL,reddit,29,5
2024-07-30,bull thesis on GME: trust me bro,positive,0.5864689095171489,GME,reddit,150,57
2023-09-23,"GUH moment on MSFT, RIP my portfolio",negative,-0.7446146176851709,MSFT,reddit,21,5
2024-02-17,apes dont sell 💎🙌 MSFT forever,positive,0.834560782881725,MSFT,reddit,181,4
2024-01-30,what's the play on GME?,neutral,0.1363795201037628,GME,reddit,267,22
2023-05-04,"MSFT squeeze incoming, shorts are fukd",positive,0.6781316952844659,MSFT,reddit,377,11
2023-11-24,"GUH moment on MSFT, RIP my portfolio",negative,-0.7556212062124068,MSFT,reddit,77,9
2023-12-09,"PLTR squeeze incoming, shorts are fukd",positive,0.4963372285885198,PLTR,reddit,28,15
2024-07-20,AAPL tendies printing 🍗🍗🍗,positive,0.8685659934625869,AAPL,reddit,18,6
2024-10-17,"TSLA rug pull, everyone got rekt",negative,-0.6385956667262027,TSLA,reddit,69,1
2024-09-03,"sold my PLTR bags, finally free",negative,-0.6762799627474139,PLTR,reddit,46,8
2023-03-06,if you're not buying GME rn you hate money,positive,0.736555824326989,GME,reddit,391,17
2023-01-09,what's the play on PLTR?,neutral,0.13241798062033916,PLTR,reddit,67,19
2024-05-29,"GOOGL rug pull, everyone got rekt",negative,-0.6310556971563738,GOOGL,reddit,67,2
2023-07-17,BB tendies printing 🍗🍗🍗,positive,0.49257720181728404,BB,reddit,32,49
2023-07-03,loss porn: down 90% on SPY calls,negative,-0.687325761786096,SPY,reddit,261,12
2023-05-31,"positions: 100x AMC 500c 1/20, wish me luck retards",positive,0.7010180794287325,AMC,reddit,72,5
2023-06-23,imagine buying AMZN at ATH lmaooo,negative,-0.38644326859618994,AMZN,reddit,3,8
2024-11-11,imagine buying NVDA at ATH lmaooo,negative,-0.6665161753939524,NVDA,reddit,138,1
2024-01-18,"NVDA rug pull, everyone got rekt",negative,-0.41855843503876344,NVDA,reddit,134,7
2023-04-02,BB IV too high for options rn,neutral,-0.042105039956713386,BB,reddit,0,7
2024-09-28,DD: Why TSLA is going to $1000 🚀,positive,0.8732173710471722,TSLA,reddit,13,14
2024-10-21,anyone got DD on GOOGL?,neutral,-0.18837396250401484,GOOGL,reddit,3,7
2024-06-05,"GOOGL rug pull, everyone got rekt",negative,-0.6784926716824813,GOOGL,reddit,29,60
2023-05-28,"sold my SPY bags, finally free",negative,-0.8179079403577393,SPY,reddit,43,1
2023-04-04,"AMZN consolidating, waiting for breakout",neutral,0.15423470871612455,AMZN,reddit,244,1
2024-05-06,imagine buying MSFT at ATH lmaooo,negative,-0.4718580634100146,MSFT,reddit,23,13
2023-12-15,"GUH moment on BB, RIP my portfolio",negative,-0.7104088822531123,BB,reddit,88,29
2024-05-09,BB tendies printing 🍗🍗🍗,positive,0.4023539173397102,BB,reddit,91,28
2024-06-02,loss porn: down 90% on AAPL calls,negative,-0.3798584244063147,AAPL,reddit,342,13
2023-06-10,"this is financial advice, buy AAPL",positive,0.7410445366491623,AAPL,reddit,40,82
2023-03-30,"GME going to $0, get out while you can",negative,-0.712351137055832,GME,reddit,44,4
2023-10-28,"positions: 100x AMZN 500c 1/20, wish me luck retards",positive,0.7666534171593087,AMZN,reddit,17,42
2024-07-15,"YOLO'd my life savings into SPY calls, cant go tits up",positive,0.7232770808654585,SPY,reddit,124,7
2024-08-12,"inverse WSB worked, sold MSFT at the top",negative,-0.6053317005775416,MSFT,reddit,40,3
2023-12-06,"GUH moment on AMC, RIP my portfolio",negative,-0.6582929622762443,AMC,reddit,44,24
2023-05-13,"sold my MSFT bags, finally free",negative,-0.6302758592499189,MSFT,reddit,203,2
2023-04-11,if you're not buying AMZN rn you hate money,positive,0.7555013347956542,AMZN,reddit,48,3
2024-07-14,"theta gang on AAPL, selling covered calls",neutral,0.10695744518342076,AAPL,reddit,35,5
2024-11-25,"TSLA going to $0, get out while you can",negative,-0.5405126909868896,TSLA,reddit,458,18
2024-07-31,MSFT tendies printing 🍗🍗🍗,positive,0.4348270730249957,MSFT,reddit,115,0
2023-01-20,DD: Why AMC is going to $1000 🚀,positive,0.7083951692152828,AMC,reddit,11,82
2024-04-30,imagine buying TSLA at ATH lmaooo,negative,-0.5592010496263811,TSLA,reddit,147,4
2024-02-17,"PLTR consolidating, waiting for breakout",neutral,0.024285643513390992,PLTR,reddit,59,7
2024-06-29,apes dont sell 💎🙌 MSFT forever,positive,0.4449299183442421,MSFT,reddit,203,38
2024-11-11,META tendies printing 🍗🍗🍗,positive,0.358462529501287,META,reddit,62,19
2024-08-11,loss porn: down 90% on PLTR calls,negative,-0.5875807703778217,PLTR,reddit,5,40
2024-10-04,"positions: 100x AMC 500c 1/20, wish me luck retards",positive,0.8055962871311024,AMC,reddit,3,2
2024-08-07,"this is financial advice, buy AMZN",positive,0.555416518047047,AMZN,reddit,43,3
2024-02-19,"positions: 100x BB 500c 1/20, wish me luck retards",positive,0.40278405200345335,BB,reddit,14,16
2024-05-10,"this is financial advice, buy AMZN",positive,0.47879548859722815,AMZN,reddit,61,69
2023-09-04,"sold my GME bags, finally free",negative,-0.3845642413278556,GME,reddit,289,1
2024-06-05,"GUH moment on SPY, RIP my portfolio",negative,-0.4528272653242646,SPY,reddit,94,12
2024-05-31,what's the play on META?,neutral,-0.08623485829319191,META,reddit,17,3
2024-01-23,"YOLO'd my life savings into SPY calls, cant go tits up",positive,0.597924212307038,SPY,reddit,39,4
2023-01-07,"YOLO'd my life savings into AMZN calls, cant go tits up",positive,0.3507670295680108,AMZN,reddit,42,2
2024-09-13,"this is financial advice, buy META",positive,0.8910302220834565,META,reddit,47,32
2023-12-24,"inverse WSB worked, sold SPY at the top",negative,-0.49171438959228164,SPY,reddit,85,63
2023-03-09,"SPY squeeze incoming, shorts are fukd",positive,0.3699602428765511,SPY,reddit,31,11
2023-08-31,"sold my GME bags, finally free",negative,-0.6296312020533023,GME,reddit,3,1
2024-04-15,apes dont sell 💎🙌 GOOGL forever,positive,0.6052846795673903,GOOGL,reddit,338,18
2024-07-31,"YOLO'd my life savings into AMZN calls, cant go tits up",positive,0.5629892760855203,AMZN,reddit,170,13
2024-07-28,"AMC squeeze incoming, shorts are fukd",positive,0.5596672322735519,AMC,reddit,260,1
2023-02-16,loss porn: down 90% on AMC calls,negative,-0.6201806239656072,AMC,reddit,12,18
2024-07-01,"this is financial advice, buy AMZN",positive,0.7552369867851314,AMZN,reddit,58,52
2023-07-28,what's the play on AMC?,neutral,-0.06218592580417104,AMC,reddit,10,82
2024-10-14,"inverse WSB worked, sold BB at the top",negative,-0.3466366170650609,BB,reddit,183,22
2023-07-02,"YOLO'd my life savings into SPY calls, cant go tits up",positive,0.5450206621766336,SPY,reddit,59,21
2023-05-14,META tendies printing 🍗🍗🍗,positive,0.8570217630726098,META,reddit,103,5
2024-10-30,"GUH moment on TSLA, RIP my portfolio",negative,-0.5703801683396131,TSLA,reddit,286,14
2023-10-08,BB tendies printing 🍗🍗🍗,positive,0.4903482250826183,BB,reddit,16,10
2024-05-17,"positions: 100x AAPL 500c 1/20, wish me luck retards",positive,0.7329853084059987,AAPL,reddit,46,17
2023-06-04,GME IV too high for options rn,neutral,0.1108732755974779,GME,reddit,64,100
2023-10-27,bull thesis on AAPL: trust me bro,positive,0.6434055292661554,AAPL,reddit,1,6
2024-11-05,imagine buying NVDA at ATH lmaooo,negative,-0.791017636772358,NVDA,reddit,13,27
2024-06-08,"AMC rug pull, everyone got rekt",negative,-0.7371465810324365,AMC,reddit,443,8
2023-12-20,anyone got DD on NVDA?,neutral,0.19302030547214932,NVDA,reddit,64,19
2024-07-07,"AMZN squeeze incoming, shorts are fukd",positive,0.5374208952469022,AMZN,reddit,19,28
2023-06-25,imagine buying AMZN at ATH lmaooo,negative,-0.6914462205158111,AMZN,reddit,49,12
2023-03-11,"positions: 100x MSFT 500c 1/20, wish me luck retards",positive,0.34804925950233423,MSFT,reddit,55,8
2023-04-08,anyone got DD on AMC?,neutral,0.06355126988836995,AMC,reddit,0,10
2024-07-14,"GME rug pull, everyone got rekt",negative,-0.5358244209274077,GME,reddit,95,63
2023-06-11,loss porn: down 90% on NVDA calls,negative,-0.7405791353708607,NVDA,reddit,37,12
2023-09-26,"inverse WSB worked, sold AMZN at the top",negative,-0.7772641558112757,AMZN,reddit,1,2
2024-09-17,"NVDA puts printing, bears eating good tonight",negative,-0.46030509981187695,NVDA,reddit,72,7
2023-02-28,"GUH moment on GOOGL, RIP my portfolio",negative,-0.7456674454519452,GOOGL,reddit,42,9
2023-11-08,imagine buying TSLA at ATH lmaooo,negative,-0.41483434899320587,TSLA,reddit,114,6
2024-07-19,"NVDA puts printing, bears eating good tonight",negative,-0.8184451055967106,NVDA,reddit,165,12
2024-06-10,paper trading NVDA before going in,neutral,0.06816509920346164,NVDA,reddit,173,29
2023-05-06,"GUH moment on AAPL, RIP my portfolio",negative,-0.4054707503335463,AAPL,reddit,4,4
2023-10-02,"GUH moment on AMZN, RIP my portfolio",negative,-0.5921912901684269,AMZN,reddit,82,30
2023-07-17,DD: Why AAPL is going to $1000 🚀,positive,0.8311872064781729,AAPL,reddit,114,2
2023-04-05,what's the play on GOOGL?,neutral,0.07709975010850517,GOOGL,reddit,162,41
2023-08-29,if you're not buying AAPL rn you hate money,positive,0.3255846628112357,AAPL,reddit,1,12
2024-01-27,paper trading GME before going in,neutral,0.0779348305041836,GME,reddit,11,6
2023-07-19,"this is financial advice, buy TSLA",positive,0.5266937094945853,TSLA,reddit,17,42
2023-03-27,"MSFT going to $0, get out while you can",negative,-0.7904621247903538,MSFT,reddit,4,55
2023-09-15,GME IV too high for options rn,neutral,0.07611753296587864,GME,reddit,97,15
2023-12-08,"YOLO'd my life savings into TSLA calls, cant go tits up",positive,0.630670871898278,TSLA,reddit,29,63
2024-04-29,imagine buying NVDA at ATH lmaooo,negative,-0.33388056730558313,NVDA,reddit,265,6
2024-10-31,wife's boyfriend approved my AMZN purchase,positive,0.36001718676546257,AMZN,reddit,88,53
2023-10-01,wife's boyfriend approved my AMZN purchase,positive,0.5313461266945388,AMZN,reddit,56,19
2023-08-01,paper trading BB before going in,neutral,0.1041772240724847,BB,reddit,20,3
2023-03-05,what's the play on AAPL?,neutral,-0.14292800854037477,AAPL,reddit,30,0
2023-08-04,"sold my NVDA bags, finally free",negative,-0.6269539284026223,NVDA,reddit,236,21
2024-07-05,paper trading TSLA before going in,neutral,-0.1201398728114191,TSLA,reddit,141,7
2024-10-26,"inverse WSB worked, sold SPY at the top",negative,-0.6085439268040804,SPY,reddit,19,2
2024-06-11,anyone got DD on PLTR?,neutral,0.13704788099075244,PLTR,reddit,31,20
2023-02-21,imagine buying GOOGL at ATH lmaooo,negative,-0.573968171387668,GOOGL,reddit,149,57
2023-11-23,if you're not buying GOOGL rn you hate money,positive,0.8488661615032302,GOOGL,reddit,38,49
2024-08-14,what's the play on GOOGL?,neutral,0.06647789604676557,GOOGL,reddit,23,2
2024-10-31,"META rug pull, everyone got rekt",negative,-0.46887167042895794,META,reddit,201,1
2023-09-24,DD: Why AAPL is going to $1000 🚀,positive,0.8976265955695844,AAPL,reddit,98,40
2023-05-04,"YOLO'd my life savings into NVDA calls, cant go tits up",positive,0.628213890646135,NVDA,reddit,301,7
2024-10-24,"TSLA squeeze incoming, shorts are fukd",positive,0.7464457934712201,TSLA,reddit,40,6
2024-01-09,"SPY going to $0, get out while you can",negative,-0.7111508024204357,SPY,reddit,3,79
2023-07-22,anyone got DD on PLTR?,neutral,-0.035131873134509994,PLTR,reddit,185,0
2024-02-27,"GOOGL going to $0, get out while you can",negative,-0.30846148748535585,GOOGL,reddit,45,1
2023-02-22,SPY IV too high for options rn,neutral,-0.08749119704257412,SPY,reddit,4,39
2023-12-08,what's the play on AMZN?,neutral,0.009872986643770176,AMZN,reddit,7,9
2024-10-06,PLTR tendies printing 🍗🍗🍗,positive,0.5554303985081421,PLTR,reddit,76,19
2024-07-23,if you're not buying AAPL rn you hate money,positive,0.8667118930507234,AAPL,reddit,655,28
2024-08-03,"positions: 100x AMC 500c 1/20, wish me luck retards",positive,0.36538841007426864,AMC,reddit,33,11
2024-06-12,if you're not buying PLTR rn you hate money,positive,0.48880686407927687,PLTR,reddit,45,3
2024-03-27,apes dont sell 💎🙌 TSLA forever,positive,0.481396514135929,TSLA,reddit,147,5
2023-11-29,DD: Why AAPL is going to $1000 🚀,positive,0.8004421493437315,AAPL,reddit,12,15
2023-10-30,"positions: 100x GME 500c 1/20, wish me luck retards",positive,0.5180788392580399,GME,reddit,53,8
2024-07-13,"YOLO'd my life savings into PLTR calls, cant go tits up",positive,0.46961999903476004,PLTR,reddit,23,39
2023-07-20,"positions: 100x NVDA 500c 1/20, wish me luck retards",positive,0.6739252769888113,NVDA,reddit,51,31
2023-09-08,"NVDA going to $0, get out while you can",negative,-0.44550242600972284,NVDA,reddit,11,4
2023-11-19,anyone got DD on NVDA?,neutral,0.10491621633752757,NVDA,reddit,2,10
2023-11-27,"GUH moment on GME, RIP my portfolio",negative,-0.3025350993705891,GME,reddit,64,11
2024-09-21,"YOLO'd my life savings into PLTR calls, cant go tits up",positive,0.32009031114473196,PLTR,reddit,3,2
2024-03-10,"META consolidating, waiting for breakout",neutral,-0.12797765936500494,META,reddit,20,21
2024-01-16,"theta gang on MSFT, selling covered calls",neutral,0.09943305657174778,MSFT,reddit,231,2
2024-04-08,"AMC rug pull, everyone got rekt",negative,-0.7876649899127719,AMC,reddit,85,13
2024-07-12,paper trading GME before going in,neutral,0.014693611775244031,GME,reddit,158,105
2024-01-26,apes dont sell 💎🙌 META forever,positive,0.7702955135956429,META,reddit,212,26
2024-03-28,imagine buying SPY at ATH lmaooo,negative,-0.6864642157253188,SPY,reddit,7,9
2023-10-22,paper trading SPY before going in,neutral,-0.06555501433831573,SPY,reddit,8,6
2024-02-02,"TSLA rug pull, everyone got rekt",negative,-0.7230015087070455,TSLA,reddit,22,23
2023-03-16,apes dont sell 💎🙌 AAPL forever,positive,0.35822932354338166,AAPL,reddit,271,7
2024-10-29,GOOGL IV too high for options rn,neutral,0.09840618849609711,GOOGL,reddit,58,29
2023-12-18,DD: Why MSFT is going to $1000 🚀,positive,0.6409668999026179,MSFT,reddit,19,4
2024-03-11,"YOLO'd my life savings into MSFT calls, cant go tits up",positive,0.5529265523832713,MSFT,reddit,15,3
2024-02-24,bull thesis on GME: trust me bro,positive,0.3822821010069574,GME,reddit,7,3
2023-08-28,SPY IV too high for options rn,neutral,-0.09305587768748783,SPY,reddit,145,24
2023-12-02,DD: Why GOOGL is going to $1000 🚀,positive,0.4852682944845762,GOOGL,reddit,223,14
2024-10-17,"this is financial advice, buy NVDA",positive,0.7826610417615183,NVDA,reddit,6,13
2024-08-02,"this is financial advice, buy BB",positive,0.6818990810479777,BB,reddit,172,19
2023-05-07,"this is financial advice, buy BB",positive,0.5864231418341994,BB,reddit,272,25
2023-12-15,anyone got DD on NVDA?,neutral,-0.1161776301649482,NVDA,reddit,331,1
2024-08-03,"PLTR going to $0, get out while you can",negative,-0.8881445318974897,PLTR,reddit,57,8
2023-02-20,imagine buying SPY at ATH lmaooo,negative,-0.7159077717250039,SPY,reddit,54,15
2023-07-30,GME tendies printing 🍗🍗🍗,positive,0.6920253016880755,GME,reddit,20,54
2023-06-05,"PLTR consolidating, waiting for breakout",neutral,-0.05075674052329329,PLTR,reddit,74,3
2023-03-12,"positions: 100x AMZN 500c 1/20, wish me luck retards",positive,0.8925480579460032,AMZN,reddit,108,1
2023-05-10,imagine buying NVDA at ATH lmaooo,negative,-0.6559947785441989,NVDA,reddit,246,9
2023-10-12,"SPY consolidating, waiting for breakout",neutral,0.009195201949523613,SPY,reddit,347,34
2023-07-04,what's the play on GOOGL?,neutral,-0.11150974316277629,GOOGL,reddit,49,0
2023-08-28,"GOOGL squeeze incoming, shorts are fukd",positive,0.8484791477822389,GOOGL,reddit,44,62
2023-08-15,what's the play on GOOGL?,neutral,-0.1667634831065244,GOOGL,reddit,10,47
2023-10-06,loss porn: down 90% on NVDA calls,negative,-0.5759022845483674,NVDA,reddit,218,13
2024-09-16,if you're not buying PLTR rn you hate money,positive,0.6552702225718527,PLTR,reddit,30,18
2024-01-16,"AMC squeeze incoming, shorts are fukd",positive,0.5591056854163376,AMC,reddit,12,12
2024-05-21,"TSLA consolidating, waiting for breakout",neutral,-0.1578290648622853,TSLA,reddit,125,7
2024-06-20,"this is financial advice, buy BB",positive,0.42047445766038993,BB,reddit,39,3
2024-11-04,DD: Why AMZN is going to $1000 🚀,positive,0.4180520477298953,AMZN,reddit,1,6
2024-01-21,if you're not buying BB rn you hate money,positive,0.8082818513475578,BB,reddit,2,1
2023-10-07,"GUH moment on AMZN, RIP my portfolio",negative,-0.7109500293343993,AMZN,reddit,43,4
2024-01-19,"AMZN consolidating, waiting for breakout",neutral,-0.0535734226605285,AMZN,reddit,204,3
2023-01-23,"GUH moment on NVDA, RIP my portfolio",negative,-0.5924133013120885,NVDA,reddit,57,22
2024-06-29,wife's boyfriend approved my AMC purchase,positive,0.7673313716261583,AMC,reddit,8,54
2023-07-01,"sold my GME bags, finally free",negative,-0.38855861446775275,GME,reddit,59,6
2024-06-15,bull thesis on BB: trust me bro,positive,0.5067151864531099,BB,reddit,56,28
2024-08-24,SPY tendies printing 🍗🍗🍗,positive,0.5839818104803527,SPY,reddit,44,38
2023-12-05,"PLTR squeeze incoming, shorts are fukd",positive,0.6122266977118123,PLTR,reddit,45,2
2023-05-04,what's the play on AMZN?,neutral,0.013973360670314572,AMZN,reddit,107,58
2023-11-08,"positions: 100x AMZN 500c 1/20, wish me luck retards",positive,0.6196284559537317,AMZN,reddit,115,18
2023-07-02,"SPY rug pull, everyone got rekt",negative,-0.7315366244143183,SPY,reddit,49,9
2023-03-08,imagine buying AAPL at ATH lmaooo,negative,-0.34868490673906527,AAPL,reddit,11,11
2023-08-23,MSFT IV too high for options rn,neutral,0.14710228218288357,MSFT,reddit,73,49
2024-01-28,"AMZN squeeze incoming, shorts are fukd",positive,0.7425968055571779,AMZN,reddit,30,16
2023-11-10,"MSFT squeeze incoming, shorts are fukd",positive,0.5605958756886309,MSFT,reddit,23,4
2023-06-16,bull thesis on MSFT: trust me bro,positive,0.3376217311864948,MSFT,reddit,162,0
2023-01-02,TSLA tendies printing 🍗🍗🍗,positive,0.349358047425932,TSLA,reddit,42,81
2023-06-17,"TSLA squeeze incoming, shorts are fukd",positive,0.8824863494736654,TSLA,reddit,36,12
2024-02-19,"this is financial advice, buy AMZN",positive,0.5981489271957209,AMZN,reddit,25,19
2024-02-07,"MSFT rug pull, everyone got rekt",negative,-0.6408583746707381,MSFT,reddit,63,29
2024-02-15,"AMZN squeeze incoming, shorts are fukd",positive,0.6692122443831252,AMZN,reddit,251,34
2024-10-26,AMC tendies printing 🍗🍗🍗,positive,0.3727514112301552,AMC,reddit,375,12
2023-03-19,"inverse WSB worked, sold TSLA at the top",negative,-0.5470545220794345,TSLA,reddit,60,5
2024-05-07,"GOOGL puts printing, bears eating good tonight",negative,-0.31269034444101607,GOOGL,reddit,40,34
2024-08-28,"BB consolidating, waiting for breakout",neutral,0.1138696517968012,BB,reddit,42,2
2024-08-11,"theta gang on META, selling covered calls",neutral,-0.1517557868647054,META,reddit,7,13
2023-05-28,imagine buying BB at ATH lmaooo,negative,-0.7894918756261897,BB,reddit,40,30
2024-02-15,what's the play on GOOGL?,neutral,0.07659059928843137,GOOGL,reddit,214,0
2023-01-26,"GUH moment on GME, RIP my portfolio",negative,-0.7633772776535055,GME,reddit,179,10
2024-09-21,"NVDA consolidating, waiting for breakout",neutral,0.04526711659993571,NVDA,reddit,104,26
2023-10-15,"YOLO'd my life savings into META calls, cant go tits up",positive,0.554596952991824,META,reddit,24,14
2024-09-14,what's the play on TSLA?,neutral,-0.05955861287318717,TSLA,reddit,12,19
2024-02-02,BB IV too high for options rn,neutral,0.023993271382458492,BB,reddit,85,11
2023-12-31,DD: Why SPY is going to $1000 🚀,positive,0.3913363768776792,SPY,reddit,90,18
2023-12-15,"GME consolidating, waiting for breakout",neutral,0.04708550014955032,GME,reddit,39,11
2024-01-04,loss porn: down 90% on AMZN calls,negative,-0.31829359683709046,AMZN,reddit,4,4
2023-04-10,"theta gang on TSLA, selling covered calls",neutral,0.06401702652895025,TSLA,reddit,55,22
2024-01-10,loss porn: down 90% on BB calls,negative,-0.7978443748087344,BB,reddit,21,17
2024-05-16,if you're not buying AAPL rn you hate money,positive,0.40414490590484303,AAPL,reddit,226,3
2023-05-30,AMC IV too high for options rn,neutral,-0.008110591753012791,AMC,reddit,64,4
2023-07-31,"positions: 100x GME 500c 1/20, wish me luck retards",positive,0.8701778500455593,GME,reddit,50,15
2024-09-10,GME tendies printing 🍗🍗🍗,positive,0.42887915639357715,GME,reddit,90,9
2024-09-07,"META consolidating, waiting for breakout",neutral,-0.11072056285256258,META,reddit,145,2
2024-10-01,wife's boyfriend approved my AMZN purchase,positive,0.857055439343253,AMZN,reddit,43,10
2023-12-31,apes dont sell 💎🙌 AAPL forever,positive,0.30959538453197605,AAPL,reddit,44,72
2024-04-22,if you're not buying GOOGL rn you hate money,positive,0.7625446297612584,GOOGL,reddit,45,2
2024-10-09,apes dont sell 💎🙌 MSFT forever,positive,0.7098825909314045,MSFT,reddit,165,6
2023-11-28,"this is financial advice, buy AMC",positive,0.34895175702272174,AMC,reddit,23,3
2023-03-14,"AAPL puts printing, bears eating good tonight",negative,-0.8855424697712116,AAPL,reddit,11,11
2023-06-11,loss porn: down 90% on NVDA calls,negative,-0.7859882094312757,NVDA,reddit,170,1
2023-01-17,"PLTR consolidating, waiting for breakout",neutral,-0.1118633164039177,PLTR,reddit,175,12
2023-08-15,DD: Why GME is going to $1000 🚀,positive,0.40784868491217036,GME,reddit,41,4
2023-10-28,"GUH moment on BB, RIP my portfolio",negative,-0.37235919305843956,BB,reddit,135,1
2023-06-13,"YOLO'd my life savings into AMZN calls, cant go tits up",positive,0.8158279222421432,AMZN,reddit,12,21
2024-07-21,"inverse WSB worked, sold NVDA at the top",negative,-0.8953231843104738,NVDA,reddit,94,1
2023-04-01,paper trading AMZN before going in,neutral,-0.16435179631486632,AMZN,reddit,202,2
2024-01-10,"this is financial advice, buy TSLA",positive,0.7528145010406382,TSLA,reddit,234,3
2024-10-27,apes dont sell 💎🙌 AMZN forever,positive,0.7023762762412391,AMZN,reddit,7,18
2024-01-22,"NVDA consolidating, waiting for breakout",neutral,-0.0931013394439551,NVDA,reddit,8,19
2023-03-03,"AAPL rug pull, everyone got rekt",negative,-0.41144318619912096,AAPL,reddit,74,9
2024-10-18,"sold my META bags, finally free",negative,-0.37726566569564024,META,reddit,277,4
2024-11-01,AMZN tendies printing 🍗🍗🍗,positive,0.7423168922430273,AMZN,reddit,122,28
2024-05-24,loss porn: down 90% on AAPL calls,negative,-0.5113111821260656,AAPL,reddit,79,1
2023-11-09,PLTR tendies printing 🍗🍗🍗,positive,0.3209366687525367,PLTR,reddit,0,67
2024-02-19,"YOLO'd my life savings into GME calls, cant go tits up",positive,0.8898348343978453,GME,reddit,2,3
2024-03-08,"theta gang on SPY, selling covered calls",neutral,-0.09050686033523028,SPY,reddit,124,21
2024-10-08,"NVDA consolidating, waiting for breakout",neutral,-0.1233389913507199,NVDA,reddit,45,15
2023-06-01,anyone got DD on META?,neutral,0.032182840409175295,META,reddit,182,50
2023-01-09,"YOLO'd my life savings into AMZN calls, cant go tits up",positive,0.7947974115835963,AMZN,reddit,234,13
2023-01-21,what's the play on META?,neutral,-0.07776427905740682,META,reddit,13,30
2024-01-22,if you're not buying META rn you hate money,positive,0.6901085822731758,META,reddit,561,15
2023-07-05,"AAPL squeeze incoming, shorts are fukd",positive,0.5049308989664159,AAPL,reddit,23,23
2024-03-09,"NVDA consolidating, waiting for breakout",neutral,0.06971712305572658,NVDA,reddit,47,4
2024-04-22,if you're not buying AMZN rn you hate money,positive,0.6828013540352621,AMZN,reddit,4,3
2023-10-23,AMC IV too high for options rn,neutral,0.14689761456177686,AMC,reddit,21,8
2023-04-02,if you're not buying AAPL rn you hate money,positive,0.40316012983942173,AAPL,reddit,45,0
2023-12-01,NVDA tendies printing 🍗🍗🍗,positive,0.3917380219764907,NVDA,reddit,17,41
2023-03-25,apes dont sell 💎🙌 AAPL forever,positive,0.5916990615914279,AAPL,reddit,179,7
2024-09-04,"AAPL going to $0, get out while you can",negative,-0.43524891959420364,AAPL,reddit,23,18
2024-11-08,BB tendies printing 🍗🍗🍗,positive,0.4673945495600437,BB,reddit,14,21
2024-08-26,apes dont sell 💎🙌 TSLA forever,positive,0.4941392736815227,TSLA,reddit,6,48
2024-09-15,"PLTR puts printing, bears eating good tonight",negative,-0.8878466113307686,PLTR,reddit,0,12
2023-06-30,"GUH moment on GME, RIP my portfolio",negative,-0.7296230154410899,GME,reddit,313,6
2024-06-20,PLTR tendies printing 🍗🍗🍗,positive,0.6009606915299139,PLTR,reddit,42,19
2024-04-20,"TSLA consolidating, waiting for breakout",neutral,0.18136316741294983,TSLA,reddit,61,31
2023-08-05,wife's boyfriend approved my MSFT purchase,positive,0.7874226448881221,MSFT,reddit,43,72
2024-04-07,DD: Why GME is going to $1000 🚀,positive,0.3564980164045677,GME,reddit,279,28
2024-08-15,imagine buying BB at ATH lmaooo,negative,-0.8046798109540672,BB,reddit,8,12
2023-07-28,"GUH moment on BB, RIP my portfolio",negative,-0.7013516664432646,BB,reddit,11,19
2023-10-23,"GUH moment on AMZN, RIP my portfolio",negative,-0.4886690391880134,AMZN,reddit,98,13
2024-08-11,"theta gang on SPY, selling covered calls",neutral,-0.17057739540146877,SPY,reddit,50,24
2024-03-15,"YOLO'd my life savings into SPY calls, cant go tits up",positive,0.7575054382613278,SPY,reddit,29,0
2024-08-26,"PLTR puts printing, bears eating good tonight",negative,-0.4568521948931214,PLTR,reddit,103,5
2023-12-21,"AMZN puts printing, bears eating good tonight",negative,-0.4156774562420904,AMZN,reddit,14,25
2023-04-15,"positions: 100x GOOGL 500c 1/20, wish me luck retards",positive,0.3437409471106022,GOOGL,reddit,54,43
2023-11-08,anyone got DD on TSLA?,neutral,-0.18072340290193611,TSLA,reddit,124,8
2023-05-22,"META consolidating, waiting for breakout",neutral,-0.011329641912540017,META,reddit,130,0
2023-01-28,anyone got DD on NVDA?,neutral,0.1751048030450344,NVDA,reddit,26,53
2023-02-27,"GME puts printing, bears eating good tonight",negative,-0.3783602210318734,GME,reddit,0,28
2024-10-13,anyone got DD on GOOGL?,neutral,0.14344135714826745,GOOGL,reddit,13,4
2023-07-16,bull thesis on SPY: trust me bro,positive,0.7351853324376396,SPY,reddit,77,2
2024-06-14,loss porn: down 90% on NVDA calls,negative,-0.7557534604704499,NVDA,reddit,344,8
2023-01-14,"NVDA going to $0, get out while you can",negative,-0.7077599975599325,NVDA,reddit,157,59
2024-09-25,"this is financial advice, buy NVDA",positive,0.7048214601306224,NVDA,reddit,264,3
2024-06-28,"NVDA rug pull, everyone got rekt",negative,-0.8624433472082262,NVDA,reddit,154,7
2024-10-07,"AMC rug pull, everyone got rekt",negative,-0.4452649630517141,AMC,reddit,223,11
2023-05-28,anyone got DD on TSLA?,neutral,0.061581919581500943,TSLA,reddit,33,26
2023-11-07,loss porn: down 90% on AAPL calls,negative,-0.8972978724662948,AAPL,reddit,63,4
2023-01-28,apes dont sell 💎🙌 AAPL forever,positive,0.8029993231707484,AAPL,reddit,151,15
2023-12-04,DD: Why META is going to $1000 🚀,positive,0.4461066488033405,META,reddit,115,19
2023-07-05,BB IV too high for options rn,neutral,0.18498148707227297,BB,reddit,39,2
2024-06-30,"NVDA puts printing, bears eating good tonight",negative,-0.4471326293051633,NVDA,reddit,188,6
2023-05-10,"YOLO'd my life savings into SPY calls, cant go tits up",positive,0.4386603514156774,SPY,reddit,46,10
2023-09-23,DD: Why MSFT is going to $1000 🚀,positive,0.4746092953933082,MSFT,reddit,31,27
2023-05-29,"theta gang on NVDA, selling covered calls",neutral,-0.18432398588277682,NVDA,reddit,76,16
2023-10-13,"AMC going to $0, get out while you can",negative,-0.5539146260896646,AMC,reddit,260,11
2024-06-09,if you're not buying AMZN rn you hate money,positive,0.881075650756014,AMZN,reddit,185,16
2024-04-23,"GME consolidating, waiting for breakout",neutral,0.05797104109493867,GME,reddit,89,11
2024-01-29,"positions: 100x PLTR 500c 1/20, wish me luck retards",positive,0.678615496829184,PLTR,reddit,184,5
2024-04-02,bull thesis on AMZN: trust me bro,positive,0.5028602493513163,AMZN,reddit,49,14
2023-02-10,paper trading NVDA before going in,neutral,-0.15490401749662874,NVDA,reddit,36,44
2023-03-03,"NVDA consolidating, waiting for breakout",neutral,0.18229395794694692,NVDA,reddit,690,6
2023-04-24,loss porn: down 90% on GOOGL calls,negative,-0.7753171179001619,GOOGL,reddit,97,19
2023-10-18,"TSLA going to $0, get out while you can",negative,-0.7424499207607944,TSLA,reddit,68,47
2023-07-08,what's the play on META?,neutral,-0.03418188024121327,META,reddit,168,14
2023-11-07,"BB squeeze incoming, shorts are fukd",positive,0.621392094733792,BB,reddit,111,2
2024-05-01,wife's boyfriend approved my GME purchase,positive,0.5414295943744553,GME,reddit,295,28
2023-06-14,"positions: 100x GOOGL 500c 1/20, wish me luck retards",positive,0.33647497199585663,GOOGL,reddit,36,0
2024-07-02,"sold my AMC bags, finally free",negative,-0.5813138667439836,AMC,reddit,88,10
2023-11-02,"NVDA puts printing, bears eating good tonight",negative,-0.6358743380169806,NVDA,reddit,35,17
2024-01-02,"PLTR consolidating, waiting for breakout",neutral,0.04746750789115978,PLTR,reddit,126,42
2024-07-27,"GME going to $0, get out while you can",negative,-0.4802714058437418,GME,reddit,25,11
2024-01-16,bull thesis on MSFT: trust me bro,positive,0.8701322282125352,MSFT,reddit,212,95
2024-10-21,"BB consolidating, waiting for breakout",neutral,-0.0025099789531341232,BB,reddit,56,1
2023-07-23,"YOLO'd my life savings into PLTR calls, cant go tits up",positive,0.6620076926162461,PLTR,reddit,39,18
2024-06-04,"theta gang on GOOGL, selling covered calls",neutral,0.10214689098489121,GOOGL,reddit,176,26
2024-04-20,"META consolidating, waiting for breakout",neutral,-0.19845496710767754,META,reddit,90,3
2024-07-01,if you're not buying BB rn you hate money,positive,0.8508290989875409,BB,reddit,598,16
2023-09-04,AMC IV too high for options rn,neutral,0.05841906065825481,AMC,reddit,52,6
2023-09-06,apes dont sell 💎🙌 PLTR forever,positive,0.7552951499418448,PLTR,reddit,29,12
2023-02-13,"GOOGL going to $0, get out while you can",negative,-0.3973504836629693,GOOGL,reddit,61,4
2024-06-17,PLTR IV too high for options rn,neutral,0.029467945142001767,PLTR,reddit,46,51
2024-05-13,loss porn: down 90% on META calls,negative,-0.5632956289663933,META,reddit,12,22
2023-12-02,"AMC consolidating, waiting for breakout",neutral,-0.09889002148314191,AMC,reddit,52,12
2024-09-30,"positions: 100x GOOGL 500c 1/20, wish me luck retards",positive,0.32072886862775246,GOOGL,reddit,136,36
2024-04-23,"positions: 100x META 500c 1/20, wish me luck retards",positive,0.7391346873147192,META,reddit,39,6
2024-09-08,"YOLO'd my life savings into META calls, cant go tits up",positive,0.5378221004674166,META,reddit,23,22
2024-05-31,"positions: 100x META 500c 1/20, wish me luck retards",positive,0.7053114713068342,META,reddit,96,5
2023-07-26,DD: Why AAPL is going to $1000 🚀,positive,0.5104594784778036,AAPL,reddit,106,7
2024-11-07,paper trading TSLA before going in,neutral,0.057117093779199435,TSLA,reddit,126,19
2023-03-06,MSFT IV too high for options rn,neutral,0.10715728712510142,MSFT,reddit,288,14
2024-05-20,loss porn: down 90% on META calls,negative,-0.8697105282558875,META,reddit,71,6
2023-10-29,"BB puts printing, bears eating good tonight",negative,-0.31832910160367667,BB,reddit,163,3
2024-01-17,loss porn: down 90% on NVDA calls,negative,-0.48997162736408284,NVDA,reddit,33,80
2024-04-07,MSFT tendies printing 🍗🍗🍗,positive,0.6237571038070315,MSFT,reddit,38,1
2024-09-10,apes dont sell 💎🙌 AMZN forever,positive,0.37720444528100705,AMZN,reddit,0,9
2023-04-01,"sold my SPY bags, finally free",negative,-0.6120098468552922,SPY,reddit,23,10
2023-11-11,wife's boyfriend approved my AAPL purchase,positive,0.7772487910063817,AAPL,reddit,26,32
2024-09-20,"AMC rug pull, everyone got rekt",negative,-0.6461623265014393,AMC,reddit,56,54
2023-06-26,"this is financial advice, buy GME",positive,0.41253423152363855,GME,reddit,76,27
2023-03-05,"inverse WSB worked, sold PLTR at the top",negative,-0.3440904150475994,PLTR,reddit,39,0
2024-11-21,"MSFT squeeze incoming, shorts are fukd",positive,0.3394566816665537,MSFT,reddit,10,0
2024-06-16,bull thesis on META: trust me bro,positive,0.7209300132153247,META,reddit,192,26
2023-06-15,"inverse WSB worked, sold META at the top",negative,-0.4520766521181121,META,reddit,34,19
2024-03-05,"GME puts printing, bears eating good tonight",negative,-0.7876724384964161,GME,reddit,150,6
2023-06-08,"PLTR consolidating, waiting for breakout",neutral,0.14108667382989026,PLTR,reddit,174,8
2023-10-05,"sold my NVDA bags, finally free",negative,-0.6624378157431358,NVDA,reddit,58,31
2024-07-14,"theta gang on GME, selling covered calls",neutral,-0.1384022221162609,GME,reddit,134,23
2023-08-15,anyone got DD on SPY?,neutral,0.13287264589792785,SPY,reddit,48,17
2024-02-08,DD: Why AMC is going to $1000 🚀,positive,0.6715429944110981,AMC,reddit,247,22
2023-07-22,"GUH moment on AMC, RIP my portfolio",negative,-0.6846289354745522,AMC,reddit,64,8
2023-11-07,paper trading MSFT before going in,neutral,-0.03351532515729522,MSFT,reddit,216,3
2023-06-09,if you're not buying SPY rn you hate money,positive,0.7205455759305062,SPY,reddit,291,54
2024-05-15,wife's boyfriend approved my NVDA purchase,positive,0.5922279146793282,NVDA,reddit,46,8
2023-12-19,"GUH moment on SPY, RIP my portfolio",negative,-0.609485982008164,SPY,reddit,29,137
2024-01-01,"SPY consolidating, waiting for breakout",neutral,-0.10833358565355598,SPY,reddit,200,18
2023-05-02,"positions: 100x MSFT 500c 1/20, wish me luck retards",positive,0.7942396793253379,MSFT,reddit,52,0
2023-02-03,"sold my BB bags, finally free",negative,-0.4887962925878176,BB,reddit,123,31
2024-09-13,DD: Why TSLA is going to $1000 🚀,positive,0.30180024753384255,TSLA,reddit,13,2
2024-03-29,DD: Why AMZN is going to $1000 🚀,positive,0.3124753608282621,AMZN,reddit,17,22
2023-06-04,imagine buying PLTR at ATH lmaooo,negative,-0.3895182110733838,PLTR,reddit,202,1
2024-07-25,PLTR tendies printing 🍗🍗🍗,positive,0.6335016565558935,PLTR,reddit,12,7
2023-08-23,"this is financial advice, buy PLTR",positive,0.7305628654180747,PLTR,reddit,20,38
2024-06-16,"GUH moment on AAPL, RIP my portfolio",negative,-0.6325323120213359,AAPL,reddit,102,42
2023-01-16,AMC IV too high for options rn,neutral,0.16053268430351958,AMC,reddit,112,19
2023-06-30,imagine buying SPY at ATH lmaooo,negative,-0.779290768864768,SPY,reddit,67,25
2023-12-10,"AMZN consolidating, waiting for breakout",neutral,-0.19490756831354178,AMZN,reddit,82,4
2023-02-08,"this is financial advice, buy AAPL",positive,0.5496572145551312,AAPL,reddit,43,30
2024-08-17,"inverse WSB worked, sold BB at the top",negative,-0.7312558292104394,BB,reddit,210,42
2023-09-10,"GOOGL puts printing, bears eating good tonight",negative,-0.5508410635293896,GOOGL,reddit,286,11
2023-08-16,"positions: 100x AMZN 500c 1/20, wish me luck retards",positive,0.7088051554359518,AMZN,reddit,232,42
2023-11-07,"YOLO'd my life savings into AMZN calls, cant go tits up",positive,0.8014962010145792,AMZN,reddit,30,77
2024-09-29,anyone got DD on PLTR?,neutral,0.08463437236989862,PLTR,reddit,72,37
2023-05-04,"this is financial advice, buy AMC",positive,0.4326803301151677,AMC,reddit,195,9
2023-12-23,paper trading PLTR before going in,neutral,0.10833255381653334,PLTR,reddit,151,43
2023-08-12,"YOLO'd my life savings into NVDA calls, cant go tits up",positive,0.6612764270969906,NVDA,reddit,84,13
2023-12-15,AAPL tendies printing 🍗🍗🍗,positive,0.5775611597201415,AAPL,reddit,138,31
2023-05-12,"GUH moment on PLTR, RIP my portfolio",negative,-0.8102069590268962,PLTR,reddit,27,48
2023-05-14,"PLTR consolidating, waiting for breakout",neutral,0.12885073207409858,PLTR,reddit,117,23
2024-06-18,"MSFT going to $0, get out while you can",negative,-0.7434725222523144,MSFT,reddit,28,5
2024-02-08,"GOOGL squeeze incoming, shorts are fukd",positive,0.6492464265383524,GOOGL,reddit,28,11
2023-07-28,"this is financial advice, buy NVDA",positive,0.707349674530249,NVDA,reddit,16,26
2023-01-14,imagine buying AMC at ATH lmaooo,negative,-0.7557466119213838,AMC,reddit,85,8
2024-01-01,"GUH moment on GME, RIP my portfolio",negative,-0.39962363809899915,GME,reddit,54,26
2024-06-30,if you're not buying PLTR rn you hate money,positive,0.33880978526982913,PLTR,reddit,12,28
2023-08-24,anyone got DD on SPY?,neutral,0.16995860987059197,SPY,reddit,63,2
2024-05-09,DD: Why TSLA is going to $1000 🚀,positive,0.47114319208485655,TSLA,reddit,60,14
2023-02-17,"GUH moment on AAPL, RIP my portfolio",negative,-0.7982868251268314,AAPL,reddit,13,21
2023-10-05,"positions: 100x MSFT 500c 1/20, wish me luck retards",positive,0.7422414446070509,MSFT,reddit,60,39
2023-07-26,bull thesis on GME: trust me bro,positive,0.6379388397556222,GME,reddit,2,9
2023-09-02,"theta gang on AAPL, selling covered calls",neutral,-0.08969247178291395,AAPL,reddit,111,13
2023-10-21,bull thesis on GOOGL: trust me bro,positive,0.8447577378050302,GOOGL,reddit,110,5
2023-03-11,paper trading MSFT before going in,neutral,0.14831729937993793,MSFT,reddit,11,48
2023-05-26,paper trading NVDA before going in,neutral,0.13278907997183204,NVDA,reddit,18,9
2023-02-19,"sold my SPY bags, finally free",negative,-0.30436898027905845,SPY,reddit,3,8
2023-10-13,apes dont sell 💎🙌 SPY forever,positive,0.46413137629211026,SPY,reddit,58,11
2023-06-16,AMC tendies printing 🍗🍗🍗,positive,0.7475766331618079,AMC,reddit,144,48
2024-08-07,DD: Why GOOGL is going to $1000 🚀,positive,0.3415880584719779,GOOGL,reddit,23,0
2024-02-14,GME tendies printing 🍗🍗🍗,positive,0.3353613138177077,GME,reddit,8,6
2023-03-05,"positions: 100x GOOGL 500c 1/20, wish me luck retards",positive,0.8558982954221921,GOOGL,reddit,94,30
2024-07-23,"positions: 100x GOOGL 500c 1/20, wish me luck retards",positive,0.5799831932852602,GOOGL,reddit,65,0
2023-07-13,"positions: 100x META 500c 1/20, wish me luck retards",positive,0.34039752860687894,META,reddit,77,7
2024-02-27,"sold my MSFT bags, finally free",negative,-0.8857855742172693,MSFT,reddit,134,41
2024-11-22,"this is financial advice, buy AAPL",positive,0.5866538907454297,AAPL,reddit,178,16
2024-09-18,"positions: 100x MSFT 500c 1/20, wish me luck retards",positive,0.7558173608475607,MSFT,reddit,335,2
2024-07-25,anyone got DD on NVDA?,neutral,-0.1191061771948334,NVDA,reddit,233,13
2024-03-24,"inverse WSB worked, sold PLTR at the top",negative,-0.5902420399709359,PLTR,reddit,178,9
2023-09-13,bull thesis on AMZN: trust me bro,positive,0.7312604709146573,AMZN,reddit,40,8
2023-05-05,paper trading AAPL before going in,neutral,-0.1385087092191698,AAPL,reddit,55,6
2023-10-09,AMZN IV too high for options rn,neutral,0.014068557836818263,AMZN,reddit,60,28
2024-11-08,wife's boyfriend approved my SPY purchase,positive,0.5434762799411359,SPY,reddit,317,17
2023-05-20,"positions: 100x AMC 500c 1/20, wish me luck retards",positive,0.7363026707017919,AMC,reddit,77,23
2024-08-11,DD: Why GME is going to $1000 🚀,positive,0.7468193052609675,GME,reddit,220,2
2023-01-27,wife's boyfriend approved my GOOGL purchase,positive,0.4164036246663012,GOOGL,reddit,233,2
2024-11-16,anyone got DD on TSLA?,neutral,-0.04918557511401739,TSLA,reddit,26,0
2024-10-11,if you're not buying NVDA rn you hate money,positive,0.7551066741090433,NVDA,reddit,96,15
2024-01-08,apes dont sell 💎🙌 PLTR forever,positive,0.5575496419337587,PLTR,reddit,51,64
2023-07-07,MSFT IV too high for options rn,neutral,-0.1439402238432843,MSFT,reddit,89,36
2023-01-08,GOOGL IV too high for options rn,neutral,0.03348662429461649,GOOGL,reddit,122,7
2023-07-25,"MSFT rug pull, everyone got rekt",negative,-0.5943889178831271,MSFT,reddit,442,3
2024-08-17,apes dont sell 💎🙌 GME forever,positive,0.8348445795799733,GME,reddit,44,36
2023-07-05,"META squeeze incoming, shorts are fukd",positive,0.3296436566808025,META,reddit,44,22
2024-06-17,NVDA tendies printing 🍗🍗🍗,positive,0.8807381214119907,NVDA,reddit,259,5
2024-07-07,"this is financial advice, buy AMC",positive,0.6380650328470396,AMC,reddit,10,9
2024-01-04,"this is financial advice, buy TSLA",positive,0.6465098757231195,TSLA,reddit,27,14
2023-10-02,"GUH moment on AAPL, RIP my portfolio",negative,-0.4889119487337516,AAPL,reddit,39,22
2023-08-29,"inverse WSB worked, sold PLTR at the top",negative,-0.8390429465746498,PLTR,reddit,234,40
2023-12-11,"GOOGL going to $0, get out while you can",negative,-0.5262426591706382,GOOGL,reddit,12,42
2023-05-17,"this is financial advice, buy MSFT",positive,0.7540244647554895,MSFT,reddit,53,6
2023-03-30,apes dont sell 💎🙌 GOOGL forever,positive,0.8694340147453181,GOOGL,reddit,13,5
2023-11-17,"GUH moment on GME, RIP my portfolio",negative,-0.5122201884849729,GME,reddit,3,52
2023-04-01,"AAPL squeeze incoming, shorts are fukd",positive,0.3461621906876256,AAPL,reddit,267,133
2024-09-29,bull thesis on META: trust me bro,positive,0.6019448308693891,META,reddit,33,37
2023-06-06,anyone got DD on SPY?,neutral,0.10042474379154215,SPY,reddit,54,15
2024-05-07,if you're not buying SPY rn you hate money,positive,0.6862450040261412,SPY,reddit,73,5
2023-01-07,"YOLO'd my life savings into BB calls, cant go tits up",positive,0.7078493586944876,BB,reddit,48,24
2023-11-23,"NVDA rug pull, everyone got rekt",negative,-0.4066381788283455,NVDA,reddit,62,0
2024-03-22,"SPY puts printing, bears eating good tonight",negative,-0.3372423727813376,SPY,reddit,34,15
2023-07-25,paper trading AMC before going in,neutral,-0.016709160781029242,AMC,reddit,37,0
2024-08-26,"sold my AMZN bags, finally free",negative,-0.4787488291434377,AMZN,reddit,39,8
2024-08-12,apes dont sell 💎🙌 TSLA forever,positive,0.8651928304813807,TSLA,reddit,2,4
2024-02-14,paper trading PLTR before going in,neutral,-0.0892781154548049,PLTR,reddit,22,21
2024-06-25,META tendies printing 🍗🍗🍗,positive,0.31797738598974357,META,reddit,5,15
2023-08-10,loss porn: down 90% on PLTR calls,negative,-0.6888840218840143,PLTR,reddit,64,46
2024-02-08,DD: Why AMC is going to $1000 🚀,positive,0.31428917100961673,AMC,reddit,168,77
2024-02-21,"positions: 100x SPY 500c 1/20, wish me luck retards",positive,0.8466412027072794,SPY,reddit,86,38
2023-12-25,apes dont sell 💎🙌 PLTR forever,positive,0.4674570523079199,PLTR,reddit,22,14
2023-09-09,"positions: 100x MSFT 500c 1/20, wish me luck retards",positive,0.7743853245657084,MSFT,reddit,112,16
2024-08-24,"AMZN rug pull, everyone got rekt",negative,-0.6051967112717886,AMZN,reddit,9,30
2024-11-12,"theta gang on AMC, selling covered calls",neutral,0.10532388070035043,AMC,reddit,87,4
2024-11-20,"theta gang on GOOGL, selling covered calls",neutral,-0.1462776283405008,GOOGL,reddit,204,1
2024-04-29,bull thesis on GME: trust me bro,positive,0.4776981425591639,GME,reddit,200,9
2023-05-03,"YOLO'd my life savings into TSLA calls, cant go tits up",positive,0.8328071728367399,TSLA,reddit,89,12
2024-10-12,bull thesis on GME: trust me bro,positive,0.41705736053218045,GME,reddit,182,35
2023-05-20,"MSFT consolidating, waiting for breakout",neutral,-0.09437034846507118,MSFT,reddit,174,52
2024-04-28,paper trading SPY before going in,neutral,0.1157113071812938,SPY,reddit,238,8
2024-04-06,SPY tendies printing 🍗🍗🍗,positive,0.56385018674354,SPY,reddit,225,28
2023-10-31,"theta gang on AMZN, selling covered calls",neutral,0.06602895500035044,AMZN,reddit,41,1
2024-10-07,"GUH moment on AMC, RIP my portfolio",negative,-0.7484013784086879,AMC,reddit,161,19
2023-07-18,apes dont sell 💎🙌 BB forever,positive,0.6190736199723774,BB,reddit,17,6
2024-03-05,bull thesis on AAPL: trust me bro,positive,0.8087650947944722,AAPL,reddit,199,51
2023-05-23,if you're not buying AAPL rn you hate money,positive,0.6753044266285807,AAPL,reddit,96,4
2023-07-12,apes dont sell 💎🙌 SPY forever,positive,0.45308528385392327,SPY,reddit,272,5
2023-04-15,"positions: 100x SPY 500c 1/20, wish me luck retards",positive,0.7444237270016698,SPY,reddit,9,2
2023-07-15,wife's boyfriend approved my SPY purchase,positive,0.4884265422525361,SPY,reddit,13,3
2024-08-18,wife's boyfriend approved my GOOGL purchase,positive,0.5652743400598136,GOOGL,reddit,7,29
2024-06-04,GME tendies printing 🍗🍗🍗,positive,0.8471038879641539,GME,reddit,78,48
2023-11-04,"BB puts printing, bears eating good tonight",negative,-0.5009195835202886,BB,reddit,65,35
2023-12-30,wife's boyfriend approved my SPY purchase,positive,0.6246680598366089,SPY,reddit,105,20
2024-02-23,NVDA tendies printing 🍗🍗🍗,positive,0.37251964635544504,NVDA,reddit,95,15
2024-04-17,"this is financial advice, buy PLTR",positive,0.8284958018632527,PLTR,reddit,53,7
2023-07-17,wife's boyfriend approved my GME purchase,positive,0.8649326882964223,GME,reddit,67,0
2023-08-31,"GOOGL squeeze incoming, shorts are fukd",positive,0.8100905364872661,GOOGL,reddit,116,3
2023-11-25,"positions: 100x META 500c 1/20, wish me luck retards",positive,0.8190235680695983,META,reddit,26,3
2023-02-19,if you're not buying AMZN rn you hate money,positive,0.5053505161751382,AMZN,reddit,221,8
2024-10-07,"META squeeze incoming, shorts are fukd",positive,0.6907920167705144,META,reddit,34,33
2024-08-26,MSFT tendies printing 🍗🍗🍗,positive,0.355176225811036,MSFT,reddit,90,3
2023-04-11,"positions: 100x BB 500c 1/20, wish me luck retards",positive,0.5890742909179445,BB,reddit,106,8
2023-04-02,"GUH moment on GME, RIP my portfolio",negative,-0.844480351445718,GME,reddit,14,37
2024-11-24,"positions: 100x BB 500c 1/20, wish me luck retards",positive,0.8016878197808266,BB,reddit,66,71
2024-07-21,wife's boyfriend approved my BB purchase,positive,0.39870798485232006,BB,reddit,271,26
2023-03-06,apes dont sell 💎🙌 SPY forever,positive,0.3277211094105924,SPY,reddit,119,5
2023-11-02,if you're not buying AAPL rn you hate money,positive,0.6155816740657079,AAPL,reddit,114,28
2023-01-23,"SPY puts printing, bears eating good tonight",negative,-0.8525689812144343,SPY,reddit,40,10
2024-02-16,"AAPL consolidating, waiting for breakout",neutral,0.06330171558989611,AAPL,reddit,279,4
2024-06-27,"NVDA puts printing, bears eating good tonight",negative,-0.6761742601555636,NVDA,reddit,168,59
2024-09-17,if you're not buying META rn you hate money,positive,0.7377410890922401,META,reddit,29,9
2023-07-15,"theta gang on META, selling covered calls",neutral,0.042628220110669135,META,reddit,110,68
2023-12-28,bull thesis on GME: trust me bro,positive,0.5722392933543794,GME,reddit,58,39
2024-01-18,wife's boyfriend approved my BB purchase,positive,0.5554433911801171,BB,reddit,36,30
2023-03-27,"TSLA rug pull, everyone got rekt",negative,-0.44390040050421137,TSLA,reddit,17,69
2024-07-28,"TSLA squeeze incoming, shorts are fukd",positive,0.35486109095396057,TSLA,reddit,33,3
2023-01-19,bull thesis on TSLA: trust me bro,positive,0.8897482461805053,TSLA,reddit,9,17
2024-02-06,"inverse WSB worked, sold AAPL at the top",negative,-0.8190251643844061,AAPL,reddit,90,172
2024-11-19,TSLA tendies printing 🍗🍗🍗,positive,0.6048246696637058,TSLA,reddit,12,5
2023-05-10,"theta gang on NVDA, selling covered calls",neutral,0.04435772414674735,NVDA,reddit,48,4
2024-03-15,"MSFT consolidating, waiting for breakout",neutral,0.012921283077755141,MSFT,reddit,208,6
2024-01-18,"theta gang on GME, selling covered calls",neutral,-0.17981516877882697,GME,reddit,15,7
2023-02-26,"PLTR consolidating, waiting for breakout",neutral,0.1798201713839555,PLTR,reddit,42,2
2024-11-02,if you're not buying AAPL rn you hate money,positive,0.8423607826802901,AAPL,reddit,299,1
2023-04-17,imagine buying GME at ATH lmaooo,negative,-0.41058306254680627,GME,reddit,0,14
2024-08-05,DD: Why AMZN is going to $1000 🚀,positive,0.5639734446463645,AMZN,reddit,42,76
2024-03-13,"GOOGL squeeze incoming, shorts are fukd",positive,0.645302153499343,GOOGL,reddit,167,7
2023-02-19,loss porn: down 90% on MSFT calls,negative,-0.483501723525056,MSFT,reddit,32,12
2024-03-08,"GUH moment on GME, RIP my portfolio",negative,-0.8529305700306932,GME,reddit,472,1
2023-06-10,bull thesis on GOOGL: trust me bro,positive,0.7757482483465102,GOOGL,reddit,2,1
2024-08-01,"inverse WSB worked, sold PLTR at the top",negative,-0.6841400845682466,PLTR,reddit,64,9
2024-01-17,"positions: 100x AMC 500c 1/20, wish me luck retards",positive,0.8395782981285531,AMC,reddit,428,11
2023-06-06,"theta gang on AMZN, selling covered calls",neutral,0.018560381208004795,AMZN,reddit,21,12
2024-09-07,bull thesis on BB: trust me bro,positive,0.6498430116065271,BB,reddit,72,19
2024-04-27,AMZN tendies printing 🍗🍗🍗,positive,0.41786070304067097,AMZN,reddit,64,16
2023-12-02,DD: Why TSLA is going to $1000 🚀,positive,0.6287233978041986,TSLA,reddit,43,8
2024-08-20,imagine buying SPY at ATH lmaooo,negative,-0.6079487190631372,SPY,reddit,37,71
2024-10-11,"this is financial advice, buy GOOGL",positive,0.6655126349819616,GOOGL,reddit,30,19
2023-03-15,apes dont sell 💎🙌 AAPL forever,positive,0.48405176501459246,AAPL,reddit,9,18
2023-06-25,imagine buying GME at ATH lmaooo,negative,-0.8269980090310002,GME,reddit,38,20
2023-10-05,imagine buying BB at ATH lmaooo,negative,-0.4552496220658175,BB,reddit,46,17
2024-01-20,DD: Why META is going to $1000 🚀,positive,0.7112179575454401,META,reddit,254,23
2024-05-23,loss porn: down 90% on GME calls,negative,-0.6295138358117596,GME,reddit,17,19
2024-02-08,"YOLO'd my life savings into PLTR calls, cant go tits up",positive,0.6410396927565605,PLTR,reddit,140,5
2024-08-16,"sold my PLTR bags, finally free",negative,-0.7307167191106787,PLTR,reddit,45,54
2024-07-21,paper trading PLTR before going in,neutral,-0.1725367467477138,PLTR,reddit,215,0
2023-08-22,"theta gang on AMC, selling covered calls",neutral,-0.18625859583252216,AMC,reddit,68,0
2023-03-27,"YOLO'd my life savings into AAPL calls, cant go tits up",positive,0.4839268217180981,AAPL,reddit,11,23
2024-08-20,loss porn: down 90% on AAPL calls,negative,-0.3231881605250103,AAPL,reddit,396,49
2023-09-29,"inverse WSB worked, sold NVDA at the top",negative,-0.6127190477415703,NVDA,reddit,87,17
2024-04-23,if you're not buying AAPL rn you hate money,positive,0.39665281915265793,AAPL,reddit,60,8
2024-08-10,"BB squeeze incoming, shorts are fukd",positive,0.6908961527919357,BB,reddit,245,10
2023-07-12,paper trading PLTR before going in,neutral,0.12836087219670017,PLTR,reddit,57,26
2024-04-07,"sold my GME bags, finally free",negative,-0.7687239229972659,GME,reddit,317,18
2024-07-31,"sold my NVDA bags, finally free",negative,-0.8475397559456481,NVDA,reddit,7,49
2023-07-27,if you're not buying BB rn you hate money,positive,0.6772229038657009,BB,reddit,400,2
2024-10-09,bull thesis on SPY: trust me bro,positive,0.7003106793571842,SPY,reddit,77,10
2023-02-19,if you're not buying GOOGL rn you hate money,positive,0.4855499713996978,GOOGL,reddit,5,9
2023-04-07,DD: Why AMC is going to $1000 🚀,positive,0.7747361765418184,AMC,reddit,33,6
2024-01-27,imagine buying AMZN at ATH lmaooo,negative,-0.4545974877675716,AMZN,reddit,146,80
2024-04-06,"sold my TSLA bags, finally free",negative,-0.8853290407309166,TSLA,reddit,50,16
2024-09-16,imagine buying BB at ATH lmaooo,negative,-0.37086574296603303,BB,reddit,49,26
2024-09-05,imagine buying NVDA at ATH lmaooo,negative,-0.6905879291109381,NVDA,reddit,103,30
2023-07-05,"MSFT puts printing, bears eating good tonight",negative,-0.5467836970879659,MSFT,reddit,33,6
2023-12-10,"this is financial advice, buy AAPL",positive,0.325638061978429,AAPL,reddit,88,6
2023-10-21,"SPY consolidating, waiting for breakout",neutral,-0.005813346055898144,SPY,reddit,152,9
2023-03-05,anyone got DD on AMC?,neutral,0.09221685028728388,AMC,reddit,61,28
2023-04-10,"TSLA consolidating, waiting for breakout",neutral,-0.01885668662057799,TSLA,reddit,36,6
2023-05-31,loss porn: down 90% on BB calls,negative,-0.540748985403258,BB,reddit,117,30
2023-09-09,paper trading NVDA before going in,neutral,0.1111961401490002,NVDA,reddit,38,14
2023-11-15,wife's boyfriend approved my TSLA purchase,positive,0.3708348056675113,TSLA,reddit,18,0
2023-12-08,wife's boyfriend approved my PLTR purchase,positive,0.7179425907594152,PLTR,reddit,16,7
2023-12-07,"GME squeeze incoming, shorts are fukd",positive,0.348149833681096,GME,reddit,40,0
2024-11-07,apes dont sell 💎🙌 AMZN forever,positive,0.8102206571960386,AMZN,reddit,307,37
2024-03-20,anyone got DD on PLTR?,neutral,-0.11644719969460314,PLTR,reddit,27,24
2024-03-21,"positions: 100x AAPL 500c 1/20, wish me luck retards",positive,0.43168254014688723,AAPL,reddit,25,5
2024-05-11,GOOGL tendies printing 🍗🍗🍗,positive,0.6112211992577827,GOOGL,reddit,53,57
2023-12-24,"BB puts printing, bears eating good tonight",negative,-0.4090773542939508,BB,reddit,241,35
2024-05-10,"TSLA puts printing, bears eating good tonight",negative,-0.35127106851264345,TSLA,reddit,61,51
2024-08-28,loss porn: down 90% on SPY calls,negative,-0.3159968684153397,SPY,reddit,266,5
2024-07-22,"positions: 100x AMZN 500c 1/20, wish me luck retards",positive,0.5944058761094221,AMZN,reddit,21,1
2023-12-05,PLTR IV too high for options rn,neutral,0.07907090245542925,PLTR,reddit,5,5
2024-05-16,"inverse WSB worked, sold SPY at the top",negative,-0.5462110646140184,SPY,reddit,137,2
2023-09-05,wife's boyfriend approved my AMZN purchase,positive,0.5414901791669415,AMZN,reddit,44,27
2023-09-30,wife's boyfriend approved my AAPL purchase,positive,0.4873319832701347,AAPL,reddit,45,19
2023-10-23,"GME puts printing, bears eating good tonight",negative,-0.7620265648602684,GME,reddit,86,27
2024-11-16,if you're not buying SPY rn you hate money,positive,0.8109146428364604,SPY,reddit,7,7
2023-02-06,NVDA tendies printing 🍗🍗🍗,positive,0.369615323785749,NVDA,reddit,20,9
2024-11-11,"GUH moment on NVDA, RIP my portfolio",negative,-0.4575851763147596,NVDA,reddit,31,9
2023-04-23,anyone got DD on AAPL?,neutral,0.1748155056287224,AAPL,reddit,8,9
2024-05-28,"theta gang on META, selling covered calls",neutral,-0.1721669788821555,META,reddit,30,7
2024-07-04,"sold my BB bags, finally free",negative,-0.6038830822227544,BB,reddit,118,2
2024-05-01,"YOLO'd my life savings into GME calls, cant go tits up",positive,0.6514687341558704,GME,reddit,43,6
2024-05-21,imagine buying AMZN at ATH lmaooo,negative,-0.6127734988230275,AMZN,reddit,144,61
2023-06-29,META IV too high for options rn,neutral,-0.05433810066826905,META,reddit,466,7
2023-11-27,what's the play on PLTR?,neutral,-0.1577477549874675,PLTR,reddit,49,25
2024-10-30,"YOLO'd my life savings into META calls, cant go tits up",positive,0.4670614600534635,META,reddit,61,5
2023-11-05,"YOLO'd my life savings into META calls, cant go tits up",positive,0.5153935347434773,META,reddit,160,3
2023-05-06,"sold my GME bags, finally free",negative,-0.7289209615644265,GME,reddit,27,10
2023-07-07,"GOOGL consolidating, waiting for breakout",neutral,-0.024847197705864132,GOOGL,reddit,0,1
2024-07-23,loss porn: down 90% on META calls,negative,-0.35367588793227334,META,reddit,96,12
2024-04-01,"AMC rug pull, everyone got rekt",negative,-0.43165216802376954,AMC,reddit,39,40
2024-01-07,"YOLO'd my life savings into MSFT calls, cant go tits up",positive,0.48195424708733847,MSFT,reddit,47,9
2023-09-30,what's the play on TSLA?,neutral,-0.07656532926933474,TSLA,reddit,15,20
2023-08-29,AMC IV too high for options rn,neutral,-0.011988503507199683,AMC,reddit,53,5
2024-04-10,"theta gang on AMZN, selling covered calls",neutral,0.12584082596514956,AMZN,reddit,57,27
2023-11-03,"inverse WSB worked, sold SPY at the top",negative,-0.5952208332043534,SPY,reddit,5,8
2023-03-18,paper trading AMC before going in,neutral,-0.101067406686348,AMC,reddit,19,2
2024-08-20,"sold my SPY bags, finally free",negative,-0.5170569529704998,SPY,reddit,67,90
2023-12-19,"META rug pull, everyone got rekt",negative,-0.8649114880527131,META,reddit,113,1
2023-07-13,wife's boyfriend approved my MSFT purchase,positive,0.8608846039808893,MSFT,reddit,143,5
2023-11-13,what's the play on AMZN?,neutral,0.09813176149388914,AMZN,reddit,56,22
2023-02-07,"positions: 100x AAPL 500c 1/20, wish me luck retards",positive,0.7042630611397777,AAPL,reddit,91,13
2024-09-19,wife's boyfriend approved my NVDA purchase,positive,0.553800874616251,NVDA,reddit,64,6
2024-10-26,anyone got DD on TSLA?,neutral,0.039910843520246264,TSLA,reddit,31,4
2024-09-02,"this is financial advice, buy TSLA",positive,0.7098179791402306,TSLA,reddit,125,88
2024-09-05,"theta gang on GME, selling covered calls",neutral,0.13176088317799578,GME,reddit,127,27
2024-02-10,if you're not buying AMC rn you hate money,positive,0.3104859145274392,AMC,reddit,10,13
2023-07-08,"GUH moment on NVDA, RIP my portfolio",negative,-0.3128266858824639,NVDA,reddit,363,3
2024-10-18,"positions: 100x PLTR 500c 1/20, wish me luck retards",positive,0.8794064924277389,PLTR,reddit,368,3
2023-08-07,wife's boyfriend approved my GOOGL purchase,positive,0.49496771304596887,GOOGL,reddit,138,18
2024-08-10,imagine buying AMZN at ATH lmaooo,negative,-0.8335494087549693,AMZN,reddit,44,1
2024-03-14,"this is financial advice, buy GME",positive,0.8231142753283831,GME,reddit,52,9
2023-10-23,if you're not buying AMZN rn you hate money,positive,0.31799462510393656,AMZN,reddit,27,12
2024-08-19,"AMZN squeeze incoming, shorts are fukd",positive,0.40633940725762957,AMZN,reddit,84,16
2024-03-07,paper trading AAPL before going in,neutral,-0.05064089252876039,AAPL,reddit,191,9
2024-01-26,"PLTR consolidating, waiting for breakout",neutral,0.049091181836358994,PLTR,reddit,36,12
2024-06-15,"sold my PLTR bags, finally free",negative,-0.8024309037185832,PLTR,reddit,249,4
2024-01-07,what's the play on AAPL?,neutral,0.034593084546132497,AAPL,reddit,11,16
2023-11-12,"GOOGL consolidating, waiting for breakout",neutral,0.061645194905805334,GOOGL,reddit,165,9
2023-08-13,PLTR tendies printing 🍗🍗🍗,positive,0.5286720523640935,PLTR,reddit,136,0
2023-09-14,anyone got DD on GME?,neutral,0.0685403206759172,GME,reddit,142,30
2023-01-20,AAPL tendies printing 🍗🍗🍗,positive,0.5648803044207422,AAPL,reddit,18,9
2023-09-04,"AMZN squeeze incoming, shorts are fukd",positive,0.5052904914091471,AMZN,reddit,2,6
2023-06-24,what's the play on SPY?,neutral,-0.002558150737112186,SPY,reddit,81,4
2023-01-07,"SPY consolidating, waiting for breakout",neutral,-0.00025708094429727213,SPY,reddit,186,17
2023-04-13,"sold my GME bags, finally free",negative,-0.5340326476278865,GME,reddit,45,14
2023-11-06,imagine buying AMC at ATH lmaooo,negative,-0.8314785509318083,AMC,reddit,22,15
2024-03-30,what's the play on TSLA?,neutral,0.13849496790986315,TSLA,reddit,66,0
2024-09-14,META IV too high for options rn,neutral,0.09067148671362879,META,reddit,26,3
2024-09-28,loss porn: down 90% on PLTR calls,negative,-0.4846718983747244,PLTR,reddit,94,11
2024-03-09,"YOLO'd my life savings into MSFT calls, cant go tits up",positive,0.8702817899021837,MSFT,reddit,214,21
2024-08-08,bull thesis on BB: trust me bro,positive,0.8215978168974218,BB,reddit,91,3
2023-07-15,"MSFT squeeze incoming, shorts are fukd",positive,0.8860025516013439,MSFT,reddit,205,56
2024-09-14,"SPY squeeze incoming, shorts are fukd",positive,0.675956595517204,SPY,reddit,29,25
2024-08-30,"theta gang on AMZN, selling covered calls",neutral,-0.15183829175405283,AMZN,reddit,3,5
2023-12-04,"AAPL squeeze incoming, shorts are fukd",positive,0.337607088217247,AAPL,reddit,51,2
2024-08-03,loss porn: down 90% on PLTR calls,negative,-0.32962410830513167,PLTR,reddit,103,56
2023-11-29,imagine buying META at ATH lmaooo,negative,-0.798993491492521,META,reddit,76,2
2024-05-05,bull thesis on GME: trust me bro,positive,0.5955425387855586,GME,reddit,312,26
2024-10-25,paper trading MSFT before going in,neutral,0.1163513514664049,MSFT,reddit,185,8
2023-03-07,GOOGL tendies printing 🍗🍗🍗,positive,0.4114502920254705,GOOGL,reddit,124,11
2023-06-10,"sold my GOOGL bags, finally free",negative,-0.6030535509494841,GOOGL,reddit,4,22
2023-12-07,GME tendies printing 🍗🍗🍗,positive,0.4847341588470398,GME,reddit,52,66
2023-08-18,"YOLO'd my life savings into NVDA calls, cant go tits up",positive,0.7610191739955039,NVDA,reddit,89,19
2024-08-20,"BB rug pull, everyone got rekt",negative,-0.6487680503344757,BB,reddit,64,26
2023-12-05,DD: Why SPY is going to $1000 🚀,positive,0.3533898385035255,SPY,reddit,23,31
2024-07-15,anyone got DD on MSFT?,neutral,-0.12282890718813118,MSFT,reddit,274,12
2024-06-24,"positions: 100x GME 500c 1/20, wish me luck retards",positive,0.652337683051138,GME,reddit,59,2
2023-04-21,paper trading GME before going in,neutral,0.04036053833194769,GME,reddit,3,0
2024-10-07,"BB rug pull, everyone got rekt",negative,-0.6599811852716017,BB,reddit,30,3
2023-03-01,imagine buying MSFT at ATH lmaooo,negative,-0.34330298897234646,MSFT,reddit,91,35
2024-10-16,DD: Why AMZN is going to $1000 🚀,positive,0.6508301821642137,AMZN,reddit,242,7
2024-01-01,if you're not buying GOOGL rn you hate money,positive,0.41123527478712224,GOOGL,reddit,93,12
2023-01-03,DD: Why MSFT is going to $1000 🚀,positive,0.6126600333820952,MSFT,reddit,184,0
2023-05-22,wife's boyfriend approved my PLTR purchase,positive,0.6834181889457761,PLTR,reddit,11,32
2024-09-26,"GUH moment on AMC, RIP my portfolio",negative,-0.6078265224540518,AMC,reddit,33,0
2023-03-04,anyone got DD on AMZN?,neutral,0.1121668880369267,AMZN,reddit,27,8
2023-12-21,"positions: 100x TSLA 500c 1/20, wish me luck retards",positive,0.40863684475687256,TSLA,reddit,38,33
2024-07-08,apes dont sell 💎🙌 NVDA forever,positive,0.48965257564340314,NVDA,reddit,2,56
2024-07-15,imagine buying GME at ATH lmaooo,negative,-0.7219979903494484,GME,reddit,3,2
2023-04-29,AAPL tendies printing 🍗🍗🍗,positive,0.3028660797108506,AAPL,reddit,5,2
2024-07-31,bull thesis on GME: trust me bro,positive,0.4957100410993931,GME,reddit,62,31
2023-05-07,"TSLA going to $0, get out while you can",negative,-0.7868146392189908,TSLA,reddit,112,29
2024-05-08,"theta gang on GME, selling covered calls",neutral,0.02879324089533225,GME,reddit,103,28
2023-12-11,"positions: 100x NVDA 500c 1/20, wish me luck retards",positive,0.655404037331311,NVDA,reddit,92,1
2024-09-15,what's the play on MSFT?,neutral,-0.1597657699326076,MSFT,reddit,29,19
2024-02-08,apes dont sell 💎🙌 META forever,positive,0.678493733691112,META,reddit,28,8
2024-07-24,"positions: 100x META 500c 1/20, wish me luck retards",positive,0.7964585583352215,META,reddit,8,22
2023-08-07,"MSFT going to $0, get out while you can",negative,-0.36715449927443233,MSFT,reddit,65,14
2023-09-02,bull thesis on PLTR: trust me bro,positive,0.890201102053451,PLTR,reddit,20,29
2023-01-01,"MSFT consolidating, waiting for breakout",neutral,-0.01912172628416986,MSFT,reddit,13,6
2024-04-04,"MSFT puts printing, bears eating good tonight",negative,-0.8086353393153792,MSFT,reddit,244,9
2023-06-26,"PLTR rug pull, everyone got rekt",negative,-0.5061339102406255,PLTR,reddit,90,28
2023-03-19,what's the play on NVDA?,neutral,-0.05738968461921107,NVDA,reddit,24,2
2023-01-01,TSLA IV too high for options rn,neutral,0.11012670013205217,TSLA,reddit,59,1
2024-02-23,imagine buying MSFT at ATH lmaooo,negative,-0.7457491963380398,MSFT,reddit,1,2
2023-04-28,wife's boyfriend approved my SPY purchase,positive,0.5955274031163904,SPY,reddit,104,7
2023-04-14,"inverse WSB worked, sold MSFT at the top",negative,-0.7809331795345547,MSFT,reddit,62,2
2024-10-15,anyone got DD on PLTR?,neutral,-0.011056101992917261,PLTR,reddit,158,34
2023-01-08,paper trading SPY before going in,neutral,-0.17553501432833746,SPY,reddit,16,93
2023-05-21,bull thesis on SPY: trust me bro,positive,0.5111396320708248,SPY,reddit,116,6
2024-02-15,"GOOGL going to $0, get out while you can",negative,-0.8779994637161264,GOOGL,reddit,53,27
2024-05-12,"theta gang on AMZN, selling covered calls",neutral,0.07775053472889876,AMZN,reddit,230,26
2023-09-05,bull thesis on AMZN: trust me bro,positive,0.4166453403087089,AMZN,reddit,12,0
2024-11-02,"inverse WSB worked, sold AMC at the top",negative,-0.8296386469272099,AMC,reddit,76,12
2024-05-17,"SPY rug pull, everyone got rekt",negative,-0.3832535173372851,SPY,reddit,95,47
2023-10-20,DD: Why GOOGL is going to $1000 🚀,positive,0.5298834740981694,GOOGL,reddit,129,19
2024-03-02,"AMZN puts printing, bears eating good tonight",negative,-0.43509117969118716,AMZN,reddit,19,20
2023-11-23,"positions: 100x SPY 500c 1/20, wish me luck retards",positive,0.4253979166959033,SPY,reddit,230,2
2024-10-02,TSLA IV too high for options rn,neutral,0.1735376731011976,TSLA,reddit,191,6
2023-04-20,"META going to $0, get out while you can",negative,-0.3558913923038771,META,reddit,85,32
2024-07-29,"inverse WSB worked, sold TSLA at the top",negative,-0.6709870899911144,TSLA,reddit,135,3
2024-02-18,what's the play on MSFT?,neutral,-0.10217044202878318,MSFT,reddit,26,62
2023-03-21,what's the play on BB?,neutral,0.07460894868532841,BB,reddit,40,5
2024-03-31,loss porn: down 90% on AAPL calls,negative,-0.8110326432296218,AAPL,reddit,27,1
2024-05-19,"theta gang on SPY, selling covered calls",neutral,-0.037087018597685095,SPY,reddit,14,4
2024-06-27,"inverse WSB worked, sold PLTR at the top",negative,-0.5471779280488624,PLTR,reddit,116,30
2024-07-03,paper trading NVDA before going in,neutral,-0.06278028641099018,NVDA,reddit,73,11
2023-12-22,PLTR tendies printing 🍗🍗🍗,positive,0.4593190638578285,PLTR,reddit,37,9
2024-01-12,"this is financial advice, buy AMC",positive,0.3109380506003114,AMC,reddit,45,8
2023-05-27,wife's boyfriend approved my SPY purchase,positive,0.659678943482342,SPY,reddit,93,18
2023-09-18,"positions: 100x AMZN 500c 1/20, wish me luck retards",positive,0.3544812138310665,AMZN,reddit,64,32
2023-08-29,"YOLO'd my life savings into AAPL calls, cant go tits up",positive,0.6921791186902332,AAPL,reddit,61,50
2023-07-10,"YOLO'd my life savings into BB calls, cant go tits up",positive,0.7875573227894144,BB,reddit,0,18
2024-07-10,"META going to $0, get out while you can",negative,-0.5668595919873103,META,reddit,250,9
2024-03-24,"AAPL squeeze incoming, shorts are fukd",positive,0.7932020613092987,AAPL,reddit,149,0
2024-06-16,paper trading NVDA before going in,neutral,0.01721181959438786,NVDA,reddit,64,15
2024-05-16,loss porn: down 90% on AMC calls,negative,-0.7047433783144974,AMC,reddit,36,68
2024-08-08,if you're not buying META rn you hate money,positive,0.5174395780918535,META,reddit,67,19
2023-03-22,"positions: 100x GOOGL 500c 1/20, wish me luck retards",positive,0.7521073655510973,GOOGL,reddit,511,17
2024-06-22,bull thesis on GME: trust me bro,positive,0.5853508802394417,GME,reddit,39,8
2023-02-02,TSLA tendies printing 🍗🍗🍗,positive,0.33036042127632037,TSLA,reddit,28,6
2023-03-20,"TSLA puts printing, bears eating good tonight",negative,-0.4547832111825772,TSLA,reddit,61,24
2023-10-11,"AMZN rug pull, everyone got rekt",negative,-0.8811623551557282,AMZN,reddit,66,21
2024-01-29,"GUH moment on GOOGL, RIP my portfolio",negative,-0.8059749953339357,GOOGL,reddit,69,15
2024-03-18,"AAPL squeeze incoming, shorts are fukd",positive,0.6658988076155239,AAPL,reddit,350,17
2023-08-30,"theta gang on GME, selling covered calls",neutral,0.17123399629256597,GME,reddit,90,1
2023-03-27,DD: Why AAPL is going to $1000 🚀,positive,0.5377125435646172,AAPL,reddit,30,0
2023-10-30,imagine buying META at ATH lmaooo,negative,-0.8142290405303347,META,reddit,2,15
2023-10-16,loss porn: down 90% on AAPL calls,negative,-0.49164715017925625,AAPL,reddit,43,5
2023-12-01,"BB squeeze incoming, shorts are fukd",positive,0.4433117128382059,BB,reddit,102,11
2024-09-14,apes dont sell 💎🙌 AMZN forever,positive,0.3390730881496008,AMZN,reddit,149,6
2024-09-25,paper trading BB before going in,neutral,0.18750405591502695,BB,reddit,60,0
2023-05-04,loss porn: down 90% on BB calls,negative,-0.42511029097797326,BB,reddit,32,14
2023-02-21,"META going to $0, get out while you can",negative,-0.3019148829973841,META,reddit,98,9
2024-03-25,DD: Why AMZN is going to $1000 🚀,positive,0.8946883458646042,AMZN,reddit,421,19
2024-06-24,wife's boyfriend approved my SPY purchase,positive,0.5514754499023296,SPY,reddit,268,55
2024-02-15,"positions: 100x AMZN 500c 1/20, wish me luck retards",positive,0.5992223572142363,AMZN,reddit,99,10
2023-08-27,"this is financial advice, buy GME",positive,0.5116679536895609,GME,reddit,457,0
2023-07-14,"BB consolidating, waiting for breakout",neutral,0.02074096986365817,BB,reddit,22,0
2023-04-24,"this is financial advice, buy PLTR",positive,0.8609503833904164,PLTR,reddit,19,0
2023-12-23,wife's boyfriend approved my MSFT purchase,positive,0.7595691767987753,MSFT,reddit,63,42
2023-01-19,wife's boyfriend approved my BB purchase,positive,0.7302138387621347,BB,reddit,66,76
2023-09-07,wife's boyfriend approved my SPY purchase,positive,0.659841312002049,SPY,reddit,216,52
2023-01-20,imagine buying AMC at ATH lmaooo,negative,-0.36089033301381057,AMC,reddit,16,4
2024-11-13,"TSLA rug pull, everyone got rekt",negative,-0.3917344368809045,TSLA,reddit,5,31
2023-01-30,"sold my GOOGL bags, finally free",negative,-0.33807528261011366,GOOGL,reddit,107,8
2023-11-08,"YOLO'd my life savings into TSLA calls, cant go tits up",positive,0.4456483644314503,TSLA,reddit,10,57
2023-09-24,"AMZN rug pull, everyone got rekt",negative,-0.7792128987680965,AMZN,reddit,34,36
2024-06-09,"GME squeeze incoming, shorts are fukd",positive,0.8699715155165793,GME,reddit,134,36
2024-07-22,"PLTR squeeze incoming, shorts are fukd",positive,0.4561339044697673,PLTR,reddit,251,0
2023-12-15,bull thesis on META: trust me bro,positive,0.49201109278434096,META,reddit,167,38
2023-09-23,paper trading AMZN before going in,neutral,0.10394186539540257,AMZN,reddit,35,19
2023-08-06,"NVDA rug pull, everyone got rekt",negative,-0.5922602609836918,NVDA,reddit,92,3
2023-03-24,"PLTR consolidating, waiting for breakout",neutral,0.1278299520356242,PLTR,reddit,43,3
2023-01-24,paper trading PLTR before going in,neutral,0.13253845915071022,PLTR,reddit,148,9
2024-11-22,"GUH moment on BB, RIP my portfolio",negative,-0.8353465604027581,BB,reddit,144,12
2024-03-24,DD: Why GME is going to $1000 🚀,positive,0.5977426480436956,GME,reddit,26,24
2023-11-04,apes dont sell 💎🙌 BB forever,positive,0.6417069848712007,BB,reddit,304,7
2023-10-15,"sold my SPY bags, finally free",negative,-0.7937822210009308,SPY,reddit,92,52
2023-10-12,"NVDA puts printing, bears eating good tonight",negative,-0.8908639272280291,NVDA,reddit,135,9
2024-06-04,anyone got DD on GME?,neutral,-0.14848516106865972,GME,reddit,8,17
2023-08-03,"NVDA going to $0, get out while you can",negative,-0.5089001117864853,NVDA,reddit,48,8
2024-10-04,loss porn: down 90% on GME calls,negative,-0.3801634173009665,GME,reddit,133,12
2023-10-30,"this is financial advice, buy PLTR",positive,0.5336148216129453,PLTR,reddit,83,33
2024-07-07,what's the play on TSLA?,neutral,-0.15500658654168223,TSLA,reddit,5,4
2023-09-16,"positions: 100x PLTR 500c 1/20, wish me luck retards",positive,0.8651766980255848,PLTR,reddit,86,23
2024-06-01,"GUH moment on AMC, RIP my portfolio",negative,-0.846042070017799,AMC,reddit,266,42
2024-10-24,"positions: 100x META 500c 1/20, wish me luck retards",positive,0.6067194181653424,META,reddit,16,20
2023-01-07,anyone got DD on GOOGL?,neutral,0.10533893883278184,GOOGL,reddit,45,6
2024-01-24,NVDA tendies printing 🍗🍗🍗,positive,0.8458667129076829,NVDA,reddit,29,15
2023-11-15,"BB consolidating, waiting for breakout",neutral,0.05234656832407886,BB,reddit,38,18
2023-02-08,imagine buying MSFT at ATH lmaooo,negative,-0.8139308644141614,MSFT,reddit,77,94
2024-09-08,"BB squeeze incoming, shorts are fukd",positive,0.5150383365953999,BB,reddit,207,8
2023-04-26,"sold my AMC bags, finally free",negative,-0.581061529639247,AMC,reddit,29,14
2023-03-01,"GUH moment on SPY, RIP my portfolio",negative,-0.5127203442156594,SPY,reddit,2,0
2023-04-16,"positions: 100x AMC 500c 1/20, wish me luck retards",positive,0.4050527589017164,AMC,reddit,349,1
2023-07-14,wife's boyfriend approved my GOOGL purchase,positive,0.8574836335721072,GOOGL,reddit,22,6
2023-02-13,"YOLO'd my life savings into SPY calls, cant go tits up",positive,0.4774192125095855,SPY,reddit,154,17
2024-03-01,"sold my AMC bags, finally free",negative,-0.8318880696648933,AMC,reddit,322,0
2023-07-20,NVDA tendies printing 🍗🍗🍗,positive,0.6994045873107876,NVDA,reddit,41,7
2023-08-26,bull thesis on BB: trust me bro,positive,0.7357064720634661,BB,reddit,177,8
2023-03-18,"AAPL going to $0, get out while you can",negative,-0.32036453496773654,AAPL,reddit,3,12
2023-04-20,wife's boyfriend approved my MSFT purchase,positive,0.47626400493588444,MSFT,reddit,25,22
2024-10-15,bull thesis on SPY: trust me bro,positive,0.676300114228489,SPY,reddit,12,16
2023-06-21,"sold my AAPL bags, finally free",negative,-0.6264301809697786,AAPL,reddit,97,1
2023-05-30,"sold my NVDA bags, finally free",negative,-0.7343118110221394,NVDA,reddit,33,1
2023-12-21,wife's boyfriend approved my MSFT purchase,positive,0.7109546179960753,MSFT,reddit,75,8
2024-03-07,NVDA IV too high for options rn,neutral,-0.13978847725208043,NVDA,reddit,257,4
2024-05-29,bull thesis on BB: trust me bro,positive,0.5611160371565603,BB,reddit,108,2
2023-05-04,"positions: 100x BB 500c 1/20, wish me luck retards",positive,0.8159596134159319,BB,reddit,184,12
2023-04-02,"inverse WSB worked, sold GME at the top",negative,-0.8210394044679916,GME,reddit,84,8
2023-03-27,paper trading PLTR before going in,neutral,0.11200345086445307,PLTR,reddit,161,3
2023-02-22,"this is financial advice, buy AMZN",positive,0.8510922805162562,AMZN,reddit,240,10
2023-01-12,"GUH moment on GME, RIP my portfolio",negative,-0.4193979461292976,GME,reddit,123,21
2023-02-27,"MSFT rug pull, everyone got rekt",negative,-0.7864073212809971,MSFT,reddit,28,12
2023-12-27,"this is financial advice, buy BB",positive,0.8264277201772969,BB,reddit,191,24
2024-11-07,if you're not buying GME rn you hate money,positive,0.4024541609260086,GME,reddit,117,21
2024-10-26,AMZN tendies printing 🍗🍗🍗,positive,0.5273241908122844,AMZN,reddit,97,6
2024-04-06,bull thesis on TSLA: trust me bro,positive,0.3087044684179035,TSLA,reddit,70,74
2023-09-13,"inverse WSB worked, sold META at the top",negative,-0.6091543898253683,META,reddit,30,20
2024-06-24,AMZN tendies printing 🍗🍗🍗,positive,0.6429050392944444,AMZN,reddit,28,10
2024-11-05,"inverse WSB worked, sold MSFT at the top",negative,-0.7523969838033104,MSFT,reddit,36,8
2024-07-03,"GOOGL squeeze incoming, shorts are fukd",positive,0.7193495624689079,GOOGL,reddit,54,49
2024-09-17,loss porn: down 90% on META calls,negative,-0.8055715470225875,META,reddit,18,4
2023-01-01,"AMC going to $0, get out while you can",negative,-0.4181599284183926,AMC,reddit,21,6
2024-04-06,wife's boyfriend approved my META purchase,positive,0.40770929810037665,META,reddit,1,107
2024-02-06,if you're not buying BB rn you hate money,positive,0.4528719682038141,BB,reddit,54,43
2024-11-05,"sold my META bags, finally free",negative,-0.6063787490897892,META,reddit,11,30
2024-05-19,"AMC squeeze incoming, shorts are fukd",positive,0.4864073974481531,AMC,reddit,270,17
2024-06-09,"AMC squeeze incoming, shorts are fukd",positive,0.4723865957325982,AMC,reddit,23,92
2023-03-06,loss porn: down 90% on TSLA calls,negative,-0.8201324975145275,TSLA,reddit,27,37
2024-06-12,"META squeeze incoming, shorts are fukd",positive,0.5640462225517191,META,reddit,190,12
2024-05-01,"positions: 100x GOOGL 500c 1/20, wish me luck retards",positive,0.6455994726785024,GOOGL,reddit,76,15
2023-11-29,"GME rug pull, everyone got rekt",negative,-0.6457725141848041,GME,reddit,79,4
2023-12-16,paper trading SPY before going in,neutral,0.18917360470035782,SPY,reddit,352,9
2023-08-01,"BB rug pull, everyone got rekt",negative,-0.40454361853384163,BB,reddit,34,33
2023-09-04,if you're not buying META rn you hate money,positive,0.7890846242583794,META,reddit,113,13
2023-10-15,"theta gang on AMZN, selling covered calls",neutral,0.1491210246519173,AMZN,reddit,68,4
2023-04-11,paper trading AAPL before going in,neutral,0.03312031534194154,AAPL,reddit,241,3
2023-04-21,"BB puts printing, bears eating good tonight",negative,-0.6064778668552993,BB,reddit,298,16
2023-08-30,bull thesis on AMZN: trust me bro,positive,0.5988688513007899,AMZN,reddit,7,77
2024-10-22,loss porn: down 90% on AMC calls,negative,-0.3692856203194891,AMC,reddit,134,12
2024-09-10,"SPY consolidating, waiting for breakout",neutral,0.1920373714891318,SPY,reddit,242,2
2023-03-30,TSLA IV too high for options rn,neutral,-0.14841114961315527,TSLA,reddit,3,21
2023-06-03,"this is financial advice, buy GOOGL",positive,0.6132754642028418,GOOGL,reddit,55,20
2023-10-18,paper trading TSLA before going in,neutral,0.12228783184019804,TSLA,reddit,5,15
2024-01-22,MSFT IV too high for options rn,neutral,0.09894553730768407,MSFT,reddit,218,11
2023-07-15,"theta gang on GME, selling covered calls",neutral,-0.08835192257346658,GME,reddit,144,15
2024-05-30,"PLTR squeeze incoming, shorts are fukd",positive,0.7371065669111505,PLTR,reddit,216,15
2023-06-28,"GUH moment on AMC, RIP my portfolio",negative,-0.6325961137179685,AMC,reddit,45,52
2023-09-12,wife's boyfriend approved my AMC purchase,positive,0.38449408784205336,AMC,reddit,91,28
2024-01-05,imagine buying TSLA at ATH lmaooo,negative,-0.597198824031022,TSLA,reddit,63,52
2023-06-04,"GOOGL consolidating, waiting for breakout",neutral,-0.1959163868669207,GOOGL,reddit,46,18
2024-07-13,GME IV too high for options rn,neutral,-0.17285637689793623,GME,reddit,79,2
2024-08-13,paper trading AAPL before going in,neutral,-0.09047914734796128,AAPL,reddit,32,126
2024-01-05,"inverse WSB worked, sold PLTR at the top",negative,-0.6116495687512182,PLTR,reddit,9,3
2024-08-30,"GUH moment on AMC, RIP my portfolio",negative,-0.43159808690830526,AMC,reddit,83,129
2024-05-07,"this is financial advice, buy MSFT",positive,0.34287224092005625,MSFT,reddit,5,27
2024-05-20,wife's boyfriend approved my GME purchase,positive,0.7283692968045075,GME,reddit,20,33
2024-09-09,"theta gang on PLTR, selling covered calls",neutral,-0.1406251831049702,PLTR,reddit,58,0
2023-09-01,what's the play on BB?,neutral,-0.1042608033591888,BB,reddit,49,0
2023-09-01,"AAPL puts printing, bears eating good tonight",negative,-0.47825296983373683,AAPL,reddit,86,6
2023-11-25,DD: Why AMC is going to $1000 🚀,positive,0.7248366058490694,AMC,reddit,20,71
2024-09-09,"NVDA puts printing, bears eating good tonight",negative,-0.8914996713503177,NVDA,reddit,88,0
2023-05-12,wife's boyfriend approved my META purchase,positive,0.8813319407170241,META,reddit,67,37
2023-07-25,imagine buying AMC at ATH lmaooo,negative,-0.3861434702077512,AMC,reddit,33,19
2024-03-09,MSFT tendies printing 🍗🍗🍗,positive,0.8834763805059858,MSFT,reddit,44,1
2023-05-27,"YOLO'd my life savings into GOOGL calls, cant go tits up",positive,0.6949385213091075,GOOGL,reddit,250,11
2023-05-06,what's the play on SPY?,neutral,-0.11375694474144869,SPY,reddit,116,3
2023-02-03,apes dont sell 💎🙌 AMC forever,positive,0.730706318496636,AMC,reddit,56,29
2023-08-21,paper trading AMC before going in,neutral,0.1614784429324057,AMC,reddit,3,0
2023-01-06,"YOLO'd my life savings into BB calls, cant go tits up",positive,0.4709557576942714,BB,reddit,59,13
2024-02-17,apes dont sell 💎🙌 NVDA forever,positive,0.6664612664110044,NVDA,reddit,53,22
2023-04-26,wife's boyfriend approved my AMZN purchase,positive,0.602848081253111,AMZN,reddit,27,8
2024-01-06,if you're not buying GOOGL rn you hate money,positive,0.4103701979308937,GOOGL,reddit,23,37
2024-07-27,GME IV too high for options rn,neutral,0.1924385024808848,GME,reddit,18,11
2023-02-10,if you're not buying NVDA rn you hate money,positive,0.32908451214182066,NVDA,reddit,148,66
2023-09-02,DD: Why GOOGL is going to $1000 🚀,positive,0.7959374870752907,GOOGL,reddit,7,29
2024-01-19,what's the play on SPY?,neutral,0.029590988653926786,SPY,reddit,11,6
2024-05-25,"this is financial advice, buy AMZN",positive,0.553971477885289,AMZN,reddit,13,15
2023-08-04,anyone got DD on META?,neutral,-0.06432858933516658,META,reddit,75,25
2023-05-19,imagine buying SPY at ATH lmaooo,negative,-0.5287057133790807,SPY,reddit,24,30
2023-06-05,loss porn: down 90% on GME calls,negative,-0.6729220375218024,GME,reddit,206,11
2024-11-17,"theta gang on BB, selling covered calls",neutral,-0.11941306316210794,BB,reddit,68,0
2023-04-07,DD: Why AMC is going to $1000 🚀,positive,0.7760687987196011,AMC,reddit,7,40
2024-04-29,"this is financial advice, buy META",positive,0.38559500134059443,META,reddit,15,10
2023-05-07,"BB rug pull, everyone got rekt",negative,-0.7776261432331265,BB,reddit,108,51
2023-03-03,"META rug pull, everyone got rekt",negative,-0.8981845397094725,META,reddit,60,26
2023-12-01,"this is financial advice, buy AMZN",positive,0.5634723211012663,AMZN,reddit,50,34
2024-05-06,wife's boyfriend approved my META purchase,positive,0.48310284336737963,META,reddit,146,17
2023-02-23,"TSLA rug pull, everyone got rekt",negative,-0.4534998624361206,TSLA,reddit,10,82
2023-02-23,if you're not buying TSLA rn you hate money,positive,0.742478493141203,TSLA,reddit,75,28
2023-03-02,apes dont sell 💎🙌 TSLA forever,positive,0.6540126772255896,TSLA,reddit,14,3
2023-09-21,"BB puts printing, bears eating good tonight",negative,-0.7104104446077161,BB,reddit,44,1
2023-06-07,"GUH moment on AMZN, RIP my portfolio",negative,-0.7092125534666746,AMZN,reddit,114,6
2023-12-19,DD: Why META is going to $1000 🚀,positive,0.7963764547320915,META,reddit,14,21
2024-09-05,paper trading GOOGL before going in,neutral,-0.06795438249629965,GOOGL,reddit,121,4
2023-04-15,wife's boyfriend approved my NVDA purchase,positive,0.8787433675932219,NVDA,reddit,19,0
2023-06-18,paper trading NVDA before going in,neutral,0.16932478606009338,NVDA,reddit,545,37
2024-11-06,DD: Why SPY is going to $1000 🚀,positive,0.4053884688837448,SPY,reddit,84,1
2024-06-07,paper trading META before going in,neutral,0.04763218238497133,META,reddit,9,25
2023-11-26,GME tendies printing 🍗🍗🍗,positive,0.8928207073225229,GME,reddit,48,28
2024-03-09,"AAPL consolidating, waiting for breakout",neutral,0.16291370927698673,AAPL,reddit,24,20
2024-08-31,"SPY squeeze incoming, shorts are fukd",positive,0.8159873904945254,SPY,reddit,83,4
2024-02-17,wife's boyfriend approved my NVDA purchase,positive,0.39380947978115155,NVDA,reddit,5,1
2023-11-13,"AMC puts printing, bears eating good tonight",negative,-0.5423304315408952,AMC,reddit,23,68
2024-09-09,anyone got DD on PLTR?,neutral,-0.11092618291852703,PLTR,reddit,39,15
2024-05-08,anyone got DD on TSLA?,neutral,0.03350247563813871,TSLA,reddit,43,50
2024-04-22,loss porn: down 90% on AMC calls,negative,-0.5691082618954477,AMC,reddit,135,38
2024-06-13,apes dont sell 💎🙌 AAPL forever,positive,0.7062472577319355,AAPL,reddit,177,1
2024-07-07,wife's boyfriend approved my GME purchase,positive,0.8096290532926929,GME,reddit,182,2
2023-03-13,paper trading AAPL before going in,neutral,0.005246915132998298,AAPL,reddit,74,32
2023-04-25,if you're not buying TSLA rn you hate money,positive,0.3884919171018689,TSLA,reddit,358,1
2023-12-07,if you're not buying GME rn you hate money,positive,0.3458822472226424,GME,reddit,50,28
2024-09-03,apes dont sell 💎🙌 BB forever,positive,0.5674305997788435,BB,reddit,110,41
2024-09-14,"YOLO'd my life savings into AMZN calls, cant go tits up",positive,0.5813744179422565,AMZN,reddit,40,26
2023-05-13,what's the play on GOOGL?,neutral,-0.09888030783480191,GOOGL,reddit,22,22
2023-06-06,"SPY going to $0, get out while you can",negative,-0.3420185581438948,SPY,reddit,223,13
2024-09-28,"META squeeze incoming, shorts are fukd",positive,0.6976857340620447,META,reddit,5,13
2024-02-11,wife's boyfriend approved my AMZN purchase,positive,0.854736962190328,AMZN,reddit,33,12
2023-11-12,"AAPL puts printing, bears eating good tonight",negative,-0.8658130233495201,AAPL,reddit,41,65
2024-09-01,AAPL tendies printing 🍗🍗🍗,positive,0.3385220102751575,AAPL,reddit,2,13
2024-04-21,"META consolidating, waiting for breakout",neutral,-0.07621392874006348,META,reddit,222,67
2024-04-07,wife's boyfriend approved my GME purchase,positive,0.6418852179317978,GME,reddit,133,11
2023-08-22,wife's boyfriend approved my NVDA purchase,positive,0.6603184366772186,NVDA,reddit,108,37
2023-04-25,"BB rug pull, everyone got rekt",negative,-0.6316346683517107,BB,reddit,273,1
2023-12-04,PLTR IV too high for options rn,neutral,0.07511941163861302,PLTR,reddit,21,33
2023-02-23,"YOLO'd my life savings into AAPL calls, cant go tits up",positive,0.3993847097797698,AAPL,reddit,3,0
2023-04-09,paper trading BB before going in,neutral,-0.1443677949795894,BB,reddit,132,22
2024-06-19,DD: Why AMC is going to $1000 🚀,positive,0.8742406673008958,AMC,reddit,120,3
2023-11-21,"sold my GOOGL bags, finally free",negative,-0.8608452214550998,GOOGL,reddit,9,23
2024-10-29,"YOLO'd my life savings into GOOGL calls, cant go tits up",positive,0.37427147278383766,GOOGL,reddit,38,33
2023-09-14,apes dont sell 💎🙌 BB forever,positive,0.6017525866182967,BB,reddit,7,0
2023-07-03,imagine buying MSFT at ATH lmaooo,negative,-0.53679768381848,MSFT,reddit,78,58
2023-06-24,"positions: 100x TSLA 500c 1/20, wish me luck retards",positive,0.5833655746535145,TSLA,reddit,56,40
2024-09-01,AMC tendies printing 🍗🍗🍗,positive,0.3191107423670545,AMC,reddit,100,0
2023-09-20,"GOOGL consolidating, waiting for breakout",neutral,-0.14530068497498316,GOOGL,reddit,114,14
2023-08-21,bull thesis on GME: trust me bro,positive,0.36797168376080724,GME,reddit,44,23
2023-03-16,DD: Why BB is going to $1000 🚀,positive,0.5972118317323822,BB,reddit,89,5
2023-03-12,bull thesis on TSLA: trust me bro,positive,0.5180769673724603,TSLA,reddit,187,4
2024-05-13,paper trading GME before going in,neutral,0.020301831481966598,GME,reddit,7,32
2024-03-10,"TSLA puts printing, bears eating good tonight",negative,-0.3719740711724363,TSLA,reddit,137,11
2024-08-19,paper trading MSFT before going in,neutral,-0.022752139982004982,MSFT,reddit,31,6
2023-05-31,"BB going to $0, get out while you can",negative,-0.8767082235209496,BB,reddit,146,3
2024-03-01,"GUH moment on TSLA, RIP my portfolio",negative,-0.6630217692293928,TSLA,reddit,46,5
2023-11-01,if you're not buying NVDA rn you hate money,positive,0.6191725370697603,NVDA,reddit,263,37
2023-08-30,AMC IV too high for options rn,neutral,-0.14646969258021758,AMC,reddit,122,4
2023-02-02,what's the play on TSLA?,neutral,-0.1198857690888065,TSLA,reddit,7,120
2023-10-28,"inverse WSB worked, sold PLTR at the top",negative,-0.3389946256566815,PLTR,reddit,2,78
2023-07-13,"TSLA going to $0, get out while you can",negative,-0.5089683070224058,TSLA,reddit,308,0
2023-11-20,"inverse WSB worked, sold TSLA at the top",negative,-0.6379502049297483,TSLA,reddit,201,3
2024-07-02,apes dont sell 💎🙌 MSFT forever,positive,0.6620313350979011,MSFT,reddit,49,5
2023-11-28,MSFT tendies printing 🍗🍗🍗,positive,0.46247518574317015,MSFT,reddit,122,38
2023-11-07,anyone got DD on PLTR?,neutral,0.15413609758797553,PLTR,reddit,8,28
2024-01-30,bull thesis on AMZN: trust me bro,positive,0.8316520653920301,AMZN,reddit,279,4
2024-09-17,"GUH moment on AMZN, RIP my portfolio",negative,-0.3839437797307884,AMZN,reddit,49,13
2024-04-09,apes dont sell 💎🙌 META forever,positive,0.7534553027294852,META,reddit,68,25
2024-05-07,"GUH moment on SPY, RIP my portfolio",negative,-0.3784230373272366,SPY,reddit,34,7
2023-09-18,"TSLA going to $0, get out while you can",negative,-0.5101460861005314,TSLA,reddit,48,23
2024-05-01,BB tendies printing 🍗🍗🍗,positive,0.7068291831421623,BB,reddit,64,3
2024-04-03,"this is financial advice, buy MSFT",positive,0.8116883418126826,MSFT,reddit,64,11
2024-05-18,"sold my AAPL bags, finally free",negative,-0.5106907479080964,AAPL,reddit,249,40
2023-05-22,"BB squeeze incoming, shorts are fukd",positive,0.42647092085016836,BB,reddit,379,34
2023-02-01,"AMC going to $0, get out while you can",negative,-0.519391628982409,AMC,reddit,65,0
2023-10-23,paper trading NVDA before going in,neutral,0.13803930415619808,NVDA,reddit,120,21
2024-05-20,apes dont sell 💎🙌 GME forever,positive,0.36870424326318096,GME,reddit,129,31
2023-02-09,"GUH moment on SPY, RIP my portfolio",negative,-0.6745282389896075,SPY,reddit,43,26
2023-05-11,apes dont sell 💎🙌 AAPL forever,positive,0.6620316179977159,AAPL,reddit,109,41
2024-06-01,"positions: 100x AMZN 500c 1/20, wish me luck retards",positive,0.5714314005693142,AMZN,reddit,91,19
2023-04-22,what's the play on BB?,neutral,-0.03598920760632432,BB,reddit,136,8
2023-09-02,AMC IV too high for options rn,neutral,0.06335840745510113,AMC,reddit,1,1
2023-04-01,what's the play on AMC?,neutral,-0.1672446693900611,AMC,reddit,73,2
2024-04-13,"theta gang on GME, selling covered calls",neutral,-0.08579797502345587,GME,reddit,111,21
2024-10-15,"MSFT puts printing, bears eating good tonight",negative,-0.660615477974227,MSFT,reddit,170,28
2023-03-04,imagine buying PLTR at ATH lmaooo,negative,-0.7321183865649922,PLTR,reddit,96,0
2023-04-29,"inverse WSB worked, sold AMZN at the top",negative,-0.8517202389040298,AMZN,reddit,10,22
2023-04-08,bull thesis on NVDA: trust me bro,positive,0.6550027096568378,NVDA,reddit,4,60
2024-05-24,"theta gang on NVDA, selling covered calls",neutral,-0.139985584589114,NVDA,reddit,274,24
2023-08-04,"theta gang on AMZN, selling covered calls",neutral,0.15871275346094482,AMZN,reddit,2,2
2023-12-31,if you're not buying GOOGL rn you hate money,positive,0.5009360553786508,GOOGL,reddit,89,80
2024-01-18,DD: Why BB is going to $1000 🚀,positive,0.5848099642329891,BB,reddit,77,16
2023-08-06,"TSLA rug pull, everyone got rekt",negative,-0.45461334701514916,TSLA,reddit,44,45
2023-05-12,"YOLO'd my life savings into MSFT calls, cant go tits up",positive,0.5821396578013911,MSFT,reddit,143,32
2024-11-21,bull thesis on GOOGL: trust me bro,positive,0.47031779036848265,GOOGL,reddit,70,2
2023-04-18,paper trading AMZN before going in,neutral,-0.15781728620286706,AMZN,reddit,59,4
2023-11-03,"sold my MSFT bags, finally free",negative,-0.7863138572695739,MSFT,reddit,50,48
2023-09-10,"sold my AAPL bags, finally free",negative,-0.6104181655331143,AAPL,reddit,104,38
2023-06-21,"positions: 100x GME 500c 1/20, wish me luck retards",positive,0.7168739386034065,GME,reddit,44,27
2024-09-29,"NVDA squeeze incoming, shorts are fukd",positive,0.30546968407004804,NVDA,reddit,7,6
2023-03-11,"GME puts printing, bears eating good tonight",negative,-0.6709003625648787,GME,reddit,86,19
2023-10-19,loss porn: down 90% on GOOGL calls,negative,-0.3265195258561422,GOOGL,reddit,260,5
2023-05-20,"this is financial advice, buy AMZN",positive,0.30215871847347564,AMZN,reddit,40,44
2023-04-03,loss porn: down 90% on GOOGL calls,negative,-0.3791177318993181,GOOGL,reddit,168,10
2024-01-14,DD: Why META is going to $1000 🚀,positive,0.7661732918085629,META,reddit,57,10
2024-03-19,"AMC squeeze incoming, shorts are fukd",positive,0.8622633666554516,AMC,reddit,96,7
2023-05-19,bull thesis on AMZN: trust me bro,positive,0.5866622712287697,AMZN,reddit,13,20
2024-11-17,DD: Why AMZN is going to $1000 🚀,positive,0.701959067579814,AMZN,reddit,145,22
2023-09-04,"META squeeze incoming, shorts are fukd",positive,0.6531476783448501,META,reddit,28,32
2024-10-20,apes dont sell 💎🙌 MSFT forever,positive,0.6834576147863999,MSFT,reddit,248,18
2023-06-05,"positions: 100x GME 500c 1/20, wish me luck retards",positive,0.623252621239623,GME,reddit,44,24
2024-07-16,"AMC consolidating, waiting for breakout",neutral,0.1770978586999548,AMC,reddit,35,24
2024-06-08,anyone got DD on AMZN?,neutral,-0.07203430630218022,AMZN,reddit,258,34
2024-09-07,wife's boyfriend approved my META purchase,positive,0.3960327162507448,META,reddit,528,5
2023-09-28,"YOLO'd my life savings into META calls, cant go tits up",positive,0.8211148559662647,META,reddit,219,8
2023-12-19,paper trading AAPL before going in,neutral,0.04423308698407896,AAPL,reddit,47,12
2023-11-27,"theta gang on BB, selling covered calls",neutral,-0.005826342754605168,BB,reddit,170,34
2023-11-22,"GOOGL going to $0, get out while you can",negative,-0.7870008344750619,GOOGL,reddit,259,19
2024-02-27,bull thesis on PLTR: trust me bro,positive,0.7385169431706633,PLTR,reddit,196,34
2023-09-28,"AAPL squeeze incoming, shorts are fukd",positive,0.43656284623570074,AAPL,reddit,5,13
2024-11-10,DD: Why NVDA is going to $1000 🚀,positive,0.7263622904909048,NVDA,reddit,33,27
2024-03-28,DD: Why GOOGL is going to $1000 🚀,positive,0.3571141856174288,GOOGL,reddit,19,2
2023-07-02,imagine buying PLTR at ATH lmaooo,negative,-0.7178886874194893,PLTR,reddit,81,14
2024-03-22,"this is financial advice, buy MSFT",positive,0.3638011742026434,MSFT,reddit,163,5
2024-01-14,apes dont sell 💎🙌 BB forever,positive,0.5132203554682067,BB,reddit,3,2
2023-05-08,loss porn: down 90% on GOOGL calls,negative,-0.3506333056500477,GOOGL,reddit,105,36
2023-09-09,apes dont sell 💎🙌 NVDA forever,positive,0.8674147624516,NVDA,reddit,23,27
2023-11-06,"this is financial advice, buy PLTR",positive,0.4962512939560029,PLTR,reddit,68,28
2024-06-25,what's the play on MSFT?,neutral,0.02365491157925037,MSFT,reddit,24,34
2024-08-22,"BB puts printing, bears eating good tonight",negative,-0.3911857566226721,BB,reddit,20,0
2024-10-19,MSFT IV too high for options rn,neutral,0.0995893024497082,MSFT,reddit,66,27
2024-04-04,DD: Why META is going to $1000 🚀,positive,0.8842250797904156,META,reddit,270,10
2024-10-22,wife's boyfriend approved my GME purchase,positive,0.4246126719968718,GME,reddit,40,1
2023-04-06,"AMZN consolidating, waiting for breakout",neutral,-0.11005066828357482,AMZN,reddit,78,15
2024-10-17,"GOOGL consolidating, waiting for breakout",neutral,0.0670386476311024,GOOGL,reddit,94,4
2024-02-17,wife's boyfriend approved my META purchase,positive,0.5678411640556664,META,reddit,48,0
2024-04-23,AAPL IV too high for options rn,neutral,0.1789868928823814,AAPL,reddit,214,2
2023-04-04,META tendies printing 🍗🍗🍗,positive,0.7191828593826604,META,reddit,48,28
2023-07-10,"theta gang on AMC, selling covered calls",neutral,0.12184560312698767,AMC,reddit,24,11
2023-07-22,"AAPL consolidating, waiting for breakout",neutral,-0.1253658637646905,AAPL,reddit,153,31
2024-11-19,"YOLO'd my life savings into BB calls, cant go tits up",positive,0.30129223118303605,BB,reddit,44,5
2024-01-29,"theta gang on AAPL, selling covered calls",neutral,-0.07538808996852692,AAPL,reddit,143,10
2023-09-08,"NVDA puts printing, bears eating good tonight",negative,-0.6957216113945162,NVDA,reddit,54,1
2023-06-02,"TSLA consolidating, waiting for breakout",neutral,0.17983722899374965,TSLA,reddit,44,4
2023-02-26,PLTR IV too high for options rn,neutral,-0.17907823167973316,PLTR,reddit,177,50
2023-05-06,"sold my AAPL bags, finally free",negative,-0.6649373305437972,AAPL,reddit,77,30
2024-07-17,apes dont sell 💎🙌 META forever,positive,0.6257047885812199,META,reddit,230,7
2023-12-02,"this is financial advice, buy PLTR",positive,0.3605757690552346,PLTR,reddit,52,45
2024-04-02,"this is financial advice, buy NVDA",positive,0.6266323476118462,NVDA,reddit,4,31
2023-06-12,"TSLA squeeze incoming, shorts are fukd",positive,0.6153093782015047,TSLA,reddit,56,12
2024-02-17,"YOLO'd my life savings into BB calls, cant go tits up",positive,0.8067176830249723,BB,reddit,3,22
2023-09-11,wife's boyfriend approved my AMZN purchase,positive,0.5575311307910521,AMZN,reddit,106,7
2023-09-08,"theta gang on AMZN, selling covered calls",neutral,0.08756038545475875,AMZN,reddit,2,3
2023-05-04,what's the play on META?,neutral,-0.06709441321404838,META,reddit,125,0
2024-03-22,"TSLA rug pull, everyone got rekt",negative,-0.46094500672559807,TSLA,reddit,1,19
2024-06-17,DD: Why SPY is going to $1000 🚀,positive,0.7337134545181694,SPY,reddit,101,13
2023-01-28,"AMZN going to $0, get out while you can",negative,-0.7994677994545907,AMZN,reddit,49,9
2024-09-27,loss porn: down 90% on SPY calls,negative,-0.3309122753411786,SPY,reddit,4,28
2023-03-09,anyone got DD on PLTR?,neutral,-0.0927345403059095,PLTR,reddit,13,56
2023-05-05,"this is financial advice, buy AMZN",positive,0.4636437959206649,AMZN,reddit,138,57
2024-06-05,"sold my AAPL bags, finally free",negative,-0.5037806436391138,AAPL,reddit,245,4
2023-06-12,"GUH moment on META, RIP my portfolio",negative,-0.6013249645725296,META,reddit,55,45
2024-07-07,"AMC puts printing, bears eating good tonight",negative,-0.7585687544045385,AMC,reddit,48,82
2024-06-04,"MSFT rug pull, everyone got rekt",negative,-0.42074883027706345,MSFT,reddit,237,10
2024-07-21,"AMC rug pull, everyone got rekt",negative,-0.5381863956735478,AMC,reddit,46,15
2023-10-01,"positions: 100x GME 500c 1/20, wish me luck retards",positive,0.8961256828672612,GME,reddit,1,3
2023-10-21,wife's boyfriend approved my META purchase,positive,0.5569726865889112,META,reddit,207,25
2023-09-02,"this is financial advice, buy NVDA",positive,0.7690533251343059,NVDA,reddit,58,24
2023-01-24,"AMZN consolidating, waiting for breakout",neutral,0.08585377009548917,AMZN,reddit,149,8
2023-04-23,"sold my MSFT bags, finally free",negative,-0.5222182090919469,MSFT,reddit,34,3
2024-11-07,"BB consolidating, waiting for breakout",neutral,-0.11283458418083576,BB,reddit,25,55
2024-07-06,paper trading SPY before going in,neutral,0.04351388037771814,SPY,reddit,65,32
2023-10-12,"sold my NVDA bags, finally free",negative,-0.5552336131447728,NVDA,reddit,313,44
2024-06-16,"AMC going to $0, get out while you can",negative,-0.6691592922583791,AMC,reddit,51,29
2023-04-12,if you're not buying TSLA rn you hate money,positive,0.8467102162567384,TSLA,reddit,20,50
2023-03-25,MSFT IV too high for options rn,neutral,-0.19637769809978733,MSFT,reddit,45,86
2024-07-07,SPY IV too high for options rn,neutral,-0.16195765807270496,SPY,reddit,186,63
2024-03-21,loss porn: down 90% on SPY calls,negative,-0.7831420021816374,SPY,reddit,50,4
2023-10-15,apes dont sell 💎🙌 TSLA forever,positive,0.4060292023641347,TSLA,reddit,237,2
2023-09-09,anyone got DD on SPY?,neutral,0.05443468105914884,SPY,reddit,15,1
2024-09-11,"positions: 100x PLTR 500c 1/20, wish me luck retards",positive,0.6181783379027812,PLTR,reddit,315,30
2024-11-03,"AMC squeeze incoming, shorts are fukd",positive,0.34228855834105437,AMC,reddit,49,13
2024-02-20,"YOLO'd my life savings into BB calls, cant go tits up",positive,0.7676140381172721,BB,reddit,55,14
2024-06-12,loss porn: down 90% on AMZN calls,negative,-0.47463394820980126,AMZN,reddit,107,10
2024-07-18,wife's boyfriend approved my GOOGL purchase,positive,0.3256313638181268,GOOGL,reddit,17,32
2024-09-07,SPY tendies printing 🍗🍗🍗,positive,0.6080930937562878,SPY,reddit,101,34
2023-01-23,anyone got DD on GOOGL?,neutral,0.08076569476523221,GOOGL,reddit,98,18
2023-04-25,"MSFT going to $0, get out while you can",negative,-0.43934625972545194,MSFT,reddit,86,33
2024-05-14,AMC IV too high for options rn,neutral,0.05849942424483151,AMC,reddit,9,25
2024-07-08,"GUH moment on AMZN, RIP my portfolio",negative,-0.4640269656133119,AMZN,reddit,116,8
2024-01-09,TSLA tendies printing 🍗🍗🍗,positive,0.40946500886693526,TSLA,reddit,110,26
2023-09-13,"GME puts printing, bears eating good tonight",negative,-0.5665272178925692,GME,reddit,3,21
2023-12-11,what's the play on TSLA?,neutral,0.19828220699964433,TSLA,reddit,79,13
2024-01-11,"positions: 100x PLTR 500c 1/20, wish me luck retards",positive,0.8149380981414287,PLTR,reddit,26,9
2023-04-17,"TSLA going to $0, get out while you can",negative,-0.4725478827584621,TSLA,reddit,100,37
2023-08-08,apes dont sell 💎🙌 SPY forever,positive,0.7598104300194068,SPY,reddit,63,21
2024-01-31,bull thesis on NVDA: trust me bro,positive,0.459380984472731,NVDA,reddit,50,50
2023-01-20,GOOGL tendies printing 🍗🍗🍗,positive,0.6440204582688622,GOOGL,reddit,31,2
2023-08-27,wife's boyfriend approved my PLTR purchase,positive,0.4665114698129528,PLTR,reddit,42,14
2023-07-25,"TSLA consolidating, waiting for breakout",neutral,0.1557785674655503,TSLA,reddit,26,6
2023-12-07,apes dont sell 💎🙌 MSFT forever,positive,0.37816571949247557,MSFT,reddit,97,49
2023-03-15,"this is financial advice, buy BB",positive,0.38772281344819015,BB,reddit,101,3
2024-03-05,"theta gang on GME, selling covered calls",neutral,0.13033073691313923,GME,reddit,139,9
2024-06-05,paper trading MSFT before going in,neutral,-0.17331430610872603,MSFT,reddit,45,39
2024-11-23,wife's boyfriend approved my AMC purchase,positive,0.5563402573069818,AMC,reddit,3,31
2023-10-05,what's the play on AAPL?,neutral,-0.05506969448479665,AAPL,reddit,112,0
2024-09-19,what's the play on SPY?,neutral,-0.02225216864757623,SPY,reddit,76,4
2024-06-10,loss porn: down 90% on AMZN calls,negative,-0.8059136736832302,AMZN,reddit,0,18
2023-08-12,"GME consolidating, waiting for breakout",neutral,0.18757396986903463,GME,reddit,100,0
2023-02-20,"YOLO'd my life savings into TSLA calls, cant go tits up",positive,0.7926848628398653,TSLA,reddit,387,6
2024-01-17,"sold my GME bags, finally free",negative,-0.35024806429436306,GME,reddit,61,35
2024-01-10,"YOLO'd my life savings into SPY calls, cant go tits up",positive,0.7405009728570784,SPY,reddit,38,16
2024-03-10,what's the play on NVDA?,neutral,-0.02285141400221366,NVDA,reddit,94,5
2024-04-01,"NVDA going to $0, get out while you can",negative,-0.46295648056090233,NVDA,reddit,21,10
2024-05-01,"theta gang on PLTR, selling covered calls",neutral,-0.14343098736986298,PLTR,reddit,149,13
2023-07-20,bull thesis on MSFT: trust me bro,positive,0.3533315312593839,MSFT,reddit,170,2
2023-10-31,imagine buying MSFT at ATH lmaooo,negative,-0.3783558399147541,MSFT,reddit,113,23
2023-08-27,"MSFT consolidating, waiting for breakout",neutral,-0.15284535000279337,MSFT,reddit,525,15
2024-02-05,AAPL IV too high for options rn,neutral,0.18845238259149372,AAPL,reddit,198,3
2024-03-13,imagine buying NVDA at ATH lmaooo,negative,-0.7831988571912003,NVDA,reddit,164,66
2024-09-29,"YOLO'd my life savings into GOOGL calls, cant go tits up",positive,0.31112448953043936,GOOGL,reddit,8,11
2023-05-04,"sold my PLTR bags, finally free",negative,-0.7215924352493969,PLTR,reddit,66,21
2024-08-27,"YOLO'd my life savings into GME calls, cant go tits up",positive,0.4264283940635508,GME,reddit,24,25
2024-04-25,bull thesis on AMZN: trust me bro,positive,0.7785863575116645,AMZN,reddit,50,16
2024-06-09,loss porn: down 90% on GOOGL calls,negative,-0.6289107297532487,GOOGL,reddit,169,0
2024-04-28,"sold my GOOGL bags, finally free",negative,-0.7979960935375874,GOOGL,reddit,100,15
2024-02-24,"AMC rug pull, everyone got rekt",negative,-0.7773685820773371,AMC,reddit,71,3
2023-05-04,apes dont sell 💎🙌 MSFT forever,positive,0.4104330437002116,MSFT,reddit,275,14
2024-09-03,imagine buying PLTR at ATH lmaooo,negative,-0.6976581910816213,PLTR,reddit,93,2
2024-09-29,"inverse WSB worked, sold GOOGL at the top",negative,-0.6173781425691736,GOOGL,reddit,149,49
2024-04-25,"TSLA rug pull, everyone got rekt",negative,-0.5561038706690697,TSLA,reddit,80,1
2024-05-29,"YOLO'd my life savings into PLTR calls, cant go tits up",positive,0.6694373002822859,PLTR,reddit,145,0
2024-01-05,"positions: 100x TSLA 500c 1/20, wish me luck retards",positive,0.5722942909212567,TSLA,reddit,60,9
2024-09-26,"YOLO'd my life savings into BB calls, cant go tits up",positive,0.6852759591117081,BB,reddit,137,15
2023-09-04,what's the play on NVDA?,neutral,-0.08243728563332807,NVDA,reddit,1,63
2023-10-25,"this is financial advice, buy PLTR",positive,0.6879657203217795,PLTR,reddit,222,53
2023-07-13,"sold my AMC bags, finally free",negative,-0.5589971670012779,AMC,reddit,89,8
2023-08-17,"AAPL rug pull, everyone got rekt",negative,-0.6616040915922543,AAPL,reddit,137,5
2023-04-25,"GME squeeze incoming, shorts are fukd",positive,0.5752653299605821,GME,reddit,37,2
2023-01-30,wife's boyfriend approved my NVDA purchase,positive,0.5344003152893201,NVDA,reddit,41,27
2023-01-21,"AMC rug pull, everyone got rekt",negative,-0.7315190388821596,AMC,reddit,455,5
2024-01-16,META IV too high for options rn,neutral,-0.15063836905151684,META,reddit,74,21
2023-04-26,GME tendies printing 🍗🍗🍗,positive,0.7941557047086858,GME,reddit,139,3
2023-05-01,loss porn: down 90% on TSLA calls,negative,-0.7211706972007826,TSLA,reddit,11,7
2023-07-18,bull thesis on AMC: trust me bro,positive,0.8867564597678943,AMC,reddit,141,10
2023-02-05,"PLTR consolidating, waiting for breakout",neutral,-0.16765839071031335,PLTR,reddit,110,41
2023-07-04,"AMC going to $0, get out while you can",negative,-0.31877034282637307,AMC,reddit,12,7
2024-07-26,"META squeeze incoming, shorts are fukd",positive,0.5971886912847992,META,reddit,44,14
2023-02-08,"GOOGL squeeze incoming, shorts are fukd",positive,0.7731204332678074,GOOGL,reddit,55,5
2023-12-30,"this is financial advice, buy TSLA",positive,0.7503017961147419,TSLA,reddit,139,13
2024-10-01,"inverse WSB worked, sold AAPL at the top",negative,-0.5073584325134465,AAPL,reddit,14,11
2023-06-12,TSLA IV too high for options rn,neutral,-0.13672278114348846,TSLA,reddit,152,2
2023-07-07,TSLA IV too high for options rn,neutral,0.056559352547580155,TSLA,reddit,79,6
2024-06-17,TSLA tendies printing 🍗🍗🍗,positive,0.5790848513551514,TSLA,reddit,64,8
2024-04-09,"AAPL puts printing, bears eating good tonight",negative,-0.7391342970773069,AAPL,reddit,38,10
2023-04-21,"theta gang on AMC, selling covered calls",neutral,0.014019757975142932,AMC,reddit,65,3
2024-10-20,what's the play on NVDA?,neutral,-0.13791569440075646,NVDA,reddit,52,9
2023-07-06,loss porn: down 90% on SPY calls,negative,-0.443487981336433,SPY,reddit,124,6
2023-05-05,imagine buying GOOGL at ATH lmaooo,negative,-0.8941512171720215,GOOGL,reddit,101,35
2024-08-23,"AMC squeeze incoming, shorts are fukd",positive,0.34727012705063215,AMC,reddit,1,8
2023-03-17,"inverse WSB worked, sold META at the top",negative,-0.7425671034059984,META,reddit,53,53
2023-02-28,bull thesis on SPY: trust me bro,positive,0.422016058985696,SPY,reddit,63,4
2023-02-14,"AAPL going to $0, get out while you can",negative,-0.6823314694495376,AAPL,reddit,140,3
2024-05-20,SPY tendies printing 🍗🍗🍗,positive,0.7537220629945278,SPY,reddit,39,5
2024-09-24,"theta gang on MSFT, selling covered calls",neutral,0.024644636730607294,MSFT,reddit,12,6
2023-11-20,AAPL tendies printing 🍗🍗🍗,positive,0.4011283965149911,AAPL,reddit,38,10
2024-07-06,"GUH moment on AMZN, RIP my portfolio",negative,-0.8636163019625689,AMZN,reddit,12,1
2023-12-08,"AMZN consolidating, waiting for breakout",neutral,0.10856627415892861,AMZN,reddit,96,32
2023-04-04,what's the play on GME?,neutral,0.17191757095927102,GME,reddit,121,6
2023-05-03,"inverse WSB worked, sold GOOGL at the top",negative,-0.5542133606170221,GOOGL,reddit,349,6
2024-02-04,bull thesis on TSLA: trust me bro,positive,0.6804821767565873,TSLA,reddit,152,3
2023-09-03,"SPY puts printing, bears eating good tonight",negative,-0.5243893942882536,SPY,reddit,171,34
2024-08-02,"inverse WSB worked, sold GOOGL at the top",negative,-0.39503819158081777,GOOGL,reddit,285,3
2023-01-03,paper trading MSFT before going in,neutral,-0.008205028630772493,MSFT,reddit,40,11
2023-06-07,loss porn: down 90% on NVDA calls,negative,-0.8818154626527973,NVDA,reddit,10,23
2023-01-06,"positions: 100x GOOGL 500c 1/20, wish me luck retards",positive,0.3400871337332874,GOOGL,reddit,13,8
2024-01-20,bull thesis on SPY: trust me bro,positive,0.5428794597964856,SPY,reddit,33,33
2023-11-24,"YOLO'd my life savings into GME calls, cant go tits up",positive,0.695695325618672,GME,reddit,54,83
2023-03-12,"theta gang on GOOGL, selling covered calls",neutral,-0.09497587818384119,GOOGL,reddit,161,26
2023-02-15,"this is financial advice, buy PLTR",positive,0.8327876517426029,PLTR,reddit,182,51
2024-04-26,"AMC consolidating, waiting for breakout",neutral,-0.10583646557909049,AMC,reddit,38,12
2023-12-09,"AMZN consolidating, waiting for breakout",neutral,0.15298065810163375,AMZN,reddit,78,4
2024-02-16,anyone got DD on TSLA?,neutral,-0.050108682181748326,TSLA,reddit,35,33
2024-08-19,"PLTR squeeze incoming, shorts are fukd",positive,0.7119808578188646,PLTR,reddit,3,1
2024-11-17,DD: Why AAPL is going to $1000 🚀,positive,0.4292804835800016,AAPL,reddit,3,3
2024-08-01,GOOGL IV too high for options rn,neutral,0.06573580608955515,GOOGL,reddit,8,25
2024-07-30,SPY IV too high for options rn,neutral,0.02592473333916745,SPY,reddit,259,8
2023-02-13,what's the play on GOOGL?,neutral,0.08204298967536394,GOOGL,reddit,81,7
2024-04-04,"theta gang on META, selling covered calls",neutral,-0.110652474477669,META,reddit,86,8
2024-01-03,if you're not buying BB rn you hate money,positive,0.30297915542498594,BB,reddit,16,39
2024-05-09,"SPY consolidating, waiting for breakout",neutral,0.18584121321083197,SPY,reddit,42,38
2023-06-18,if you're not buying GOOGL rn you hate money,positive,0.8310166565287833,GOOGL,reddit,54,5
2023-09-04,AAPL IV too high for options rn,neutral,-0.1898890152967009,AAPL,reddit,42,4
2023-02-24,"MSFT rug pull, everyone got rekt",negative,-0.5137158507955366,MSFT,reddit,25,1
2024-03-11,TSLA IV too high for options rn,neutral,-0.08082137213457413,TSLA,reddit,271,7
2024-07-23,"MSFT going to $0, get out while you can",negative,-0.8473351006152846,MSFT,reddit,31,5
2024-04-16,"this is financial advice, buy AAPL",positive,0.5370719416840886,AAPL,reddit,135,27
2024-08-03,"GUH moment on PLTR, RIP my portfolio",negative,-0.8701034399949414,PLTR,reddit,221,23
2024-06-17,"MSFT consolidating, waiting for breakout",neutral,-0.0966544090612906,MSFT,reddit,123,5
2023-12-11,"this is financial advice, buy AMC",positive,0.739386207153359,AMC,reddit,8,19
2023-08-28,"BB squeeze incoming, shorts are fukd",positive,0.40848944099358975,BB,reddit,23,11
2024-05-08,if you're not buying NVDA rn you hate money,positive,0.898470579715799,NVDA,reddit,13,5
2023-07-22,"BB rug pull, everyone got rekt",negative,-0.41225303045881906,BB,reddit,170,16
2024-11-21,"positions: 100x NVDA 500c 1/20, wish me luck retards",positive,0.7513073959244221,NVDA,reddit,35,15
2023-04-28,GME IV too high for options rn,neutral,0.15963903520744677,GME,reddit,57,16
2024-03-07,"GME squeeze incoming, shorts are fukd",positive,0.8896461549126009,GME,reddit,14,20
2023-12-10,"GOOGL squeeze incoming, shorts are fukd",positive,0.6904809649400041,GOOGL,reddit,38,28
2023-05-26,"this is financial advice, buy BB",positive,0.5407697098650817,BB,reddit,241,13
2024-04-22,what's the play on AMZN?,neutral,0.1485006717811203,AMZN,reddit,30,13
2023-12-24,DD: Why AMC is going to $1000 🚀,positive,0.7547892105037362,AMC,reddit,174,23
2024-09-12,NVDA tendies printing 🍗🍗🍗,positive,0.7476072954423842,NVDA,reddit,112,8
2024-05-09,wife's boyfriend approved my NVDA purchase,positive,0.7546160899614978,NVDA,reddit,41,16
2024-08-06,"AAPL squeeze incoming, shorts are fukd",positive,0.620770320406979,AAPL,reddit,75,22
2023-09-02,"this is financial advice, buy GME",positive,0.7626572367120998,GME,reddit,2,47
2024-07-28,"AMC rug pull, everyone got rekt",negative,-0.833548612729756,AMC,reddit,147,28
2023-05-24,"YOLO'd my life savings into GME calls, cant go tits up",positive,0.3388301571217802,GME,reddit,360,13
2023-10-09,what's the play on GOOGL?,neutral,-0.1388908751884065,GOOGL,reddit,186,2
2024-01-10,"theta gang on AMZN, selling covered calls",neutral,-0.07801612096125154,AMZN,reddit,32,3
2024-11-16,if you're not buying SPY rn you hate money,positive,0.47400177705048396,SPY,reddit,199,10
2023-04-30,"GOOGL rug pull, everyone got rekt",negative,-0.33111024326625627,GOOGL,reddit,26,15
2024-10-27,"SPY going to $0, get out while you can",negative,-0.8429301771018005,SPY,reddit,244,8
2023-12-23,wife's boyfriend approved my TSLA purchase,positive,0.4397433273336122,TSLA,reddit,83,3
2023-04-18,"NVDA puts printing, bears eating good tonight",negative,-0.4857066800200043,NVDA,reddit,107,1
2023-09-30,"YOLO'd my life savings into AAPL calls, cant go tits up",positive,0.6959882851045545,AAPL,reddit,62,43
2024-04-01,"META going to $0, get out while you can",negative,-0.5052168564678652,META,reddit,100,6
2023-01-14,"YOLO'd my life savings into NVDA calls, cant go tits up",positive,0.8768698559443515,NVDA,reddit,32,16
2023-06-23,"PLTR squeeze incoming, shorts are fukd",positive,0.4442659159709137,PLTR,reddit,145,0
2023-12-30,loss porn: down 90% on GME calls,negative,-0.6062055818845038,GME,reddit,4,5
2024-02-24,NVDA tendies printing 🍗🍗🍗,positive,0.8500370958939474,NVDA,reddit,161,5
2023-01-01,anyone got DD on SPY?,neutral,0.10895169227444784,SPY,reddit,94,0
2024-08-17,loss porn: down 90% on GME calls,negative,-0.6084570261224543,GME,reddit,103,15
2024-04-17,imagine buying GME at ATH lmaooo,negative,-0.5463108638950926,GME,reddit,86,22
2023-12-06,wife's boyfriend approved my META purchase,positive,0.6525200117316097,META,reddit,115,35
2024-02-09,TSLA tendies printing 🍗🍗🍗,positive,0.3627700821402638,TSLA,reddit,25,38
2024-07-14,"positions: 100x GOOGL 500c 1/20, wish me luck retards",positive,0.44163832576817735,GOOGL,reddit,158,5
2023-01-18,"AMC squeeze incoming, shorts are fukd",positive,0.8757742296660886,AMC,reddit,32,2
2024-11-01,"SPY going to $0, get out while you can",negative,-0.5005266475327608,SPY,reddit,29,1
2024-10-17,"NVDA squeeze incoming, shorts are fukd",positive,0.6779658349921125,NVDA,reddit,7,33
2023-07-13,wife's boyfriend approved my GOOGL purchase,positive,0.4221471137471587,GOOGL,reddit,143,15
2023-06-12,"positions: 100x PLTR 500c 1/20, wish me luck retards",positive,0.3752578279550511,PLTR,reddit,52,7
2024-01-25,"GUH moment on AAPL, RIP my portfolio",negative,-0.8298543151434681,AAPL,reddit,60,31
2023-07-24,"TSLA squeeze incoming, shorts are fukd",positive,0.725168737700623,TSLA,reddit,64,4
2024-01-25,wife's boyfriend approved my SPY purchase,positive,0.851366113226131,SPY,reddit,227,1
2024-01-16,anyone got DD on PLTR?,neutral,-0.1883591854355769,PLTR,reddit,281,36
2024-05-24,AMC tendies printing 🍗🍗🍗,positive,0.5921527237418432,AMC,reddit,61,41
2024-02-09,GOOGL IV too high for options rn,neutral,0.0808558757105628,GOOGL,reddit,60,30
2023-04-27,"SPY going to $0, get out while you can",negative,-0.4556219433436791,SPY,reddit,126,29
2024-10-01,what's the play on META?,neutral,0.16928419919815296,META,reddit,56,8
2023-07-11,"GUH moment on PLTR, RIP my portfolio",negative,-0.48437073220816,PLTR,reddit,34,12
2023-12-14,"GME squeeze incoming, shorts are fukd",positive,0.788642895405498,GME,reddit,30,10
2024-08-05,what's the play on GOOGL?,neutral,0.07039625785344467,GOOGL,reddit,21,15
2023-12-28,anyone got DD on PLTR?,neutral,0.006731666639795103,PLTR,reddit,327,52
2023-01-20,wife's boyfriend approved my SPY purchase,positive,0.6998304459721273,SPY,reddit,4,6
2023-10-19,"GME puts printing, bears eating good tonight",negative,-0.7226527860976825,GME,reddit,147,2
2024-02-01,"this is financial advice, buy GOOGL",positive,0.8102149977773769,GOOGL,reddit,239,32
2024-09-06,imagine buying NVDA at ATH lmaooo,negative,-0.46817819522036336,NVDA,reddit,2,2
2024-04-18,loss porn: down 90% on AMC calls,negative,-0.45120633945870986,AMC,reddit,432,29
2023-11-02,"MSFT rug pull, everyone got rekt",negative,-0.3834551736802816,MSFT,reddit,198,9
2024-05-24,DD: Why MSFT is going to $1000 🚀,positive,0.8573324770643804,MSFT,reddit,54,22
2023-05-23,imagine buying GOOGL at ATH lmaooo,negative,-0.4383112058721555,GOOGL,reddit,24,6
2023-06-29,what's the play on GOOGL?,neutral,0.05002527842486426,GOOGL,reddit,46,10
2023-09-15,if you're not buying AMZN rn you hate money,positive,0.4637655890401855,AMZN,reddit,1,0
2023-08-08,"GUH moment on GME, RIP my portfolio",negative,-0.718858056460526,GME,reddit,24,15
2023-11-22,"SPY squeeze incoming, shorts are fukd",positive,0.3419966537358978,SPY,reddit,208,95
2023-07-29,"PLTR puts printing, bears eating good tonight",negative,-0.5446653523362643,PLTR,reddit,153,6
2023-08-18,"theta gang on TSLA, selling covered calls",neutral,0.11677610767310098,TSLA,reddit,41,21
2023-06-17,anyone got DD on MSFT?,neutral,-0.12740657536784675,MSFT,reddit,185,20
2023-03-29,apes dont sell 💎🙌 GME forever,positive,0.8652134395156621,GME,reddit,34,5
2024-11-12,"positions: 100x GOOGL 500c 1/20, wish me luck retards",positive,0.7537963013138692,GOOGL,reddit,3,1
2024-11-19,"sold my NVDA bags, finally free",negative,-0.6424592449376407,NVDA,reddit,93,12
2023-04-30,"YOLO'd my life savings into GME calls, cant go tits up",positive,0.6914466753675002,GME,reddit,72,5
2024-08-22,"YOLO'd my life savings into BB calls, cant go tits up",positive,0.3012001582835013,BB,reddit,50,52
2024-07-02,"YOLO'd my life savings into META calls, cant go tits up",positive,0.896983015637056,META,reddit,38,78
2023-10-29,DD: Why PLTR is going to $1000 🚀,positive,0.34469519346790833,PLTR,reddit,250,3
2024-07-24,"inverse WSB worked, sold BB at the top",negative,-0.5040834998835728,BB,reddit,97,24
2023-03-05,bull thesis on AMZN: trust me bro,positive,0.5391128117175719,AMZN,reddit,112,6
2024-07-12,"this is financial advice, buy AAPL",positive,0.7688882830106986,AAPL,reddit,12,5
2023-10-10,GOOGL IV too high for options rn,neutral,0.11272352559940108,GOOGL,reddit,49,12
2023-06-10,"AAPL consolidating, waiting for breakout",neutral,-0.11154900992544717,AAPL,reddit,83,11
2024-07-11,"GUH moment on GOOGL, RIP my portfolio",negative,-0.7768577183748662,GOOGL,reddit,43,8
2024-08-29,loss porn: down 90% on SPY calls,negative,-0.40012212766972044,SPY,reddit,19,46
2024-10-09,"positions: 100x AAPL 500c 1/20, wish me luck retards",positive,0.3065406992391114,AAPL,reddit,67,0
2023-03-20,DD: Why AMC is going to $1000 🚀,positive,0.5853912906928496,AMC,reddit,14,8
2023-07-01,"BB squeeze incoming, shorts are fukd",positive,0.7489202450347852,BB,reddit,86,45
2024-01-23,loss porn: down 90% on MSFT calls,negative,-0.70602524581209,MSFT,reddit,125,15
2024-02-21,if you're not buying PLTR rn you hate money,positive,0.3169446811234705,PLTR,reddit,2,6
2023-03-25,"AMC consolidating, waiting for breakout",neutral,-0.06209382780101322,AMC,reddit,1,24
2024-11-17,anyone got DD on NVDA?,neutral,-0.05468002916982098,NVDA,reddit,65,14
2024-03-09,"theta gang on GOOGL, selling covered calls",neutral,-0.19760836571986193,GOOGL,reddit,44,6
2024-09-29,"this is financial advice, buy SPY",positive,0.7555809619426912,SPY,reddit,118,31
2023-01-24,"AMZN consolidating, waiting for breakout",neutral,0.16100755361343916,AMZN,reddit,268,0
2024-11-07,"YOLO'd my life savings into SPY calls, cant go tits up",positive,0.7836089790110274,SPY,reddit,165,14
2023-03-16,"positions: 100x AMC 500c 1/20, wish me luck retards",positive,0.8890300226940602,AMC,reddit,30,8
2023-05-15,wife's boyfriend approved my AAPL purchase,positive,0.6941660981349054,AAPL,reddit,45,9
2024-10-29,"GME puts printing, bears eating good tonight",negative,-0.6269041950940938,GME,reddit,59,6
2024-07-29,loss porn: down 90% on GOOGL calls,negative,-0.5301952392676891,GOOGL,reddit,61,26
2023-05-28,"sold my AMC bags, finally free",negative,-0.7903013259734896,AMC,reddit,17,16
2024-09-26,"AMC rug pull, everyone got rekt",negative,-0.5501684616311917,AMC,reddit,207,27
2024-03-29,DD: Why BB is going to $1000 🚀,positive,0.4891524099420689,BB,reddit,910,8
2023-11-21,bull thesis on BB: trust me bro,positive,0.37944160410186023,BB,reddit,67,38
2023-05-21,wife's boyfriend approved my TSLA purchase,positive,0.42932641684477935,TSLA,reddit,4,10
2024-09-30,wife's boyfriend approved my MSFT purchase,positive,0.43613664871325664,MSFT,reddit,24,3
2023-09-18,"positions: 100x MSFT 500c 1/20, wish me luck retards",positive,0.3823960556912495,MSFT,reddit,215,36
2024-07-11,paper trading MSFT before going in,neutral,-0.05629140125459392,MSFT,reddit,114,0
2023-10-20,"positions: 100x AAPL 500c 1/20, wish me luck retards",positive,0.7150533613996253,AAPL,reddit,20,17
2023-02-17,DD: Why GME is going to $1000 🚀,positive,0.6944245127826632,GME,reddit,45,20
2024-04-09,"GUH moment on NVDA, RIP my portfolio",negative,-0.6254144012538635,NVDA,reddit,84,4
2023-10-12,if you're not buying GOOGL rn you hate money,positive,0.8010676104489618,GOOGL,reddit,18,24
2024-10-06,"TSLA puts printing, bears eating good tonight",negative,-0.37726739427180744,TSLA,reddit,215,12
2023-04-26,SPY IV too high for options rn,neutral,-0.058846345016147134,SPY,reddit,63,45
2023-05-05,wife's boyfriend approved my AMZN purchase,positive,0.5910518077766691,AMZN,reddit,128,3
2024-07-10,"TSLA puts printing, bears eating good tonight",negative,-0.7423388187211202,TSLA,reddit,98,21
2023-11-09,"positions: 100x BB 500c 1/20, wish me luck retards",positive,0.7881029074927097,BB,reddit,50,31
2024-11-03,"GOOGL consolidating, waiting for breakout",neutral,-0.10703839471546073,GOOGL,reddit,22,31
2023-12-15,paper trading SPY before going in,neutral,0.0988145206233425,SPY,reddit,129,72
2023-02-22,anyone got DD on AMZN?,neutral,-0.03665701193479559,AMZN,reddit,31,75
2024-05-28,loss porn: down 90% on TSLA calls,negative,-0.606202776923516,TSLA,reddit,274,4
2023-07-24,anyone got DD on GME?,neutral,0.05578479203107528,GME,reddit,182,12
2024-10-13,wife's boyfriend approved my META purchase,positive,0.5337217339191948,META,reddit,1,6
2023-07-02,imagine buying BB at ATH lmaooo,negative,-0.3120646566781825,BB,reddit,58,17
2024-09-06,"AMZN puts printing, bears eating good tonight",negative,-0.6281570924975697,AMZN,reddit,72,1
2023-07-11,"TSLA squeeze incoming, shorts are fukd",positive,0.6862240424794407,TSLA,reddit,73,6
2023-06-28,"GOOGL puts printing, bears eating good tonight",negative,-0.5185417265433745,GOOGL,reddit,147,7
2024-07-05,"theta gang on META, selling covered calls",neutral,-0.03882151987590948,META,reddit,1,4
2023-01-15,"AMZN squeeze incoming, shorts are fukd",positive,0.3301348646901898,AMZN,reddit,37,17
2024-11-25,"theta gang on AAPL, selling covered calls",neutral,0.17829591047373522,AAPL,reddit,147,11
2023-10-13,loss porn: down 90% on AMZN calls,negative,-0.33294894162215716,AMZN,reddit,43,7
2024-03-29,"inverse WSB worked, sold GME at the top",negative,-0.3038845882014637,GME,reddit,248,66
2023-06-25,"this is financial advice, buy GME",positive,0.34029536853419007,GME,reddit,35,32
2023-08-23,"inverse WSB worked, sold SPY at the top",negative,-0.5567844560922517,SPY,reddit,39,21
2023-01-21,BB tendies printing 🍗🍗🍗,positive,0.30978409062119994,BB,reddit,451,18
2024-08-05,"theta gang on AMZN, selling covered calls",neutral,0.07173431099775768,AMZN,reddit,37,14
2023-02-11,DD: Why NVDA is going to $1000 🚀,positive,0.3290344889816429,NVDA,reddit,29,3
2023-01-13,bull thesis on GOOGL: trust me bro,positive,0.3462742233057924,GOOGL,reddit,33,0
2023-08-12,imagine buying PLTR at ATH lmaooo,negative,-0.6079069303658329,PLTR,reddit,35,9
2024-01-25,"theta gang on GME, selling covered calls",neutral,0.0587727862957379,GME,reddit,99,2
2023-08-11,"AMC squeeze incoming, shorts are fukd",positive,0.8556755728387457,AMC,reddit,106,13
2023-10-20,"theta gang on META, selling covered calls",neutral,0.0646018354772353,META,reddit,643,25
2024-08-04,wife's boyfriend approved my TSLA purchase,positive,0.6529271119255391,TSLA,reddit,104,0
2024-05-13,DD: Why MSFT is going to $1000 🚀,positive,0.7373144920253701,MSFT,reddit,34,7
2023-09-03,DD: Why GOOGL is going to $1000 🚀,positive,0.6837256578783151,GOOGL,reddit,10,61
2023-01-27,"META rug pull, everyone got rekt",negative,-0.3746159019061901,META,reddit,135,8
2024-08-26,AAPL IV too high for options rn,neutral,0.19481181696972727,AAPL,reddit,83,3
2023-06-05,"PLTR going to $0, get out while you can",negative,-0.8972226068235161,PLTR,reddit,117,11
2023-03-24,apes dont sell 💎🙌 AMC forever,positive,0.5529868417871356,AMC,reddit,2,91
2024-05-24,AMC tendies printing 🍗🍗🍗,positive,0.7904200905703423,AMC,reddit,172,34
2024-02-07,DD: Why PLTR is going to $1000 🚀,positive,0.5725862150740354,PLTR,reddit,132,9
2023-12-04,"PLTR puts printing, bears eating good tonight",negative,-0.8122748563667143,PLTR,reddit,17,30
2023-12-06,"inverse WSB worked, sold TSLA at the top",negative,-0.8893348676385353,TSLA,reddit,99,13
2023-01-24,"YOLO'd my life savings into AAPL calls, cant go tits up",positive,0.5079318891967242,AAPL,reddit,119,5
2024-04-03,"theta gang on PLTR, selling covered calls",neutral,0.09979606379340761,PLTR,reddit,125,28
2023-01-30,apes dont sell 💎🙌 META forever,positive,0.3560974775500658,META,reddit,55,10
2024-01-23,anyone got DD on PLTR?,neutral,-0.11890602875397721,PLTR,reddit,197,5
2024-11-16,paper trading SPY before going in,neutral,-0.12043809027236647,SPY,reddit,132,8
2024-03-12,bull thesis on GOOGL: trust me bro,positive,0.6386102493621213,GOOGL,reddit,73,129
2023-12-15,imagine buying GME at ATH lmaooo,negative,-0.3221423544544757,GME,reddit,196,38
2023-07-11,"AMC squeeze incoming, shorts are fukd",positive,0.604806922020341,AMC,reddit,270,31
2023-06-30,"this is financial advice, buy META",positive,0.7174090200176269,META,reddit,8,32
2024-05-23,"positions: 100x NVDA 500c 1/20, wish me luck retards",positive,0.8198431507176638,NVDA,reddit,52,17
2023-11-27,"AMC squeeze incoming, shorts are fukd",positive,0.7826403737986976,AMC,reddit,184,14
2023-05-23,"YOLO'd my life savings into SPY calls, cant go tits up",positive,0.7028156839781634,SPY,reddit,108,0
2023-09-27,"positions: 100x GME 500c 1/20, wish me luck retards",positive,0.3528402657681585,GME,reddit,107,9
2024-11-17,"theta gang on AMZN, selling covered calls",neutral,-0.02780766554567221,AMZN,reddit,55,5
2024-01-17,"this is financial advice, buy AMZN",positive,0.4054028681848717,AMZN,reddit,34,11
2024-10-19,"theta gang on GME, selling covered calls",neutral,0.05447287501727327,GME,reddit,390,6
2024-07-05,wife's boyfriend approved my META purchase,positive,0.8580996040054456,META,reddit,39,128
2024-01-03,"GUH moment on AMZN, RIP my portfolio",negative,-0.343286654273122,AMZN,reddit,212,81
2023-09-29,imagine buying GME at ATH lmaooo,negative,-0.7447837059277718,GME,reddit,24,17
2024-10-22,"AMZN squeeze incoming, shorts are fukd",positive,0.4427903632154303,AMZN,reddit,90,0
2024-04-10,"this is financial advice, buy SPY",positive,0.4719676714240367,SPY,reddit,131,8
2023-08-10,paper trading MSFT before going in,neutral,-0.003413706411219325,MSFT,reddit,198,13
2024-05-22,imagine buying META at ATH lmaooo,negative,-0.5776505627684245,META,reddit,7,17
2024-05-11,wife's boyfriend approved my NVDA purchase,positive,0.6178761011509747,NVDA,reddit,13,22
2023-11-03,if you're not buying TSLA rn you hate money,positive,0.5214621802493065,TSLA,reddit,98,19
2024-03-28,"sold my TSLA bags, finally free",negative,-0.5297150405414206,TSLA,reddit,19,1
2024-01-03,"inverse WSB worked, sold AMZN at the top",negative,-0.501532596984198,AMZN,reddit,37,10
2023-05-21,"YOLO'd my life savings into SPY calls, cant go tits up",positive,0.8756087031813835,SPY,reddit,22,56
2023-03-22,wife's boyfriend approved my SPY purchase,positive,0.6611861228186873,SPY,reddit,40,1
2024-03-19,apes dont sell 💎🙌 GME forever,positive,0.6572682373683696,GME,reddit,151,12
2023-07-13,META IV too high for options rn,neutral,-0.0732753513359013,META,reddit,145,13
2023-02-16,"GME consolidating, waiting for breakout",neutral,0.06865029066881412,GME,reddit,173,5
2024-01-26,what's the play on BB?,neutral,-0.027534165660429988,BB,reddit,153,38
2024-11-09,wife's boyfriend approved my AMC purchase,positive,0.3506428658938768,AMC,reddit,172,24
2023-11-14,"theta gang on GOOGL, selling covered calls",neutral,-0.14198293670003692,GOOGL,reddit,635,32
2023-04-29,"this is financial advice, buy SPY",positive,0.6008761715811949,SPY,reddit,95,3
2023-05-06,"PLTR going to $0, get out while you can",negative,-0.6891356414619108,PLTR,reddit,160,0
2023-01-09,"SPY rug pull, everyone got rekt",negative,-0.8000579701449008,SPY,reddit,118,42
2023-09-16,"AMZN going to $0, get out while you can",negative,-0.3591906353175437,AMZN,reddit,3,10
2023-03-13,"MSFT going to $0, get out while you can",negative,-0.46846293426223007,MSFT,reddit,77,3
2023-08-22,AAPL IV too high for options rn,neutral,0.07404501271398922,AAPL,reddit,169,0
2023-05-09,"GME consolidating, waiting for breakout",neutral,0.18418322910966428,GME,reddit,87,6
2023-04-13,loss porn: down 90% on MSFT calls,negative,-0.4339681086494393,MSFT,reddit,45,7
2024-09-28,wife's boyfriend approved my GOOGL purchase,positive,0.530529632553276,GOOGL,reddit,106,70
2023-12-07,"positions: 100x GME 500c 1/20, wish me luck retards",positive,0.39979380379633034,GME,reddit,273,27
2023-04-08,paper trading AMC before going in,neutral,-0.07324277590391257,AMC,reddit,53,8
2024-08-13,META tendies printing 🍗🍗🍗,positive,0.41243578242930723,META,reddit,126,38
2023-11-28,"PLTR puts printing, bears eating good tonight",negative,-0.5490648222706789,PLTR,reddit,3,27
2023-07-07,DD: Why PLTR is going to $1000 🚀,positive,0.6981917137398059,PLTR,reddit,109,22
2024-03-29,loss porn: down 90% on AMC calls,negative,-0.622514428472118,AMC,reddit,25,6
2024-09-13,"theta gang on AMC, selling covered calls",neutral,0.19908981680497811,AMC,reddit,8,27
2024-09-06,what's the play on GME?,neutral,-0.08614861462570828,GME,reddit,170,17
2023-06-15,AAPL IV too high for options rn,neutral,-0.05544929498005918,AAPL,reddit,110,8
2023-03-27,"AAPL puts printing, bears eating good tonight",negative,-0.8244044615197397,AAPL,reddit,12,8
2023-08-17,"YOLO'd my life savings into GME calls, cant go tits up",positive,0.4683377335709893,GME,reddit,21,18
2024-05-15,what's the play on GME?,neutral,0.18196632641561106,GME,reddit,13,42
2024-07-08,imagine buying AMZN at ATH lmaooo,negative,-0.5037648820507514,AMZN,reddit,242,61
2024-01-02,paper trading MSFT before going in,neutral,0.0018637872771077313,MSFT,reddit,75,3
2023-10-30,AMZN tendies printing 🍗🍗🍗,positive,0.4991546171347333,AMZN,reddit,23,66
2023-02-24,loss porn: down 90% on SPY calls,negative,-0.6054634636233599,SPY,reddit,32,39
2023-04-16,paper trading AAPL before going in,neutral,-0.07331891742016952,AAPL,reddit,31,38
2023-01-06,if you're not buying MSFT rn you hate money,positive,0.7247202291613379,MSFT,reddit,133,16
2024-10-10,BB tendies printing 🍗🍗🍗,positive,0.6284390791189589,BB,reddit,149,32
2023-01-17,"GME consolidating, waiting for breakout",neutral,0.07537173243852052,GME,reddit,62,3
2023-07-27,paper trading GOOGL before going in,neutral,0.16676341299158026,GOOGL,reddit,33,2
2024-04-11,"AAPL rug pull, everyone got rekt",negative,-0.4683474342810057,AAPL,reddit,2,7
2023-01-18,"PLTR consolidating, waiting for breakout",neutral,0.17886378696486938,PLTR,reddit,205,8
2023-05-08,paper trading MSFT before going in,neutral,-0.11963214393212379,MSFT,reddit,3,30
2024-08-09,"theta gang on META, selling covered calls",neutral,0.057491215743852186,META,reddit,107,3
2023-09-20,"YOLO'd my life savings into SPY calls, cant go tits up",positive,0.4786383474155663,SPY,reddit,84,30
2024-07-15,"theta gang on BB, selling covered calls",neutral,0.10608524783130868,BB,reddit,7,25
2024-04-25,loss porn: down 90% on GME calls,negative,-0.40620666224178875,GME,reddit,4,103
2024-02-28,MSFT tendies printing 🍗🍗🍗,positive,0.5504897435517131,MSFT,reddit,14,10
2023-08-13,imagine buying NVDA at ATH lmaooo,negative,-0.6853189751430837,NVDA,reddit,277,10
2023-12-30,"this is financial advice, buy PLTR",positive,0.5068557467997586,PLTR,reddit,113,10
2023-02-26,"GOOGL consolidating, waiting for breakout",neutral,0.03946816177184426,GOOGL,reddit,116,30
2024-03-07,"theta gang on AMZN, selling covered calls",neutral,-0.13915189381908866,AMZN,reddit,82,2
2023-08-28,if you're not buying GOOGL rn you hate money,positive,0.7344763561751904,GOOGL,reddit,31,15
2024-02-17,"MSFT consolidating, waiting for breakout",neutral,0.0973964687268315,MSFT,reddit,3,23
2023-10-21,wife's boyfriend approved my TSLA purchase,positive,0.4671032311432406,TSLA,reddit,68,0
2023-11-12,"AMC squeeze incoming, shorts are fukd",positive,0.3606721374096621,AMC,reddit,228,5
2023-08-20,imagine buying TSLA at ATH lmaooo,negative,-0.35603535894584226,TSLA,reddit,133,10
2023-01-02,loss porn: down 90% on MSFT calls,negative,-0.547122435694916,MSFT,reddit,245,5
2023-03-24,"positions: 100x NVDA 500c 1/20, wish me luck retards",positive,0.6192300296263582,NVDA,reddit,97,90
2024-07-16,"this is financial advice, buy BB",positive,0.6700243556089788,BB,reddit,56,26
2024-08-09,"GUH moment on PLTR, RIP my portfolio",negative,-0.8506135687627626,PLTR,reddit,3,42
2023-10-20,META tendies printing 🍗🍗🍗,positive,0.7527398081533891,META,reddit,14,6
2024-10-24,if you're not buying SPY rn you hate money,positive,0.7834563525436877,SPY,reddit,305,0
2024-06-12,"theta gang on SPY, selling covered calls",neutral,0.1908119634842141,SPY,reddit,256,8
2023-09-09,loss porn: down 90% on BB calls,negative,-0.5738112805672348,BB,reddit,9,6
2024-08-17,apes dont sell 💎🙌 AMC forever,positive,0.782349971879456,AMC,reddit,95,0
2023-10-13,wife's boyfriend approved my SPY purchase,positive,0.39880921100445216,SPY,reddit,79,12
2023-11-20,SPY tendies printing 🍗🍗🍗,positive,0.5155541866544018,SPY,reddit,124,19
2023-05-19,loss porn: down 90% on GOOGL calls,negative,-0.613823278647604,GOOGL,reddit,57,14
2023-07-29,META IV too high for options rn,neutral,0.18775114604781057,META,reddit,5,46
2023-04-21,paper trading TSLA before going in,neutral,-0.07306907814407754,TSLA,reddit,79,40
2024-08-01,SPY IV too high for options rn,neutral,0.03688775330099894,SPY,reddit,23,11
2024-05-09,loss porn: down 90% on NVDA calls,negative,-0.7909353808971681,NVDA,reddit,62,12
2023-02-14,"sold my PLTR bags, finally free",negative,-0.7257771943221915,PLTR,reddit,38,2
2023-12-25,"theta gang on PLTR, selling covered calls",neutral,-0.1529094220111923,PLTR,reddit,202,28
2023-01-23,AMZN tendies printing 🍗🍗🍗,positive,0.46815842847614597,AMZN,reddit,54,16
2024-05-27,"YOLO'd my life savings into AMZN calls, cant go tits up",positive,0.43317700353835964,AMZN,reddit,2,27
2023-12-09,"inverse WSB worked, sold TSLA at the top",negative,-0.42460842380027164,TSLA,reddit,25,2
2023-04-26,paper trading META before going in,neutral,-0.02814675948832926,META,reddit,13,3
2023-06-27,"theta gang on BB, selling covered calls",neutral,0.01595368674633052,BB,reddit,13,27
2024-06-10,"sold my BB bags, finally free",negative,-0.8456246175250367,BB,reddit,28,37
2023-07-15,"theta gang on GOOGL, selling covered calls",neutral,-0.06761654297903125,GOOGL,reddit,45,10
2023-09-12,"TSLA puts printing, bears eating good tonight",negative,-0.33779432542933097,TSLA,reddit,51,5
2023-09-15,"GUH moment on MSFT, RIP my portfolio",negative,-0.7793692725905841,MSFT,reddit,391,32
2024-07-06,if you're not buying AMZN rn you hate money,positive,0.38062145620949506,AMZN,reddit,9,2
2024-07-27,"NVDA rug pull, everyone got rekt",negative,-0.4814764746278897,NVDA,reddit,58,12
2023-10-31,"YOLO'd my life savings into NVDA calls, cant go tits up",positive,0.46541362946856435,NVDA,reddit,190,5
2024-10-14,imagine buying GOOGL at ATH lmaooo,negative,-0.835307970945606,GOOGL,reddit,109,50
2023-07-29,"AAPL rug pull, everyone got rekt",negative,-0.8728357012958058,AAPL,reddit,221,4
2023-06-21,AAPL tendies printing 🍗🍗🍗,positive,0.8082195007777897,AAPL,reddit,28,0
2023-05-03,"this is financial advice, buy META",positive,0.3341737749633459,META,reddit,17,0
2023-12-13,"GME squeeze incoming, shorts are fukd",positive,0.6835708207188343,GME,reddit,240,16
2024-02-25,imagine buying GOOGL at ATH lmaooo,negative,-0.7683624623239376,GOOGL,reddit,18,52
2024-09-05,"YOLO'd my life savings into GME calls, cant go tits up",positive,0.5429738594993789,GME,reddit,54,5
2023-07-02,what's the play on AMC?,neutral,0.12816610566605008,AMC,reddit,356,0
2024-07-18,"GUH moment on SPY, RIP my portfolio",negative,-0.7209141616994843,SPY,reddit,59,33
2024-01-25,anyone got DD on GME?,neutral,0.16733112681134416,GME,reddit,46,17
2024-11-08,bull thesis on AMC: trust me bro,positive,0.5851701519048249,AMC,reddit,134,1
2023-08-09,"inverse WSB worked, sold NVDA at the top",negative,-0.501120758931825,NVDA,reddit,118,7
2024-08-26,imagine buying NVDA at ATH lmaooo,negative,-0.7621643934248061,NVDA,reddit,12,15
2023-04-04,"AAPL consolidating, waiting for breakout",neutral,0.12568878919469167,AAPL,reddit,338,14
2024-06-08,"TSLA squeeze incoming, shorts are fukd",positive,0.6335577103567027,TSLA,reddit,23,13
2023-10-18,DD: Why GME is going to $1000 🚀,positive,0.7067201054844414,GME,reddit,125,9
2023-05-03,if you're not buying AMZN rn you hate money,positive,0.5453316608407294,AMZN,reddit,7,4
2023-10-26,"MSFT squeeze incoming, shorts are fukd",positive,0.7039729223066629,MSFT,reddit,8,34
2024-05-26,imagine buying AMZN at ATH lmaooo,negative,-0.3431692493397499,AMZN,reddit,341,9
2023-03-06,"theta gang on META, selling covered calls",neutral,0.12901393810601486,META,reddit,66,74
2023-05-05,"theta gang on TSLA, selling covered calls",neutral,-0.17551669536349715,TSLA,reddit,28,19
2023-10-31,DD: Why GOOGL is going to $1000 🚀,positive,0.8499892257908168,GOOGL,reddit,253,38
2024-08-27,bull thesis on AMC: trust me bro,positive,0.7530723249655937,AMC,reddit,125,2
2023-02-01,bull thesis on BB: trust me bro,positive,0.31831366658601745,BB,reddit,126,16
2023-02-20,AMZN IV too high for options rn,neutral,-0.01741180036884113,AMZN,reddit,29,2
2023-05-13,apes dont sell 💎🙌 TSLA forever,positive,0.5783871524255859,TSLA,reddit,265,28
2024-10-11,apes dont sell 💎🙌 AMZN forever,positive,0.49211222354236617,AMZN,reddit,23,11
2023-06-14,"theta gang on AMZN, selling covered calls",neutral,0.07291821640981155,AMZN,reddit,121,3
2024-02-16,bull thesis on META: trust me bro,positive,0.6393409282150437,META,reddit,318,40
2024-09-14,DD: Why GME is going to $1000 🚀,positive,0.8327626221828555,GME,reddit,52,10
2024-01-27,bull thesis on GME: trust me bro,positive,0.39601044996310913,GME,reddit,44,6
2023-06-30,"YOLO'd my life savings into GOOGL calls, cant go tits up",positive,0.33770643644859294,GOOGL,reddit,37,2
2023-10-10,DD: Why AAPL is going to $1000 🚀,positive,0.6482493839082566,AAPL,reddit,62,4
2024-10-30,"YOLO'd my life savings into AMC calls, cant go tits up",positive,0.6019809046026974,AMC,reddit,66,27
2023-02-24,"sold my PLTR bags, finally free",negative,-0.488075526305867,PLTR,reddit,9,1
2023-02-03,if you're not buying AMZN rn you hate money,positive,0.8032914733072354,AMZN,reddit,21,9
2023-06-04,anyone got DD on NVDA?,neutral,-0.03911813116290874,NVDA,reddit,54,37
2024-06-13,"sold my SPY bags, finally free",negative,-0.7724903694617951,SPY,reddit,35,2
2023-04-28,"theta gang on TSLA, selling covered calls",neutral,-0.06831061269103,TSLA,reddit,101,45
2024-11-09,bull thesis on AMC: trust me bro,positive,0.5436428048722903,AMC,reddit,126,5
2024-04-19,"positions: 100x GME 500c 1/20, wish me luck retards",positive,0.5284912933914125,GME,reddit,137,63
2024-04-09,loss porn: down 90% on SPY calls,negative,-0.7156950385159854,SPY,reddit,102,6
2023-08-06,"positions: 100x MSFT 500c 1/20, wish me luck retards",positive,0.6130895029553954,MSFT,reddit,35,3
2024-11-15,"MSFT consolidating, waiting for breakout",neutral,0.12121893744363937,MSFT,reddit,69,10
2024-09-19,DD: Why AMC is going to $1000 🚀,positive,0.41497975122569075,AMC,reddit,142,10
2023-10-01,"theta gang on TSLA, selling covered calls",neutral,-0.11755676153824207,TSLA,reddit,5,7
2023-08-16,wife's boyfriend approved my NVDA purchase,positive,0.7899860923767817,NVDA,reddit,144,77
2023-11-19,DD: Why AMC is going to $1000 🚀,positive,0.8856763723674623,AMC,reddit,48,34
2023-02-18,GOOGL tendies printing 🍗🍗🍗,positive,0.7114668497584381,GOOGL,reddit,121,7
2024-11-09,if you're not buying GOOGL rn you hate money,positive,0.5174314590899346,GOOGL,reddit,577,28
2023-07-18,imagine buying MSFT at ATH lmaooo,negative,-0.751074359082551,MSFT,reddit,95,1
2024-01-28,"positions: 100x SPY 500c 1/20, wish me luck retards",positive,0.398939704882675,SPY,reddit,457,7
2023-11-12,loss porn: down 90% on GOOGL calls,negative,-0.7468101923787209,GOOGL,reddit,18,39
2023-12-25,"TSLA consolidating, waiting for breakout",neutral,-0.14133161855267892,TSLA,reddit,66,8
2023-04-03,GOOGL tendies printing 🍗🍗🍗,positive,0.5118409793635117,GOOGL,reddit,18,10
2023-01-14,if you're not buying META rn you hate money,positive,0.30764889183382305,META,reddit,126,8
2024-02-22,SPY tendies printing 🍗🍗🍗,positive,0.7346699412284379,SPY,reddit,21,2
2024-05-01,anyone got DD on AMC?,neutral,-0.08975145310064613,AMC,reddit,114,1
2024-01-26,"GME squeeze incoming, shorts are fukd",positive,0.8198919944268737,GME,reddit,41,32
2024-01-22,anyone got DD on AMC?,neutral,0.14847331041202372,AMC,reddit,121,59
2023-01-25,wife's boyfriend approved my AMZN purchase,positive,0.6736238382310618,AMZN,reddit,179,1
2024-02-21,paper trading PLTR before going in,neutral,-0.049256461132477586,PLTR,reddit,36,3
2024-01-27,"theta gang on GOOGL, selling covered calls",neutral,-0.16164846550720818,GOOGL,reddit,67,19
2023-09-08,loss porn: down 90% on AMC calls,negative,-0.6065191378072328,AMC,reddit,13,1
2024-10-03,if you're not buying GME rn you hate money,positive,0.5996712390228047,GME,reddit,115,29
2023-08-29,anyone got DD on SPY?,neutral,-0.11239333689410619,SPY,reddit,207,12
2023-01-18,"positions: 100x BB 500c 1/20, wish me luck retards",positive,0.672270267503873,BB,reddit,277,6
2023-01-28,"YOLO'd my life savings into BB calls, cant go tits up",positive,0.5940054849905587,BB,reddit,54,11
2023-02-28,PLTR tendies printing 🍗🍗🍗,positive,0.670865523877199,PLTR,reddit,100,12
2023-05-31,bull thesis on TSLA: trust me bro,positive,0.4034612577667584,TSLA,reddit,399,10
2024-05-25,"sold my GOOGL bags, finally free",negative,-0.7170968782090219,GOOGL,reddit,13,8
2024-06-02,"YOLO'd my life savings into TSLA calls, cant go tits up",positive,0.6059312278387152,TSLA,reddit,120,17
2023-01-12,"positions: 100x AMC 500c 1/20, wish me luck retards",positive,0.6445924949839013,AMC,reddit,18,14
2024-02-06,GME IV too high for options rn,neutral,-0.01516710187354095,GME,reddit,34,63
2024-08-05,"TSLA rug pull, everyone got rekt",negative,-0.6711044476535905,TSLA,reddit,202,1
2024-04-11,loss porn: down 90% on AMC calls,negative,-0.6430166277085139,AMC,reddit,49,18
2023-10-26,DD: Why GOOGL is going to $1000 🚀,positive,0.3571410164605008,GOOGL,reddit,40,13
2024-09-05,"SPY going to $0, get out while you can",negative,-0.6087733119255994,SPY,reddit,86,11
2023-03-06,what's the play on AAPL?,neutral,0.12705313081011682,AAPL,reddit,69,3
2023-03-25,"TSLA consolidating, waiting for breakout",neutral,-0.1618672538398649,TSLA,reddit,5,4
2023-06-13,anyone got DD on SPY?,neutral,-0.008827741546065138,SPY,reddit,51,54
2024-01-19,"sold my BB bags, finally free",negative,-0.6377751422508717,BB,reddit,129,17
2024-06-12,anyone got DD on PLTR?,neutral,0.18087594425961612,PLTR,reddit,123,1
2023-09-29,"PLTR consolidating, waiting for breakout",neutral,-0.13568811269951453,PLTR,reddit,27,1
2024-05-14,"inverse WSB worked, sold TSLA at the top",negative,-0.738201384282991,TSLA,reddit,302,2
2023-09-26,"MSFT going to $0, get out while you can",negative,-0.6703354735261998,MSFT,reddit,92,91
2023-06-05,"positions: 100x SPY 500c 1/20, wish me luck retards",positive,0.4182697074383331,SPY,reddit,76,39
2024-01-08,paper trading NVDA before going in,neutral,-0.10712417809800168,NVDA,reddit,200,5
2024-11-17,"positions: 100x TSLA 500c 1/20, wish me luck retards",positive,0.31078737606487367,TSLA,reddit,21,13
2024-09-02,"inverse WSB worked, sold BB at the top",negative,-0.3394953856048005,BB,reddit,192,64
2023-04-26,imagine buying META at ATH lmaooo,negative,-0.45740993190819695,META,reddit,372,11
2024-05-14,paper trading GME before going in,neutral,0.1761331374451569,GME,reddit,171,2
2024-02-19,"inverse WSB worked, sold AAPL at the top",negative,-0.7586284709080684,AAPL,reddit,44,3
2023-08-27,GME IV too high for options rn,neutral,0.10859173914486392,GME,reddit,72,10
2023-11-23,TSLA IV too high for options rn,neutral,0.17674764926030795,TSLA,reddit,214,5
2024-05-08,loss porn: down 90% on GOOGL calls,negative,-0.5624355261733256,GOOGL,reddit,155,1
2024-03-14,"GUH moment on NVDA, RIP my portfolio",negative,-0.7466643155299294,NVDA,reddit,162,16
2023-06-05,"AMZN going to $0, get out while you can",negative,-0.3492312247732813,AMZN,reddit,180,16
2024-10-04,"sold my AMC bags, finally free",negative,-0.50814611661173,AMC,reddit,24,65
2023-12-15,"AMC consolidating, waiting for breakout",neutral,-0.07071544839882313,AMC,reddit,152,25
2023-01-26,bull thesis on AMC: trust me bro,positive,0.5969633973082864,AMC,reddit,47,16
2024-03-03,paper trading BB before going in,neutral,-0.06756675974754917,BB,reddit,107,25
2024-04-29,bull thesis on BB: trust me bro,positive,0.6757031009118879,BB,reddit,194,0
2023-07-10,"sold my META bags, finally free",negative,-0.7603957673622965,META,reddit,205,4
2023-06-05,"GUH moment on AAPL, RIP my portfolio",negative,-0.8051830668570199,AAPL,reddit,15,38
2024-11-06,"YOLO'd my life savings into META calls, cant go tits up",positive,0.8611263049233768,META,reddit,93,21
2023-10-22,what's the play on PLTR?,neutral,0.021384379493636724,PLTR,reddit,1,43
2023-11-11,"this is financial advice, buy MSFT",positive,0.6761938370604987,MSFT,reddit,160,42
2024-01-02,bull thesis on META: trust me bro,positive,0.8817217929183805,META,reddit,65,25
2023-10-30,apes dont sell 💎🙌 AMZN forever,positive,0.4164533058150857,AMZN,reddit,20,15
2024-01-21,if you're not buying SPY rn you hate money,positive,0.49287136663860254,SPY,reddit,153,21
2024-10-31,"positions: 100x AAPL 500c 1/20, wish me luck retards",positive,0.7914111662807979,AAPL,reddit,281,4
2023-07-25,"this is financial advice, buy TSLA",positive,0.46366174439279595,TSLA,reddit,35,16
2024-10-03,"this is financial advice, buy BB",positive,0.6378682031643104,BB,reddit,24,44
2024-05-03,anyone got DD on GME?,neutral,-0.0653563381920188,GME,reddit,1,5
2023-05-13,"GUH moment on NVDA, RIP my portfolio",negative,-0.6274921833249663,NVDA,reddit,361,28
2024-09-23,"inverse WSB worked, sold PLTR at the top",negative,-0.5014985554125886,PLTR,reddit,7,12
2024-05-22,"sold my AMC bags, finally free",negative,-0.8267971456792285,AMC,reddit,66,35
2023-06-18,DD: Why NVDA is going to $1000 🚀,positive,0.6439173012934183,NVDA,reddit,44,1
2023-11-18,if you're not buying NVDA rn you hate money,positive,0.6496344049652552,NVDA,reddit,119,133
2023-04-29,bull thesis on AAPL: trust me bro,positive,0.7223545619554244,AAPL,reddit,100,58
2023-11-03,"YOLO'd my life savings into GOOGL calls, cant go tits up",positive,0.8007695007136586,GOOGL,reddit,238,8
2023-02-14,anyone got DD on AMC?,neutral,-0.09805122619169558,AMC,reddit,97,5
2024-03-01,META IV too high for options rn,neutral,0.05633218512859661,META,reddit,62,0
2023-06-11,"this is financial advice, buy AAPL",positive,0.3287346830639085,AAPL,reddit,8,6
2024-03-04,"inverse WSB worked, sold GOOGL at the top",negative,-0.37054373802690255,GOOGL,reddit,6,9
2024-02-06,"this is financial advice, buy NVDA",positive,0.6438721197159305,NVDA,reddit,9,2
2024-02-28,DD: Why NVDA is going to $1000 🚀,positive,0.8974339138914647,NVDA,reddit,138,13
2023-08-19,"positions: 100x META 500c 1/20, wish me luck retards",positive,0.41023174801885764,META,reddit,73,5
2024-05-16,if you're not buying GOOGL rn you hate money,positive,0.35232434808966406,GOOGL,reddit,21,31
2023-06-09,"positions: 100x AAPL 500c 1/20, wish me luck retards",positive,0.6692955469724697,AAPL,reddit,411,74
2024-04-30,"sold my META bags, finally free",negative,-0.6511229785942533,META,reddit,63,7
2024-03-04,loss porn: down 90% on BB calls,negative,-0.5334970637646621,BB,reddit,76,9
2023-09-06,"NVDA consolidating, waiting for breakout",neutral,-0.09267486811073633,NVDA,reddit,197,1
2023-11-17,"YOLO'd my life savings into GOOGL calls, cant go tits up",positive,0.5000697921021388,GOOGL,reddit,27,115
2024-07-10,"AAPL consolidating, waiting for breakout",neutral,-0.011617150560618905,AAPL,reddit,206,0
2024-05-03,anyone got DD on BB?,neutral,-0.16008336145625673,BB,reddit,279,24
2023-09-01,"this is financial advice, buy GME",positive,0.8764840292239517,GME,reddit,94,13
2023-01-19,PLTR IV too high for options rn,neutral,0.10324675016779222,PLTR,reddit,229,21
2024-05-05,what's the play on GOOGL?,neutral,-0.0953670768325614,GOOGL,reddit,33,18
2023-03-21,anyone got DD on NVDA?,neutral,-0.15335274241241478,NVDA,reddit,272,0
2023-03-19,"this is financial advice, buy AMZN",positive,0.8300765548436608,AMZN,reddit,96,9
2023-03-30,"this is financial advice, buy MSFT",positive,0.5905216520852494,MSFT,reddit,17,15
2023-07-30,"theta gang on META, selling covered calls",neutral,-0.0884178564153261,META,reddit,0,42
2024-11-19,AMC tendies printing 🍗🍗🍗,positive,0.6377287000964471,AMC,reddit,10,0
2023-07-16,"AMZN rug pull, everyone got rekt",negative,-0.4884527741570865,AMZN,reddit,46,46
2023-11-02,wife's boyfriend approved my NVDA purchase,positive,0.4570921111900378,NVDA,reddit,33,27
2023-12-19,"positions: 100x AAPL 500c 1/20, wish me luck retards",positive,0.7779330824910093,AAPL,reddit,167,25
2023-01-16,if you're not buying PLTR rn you hate money,positive,0.7199756933619691,PLTR,reddit,272,6
2024-07-05,"AAPL squeeze incoming, shorts are fukd",positive,0.6694839284881569,AAPL,reddit,58,21
2024-08-28,"theta gang on AAPL, selling covered calls",neutral,0.16056293023540613,AAPL,reddit,122,1
2023-04-12,BB IV too high for options rn,neutral,-0.11552628318499886,BB,reddit,75,8
2024-07-25,apes dont sell 💎🙌 PLTR forever,positive,0.3561475865480378,PLTR,reddit,33,17
2023-08-22,GOOGL tendies printing 🍗🍗🍗,positive,0.38819838190343625,GOOGL,reddit,118,7
2024-01-30,wife's boyfriend approved my SPY purchase,positive,0.582514032507583,SPY,reddit,141,11
2023-03-13,"positions: 100x PLTR 500c 1/20, wish me luck retards",positive,0.32766981778165266,PLTR,reddit,106,19
2023-10-11,imagine buying BB at ATH lmaooo,negative,-0.5123844084646871,BB,reddit,49,37
2024-10-28,"sold my MSFT bags, finally free",negative,-0.583119135495364,MSFT,reddit,64,11
2023-02-07,what's the play on GOOGL?,neutral,0.024716283090056163,GOOGL,reddit,136,0
2023-08-23,DD: Why META is going to $1000 🚀,positive,0.3489637559594041,META,reddit,6,14
2024-06-19,wife's boyfriend approved my BB purchase,positive,0.49489043404512445,BB,reddit,21,25
2024-10-21,"positions: 100x GME 500c 1/20, wish me luck retards",positive,0.3601767474268681,GME,reddit,67,39
2024-11-16,"sold my BB bags, finally free",negative,-0.7612749523620019,BB,reddit,62,23
2023-05-30,GME tendies printing 🍗🍗🍗,positive,0.6084703225475818,GME,reddit,6,39
2024-09-22,TSLA tendies printing 🍗🍗🍗,positive,0.727709722421101,TSLA,reddit,337,14
2023-10-31,"sold my GME bags, finally free",negative,-0.6939930949709655,GME,reddit,13,10
2023-02-05,GME IV too high for options rn,neutral,0.02053233558741488,GME,reddit,285,54
2023-01-11,"AMZN consolidating, waiting for breakout",neutral,-0.19370548605848553,AMZN,reddit,20,6
2024-02-19,"YOLO'd my life savings into GOOGL calls, cant go tits up",positive,0.8978127706050898,GOOGL,reddit,5,83
2023-03-04,if you're not buying META rn you hate money,positive,0.493216732901861,META,reddit,103,24
2024-01-08,DD: Why PLTR is going to $1000 🚀,positive,0.5927186123648422,PLTR,reddit,128,43
2023-02-09,"theta gang on GOOGL, selling covered calls",neutral,0.1346392213978832,GOOGL,reddit,128,8
2023-07-24,anyone got DD on PLTR?,neutral,-0.1527699128320638,PLTR,reddit,8,19
2023-10-20,"AMZN going to $0, get out while you can",negative,-0.5043762274370818,AMZN,reddit,104,6
2023-05-31,loss porn: down 90% on PLTR calls,negative,-0.5538375349559425,PLTR,reddit,126,14
2024-06-21,if you're not buying NVDA rn you hate money,positive,0.7292442880918925,NVDA,reddit,8,6
2023-10-05,"inverse WSB worked, sold BB at the top",negative,-0.37925018339460004,BB,reddit,0,6
2023-11-17,"PLTR squeeze incoming, shorts are fukd",positive,0.3734744693709246,PLTR,reddit,72,0
2024-06-29,"theta gang on GME, selling covered calls",neutral,-0.1969205208337591,GME,reddit,179,10
2023-05-11,SPY tendies printing 🍗🍗🍗,positive,0.6354606940491514,SPY,reddit,42,2
2023-02-12,"positions: 100x MSFT 500c 1/20, wish me luck retards",positive,0.5947971338804536,MSFT,reddit,5,8
2023-06-06,"META consolidating, waiting for breakout",neutral,0.15893787859984893,META,reddit,226,20
2024-10-17,DD: Why GOOGL is going to $1000 🚀,positive,0.37559256594804163,GOOGL,reddit,145,14
2024-02-17,apes dont sell 💎🙌 NVDA forever,positive,0.6022965184228002,NVDA,reddit,74,1
2024-02-02,anyone got DD on AMZN?,neutral,-0.08621608585410945,AMZN,reddit,8,0
2024-08-16,"theta gang on TSLA, selling covered calls",neutral,0.127755383072013,TSLA,reddit,98,10
2024-07-12,"AAPL squeeze incoming, shorts are fukd",positive,0.3369160697292415,AAPL,reddit,100,0
2024-11-07,what's the play on NVDA?,neutral,0.11557910001883814,NVDA,reddit,29,15
2023-08-13,"theta gang on TSLA, selling covered calls",neutral,0.023112750622567735,TSLA,reddit,53,33
2023-02-20,"this is financial advice, buy BB",positive,0.518111705915927,BB,reddit,15,1
2024-05-11,DD: Why SPY is going to $1000 🚀,positive,0.72371498541171,SPY,reddit,3,43
2024-07-19,paper trading GOOGL before going in,neutral,0.06925650207450784,GOOGL,reddit,26,43
2024-08-20,if you're not buying NVDA rn you hate money,positive,0.7211589192502632,NVDA,reddit,19,15
2023-03-20,"this is financial advice, buy GME",positive,0.8197070673976141,GME,reddit,165,20
2023-09-04,paper trading SPY before going in,neutral,-0.19743430888065272,SPY,reddit,132,8
2024-09-21,"GOOGL consolidating, waiting for breakout",neutral,-0.16394895094919082,GOOGL,reddit,58,16
2024-01-07,imagine buying AMZN at ATH lmaooo,negative,-0.45318781254970475,AMZN,reddit,43,5
2023-07-07,"positions: 100x GOOGL 500c 1/20, wish me luck retards",positive,0.6063994992378883,GOOGL,reddit,34,35
2024-02-19,MSFT IV too high for options rn,neutral,0.15075394668738246,MSFT,reddit,20,5
2023-06-27,AMC IV too high for options rn,neutral,-0.1528124208658479,AMC,reddit,124,16
2024-01-13,"inverse WSB worked, sold MSFT at the top",negative,-0.45178397184302704,MSFT,reddit,83,23
2023-05-12,paper trading GOOGL before going in,neutral,0.18005141641259975,GOOGL,reddit,256,3
2023-10-09,imagine buying META at ATH lmaooo,negative,-0.49075308980609594,META,reddit,135,11
2024-05-31,"MSFT squeeze incoming, shorts are fukd",positive,0.6510746998184858,MSFT,reddit,79,4
2024-06-09,if you're not buying PLTR rn you hate money,positive,0.8244338207327933,PLTR,reddit,352,35
2023-10-27,"sold my AMZN bags, finally free",negative,-0.4173926889218933,AMZN,reddit,40,16
2024-02-05,PLTR tendies printing 🍗🍗🍗,positive,0.7226515268031943,PLTR,reddit,40,16
2023-04-10,paper trading AMZN before going in,neutral,-0.19630562790545208,AMZN,reddit,129,15
2024-05-23,wife's boyfriend approved my AMC purchase,positive,0.5392150412236657,AMC,reddit,65,31
2024-06-02,"theta gang on META, selling covered calls",neutral,-0.18306415656924707,META,reddit,41,16
2023-04-18,if you're not buying PLTR rn you hate money,positive,0.6541650753319317,PLTR,reddit,38,29
2023-09-28,"GME rug pull, everyone got rekt",negative,-0.4907025300221768,GME,reddit,111,10
2024-03-10,"GUH moment on META, RIP my portfolio",negative,-0.758372361809507,META,reddit,43,20
2023-08-02,"this is financial advice, buy GOOGL",positive,0.8918483520280835,GOOGL,reddit,40,22
2024-01-04,"GUH moment on MSFT, RIP my portfolio",negative,-0.8366214312000749,MSFT,reddit,67,5
2023-11-06,bull thesis on SPY: trust me bro,positive,0.7385046354524822,SPY,reddit,128,91
2024-11-20,TSLA tendies printing 🍗🍗🍗,positive,0.31027772170870044,TSLA,reddit,236,11
2023-08-30,apes dont sell 💎🙌 NVDA forever,positive,0.30677319990032276,NVDA,reddit,169,7
2024-09-27,what's the play on NVDA?,neutral,0.11739773862002262,NVDA,reddit,232,98
2023-08-22,"META consolidating, waiting for breakout",neutral,-0.10734198407077811,META,reddit,167,0
2024-01-16,"NVDA rug pull, everyone got rekt",negative,-0.7714023513481001,NVDA,reddit,81,9
2023-12-13,"theta gang on GOOGL, selling covered calls",neutral,-0.023683067812261704,GOOGL,reddit,50,10
2024-01-09,wife's boyfriend approved my GOOGL purchase,positive,0.5265384949789464,GOOGL,reddit,35,18
2023-12-04,bull thesis on META: trust me bro,positive,0.7636461796738849,META,reddit,145,16
2023-10-04,"TSLA squeeze incoming, shorts are fukd",positive,0.7425244635243335,TSLA,reddit,76,35
2023-06-04,what's the play on AMZN?,neutral,0.1482041997267618,AMZN,reddit,69,2
2024-03-17,META IV too high for options rn,neutral,0.023319223858777466,META,reddit,57,31
2024-01-09,NVDA IV too high for options rn,neutral,-0.06084985525581396,NVDA,reddit,70,8
2024-06-03,MSFT tendies printing 🍗🍗🍗,positive,0.4830059813818164,MSFT,reddit,70,14
2024-07-23,"SPY puts printing, bears eating good tonight",negative,-0.6905880075142183,SPY,reddit,59,10
2023-10-09,apes dont sell 💎🙌 AAPL forever,positive,0.7181685696888167,AAPL,reddit,153,14
2024-01-06,if you're not buying META rn you hate money,positive,0.7182167188628781,META,reddit,17,0
2024-02-03,bull thesis on META: trust me bro,positive,0.6155215921989001,META,reddit,60,9
2024-07-15,"PLTR going to $0, get out while you can",negative,-0.711945063185914,PLTR,reddit,84,7
2023-07-28,"this is financial advice, buy META",positive,0.38955757944185065,META,reddit,20,63
2024-02-01,DD: Why GME is going to $1000 🚀,positive,0.40022115723870577,GME,reddit,147,2
2023-03-11,anyone got DD on GME?,neutral,-0.19723862540133325,GME,reddit,124,22
2024-02-20,if you're not buying NVDA rn you hate money,positive,0.5705108112213301,NVDA,reddit,37,33
2024-02-22,"positions: 100x GOOGL 500c 1/20, wish me luck retards",positive,0.6389722175801833,GOOGL,reddit,30,15
2024-05-23,"AAPL consolidating, waiting for breakout",neutral,-0.18299537224746856,AAPL,reddit,105,114
2024-02-09,loss porn: down 90% on SPY calls,negative,-0.6745021473820312,SPY,reddit,177,53
2024-08-28,paper trading META before going in,neutral,0.015397759490000412,META,reddit,46,69
2023-07-10,"sold my SPY bags, finally free",negative,-0.7644891413182185,SPY,reddit,17,1
2023-02-20,"GUH moment on PLTR, RIP my portfolio",negative,-0.8320675878551006,PLTR,reddit,129,26
2024-09-19,if you're not buying AAPL rn you hate money,positive,0.806780703068626,AAPL,reddit,249,16
2024-05-29,PLTR IV too high for options rn,neutral,-0.008810816452405085,PLTR,reddit,109,15
2023-11-08,imagine buying TSLA at ATH lmaooo,negative,-0.6212878821168715,TSLA,reddit,95,13
2023-07-19,paper trading AMC before going in,neutral,-0.16118770699043786,AMC,reddit,19,35
2024-11-19,SPY tendies printing 🍗🍗🍗,positive,0.6947229324302647,SPY,reddit,28,12
2023-08-09,"inverse WSB worked, sold MSFT at the top",negative,-0.8791712544367133,MSFT,reddit,194,7
2024-01-27,"YOLO'd my life savings into GOOGL calls, cant go tits up",positive,0.5576377310625804,GOOGL,reddit,41,1
2023-10-01,"this is financial advice, buy BB",positive,0.35880313116757356,BB,reddit,59,12
2024-08-04,anyone got DD on SPY?,neutral,-0.1828826555794033,SPY,reddit,306,6
2023-10-29,paper trading AAPL before going in,neutral,0.05336259229905588,AAPL,reddit,59,13
2023-07-14,bull thesis on TSLA: trust me bro,positive,0.8268911564860191,TSLA,reddit,51,45
2024-05-18,"MSFT rug pull, everyone got rekt",negative,-0.5372291335482855,MSFT,reddit,48,20
2024-03-14,"YOLO'd my life savings into GOOGL calls, cant go tits up",positive,0.7292261688293928,GOOGL,reddit,10,13
2024-09-22,paper trading GME before going in,neutral,-0.15039891726763288,GME,reddit,78,32
2023-10-17,loss porn: down 90% on SPY calls,negative,-0.5800918882267561,SPY,reddit,61,9
2024-10-22,"AAPL puts printing, bears eating good tonight",negative,-0.6054477939330191,AAPL,reddit,11,10
2023-10-30,paper trading NVDA before going in,neutral,0.07060958760482966,NVDA,reddit,130,80
2023-02-16,"TSLA consolidating, waiting for breakout",neutral,-0.12723574794606213,TSLA,reddit,18,22
2023-02-06,if you're not buying SPY rn you hate money,positive,0.7256831671312132,SPY,reddit,41,11
2024-08-31,"positions: 100x GME 500c 1/20, wish me luck retards",positive,0.343534977401918,GME,reddit,12,6
2024-11-16,"theta gang on SPY, selling covered calls",neutral,0.16800239746426687,SPY,reddit,345,36
2024-07-23,"YOLO'd my life savings into AMZN calls, cant go tits up",positive,0.7515739770373102,AMZN,reddit,269,5
2023-02-23,bull thesis on AAPL: trust me bro,positive,0.35358951721003873,AAPL,reddit,77,60
2024-09-14,PLTR tendies printing 🍗🍗🍗,positive,0.6381272013220807,PLTR,reddit,53,32
2024-10-23,paper trading META before going in,neutral,0.022875779825390324,META,reddit,12,60
2024-03-07,"MSFT going to $0, get out while you can",negative,-0.7430283906199516,MSFT,reddit,130,25
2024-01-09,AMZN tendies printing 🍗🍗🍗,positive,0.821333918216415,AMZN,reddit,316,28
2024-04-21,what's the play on AMZN?,neutral,0.1149780308309451,AMZN,reddit,52,1
2023-05-30,wife's boyfriend approved my TSLA purchase,positive,0.709888531322977,TSLA,reddit,29,4
2023-07-16,apes dont sell 💎🙌 AMZN forever,positive,0.4575340481023308,AMZN,reddit,17,20
2023-06-14,if you're not buying PLTR rn you hate money,positive,0.6126413285507126,PLTR,reddit,75,19
2023-09-23,loss porn: down 90% on MSFT calls,negative,-0.33585130202099045,MSFT,reddit,14,35
2023-05-15,"positions: 100x GOOGL 500c 1/20, wish me luck retards",positive,0.5584224414123858,GOOGL,reddit,5,31
2024-02-19,apes dont sell 💎🙌 BB forever,positive,0.7102864713854788,BB,reddit,162,1
2023-09-17,paper trading SPY before going in,neutral,-0.11674560944248782,SPY,reddit,247,3
2023-11-20,"YOLO'd my life savings into GOOGL calls, cant go tits up",positive,0.6342783275497093,GOOGL,reddit,87,1
2023-10-15,"SPY rug pull, everyone got rekt",negative,-0.6350151047272681,SPY,reddit,269,38
2024-06-04,apes dont sell 💎🙌 AAPL forever,positive,0.4320720293837855,AAPL,reddit,89,22
2023-07-31,"GOOGL consolidating, waiting for breakout",neutral,0.007331051407911321,GOOGL,reddit,22,0
2024-11-08,bull thesis on AAPL: trust me bro,positive,0.8790783937771827,AAPL,reddit,65,24
2024-02-08,"this is financial advice, buy AMC",positive,0.35197324278236725,AMC,reddit,0,68
2023-04-19,DD: Why META is going to $1000 🚀,positive,0.358668734559043,META,reddit,159,33
2023-04-08,"sold my AMC bags, finally free",negative,-0.8942038075025934,AMC,reddit,202,61
2024-08-31,paper trading BB before going in,neutral,-0.19742017722648192,BB,reddit,78,5
2023-11-21,if you're not buying AMC rn you hate money,positive,0.42813641656147505,AMC,reddit,77,11
2024-01-25,loss porn: down 90% on SPY calls,negative,-0.32908577401371486,SPY,reddit,65,24
2023-12-16,"this is financial advice, buy SPY",positive,0.4399895198860611,SPY,reddit,18,38
2024-08-30,imagine buying AAPL at ATH lmaooo,negative,-0.4696831653232877,AAPL,reddit,175,10
2023-12-21,TSLA IV too high for options rn,neutral,0.1807854379108046,TSLA,reddit,77,4
2024-05-27,"META consolidating, waiting for breakout",neutral,-0.09182485678210162,META,reddit,37,14
2023-07-01,if you're not buying BB rn you hate money,positive,0.4141381061208002,BB,reddit,41,8
2023-08-11,"this is financial advice, buy BB",positive,0.7473434226746416,BB,reddit,29,3
2023-03-02,what's the play on GME?,neutral,-0.09504932256886543,GME,reddit,53,15
2023-06-15,"AMC squeeze incoming, shorts are fukd",positive,0.45024239064157745,AMC,reddit,155,1
2023-07-19,TSLA IV too high for options rn,neutral,0.1649233262443523,TSLA,reddit,131,14
2024-11-10,"positions: 100x GME 500c 1/20, wish me luck retards",positive,0.36947450973784196,GME,reddit,26,26
2024-02-03,"GME going to $0, get out while you can",negative,-0.3348509842173669,GME,reddit,98,6
2024-07-25,"positions: 100x NVDA 500c 1/20, wish me luck retards",positive,0.8498334327054566,NVDA,reddit,29,41
2023-11-13,imagine buying PLTR at ATH lmaooo,negative,-0.7708886440907002,PLTR,reddit,42,9
2024-07-30,TSLA IV too high for options rn,neutral,0.09983277123382328,TSLA,reddit,8,1
2023-03-03,"GOOGL squeeze incoming, shorts are fukd",positive,0.7629717074305553,GOOGL,reddit,55,28
2024-04-04,AAPL tendies printing 🍗🍗🍗,positive,0.46147850808529245,AAPL,reddit,200,3
2023-04-17,"TSLA squeeze incoming, shorts are fukd",positive,0.8357477065991505,TSLA,reddit,78,9
2024-08-20,"this is financial advice, buy BB",positive,0.48470688643396426,BB,reddit,30,14
2024-01-19,AAPL IV too high for options rn,neutral,-0.178437279565518,AAPL,reddit,87,0
2023-08-22,"AMZN consolidating, waiting for breakout",neutral,-0.06016433175981897,AMZN,reddit,57,6
2023-01-22,"YOLO'd my life savings into SPY calls, cant go tits up",positive,0.6351379637615855,SPY,reddit,35,16
2024-03-13,imagine buying META at ATH lmaooo,negative,-0.6622160278683547,META,reddit,115,11
2024-10-04,bull thesis on TSLA: trust me bro,positive,0.41990262411939394,TSLA,reddit,216,13
2023-10-31,"AMC puts printing, bears eating good tonight",negative,-0.573674811086752,AMC,reddit,128,14
2023-02-07,"AMZN puts printing, bears eating good tonight",negative,-0.7140959112668746,AMZN,reddit,7,6
2023-10-24,what's the play on SPY?,neutral,-0.16201339679894816,SPY,reddit,169,26
2023-05-17,"META squeeze incoming, shorts are fukd",positive,0.6000695179547954,META,reddit,9,12
2023-04-14,AAPL IV too high for options rn,neutral,0.08432373908266938,AAPL,reddit,81,0
2023-02-20,"AMC squeeze incoming, shorts are fukd",positive,0.6182963038543934,AMC,reddit,120,9
2024-09-13,"YOLO'd my life savings into GOOGL calls, cant go tits up",positive,0.8568220945568121,GOOGL,reddit,66,45
2023-02-02,"SPY puts printing, bears eating good tonight",negative,-0.7722199310422917,SPY,reddit,27,15
2023-08-13,if you're not buying BB rn you hate money,positive,0.5642535206776887,BB,reddit,1,1
2024-05-19,"YOLO'd my life savings into NVDA calls, cant go tits up",positive,0.6599710192709669,NVDA,reddit,251,17
2023-03-21,if you're not buying AMZN rn you hate money,positive,0.6895848261874198,AMZN,reddit,36,30
2024-04-24,wife's boyfriend approved my GME purchase,positive,0.7445140326807105,GME,reddit,12,37
2024-10-31,"GOOGL rug pull, everyone got rekt",negative,-0.3010997331734644,GOOGL,reddit,34,8
2024-10-14,what's the play on TSLA?,neutral,0.038687917871788796,TSLA,reddit,13,4
2023-09-23,loss porn: down 90% on SPY calls,negative,-0.574175617620857,SPY,reddit,185,23
2024-04-16,TSLA tendies printing 🍗🍗🍗,positive,0.8583769631729175,TSLA,reddit,355,1
2024-02-16,MSFT tendies printing 🍗🍗🍗,positive,0.6563640162268517,MSFT,reddit,40,12
2023-10-19,"inverse WSB worked, sold PLTR at the top",negative,-0.3805138007431834,PLTR,reddit,101,1
2024-06-14,"GUH moment on AAPL, RIP my portfolio",negative,-0.42407233686357104,AAPL,reddit,155,22
2023-11-21,TSLA IV too high for options rn,neutral,-0.0578399653501494,TSLA,reddit,19,7
2024-09-27,apes dont sell 💎🙌 BB forever,positive,0.7435652542236266,BB,reddit,467,21
2023-07-28,what's the play on PLTR?,neutral,0.12324494742367847,PLTR,reddit,309,16
2024-09-19,"this is financial advice, buy AAPL",positive,0.5904882526809898,AAPL,reddit,57,4
2023-08-25,bull thesis on GME: trust me bro,positive,0.6128370410704396,GME,reddit,141,47
2023-09-01,what's the play on AAPL?,neutral,-0.11247426047344106,AAPL,reddit,75,19
2023-04-26,"this is financial advice, buy PLTR",positive,0.8089747994230077,PLTR,reddit,5,10
2024-08-10,apes dont sell 💎🙌 PLTR forever,positive,0.5252028606984124,PLTR,reddit,250,42
2023-06-27,bull thesis on PLTR: trust me bro,positive,0.39098163714389045,PLTR,reddit,3,19
2024-10-01,"AAPL rug pull, everyone got rekt",negative,-0.37302634155201086,AAPL,reddit,16,26
2023-01-27,"GUH moment on AMZN, RIP my portfolio",negative,-0.7958140391640602,AMZN,reddit,23,18
2024-06-24,DD: Why AMZN is going to $1000 🚀,positive,0.4365243517095928,AMZN,reddit,245,27
2023-02-26,"this is financial advice, buy AMZN",positive,0.7845000853704294,AMZN,reddit,19,16
2024-04-14,PLTR tendies printing 🍗🍗🍗,positive,0.8991287668011476,PLTR,reddit,98,10
2024-03-07,"GUH moment on AAPL, RIP my portfolio",negative,-0.8651349202376687,AAPL,reddit,47,40
2024-06-25,"sold my NVDA bags, finally free",negative,-0.7864116380699404,NVDA,reddit,17,1
2023-04-01,"positions: 100x SPY 500c 1/20, wish me luck retards",positive,0.37000354169018435,SPY,reddit,53,19
2024-08-27,bull thesis on GOOGL: trust me bro,positive,0.5752978893323268,GOOGL,reddit,20,24
2023-12-07,"AAPL consolidating, waiting for breakout",neutral,0.05309991630427047,AAPL,reddit,326,14
2024-07-05,anyone got DD on NVDA?,neutral,0.197441748000815,NVDA,reddit,53,30
2023-07-11,"NVDA squeeze incoming, shorts are fukd",positive,0.5932339611872371,NVDA,reddit,133,21
2024-11-07,anyone got DD on GOOGL?,neutral,0.1635541455783443,GOOGL,reddit,169,15
2023-09-25,"GME rug pull, everyone got rekt",negative,-0.3790397632389282,GME,reddit,57,7
2023-12-17,"this is financial advice, buy MSFT",positive,0.42504501232993863,MSFT,reddit,24,19
2023-05-26,paper trading PLTR before going in,neutral,-0.17828064733223986,PLTR,reddit,119,21
2024-09-19,bull thesis on NVDA: trust me bro,positive,0.3574473160252058,NVDA,reddit,76,63
2024-09-27,"YOLO'd my life savings into PLTR calls, cant go tits up",positive,0.8514475304735998,PLTR,reddit,27,18
2024-04-29,loss porn: down 90% on SPY calls,negative,-0.45948226372140455,SPY,reddit,147,1
2023-11-08,"this is financial advice, buy BB",positive,0.44259046765183935,BB,reddit,64,19
2024-10-13,DD: Why MSFT is going to $1000 🚀,positive,0.5871191959693085,MSFT,reddit,45,32
2024-10-18,apes dont sell 💎🙌 BB forever,positive,0.4415786589632002,BB,reddit,64,6
2024-08-28,loss porn: down 90% on NVDA calls,negative,-0.45688825066058625,NVDA,reddit,95,4
2024-07-11,"this is financial advice, buy NVDA",positive,0.3541799580952576,NVDA,reddit,42,0
2024-09-21,imagine buying PLTR at ATH lmaooo,negative,-0.7097468083606262,PLTR,reddit,153,9
2023-12-23,"SPY puts printing, bears eating good tonight",negative,-0.7564751302220849,SPY,reddit,305,21
2024-01-31,"YOLO'd my life savings into TSLA calls, cant go tits up",positive,0.5921797100880084,TSLA,reddit,14,6
2024-06-10,"SPY puts printing, bears eating good tonight",negative,-0.7814959802320229,SPY,reddit,26,16
2023-01-30,"this is financial advice, buy GME",positive,0.6268387895153918,GME,reddit,87,15
2023-05-28,"sold my AMC bags, finally free",negative,-0.3488778729942503,AMC,reddit,76,48
2024-11-08,"YOLO'd my life savings into SPY calls, cant go tits up",positive,0.8344021278429492,SPY,reddit,4,23
2023-01-09,"AAPL squeeze incoming, shorts are fukd",positive,0.6222797040818535,AAPL,reddit,11,3
2023-04-05,bull thesis on SPY: trust me bro,positive,0.8982886232273206,SPY,reddit,58,35
2023-02-07,"TSLA rug pull, everyone got rekt",negative,-0.5057905656349999,TSLA,reddit,39,3
2024-01-30,"SPY consolidating, waiting for breakout",neutral,-0.06575936486312647,SPY,reddit,110,0
2024-04-07,"AMZN squeeze incoming, shorts are fukd",positive,0.6812146154586767,AMZN,reddit,59,36
2024-01-28,what's the play on MSFT?,neutral,0.1919525435961395,MSFT,reddit,718,24
2023-10-25,imagine buying AMC at ATH lmaooo,negative,-0.3187097825046219,AMC,reddit,68,0
2024-01-07,"PLTR rug pull, everyone got rekt",negative,-0.7868971040746647,PLTR,reddit,14,1
2023-05-18,bull thesis on AMZN: trust me bro,positive,0.7052839230935466,AMZN,reddit,126,21
2023-04-09,"GUH moment on AAPL, RIP my portfolio",negative,-0.7913766878094463,AAPL,reddit,225,1
2024-02-09,anyone got DD on GME?,neutral,0.13120388783909004,GME,reddit,202,33
2023-11-30,"GME going to $0, get out while you can",negative,-0.8297906610991546,GME,reddit,62,0
2024-06-28,"GUH moment on AMZN, RIP my portfolio",negative,-0.32265856807985127,AMZN,reddit,35,6
2023-12-03,"TSLA consolidating, waiting for breakout",neutral,0.10732324882816502,TSLA,reddit,122,0
2024-01-11,what's the play on SPY?,neutral,-0.12074238718464066,SPY,reddit,115,9
2024-08-23,if you're not buying MSFT rn you hate money,positive,0.454303061279591,MSFT,reddit,116,7
2023-06-26,"positions: 100x AAPL 500c 1/20, wish me luck retards",positive,0.8953824713174152,AAPL,reddit,315,0
2023-12-30,paper trading MSFT before going in,neutral,0.18150007188772038,MSFT,reddit,49,46
2024-06-11,apes dont sell 💎🙌 NVDA forever,positive,0.5169186912799231,NVDA,reddit,64,0
2023-08-25,"positions: 100x GME 500c 1/20, wish me luck retards",positive,0.40262030233595847,GME,reddit,238,24
2024-03-06,if you're not buying GME rn you hate money,positive,0.5768796199227819,GME,reddit,1,39
2024-02-16,apes dont sell 💎🙌 TSLA forever,positive,0.36735314052238344,TSLA,reddit,417,4
2024-04-15,"GUH moment on AMZN, RIP my portfolio",negative,-0.49769096438653376,AMZN,reddit,4,21
2024-06-11,"sold my SPY bags, finally free",negative,-0.5550787509900375,SPY,reddit,1,1
2023-02-03,DD: Why AAPL is going to $1000 🚀,positive,0.31044415456391,AAPL,reddit,0,36
2024-03-29,DD: Why PLTR is going to $1000 🚀,positive,0.4090130899592569,PLTR,reddit,122,18
2023-11-12,"AMZN squeeze incoming, shorts are fukd",positive,0.34281627566912487,AMZN,reddit,40,107
2024-09-02,AMZN tendies printing 🍗🍗🍗,positive,0.8352743952966015,AMZN,reddit,474,17
2023-03-25,"inverse WSB worked, sold GME at the top",negative,-0.8184409485353454,GME,reddit,406,2
2024-07-23,loss porn: down 90% on AMZN calls,negative,-0.8813120437671492,AMZN,reddit,53,18
2023-07-19,wife's boyfriend approved my GOOGL purchase,positive,0.8183699929138946,GOOGL,reddit,49,68
2023-04-02,if you're not buying META rn you hate money,positive,0.3945984089919133,META,reddit,171,15
2024-09-25,wife's boyfriend approved my AMC purchase,positive,0.5925373538541201,AMC,reddit,9,0
2024-11-17,anyone got DD on AAPL?,neutral,-0.17972832112954032,AAPL,reddit,61,12
2023-10-02,paper trading GME before going in,neutral,0.0819389720588562,GME,reddit,16,40
2024-06-03,"PLTR going to $0, get out while you can",negative,-0.5699060062827369,PLTR,reddit,149,28
2023-11-15,"SPY rug pull, everyone got rekt",negative,-0.6252941876247201,SPY,reddit,32,17
2023-09-07,"PLTR squeeze incoming, shorts are fukd",positive,0.7807501855935763,PLTR,reddit,225,12
2024-03-20,"this is financial advice, buy NVDA",positive,0.619045756245231,NVDA,reddit,53,2
2023-11-11,"this is financial advice, buy GOOGL",positive,0.7350586523724566,GOOGL,reddit,230,11
2023-11-17,"BB squeeze incoming, shorts are fukd",positive,0.7753219096284085,BB,reddit,85,0
2024-04-03,PLTR IV too high for options rn,neutral,-0.1381214881995752,PLTR,reddit,265,63
2024-07-21,"theta gang on MSFT, selling covered calls",neutral,-0.014720668897242106,MSFT,reddit,43,23
2023-02-04,paper trading GOOGL before going in,neutral,0.06722756992043499,GOOGL,reddit,350,5
2023-06-13,loss porn: down 90% on TSLA calls,negative,-0.8712444260287754,TSLA,reddit,113,5
2024-02-24,paper trading AMZN before going in,neutral,0.14322498544977735,AMZN,reddit,77,12
2023-09-09,imagine buying TSLA at ATH lmaooo,negative,-0.8897995068235216,TSLA,reddit,335,7
2023-01-26,paper trading TSLA before going in,neutral,0.12216952839030215,TSLA,reddit,3,131
2024-02-21,what's the play on AMC?,neutral,-0.07170350030147063,AMC,reddit,48,21
2023-07-06,"theta gang on PLTR, selling covered calls",neutral,0.027001383383766175,PLTR,reddit,148,6
2024-05-20,"SPY rug pull, everyone got rekt",negative,-0.5517192524664913,SPY,reddit,58,17
2024-07-25,"PLTR consolidating, waiting for breakout",neutral,-0.1239910257393099,PLTR,reddit,19,11
2024-02-09,bull thesis on BB: trust me bro,positive,0.574402856269119,BB,reddit,117,2
2023-04-06,"AMZN rug pull, everyone got rekt",negative,-0.4449503148598367,AMZN,reddit,4,14
2023-09-07,"positions: 100x GME 500c 1/20, wish me luck retards",positive,0.4922779752258657,GME,reddit,199,8
2023-09-12,"this is financial advice, buy PLTR",positive,0.3569857725310278,PLTR,reddit,51,4
2024-05-22,what's the play on TSLA?,neutral,0.11392129910884224,TSLA,reddit,374,1
2024-03-27,"GUH moment on SPY, RIP my portfolio",negative,-0.4638179538410519,SPY,reddit,12,64
2023-03-30,"AAPL rug pull, everyone got rekt",negative,-0.7176361956402876,AAPL,reddit,84,29
2024-06-24,paper trading AMZN before going in,neutral,-0.10751244859055827,AMZN,reddit,19,40
2024-02-03,DD: Why GME is going to $1000 🚀,positive,0.326661061024138,GME,reddit,63,70
2023-12-25,"sold my AAPL bags, finally free",negative,-0.5381572165615595,AAPL,reddit,31,17
2023-11-28,DD: Why PLTR is going to $1000 🚀,positive,0.5941508588613145,PLTR,reddit,137,27
2024-08-16,loss porn: down 90% on SPY calls,negative,-0.8402791019343638,SPY,reddit,415,22
2024-03-22,"YOLO'd my life savings into AAPL calls, cant go tits up",positive,0.852155521655011,AAPL,reddit,31,26
2024-08-07,"SPY going to $0, get out while you can",negative,-0.30561331772890654,SPY,reddit,56,16
2024-08-02,anyone got DD on BB?,neutral,0.030360017772942477,BB,reddit,84,12
2024-10-09,"inverse WSB worked, sold GME at the top",negative,-0.30477554060917655,GME,reddit,17,11
2024-08-04,if you're not buying GME rn you hate money,positive,0.817203248158848,GME,reddit,77,52
2023-04-13,"this is financial advice, buy META",positive,0.7713787913095921,META,reddit,36,3
2023-06-09,"META going to $0, get out while you can",negative,-0.5513540801094841,META,reddit,31,8
2023-06-29,"SPY puts printing, bears eating good tonight",negative,-0.5154589031995653,SPY,reddit,36,57
2024-03-12,wife's boyfriend approved my MSFT purchase,positive,0.6840515681637658,MSFT,reddit,42,28
2024-10-21,GOOGL tendies printing 🍗🍗🍗,positive,0.38569156215572215,GOOGL,reddit,263,26
2023-10-02,anyone got DD on PLTR?,neutral,-0.08783251425216104,PLTR,reddit,69,1
2023-02-01,"GUH moment on AMC, RIP my portfolio",negative,-0.6212024292468975,AMC,reddit,20,28
2023-05-06,if you're not buying NVDA rn you hate money,positive,0.8295347054161886,NVDA,reddit,289,4
2024-06-21,DD: Why GME is going to $1000 🚀,positive,0.34961815917505873,GME,reddit,227,23
2023-01-15,"positions: 100x TSLA 500c 1/20, wish me luck retards",positive,0.6035176598639596,TSLA,reddit,204,9
2023-05-04,bull thesis on BB: trust me bro,positive,0.5165568321837121,BB,reddit,119,0
2023-11-02,paper trading TSLA before going in,neutral,0.17999253347645433,TSLA,reddit,177,45
2024-08-25,"GOOGL squeeze incoming, shorts are fukd",positive,0.7899702955069523,GOOGL,reddit,17,19
2023-12-18,apes dont sell 💎🙌 BB forever,positive,0.8614235158824215,BB,reddit,106,2
2024-06-24,"this is financial advice, buy AMZN",positive,0.3911712051402917,AMZN,reddit,134,14
2023-03-28,"TSLA puts printing, bears eating good tonight",negative,-0.39649932855841175,TSLA,reddit,11,20
2024-08-18,"SPY squeeze incoming, shorts are fukd",positive,0.4423323864358603,SPY,reddit,2,18
2023-11-24,"SPY consolidating, waiting for breakout",neutral,-0.01188498352270892,SPY,reddit,555,28
2023-02-11,"NVDA going to $0, get out while you can",negative,-0.6862388955015906,NVDA,reddit,14,6
2024-02-09,"theta gang on GOOGL, selling covered calls",neutral,-0.11304174269843195,GOOGL,reddit,100,7
2024-09-22,"MSFT squeeze incoming, shorts are fukd",positive,0.32147669845072796,MSFT,reddit,231,8
2023-06-22,apes dont sell 💎🙌 AMC forever,positive,0.3279188912047537,AMC,reddit,49,10
2023-11-19,"TSLA consolidating, waiting for breakout",neutral,-0.07138616325292854,TSLA,reddit,177,1
2023-10-07,"theta gang on PLTR, selling covered calls",neutral,-0.0544649763447744,PLTR,reddit,101,44
2023-04-21,"positions: 100x MSFT 500c 1/20, wish me luck retards",positive,0.555226739954218,MSFT,reddit,92,21
2024-04-07,"positions: 100x AMC 500c 1/20, wish me luck retards",positive,0.4070245204619144,AMC,reddit,221,13
2023-04-06,GME tendies printing 🍗🍗🍗,positive,0.4352447029368983,GME,reddit,72,48
2023-10-01,paper trading META before going in,neutral,0.09866952821382224,META,reddit,46,20
2023-12-14,paper trading META before going in,neutral,0.17297486164754794,META,reddit,1,8
2023-05-04,"this is financial advice, buy AMZN",positive,0.330387111714512,AMZN,reddit,56,30
2024-10-31,NVDA IV too high for options rn,neutral,0.15388474692276877,NVDA,reddit,78,2
2024-09-09,wife's boyfriend approved my AMZN purchase,positive,0.7165709760392889,AMZN,reddit,12,48
2023-05-20,"positions: 100x PLTR 500c 1/20, wish me luck retards",positive,0.6849807311245177,PLTR,reddit,11,2
2023-05-18,"inverse WSB worked, sold AMZN at the top",negative,-0.41589183444267863,AMZN,reddit,291,13
2024-06-08,"sold my PLTR bags, finally free",negative,-0.42555562104564254,PLTR,reddit,17,15
2024-01-01,what's the play on GOOGL?,neutral,-0.16820379820613504,GOOGL,reddit,61,10
2024-10-07,apes dont sell 💎🙌 SPY forever,positive,0.8584665880501794,SPY,reddit,26,13
2023-01-18,DD: Why AMC is going to $1000 🚀,positive,0.47523357290401824,AMC,reddit,412,5
2023-01-12,"GUH moment on SPY, RIP my portfolio",negative,-0.8121637315287471,SPY,reddit,28,11
2023-07-01,wife's boyfriend approved my AMZN purchase,positive,0.626612563883596,AMZN,reddit,232,3
2023-03-12,"BB going to $0, get out while you can",negative,-0.6044858082893385,BB,reddit,211,18
2023-12-14,"YOLO'd my life savings into META calls, cant go tits up",positive,0.408279243739395,META,reddit,76,17
2023-04-25,loss porn: down 90% on META calls,negative,-0.4698626975088619,META,reddit,148,35
2023-01-09,"this is financial advice, buy TSLA",positive,0.6519714974569566,TSLA,reddit,26,5
2023-05-30,"SPY rug pull, everyone got rekt",negative,-0.7131260993822587,SPY,reddit,73,16
2024-02-26,"GUH moment on AAPL, RIP my portfolio",negative,-0.7374882371214342,AAPL,reddit,173,38
2023-05-13,BB IV too high for options rn,neutral,-0.17617034141271232,BB,reddit,510,5
2023-06-02,"YOLO'd my life savings into PLTR calls, cant go tits up",positive,0.5690213107683912,PLTR,reddit,62,35
2023-06-27,anyone got DD on META?,neutral,0.04767953515811135,META,reddit,83,8
2023-07-01,"sold my TSLA bags, finally free",negative,-0.31925812076586935,TSLA,reddit,114,15
2024-10-17,DD: Why NVDA is going to $1000 🚀,positive,0.706054789967973,NVDA,reddit,14,48
2023-06-14,loss porn: down 90% on NVDA calls,negative,-0.5460279605249054,NVDA,reddit,43,17
2024-05-29,"AMC going to $0, get out while you can",negative,-0.8692142270103604,AMC,reddit,247,2
2024-07-19,"GME puts printing, bears eating good tonight",negative,-0.6411637468205376,GME,reddit,157,15
2024-03-09,"AMC squeeze incoming, shorts are fukd",positive,0.793970445336643,AMC,reddit,300,12
2023-05-27,"positions: 100x GME 500c 1/20, wish me luck retards",positive,0.4629270866981816,GME,reddit,18,46
2023-11-07,what's the play on PLTR?,neutral,0.0510983680004537,PLTR,reddit,276,9
2024-03-11,"this is financial advice, buy PLTR",positive,0.6480937754363602,PLTR,reddit,44,28
2023-01-09,"sold my META bags, finally free",negative,-0.5173492929827178,META,reddit,14,7
2023-02-23,DD: Why SPY is going to $1000 🚀,positive,0.5807885589597319,SPY,reddit,32,19
2023-03-18,if you're not buying PLTR rn you hate money,positive,0.7051722861978613,PLTR,reddit,46,2
2023-01-12,"AMZN puts printing, bears eating good tonight",negative,-0.6894457663643148,AMZN,reddit,89,1
2023-03-20,"MSFT consolidating, waiting for breakout",neutral,-0.04469423723638796,MSFT,reddit,357,29
2023-06-06,"inverse WSB worked, sold AMC at the top",negative,-0.860831596134064,AMC,reddit,16,4
2024-06-11,wife's boyfriend approved my TSLA purchase,positive,0.6229756204871211,TSLA,reddit,196,14
2024-11-18,"YOLO'd my life savings into AAPL calls, cant go tits up",positive,0.499625891719023,AAPL,reddit,267,7
2024-04-13,BB tendies printing 🍗🍗🍗,positive,0.4353550620307003,BB,reddit,18,2
2023-04-01,bull thesis on NVDA: trust me bro,positive,0.7173820695290891,NVDA,reddit,85,22
2023-06-24,AAPL tendies printing 🍗🍗🍗,positive,0.5000761156307796,AAPL,reddit,44,25
2024-08-26,loss porn: down 90% on PLTR calls,negative,-0.5770553718317635,PLTR,reddit,70,12
2024-05-22,what's the play on NVDA?,neutral,-0.18826587392983446,NVDA,reddit,298,18
2024-06-21,wife's boyfriend approved my TSLA purchase,positive,0.5006866153513809,TSLA,reddit,2,13
2023-08-13,META tendies printing 🍗🍗🍗,positive,0.3485583978601813,META,reddit,38,19
2024-01-31,"this is financial advice, buy AMZN",positive,0.8103679017862522,AMZN,reddit,5,28
2024-09-26,wife's boyfriend approved my AMZN purchase,positive,0.3097445622715084,AMZN,reddit,17,18
2023-06-12,AMC tendies printing 🍗🍗🍗,positive,0.4859657074806034,AMC,reddit,102,22
2023-12-07,if you're not buying TSLA rn you hate money,positive,0.36211709772312783,TSLA,reddit,75,3
2023-04-28,"GOOGL squeeze incoming, shorts are fukd",positive,0.4612706815936197,GOOGL,reddit,44,0
2024-04-21,"AAPL going to $0, get out while you can",negative,-0.5832310641305989,AAPL,reddit,20,3
2024-08-11,"SPY consolidating, waiting for breakout",neutral,-0.1663863330685008,SPY,reddit,80,6
2024-05-03,wife's boyfriend approved my GME purchase,positive,0.6916042798750752,GME,reddit,199,2
2024-08-07,"YOLO'd my life savings into AMZN calls, cant go tits up",positive,0.7074341397264441,AMZN,reddit,2,33
2024-11-18,apes dont sell 💎🙌 AMC forever,positive,0.3657850679785436,AMC,reddit,18,12
2023-11-02,if you're not buying NVDA rn you hate money,positive,0.4995254176918499,NVDA,reddit,43,1
2023-01-04,"NVDA squeeze incoming, shorts are fukd",positive,0.33169944337665674,NVDA,reddit,88,5
2023-09-10,imagine buying AMZN at ATH lmaooo,negative,-0.6234512625276154,AMZN,reddit,85,0
2024-04-14,"NVDA puts printing, bears eating good tonight",negative,-0.5451053362940144,NVDA,reddit,100,79
2023-09-08,wife's boyfriend approved my SPY purchase,positive,0.7426608597171421,SPY,reddit,201,2
2024-11-13,"sold my AMZN bags, finally free",negative,-0.3556391719760251,AMZN,reddit,183,33
2024-11-19,DD: Why BB is going to $1000 🚀,positive,0.30706599846675836,BB,reddit,45,17
2024-10-15,apes dont sell 💎🙌 AMC forever,positive,0.48847209535084923,AMC,reddit,43,14
2024-09-18,if you're not buying AAPL rn you hate money,positive,0.35138814725829387,AAPL,reddit,309,2
2024-03-28,"MSFT squeeze incoming, shorts are fukd",positive,0.3817324765052374,MSFT,reddit,74,22
2023-10-18,GOOGL IV too high for options rn,neutral,-0.13912608907655677,GOOGL,reddit,10,22
2023-12-03,wife's boyfriend approved my SPY purchase,positive,0.38668857304278353,SPY,reddit,18,26
2024-05-04,"TSLA puts printing, bears eating good tonight",negative,-0.36909458152635544,TSLA,reddit,3,69
2024-10-20,loss porn: down 90% on SPY calls,negative,-0.688375921131346,SPY,reddit,67,64
2024-05-24,DD: Why AMC is going to $1000 🚀,positive,0.6146238131353696,AMC,reddit,52,31
2023-05-08,"theta gang on NVDA, selling covered calls",neutral,0.14505657264565897,NVDA,reddit,47,18
2023-10-02,AMC tendies printing 🍗🍗🍗,positive,0.3624265722323724,AMC,reddit,73,30
2024-04-28,PLTR IV too high for options rn,neutral,0.15679557753713824,PLTR,reddit,249,23
2023-01-25,"theta gang on MSFT, selling covered calls",neutral,-0.01601164012020928,MSFT,reddit,153,11
2023-09-17,"AMZN puts printing, bears eating good tonight",negative,-0.6790582534076679,AMZN,reddit,17,25
2023-02-15,"YOLO'd my life savings into SPY calls, cant go tits up",positive,0.7414233966146886,SPY,reddit,62,6
2024-03-18,"inverse WSB worked, sold SPY at the top",negative,-0.7579350106387871,SPY,reddit,124,25
2024-08-04,"META going to $0, get out while you can",negative,-0.6872471700546691,META,reddit,34,1
2023-01-07,anyone got DD on PLTR?,neutral,0.1662927343745801,PLTR,reddit,111,18
2024-07-09,DD: Why GME is going to $1000 🚀,positive,0.774097891712227,GME,reddit,233,19
2024-02-08,anyone got DD on AMC?,neutral,0.1696515406708724,AMC,reddit,151,4
2024-04-16,wife's boyfriend approved my MSFT purchase,positive,0.8299107145336773,MSFT,reddit,374,15
2023-07-15,DD: Why PLTR is going to $1000 🚀,positive,0.40906988882153633,PLTR,reddit,158,34
2023-10-13,"TSLA puts printing, bears eating good tonight",negative,-0.5074473213865651,TSLA,reddit,72,43
2023-01-19,"AAPL squeeze incoming, shorts are fukd",positive,0.4415116107875361,AAPL,reddit,251,43
2024-09-21,"positions: 100x GME 500c 1/20, wish me luck retards",positive,0.7466425541819013,GME,reddit,34,15
2024-10-26,"inverse WSB worked, sold GME at the top",negative,-0.7397639305113817,GME,reddit,108,15
2023-12-02,apes dont sell 💎🙌 AAPL forever,positive,0.6894241727690775,AAPL,reddit,109,2
2024-06-13,imagine buying GME at ATH lmaooo,negative,-0.37872866027221974,GME,reddit,6,9
2023-09-14,"theta gang on BB, selling covered calls",neutral,0.08939938118439328,BB,reddit,89,29
2024-02-23,GME IV too high for options rn,neutral,-0.007437528701412566,GME,reddit,123,29
2024-05-15,"positions: 100x TSLA 500c 1/20, wish me luck retards",positive,0.698567357931637,TSLA,reddit,8,11
2024-03-19,"positions: 100x META 500c 1/20, wish me luck retards",positive,0.607794265582427,META,reddit,71,7
2024-01-15,"theta gang on AMZN, selling covered calls",neutral,0.13385646187496342,AMZN,reddit,35,95
2024-06-25,if you're not buying SPY rn you hate money,positive,0.7511177306082555,SPY,reddit,24,23
2024-01-21,wife's boyfriend approved my NVDA purchase,positive,0.4284622227575323,NVDA,reddit,177,13
2024-11-02,bull thesis on META: trust me bro,positive,0.8833637498456526,META,reddit,62,21
2023-08-15,"AMC consolidating, waiting for breakout",neutral,-0.14284785089919838,AMC,reddit,125,32
2023-12-14,if you're not buying TSLA rn you hate money,positive,0.4515701739451521,TSLA,reddit,241,13
2023-05-17,if you're not buying AMC rn you hate money,positive,0.43331257071816426,AMC,reddit,107,2
2023-02-23,"positions: 100x BB 500c 1/20, wish me luck retards",positive,0.7165837687494278,BB,reddit,118,4
2023-09-07,"AMC puts printing, bears eating good tonight",negative,-0.4053864458389688,AMC,reddit,87,39
2023-12-05,"inverse WSB worked, sold MSFT at the top",negative,-0.8750420037939708,MSFT,reddit,115,9
2023-05-24,DD: Why META is going to $1000 🚀,positive,0.46033162506098685,META,reddit,166,25
2023-04-26,"META going to $0, get out while you can",negative,-0.7914832626665624,META,reddit,10,49
2023-06-24,GOOGL tendies printing 🍗🍗🍗,positive,0.34799216833748026,GOOGL,reddit,26,32
2023-06-07,bull thesis on AMC: trust me bro,positive,0.39146486724846713,AMC,reddit,121,6
2024-08-07,DD: Why GME is going to $1000 🚀,positive,0.30022011727417214,GME,reddit,346,3
2024-04-28,DD: Why AAPL is going to $1000 🚀,positive,0.4112110074260739,AAPL,reddit,185,10
2023-03-17,TSLA tendies printing 🍗🍗🍗,positive,0.36244634959694527,TSLA,reddit,100,30
2024-03-01,what's the play on META?,neutral,0.08388424227137209,META,reddit,26,17
2024-04-04,"META consolidating, waiting for breakout",neutral,0.08774312999678913,META,reddit,134,0
2023-08-08,DD: Why NVDA is going to $1000 🚀,positive,0.7510150830421432,NVDA,reddit,21,41
2023-08-08,NVDA tendies printing 🍗🍗🍗,positive,0.3004366803210859,NVDA,reddit,271,11
2023-08-02,"inverse WSB worked, sold AMC at the top",negative,-0.7456772827364251,AMC,reddit,105,10
2023-01-09,what's the play on PLTR?,neutral,0.162738729615665,PLTR,reddit,6,23
2024-08-20,if you're not buying GME rn you hate money,positive,0.5911836082134752,GME,reddit,163,1
2024-06-11,"SPY squeeze incoming, shorts are fukd",positive,0.391166954256997,SPY,reddit,164,3
2023-02-28,anyone got DD on PLTR?,neutral,-0.12563362310722054,PLTR,reddit,119,67
2023-02-11,apes dont sell 💎🙌 AAPL forever,positive,0.7026660709899626,AAPL,reddit,63,13
2023-10-22,bull thesis on SPY: trust me bro,positive,0.5925356709234465,SPY,reddit,174,17
2024-08-28,"GOOGL puts printing, bears eating good tonight",negative,-0.40403957774698473,GOOGL,reddit,83,6
2023-07-07,loss porn: down 90% on TSLA calls,negative,-0.6690385063677582,TSLA,reddit,146,51
2023-03-31,imagine buying PLTR at ATH lmaooo,negative,-0.6686794745696685,PLTR,reddit,177,28
2023-08-21,"GME consolidating, waiting for breakout",neutral,0.04789452740087988,GME,reddit,13,8
2023-04-07,AMZN IV too high for options rn,neutral,-0.08317591353302248,AMZN,reddit,53,58
2023-02-12,"this is financial advice, buy BB",positive,0.5412640973135262,BB,reddit,32,5
2023-05-24,"this is financial advice, buy GOOGL",positive,0.42869811674401004,GOOGL,reddit,122,11
2024-05-11,"this is financial advice, buy AMC",positive,0.3561957639256262,AMC,reddit,50,82
2023-05-05,"sold my GOOGL bags, finally free",negative,-0.6333343643920688,GOOGL,reddit,3,33
2024-05-13,paper trading GME before going in,neutral,0.09390786994536493,GME,reddit,213,1
2024-03-06,DD: Why AMC is going to $1000 🚀,positive,0.4279014633889944,AMC,reddit,18,4
2024-10-17,"YOLO'd my life savings into TSLA calls, cant go tits up",positive,0.7424910659474471,TSLA,reddit,2,13
2023-09-03,what's the play on AAPL?,neutral,0.19147177872118837,AAPL,reddit,104,13
2023-01-03,NVDA tendies printing 🍗🍗🍗,positive,0.3768690233098585,NVDA,reddit,0,32
2024-06-25,"PLTR squeeze incoming, shorts are fukd",positive,0.4734859974795934,PLTR,reddit,129,4
2024-02-07,what's the play on SPY?,neutral,0.16099485646428952,SPY,reddit,221,7
2023-01-15,"positions: 100x MSFT 500c 1/20, wish me luck retards",positive,0.834223075622623,MSFT,reddit,61,12
2023-05-08,"inverse WSB worked, sold AAPL at the top",negative,-0.36451460624342713,AAPL,reddit,13,23
2024-02-21,PLTR tendies printing 🍗🍗🍗,positive,0.38189745518753787,PLTR,reddit,69,16
2024-02-14,if you're not buying AMC rn you hate money,positive,0.497489100362124,AMC,reddit,30,17
2024-11-22,"GUH moment on GOOGL, RIP my portfolio",negative,-0.3738797672142268,GOOGL,reddit,245,1
2023-09-13,"TSLA consolidating, waiting for breakout",neutral,-0.01762923765596519,TSLA,reddit,69,32
2023-11-01,"BB rug pull, everyone got rekt",negative,-0.4203369744758768,BB,reddit,51,32
2023-02-27,DD: Why SPY is going to $1000 🚀,positive,0.8362346960274412,SPY,reddit,129,25
2023-04-17,anyone got DD on BB?,neutral,0.09637153364910744,BB,reddit,26,4
2024-02-26,"META squeeze incoming, shorts are fukd",positive,0.34341587691433373,META,reddit,37,28
2023-08-23,"positions: 100x PLTR 500c 1/20, wish me luck retards",positive,0.6579389244951169,PLTR,reddit,45,8
2024-02-02,bull thesis on PLTR: trust me bro,positive,0.5094716099066778,PLTR,reddit,23,50
2023-11-04,"GME puts printing, bears eating good tonight",negative,-0.6297301876697006,GME,reddit,21,6
2023-09-21,"YOLO'd my life savings into AAPL calls, cant go tits up",positive,0.7882853182536806,AAPL,reddit,33,24
2024-04-08,if you're not buying GOOGL rn you hate money,positive,0.7510284577128599,GOOGL,reddit,148,28
2024-07-14,AMZN tendies printing 🍗🍗🍗,positive,0.3733650422609,AMZN,reddit,913,17
2024-04-10,paper trading TSLA before going in,neutral,0.08215473817779162,TSLA,reddit,24,52
2024-05-25,"YOLO'd my life savings into GOOGL calls, cant go tits up",positive,0.8191849222793808,GOOGL,reddit,148,16
2023-12-24,"META puts printing, bears eating good tonight",negative,-0.7873694739620017,META,reddit,134,15
2024-07-23,"theta gang on AAPL, selling covered calls",neutral,-0.08466612928187259,AAPL,reddit,12,34
2024-11-25,anyone got DD on BB?,neutral,0.013094375972357353,BB,reddit,17,1
2024-01-20,"META rug pull, everyone got rekt",negative,-0.42636441512263457,META,reddit,32,3
2023-01-21,"positions: 100x PLTR 500c 1/20, wish me luck retards",positive,0.5025014376441024,PLTR,reddit,26,1
2023-05-11,"GUH moment on GME, RIP my portfolio",negative,-0.8738379181310592,GME,reddit,145,15
2023-11-26,imagine buying AMC at ATH lmaooo,negative,-0.6911536529522594,AMC,reddit,45,53
2024-06-11,"theta gang on BB, selling covered calls",neutral,-0.06297446288169681,BB,reddit,7,16
2024-06-26,GME tendies printing 🍗🍗🍗,positive,0.39994971293611636,GME,reddit,142,100
2024-04-15,apes dont sell 💎🙌 AMZN forever,positive,0.5235642645269931,AMZN,reddit,74,53
2023-05-22,DD: Why NVDA is going to $1000 🚀,positive,0.4793160899312338,NVDA,reddit,29,8
2023-12-07,"theta gang on BB, selling covered calls",neutral,-0.08946769508215993,BB,reddit,162,32
2023-08-20,"TSLA rug pull, everyone got rekt",negative,-0.6178316496225693,TSLA,reddit,22,15
2024-08-25,"AMC consolidating, waiting for breakout",neutral,0.038491892338290284,AMC,reddit,21,27
2024-02-21,AMZN IV too high for options rn,neutral,-0.10618925570696978,AMZN,reddit,179,4
2024-02-06,"GOOGL going to $0, get out while you can",negative,-0.705359022650541,GOOGL,reddit,60,7
2024-05-22,"MSFT consolidating, waiting for breakout",neutral,0.08325215209426301,MSFT,reddit,60,25
2024-04-30,"this is financial advice, buy META",positive,0.738579451466886,META,reddit,31,0
2024-08-20,"GUH moment on TSLA, RIP my portfolio",negative,-0.4193014588648397,TSLA,reddit,13,2
2024-06-13,"GUH moment on MSFT, RIP my portfolio",negative,-0.8324444178848995,MSFT,reddit,40,10
2024-10-21,paper trading AMC before going in,neutral,0.19142813224901284,AMC,reddit,36,17
2023-10-10,AAPL IV too high for options rn,neutral,-0.06887547775264766,AAPL,reddit,107,3
2023-12-19,"sold my SPY bags, finally free",negative,-0.4361158152481168,SPY,reddit,117,54
2024-01-23,apes dont sell 💎🙌 META forever,positive,0.3881449420775449,META,reddit,151,29
2023-09-24,"GOOGL consolidating, waiting for breakout",neutral,0.11823344945793707,GOOGL,reddit,17,13
2024-06-16,AMZN IV too high for options rn,neutral,-0.13478825864279279,AMZN,reddit,97,27
2024-03-04,"this is financial advice, buy SPY",positive,0.32789399957318516,SPY,reddit,58,57
2023-11-27,apes dont sell 💎🙌 AAPL forever,positive,0.6311376361455809,AAPL,reddit,5,0
2024-08-16,"GME squeeze incoming, shorts are fukd",positive,0.6859843969937092,GME,reddit,82,31
2023-11-23,"AMC rug pull, everyone got rekt",negative,-0.5915398833319312,AMC,reddit,279,26
2024-04-30,PLTR tendies printing 🍗🍗🍗,positive,0.8052429058216275,PLTR,reddit,30,30
2023-08-24,"this is financial advice, buy GME",positive,0.5493936557011916,GME,reddit,322,0
2023-11-08,"this is financial advice, buy BB",positive,0.7375283568092286,BB,reddit,9,5
2023-10-04,"META rug pull, everyone got rekt",negative,-0.8505485343330595,META,reddit,69,6
2024-08-20,paper trading MSFT before going in,neutral,0.1447625025141604,MSFT,reddit,128,28
2024-03-26,"theta gang on AAPL, selling covered calls",neutral,0.11323978233579768,AAPL,reddit,242,2
2023-04-25,"MSFT rug pull, everyone got rekt",negative,-0.3847264954025218,MSFT,reddit,52,35
2023-03-24,"SPY going to $0, get out while you can",negative,-0.7702990850233985,SPY,reddit,151,38
2024-04-13,"MSFT consolidating, waiting for breakout",neutral,0.03297709923889974,MSFT,reddit,45,4
2023-11-12,"this is financial advice, buy AAPL",positive,0.5514147731796446,AAPL,reddit,52,8
2024-08-05,apes dont sell 💎🙌 META forever,positive,0.47220041165754767,META,reddit,70,16
2023-08-08,"this is financial advice, buy META",positive,0.8823123826864372,META,reddit,38,17
2023-10-11,"YOLO'd my life savings into BB calls, cant go tits up",positive,0.8708549843709243,BB,reddit,180,9
2024-09-20,bull thesis on GOOGL: trust me bro,positive,0.8601290048046495,GOOGL,reddit,14,10
2024-07-04,"GME consolidating, waiting for breakout",neutral,0.19855894333930613,GME,reddit,15,43
2024-10-16,"AMC puts printing, bears eating good tonight",negative,-0.8993790330682552,AMC,reddit,3,2
2024-03-19,"this is financial advice, buy META",positive,0.8306214759380763,META,reddit,290,7
2023-04-29,AMC IV too high for options rn,neutral,-0.09738683224224323,AMC,reddit,119,18
2024-02-04,bull thesis on AMC: trust me bro,positive,0.7288319813980297,AMC,reddit,439,11
2023-01-13,"GME consolidating, waiting for breakout",neutral,0.11651948947896779,GME,reddit,147,2
2023-01-02,DD: Why GME is going to $1000 🚀,positive,0.48537547824947896,GME,reddit,181,20
2023-02-21,"AMC squeeze incoming, shorts are fukd",positive,0.6535284690116561,AMC,reddit,1,0
2023-10-09,AAPL tendies printing 🍗🍗🍗,positive,0.6846621814980076,AAPL,reddit,389,4
2024-05-18,what's the play on SPY?,neutral,0.0016040569583302133,SPY,reddit,54,44
2024-04-28,if you're not buying GOOGL rn you hate money,positive,0.6720446934904284,GOOGL,reddit,65,11
2024-04-13,loss porn: down 90% on SPY calls,negative,-0.474993639729164,SPY,reddit,30,12
2024-04-11,if you're not buying PLTR rn you hate money,positive,0.8095507283276464,PLTR,reddit,21,27
2024-05-24,apes dont sell 💎🙌 BB forever,positive,0.44053645357919236,BB,reddit,98,2
2023-01-05,"this is financial advice, buy BB",positive,0.3110794318280801,BB,reddit,45,31
2024-10-06,GME tendies printing 🍗🍗🍗,positive,0.5559705803272509,GME,reddit,49,76
2024-08-12,loss porn: down 90% on TSLA calls,negative,-0.8033723081005304,TSLA,reddit,68,35
2024-05-18,"theta gang on BB, selling covered calls",neutral,-0.10418475560553678,BB,reddit,52,36
2023-01-16,anyone got DD on AAPL?,neutral,0.04887427819809806,AAPL,reddit,21,28
2023-03-11,"sold my GOOGL bags, finally free",negative,-0.7513152891872605,GOOGL,reddit,483,16
2023-05-20,loss porn: down 90% on META calls,negative,-0.5764124969141535,META,reddit,23,8
2023-02-19,"YOLO'd my life savings into AAPL calls, cant go tits up",positive,0.6701125390301923,AAPL,reddit,13,0
2024-02-26,SPY IV too high for options rn,neutral,-0.011343223094338162,SPY,reddit,41,8
2023-11-03,"AMZN squeeze incoming, shorts are fukd",positive,0.5404554764546885,AMZN,reddit,12,28
2023-06-17,if you're not buying AAPL rn you hate money,positive,0.7578601189411616,AAPL,reddit,18,17
2024-07-17,wife's boyfriend approved my PLTR purchase,positive,0.4920352718348849,PLTR,reddit,3,16
2024-01-14,"SPY going to $0, get out while you can",negative,-0.5437817940906119,SPY,reddit,19,3
2023-01-08,"YOLO'd my life savings into AMC calls, cant go tits up",positive,0.5131168058283119,AMC,reddit,7,80
2024-05-29,apes dont sell 💎🙌 AMC forever,positive,0.709519374705271,AMC,reddit,58,19
2023-09-02,apes dont sell 💎🙌 GOOGL forever,positive,0.30269440352481647,GOOGL,reddit,26,3
2024-05-14,"GUH moment on NVDA, RIP my portfolio",negative,-0.3131010086975814,NVDA,reddit,52,111
2023-11-08,apes dont sell 💎🙌 PLTR forever,positive,0.4896717716358303,PLTR,reddit,7,29
2024-10-28,"positions: 100x META 500c 1/20, wish me luck retards",positive,0.5317041599672606,META,reddit,140,18
2024-03-19,"AMC rug pull, everyone got rekt",negative,-0.8177754930000071,AMC,reddit,60,5
2024-06-30,DD: Why PLTR is going to $1000 🚀,positive,0.4583376479183146,PLTR,reddit,191,26
2023-05-16,"positions: 100x AAPL 500c 1/20, wish me luck retards",positive,0.8571940951119232,AAPL,reddit,99,5
2024-02-23,"sold my META bags, finally free",negative,-0.736239219149535,META,reddit,252,6
2024-06-19,"theta gang on MSFT, selling covered calls",neutral,0.1864413201707903,MSFT,reddit,59,40
2023-05-02,GOOGL tendies printing 🍗🍗🍗,positive,0.8357931358742534,GOOGL,reddit,262,17
2024-09-16,"MSFT rug pull, everyone got rekt",negative,-0.3619167941155059,MSFT,reddit,7,2
2024-04-16,what's the play on GME?,neutral,0.055605240136778034,GME,reddit,34,14
2023-06-23,NVDA IV too high for options rn,neutral,0.0082428231397281,NVDA,reddit,183,48
2023-09-22,if you're not buying SPY rn you hate money,positive,0.6079364556705369,SPY,reddit,42,75
2023-10-11,"YOLO'd my life savings into MSFT calls, cant go tits up",positive,0.8400124047829911,MSFT,reddit,48,33
2024-08-11,paper trading PLTR before going in,neutral,0.02869028332375176,PLTR,reddit,9,3
2023-05-31,AAPL tendies printing 🍗🍗🍗,positive,0.3261270458898262,AAPL,reddit,291,38
2023-08-22,paper trading META before going in,neutral,-0.12000727808101304,META,reddit,202,15
2024-04-29,DD: Why BB is going to $1000 🚀,positive,0.34102536128094263,BB,reddit,27,2
2024-01-08,what's the play on AAPL?,neutral,-0.18780730861335668,AAPL,reddit,34,21
2023-02-08,"AAPL puts printing, bears eating good tonight",negative,-0.8535595003744748,AAPL,reddit,191,9
2024-02-27,DD: Why TSLA is going to $1000 🚀,positive,0.7014506681233491,TSLA,reddit,73,13
2024-02-14,if you're not buying PLTR rn you hate money,positive,0.5434697087962111,PLTR,reddit,311,36
2023-01-05,"this is financial advice, buy PLTR",positive,0.41643476684682135,PLTR,reddit,44,11
2023-12-16,"TSLA puts printing, bears eating good tonight",negative,-0.4126263633227149,TSLA,reddit,106,28
2024-01-21,AAPL tendies printing 🍗🍗🍗,positive,0.5981173307275103,AAPL,reddit,53,21
2023-12-29,paper trading TSLA before going in,neutral,0.14954396546539866,TSLA,reddit,104,1
2023-09-02,"PLTR going to $0, get out while you can",negative,-0.4032749251711223,PLTR,reddit,119,10
2023-11-05,"inverse WSB worked, sold GME at the top",negative,-0.767261826028468,GME,reddit,76,4
2024-05-29,wife's boyfriend approved my NVDA purchase,positive,0.6978132021871308,NVDA,reddit,0,15
2023-09-12,bull thesis on AAPL: trust me bro,positive,0.5127939111391231,AAPL,reddit,68,20
2024-07-01,if you're not buying META rn you hate money,positive,0.30197539524509115,META,reddit,23,7
2023-11-06,bull thesis on AMC: trust me bro,positive,0.4187397010105313,AMC,reddit,106,50
2023-07-27,"positions: 100x PLTR 500c 1/20, wish me luck retards",positive,0.3762556679454596,PLTR,reddit,25,26
2024-09-08,wife's boyfriend approved my GOOGL purchase,positive,0.7834990667360249,GOOGL,reddit,92,13
2024-08-05,"theta gang on GOOGL, selling covered calls",neutral,0.07298058936322549,GOOGL,reddit,10,35
2024-09-25,loss porn: down 90% on TSLA calls,negative,-0.8665821023037608,TSLA,reddit,127,33
2024-04-26,bull thesis on AMC: trust me bro,positive,0.7138279997353716,AMC,reddit,62,7
2024-07-07,if you're not buying PLTR rn you hate money,positive,0.5733725676345138,PLTR,reddit,30,13
2023-02-02,bull thesis on NVDA: trust me bro,positive,0.4441012791793738,NVDA,reddit,51,35
2024-06-01,"inverse WSB worked, sold NVDA at the top",negative,-0.8380832969603745,NVDA,reddit,15,13
2024-03-11,wife's boyfriend approved my AAPL purchase,positive,0.8576385854504429,AAPL,reddit,6,1
2023-05-10,DD: Why TSLA is going to $1000 🚀,positive,0.8111586153151242,TSLA,reddit,186,28
2023-09-20,paper trading META before going in,neutral,0.08463210134256532,META,reddit,235,3
2024-09-13,AAPL tendies printing 🍗🍗🍗,positive,0.5098640077047267,AAPL,reddit,13,19
2023-06-24,apes dont sell 💎🙌 BB forever,positive,0.6800957526037348,BB,reddit,100,4
2024-10-26,anyone got DD on AAPL?,neutral,-0.16328362546813865,AAPL,reddit,165,2
2024-10-07,if you're not buying MSFT rn you hate money,positive,0.32630823860858327,MSFT,reddit,34,8
2024-01-10,"AMC puts printing, bears eating good tonight",negative,-0.6009058370558985,AMC,reddit,1,22
2023-10-16,"PLTR consolidating, waiting for breakout",neutral,-0.06839995694225293,PLTR,reddit,60,12
2024-06-11,"sold my AMC bags, finally free",negative,-0.7303570329712301,AMC,reddit,56,7
2023-03-08,PLTR tendies printing 🍗🍗🍗,positive,0.623724578862376,PLTR,reddit,27,17
2023-06-15,apes dont sell 💎🙌 META forever,positive,0.4435019042340332,META,reddit,115,1
2023-08-21,if you're not buying MSFT rn you hate money,positive,0.359507076629614,MSFT,reddit,229,9
2023-05-01,"GUH moment on GOOGL, RIP my portfolio",negative,-0.572787316522926,GOOGL,reddit,55,1
2023-01-16,SPY IV too high for options rn,neutral,0.029102710555466732,SPY,reddit,39,11
2024-04-05,"sold my SPY bags, finally free",negative,-0.6069831667159612,SPY,reddit,259,17
2024-01-31,"theta gang on TSLA, selling covered calls",neutral,-0.11561982014821709,TSLA,reddit,8,4
2024-10-28,"GUH moment on MSFT, RIP my portfolio",negative,-0.8265447196267428,MSFT,reddit,31,19
2023-04-30,GOOGL tendies printing 🍗🍗🍗,positive,0.4780228620725487,GOOGL,reddit,34,1
2024-08-20,TSLA IV too high for options rn,neutral,0.16065464068059282,TSLA,reddit,70,40
2023-08-27,DD: Why PLTR is going to $1000 🚀,positive,0.5650566162524655,PLTR,reddit,95,15
2024-01-02,GOOGL tendies printing 🍗🍗🍗,positive,0.7965451994591353,GOOGL,reddit,96,46
2024-08-22,bull thesis on AMZN: trust me bro,positive,0.8181277662836572,AMZN,reddit,58,0
2024-01-03,"META rug pull, everyone got rekt",negative,-0.35583828706915555,META,reddit,1,84
2024-09-30,wife's boyfriend approved my GOOGL purchase,positive,0.3839429837821101,GOOGL,reddit,13,32
2023-09-08,DD: Why BB is going to $1000 🚀,positive,0.8833672741436676,BB,reddit,1,25
2024-02-03,"theta gang on NVDA, selling covered calls",neutral,0.053749259650433534,NVDA,reddit,70,2
2024-10-15,"AMZN consolidating, waiting for breakout",neutral,-0.040876377831798594,AMZN,reddit,55,13
2024-08-09,"NVDA puts printing, bears eating good tonight",negative,-0.8391576443766059,NVDA,reddit,7,3
2024-02-05,apes dont sell 💎🙌 MSFT forever,positive,0.5015046462927041,MSFT,reddit,19,0
2023-04-16,TSLA IV too high for options rn,neutral,-0.11209720739547696,TSLA,reddit,355,5
2023-08-13,what's the play on META?,neutral,-0.023004022459792883,META,reddit,24,14
2023-08-10,"inverse WSB worked, sold AMZN at the top",negative,-0.7312617205549438,AMZN,reddit,18,10
2024-01-30,TSLA tendies printing 🍗🍗🍗,positive,0.5559303181659014,TSLA,reddit,32,57
2024-11-22,"BB going to $0, get out while you can",negative,-0.42396983200576144,BB,reddit,142,18
2024-03-05,"positions: 100x TSLA 500c 1/20, wish me luck retards",positive,0.3317226330655436,TSLA,reddit,20,6
2023-12-12,if you're not buying SPY rn you hate money,positive,0.6955672014234964,SPY,reddit,67,19
2023-03-06,paper trading AMZN before going in,neutral,-0.17016933706906762,AMZN,reddit,328,16
2023-05-12,"GUH moment on NVDA, RIP my portfolio",negative,-0.7681600929790231,NVDA,reddit,70,50
2023-05-07,"inverse WSB worked, sold NVDA at the top",negative,-0.8739336729976669,NVDA,reddit,51,19
2023-11-17,"SPY squeeze incoming, shorts are fukd",positive,0.47129396987456385,SPY,reddit,16,14
2024-02-16,apes dont sell 💎🙌 BB forever,positive,0.40243042808099305,BB,reddit,186,12
2023-01-16,"sold my AAPL bags, finally free",negative,-0.6520213808565352,AAPL,reddit,45,9
2023-02-10,wife's boyfriend approved my AAPL purchase,positive,0.34143141763990625,AAPL,reddit,18,36
2024-08-13,loss porn: down 90% on PLTR calls,negative,-0.3458320062059418,PLTR,reddit,117,21
2024-03-13,imagine buying NVDA at ATH lmaooo,negative,-0.8458608617683956,NVDA,reddit,177,27
2024-04-30,META IV too high for options rn,neutral,-0.030175104804260305,META,reddit,47,36
2024-08-27,loss porn: down 90% on MSFT calls,negative,-0.674751954750032,MSFT,reddit,111,4
2023-01-28,"BB squeeze incoming, shorts are fukd",positive,0.7599074389544067,BB,reddit,71,27
2024-10-28,"NVDA going to $0, get out while you can",negative,-0.35132596015706685,NVDA,reddit,121,14
2024-05-28,AAPL tendies printing 🍗🍗🍗,positive,0.4684664434597736,AAPL,reddit,102,38
2023-07-23,"AAPL consolidating, waiting for breakout",neutral,0.1251657000657616,AAPL,reddit,100,4
2023-01-16,GOOGL IV too high for options rn,neutral,-0.07596643382755063,GOOGL,reddit,122,10
2023-09-07,SPY IV too high for options rn,neutral,-0.02155359728223663,SPY,reddit,45,28
2024-06-12,DD: Why AMC is going to $1000 🚀,positive,0.5531656586397198,AMC,reddit,65,90
2024-02-07,what's the play on NVDA?,neutral,0.14828575871284455,NVDA,reddit,62,14
2023-02-15,"sold my AMZN bags, finally free",negative,-0.7618092078174866,AMZN,reddit,68,42
2023-06-20,"this is financial advice, buy MSFT",positive,0.7219613749592986,MSFT,reddit,10,16
2023-12-21,paper trading META before going in,neutral,0.1453532265938821,META,reddit,121,12
2023-03-24,"BB squeeze incoming, shorts are fukd",positive,0.5594353511022602,BB,reddit,93,8
2023-10-31,AMC tendies printing 🍗🍗🍗,positive,0.7036843192788154,AMC,reddit,135,20
2023-01-26,"BB squeeze incoming, shorts are fukd",positive,0.4048488834424197,BB,reddit,49,64
2023-02-09,loss porn: down 90% on AMZN calls,negative,-0.5882676899946484,AMZN,reddit,443,9
2023-06-03,"META puts printing, bears eating good tonight",negative,-0.3763847392114916,META,reddit,217,45
2024-08-25,"SPY puts printing, bears eating good tonight",negative,-0.634692481890864,SPY,reddit,93,11
2024-04-11,"SPY consolidating, waiting for breakout",neutral,0.12950994017822787,SPY,reddit,600,19
2023-06-09,"positions: 100x MSFT 500c 1/20, wish me luck retards",positive,0.30666047235442956,MSFT,reddit,15,17
2024-01-29,wife's boyfriend approved my MSFT purchase,positive,0.4714024445730227,MSFT,reddit,10,9
2023-02-19,anyone got DD on META?,neutral,0.1463739137064925,META,reddit,31,34
2023-09-14,anyone got DD on TSLA?,neutral,0.008630577665885097,TSLA,reddit,102,7
2024-08-20,wife's boyfriend approved my TSLA purchase,positive,0.7004926181029577,TSLA,reddit,68,3
2023-08-28,"sold my PLTR bags, finally free",negative,-0.7669015034947605,PLTR,reddit,185,11
2024-02-04,"NVDA going to $0, get out while you can",negative,-0.4170988868846614,NVDA,reddit,228,1
2024-10-24,"YOLO'd my life savings into NVDA calls, cant go tits up",positive,0.891514173277854,NVDA,reddit,47,32
2024-04-09,"GME puts printing, bears eating good tonight",negative,-0.8134309749934523,GME,reddit,131,22
2024-09-25,"AMC puts printing, bears eating good tonight",negative,-0.5673528929404457,AMC,reddit,8,10
2024-04-29,wife's boyfriend approved my AAPL purchase,positive,0.510078513425607,AAPL,reddit,113,27
2024-04-16,META IV too high for options rn,neutral,-0.1054603530846237,META,reddit,33,57
2023-03-21,what's the play on NVDA?,neutral,0.00792133863395525,NVDA,reddit,695,16
2023-12-29,loss porn: down 90% on NVDA calls,negative,-0.7556124884989557,NVDA,reddit,51,12
2024-11-20,"PLTR consolidating, waiting for breakout",neutral,-0.042327112425732505,PLTR,reddit,45,7
2024-02-02,anyone got DD on PLTR?,neutral,-0.11510924297050101,PLTR,reddit,31,63
2024-06-30,"sold my MSFT bags, finally free",negative,-0.55293515145783,MSFT,reddit,233,2
2024-10-27,"inverse WSB worked, sold SPY at the top",negative,-0.43379387255727275,SPY,reddit,12,27
2023-10-06,PLTR tendies printing 🍗🍗🍗,positive,0.5779645379944369,PLTR,reddit,62,4
2024-03-11,"theta gang on PLTR, selling covered calls",neutral,0.08779944128298356,PLTR,reddit,24,28
2024-08-22,DD: Why AAPL is going to $1000 🚀,positive,0.830645945172922,AAPL,reddit,75,7
2023-01-03,wife's boyfriend approved my MSFT purchase,positive,0.41461487707475286,MSFT,reddit,113,1
2024-10-06,"this is financial advice, buy GME",positive,0.7316342769241504,GME,reddit,4,5
2023-08-11,"positions: 100x AAPL 500c 1/20, wish me luck retards",positive,0.6838874564534994,AAPL,reddit,9,17
2023-10-25,anyone got DD on META?,neutral,0.0856214496312993,META,reddit,96,41
2023-04-01,what's the play on GOOGL?,neutral,-0.178747028440956,GOOGL,reddit,22,9
2023-04-29,if you're not buying SPY rn you hate money,positive,0.72824287892823,SPY,reddit,388,5
2024-10-10,"GOOGL consolidating, waiting for breakout",neutral,0.13816004797113363,GOOGL,reddit,10,8
2024-02-08,paper trading SPY before going in,neutral,-0.17858617272651867,SPY,reddit,30,8
2024-02-26,"PLTR squeeze incoming, shorts are fukd",positive,0.8587673472968098,PLTR,reddit,78,80
2024-08-08,loss porn: down 90% on PLTR calls,negative,-0.7162687584272123,PLTR,reddit,206,3
2023-10-18,imagine buying GME at ATH lmaooo,negative,-0.8136903118938191,GME,reddit,50,3
2023-10-17,DD: Why META is going to $1000 🚀,positive,0.7849384783838718,META,reddit,133,5
2023-09-15,wife's boyfriend approved my AMC purchase,positive,0.3987899006554597,AMC,reddit,39,4
2024-05-14,"TSLA rug pull, everyone got rekt",negative,-0.733247519362559,TSLA,reddit,220,12
2023-07-11,"AMZN consolidating, waiting for breakout",neutral,-0.14053263478774644,AMZN,reddit,69,8
2024-08-10,DD: Why TSLA is going to $1000 🚀,positive,0.5006732340027022,TSLA,reddit,250,28
2023-11-24,imagine buying AMC at ATH lmaooo,negative,-0.3988145289217353,AMC,reddit,70,1
2024-01-17,"inverse WSB worked, sold GOOGL at the top",negative,-0.6864313917073577,GOOGL,reddit,315,2
2023-02-10,imagine buying NVDA at ATH lmaooo,negative,-0.4275968949901056,NVDA,reddit,108,35
2023-07-04,"NVDA puts printing, bears eating good tonight",negative,-0.5904586949103998,NVDA,reddit,30,8
2023-12-28,"SPY going to $0, get out while you can",negative,-0.49257391345348017,SPY,reddit,35,45
2023-06-06,apes dont sell 💎🙌 AMZN forever,positive,0.6746754072854417,AMZN,reddit,107,0
2024-10-28,"YOLO'd my life savings into META calls, cant go tits up",positive,0.3580498385423264,META,reddit,22,23
2023-03-04,"TSLA rug pull, everyone got rekt",negative,-0.6022624751248414,TSLA,reddit,13,18
2023-07-12,"GUH moment on AMZN, RIP my portfolio",negative,-0.38741682939758726,AMZN,reddit,81,7
2023-12-30,DD: Why NVDA is going to $1000 🚀,positive,0.6661869181023563,NVDA,reddit,112,55
2023-04-03,imagine buying MSFT at ATH lmaooo,negative,-0.4624707951748341,MSFT,reddit,129,34
2023-12-06,"sold my META bags, finally free",negative,-0.5146856738214478,META,reddit,132,3
2024-10-03,"positions: 100x PLTR 500c 1/20, wish me luck retards",positive,0.8863465620279445,PLTR,reddit,55,17
2024-03-04,wife's boyfriend approved my AAPL purchase,positive,0.6592900626503371,AAPL,reddit,59,0
2023-01-10,"GUH moment on AMZN, RIP my portfolio",negative,-0.867586117739121,AMZN,reddit,71,0
2024-07-24,"this is financial advice, buy AMZN",positive,0.49765502373595816,AMZN,reddit,124,1
2023-09-14,"theta gang on META, selling covered calls",neutral,-0.1329513174452327,META,reddit,20,1
2023-01-10,"inverse WSB worked, sold SPY at the top",negative,-0.7984756089799416,SPY,reddit,284,57
2023-09-08,"GME going to $0, get out while you can",negative,-0.3283459782238607,GME,reddit,133,8
2024-06-06,apes dont sell 💎🙌 AMC forever,positive,0.3971494978492183,AMC,reddit,69,28
2024-11-02,apes dont sell 💎🙌 AAPL forever,positive,0.3889069326392665,AAPL,reddit,17,16
2024-09-10,imagine buying TSLA at ATH lmaooo,negative,-0.5801722434679922,TSLA,reddit,134,23
2023-05-02,"AMC squeeze incoming, shorts are fukd",positive,0.6127761922200217,AMC,reddit,7,1
2023-04-25,"theta gang on AAPL, selling covered calls",neutral,0.12915301546065494,AAPL,reddit,148,6
2023-03-06,DD: Why BB is going to $1000 🚀,positive,0.31845942195773996,BB,reddit,79,35
2024-04-22,"AMZN rug pull, everyone got rekt",negative,-0.8819721075683369,AMZN,reddit,72,11
2024-06-05,paper trading NVDA before going in,neutral,0.0030829389632007764,NVDA,reddit,20,19
2023-08-16,"MSFT squeeze incoming, shorts are fukd",positive,0.3075303500872619,MSFT,reddit,1,14
2023-06-26,"YOLO'd my life savings into PLTR calls, cant go tits up",positive,0.8501882310126618,PLTR,reddit,43,33
2024-10-02,"this is financial advice, buy AMC",positive,0.31182818471742035,AMC,reddit,108,7
2023-03-08,"AMZN consolidating, waiting for breakout",neutral,0.12469118739775414,AMZN,reddit,72,18
2023-11-13,"sold my AMC bags, finally free",negative,-0.6079081945074741,AMC,reddit,5,27
2024-08-29,anyone got DD on META?,neutral,-0.009698349691953295,META,reddit,92,11
2024-01-25,anyone got DD on GME?,neutral,0.0739291304466792,GME,reddit,36,2
2023-02-08,DD: Why MSFT is going to $1000 🚀,positive,0.3790022335156224,MSFT,reddit,334,30
2023-04-02,"sold my MSFT bags, finally free",negative,-0.3842612244017458,MSFT,reddit,51,48
2024-09-06,NVDA tendies printing 🍗🍗🍗,positive,0.4822809954189524,NVDA,reddit,75,53
2023-11-02,paper trading TSLA before going in,neutral,0.10460629205477673,TSLA,reddit,268,56
2023-03-12,"AAPL rug pull, everyone got rekt",negative,-0.6534657653002062,AAPL,reddit,12,4
2023-04-26,"YOLO'd my life savings into AMZN calls, cant go tits up",positive,0.6465621499550619,AMZN,reddit,91,67
2024-11-12,"GUH moment on SPY, RIP my portfolio",negative,-0.3904234814549201,SPY,reddit,32,35
2023-04-26,wife's boyfriend approved my AMC purchase,positive,0.5925595432254827,AMC,reddit,224,18
2023-10-20,what's the play on GOOGL?,neutral,0.18385835498582725,GOOGL,reddit,24,1
2023-09-23,"theta gang on TSLA, selling covered calls",neutral,0.08123518426126586,TSLA,reddit,18,28
2024-07-12,"theta gang on GOOGL, selling covered calls",neutral,-0.19764038775046222,GOOGL,reddit,67,15
2023-09-22,if you're not buying SPY rn you hate money,positive,0.6994848684953167,SPY,reddit,44,6
2024-04-14,META tendies printing 🍗🍗🍗,positive,0.8309505316418277,META,reddit,38,2
2023-10-27,"inverse WSB worked, sold PLTR at the top",negative,-0.6116442688630463,PLTR,reddit,181,0
2024-09-29,anyone got DD on META?,neutral,-0.12019067371513077,META,reddit,10,7
2023-09-27,DD: Why PLTR is going to $1000 🚀,positive,0.8298801445432658,PLTR,reddit,137,36
2023-03-24,"GME squeeze incoming, shorts are fukd",positive,0.8612978427144902,GME,reddit,235,4
2024-05-15,"META squeeze incoming, shorts are fukd",positive,0.8068627242969952,META,reddit,126,21
2023-04-04,what's the play on META?,neutral,0.08168593457229129,META,reddit,206,27
2023-07-06,"GUH moment on GOOGL, RIP my portfolio",negative,-0.6135147516695632,GOOGL,reddit,10,56
2023-07-13,"MSFT going to $0, get out while you can",negative,-0.7705333638611667,MSFT,reddit,115,50
2023-09-28,apes dont sell 💎🙌 AMC forever,positive,0.3763228983442368,AMC,reddit,260,3
2024-09-10,"inverse WSB worked, sold MSFT at the top",negative,-0.4175705710300815,MSFT,reddit,83,19
2023-04-09,bull thesis on SPY: trust me bro,positive,0.5986594108195951,SPY,reddit,17,14
2024-04-22,"theta gang on GOOGL, selling covered calls",neutral,-0.1961664098972461,GOOGL,reddit,31,16
2024-06-24,"inverse WSB worked, sold MSFT at the top",negative,-0.623070295779372,MSFT,reddit,20,10
2023-04-23,"sold my BB bags, finally free",negative,-0.8953911955356089,BB,reddit,295,19
2024-05-21,wife's boyfriend approved my SPY purchase,positive,0.5646569885772175,SPY,reddit,7,8
2023-04-27,"GUH moment on GOOGL, RIP my portfolio",negative,-0.32927724464628827,GOOGL,reddit,100,4
2023-12-10,"SPY puts printing, bears eating good tonight",negative,-0.8319316649034619,SPY,reddit,105,9
2024-02-23,paper trading NVDA before going in,neutral,0.016112683775253656,NVDA,reddit,8,55
2024-11-12,"GME rug pull, everyone got rekt",negative,-0.5063620484553035,GME,reddit,11,0
2024-05-16,anyone got DD on PLTR?,neutral,0.07596700669167283,PLTR,reddit,28,8
2023-11-22,bull thesis on AMC: trust me bro,positive,0.520151662791394,AMC,reddit,146,7
2024-08-24,anyone got DD on AAPL?,neutral,0.1421467122146099,AAPL,reddit,1,18
2023-11-20,"theta gang on MSFT, selling covered calls",neutral,-0.03303105942766718,MSFT,reddit,39,15
2023-12-28,"META squeeze incoming, shorts are fukd",positive,0.4266818741904691,META,reddit,44,24
2023-08-14,"inverse WSB worked, sold SPY at the top",negative,-0.6816061481213833,SPY,reddit,34,31
2024-08-29,bull thesis on PLTR: trust me bro,positive,0.3595387985305133,PLTR,reddit,93,9
2023-11-08,imagine buying AMC at ATH lmaooo,negative,-0.5831974719113916,AMC,reddit,9,10
2023-02-24,paper trading GME before going in,neutral,0.0795282631878198,GME,reddit,277,12
2023-06-15,"this is financial advice, buy AMZN",positive,0.6653378239986687,AMZN,reddit,109,6
2023-01-28,loss porn: down 90% on NVDA calls,negative,-0.6340162350543095,NVDA,reddit,279,18
2023-04-19,BB IV too high for options rn,neutral,0.09859359307243049,BB,reddit,64,20
2024-01-21,GME tendies printing 🍗🍗🍗,positive,0.8839099642968367,GME,reddit,396,8
2024-06-14,loss porn: down 90% on MSFT calls,negative,-0.8593533807581268,MSFT,reddit,314,18
2023-08-21,"inverse WSB worked, sold AMZN at the top",negative,-0.8174042235902652,AMZN,reddit,216,49
2024-05-13,wife's boyfriend approved my NVDA purchase,positive,0.6651440040259413,NVDA,reddit,78,3
2023-12-04,if you're not buying AMZN rn you hate money,positive,0.8603136887011804,AMZN,reddit,93,14
2024-09-23,"PLTR consolidating, waiting for breakout",neutral,-0.1319581524992297,PLTR,reddit,163,14
2023-11-24,imagine buying GOOGL at ATH lmaooo,negative,-0.6554407917402139,GOOGL,reddit,116,0
2023-05-03,anyone got DD on BB?,neutral,-0.13981317694221165,BB,reddit,596,10
2024-06-06,wife's boyfriend approved my TSLA purchase,positive,0.499590325323635,TSLA,reddit,66,7
2023-05-21,"PLTR going to $0, get out while you can",negative,-0.5145836030678528,PLTR,reddit,74,63
2023-11-30,"PLTR consolidating, waiting for breakout",neutral,0.0028011834299025706,PLTR,reddit,28,1
2024-08-02,loss porn: down 90% on PLTR calls,negative,-0.7512089194379965,PLTR,reddit,61,1
2024-10-15,"AMC puts printing, bears eating good tonight",negative,-0.5766453467318956,AMC,reddit,84,42
2024-08-31,anyone got DD on BB?,neutral,-0.07391781911927567,BB,reddit,68,13
2024-01-26,apes dont sell 💎🙌 GME forever,positive,0.4288702091465816,GME,reddit,79,11
2023-01-20,bull thesis on SPY: trust me bro,positive,0.7233489561433124,SPY,reddit,45,6
2024-09-28,"BB squeeze incoming, shorts are fukd",positive,0.8362369955314837,BB,reddit,5,3
2024-03-04,"theta gang on AMZN, selling covered calls",neutral,-0.04841568368316573,AMZN,reddit,21,1
2024-04-05,bull thesis on AMZN: trust me bro,positive,0.43507137587212485,AMZN,reddit,55,35
2023-05-25,wife's boyfriend approved my SPY purchase,positive,0.7997664489527804,SPY,reddit,24,1
2023-10-23,PLTR tendies printing 🍗🍗🍗,positive,0.8870469169947441,PLTR,reddit,82,6
2024-08-27,AAPL tendies printing 🍗🍗🍗,positive,0.6007808597851669,AAPL,reddit,115,3
2024-07-26,DD: Why BB is going to $1000 🚀,positive,0.5246933369554277,BB,reddit,123,41
2023-06-13,"MSFT consolidating, waiting for breakout",neutral,0.14738589611474634,MSFT,reddit,102,20
2024-03-23,paper trading GOOGL before going in,neutral,0.1006853642913999,GOOGL,reddit,99,9
2024-09-18,paper trading TSLA before going in,neutral,-0.17078979412508688,TSLA,reddit,30,15
2023-09-10,DD: Why MSFT is going to $1000 🚀,positive,0.6596607692910552,MSFT,reddit,101,26
2024-10-28,"AMZN rug pull, everyone got rekt",negative,-0.6730286407246503,AMZN,reddit,56,34
2023-10-06,"inverse WSB worked, sold GOOGL at the top",negative,-0.648662894642975,GOOGL,reddit,474,6
2024-02-09,AMC IV too high for options rn,neutral,-0.04712301860109375,AMC,reddit,19,48
2023-08-21,"META rug pull, everyone got rekt",negative,-0.6649851316201345,META,reddit,107,9
2024-03-23,"AAPL consolidating, waiting for breakout",neutral,0.11607006130346342,AAPL,reddit,119,6
2024-02-20,"theta gang on NVDA, selling covered calls",neutral,-0.12697378707609447,NVDA,reddit,68,10
2024-09-11,SPY IV too high for options rn,neutral,0.09113910162561628,SPY,reddit,70,4
2024-08-03,if you're not buying SPY rn you hate money,positive,0.6898252533138354,SPY,reddit,6,19
2024-06-15,"GOOGL rug pull, everyone got rekt",negative,-0.5283413202645172,GOOGL,reddit,156,9
2023-04-02,"BB rug pull, everyone got rekt",negative,-0.4059856456952946,BB,reddit,302,7
2023-05-08,"AAPL going to $0, get out while you can",negative,-0.324964351784638,AAPL,reddit,21,14
2023-04-15,"positions: 100x AAPL 500c 1/20, wish me luck retards",positive,0.6735606209730671,AAPL,reddit,173,31
2023-04-24,"YOLO'd my life savings into AMZN calls, cant go tits up",positive,0.4788122693281395,AMZN,reddit,77,29
2023-05-14,"this is financial advice, buy GOOGL",positive,0.6329436193029517,GOOGL,reddit,43,61
2024-03-04,"SPY puts printing, bears eating good tonight",negative,-0.508498496878019,SPY,reddit,70,95
2024-01-28,"SPY rug pull, everyone got rekt",negative,-0.6206977973551273,SPY,reddit,23,1
2024-01-11,"AAPL consolidating, waiting for breakout",neutral,-0.009295275898104638,AAPL,reddit,9,8
2023-03-04,loss porn: down 90% on MSFT calls,negative,-0.5061349120548859,MSFT,reddit,7,10
2023-12-18,"YOLO'd my life savings into NVDA calls, cant go tits up",positive,0.3439953868378977,NVDA,reddit,8,14
2024-11-19,"positions: 100x SPY 500c 1/20, wish me luck retards",positive,0.7968558931508425,SPY,reddit,34,16
2024-10-12,paper trading PLTR before going in,neutral,-0.1307957662753943,PLTR,reddit,69,25
2024-03-24,"BB puts printing, bears eating good tonight",negative,-0.6113640812601303,BB,reddit,148,71
2024-06-08,"AMZN rug pull, everyone got rekt",negative,-0.4880471241248305,AMZN,reddit,271,22
2023-12-15,anyone got DD on AMC?,neutral,0.08646363042139221,AMC,reddit,12,9
2023-11-20,loss porn: down 90% on SPY calls,negative,-0.6796633772976192,SPY,reddit,144,28
2024-05-24,"inverse WSB worked, sold AMC at the top",negative,-0.48235511508522744,AMC,reddit,174,35
2023-08-21,"this is financial advice, buy NVDA",positive,0.4040204463476101,NVDA,reddit,28,4
2023-07-17,imagine buying META at ATH lmaooo,negative,-0.5519849307018171,META,reddit,100,57
2024-04-11,"sold my AMZN bags, finally free",negative,-0.8156539432686132,AMZN,reddit,223,82
2023-06-09,"sold my GOOGL bags, finally free",negative,-0.8300887053646128,GOOGL,reddit,37,3
2023-12-03,anyone got DD on PLTR?,neutral,-0.13879139226366488,PLTR,reddit,61,2
2024-09-04,"theta gang on AMZN, selling covered calls",neutral,0.19405270207668635,AMZN,reddit,164,60
2023-10-06,"BB consolidating, waiting for breakout",neutral,-0.06498025134147581,BB,reddit,73,7
2023-08-31,"positions: 100x GOOGL 500c 1/20, wish me luck retards",positive,0.4182743697832279,GOOGL,reddit,4,11
2023-04-02,"META squeeze incoming, shorts are fukd",positive,0.8291036571374173,META,reddit,505,2
2024-02-06,"inverse WSB worked, sold GOOGL at the top",negative,-0.5346112580561599,GOOGL,reddit,42,15
2023-09-10,"positions: 100x NVDA 500c 1/20, wish me luck retards",positive,0.6663571856497317,NVDA,reddit,107,12
2024-04-02,wife's boyfriend approved my GOOGL purchase,positive,0.5243994284966343,GOOGL,reddit,4,34
2024-02-12,bull thesis on META: trust me bro,positive,0.3386920023106894,META,reddit,105,11
2024-10-29,"positions: 100x AMC 500c 1/20, wish me luck retards",positive,0.8454104040267432,AMC,reddit,158,40
2023-07-12,wife's boyfriend approved my PLTR purchase,positive,0.60926905643586,PLTR,reddit,357,2
2024-07-12,"NVDA puts printing, bears eating good tonight",negative,-0.43097198827789995,NVDA,reddit,286,18
2023-07-23,"PLTR rug pull, everyone got rekt",negative,-0.7311351946991761,PLTR,reddit,3,36
2023-08-09,bull thesis on GOOGL: trust me bro,positive,0.5998370344897674,GOOGL,reddit,4,22
2023-12-01,"NVDA rug pull, everyone got rekt",negative,-0.7991892825267891,NVDA,reddit,137,5
2024-06-23,anyone got DD on META?,neutral,0.06984549314192645,META,reddit,42,66
2024-02-07,"inverse WSB worked, sold SPY at the top",negative,-0.8999897176209722,SPY,reddit,72,36
2023-09-16,"inverse WSB worked, sold META at the top",negative,-0.5864534996706955,META,reddit,90,19
2024-04-19,DD: Why MSFT is going to $1000 🚀,positive,0.8916178914956467,MSFT,reddit,47,30
2023-08-30,AAPL tendies printing 🍗🍗🍗,positive,0.5772209674335607,AAPL,reddit,140,2
2024-10-31,BB IV too high for options rn,neutral,0.17440437129600805,BB,reddit,225,34
2024-09-02,"YOLO'd my life savings into GME calls, cant go tits up",positive,0.6795317471758415,GME,reddit,33,6
2023-12-04,PLTR tendies printing 🍗🍗🍗,positive,0.5074158738624468,PLTR,reddit,147,5
2023-10-10,"sold my SPY bags, finally free",negative,-0.6955235459683864,SPY,reddit,19,6
2023-02-11,"SPY squeeze incoming, shorts are fukd",positive,0.8348322578415539,SPY,reddit,175,91
2023-07-29,imagine buying TSLA at ATH lmaooo,negative,-0.33712883088325885,TSLA,reddit,36,96
2023-04-05,"YOLO'd my life savings into AMZN calls, cant go tits up",positive,0.4083417250330577,AMZN,reddit,76,1
2023-05-30,"YOLO'd my life savings into META calls, cant go tits up",positive,0.33949643100864435,META,reddit,14,10
2023-06-12,"MSFT going to $0, get out while you can",negative,-0.3780656817801644,MSFT,reddit,20,3
2024-10-20,wife's boyfriend approved my AMZN purchase,positive,0.3042676086565606,AMZN,reddit,241,7
2023-12-23,DD: Why SPY is going to $1000 🚀,positive,0.5033614844873642,SPY,reddit,11,19
2024-01-13,MSFT tendies printing 🍗🍗🍗,positive,0.37920287302630984,MSFT,reddit,106,8
2023-09-06,"TSLA consolidating, waiting for breakout",neutral,-0.07001908052833308,TSLA,reddit,103,1
2024-03-14,if you're not buying NVDA rn you hate money,positive,0.5306104344199254,NVDA,reddit,133,7
2024-03-31,loss porn: down 90% on SPY calls,negative,-0.45442973705251455,SPY,reddit,93,2
2023-12-10,paper trading SPY before going in,neutral,0.0905807461766322,SPY,reddit,14,17
2023-04-17,wife's boyfriend approved my AAPL purchase,positive,0.7140882645588775,AAPL,reddit,22,5
2023-08-30,"PLTR squeeze incoming, shorts are fukd",positive,0.6903247236787481,PLTR,reddit,5,8
2023-02-16,META tendies printing 🍗🍗🍗,positive,0.6308530926658107,META,reddit,182,82
2024-05-16,bull thesis on AAPL: trust me bro,positive,0.43609616759413095,AAPL,reddit,156,10
2024-01-06,"GME rug pull, everyone got rekt",negative,-0.598502022557095,GME,reddit,17,4
2024-04-03,DD: Why TSLA is going to $1000 🚀,positive,0.5737007716963347,TSLA,reddit,256,31
2024-04-30,"AMZN puts printing, bears eating good tonight",negative,-0.8212079675626223,AMZN,reddit,89,34
2024-10-31,"sold my PLTR bags, finally free",negative,-0.41325729360253016,PLTR,reddit,7,31
2023-10-05,"GUH moment on NVDA, RIP my portfolio",negative,-0.3644475016449994,NVDA,reddit,95,10
2024-08-18,if you're not buying NVDA rn you hate money,positive,0.6826440062438254,NVDA,reddit,233,50
2023-06-12,"theta gang on SPY, selling covered calls",neutral,0.029245622627147083,SPY,reddit,141,33
2023-07-04,"theta gang on META, selling covered calls",neutral,-0.10581317875473589,META,reddit,276,11
2023-11-17,if you're not buying MSFT rn you hate money,positive,0.49378993542805016,MSFT,reddit,3,38
2023-09-03,"inverse WSB worked, sold AMZN at the top",negative,-0.6171156770284174,AMZN,reddit,315,1
2023-06-24,"this is financial advice, buy GME",positive,0.3140529991229105,GME,reddit,66,0
2024-08-12,"SPY going to $0, get out while you can",negative,-0.7485649793758381,SPY,reddit,115,3
2023-08-07,"GUH moment on BB, RIP my portfolio",negative,-0.3587102915219186,BB,reddit,366,43
2024-11-18,"GOOGL going to $0, get out while you can",negative,-0.40494647960899266,GOOGL,reddit,17,30
2023-11-02,apes dont sell 💎🙌 GME forever,positive,0.7110157884074022,GME,reddit,321,65
2023-01-21,"YOLO'd my life savings into BB calls, cant go tits up",positive,0.6759719919380909,BB,reddit,84,36
2024-01-25,wife's boyfriend approved my AAPL purchase,positive,0.7820757516888408,AAPL,reddit,12,49
2023-12-28,"AMC puts printing, bears eating good tonight",negative,-0.5157570413385659,AMC,reddit,74,10
2023-08-14,MSFT IV too high for options rn,neutral,0.018326004970339094,MSFT,reddit,152,96
2023-06-24,"GME rug pull, everyone got rekt",negative,-0.6047017473457011,GME,reddit,22,14
2023-11-01,apes dont sell 💎🙌 TSLA forever,positive,0.6895737154069759,TSLA,reddit,40,19
2023-01-24,loss porn: down 90% on AAPL calls,negative,-0.7279419855327027,AAPL,reddit,268,9
2023-09-05,"META rug pull, everyone got rekt",negative,-0.8266567602918311,META,reddit,61,28
2023-02-10,"SPY squeeze incoming, shorts are fukd",positive,0.39916508519109833,SPY,reddit,126,12
2023-07-29,PLTR IV too high for options rn,neutral,-0.18718685457092052,PLTR,reddit,90,10
2024-04-14,"YOLO'd my life savings into TSLA calls, cant go tits up",positive,0.38033804671569765,TSLA,reddit,73,9
2023-12-21,"TSLA rug pull, everyone got rekt",negative,-0.581721776357571,TSLA,reddit,121,28
2024-04-19,apes dont sell 💎🙌 SPY forever,positive,0.3797205701578488,SPY,reddit,48,15
2023-04-15,"sold my GME bags, finally free",negative,-0.7585876868491801,GME,reddit,32,19
2024-09-13,GOOGL tendies printing 🍗🍗🍗,positive,0.7409056219898776,GOOGL,reddit,3,24
2023-02-18,anyone got DD on PLTR?,neutral,0.1877256359423644,PLTR,reddit,552,2
2024-11-04,DD: Why GOOGL is going to $1000 🚀,positive,0.6348714081149807,GOOGL,reddit,227,7
2023-03-17,"NVDA consolidating, waiting for breakout",neutral,-0.02661261905932405,NVDA,reddit,15,6
2024-02-13,imagine buying AAPL at ATH lmaooo,negative,-0.3792968416694057,AAPL,reddit,217,4
2023-01-13,"YOLO'd my life savings into PLTR calls, cant go tits up",positive,0.5238153450991914,PLTR,reddit,82,1
2024-04-30,"PLTR puts printing, bears eating good tonight",negative,-0.5801266784840997,PLTR,reddit,71,15
2023-12-23,BB IV too high for options rn,neutral,-0.14132431542619509,BB,reddit,19,29
2023-03-25,paper trading SPY before going in,neutral,0.05330626849019321,SPY,reddit,75,27
2024-04-10,what's the play on MSFT?,neutral,0.09082233379482202,MSFT,reddit,40,31
2024-08-19,"this is financial advice, buy META",positive,0.8742422128432561,META,reddit,357,16
2024-02-22,apes dont sell 💎🙌 NVDA forever,positive,0.8988042088899677,NVDA,reddit,56,7
2023-08-06,"inverse WSB worked, sold AMZN at the top",negative,-0.801430895970813,AMZN,reddit,41,16
2023-04-11,"GUH moment on AMC, RIP my portfolio",negative,-0.457465783367492,AMC,reddit,91,7
2023-10-05,"GUH moment on SPY, RIP my portfolio",negative,-0.7490651777874933,SPY,reddit,7,17
2024-05-16,"GME rug pull, everyone got rekt",negative,-0.6281002407507945,GME,reddit,12,5
2023-02-15,apes dont sell 💎🙌 GOOGL forever,positive,0.4380541114519191,GOOGL,reddit,136,22
2024-10-24,imagine buying NVDA at ATH lmaooo,negative,-0.43536568647001844,NVDA,reddit,362,13
2024-11-25,"sold my BB bags, finally free",negative,-0.32462774927490834,BB,reddit,41,0
2024-02-07,bull thesis on BB: trust me bro,positive,0.6353686046901716,BB,reddit,101,35
2024-09-29,paper trading GOOGL before going in,neutral,-0.0887192221480543,GOOGL,reddit,35,6
2024-06-27,paper trading BB before going in,neutral,-0.03919548054471339,BB,reddit,101,44
2024-06-28,"positions: 100x TSLA 500c 1/20, wish me luck retards",positive,0.5040607784822893,TSLA,reddit,58,21
2023-08-22,"sold my GME bags, finally free",negative,-0.6504022744420503,GME,reddit,111,1
2024-07-09,what's the play on MSFT?,neutral,-0.03319490414231127,MSFT,reddit,31,50
2023-04-22,"META puts printing, bears eating good tonight",negative,-0.3035996125820223,META,reddit,66,4
2024-09-30,"META puts printing, bears eating good tonight",negative,-0.3315633764878204,META,reddit,148,26
2023-03-30,"MSFT consolidating, waiting for breakout",neutral,0.027988656700042608,MSFT,reddit,92,4
2024-05-25,BB IV too high for options rn,neutral,-0.15434057116424113,BB,reddit,116,1
2024-11-12,"BB squeeze incoming, shorts are fukd",positive,0.8001707811110128,BB,reddit,81,25
2024-03-02,"sold my NVDA bags, finally free",negative,-0.7325135809963168,NVDA,reddit,2,10
2023-02-20,imagine buying AAPL at ATH lmaooo,negative,-0.5047909091331895,AAPL,reddit,71,40
2024-02-08,"positions: 100x BB 500c 1/20, wish me luck retards",positive,0.559836930405776,BB,reddit,347,25
2023-05-26,"positions: 100x TSLA 500c 1/20, wish me luck retards",positive,0.4780471914619179,TSLA,reddit,129,7
2024-01-10,apes dont sell 💎🙌 PLTR forever,positive,0.5041856498513915,PLTR,reddit,150,12
2023-11-09,what's the play on META?,neutral,-0.06110220151680759,META,reddit,3,20
2024-03-28,"GME rug pull, everyone got rekt",negative,-0.5933722564610489,GME,reddit,24,17
2023-10-25,wife's boyfriend approved my PLTR purchase,positive,0.38683739335331274,PLTR,reddit,54,4
2023-02-16,"META going to $0, get out while you can",negative,-0.3736575798570989,META,reddit,7,3
2023-09-23,imagine buying META at ATH lmaooo,negative,-0.6551097543200886,META,reddit,455,4
2024-11-22,"this is financial advice, buy BB",positive,0.3614867231982405,BB,reddit,132,16
2024-01-30,GOOGL tendies printing 🍗🍗🍗,positive,0.3337841585054605,GOOGL,reddit,38,1
2023-09-01,bull thesis on MSFT: trust me bro,positive,0.7028127424100168,MSFT,reddit,261,3
2023-11-04,what's the play on MSFT?,neutral,-0.09695354954141214,MSFT,reddit,178,15
2024-05-06,"theta gang on META, selling covered calls",neutral,-0.04921201602510794,META,reddit,71,76
2024-03-11,"this is financial advice, buy MSFT",positive,0.5673125004387525,MSFT,reddit,41,17
2024-02-10,DD: Why GOOGL is going to $1000 🚀,positive,0.3623561754770381,GOOGL,reddit,145,15
2024-03-26,"GUH moment on GOOGL, RIP my portfolio",negative,-0.3185927398008439,GOOGL,reddit,77,8
2023-10-23,"MSFT rug pull, everyone got rekt",negative,-0.5006834068908541,MSFT,reddit,16,18
2023-12-07,wife's boyfriend approved my GME purchase,positive,0.7007093696141427,GME,reddit,116,6
2023-04-03,"positions: 100x GME 500c 1/20, wish me luck retards",positive,0.8293212346897054,GME,reddit,278,31
2024-03-27,what's the play on GOOGL?,neutral,-0.1841020667446999,GOOGL,reddit,206,10
2023-05-18,if you're not buying BB rn you hate money,positive,0.5244230161762694,BB,reddit,264,22
2024-08-23,if you're not buying BB rn you hate money,positive,0.317932382669078,BB,reddit,245,116
2024-07-05,apes dont sell 💎🙌 BB forever,positive,0.47680553077448645,BB,reddit,176,8
2023-02-21,what's the play on MSFT?,neutral,0.019696284256204122,MSFT,reddit,148,11
2023-02-20,apes dont sell 💎🙌 META forever,positive,0.8490290537367435,META,reddit,81,3
2023-10-23,if you're not buying TSLA rn you hate money,positive,0.41339510607163293,TSLA,reddit,26,10
2024-07-14,"GUH moment on TSLA, RIP my portfolio",negative,-0.8101133452484306,TSLA,reddit,147,23
2024-08-15,"this is financial advice, buy NVDA",positive,0.5982399712703319,NVDA,reddit,166,12
2024-09-14,"TSLA consolidating, waiting for breakout",neutral,0.05140427338785675,TSLA,reddit,103,1
2023-02-14,paper trading AMC before going in,neutral,-0.19397188198798673,AMC,reddit,83,84
2024-05-04,"YOLO'd my life savings into NVDA calls, cant go tits up",positive,0.6256408119263006,NVDA,reddit,44,1
2023-03-12,paper trading MSFT before going in,neutral,0.17188009138807137,MSFT,reddit,257,2
2024-09-30,"YOLO'd my life savings into AMC calls, cant go tits up",positive,0.35479756698423676,AMC,reddit,69,19
2023-02-02,"YOLO'd my life savings into SPY calls, cant go tits up",positive,0.8245299885413129,SPY,reddit,84,26
2024-05-09,loss porn: down 90% on BB calls,negative,-0.7156554777288371,BB,reddit,34,9
2023-04-12,"inverse WSB worked, sold PLTR at the top",negative,-0.40925618174444905,PLTR,reddit,124,14
2023-10-12,anyone got DD on MSFT?,neutral,-0.039028133209355026,MSFT,reddit,30,65
2024-06-28,PLTR IV too high for options rn,neutral,0.15630246962338823,PLTR,reddit,68,12
2023-05-20,anyone got DD on SPY?,neutral,-0.1682332065908499,SPY,reddit,17,2
2024-02-16,"PLTR squeeze incoming, shorts are fukd",positive,0.496735569735838,PLTR,reddit,10,27
2023-07-22,paper trading TSLA before going in,neutral,0.13811773912519,TSLA,reddit,24,1
2024-07-29,if you're not buying GME rn you hate money,positive,0.8187390218193817,GME,reddit,44,3
2023-06-10,anyone got DD on NVDA?,neutral,-0.16518204087329,NVDA,reddit,97,9
2023-08-25,imagine buying PLTR at ATH lmaooo,negative,-0.35845320760913,PLTR,reddit,18,18
2023-12-12,"AMC consolidating, waiting for breakout",neutral,-0.16716144148628503,AMC,reddit,24,2
2023-06-17,"GUH moment on NVDA, RIP my portfolio",negative,-0.34758344682808306,NVDA,reddit,15,11
2024-05-09,"YOLO'd my life savings into TSLA calls, cant go tits up",positive,0.6087674203018401,TSLA,reddit,0,2
2023-10-22,"MSFT puts printing, bears eating good tonight",negative,-0.38534751272063184,MSFT,reddit,24,2
2023-02-27,"inverse WSB worked, sold MSFT at the top",negative,-0.7429948772454555,MSFT,reddit,15,0
2023-11-14,"positions: 100x AMZN 500c 1/20, wish me luck retards",positive,0.34066523087411776,AMZN,reddit,79,7
2023-04-05,"TSLA going to $0, get out while you can",negative,-0.5743380886843572,TSLA,reddit,72,2
2023-12-23,wife's boyfriend approved my GME purchase,positive,0.3028118625698381,GME,reddit,69,21
2024-01-22,"theta gang on AMC, selling covered calls",neutral,-0.08749140593548273,AMC,reddit,3,20
2024-06-18,what's the play on SPY?,neutral,0.09711600941007908,SPY,reddit,153,26
2024-11-20,"AMZN squeeze incoming, shorts are fukd",positive,0.5496691842343048,AMZN,reddit,21,10
2023-11-12,"GME puts printing, bears eating good tonight",negative,-0.8845198089077966,GME,reddit,162,1
2023-05-14,paper trading AMZN before going in,neutral,0.128727675034223,AMZN,reddit,212,8
2023-04-21,bull thesis on GME: trust me bro,positive,0.7590780353335116,GME,reddit,31,2
2023-10-24,DD: Why GOOGL is going to $1000 🚀,positive,0.8230947442942791,GOOGL,reddit,98,17
2024-11-18,"YOLO'd my life savings into AAPL calls, cant go tits up",positive,0.8940796666522406,AAPL,reddit,158,42
2024-07-03,paper trading BB before going in,neutral,0.19788199859598404,BB,reddit,7,0
2024-07-08,what's the play on AAPL?,neutral,-0.18703211384158186,AAPL,reddit,11,6
2023-11-06,"PLTR going to $0, get out while you can",negative,-0.48046003533383713,PLTR,reddit,358,16
2024-03-16,what's the play on NVDA?,neutral,-0.0045438466301646885,NVDA,reddit,2,26
2024-11-06,DD: Why AAPL is going to $1000 🚀,positive,0.7421347545834505,AAPL,reddit,253,8
2023-10-01,wife's boyfriend approved my AAPL purchase,positive,0.3082988875749584,AAPL,reddit,36,15
2024-08-19,AAPL IV too high for options rn,neutral,-0.1822661220934506,AAPL,reddit,102,16
2023-07-06,apes dont sell 💎🙌 AMZN forever,positive,0.7836965211616302,AMZN,reddit,24,24
2024-03-24,paper trading SPY before going in,neutral,-0.18085345699180336,SPY,reddit,72,44
2023-07-25,wife's boyfriend approved my GOOGL purchase,positive,0.3640753351845244,GOOGL,reddit,90,14
2023-12-02,"AMC puts printing, bears eating good tonight",negative,-0.756852619573514,AMC,reddit,76,3
2024-06-10,DD: Why NVDA is going to $1000 🚀,positive,0.8027302614216354,NVDA,reddit,30,1
2024-05-10,"positions: 100x AAPL 500c 1/20, wish me luck retards",positive,0.41596588257875167,AAPL,reddit,51,21
2024-03-06,anyone got DD on TSLA?,neutral,-0.18489852979642715,TSLA,reddit,97,38
2024-02-04,if you're not buying TSLA rn you hate money,positive,0.8402071420476149,TSLA,reddit,6,8
2024-04-06,apes dont sell 💎🙌 NVDA forever,positive,0.3318616311933287,NVDA,reddit,219,11
2024-04-18,"AAPL puts printing, bears eating good tonight",negative,-0.6974414095188576,AAPL,reddit,70,2
2024-02-24,PLTR IV too high for options rn,neutral,0.14046487148107673,PLTR,reddit,47,4
2023-12-14,if you're not buying SPY rn you hate money,positive,0.8087037591701292,SPY,reddit,110,79
2023-04-01,wife's boyfriend approved my AMZN purchase,positive,0.40293525305150313,AMZN,reddit,84,3
2023-07-27,"this is financial advice, buy GOOGL",positive,0.5211589399506662,GOOGL,reddit,213,43
2023-07-22,"MSFT rug pull, everyone got rekt",negative,-0.6119166554842199,MSFT,reddit,61,12
2023-06-05,"GME squeeze incoming, shorts are fukd",positive,0.36589161199052367,GME,reddit,8,83
2023-12-18,"MSFT rug pull, everyone got rekt",negative,-0.8221864098332253,MSFT,reddit,132,30
2023-09-06,paper trading BB before going in,neutral,-0.03057909618410229,BB,reddit,2,25
2024-06-07,"BB rug pull, everyone got rekt",negative,-0.6000556826994132,BB,reddit,96,26
2023-06-13,paper trading MSFT before going in,neutral,-0.15102286243527693,MSFT,reddit,49,6
2024-09-19,"inverse WSB worked, sold SPY at the top",negative,-0.8059150244012399,SPY,reddit,3,20
2023-06-28,"META puts printing, bears eating good tonight",negative,-0.503903183349172,META,reddit,1,56
2023-11-15,if you're not buying AAPL rn you hate money,positive,0.8729406389705521,AAPL,reddit,62,21
2023-08-13,"GUH moment on GOOGL, RIP my portfolio",negative,-0.7327061753064373,GOOGL,reddit,47,41
2024-06-20,MSFT IV too high for options rn,neutral,-0.03445310699022297,MSFT,reddit,57,59
2023-01-19,"AMZN going to $0, get out while you can",negative,-0.4063276438063434,AMZN,reddit,167,134
2024-05-08,DD: Why META is going to $1000 🚀,positive,0.8131490627387612,META,reddit,3,1
2024-01-09,"GUH moment on GME, RIP my portfolio",negative,-0.8847451837400556,GME,reddit,31,10
2023-09-12,if you're not buying AMZN rn you hate money,positive,0.7221681092878072,AMZN,reddit,139,44
2023-06-15,if you're not buying MSFT rn you hate money,positive,0.8894146331649768,MSFT,reddit,20,14
2024-08-11,what's the play on TSLA?,neutral,0.1398156492439488,TSLA,reddit,24,71
2023-06-11,"TSLA squeeze incoming, shorts are fukd",positive,0.4501515642250822,TSLA,reddit,53,10
2023-10-20,if you're not buying PLTR rn you hate money,positive,0.726365085748622,PLTR,reddit,152,35
2023-05-12,apes dont sell 💎🙌 META forever,positive,0.5744326460818474,META,reddit,0,22
2024-03-26,"inverse WSB worked, sold AMC at the top",negative,-0.7117153213031455,AMC,reddit,19,92
2023-06-23,DD: Why SPY is going to $1000 🚀,positive,0.35320523842090584,SPY,reddit,224,27
2024-09-24,"this is financial advice, buy BB",positive,0.32151323504298696,BB,reddit,98,3
2024-08-08,loss porn: down 90% on AMC calls,negative,-0.3003362106462656,AMC,reddit,79,8
2023-06-23,paper trading NVDA before going in,neutral,0.05473002537295868,NVDA,reddit,78,5
2023-09-07,if you're not buying AMZN rn you hate money,positive,0.626299307413403,AMZN,reddit,36,18
2023-11-28,paper trading GME before going in,neutral,0.04166511460876712,GME,reddit,21,5
2024-09-10,imagine buying AAPL at ATH lmaooo,negative,-0.5159796120210358,AAPL,reddit,82,32
2023-08-22,bull thesis on PLTR: trust me bro,positive,0.8038544254701732,PLTR,reddit,4,4
2024-05-27,if you're not buying TSLA rn you hate money,positive,0.5552450350730935,TSLA,reddit,16,22
2024-04-12,"YOLO'd my life savings into SPY calls, cant go tits up",positive,0.6688363503357164,SPY,reddit,66,25
2023-01-27,what's the play on GOOGL?,neutral,0.014824413867410596,GOOGL,reddit,9,24
2024-06-22,"sold my TSLA bags, finally free",negative,-0.3709959742473691,TSLA,reddit,17,14
2024-07-07,"positions: 100x PLTR 500c 1/20, wish me luck retards",positive,0.8993974697466265,PLTR,reddit,219,2
2023-08-20,imagine buying AMZN at ATH lmaooo,negative,-0.5297704443107432,AMZN,reddit,282,19
2023-06-22,"MSFT consolidating, waiting for breakout",neutral,-0.131957956227301,MSFT,reddit,16,3
2024-07-20,"theta gang on SPY, selling covered calls",neutral,0.06274654271794222,SPY,reddit,56,0
2023-04-20,anyone got DD on NVDA?,neutral,0.16722158981899715,NVDA,reddit,363,8
2023-10-06,NVDA IV too high for options rn,neutral,-0.15592335164884974,NVDA,reddit,25,27
2023-11-09,if you're not buying PLTR rn you hate money,positive,0.7658462334873964,PLTR,reddit,22,13
2023-11-14,"GUH moment on META, RIP my portfolio",negative,-0.34004531474723654,META,reddit,61,9
2024-10-10,"theta gang on NVDA, selling covered calls",neutral,0.07079766566163742,NVDA,reddit,30,17
2024-02-19,BB tendies printing 🍗🍗🍗,positive,0.4299975558940595,BB,reddit,23,3
2024-04-07,if you're not buying AMZN rn you hate money,positive,0.7975339450822089,AMZN,reddit,46,0
2024-07-06,"AMC consolidating, waiting for breakout",neutral,0.0647720754747334,AMC,reddit,37,16
2023-10-28,loss porn: down 90% on AMZN calls,negative,-0.665140914739092,AMZN,reddit,0,0
2024-08-21,"sold my TSLA bags, finally free",negative,-0.5825858203273468,TSLA,reddit,102,29
2023-09-26,anyone got DD on TSLA?,neutral,0.07902339752871845,TSLA,reddit,204,11
2023-09-24,what's the play on GOOGL?,neutral,0.12884321434764684,GOOGL,reddit,35,35
2024-07-13,"YOLO'd my life savings into AAPL calls, cant go tits up",positive,0.7745560615564848,AAPL,reddit,6,28
2023-02-27,"META squeeze incoming, shorts are fukd",positive,0.3717098497426018,META,reddit,152,11
2024-08-30,apes dont sell 💎🙌 AMC forever,positive,0.7667398695731338,AMC,reddit,31,15
2024-09-08,wife's boyfriend approved my MSFT purchase,positive,0.4244862153912734,MSFT,reddit,7,11
2023-07-12,"META going to $0, get out while you can",negative,-0.5260896844897262,META,reddit,24,17
2024-11-22,AMC tendies printing 🍗🍗🍗,positive,0.6194455359074589,AMC,reddit,118,41
2024-07-01,"inverse WSB worked, sold META at the top",negative,-0.5243249002365862,META,reddit,42,26
2024-09-06,"BB rug pull, everyone got rekt",negative,-0.5324471286255565,BB,reddit,222,8
2023-08-13,"positions: 100x AMZN 500c 1/20, wish me luck retards",positive,0.32126172247627605,AMZN,reddit,21,62
2023-05-15,"this is financial advice, buy GME",positive,0.31827837232225903,GME,reddit,92,1
2023-06-12,"inverse WSB worked, sold MSFT at the top",negative,-0.64009957793985,MSFT,reddit,435,3
2023-04-13,"sold my NVDA bags, finally free",negative,-0.4628734123955519,NVDA,reddit,44,13
2023-01-20,"theta gang on TSLA, selling covered calls",neutral,0.1651935879424562,TSLA,reddit,5,6
2023-03-16,"YOLO'd my life savings into AMZN calls, cant go tits up",positive,0.4762038754463207,AMZN,reddit,39,35
2024-06-23,"theta gang on PLTR, selling covered calls",neutral,0.0780173841559802,PLTR,reddit,139,34
2024-11-25,MSFT IV too high for options rn,neutral,0.01699767081850495,MSFT,reddit,29,10
2023-01-02,DD: Why AMZN is going to $1000 🚀,positive,0.31256175130416836,AMZN,reddit,284,7
2023-05-21,"AMZN rug pull, everyone got rekt",negative,-0.5260070226049613,AMZN,reddit,43,1
2023-03-01,"positions: 100x AMZN 500c 1/20, wish me luck retards",positive,0.38855960975352366,AMZN,reddit,24,24
2023-01-25,what's the play on META?,neutral,0.038132378537920175,META,reddit,184,42
2023-06-24,"TSLA consolidating, waiting for breakout",neutral,0.12781034542587405,TSLA,reddit,76,0
2024-10-31,what's the play on AMZN?,neutral,-0.13405177767366,AMZN,reddit,106,21
2024-05-06,"MSFT consolidating, waiting for breakout",neutral,0.061207401358287894,MSFT,reddit,50,2
2023-02-06,apes dont sell 💎🙌 AMC forever,positive,0.38366197703726,AMC,reddit,39,6
2024-03-07,if you're not buying PLTR rn you hate money,positive,0.8517757772541565,PLTR,reddit,25,4
2023-03-08,BB tendies printing 🍗🍗🍗,positive,0.80187451804465,BB,reddit,186,6
2024-03-03,"TSLA rug pull, everyone got rekt",negative,-0.345309836444901,TSLA,reddit,31,4
2023-06-09,"sold my SPY bags, finally free",negative,-0.6269792327163735,SPY,reddit,28,42
2024-02-27,if you're not buying GME rn you hate money,positive,0.8872700928244739,GME,reddit,2,4
2024-09-01,wife's boyfriend approved my GME purchase,positive,0.7711104074801907,GME,reddit,121,3
2024-01-02,what's the play on MSFT?,neutral,0.07236158564154249,MSFT,reddit,200,13
2023-11-17,DD: Why AMZN is going to $1000 🚀,positive,0.6967038275342319,AMZN,reddit,28,10
2023-08-07,anyone got DD on AMZN?,neutral,-0.14776282866931442,AMZN,reddit,18,2
2024-05-25,paper trading MSFT before going in,neutral,0.07869185181898564,MSFT,reddit,26,4
2023-06-12,"YOLO'd my life savings into GME calls, cant go tits up",positive,0.7095819613062382,GME,reddit,63,5
2023-06-05,apes dont sell 💎🙌 MSFT forever,positive,0.7386132364525673,MSFT,reddit,14,28
2023-06-17,GME tendies printing 🍗🍗🍗,positive,0.5503078215630111,GME,reddit,116,7
2023-07-05,BB tendies printing 🍗🍗🍗,positive,0.8185079963776167,BB,reddit,28,22
2024-04-14,imagine buying SPY at ATH lmaooo,negative,-0.8650262135585902,SPY,reddit,11,20
2023-11-23,loss porn: down 90% on BB calls,negative,-0.8306734727134228,BB,reddit,21,7
2024-02-18,"GME rug pull, everyone got rekt",negative,-0.48255731239145017,GME,reddit,261,10
2023-02-11,"SPY puts printing, bears eating good tonight",negative,-0.6503084385318387,SPY,reddit,45,2
2024-09-08,if you're not buying BB rn you hate money,positive,0.624695958801547,BB,reddit,21,61
2023-08-09,GME tendies printing 🍗🍗🍗,positive,0.8850413410390843,GME,reddit,43,0
2023-02-16,"YOLO'd my life savings into AMC calls, cant go tits up",positive,0.5275075550271238,AMC,reddit,106,24
2023-12-07,"YOLO'd my life savings into TSLA calls, cant go tits up",positive,0.7517478317537514,TSLA,reddit,13,37
2024-05-02,wife's boyfriend approved my GME purchase,positive,0.32292302351592245,GME,reddit,46,20
2023-03-03,what's the play on AMC?,neutral,0.04638520671889981,AMC,reddit,33,41
2024-10-21,"PLTR consolidating, waiting for breakout",neutral,-0.07196644599041746,PLTR,reddit,125,30
2024-10-09,what's the play on AMZN?,neutral,0.18846620470071412,AMZN,reddit,125,10
2024-06-10,what's the play on AMC?,neutral,-0.06678888605998529,AMC,reddit,56,13
2024-02-17,"GUH moment on BB, RIP my portfolio",negative,-0.605264727925114,BB,reddit,117,12
2024-08-17,bull thesis on MSFT: trust me bro,positive,0.8549665650140257,MSFT,reddit,31,5
2023-04-12,"AAPL squeeze incoming, shorts are fukd",positive,0.40552057592010404,AAPL,reddit,124,1
2024-09-11,"sold my SPY bags, finally free",negative,-0.49241287832637076,SPY,reddit,352,4
2024-09-15,loss porn: down 90% on GOOGL calls,negative,-0.599781695686241,GOOGL,reddit,197,11
2023-11-19,"this is financial advice, buy AMZN",positive,0.5877974463601529,AMZN,reddit,219,52
2023-06-20,GME IV too high for options rn,neutral,0.12878000080543528,GME,reddit,220,4
2023-11-17,if you're not buying NVDA rn you hate money,positive,0.4057063410283389,NVDA,reddit,50,12
2024-05-12,if you're not buying AMZN rn you hate money,positive,0.7905690737981081,AMZN,reddit,49,14
2023-10-17,"PLTR squeeze incoming, shorts are fukd",positive,0.46366047196196813,PLTR,reddit,191,12
2024-04-18,"positions: 100x AMZN 500c 1/20, wish me luck retards",positive,0.8712693535671145,AMZN,reddit,320,16
2023-09-17,loss porn: down 90% on META calls,negative,-0.6987033320982229,META,reddit,153,17
2024-04-12,what's the play on GME?,neutral,-0.11565333446438607,GME,reddit,34,26
2023-12-31,loss porn: down 90% on GOOGL calls,negative,-0.5738542938720672,GOOGL,reddit,28,35
2024-06-20,"GOOGL rug pull, everyone got rekt",negative,-0.7431818055572776,GOOGL,reddit,34,9
2024-07-17,AMC tendies printing 🍗🍗🍗,positive,0.7213946541518197,AMC,reddit,258,10
2023-05-16,"PLTR rug pull, everyone got rekt",negative,-0.3865150290326359,PLTR,reddit,14,4
2024-08-06,"sold my BB bags, finally free",negative,-0.7344535632357246,BB,reddit,75,0
2023-10-12,if you're not buying AMZN rn you hate money,positive,0.300944361173384,AMZN,reddit,177,13
2024-04-25,apes dont sell 💎🙌 SPY forever,positive,0.6783080403373623,SPY,reddit,5,20
2023-01-05,AAPL tendies printing 🍗🍗🍗,positive,0.814311533720796,AAPL,reddit,232,5
2023-10-24,"this is financial advice, buy META",positive,0.7230208886449592,META,reddit,309,5
2023-07-24,bull thesis on GOOGL: trust me bro,positive,0.4109504178686137,GOOGL,reddit,109,9
2023-09-27,wife's boyfriend approved my TSLA purchase,positive,0.6517974363534853,TSLA,reddit,197,1
2023-02-12,"AAPL consolidating, waiting for breakout",neutral,0.05608051491199467,AAPL,reddit,45,4
2023-03-28,"AMZN squeeze incoming, shorts are fukd",positive,0.5336594137040165,AMZN,reddit,69,9
2024-08-12,anyone got DD on TSLA?,neutral,0.08091658963696535,TSLA,reddit,56,1
2024-02-12,MSFT IV too high for options rn,neutral,-0.14090417858295423,MSFT,reddit,162,82
2023-05-10,AAPL IV too high for options rn,neutral,-0.07304307247921865,AAPL,reddit,5,25
2024-03-30,"theta gang on AAPL, selling covered calls",neutral,0.11312822578228937,AAPL,reddit,55,0
2023-10-28,"AMZN consolidating, waiting for breakout",neutral,0.16352631882782281,AMZN,reddit,157,10
2024-06-03,imagine buying GOOGL at ATH lmaooo,negative,-0.43689911600039133,GOOGL,reddit,143,26
2023-05-26,what's the play on MSFT?,neutral,0.03333227808876557,MSFT,reddit,4,6
2023-03-05,"SPY puts printing, bears eating good tonight",negative,-0.5033368165539764,SPY,reddit,72,14
2024-07-02,bull thesis on SPY: trust me bro,positive,0.7687739701811152,SPY,reddit,9,13
2024-03-05,imagine buying PLTR at ATH lmaooo,negative,-0.38829412869346525,PLTR,reddit,74,25
2024-08-03,paper trading GME before going in,neutral,0.00990754541607769,GME,reddit,118,37
2023-05-16,"theta gang on TSLA, selling covered calls",neutral,0.12671257752653325,TSLA,reddit,114,3
2023-01-15,META IV too high for options rn,neutral,0.06848522889569841,META,reddit,24,6
2023-04-25,"sold my GME bags, finally free",negative,-0.8892699564305112,GME,reddit,13,63
2024-08-24,"SPY squeeze incoming, shorts are fukd",positive,0.3709864252250317,SPY,reddit,106,13
2023-02-03,DD: Why AAPL is going to $1000 🚀,positive,0.6882835919093181,AAPL,reddit,214,9
2024-07-17,anyone got DD on AAPL?,neutral,-0.16282319177495805,AAPL,reddit,18,12
2024-03-28,apes dont sell 💎🙌 AMC forever,positive,0.6966832063322406,AMC,reddit,64,31
2024-06-01,"MSFT consolidating, waiting for breakout",neutral,0.017989293919537547,MSFT,reddit,48,49
2023-10-28,"GUH moment on GOOGL, RIP my portfolio",negative,-0.7071665585441345,GOOGL,reddit,171,17
2023-09-15,"sold my TSLA bags, finally free",negative,-0.8760328093709248,TSLA,reddit,177,27
2023-05-23,DD: Why AMZN is going to $1000 🚀,positive,0.6436878173960489,AMZN,reddit,11,45
2024-02-01,apes dont sell 💎🙌 BB forever,positive,0.6599581842718072,BB,reddit,161,15
2024-08-09,"sold my BB bags, finally free",negative,-0.8776423057086779,BB,reddit,87,30
2023-01-09,anyone got DD on MSFT?,neutral,0.1733252940636914,MSFT,reddit,158,9
2023-10-28,what's the play on GOOGL?,neutral,0.02311022034878288,GOOGL,reddit,29,24
2024-08-03,"GUH moment on PLTR, RIP my portfolio",negative,-0.542863850777648,PLTR,reddit,49,6
2023-10-03,"positions: 100x META 500c 1/20, wish me luck retards",positive,0.3832810249374261,META,reddit,18,45
2023-05-01,what's the play on META?,neutral,-0.13036384282791183,META,reddit,34,54
2023-03-03,DD: Why MSFT is going to $1000 🚀,positive,0.4003521600943886,MSFT,reddit,51,52
2023-05-02,"GUH moment on GME, RIP my portfolio",negative,-0.4261294534335614,GME,reddit,10,51
2023-12-11,"NVDA going to $0, get out while you can",negative,-0.5827735233228133,NVDA,reddit,128,33
2023-04-24,DD: Why META is going to $1000 🚀,positive,0.32245728444385763,META,reddit,158,38
2023-11-14,"this is financial advice, buy MSFT",positive,0.3688891669583845,MSFT,reddit,19,21
2023-04-29,"AMZN squeeze incoming, shorts are fukd",positive,0.5386112296589269,AMZN,reddit,215,9
2023-05-22,imagine buying META at ATH lmaooo,negative,-0.522796149344076,META,reddit,5,9
2024-07-31,loss porn: down 90% on MSFT calls,negative,-0.30693727342492205,MSFT,reddit,168,28
2024-11-10,anyone got DD on TSLA?,neutral,-0.1921560596862439,TSLA,reddit,117,2
2023-08-23,"positions: 100x NVDA 500c 1/20, wish me luck retards",positive,0.4460837943073169,NVDA,reddit,42,15
2023-12-08,anyone got DD on BB?,neutral,-0.14372387999738284,BB,reddit,30,5
2024-06-14,"YOLO'd my life savings into GME calls, cant go tits up",positive,0.600758889745362,GME,reddit,228,9
2023-12-19,"YOLO'd my life savings into GOOGL calls, cant go tits up",positive,0.6749214432542623,GOOGL,reddit,233,0
2024-06-28,loss porn: down 90% on PLTR calls,negative,-0.454592621411281,PLTR,reddit,26,3
2023-04-15,"theta gang on GME, selling covered calls",neutral,0.16238276477916508,GME,reddit,14,11
2024-09-24,"positions: 100x PLTR 500c 1/20, wish me luck retards",positive,0.8398960990562594,PLTR,reddit,2,11
2023-12-17,DD: Why AMZN is going to $1000 🚀,positive,0.30849408697986924,AMZN,reddit,36,10
2024-08-24,if you're not buying META rn you hate money,positive,0.7335196779047365,META,reddit,73,42
2023-03-18,"positions: 100x TSLA 500c 1/20, wish me luck retards",positive,0.7147622686662981,TSLA,reddit,185,8
2023-12-12,"AAPL going to $0, get out while you can",negative,-0.8432936733540087,AAPL,reddit,57,16
2023-06-01,"META squeeze incoming, shorts are fukd",positive,0.630422973631726,META,reddit,123,4
2023-10-24,"GUH moment on MSFT, RIP my portfolio",negative,-0.6528190058697118,MSFT,reddit,17,8
2024-11-22,"theta gang on MSFT, selling covered calls",neutral,0.15138205712746428,MSFT,reddit,187,0
2024-10-15,"this is financial advice, buy META",positive,0.7710174886330281,META,reddit,53,31
2024-09-13,PLTR tendies printing 🍗🍗🍗,positive,0.48151161118540386,PLTR,reddit,103,51
2024-03-31,"inverse WSB worked, sold MSFT at the top",negative,-0.6993541456817768,MSFT,reddit,88,2
2024-04-22,apes dont sell 💎🙌 PLTR forever,positive,0.41333510306729526,PLTR,reddit,49,14
2024-10-19,imagine buying META at ATH lmaooo,negative,-0.8754763434647702,META,reddit,52,5
2024-09-13,"theta gang on GOOGL, selling covered calls",neutral,-0.13081912152118758,GOOGL,reddit,43,4
2023-09-23,anyone got DD on SPY?,neutral,0.050306658234612056,SPY,reddit,146,7
2024-03-22,wife's boyfriend approved my MSFT purchase,positive,0.341305926876715,MSFT,reddit,26,15
2023-07-12,imagine buying PLTR at ATH lmaooo,negative,-0.6711793006091367,PLTR,reddit,78,9
2024-05-05,what's the play on GOOGL?,neutral,0.16731072567247823,GOOGL,reddit,18,7
2024-08-26,anyone got DD on PLTR?,neutral,0.06997445223428683,PLTR,reddit,104,18
2023-10-29,imagine buying PLTR at ATH lmaooo,negative,-0.31730455272949354,PLTR,reddit,14,0
2023-04-09,"theta gang on AAPL, selling covered calls",neutral,0.19779259766884139,AAPL,reddit,22,6
2023-07-27,BB tendies printing 🍗🍗🍗,positive,0.7520005191736828,BB,reddit,17,11
2024-06-28,"GOOGL puts printing, bears eating good tonight",negative,-0.4914120501049708,GOOGL,reddit,257,34
2023-10-21,"theta gang on PLTR, selling covered calls",neutral,-0.19818206836123814,PLTR,reddit,19,13
2024-04-05,META IV too high for options rn,neutral,-0.09078703037029677,META,reddit,116,1
2024-04-13,AMC IV too high for options rn,neutral,0.18011080496152826,AMC,reddit,21,5
2023-10-26,"inverse WSB worked, sold GOOGL at the top",negative,-0.34006470458036875,GOOGL,reddit,2,5
2023-05-08,what's the play on TSLA?,neutral,0.0547119371869102,TSLA,reddit,109,21
2024-02-26,wife's boyfriend approved my PLTR purchase,positive,0.5523360213941896,PLTR,reddit,21,29
2024-07-31,"AMZN squeeze incoming, shorts are fukd",positive,0.7908504929280016,AMZN,reddit,42,12
2024-07-25,"AMC squeeze incoming, shorts are fukd",positive,0.5164275770339835,AMC,reddit,116,0
2023-07-28,"positions: 100x NVDA 500c 1/20, wish me luck retards",positive,0.8275155564810286,NVDA,reddit,6,3
2024-03-29,"TSLA puts printing, bears eating good tonight",negative,-0.8668715709163104,TSLA,reddit,137,33
2023-09-25,bull thesis on MSFT: trust me bro,positive,0.7804835655861835,MSFT,reddit,196,29
2023-12-22,"this is financial advice, buy PLTR",positive,0.6417981952057442,PLTR,reddit,83,3
2024-08-05,anyone got DD on AAPL?,neutral,-0.08474632796295706,AAPL,reddit,48,20
2024-04-07,loss porn: down 90% on PLTR calls,negative,-0.8070175099548764,PLTR,reddit,22,11
2023-04-11,"sold my NVDA bags, finally free",negative,-0.34643615318809384,NVDA,reddit,233,59
2024-03-01,"TSLA rug pull, everyone got rekt",negative,-0.8298580863350855,TSLA,reddit,50,25
2024-11-09,"positions: 100x AMZN 500c 1/20, wish me luck retards",positive,0.3227271917203103,AMZN,reddit,32,31
2024-05-13,"META squeeze incoming, shorts are fukd",positive,0.44552731674151524,META,reddit,7,1
2023-07-01,SPY IV too high for options rn,neutral,0.12633269094934502,SPY,reddit,8,19
2024-08-17,"GME going to $0, get out while you can",negative,-0.41861638319277344,GME,reddit,187,26
2023-07-10,"positions: 100x BB 500c 1/20, wish me luck retards",positive,0.45300105541642344,BB,reddit,93,7
2024-06-09,AAPL IV too high for options rn,neutral,0.08564906558422536,AAPL,reddit,231,3
2024-01-02,bull thesis on GOOGL: trust me bro,positive,0.3949290910854583,GOOGL,reddit,41,11
2024-03-13,paper trading META before going in,neutral,0.07464614025883398,META,reddit,61,63
2024-07-09,apes dont sell 💎🙌 TSLA forever,positive,0.7920396914446387,TSLA,reddit,352,17
2023-09-29,"AMC consolidating, waiting for breakout",neutral,-0.13478703702209832,AMC,reddit,338,59
2024-10-09,"inverse WSB worked, sold GME at the top",negative,-0.38917525788864304,GME,reddit,161,46
2023-01-20,"YOLO'd my life savings into PLTR calls, cant go tits up",positive,0.653145807818478,PLTR,reddit,15,45
2023-10-06,"PLTR puts printing, bears eating good tonight",negative,-0.6315683851266437,PLTR,reddit,377,1
2023-02-13,"theta gang on AMZN, selling covered calls",neutral,-0.1924837392800726,AMZN,reddit,232,1
2023-11-29,"this is financial advice, buy BB",positive,0.821015315330704,BB,reddit,11,83
2024-04-27,wife's boyfriend approved my SPY purchase,positive,0.6276673034609395,SPY,reddit,6,42
2024-06-21,"inverse WSB worked, sold MSFT at the top",negative,-0.46844991247697515,MSFT,reddit,52,22
2024-11-04,apes dont sell 💎🙌 AMZN forever,positive,0.6362287347571132,AMZN,reddit,13,22
2023-02-08,DD: Why MSFT is going to $1000 🚀,positive,0.7225160373366004,MSFT,reddit,30,25
2023-03-02,"theta gang on AMZN, selling covered calls",neutral,0.16996802339097922,AMZN,reddit,76,10
2024-10-07,"TSLA consolidating, waiting for breakout",neutral,-0.058136259136042895,TSLA,reddit,17,8
2023-11-24,"BB puts printing, bears eating good tonight",negative,-0.40825692695232557,BB,reddit,1,7
2023-10-13,wife's boyfriend approved my GME purchase,positive,0.6686030493374295,GME,reddit,134,49
2023-08-20,paper trading BB before going in,neutral,0.029343634224970938,BB,reddit,98,63
2023-10-07,what's the play on PLTR?,neutral,0.10889725992284977,PLTR,reddit,3,57
2023-02-23,"TSLA puts printing, bears eating good tonight",negative,-0.4162329950037406,TSLA,reddit,28,29
2024-03-12,"theta gang on AAPL, selling covered calls",neutral,0.10402800930265199,AAPL,reddit,138,45
2023-07-22,loss porn: down 90% on GOOGL calls,negative,-0.6368611651484988,GOOGL,reddit,18,32
2023-05-06,imagine buying PLTR at ATH lmaooo,negative,-0.8578574364122653,PLTR,reddit,53,6
2023-10-17,"theta gang on SPY, selling covered calls",neutral,0.04751901259411001,SPY,reddit,5,2
2024-01-09,apes dont sell 💎🙌 GOOGL forever,positive,0.8081356585357891,GOOGL,reddit,4,41
2023-04-13,"this is financial advice, buy GME",positive,0.4173525532898515,GME,reddit,16,8
2023-08-04,DD: Why META is going to $1000 🚀,positive,0.6129802181136188,META,reddit,167,30
2023-12-09,"this is financial advice, buy PLTR",positive,0.37701355290878363,PLTR,reddit,93,12
2024-04-08,wife's boyfriend approved my SPY purchase,positive,0.8959714599505604,SPY,reddit,8,16
2023-01-23,bull thesis on MSFT: trust me bro,positive,0.8946680244265026,MSFT,reddit,59,5
2023-12-08,imagine buying GOOGL at ATH lmaooo,negative,-0.38426849048356015,GOOGL,reddit,24,0
2023-03-16,"NVDA squeeze incoming, shorts are fukd",positive,0.8425080121847244,NVDA,reddit,78,1
2023-06-22,AMC tendies printing 🍗🍗🍗,positive,0.6457870576278264,AMC,reddit,72,14
2024-04-22,if you're not buying BB rn you hate money,positive,0.6870832396145126,BB,reddit,13,11
2023-06-17,"MSFT rug pull, everyone got rekt",negative,-0.36315664933089875,MSFT,reddit,134,26
2024-02-17,"AMC squeeze incoming, shorts are fukd",positive,0.7089925906731931,AMC,reddit,63,17
2023-09-14,if you're not buying MSFT rn you hate money,positive,0.5304517564595908,MSFT,reddit,4,7
2024-11-11,anyone got DD on SPY?,neutral,-0.17800077470282055,SPY,reddit,123,8
2024-09-29,bull thesis on GOOGL: trust me bro,positive,0.483192457658274,GOOGL,reddit,322,45
2024-08-28,wife's boyfriend approved my TSLA purchase,positive,0.8456061352895943,TSLA,reddit,125,16
2024-08-15,"this is financial advice, buy AMZN",positive,0.36012398762285663,AMZN,reddit,39,6
2023-05-13,paper trading NVDA before going in,neutral,0.05457287569780678,NVDA,reddit,4,9
2023-01-07,"positions: 100x AMZN 500c 1/20, wish me luck retards",positive,0.5914888693170517,AMZN,reddit,11,0
2024-02-28,"AAPL rug pull, everyone got rekt",negative,-0.6361779299568886,AAPL,reddit,25,11
2024-05-02,paper trading NVDA before going in,neutral,0.06443715765710223,NVDA,reddit,65,12
2023-02-07,"positions: 100x GOOGL 500c 1/20, wish me luck retards",positive,0.5151136585515568,GOOGL,reddit,110,6
2024-02-27,"TSLA consolidating, waiting for breakout",neutral,0.12450838654404972,TSLA,reddit,201,7
2023-03-18,wife's boyfriend approved my AMC purchase,positive,0.8787285976749715,AMC,reddit,68,68
2024-04-01,what's the play on GOOGL?,neutral,-0.07062663594808136,GOOGL,reddit,36,44
2023-07-14,"GUH moment on AMC, RIP my portfolio",negative,-0.8133767045429094,AMC,reddit,273,22
2024-04-21,"GUH moment on SPY, RIP my portfolio",negative,-0.4814283836182325,SPY,reddit,210,33
2023-05-15,"this is financial advice, buy META",positive,0.8936219063368418,META,reddit,21,16
2023-09-30,imagine buying META at ATH lmaooo,negative,-0.5154318962100458,META,reddit,23,16
2024-03-28,"AMC squeeze incoming, shorts are fukd",positive,0.5198086339652782,AMC,reddit,14,35
2023-08-15,"this is financial advice, buy GOOGL",positive,0.5668183762484649,GOOGL,reddit,51,51
2024-11-12,"theta gang on AMZN, selling covered calls",neutral,-0.08738838993897967,AMZN,reddit,79,9
2023-08-14,"GME consolidating, waiting for breakout",neutral,0.13782611197299577,GME,reddit,72,2
2024-05-12,GOOGL IV too high for options rn,neutral,0.12988855684023548,GOOGL,reddit,122,58
2023-10-08,loss porn: down 90% on AAPL calls,negative,-0.7994040454741937,AAPL,reddit,132,44
2024-06-07,paper trading AMZN before going in,neutral,0.08414716830353669,AMZN,reddit,23,1
2023-05-14,AMC tendies printing 🍗🍗🍗,positive,0.8659848969358028,AMC,reddit,210,28
2023-10-06,anyone got DD on GOOGL?,neutral,-0.16600473946664188,GOOGL,reddit,114,0
2023-04-07,"NVDA consolidating, waiting for breakout",neutral,0.1754906387487783,NVDA,reddit,116,10
2023-08-04,"SPY rug pull, everyone got rekt",negative,-0.34791882181749034,SPY,reddit,56,5
2023-03-17,PLTR IV too high for options rn,neutral,0.015524258710481631,PLTR,reddit,33,7
2023-11-08,"positions: 100x GME 500c 1/20, wish me luck retards",positive,0.7499186025074924,GME,reddit,151,4
2023-09-28,anyone got DD on AMZN?,neutral,-0.015814050366971977,AMZN,reddit,219,10
2024-01-29,"GUH moment on AAPL, RIP my portfolio",negative,-0.3893384565110012,AAPL,reddit,316,5
2023-02-04,wife's boyfriend approved my PLTR purchase,positive,0.6835858428846218,PLTR,reddit,152,17
2023-09-28,DD: Why MSFT is going to $1000 🚀,positive,0.807428602582994,MSFT,reddit,142,26
2024-07-10,"BB going to $0, get out while you can",negative,-0.4870204975062762,BB,reddit,182,67
2024-08-08,"PLTR rug pull, everyone got rekt",negative,-0.549077711114798,PLTR,reddit,48,2
2024-08-05,"PLTR consolidating, waiting for breakout",neutral,-0.042445547712674614,PLTR,reddit,33,2
2024-03-20,bull thesis on TSLA: trust me bro,positive,0.7646336863591447,TSLA,reddit,109,13
2024-09-15,"NVDA squeeze incoming, shorts are fukd",positive,0.7863898312756918,NVDA,reddit,13,6
2023-09-23,DD: Why AMZN is going to $1000 🚀,positive,0.470038911034911,AMZN,reddit,61,76
2023-12-13,what's the play on BB?,neutral,0.055095053740010114,BB,reddit,67,13
2023-01-18,"this is financial advice, buy AAPL",positive,0.6235443841134147,AAPL,reddit,247,8
2024-07-19,META IV too high for options rn,neutral,0.16921452554630612,META,reddit,75,3
2024-06-19,apes dont sell 💎🙌 BB forever,positive,0.6511371859328219,BB,reddit,29,40
2024-02-25,anyone got DD on PLTR?,neutral,0.034926150941541584,PLTR,reddit,101,4
2024-02-04,"positions: 100x MSFT 500c 1/20, wish me luck retards",positive,0.6887760893582262,MSFT,reddit,282,28
2023-05-20,imagine buying MSFT at ATH lmaooo,negative,-0.6457041249922246,MSFT,reddit,113,6
2024-07-02,"MSFT puts printing, bears eating good tonight",negative,-0.3543453104579959,MSFT,reddit,39,13
2024-08-20,"AMC rug pull, everyone got rekt",negative,-0.695566262647439,AMC,reddit,45,5
2024-08-03,"this is financial advice, buy AMC",positive,0.3696160711776858,AMC,reddit,102,20
2023-08-09,"GME squeeze incoming, shorts are fukd",positive,0.8901696918865347,GME,reddit,14,11
2024-07-27,"AMC squeeze incoming, shorts are fukd",positive,0.6411830288995932,AMC,reddit,132,3
2023-10-20,"sold my BB bags, finally free",negative,-0.599039869920467,BB,reddit,165,2
2024-01-10,"sold my AAPL bags, finally free",negative,-0.42199949759152566,AAPL,reddit,101,1
2024-05-26,"this is financial advice, buy AMC",positive,0.4838863605475288,AMC,reddit,9,5
2024-03-10,"YOLO'd my life savings into GME calls, cant go tits up",positive,0.36482471985848036,GME,reddit,4,10
2023-10-24,DD: Why AMZN is going to $1000 🚀,positive,0.8717432262882947,AMZN,reddit,1,17
2023-08-24,META tendies printing 🍗🍗🍗,positive,0.8708233048143281,META,reddit,387,49
2024-09-27,bull thesis on GOOGL: trust me bro,positive,0.5380439549925626,GOOGL,reddit,85,13
2023-10-10,what's the play on BB?,neutral,0.07616018657007123,BB,reddit,14,55
2024-05-18,"TSLA squeeze incoming, shorts are fukd",positive,0.771385017294303,TSLA,reddit,1,7
2023-06-30,DD: Why TSLA is going to $1000 🚀,positive,0.6534545023210643,TSLA,reddit,15,57
2024-01-20,paper trading GME before going in,neutral,-0.002444773261333133,GME,reddit,147,9
2023-12-11,wife's boyfriend approved my META purchase,positive,0.6636623748291834,META,reddit,40,48
2023-09-14,apes dont sell 💎🙌 MSFT forever,positive,0.8002794689125061,MSFT,reddit,37,30
2024-10-30,SPY IV too high for options rn,neutral,0.0644966141785705,SPY,reddit,18,0
2024-10-09,"this is financial advice, buy BB",positive,0.3095411213776975,BB,reddit,157,19
2024-02-01,"PLTR consolidating, waiting for breakout",neutral,-0.027012056450206184,PLTR,reddit,43,53
2024-04-22,"META rug pull, everyone got rekt",negative,-0.6785357361580381,META,reddit,63,67
2023-12-28,AAPL IV too high for options rn,neutral,0.13725518014694188,AAPL,reddit,54,2
2023-10-16,META tendies printing 🍗🍗🍗,positive,0.3331525692533369,META,reddit,438,26
2024-11-22,paper trading GOOGL before going in,neutral,-0.14788291755122224,GOOGL,reddit,128,4
2023-09-26,"BB consolidating, waiting for breakout",neutral,-0.08702503169277565,BB,reddit,23,10
2023-07-21,META IV too high for options rn,neutral,0.15322472847715873,META,reddit,28,1
2024-05-21,what's the play on GOOGL?,neutral,-0.057852433491893784,GOOGL,reddit,101,0
2024-08-06,"YOLO'd my life savings into AMC calls, cant go tits up",positive,0.780587449567709,AMC,reddit,127,10
2023-06-04,"positions: 100x AAPL 500c 1/20, wish me luck retards",positive,0.46283765941134847,AAPL,reddit,26,1
2024-04-06,"GOOGL puts printing, bears eating good tonight",negative,-0.5255237263368313,GOOGL,reddit,5,1
2023-02-23,AMC tendies printing 🍗🍗🍗,positive,0.5556579240379713,AMC,reddit,88,3
2024-04-05,"GUH moment on AMZN, RIP my portfolio",negative,-0.34894925396632626,AMZN,reddit,190,19
2023-06-08,anyone got DD on AMZN?,neutral,0.0794582866976502,AMZN,reddit,123,12
2023-05-03,"AMZN consolidating, waiting for breakout",neutral,-0.1364096566962517,AMZN,reddit,61,7
2023-12-08,"this is financial advice, buy TSLA",positive,0.8641262474682974,TSLA,reddit,90,5
2024-03-02,loss porn: down 90% on PLTR calls,negative,-0.4967125876976422,PLTR,reddit,13,79
2024-03-25,"sold my TSLA bags, finally free",negative,-0.8707935560864957,TSLA,reddit,9,1
2023-12-24,anyone got DD on TSLA?,neutral,-0.19587544163731752,TSLA,reddit,104,12
2024-09-28,AMZN IV too high for options rn,neutral,-0.02388572215664153,AMZN,reddit,161,22
2023-04-16,"YOLO'd my life savings into AAPL calls, cant go tits up",positive,0.5906680350839146,AAPL,reddit,10,16
2023-05-21,"positions: 100x META 500c 1/20, wish me luck retards",positive,0.39445290250729925,META,reddit,1,7
2024-09-08,BB tendies printing 🍗🍗🍗,positive,0.31458160089493964,BB,reddit,58,3
2024-11-09,"inverse WSB worked, sold MSFT at the top",negative,-0.7422058165003584,MSFT,reddit,16,59
2023-08-02,"AMC puts printing, bears eating good tonight",negative,-0.5551562246498911,AMC,reddit,24,44
2024-03-08,DD: Why SPY is going to $1000 🚀,positive,0.31695689380111186,SPY,reddit,84,8
2023-03-02,bull thesis on GOOGL: trust me bro,positive,0.4851511004091296,GOOGL,reddit,97,0
2023-08-26,"AMC consolidating, waiting for breakout",neutral,-0.08248139390300145,AMC,reddit,56,16
2023-02-06,"positions: 100x META 500c 1/20, wish me luck retards",positive,0.699722678498476,META,reddit,137,12
2024-04-07,paper trading GME before going in,neutral,0.06390711764758883,GME,reddit,208,9
2023-01-20,what's the play on MSFT?,neutral,-0.09916213471651165,MSFT,reddit,526,56
2023-06-04,anyone got DD on GME?,neutral,-0.15047177918634042,GME,reddit,56,54
2023-05-18,"GUH moment on AMZN, RIP my portfolio",negative,-0.8033276447609786,AMZN,reddit,13,26
2023-05-04,bull thesis on MSFT: trust me bro,positive,0.3861919651839023,MSFT,reddit,239,24
2024-06-24,"GOOGL consolidating, waiting for breakout",neutral,-0.15380855126619394,GOOGL,reddit,55,74
2024-04-19,what's the play on AAPL?,neutral,-0.05997699367086437,AAPL,reddit,15,35
2024-03-06,"GUH moment on GOOGL, RIP my portfolio",negative,-0.5777763578049437,GOOGL,reddit,82,6
2023-03-08,loss porn: down 90% on NVDA calls,negative,-0.550553368266617,NVDA,reddit,165,14
2023-03-20,"sold my GOOGL bags, finally free",negative,-0.4055791232353375,GOOGL,reddit,7,19
2024-09-30,AMC IV too high for options rn,neutral,0.09065486029959186,AMC,reddit,62,56
2023-03-05,"AAPL puts printing, bears eating good tonight",negative,-0.827792674521631,AAPL,reddit,4,14
2023-03-25,"YOLO'd my life savings into AMZN calls, cant go tits up",positive,0.5645454012125732,AMZN,reddit,256,5
2023-03-12,anyone got DD on AMZN?,neutral,-0.026329576511874453,AMZN,reddit,85,0
2024-11-21,DD: Why GME is going to $1000 🚀,positive,0.5538376720335453,GME,reddit,161,2
2024-03-04,if you're not buying MSFT rn you hate money,positive,0.4063378203087932,MSFT,reddit,116,9
2024-02-08,"GUH moment on AAPL, RIP my portfolio",negative,-0.3422336492818141,AAPL,reddit,134,5
2024-07-12,loss porn: down 90% on GME calls,negative,-0.5407252878061088,GME,reddit,102,13
2023-12-16,"inverse WSB worked, sold GOOGL at the top",negative,-0.54358065585539,GOOGL,reddit,52,26
2023-04-30,"SPY consolidating, waiting for breakout",neutral,-0.022898136150303394,SPY,reddit,27,4
2024-01-11,"AMZN rug pull, everyone got rekt",negative,-0.8899265282611792,AMZN,reddit,35,41
2023-04-30,"inverse WSB worked, sold NVDA at the top",negative,-0.8386769133876965,NVDA,reddit,314,20
2023-11-14,"NVDA consolidating, waiting for breakout",neutral,0.052758605671520076,NVDA,reddit,4,2
2024-06-02,what's the play on AMC?,neutral,-0.1758784314458069,AMC,reddit,177,22
2024-05-01,TSLA tendies printing 🍗🍗🍗,positive,0.8381264494025868,TSLA,reddit,95,75
2024-09-06,"NVDA going to $0, get out while you can",negative,-0.7990376051538739,NVDA,reddit,131,3
2023-06-12,"AAPL going to $0, get out while you can",negative,-0.6162706768564884,AAPL,reddit,13,46
2023-04-06,loss porn: down 90% on PLTR calls,negative,-0.3937724212629202,PLTR,reddit,36,31
2024-09-02,bull thesis on AAPL: trust me bro,positive,0.4877664227079027,AAPL,reddit,119,22
2024-03-15,anyone got DD on TSLA?,neutral,0.1911817722559352,TSLA,reddit,219,3
2023-12-21,bull thesis on AMZN: trust me bro,positive,0.448018804054524,AMZN,reddit,70,26
2023-01-23,wife's boyfriend approved my MSFT purchase,positive,0.8393178738822404,MSFT,reddit,133,3
2024-06-28,"theta gang on META, selling covered calls",neutral,-0.04908141796943685,META,reddit,21,78
2023-10-22,AAPL IV too high for options rn,neutral,-0.11659563361224885,AAPL,reddit,76,11
2023-05-13,apes dont sell 💎🙌 NVDA forever,positive,0.8030696960101855,NVDA,reddit,124,15
2024-01-30,loss porn: down 90% on TSLA calls,negative,-0.4372971573543589,TSLA,reddit,26,66
2023-11-03,what's the play on GME?,neutral,-0.08697046443117303,GME,reddit,98,22
2024-10-19,anyone got DD on MSFT?,neutral,0.09334518422485077,MSFT,reddit,39,35
2024-01-20,if you're not buying GME rn you hate money,positive,0.4020165351164071,GME,reddit,25,2
2023-10-30,"YOLO'd my life savings into AMC calls, cant go tits up",positive,0.8018601618175436,AMC,reddit,430,5
2023-02-28,"theta gang on AMC, selling covered calls",neutral,-0.04661716910125918,AMC,reddit,100,4
2023-12-05,loss porn: down 90% on PLTR calls,negative,-0.6284631916465924,PLTR,reddit,69,20
2023-05-05,"GUH moment on META, RIP my portfolio",negative,-0.8861861561747154,META,reddit,0,62
2023-12-08,what's the play on NVDA?,neutral,0.19470782433559974,NVDA,reddit,88,23
2024-09-08,what's the play on BB?,neutral,0.0639987074161702,BB,reddit,74,9
2024-03-28,"TSLA consolidating, waiting for breakout",neutral,-0.0008519967737563583,TSLA,reddit,92,20
2024-05-16,anyone got DD on GOOGL?,neutral,-0.00028401170368494433,GOOGL,reddit,0,5
2023-05-29,"inverse WSB worked, sold PLTR at the top",negative,-0.6836108051175163,PLTR,reddit,453,14
2023-12-19,wife's boyfriend approved my GOOGL purchase,positive,0.6720375607017234,GOOGL,reddit,34,14
2024-09-25,"sold my AAPL bags, finally free",negative,-0.580664686619424,AAPL,reddit,211,14
2024-02-10,"NVDA rug pull, everyone got rekt",negative,-0.3149849797091884,NVDA,reddit,56,41
2023-03-18,apes dont sell 💎🙌 META forever,positive,0.4106587167904738,META,reddit,188,7
2023-10-05,"inverse WSB worked, sold AMZN at the top",negative,-0.4640630329013485,AMZN,reddit,111,6
2023-07-03,loss porn: down 90% on PLTR calls,negative,-0.7349719396373314,PLTR,reddit,298,0
2024-08-13,"inverse WSB worked, sold AMC at the top",negative,-0.37142400378342744,AMC,reddit,50,26
2023-08-19,"GUH moment on TSLA, RIP my portfolio",negative,-0.5621036576451157,TSLA,reddit,108,25
2023-12-14,anyone got DD on PLTR?,neutral,0.054421604343605545,PLTR,reddit,305,73
2023-02-06,what's the play on SPY?,neutral,-0.14555862064036204,SPY,reddit,190,6
2023-01-19,"GUH moment on TSLA, RIP my portfolio",negative,-0.5192226416436786,TSLA,reddit,55,3
2023-09-27,"AAPL consolidating, waiting for breakout",neutral,-0.06186574454652277,AAPL,reddit,36,91
2023-11-01,"SPY consolidating, waiting for breakout",neutral,0.11582931295991894,SPY,reddit,25,2
2023-11-07,"sold my AMC bags, finally free",negative,-0.35202065702260354,AMC,reddit,198,17
2024-10-30,"GUH moment on GOOGL, RIP my portfolio",negative,-0.3504115406054218,GOOGL,reddit,6,18
2023-11-30,"SPY squeeze incoming, shorts are fukd",positive,0.7043858234966827,SPY,reddit,2,12
2023-09-28,"positions: 100x MSFT 500c 1/20, wish me luck retards",positive,0.5897542855820186,MSFT,reddit,184,18
2023-12-17,loss porn: down 90% on AMC calls,negative,-0.35646918823363594,AMC,reddit,60,47
2023-07-21,"GUH moment on META, RIP my portfolio",negative,-0.85118258963862,META,reddit,156,47
2023-06-26,"theta gang on AMC, selling covered calls",neutral,-0.13476956534961607,AMC,reddit,20,3
2024-08-13,PLTR IV too high for options rn,neutral,-0.13266242916091278,PLTR,reddit,173,32
2024-03-21,wife's boyfriend approved my NVDA purchase,positive,0.5924599898602692,NVDA,reddit,105,24
2023-01-06,"AAPL going to $0, get out while you can",negative,-0.7276457431975034,AAPL,reddit,156,7
2024-02-29,apes dont sell 💎🙌 MSFT forever,positive,0.6936870746186257,MSFT,reddit,1,0
2024-01-07,"theta gang on GME, selling covered calls",neutral,-0.18279704557530146,GME,reddit,17,2
2024-07-07,AAPL tendies printing 🍗🍗🍗,positive,0.7829769119019052,AAPL,reddit,54,3
2023-03-08,"sold my NVDA bags, finally free",negative,-0.7027706757762212,NVDA,reddit,266,28
2023-07-09,paper trading AMC before going in,neutral,0.10920067588361826,AMC,reddit,160,18
2024-01-25,if you're not buying TSLA rn you hate money,positive,0.4655463364534024,TSLA,reddit,97,33
2023-03-31,what's the play on NVDA?,neutral,0.08546529741284947,NVDA,reddit,109,30
2024-05-26,paper trading AMC before going in,neutral,-0.11145294894656801,AMC,reddit,14,30
2024-09-08,apes dont sell 💎🙌 GOOGL forever,positive,0.625212762485587,GOOGL,reddit,4,1
2024-05-07,"GUH moment on GME, RIP my portfolio",negative,-0.4952307359182109,GME,reddit,53,3
2023-03-12,"GUH moment on MSFT, RIP my portfolio",negative,-0.6129596727554423,MSFT,reddit,123,25
2023-10-06,apes dont sell 💎🙌 MSFT forever,positive,0.8570465098871072,MSFT,reddit,255,52
2024-10-29,wife's boyfriend approved my AAPL purchase,positive,0.41677936320109005,AAPL,reddit,125,65
2023-01-09,anyone got DD on MSFT?,neutral,0.018399562129369468,MSFT,reddit,23,10
2024-03-06,"META going to $0, get out while you can",negative,-0.46310235427841195,META,reddit,246,5
2024-09-06,"GME consolidating, waiting for breakout",neutral,0.05762644782201365,GME,reddit,82,6
2023-11-01,loss porn: down 90% on BB calls,negative,-0.6488807807211496,BB,reddit,123,10
2024-04-11,"positions: 100x AMC 500c 1/20, wish me luck retards",positive,0.8255269538426311,AMC,reddit,137,52
2023-06-09,what's the play on TSLA?,neutral,0.09243813270730611,TSLA,reddit,66,4
2024-05-04,AMZN IV too high for options rn,neutral,-0.15337261120896503,AMZN,reddit,33,11
2024-03-06,what's the play on BB?,neutral,0.17111394772115573,BB,reddit,242,7
2024-04-22,paper trading AMZN before going in,neutral,0.09437949401440127,AMZN,reddit,94,23
2024-04-11,loss porn: down 90% on TSLA calls,negative,-0.38067311141521964,TSLA,reddit,126,4
2024-06-02,anyone got DD on GOOGL?,neutral,-0.025815108130675585,GOOGL,reddit,55,27
2023-06-06,"YOLO'd my life savings into NVDA calls, cant go tits up",positive,0.5333310195295379,NVDA,reddit,88,3
2023-08-28,"TSLA puts printing, bears eating good tonight",negative,-0.6137080891962375,TSLA,reddit,134,29
2024-07-07,"AMC puts printing, bears eating good tonight",negative,-0.638836950953916,AMC,reddit,70,1
2024-01-07,what's the play on TSLA?,neutral,-0.16403904714884418,TSLA,reddit,145,40
2024-10-31,what's the play on AMZN?,neutral,0.15547208323794964,AMZN,reddit,13,8
2023-12-20,what's the play on BB?,neutral,0.17576880097210879,BB,reddit,28,7
2024-08-19,"inverse WSB worked, sold GME at the top",negative,-0.6147110186361885,GME,reddit,100,14
2023-10-11,TSLA IV too high for options rn,neutral,0.058327546968731936,TSLA,reddit,45,27
2024-06-02,"this is financial advice, buy AMC",positive,0.7422210253807257,AMC,reddit,124,14
2024-10-23,DD: Why NVDA is going to $1000 🚀,positive,0.7468125027433588,NVDA,reddit,155,20
2024-02-05,"PLTR going to $0, get out while you can",negative,-0.56194902147945,PLTR,reddit,396,14
2023-02-15,"inverse WSB worked, sold TSLA at the top",negative,-0.5720123746831488,TSLA,reddit,227,60
2023-03-22,"SPY puts printing, bears eating good tonight",negative,-0.818426394184196,SPY,reddit,45,17
2024-02-08,what's the play on AAPL?,neutral,0.010868350086940731,AAPL,reddit,77,80
2024-10-31,"AMC going to $0, get out while you can",negative,-0.4563415832484299,AMC,reddit,38,11
2023-03-28,loss porn: down 90% on NVDA calls,negative,-0.37822628415861326,NVDA,reddit,54,19
2024-11-18,"positions: 100x AMC 500c 1/20, wish me luck retards",positive,0.43016279390076273,AMC,reddit,82,20
2024-04-05,"GUH moment on BB, RIP my portfolio",negative,-0.4557648808250523,BB,reddit,254,11
2023-03-29,bull thesis on TSLA: trust me bro,positive,0.3999939748461458,TSLA,reddit,3,91
2024-09-26,wife's boyfriend approved my PLTR purchase,positive,0.35518536184087973,PLTR,reddit,112,32
2024-07-14,"sold my SPY bags, finally free",negative,-0.37400894265867557,SPY,reddit,152,8
2024-01-30,if you're not buying SPY rn you hate money,positive,0.4846228385072832,SPY,reddit,36,9
2023-07-05,what's the play on AMZN?,neutral,-0.10530549744910417,AMZN,reddit,242,6
2024-05-12,imagine buying GOOGL at ATH lmaooo,negative,-0.34046091687933355,GOOGL,reddit,185,43
2023-03-08,anyone got DD on PLTR?,neutral,0.10616741157516402,PLTR,reddit,282,60
2024-08-01,AMZN tendies printing 🍗🍗🍗,positive,0.6806878357750905,AMZN,reddit,112,13
2024-06-29,DD: Why GOOGL is going to $1000 🚀,positive,0.41783692671267925,GOOGL,reddit,6,4
2024-01-09,"theta gang on TSLA, selling covered calls",neutral,0.03967323371426118,TSLA,reddit,74,10
2023-03-01,DD: Why GME is going to $1000 🚀,positive,0.6863669079653524,GME,reddit,143,3
2023-08-01,"MSFT consolidating, waiting for breakout",neutral,0.11915324231780011,MSFT,reddit,100,2
2024-01-05,"YOLO'd my life savings into SPY calls, cant go tits up",positive,0.7480863018410245,SPY,reddit,205,17
2024-11-13,"inverse WSB worked, sold META at the top",negative,-0.565383110720665,META,reddit,151,5
2023-09-08,"sold my GOOGL bags, finally free",negative,-0.570406730522234,GOOGL,reddit,24,32
2024-11-12,bull thesis on GME: trust me bro,positive,0.6352495746987492,GME,reddit,157,0
2023-04-10,"positions: 100x NVDA 500c 1/20, wish me luck retards",positive,0.5295622841667627,NVDA,reddit,33,50
2024-07-15,if you're not buying AMZN rn you hate money,positive,0.8204665925168575,AMZN,reddit,4,0
2024-02-04,"SPY puts printing, bears eating good tonight",negative,-0.6798103073902813,SPY,reddit,129,3
2024-01-05,wife's boyfriend approved my GOOGL purchase,positive,0.8655430187748894,GOOGL,reddit,32,26
2024-10-23,"GUH moment on AAPL, RIP my portfolio",negative,-0.7786123862143723,AAPL,reddit,43,6
2023-06-13,"AAPL going to $0, get out while you can",negative,-0.8368030062756004,AAPL,reddit,72,2
2024-04-11,"GOOGL rug pull, everyone got rekt",negative,-0.7582942896994154,GOOGL,reddit,67,81
2023-08-21,"theta gang on BB, selling covered calls",neutral,-0.1155829245707754,BB,reddit,72,9
2023-01-03,paper trading NVDA before going in,neutral,0.13792282077587126,NVDA,reddit,91,2
2023-07-18,"positions: 100x BB 500c 1/20, wish me luck retards",positive,0.6089532569823217,BB,reddit,37,12
2024-02-20,"GME going to $0, get out while you can",negative,-0.470898972272195,GME,reddit,115,14
2024-07-15,"inverse WSB worked, sold AAPL at the top",negative,-0.7272941207127828,AAPL,reddit,138,10
2024-05-09,"positions: 100x AAPL 500c 1/20, wish me luck retards",positive,0.8789236966982543,AAPL,reddit,42,28
2023-07-01,"GME puts printing, bears eating good tonight",negative,-0.3982838277959426,GME,reddit,100,64
2024-05-25,DD: Why BB is going to $1000 🚀,positive,0.5516992849053299,BB,reddit,102,7
2024-11-08,"theta gang on GME, selling covered calls",neutral,0.11732829882698309,GME,reddit,4,14
2023-04-14,"YOLO'd my life savings into META calls, cant go tits up",positive,0.45913032526240993,META,reddit,144,36
2024-11-05,paper trading MSFT before going in,neutral,-0.10407667802669902,MSFT,reddit,27,22
2023-05-17,wife's boyfriend approved my AMC purchase,positive,0.6117996658409639,AMC,reddit,156,54
2023-07-14,"this is financial advice, buy GME",positive,0.4262301241075932,GME,reddit,112,51
2024-06-12,"this is financial advice, buy AAPL",positive,0.7494559091851865,AAPL,reddit,68,34
2023-04-02,"theta gang on BB, selling covered calls",neutral,0.11655487974485496,BB,reddit,5,9
2023-11-25,imagine buying META at ATH lmaooo,negative,-0.7845704717851834,META,reddit,4,27
2023-06-24,anyone got DD on PLTR?,neutral,0.097140685455603,PLTR,reddit,19,4
2024-09-30,"theta gang on META, selling covered calls",neutral,0.0329308760926251,META,reddit,71,47
2024-05-24,"NVDA going to $0, get out while you can",negative,-0.6133753887820879,NVDA,reddit,92,1
2023-05-02,bull thesis on SPY: trust me bro,positive,0.6343142530684618,SPY,reddit,3,38
2023-01-06,wife's boyfriend approved my SPY purchase,positive,0.8428169808737254,SPY,reddit,15,6
2024-08-24,META tendies printing 🍗🍗🍗,positive,0.4005079878482778,META,reddit,252,7
2024-10-04,what's the play on AMZN?,neutral,0.0626865113361002,AMZN,reddit,169,21
2023-09-25,"SPY puts printing, bears eating good tonight",negative,-0.3780757594880587,SPY,reddit,30,2
2023-07-05,bull thesis on GOOGL: trust me bro,positive,0.4819656275088368,GOOGL,reddit,171,14
2023-07-12,"theta gang on AAPL, selling covered calls",neutral,-0.10453075358558955,AAPL,reddit,62,2
2023-08-11,PLTR tendies printing 🍗🍗🍗,positive,0.42320241775684503,PLTR,reddit,217,23
2023-09-08,if you're not buying GME rn you hate money,positive,0.4380409175224721,GME,reddit,2,2
2023-07-08,paper trading AMZN before going in,neutral,0.17520260437904173,AMZN,reddit,67,12
2024-05-28,"sold my META bags, finally free",negative,-0.44789258587059466,META,reddit,23,45
2024-03-06,DD: Why MSFT is going to $1000 🚀,positive,0.4280642663149578,MSFT,reddit,724,0
2023-02-10,AAPL IV too high for options rn,neutral,-0.12673370984627344,AAPL,reddit,2,10
2023-08-28,paper trading GME before going in,neutral,0.1788039730399832,GME,reddit,57,11
2023-04-13,"GUH moment on SPY, RIP my portfolio",negative,-0.7199253275946618,SPY,reddit,13,23
2024-08-10,"positions: 100x AMZN 500c 1/20, wish me luck retards",positive,0.3182605704330967,AMZN,reddit,191,15
2023-04-29,loss porn: down 90% on SPY calls,negative,-0.4551729249885768,SPY,reddit,41,14
2023-08-23,imagine buying SPY at ATH lmaooo,negative,-0.7645398118053901,SPY,reddit,182,27
2023-03-04,"inverse WSB worked, sold AMZN at the top",negative,-0.524681092425039,AMZN,reddit,74,24
2024-11-21,"GUH moment on MSFT, RIP my portfolio",negative,-0.6035768878888063,MSFT,reddit,69,6
2023-10-20,apes dont sell 💎🙌 GME forever,positive,0.7667908588214816,GME,reddit,77,5
2023-12-30,"theta gang on NVDA, selling covered calls",neutral,-0.14083793387184917,NVDA,reddit,45,12
2024-10-01,"BB puts printing, bears eating good tonight",negative,-0.7053467232750509,BB,reddit,432,34
2024-10-21,"sold my MSFT bags, finally free",negative,-0.4934687330686757,MSFT,reddit,10,19
2024-04-18,"YOLO'd my life savings into MSFT calls, cant go tits up",positive,0.4923607987862872,MSFT,reddit,92,1
2023-05-05,if you're not buying PLTR rn you hate money,positive,0.7520854580355185,PLTR,reddit,77,87
2023-06-17,"GME squeeze incoming, shorts are fukd",positive,0.6096467172423927,GME,reddit,41,17
2023-05-14,"AMC rug pull, everyone got rekt",negative,-0.8580173130073219,AMC,reddit,12,32
2024-07-19,"YOLO'd my life savings into AAPL calls, cant go tits up",positive,0.4706916078288821,AAPL,reddit,46,43
2024-07-26,apes dont sell 💎🙌 AMZN forever,positive,0.7914440364222584,AMZN,reddit,5,4
2024-03-28,GME tendies printing 🍗🍗🍗,positive,0.35022506689177624,GME,reddit,95,6
2024-04-19,what's the play on BB?,neutral,0.09287201587035104,BB,reddit,22,109
2024-06-11,imagine buying META at ATH lmaooo,negative,-0.5885699834572597,META,reddit,114,74
2024-09-29,"sold my GOOGL bags, finally free",negative,-0.48881778968074074,GOOGL,reddit,41,14
2024-07-29,MSFT tendies printing 🍗🍗🍗,positive,0.5769998860580412,MSFT,reddit,101,8
2024-02-20,"GME rug pull, everyone got rekt",negative,-0.368217517634048,GME,reddit,21,9
2023-05-02,bull thesis on AMC: trust me bro,positive,0.8632040263014495,AMC,reddit,24,28
2023-04-03,"AMC squeeze incoming, shorts are fukd",positive,0.36618488562563434,AMC,reddit,221,10
2024-07-28,wife's boyfriend approved my MSFT purchase,positive,0.8127724416266211,MSFT,reddit,74,39
2023-10-15,bull thesis on NVDA: trust me bro,positive,0.740148226995266,NVDA,reddit,44,6
2023-05-07,"this is financial advice, buy AMC",positive,0.6328050140822323,AMC,reddit,34,7
2023-10-05,"GUH moment on BB, RIP my portfolio",negative,-0.542328956324893,BB,reddit,3,39
2024-08-25,"AAPL puts printing, bears eating good tonight",negative,-0.8799215444211311,AAPL,reddit,52,10
2023-01-04,"sold my GME bags, finally free",negative,-0.3117620033504984,GME,reddit,42,8
2023-05-07,anyone got DD on AMZN?,neutral,0.07975359757650169,AMZN,reddit,156,6
2023-02-11,anyone got DD on BB?,neutral,-0.14407616000836976,BB,reddit,63,5
2024-02-27,apes dont sell 💎🙌 PLTR forever,positive,0.6284712830268238,PLTR,reddit,2,24
2024-02-19,"theta gang on AMZN, selling covered calls",neutral,-0.0807359449917275,AMZN,reddit,21,2
2024-03-24,MSFT IV too high for options rn,neutral,-0.16302624541940483,MSFT,reddit,213,24
2023-12-15,imagine buying GOOGL at ATH lmaooo,negative,-0.8796895310987635,GOOGL,reddit,55,4
2023-06-18,"AAPL squeeze incoming, shorts are fukd",positive,0.3751610801814706,AAPL,reddit,321,36
2024-06-27,if you're not buying GOOGL rn you hate money,positive,0.7620140969642044,GOOGL,reddit,100,37
2023-06-15,"AAPL going to $0, get out while you can",negative,-0.7876604546572241,AAPL,reddit,22,2
2024-03-01,"AAPL consolidating, waiting for breakout",neutral,0.08216762067214828,AAPL,reddit,47,12
2023-12-14,"TSLA puts printing, bears eating good tonight",negative,-0.6952940925071642,TSLA,reddit,121,17
2024-06-25,"AMC squeeze incoming, shorts are fukd",positive,0.808137633291401,AMC,reddit,21,75
2024-07-28,"sold my META bags, finally free",negative,-0.7333338976496525,META,reddit,135,23
2024-07-28,bull thesis on AAPL: trust me bro,positive,0.6694675829936112,AAPL,reddit,47,12
2023-04-25,"YOLO'd my life savings into AMZN calls, cant go tits up",positive,0.7170036279593139,AMZN,reddit,87,63
2024-07-23,"this is financial advice, buy AAPL",positive,0.3907750423786181,AAPL,reddit,446,33
2023-12-06,wife's boyfriend approved my MSFT purchase,positive,0.4897825572979174,MSFT,reddit,27,35
2023-05-25,"GME consolidating, waiting for breakout",neutral,0.09266189467812364,GME,reddit,233,19
2023-06-28,"positions: 100x AAPL 500c 1/20, wish me luck retards",positive,0.3335745452588652,AAPL,reddit,66,12
2023-02-05,AAPL tendies printing 🍗🍗🍗,positive,0.48948554477799094,AAPL,reddit,109,14
2023-05-05,"SPY squeeze incoming, shorts are fukd",positive,0.3641627052770273,SPY,reddit,39,16
2023-06-16,"SPY going to $0, get out while you can",negative,-0.8742330174434336,SPY,reddit,245,14
2024-08-20,anyone got DD on NVDA?,neutral,0.05209199868364722,NVDA,reddit,22,14
2023-05-13,"this is financial advice, buy SPY",positive,0.895291577986334,SPY,reddit,1,11
2024-01-29,"this is financial advice, buy GOOGL",positive,0.5975616611544068,GOOGL,reddit,108,3
2023-12-05,DD: Why BB is going to $1000 🚀,positive,0.8904978422078269,BB,reddit,104,14
2023-03-15,"sold my MSFT bags, finally free",negative,-0.380107648603087,MSFT,reddit,146,11
2024-09-02,BB tendies printing 🍗🍗🍗,positive,0.7717653467910621,BB,reddit,96,70
2023-04-14,"sold my NVDA bags, finally free",negative,-0.32467386160004363,NVDA,reddit,65,26
2023-05-09,paper trading META before going in,neutral,-0.025351530996633315,META,reddit,3,14
2023-05-07,"GUH moment on PLTR, RIP my portfolio",negative,-0.39470313176989635,PLTR,reddit,9,16
2023-05-17,"sold my AMZN bags, finally free",negative,-0.3332988988010822,AMZN,reddit,45,9
2024-03-27,"AMZN puts printing, bears eating good tonight",negative,-0.7883036661144796,AMZN,reddit,45,10
2023-03-23,anyone got DD on AMC?,neutral,-0.006942643026816547,AMC,reddit,43,9
2024-04-17,DD: Why PLTR is going to $1000 🚀,positive,0.30952587967566836,PLTR,reddit,78,24
2023-04-30,"positions: 100x SPY 500c 1/20, wish me luck retards",positive,0.7904704144881354,SPY,reddit,14,12
2024-11-21,AAPL IV too high for options rn,neutral,-0.12056468630492656,AAPL,reddit,161,22
2024-10-27,"positions: 100x NVDA 500c 1/20, wish me luck retards",positive,0.49219728854567146,NVDA,reddit,33,16
2024-01-30,DD: Why SPY is going to $1000 🚀,positive,0.7273273717692443,SPY,reddit,50,22
2023-09-26,"this is financial advice, buy AMC",positive,0.5511683558977103,AMC,reddit,76,36
2023-06-01,"AMC puts printing, bears eating good tonight",negative,-0.6438589733317375,AMC,reddit,113,30
2023-04-14,"inverse WSB worked, sold AMZN at the top",negative,-0.31923756342633747,AMZN,reddit,178,6
2024-05-05,"TSLA going to $0, get out while you can",negative,-0.5107204015968119,TSLA,reddit,90,41
2023-03-23,imagine buying TSLA at ATH lmaooo,negative,-0.5996380597479859,TSLA,reddit,64,28
2023-08-13,apes dont sell 💎🙌 AMZN forever,positive,0.38683843882883856,AMZN,reddit,63,18
2023-10-21,"META going to $0, get out while you can",negative,-0.3934394378890449,META,reddit,29,41
2023-08-28,"PLTR going to $0, get out while you can",negative,-0.37072788601657936,PLTR,reddit,10,26
2023-03-27,"positions: 100x MSFT 500c 1/20, wish me luck retards",positive,0.6528763030866644,MSFT,reddit,61,31
2024-06-13,imagine buying GOOGL at ATH lmaooo,negative,-0.30308804157441793,GOOGL,reddit,47,9
2024-07-15,apes dont sell 💎🙌 META forever,positive,0.41796763825656025,META,reddit,7,8
2023-04-30,"this is financial advice, buy AAPL",positive,0.4026463832596122,AAPL,reddit,159,1
2023-01-20,paper trading AAPL before going in,neutral,0.06622364666300701,AAPL,reddit,196,13
2024-05-06,DD: Why AMC is going to $1000 🚀,positive,0.31741255396405815,AMC,reddit,127,2
2023-03-28,loss porn: down 90% on GME calls,negative,-0.3322005759027272,GME,reddit,115,14
2024-09-05,what's the play on SPY?,neutral,0.016114718573005588,SPY,reddit,31,19
2023-07-21,imagine buying AAPL at ATH lmaooo,negative,-0.6364932951752835,AAPL,reddit,22,14
2023-06-16,"GME puts printing, bears eating good tonight",negative,-0.7374360222305232,GME,reddit,450,34
2024-03-09,what's the play on AMC?,neutral,-0.07066606758039873,AMC,reddit,70,16
2023-11-24,anyone got DD on NVDA?,neutral,-0.010578092915150578,NVDA,reddit,380,3
2023-10-09,"NVDA going to $0, get out while you can",negative,-0.8746978195597124,NVDA,reddit,65,4
2023-10-03,bull thesis on TSLA: trust me bro,positive,0.709339644856489,TSLA,reddit,185,45
2023-04-01,bull thesis on GME: trust me bro,positive,0.4671079794046137,GME,reddit,60,25
2024-11-23,"TSLA consolidating, waiting for breakout",neutral,-0.08999975482476455,TSLA,reddit,154,34
2023-06-24,"AMZN squeeze incoming, shorts are fukd",positive,0.7504708034682405,AMZN,reddit,28,10
2023-06-10,loss porn: down 90% on BB calls,negative,-0.8279550028457539,BB,reddit,45,13
2024-07-13,"GUH moment on AMC, RIP my portfolio",negative,-0.5855420767499797,AMC,reddit,99,23
2024-03-06,paper trading BB before going in,neutral,0.16435939482542944,BB,reddit,95,40
2023-12-15,"SPY squeeze incoming, shorts are fukd",positive,0.42339919936533665,SPY,reddit,6,15
2023-04-04,apes dont sell 💎🙌 AMC forever,positive,0.6451629691333559,AMC,reddit,48,4
2023-07-21,loss porn: down 90% on MSFT calls,negative,-0.3842463937549271,MSFT,reddit,152,171
2023-02-28,apes dont sell 💎🙌 GOOGL forever,positive,0.7517944379940844,GOOGL,reddit,29,22
2024-04-16,"sold my GOOGL bags, finally free",negative,-0.8931141990331259,GOOGL,reddit,67,34
2024-09-09,imagine buying SPY at ATH lmaooo,negative,-0.38950202363888153,SPY,reddit,4,54
2023-08-17,"NVDA consolidating, waiting for breakout",neutral,-0.10327516963491475,NVDA,reddit,23,4
2023-04-17,wife's boyfriend approved my NVDA purchase,positive,0.40315182704518415,NVDA,reddit,48,34
2023-11-30,"YOLO'd my life savings into AMC calls, cant go tits up",positive,0.46402462133827616,AMC,reddit,25,19
2024-09-06,"TSLA going to $0, get out while you can",negative,-0.504662200778547,TSLA,reddit,31,28
2023-08-11,"NVDA puts printing, bears eating good tonight",negative,-0.7688255371192656,NVDA,reddit,61,1
2024-08-22,"NVDA rug pull, everyone got rekt",negative,-0.5933254392971883,NVDA,reddit,28,3
2024-03-20,"MSFT squeeze incoming, shorts are fukd",positive,0.5771166312409035,MSFT,reddit,107,25
2024-01-05,loss porn: down 90% on AMZN calls,negative,-0.635812924309428,AMZN,reddit,20,13
2024-08-09,imagine buying AMC at ATH lmaooo,negative,-0.752848377098185,AMC,reddit,149,10
2023-12-19,GOOGL IV too high for options rn,neutral,0.15589549707159822,GOOGL,reddit,19,27
2024-03-22,"BB rug pull, everyone got rekt",negative,-0.3367402548836743,BB,reddit,56,6
2024-05-02,"inverse WSB worked, sold AMZN at the top",negative,-0.6289026731890901,AMZN,reddit,229,12
2024-06-23,"theta gang on META, selling covered calls",neutral,0.12427492001144991,META,reddit,50,39
2024-08-21,BB IV too high for options rn,neutral,-0.11634863634677353,BB,reddit,75,30
2023-06-25,anyone got DD on AMZN?,neutral,0.1277303306648518,AMZN,reddit,99,36
2024-04-12,"this is financial advice, buy PLTR",positive,0.8408762832549188,PLTR,reddit,136,2
2023-03-30,wife's boyfriend approved my META purchase,positive,0.8184891031854109,META,reddit,73,2
2024-07-31,"AMC rug pull, everyone got rekt",negative,-0.4553510349882738,AMC,reddit,52,1
2023-01-24,GME tendies printing 🍗🍗🍗,positive,0.5755597941060993,GME,reddit,125,3
2023-10-14,"theta gang on GME, selling covered calls",neutral,-0.11401271194105274,GME,reddit,29,6
2023-08-13,AAPL tendies printing 🍗🍗🍗,positive,0.36306923978861955,AAPL,reddit,57,1
2023-09-07,"GOOGL consolidating, waiting for breakout",neutral,-0.07413081589911083,GOOGL,reddit,86,8
2024-06-26,GME tendies printing 🍗🍗🍗,positive,0.46883424807471785,GME,reddit,263,2
2023-08-12,"AAPL rug pull, everyone got rekt",negative,-0.3887135344645396,AAPL,reddit,31,5
2023-10-09,"inverse WSB worked, sold AMZN at the top",negative,-0.49641378454434754,AMZN,reddit,118,22
2024-07-10,"BB puts printing, bears eating good tonight",negative,-0.5194364170048629,BB,reddit,40,30
2023-10-17,"sold my BB bags, finally free",negative,-0.47357801720166415,BB,reddit,72,0
2023-02-14,anyone got DD on GOOGL?,neutral,0.07230425477119262,GOOGL,reddit,34,21
2024-09-29,loss porn: down 90% on TSLA calls,negative,-0.8122840241784709,TSLA,reddit,87,67
2024-01-31,"this is financial advice, buy AMZN",positive,0.5873281039618599,AMZN,reddit,151,60
2024-08-30,wife's boyfriend approved my AMZN purchase,positive,0.5029668761742438,AMZN,reddit,79,38
2024-09-15,what's the play on META?,neutral,0.08301666773892519,META,reddit,104,11
2024-03-10,"positions: 100x NVDA 500c 1/20, wish me luck retards",positive,0.6707554816582949,NVDA,reddit,8,22
2023-12-12,apes dont sell 💎🙌 SPY forever,positive,0.4400035311143747,SPY,reddit,47,15
2024-05-14,"PLTR consolidating, waiting for breakout",neutral,-0.17242812146760486,PLTR,reddit,131,2
2024-01-21,loss porn: down 90% on META calls,negative,-0.7596363908225463,META,reddit,30,13
2023-05-09,"YOLO'd my life savings into AMZN calls, cant go tits up",positive,0.3740221610798353,AMZN,reddit,116,86
2023-05-18,imagine buying MSFT at ATH lmaooo,negative,-0.37504752360910965,MSFT,reddit,57,15
2024-05-19,what's the play on PLTR?,neutral,0.07839440615469229,PLTR,reddit,19,1
2024-08-25,"GUH moment on MSFT, RIP my portfolio",negative,-0.8596394950980532,MSFT,reddit,16,8
2023-10-17,AMC IV too high for options rn,neutral,-0.1493801109764609,AMC,reddit,3,4
2023-04-24,"AMZN squeeze incoming, shorts are fukd",positive,0.7528019595645485,AMZN,reddit,42,1
2024-11-03,loss porn: down 90% on AMZN calls,negative,-0.44239636341877026,AMZN,reddit,97,44
2023-11-18,wife's boyfriend approved my GOOGL purchase,positive,0.4891071009463641,GOOGL,reddit,62,4
2023-08-20,imagine buying SPY at ATH lmaooo,negative,-0.7497988434005465,SPY,reddit,21,24
2024-03-31,"this is financial advice, buy AMZN",positive,0.5054250735543744,AMZN,reddit,99,12
2024-09-13,loss porn: down 90% on GME calls,negative,-0.5987035896408011,GME,reddit,99,12
2024-06-10,paper trading AMC before going in,neutral,-0.10094003316834144,AMC,reddit,13,31
2024-03-01,anyone got DD on NVDA?,neutral,-0.1779243940570328,NVDA,reddit,229,10
2024-04-20,"YOLO'd my life savings into BB calls, cant go tits up",positive,0.8919913121768768,BB,reddit,83,15
2024-06-09,"positions: 100x META 500c 1/20, wish me luck retards",positive,0.3303265605490755,META,reddit,294,98
2024-02-27,"inverse WSB worked, sold SPY at the top",negative,-0.8508833059237054,SPY,reddit,56,0
2023-03-25,paper trading BB before going in,neutral,0.10466358602079356,BB,reddit,52,14
2023-11-27,wife's boyfriend approved my MSFT purchase,positive,0.7680968500453462,MSFT,reddit,26,3
2023-08-16,loss porn: down 90% on BB calls,negative,-0.8388483698508868,BB,reddit,356,18
2023-06-29,apes dont sell 💎🙌 AAPL forever,positive,0.6205028892332676,AAPL,reddit,23,21
2024-05-12,"positions: 100x TSLA 500c 1/20, wish me luck retards",positive,0.6544144169483941,TSLA,reddit,196,3
2023-01-07,"theta gang on MSFT, selling covered calls",neutral,-0.15407254705491424,MSFT,reddit,3,0
2023-03-07,"YOLO'd my life savings into META calls, cant go tits up",positive,0.44044950845052355,META,reddit,5,2
2023-09-18,bull thesis on GOOGL: trust me bro,positive,0.45065612733759475,GOOGL,reddit,44,20
2024-09-21,"AMC going to $0, get out while you can",negative,-0.38507421639735906,AMC,reddit,174,35
2024-03-23,what's the play on NVDA?,neutral,0.02134440082654515,NVDA,reddit,63,0
2023-12-25,if you're not buying META rn you hate money,positive,0.5380251076611472,META,reddit,96,9
2023-07-14,"GUH moment on PLTR, RIP my portfolio",negative,-0.8196794684444084,PLTR,reddit,122,9
2023-02-23,loss porn: down 90% on AMZN calls,negative,-0.7929451562405273,AMZN,reddit,76,2
2024-04-05,"theta gang on SPY, selling covered calls",neutral,-0.10300186014833038,SPY,reddit,111,13
2023-05-13,apes dont sell 💎🙌 SPY forever,positive,0.41906909874420656,SPY,reddit,355,5
2024-05-01,apes dont sell 💎🙌 BB forever,positive,0.8267532696884665,BB,reddit,92,50
2024-11-11,"META squeeze incoming, shorts are fukd",positive,0.37939776618550425,META,reddit,116,42
2023-04-26,"GUH moment on SPY, RIP my portfolio",negative,-0.7780806963077033,SPY,reddit,267,16
2024-06-14,apes dont sell 💎🙌 TSLA forever,positive,0.7648425442439042,TSLA,reddit,62,30
2024-11-20,"GUH moment on GOOGL, RIP my portfolio",negative,-0.37069916142711856,GOOGL,reddit,15,24
2024-05-07,bull thesis on MSFT: trust me bro,positive,0.5745940867038211,MSFT,reddit,102,13
2023-04-14,"positions: 100x NVDA 500c 1/20, wish me luck retards",positive,0.7124876352931722,NVDA,reddit,36,0
2024-04-27,"inverse WSB worked, sold AMZN at the top",negative,-0.8534102283474144,AMZN,reddit,173,4
2024-07-26,what's the play on AMZN?,neutral,-0.013510210312953852,AMZN,reddit,26,3
2023-02-04,DD: Why PLTR is going to $1000 🚀,positive,0.49324044507943265,PLTR,reddit,87,4
2024-09-08,apes dont sell 💎🙌 NVDA forever,positive,0.5487098179550094,NVDA,reddit,125,8
2024-01-06,paper trading PLTR before going in,neutral,-0.11276834178817041,PLTR,reddit,46,14
2024-08-15,bull thesis on AMZN: trust me bro,positive,0.7336483902797151,AMZN,reddit,109,29
2024-02-28,apes dont sell 💎🙌 AMZN forever,positive,0.38314953485560105,AMZN,reddit,72,2
2023-04-12,bull thesis on META: trust me bro,positive,0.8132579639816844,META,reddit,247,3
2023-07-30,AMC IV too high for options rn,neutral,-0.0009310355135250803,AMC,reddit,102,7
2024-08-02,"TSLA going to $0, get out while you can",negative,-0.3943130964490944,TSLA,reddit,84,76
2023-09-16,if you're not buying MSFT rn you hate money,positive,0.4539364715195572,MSFT,reddit,156,32
2023-12-01,loss porn: down 90% on GOOGL calls,negative,-0.34476258333647813,GOOGL,reddit,100,40
2023-02-08,"sold my NVDA bags, finally free",negative,-0.5606953926853402,NVDA,reddit,56,3
2024-01-05,"TSLA consolidating, waiting for breakout",neutral,-0.16867855415487143,TSLA,reddit,23,31
2023-10-06,"this is financial advice, buy SPY",positive,0.34141179641019814,SPY,reddit,274,12
2023-08-24,GOOGL IV too high for options rn,neutral,0.07888842810767749,GOOGL,reddit,42,11
2024-05-24,wife's boyfriend approved my NVDA purchase,positive,0.4595948836873809,NVDA,reddit,11,5
2023-02-02,anyone got DD on GME?,neutral,-0.19310156326137318,GME,reddit,182,2
2023-05-08,apes dont sell 💎🙌 AAPL forever,positive,0.6923357341993283,AAPL,reddit,5,34
2023-03-15,"SPY puts printing, bears eating good tonight",negative,-0.7502556440704782,SPY,reddit,42,3
2024-01-23,"YOLO'd my life savings into AAPL calls, cant go tits up",positive,0.5320195004223203,AAPL,reddit,19,32
2023-12-25,apes dont sell 💎🙌 TSLA forever,positive,0.3084470892864412,TSLA,reddit,202,10
2023-01-25,"BB squeeze incoming, shorts are fukd",positive,0.581168594996881,BB,reddit,94,114
2023-12-18,apes dont sell 💎🙌 AMZN forever,positive,0.5709421355050086,AMZN,reddit,58,61
2023-07-03,anyone got DD on SPY?,neutral,0.16210342572902942,SPY,reddit,46,42
2024-03-22,MSFT tendies printing 🍗🍗🍗,positive,0.7535064099977726,MSFT,reddit,25,58
2023-07-14,if you're not buying NVDA rn you hate money,positive,0.6788084470243163,NVDA,reddit,73,6
2024-03-23,bull thesis on GOOGL: trust me bro,positive,0.6955495943807339,GOOGL,reddit,13,7
2023-12-27,wife's boyfriend approved my GME purchase,positive,0.40595986969839754,GME,reddit,320,3
2023-06-17,"AMC squeeze incoming, shorts are fukd",positive,0.32841686883230503,AMC,reddit,324,4
2023-04-30,imagine buying SPY at ATH lmaooo,negative,-0.6269654281558175,SPY,reddit,71,4
2023-04-19,"NVDA rug pull, everyone got rekt",negative,-0.3032289064108421,NVDA,reddit,127,43
2024-11-22,imagine buying BB at ATH lmaooo,negative,-0.5672594255195653,BB,reddit,41,19
2023-07-16,DD: Why BB is going to $1000 🚀,positive,0.8250028554660824,BB,reddit,289,38
2024-02-29,"YOLO'd my life savings into BB calls, cant go tits up",positive,0.7807155962763586,BB,reddit,78,3
2023-10-03,"inverse WSB worked, sold NVDA at the top",negative,-0.6470929018764868,NVDA,reddit,52,10
2024-02-13,"TSLA squeeze incoming, shorts are fukd",positive,0.3337714021577017,TSLA,reddit,41,28
2024-07-17,loss porn: down 90% on META calls,negative,-0.810788663710258,META,reddit,175,33
2023-12-16,"theta gang on GME, selling covered calls",neutral,0.13912776529208348,GME,reddit,421,12
2023-09-09,"sold my AMC bags, finally free",negative,-0.3884415828688187,AMC,reddit,112,4
2024-09-05,DD: Why AAPL is going to $1000 🚀,positive,0.44295966044889523,AAPL,reddit,28,3
2024-02-09,wife's boyfriend approved my AMZN purchase,positive,0.3287271002955874,AMZN,reddit,27,20
2024-02-26,loss porn: down 90% on AMC calls,negative,-0.46890547024332324,AMC,reddit,49,11
2024-02-25,GOOGL IV too high for options rn,neutral,0.006115684625401185,GOOGL,reddit,115,22
2023-10-08,apes dont sell 💎🙌 AMZN forever,positive,0.37389915774149746,AMZN,reddit,73,1
2023-12-12,imagine buying META at ATH lmaooo,negative,-0.4093922340155677,META,reddit,47,32
2023-11-26,anyone got DD on AMC?,neutral,0.10895295259485321,AMC,reddit,226,4
2023-03-22,"YOLO'd my life savings into PLTR calls, cant go tits up",positive,0.8742474180721118,PLTR,reddit,22,18
2024-02-23,anyone got DD on GME?,neutral,0.13567500419999762,GME,reddit,361,8
2023-10-14,"NVDA going to $0, get out while you can",negative,-0.6815897498166696,NVDA,reddit,9,23
2024-11-21,apes dont sell 💎🙌 META forever,positive,0.6662926829906612,META,reddit,152,9
2023-10-05,"GUH moment on AAPL, RIP my portfolio",negative,-0.7767788936674318,AAPL,reddit,27,8
2024-05-16,loss porn: down 90% on BB calls,negative,-0.6297522129143791,BB,reddit,106,11
2024-11-04,"SPY consolidating, waiting for breakout",neutral,-0.10873051101041412,SPY,reddit,358,0
2023-07-01,"BB going to $0, get out while you can",negative,-0.6668548285667711,BB,reddit,2,33
2023-11-23,wife's boyfriend approved my MSFT purchase,positive,0.7876562763708723,MSFT,reddit,125,57
2024-04-16,"this is financial advice, buy BB",positive,0.3644988809975436,BB,reddit,32,6
2023-05-09,anyone got DD on TSLA?,neutral,-0.18752889672395046,TSLA,reddit,212,8
2023-09-23,"theta gang on BB, selling covered calls",neutral,0.1976740768793565,BB,reddit,134,24
2023-01-21,"MSFT squeeze incoming, shorts are fukd",positive,0.7729745993832957,MSFT,reddit,4,54
2024-02-07,anyone got DD on AMZN?,neutral,0.1473968686836486,AMZN,reddit,125,56
2023-10-10,what's the play on GME?,neutral,0.10201633338858707,GME,reddit,58,10
2023-04-16,if you're not buying META rn you hate money,positive,0.5444740255791244,META,reddit,211,0
2024-08-29,bull thesis on BB: trust me bro,positive,0.39708542917191536,BB,reddit,73,12
2023-08-04,"positions: 100x MSFT 500c 1/20, wish me luck retards",positive,0.30840144630448796,MSFT,reddit,91,1
2024-06-26,"inverse WSB worked, sold TSLA at the top",negative,-0.7528717273473,TSLA,reddit,92,5
2024-09-28,"GOOGL puts printing, bears eating good tonight",negative,-0.8981627199452265,GOOGL,reddit,151,4
2023-08-01,"inverse WSB worked, sold AAPL at the top",negative,-0.7000823345682534,AAPL,reddit,39,23
2023-07-11,MSFT tendies printing 🍗🍗🍗,positive,0.3126354976905113,MSFT,reddit,51,91
2023-02-09,"MSFT rug pull, everyone got rekt",negative,-0.782533449976025,MSFT,reddit,107,14
2024-10-29,"AAPL squeeze incoming, shorts are fukd",positive,0.6489056973273248,AAPL,reddit,29,4
2023-10-23,if you're not buying GME rn you hate money,positive,0.893711136441016,GME,reddit,98,42
2023-06-22,"BB rug pull, everyone got rekt",negative,-0.44121634929043835,BB,reddit,110,1
2023-08-17,"this is financial advice, buy GME",positive,0.6083961065364543,GME,reddit,3,6
2023-05-17,BB IV too high for options rn,neutral,-0.1421002738076782,BB,reddit,16,3
2023-05-05,"sold my NVDA bags, finally free",negative,-0.7810429642062193,NVDA,reddit,56,31
2024-09-03,"PLTR puts printing, bears eating good tonight",negative,-0.6686384599828787,PLTR,reddit,111,6
2024-08-13,"MSFT rug pull, everyone got rekt",negative,-0.7580267485333432,MSFT,reddit,51,8
2024-01-15,wife's boyfriend approved my AMC purchase,positive,0.6343197333400827,AMC,reddit,23,46
2023-08-04,paper trading BB before going in,neutral,-0.011631626713077103,BB,reddit,67,37
2023-04-11,"GME squeeze incoming, shorts are fukd",positive,0.3649876036036185,GME,reddit,46,27
2024-04-13,"TSLA going to $0, get out while you can",negative,-0.6744209185838341,TSLA,reddit,13,6
2023-09-30,anyone got DD on GME?,neutral,-0.19664521664103526,GME,reddit,171,28
2024-09-29,loss porn: down 90% on GOOGL calls,negative,-0.33110880882900795,GOOGL,reddit,421,66
2023-02-20,"BB going to $0, get out while you can",negative,-0.8150103645842725,BB,reddit,47,2
2023-03-02,anyone got DD on NVDA?,neutral,0.08357207560413588,NVDA,reddit,150,17
2024-05-14,"this is financial advice, buy BB",positive,0.4453537619185112,BB,reddit,127,1
2024-09-30,"theta gang on META, selling covered calls",neutral,0.1326939192203191,META,reddit,156,7
2024-04-11,apes dont sell 💎🙌 BB forever,positive,0.8742441051074759,BB,reddit,18,25
2024-01-08,"sold my MSFT bags, finally free",negative,-0.4498117562991907,MSFT,reddit,1,20
2024-07-07,"TSLA consolidating, waiting for breakout",neutral,0.06523580682651964,TSLA,reddit,462,0
2024-09-27,"sold my BB bags, finally free",negative,-0.5148678166146403,BB,reddit,168,14
2023-02-01,if you're not buying TSLA rn you hate money,positive,0.6607401374781662,TSLA,reddit,263,68
2024-09-09,"AAPL going to $0, get out while you can",negative,-0.8251835258438637,AAPL,reddit,23,33
2024-02-27,anyone got DD on TSLA?,neutral,-0.16744852983229533,TSLA,reddit,8,61
2024-11-14,what's the play on META?,neutral,0.07891502743519457,META,reddit,218,32
2023-06-10,DD: Why META is going to $1000 🚀,positive,0.5456014853948883,META,reddit,113,23
2023-01-31,bull thesis on META: trust me bro,positive,0.3296759399944182,META,reddit,42,23
2024-08-28,"SPY puts printing, bears eating good tonight",negative,-0.4701763102656858,SPY,reddit,69,31
2023-11-23,bull thesis on GME: trust me bro,positive,0.5119998014170255,GME,reddit,26,21
2023-05-24,"inverse WSB worked, sold NVDA at the top",negative,-0.8149373655498453,NVDA,reddit,68,17
2024-10-31,"GOOGL going to $0, get out while you can",negative,-0.6848748892449917,GOOGL,reddit,80,22
2024-01-26,"NVDA squeeze incoming, shorts are fukd",positive,0.4467829739734489,NVDA,reddit,22,5
2023-04-26,"inverse WSB worked, sold SPY at the top",negative,-0.8959945263762733,SPY,reddit,40,20
2024-09-09,"GUH moment on AMC, RIP my portfolio",negative,-0.8445464787495802,AMC,reddit,44,8
2024-05-07,bull thesis on SPY: trust me bro,positive,0.6385956670700489,SPY,reddit,420,62
2023-03-16,"GUH moment on PLTR, RIP my portfolio",negative,-0.6575009199661436,PLTR,reddit,26,10
2024-09-11,anyone got DD on NVDA?,neutral,-0.16306029848615516,NVDA,reddit,149,46
2024-03-20,"AMC consolidating, waiting for breakout",neutral,-0.019114038717241877,AMC,reddit,124,14
2024-03-06,apes dont sell 💎🙌 META forever,positive,0.41129356918492044,META,reddit,249,12
2024-06-08,"this is financial advice, buy AMC",positive,0.3952462275199603,AMC,reddit,199,8
2023-05-17,apes dont sell 💎🙌 BB forever,positive,0.8608668902760284,BB,reddit,1,4
2024-05-11,"GUH moment on GME, RIP my portfolio",negative,-0.6915454412751715,GME,reddit,20,1
2024-09-24,"positions: 100x SPY 500c 1/20, wish me luck retards",positive,0.6870169516041811,SPY,reddit,56,28
2024-08-31,wife's boyfriend approved my TSLA purchase,positive,0.5662902916063637,TSLA,reddit,155,8
2023-10-05,anyone got DD on MSFT?,neutral,-0.15775950596639288,MSFT,reddit,57,3
2023-10-28,"inverse WSB worked, sold GOOGL at the top",negative,-0.6796613679567038,GOOGL,reddit,54,2
2024-10-13,"GME squeeze incoming, shorts are fukd",positive,0.8375831570264602,GME,reddit,38,16
2023-01-07,if you're not buying BB rn you hate money,positive,0.6129369337312317,BB,reddit,109,4
2024-05-03,anyone got DD on NVDA?,neutral,-0.02422027457030912,NVDA,reddit,98,1
2024-03-13,if you're not buying GOOGL rn you hate money,positive,0.8592810390297028,GOOGL,reddit,7,10
2024-06-05,what's the play on META?,neutral,-0.03658539323338533,META,reddit,94,50
2024-05-20,apes dont sell 💎🙌 MSFT forever,positive,0.6638878265442432,MSFT,reddit,149,0
2023-09-02,TSLA tendies printing 🍗🍗🍗,positive,0.6975110873587268,TSLA,reddit,32,2
2023-03-28,"inverse WSB worked, sold SPY at the top",negative,-0.36200491947201874,SPY,reddit,117,29
2024-04-18,"AAPL going to $0, get out while you can",negative,-0.5401584933639592,AAPL,reddit,145,1
2024-11-19,"META consolidating, waiting for breakout",neutral,-0.05235178983996791,META,reddit,51,13
2024-01-12,"theta gang on SPY, selling covered calls",neutral,0.1655187085492415,SPY,reddit,98,39
2024-02-10,"this is financial advice, buy AAPL",positive,0.88600952081372,AAPL,reddit,166,0
2024-03-26,"YOLO'd my life savings into PLTR calls, cant go tits up",positive,0.33755146123701646,PLTR,reddit,74,4
2023-07-21,"PLTR consolidating, waiting for breakout",neutral,0.17065377937537995,PLTR,reddit,37,23
2023-09-04,BB tendies printing 🍗🍗🍗,positive,0.40167159773729205,BB,reddit,11,22
2023-05-14,"GUH moment on GME, RIP my portfolio",negative,-0.5267857362885076,GME,reddit,342,8
2023-07-20,bull thesis on META: trust me bro,positive,0.6324442885436907,META,reddit,213,2
2024-09-24,bull thesis on PLTR: trust me bro,positive,0.46036242580098674,PLTR,reddit,183,22
2024-01-03,loss porn: down 90% on GME calls,negative,-0.47337177987961043,GME,reddit,4,7
2023-06-09,AMC tendies printing 🍗🍗🍗,positive,0.46669993908903373,AMC,reddit,103,3
2023-03-02,"AMZN squeeze incoming, shorts are fukd",positive,0.5022462438236672,AMZN,reddit,27,14
2024-08-12,apes dont sell 💎🙌 AMC forever,positive,0.7252968866889573,AMC,reddit,37,79
2023-05-31,imagine buying GME at ATH lmaooo,negative,-0.499712932858867,GME,reddit,60,0
2023-01-16,"PLTR puts printing, bears eating good tonight",negative,-0.7659504532643597,PLTR,reddit,140,35
2024-07-26,"GUH moment on TSLA, RIP my portfolio",negative,-0.812447978388138,TSLA,reddit,225,23
2024-08-29,MSFT tendies printing 🍗🍗🍗,positive,0.8830773083016317,MSFT,reddit,70,6
2024-05-09,anyone got DD on AMC?,neutral,0.03235191425739506,AMC,reddit,4,19
2024-11-01,if you're not buying SPY rn you hate money,positive,0.4565941590273511,SPY,reddit,109,13
2023-10-26,"GUH moment on AMC, RIP my portfolio",negative,-0.6377798593545824,AMC,reddit,5,14
2023-01-10,"theta gang on GOOGL, selling covered calls",neutral,-0.05393950569190978,GOOGL,reddit,56,10
2024-02-07,"YOLO'd my life savings into GOOGL calls, cant go tits up",positive,0.8276813521697495,GOOGL,reddit,90,1
2023-07-07,"YOLO'd my life savings into PLTR calls, cant go tits up",positive,0.8788323955109236,PLTR,reddit,133,15
2023-03-22,wife's boyfriend approved my PLTR purchase,positive,0.4742282851694376,PLTR,reddit,70,17
2024-03-19,bull thesis on BB: trust me bro,positive,0.8641369366023353,BB,reddit,50,5
2023-12-02,imagine buying PLTR at ATH lmaooo,negative,-0.4318905028748202,PLTR,reddit,81,4
2024-01-16,apes dont sell 💎🙌 AMZN forever,positive,0.7537023321596477,AMZN,reddit,10,8
2023-05-24,"NVDA consolidating, waiting for breakout",neutral,-0.07466952819126702,NVDA,reddit,191,20
2023-02-13,AMZN tendies printing 🍗🍗🍗,positive,0.536630030990868,AMZN,reddit,178,78
2024-05-30,"this is financial advice, buy BB",positive,0.3918481430140732,BB,reddit,46,4
2023-04-27,"AAPL squeeze incoming, shorts are fukd",positive,0.58769836006403,AAPL,reddit,218,3
2023-05-21,loss porn: down 90% on SPY calls,negative,-0.847203665198776,SPY,reddit,3,11
2023-05-08,paper trading NVDA before going in,neutral,-0.04668903735987598,NVDA,reddit,281,6
2024-01-11,"sold my PLTR bags, finally free",negative,-0.8686854731066882,PLTR,reddit,37,28
2024-03-15,"this is financial advice, buy AMC",positive,0.5498130593205288,AMC,reddit,21,28
2023-05-10,AMZN tendies printing 🍗🍗🍗,positive,0.8527555687974622,AMZN,reddit,12,13
2023-04-12,wife's boyfriend approved my TSLA purchase,positive,0.7711200740911187,TSLA,reddit,159,11
2023-07-16,anyone got DD on TSLA?,neutral,-0.16109416676979366,TSLA,reddit,127,26
2024-02-19,"sold my SPY bags, finally free",negative,-0.8392512280378551,SPY,reddit,168,1
2024-06-13,"this is financial advice, buy META",positive,0.6069825511968288,META,reddit,130,30
2024-04-05,"GME squeeze incoming, shorts are fukd",positive,0.38441070433558894,GME,reddit,51,20
2024-06-10,"theta gang on MSFT, selling covered calls",neutral,0.05021195818064639,MSFT,reddit,70,5
2024-10-18,loss porn: down 90% on AMZN calls,negative,-0.655556378461144,AMZN,reddit,11,4
2023-04-10,"GOOGL consolidating, waiting for breakout",neutral,0.04180365513699638,GOOGL,reddit,140,3
2024-11-03,"NVDA consolidating, waiting for breakout",neutral,-0.17522018659506383,NVDA,reddit,51,6
2023-07-16,what's the play on SPY?,neutral,-0.04665041388993765,SPY,reddit,86,44
2024-05-18,"theta gang on BB, selling covered calls",neutral,-0.17221582053379425,BB,reddit,168,26
2024-03-27,what's the play on AAPL?,neutral,-0.017969091490780686,AAPL,reddit,280,2
2023-09-30,if you're not buying GME rn you hate money,positive,0.7014482456716071,GME,reddit,85,3
2024-02-02,AMC tendies printing 🍗🍗🍗,positive,0.6010366513586429,AMC,reddit,32,6
2023-11-30,"inverse WSB worked, sold BB at the top",negative,-0.3470084137092798,BB,reddit,118,9
2023-10-10,"PLTR puts printing, bears eating good tonight",negative,-0.6065746053216239,PLTR,reddit,69,35
2024-10-11,"positions: 100x NVDA 500c 1/20, wish me luck retards",positive,0.4782275853879764,NVDA,reddit,231,42
2024-02-16,"PLTR puts printing, bears eating good tonight",negative,-0.43170606463352373,PLTR,reddit,75,39
2023-06-11,anyone got DD on PLTR?,neutral,-0.11019395156444195,PLTR,reddit,32,18
2023-10-01,"this is financial advice, buy AMC",positive,0.8681629464954319,AMC,reddit,86,48
2024-09-28,"positions: 100x NVDA 500c 1/20, wish me luck retards",positive,0.3964475164600339,NVDA,reddit,19,7
2024-05-13,loss porn: down 90% on AMC calls,negative,-0.5820908146049824,AMC,reddit,135,3
2024-06-15,DD: Why GOOGL is going to $1000 🚀,positive,0.4050649947529952,GOOGL,reddit,1,88
2023-01-26,apes dont sell 💎🙌 MSFT forever,positive,0.5355971534054111,MSFT,reddit,14,21
2023-06-22,bull thesis on MSFT: trust me bro,positive,0.4270216450831461,MSFT,reddit,19,25
2024-05-14,NVDA IV too high for options rn,neutral,-0.17446571901942526,NVDA,reddit,130,23
2023-01-27,loss porn: down 90% on MSFT calls,negative,-0.5491200161101235,MSFT,reddit,225,84
2024-11-10,"GUH moment on PLTR, RIP my portfolio",negative,-0.7103481576047086,PLTR,reddit,231,4
2023-08-22,DD: Why TSLA is going to $1000 🚀,positive,0.589535285056363,TSLA,reddit,183,25
2023-07-27,GME IV too high for options rn,neutral,0.06927443047929654,GME,reddit,255,20
2024-01-29,AMZN IV too high for options rn,neutral,-0.03587069912284288,AMZN,reddit,290,25
2023-11-27,paper trading GME before going in,neutral,-0.1520193921241794,GME,reddit,254,11
2023-08-10,"theta gang on TSLA, selling covered calls",neutral,0.006171079620609449,TSLA,reddit,2,4
2023-07-14,META tendies printing 🍗🍗🍗,positive,0.5040264411717266,META,reddit,225,37
2023-06-30,"NVDA squeeze incoming, shorts are fukd",positive,0.8766600382710825,NVDA,reddit,89,55
2023-06-12,what's the play on BB?,neutral,0.09010806263600074,BB,reddit,262,54
2023-08-21,apes dont sell 💎🙌 AMC forever,positive,0.40736168057100275,AMC,reddit,322,50
2023-10-24,"theta gang on AMZN, selling covered calls",neutral,-0.022540268534882918,AMZN,reddit,72,18
2023-01-20,"inverse WSB worked, sold META at the top",negative,-0.7141109522575178,META,reddit,200,7
2024-05-10,"theta gang on GME, selling covered calls",neutral,-0.09536760056192782,GME,reddit,15,9
2024-03-24,"MSFT puts printing, bears eating good tonight",negative,-0.6731461852921202,MSFT,reddit,38,15
2023-05-06,if you're not buying AMZN rn you hate money,positive,0.6767511482390934,AMZN,reddit,17,1
2023-05-05,"GUH moment on GOOGL, RIP my portfolio",negative,-0.5556363114086582,GOOGL,reddit,164,0
2024-04-24,"AMZN going to $0, get out while you can",negative,-0.8927353091607665,AMZN,reddit,90,12
2024-06-13,paper trading GOOGL before going in,neutral,-0.15387317927455527,GOOGL,reddit,82,7
2024-10-27,"AMC puts printing, bears eating good tonight",negative,-0.7485636215652492,AMC,reddit,108,23
2024-08-07,paper trading SPY before going in,neutral,-0.19856294894396678,SPY,reddit,68,46
2023-03-06,PLTR IV too high for options rn,neutral,0.16439119694250065,PLTR,reddit,120,1
2023-03-08,imagine buying AMZN at ATH lmaooo,negative,-0.5962512387041634,AMZN,reddit,108,0
2023-10-23,if you're not buying MSFT rn you hate money,positive,0.34067705610410004,MSFT,reddit,36,12
2024-05-01,if you're not buying AMC rn you hate money,positive,0.6268588298245987,AMC,reddit,17,49
2024-04-03,apes dont sell 💎🙌 TSLA forever,positive,0.65027758424464,TSLA,reddit,82,4
2023-07-20,loss porn: down 90% on BB calls,negative,-0.8335266187889827,BB,reddit,159,18
2024-05-26,DD: Why AMZN is going to $1000 🚀,positive,0.3894237578793616,AMZN,reddit,167,44
2024-02-18,if you're not buying GOOGL rn you hate money,positive,0.4622140432059809,GOOGL,reddit,232,20
2024-07-06,"PLTR squeeze incoming, shorts are fukd",positive,0.7907032498899655,PLTR,reddit,14,4
2023-11-15,"MSFT puts printing, bears eating good tonight",negative,-0.8903433440194379,MSFT,reddit,45,25
2023-07-03,"theta gang on SPY, selling covered calls",neutral,-0.06527722341304379,SPY,reddit,202,23
2023-09-25,bull thesis on NVDA: trust me bro,positive,0.5080334998427656,NVDA,reddit,361,12
2023-01-31,"AMZN puts printing, bears eating good tonight",negative,-0.3374456507322864,AMZN,reddit,74,20
2023-11-09,paper trading PLTR before going in,neutral,-0.02964945293365817,PLTR,reddit,5,3
2023-08-24,"theta gang on GOOGL, selling covered calls",neutral,0.17456950596130832,GOOGL,reddit,10,30
2024-03-28,loss porn: down 90% on META calls,negative,-0.6621013833497438,META,reddit,102,16
2024-06-08,NVDA tendies printing 🍗🍗🍗,positive,0.47162781754809946,NVDA,reddit,149,43
2023-02-23,wife's boyfriend approved my SPY purchase,positive,0.45482613879402856,SPY,reddit,18,33
2023-08-20,"inverse WSB worked, sold AMC at the top",negative,-0.6108027499586228,AMC,reddit,68,19
2024-10-13,"TSLA puts printing, bears eating good tonight",negative,-0.8876273041588731,TSLA,reddit,5,69
2024-11-19,"PLTR going to $0, get out while you can",negative,-0.31462678230833296,PLTR,reddit,167,29
2024-03-05,"positions: 100x MSFT 500c 1/20, wish me luck retards",positive,0.4233389137371283,MSFT,reddit,213,17
2023-03-16,"GME going to $0, get out while you can",negative,-0.5455751445439123,GME,reddit,56,3
2024-08-24,"YOLO'd my life savings into SPY calls, cant go tits up",positive,0.5354667082352724,SPY,reddit,7,11
2024-04-11,wife's boyfriend approved my AAPL purchase,positive,0.6001304933919195,AAPL,reddit,113,3
2023-05-31,paper trading NVDA before going in,neutral,-0.0028670016248182884,NVDA,reddit,1,5
2023-03-17,wife's boyfriend approved my NVDA purchase,positive,0.7286140888536742,NVDA,reddit,59,2
2023-07-06,apes dont sell 💎🙌 MSFT forever,positive,0.3121837957729418,MSFT,reddit,130,65
2023-11-10,"this is financial advice, buy AAPL",positive,0.3241025076176545,AAPL,reddit,45,13
2023-08-09,DD: Why AMZN is going to $1000 🚀,positive,0.36937365770882435,AMZN,reddit,2,15
2023-07-04,apes dont sell 💎🙌 MSFT forever,positive,0.3146601620192067,MSFT,reddit,103,16
2023-01-31,paper trading AMZN before going in,neutral,0.052394112739863885,AMZN,reddit,94,2
2023-09-16,imagine buying GME at ATH lmaooo,negative,-0.8910990417027521,GME,reddit,70,22
2023-02-24,paper trading PLTR before going in,neutral,-0.16005135263306758,PLTR,reddit,24,19
2023-09-19,META IV too high for options rn,neutral,0.03978234313274026,META,reddit,156,31
2023-11-29,"theta gang on BB, selling covered calls",neutral,-0.17446862617530004,BB,reddit,52,17
2023-11-06,apes dont sell 💎🙌 TSLA forever,positive,0.47858533527487357,TSLA,reddit,4,23
2023-08-21,apes dont sell 💎🙌 AMC forever,positive,0.7354766335348988,AMC,reddit,122,47
2023-01-14,anyone got DD on MSFT?,neutral,0.19623978907768935,MSFT,reddit,17,10
2024-09-14,what's the play on AMC?,neutral,-0.0031368203041062803,AMC,reddit,59,12
2024-03-21,"YOLO'd my life savings into TSLA calls, cant go tits up",positive,0.8421732182252575,TSLA,reddit,242,18
2024-04-17,AAPL tendies printing 🍗🍗🍗,positive,0.3643188123542773,AAPL,reddit,17,63
2024-02-21,bull thesis on AMZN: trust me bro,positive,0.5964655959374492,AMZN,reddit,139,39
2024-03-14,what's the play on AMZN?,neutral,0.08576019023832737,AMZN,reddit,105,1
2023-03-22,"YOLO'd my life savings into AAPL calls, cant go tits up",positive,0.8565116832396851,AAPL,reddit,34,13
2023-09-09,META tendies printing 🍗🍗🍗,positive,0.5227686125095812,META,reddit,40,36
2024-02-15,DD: Why MSFT is going to $1000 🚀,positive,0.7267508932783624,MSFT,reddit,257,3
2024-10-21,"NVDA going to $0, get out while you can",negative,-0.3767863696132435,NVDA,reddit,96,1
2023-03-16,"AMZN consolidating, waiting for breakout",neutral,0.052820888600099536,AMZN,reddit,180,37
2024-07-24,"positions: 100x AMC 500c 1/20, wish me luck retards",positive,0.3008146743802881,AMC,reddit,65,12
2024-03-15,anyone got DD on GOOGL?,neutral,0.03238093237795825,GOOGL,reddit,61,11
2023-11-03,"inverse WSB worked, sold AMZN at the top",negative,-0.8589717374761364,AMZN,reddit,71,19
2023-09-25,"PLTR going to $0, get out while you can",negative,-0.7091677547740932,PLTR,reddit,266,0
2023-01-21,"NVDA consolidating, waiting for breakout",neutral,-0.04404025883560586,NVDA,reddit,3,6
2024-05-29,wife's boyfriend approved my BB purchase,positive,0.554487541328422,BB,reddit,286,0
2024-09-08,META tendies printing 🍗🍗🍗,positive,0.7054992545271286,META,reddit,83,11
2023-01-13,loss porn: down 90% on META calls,negative,-0.4858729453522006,META,reddit,57,66
2023-11-16,AAPL tendies printing 🍗🍗🍗,positive,0.4050923292296998,AAPL,reddit,95,0
2024-10-17,"NVDA rug pull, everyone got rekt",negative,-0.700873149295411,NVDA,reddit,68,32
2023-11-27,what's the play on SPY?,neutral,0.118926246298727,SPY,reddit,205,2
2024-10-23,"AMC squeeze incoming, shorts are fukd",positive,0.7650983964534391,AMC,reddit,38,65
2024-10-30,what's the play on GME?,neutral,0.11308247548857459,GME,reddit,85,8
2024-10-26,if you're not buying GME rn you hate money,positive,0.769047153016114,GME,reddit,79,17
2023-10-19,imagine buying AMC at ATH lmaooo,negative,-0.3416723555200408,AMC,reddit,49,6
2024-04-10,apes dont sell 💎🙌 AMZN forever,positive,0.7976292997096587,AMZN,reddit,162,37
2024-05-26,anyone got DD on PLTR?,neutral,0.037947185261832994,PLTR,reddit,96,24
2024-11-19,"this is financial advice, buy AMC",positive,0.3043864430203645,AMC,reddit,10,51
2024-03-11,"YOLO'd my life savings into AAPL calls, cant go tits up",positive,0.700815634744812,AAPL,reddit,432,1
2024-05-19,"AMC going to $0, get out while you can",negative,-0.8209121540931292,AMC,reddit,224,12
2024-02-17,"inverse WSB worked, sold META at the top",negative,-0.6075688243616002,META,reddit,121,20
2023-03-15,imagine buying MSFT at ATH lmaooo,negative,-0.7810436591373547,MSFT,reddit,44,40
2023-10-06,apes dont sell 💎🙌 SPY forever,positive,0.34031792476627903,SPY,reddit,70,21
2024-10-27,DD: Why MSFT is going to $1000 🚀,positive,0.5803298571513098,MSFT,reddit,6,55
2024-03-27,"GOOGL squeeze incoming, shorts are fukd",positive,0.4921638564678287,GOOGL,reddit,24,16
2024-08-08,TSLA IV too high for options rn,neutral,-0.17666501013268454,TSLA,reddit,45,9
2023-05-01,imagine buying AMZN at ATH lmaooo,negative,-0.6227906711854461,AMZN,reddit,197,31
2023-05-01,paper trading GOOGL before going in,neutral,-0.03987298348550081,GOOGL,reddit,16,33
2023-06-06,"BB consolidating, waiting for breakout",neutral,-0.1937920521217436,BB,reddit,42,1
2023-07-21,bull thesis on GOOGL: trust me bro,positive,0.8387346391687094,GOOGL,reddit,9,11
2023-04-02,"YOLO'd my life savings into NVDA calls, cant go tits up",positive,0.699962407010341,NVDA,reddit,11,9
2023-12-09,"MSFT going to $0, get out while you can",negative,-0.5739924099545277,MSFT,reddit,124,26
2024-05-05,"sold my TSLA bags, finally free",negative,-0.8749587082113788,TSLA,reddit,22,3
2024-03-08,what's the play on AAPL?,neutral,-0.028481179785668498,AAPL,reddit,57,14
2023-05-19,"theta gang on AAPL, selling covered calls",neutral,-0.05960787109571286,AAPL,reddit,37,34
2023-11-12,"GME going to $0, get out while you can",negative,-0.8064539884370482,GME,reddit,126,47
2024-03-19,"MSFT going to $0, get out while you can",negative,-0.5130724991047475,MSFT,reddit,65,43
2024-10-11,anyone got DD on BB?,neutral,-0.023451300242609247,BB,reddit,37,5
2024-11-14,"positions: 100x NVDA 500c 1/20, wish me luck retards",positive,0.555426860866197,NVDA,reddit,220,2
2024-10-31,"inverse WSB worked, sold BB at the top",negative,-0.8058696455678902,BB,reddit,172,40
2024-07-22,what's the play on META?,neutral,-0.029068196401069585,META,reddit,263,5
2023-07-01,"SPY squeeze incoming, shorts are fukd",positive,0.8732625569046994,SPY,reddit,56,3
2023-09-17,DD: Why GME is going to $1000 🚀,positive,0.4491041253161524,GME,reddit,61,2
2024-04-25,DD: Why AAPL is going to $1000 🚀,positive,0.8188193416977732,AAPL,reddit,95,8
2023-09-02,"GOOGL going to $0, get out while you can",negative,-0.718046102095423,GOOGL,reddit,131,25
2023-10-04,loss porn: down 90% on TSLA calls,negative,-0.6343417149839903,TSLA,reddit,44,10
2023-10-26,"MSFT puts printing, bears eating good tonight",negative,-0.34967321011128416,MSFT,reddit,496,4
2023-11-20,"sold my AAPL bags, finally free",negative,-0.403746574088613,AAPL,reddit,110,10
2023-08-13,loss porn: down 90% on AMZN calls,negative,-0.6251406369377686,AMZN,reddit,239,39
2023-11-03,SPY tendies printing 🍗🍗🍗,positive,0.40724506037144764,SPY,reddit,41,21
2024-09-27,loss porn: down 90% on SPY calls,negative,-0.3613796309518855,SPY,reddit,170,28
2024-04-26,META IV too high for options rn,neutral,0.0377601247629214,META,reddit,55,28
2024-02-28,"GUH moment on AAPL, RIP my portfolio",negative,-0.5574410552260816,AAPL,reddit,1,2
2023-11-06,NVDA tendies printing 🍗🍗🍗,positive,0.658965790284439,NVDA,reddit,119,4
2023-01-24,loss porn: down 90% on MSFT calls,negative,-0.49597485492859006,MSFT,reddit,60,13
2023-05-21,paper trading GME before going in,neutral,0.06616691552794701,GME,reddit,249,35
2023-08-02,DD: Why AAPL is going to $1000 🚀,positive,0.6655029011194109,AAPL,reddit,60,22
2024-10-27,loss porn: down 90% on PLTR calls,negative,-0.4953568245219814,PLTR,reddit,201,19
2024-02-28,"PLTR consolidating, waiting for breakout",neutral,-0.1614822959755002,PLTR,reddit,51,3
2023-11-13,imagine buying AMC at ATH lmaooo,negative,-0.8220732372952051,AMC,reddit,106,16
2024-01-19,"AMC puts printing, bears eating good tonight",negative,-0.4666367093555237,AMC,reddit,113,1
2024-01-30,what's the play on SPY?,neutral,0.045358707527083736,SPY,reddit,22,43
2023-09-23,"positions: 100x META 500c 1/20, wish me luck retards",positive,0.49997728437436034,META,reddit,155,43
2024-06-15,"sold my AAPL bags, finally free",negative,-0.8351072817595548,AAPL,reddit,82,1
2023-05-25,"PLTR rug pull, everyone got rekt",negative,-0.8770262683761006,PLTR,reddit,170,50
2023-11-13,"this is financial advice, buy AAPL",positive,0.8627624814801935,AAPL,reddit,83,14
2024-02-25,paper trading BB before going in,neutral,0.023927712658736333,BB,reddit,53,39
2023-10-28,imagine buying GME at ATH lmaooo,negative,-0.48180353068074694,GME,reddit,129,7
2023-08-23,bull thesis on GOOGL: trust me bro,positive,0.8720482544452597,GOOGL,reddit,186,3
2024-08-22,"SPY squeeze incoming, shorts are fukd",positive,0.36864686091822174,SPY,reddit,47,22
2023-12-07,"positions: 100x AAPL 500c 1/20, wish me luck retards",positive,0.5832875247970352,AAPL,reddit,2,17
2024-06-12,"PLTR going to $0, get out while you can",negative,-0.5384440640005859,PLTR,reddit,184,30
2024-02-17,"AMC consolidating, waiting for breakout",neutral,0.011291189587551376,AMC,reddit,126,40
2024-11-20,"inverse WSB worked, sold BB at the top",negative,-0.7549445470101677,BB,reddit,4,39
2023-08-28,loss porn: down 90% on TSLA calls,negative,-0.6487564462310855,TSLA,reddit,15,20
2024-07-25,imagine buying MSFT at ATH lmaooo,negative,-0.7793723354116058,MSFT,reddit,91,8
2024-06-28,DD: Why GME is going to $1000 🚀,positive,0.7053955364277271,GME,reddit,46,13
2023-02-23,"theta gang on SPY, selling covered calls",neutral,-0.14064142209906924,SPY,reddit,109,13
2024-04-07,"sold my AMZN bags, finally free",negative,-0.7762803687879758,AMZN,reddit,111,10
2023-03-31,wife's boyfriend approved my GOOGL purchase,positive,0.4647046511504432,GOOGL,reddit,9,32
2023-03-08,"sold my META bags, finally free",negative,-0.7977878427842147,META,reddit,126,1
2023-10-08,if you're not buying GOOGL rn you hate money,positive,0.7229996622198499,GOOGL,reddit,160,21
2023-05-30,bull thesis on GOOGL: trust me bro,positive,0.7411593340565803,GOOGL,reddit,60,6
2023-01-02,anyone got DD on GOOGL?,neutral,0.09921538811180242,GOOGL,reddit,26,5
2023-04-29,"TSLA rug pull, everyone got rekt",negative,-0.33031468323605395,TSLA,reddit,31,4
2024-10-07,"theta gang on GME, selling covered calls",neutral,-0.0002117235027689901,GME,reddit,108,3
2023-04-22,apes dont sell 💎🙌 AMC forever,positive,0.3006223027429981,AMC,reddit,121,10
2023-09-10,"GOOGL squeeze incoming, shorts are fukd",positive,0.8645354973431632,GOOGL,reddit,99,14
2023-08-31,"this is financial advice, buy AAPL",positive,0.48036808954784327,AAPL,reddit,69,6
2023-03-08,"PLTR squeeze incoming, shorts are fukd",positive,0.5803140762483885,PLTR,reddit,366,0
2024-03-08,SPY tendies printing 🍗🍗🍗,positive,0.5944530650070343,SPY,reddit,226,0
2023-01-28,paper trading AMC before going in,neutral,0.10813843999633183,AMC,reddit,67,9
2023-06-22,"AMZN rug pull, everyone got rekt",negative,-0.6275690190091234,AMZN,reddit,74,48
2023-05-08,bull thesis on MSFT: trust me bro,positive,0.46640407868256983,MSFT,reddit,87,3
2023-07-18,loss porn: down 90% on GOOGL calls,negative,-0.8173098867569681,GOOGL,reddit,57,18
2023-12-22,paper trading MSFT before going in,neutral,-0.19489364410324472,MSFT,reddit,5,9
2023-08-01,imagine buying SPY at ATH lmaooo,negative,-0.6709305200721072,SPY,reddit,44,104
2023-08-20,if you're not buying META rn you hate money,positive,0.7629432817818544,META,reddit,146,21
2023-10-10,"inverse WSB worked, sold GOOGL at the top",negative,-0.5626751253717099,GOOGL,reddit,125,53
2023-06-16,TSLA tendies printing 🍗🍗🍗,positive,0.580335872435453,TSLA,reddit,46,7
2023-07-26,TSLA tendies printing 🍗🍗🍗,positive,0.6827930414897931,TSLA,reddit,103,11
2023-12-31,what's the play on GOOGL?,neutral,-0.13424393432288373,GOOGL,reddit,92,19
2023-10-11,"MSFT squeeze incoming, shorts are fukd",positive,0.30526406909422715,MSFT,reddit,40,2
2024-02-10,wife's boyfriend approved my GME purchase,positive,0.8562226688135213,GME,reddit,16,0
2023-07-02,DD: Why TSLA is going to $1000 🚀,positive,0.7491049699274024,TSLA,reddit,71,58
2024-06-03,DD: Why AMC is going to $1000 🚀,positive,0.5147067697927128,AMC,reddit,45,23
2023-10-19,TSLA tendies printing 🍗🍗🍗,positive,0.36604216768208514,TSLA,reddit,147,33
2024-03-01,"AAPL rug pull, everyone got rekt",negative,-0.655918865529726,AAPL,reddit,141,5
2024-04-19,loss porn: down 90% on SPY calls,negative,-0.4511688008926008,SPY,reddit,77,14
2024-04-09,anyone got DD on AMZN?,neutral,-0.174447224183439,AMZN,reddit,93,0
2024-05-17,"SPY going to $0, get out while you can",negative,-0.36451401885881884,SPY,reddit,396,10
2023-10-11,"AAPL rug pull, everyone got rekt",negative,-0.5142178575400215,AAPL,reddit,151,3
2023-10-07,"AAPL going to $0, get out while you can",negative,-0.3923078887639537,AAPL,reddit,215,2
2024-02-26,apes dont sell 💎🙌 AMZN forever,positive,0.4087284726267352,AMZN,reddit,39,26
2024-11-20,imagine buying META at ATH lmaooo,negative,-0.5801097627147914,META,reddit,6,2
2024-08-05,"GUH moment on AAPL, RIP my portfolio",negative,-0.665002856888184,AAPL,reddit,16,3
2023-09-02,wife's boyfriend approved my AMC purchase,positive,0.4223860890432868,AMC,reddit,70,18
2023-01-18,"TSLA going to $0, get out while you can",negative,-0.747818642205304,TSLA,reddit,4,5
2023-10-28,"YOLO'd my life savings into TSLA calls, cant go tits up",positive,0.6137628890353665,TSLA,reddit,24,1
2024-09-23,"positions: 100x AAPL 500c 1/20, wish me luck retards",positive,0.49829423276948387,AAPL,reddit,52,21
2023-12-29,"GUH moment on AMC, RIP my portfolio",negative,-0.5105349864679399,AMC,reddit,16,39
2023-06-04,"NVDA consolidating, waiting for breakout",neutral,0.015456082746211658,NVDA,reddit,7,13
2024-05-26,"theta gang on META, selling covered calls",neutral,0.1364787160341851,META,reddit,32,26
2024-07-03,"NVDA going to $0, get out while you can",negative,-0.660682993968736,NVDA,reddit,226,16
2024-11-07,bull thesis on AMZN: trust me bro,positive,0.46612063881354415,AMZN,reddit,37,39
2023-06-09,"positions: 100x TSLA 500c 1/20, wish me luck retards",positive,0.3560045857041612,TSLA,reddit,2,8
2024-04-26,loss porn: down 90% on TSLA calls,negative,-0.7462718048502129,TSLA,reddit,304,14
2023-08-01,anyone got DD on NVDA?,neutral,0.17222181796907404,NVDA,reddit,9,23
2024-09-26,DD: Why GOOGL is going to $1000 🚀,positive,0.5752180958324165,GOOGL,reddit,163,16
2024-11-05,AMC tendies printing 🍗🍗🍗,positive,0.4874795877495184,AMC,reddit,7,79
2023-04-19,"BB puts printing, bears eating good tonight",negative,-0.8146929432321328,BB,reddit,78,2
2024-02-26,"AMC consolidating, waiting for breakout",neutral,0.08445178905317141,AMC,reddit,30,22
2023-11-09,what's the play on GOOGL?,neutral,0.06382691204812085,GOOGL,reddit,109,28
2023-09-28,"YOLO'd my life savings into PLTR calls, cant go tits up",positive,0.6981544194357119,PLTR,reddit,6,5
2023-08-09,"PLTR squeeze incoming, shorts are fukd",positive,0.6630350714808596,PLTR,reddit,237,13
2023-05-28,"theta gang on NVDA, selling covered calls",neutral,0.1340944572405524,NVDA,reddit,269,32
2024-03-18,what's the play on BB?,neutral,-0.11963637436531349,BB,reddit,65,12
2024-06-05,DD: Why BB is going to $1000 🚀,positive,0.858237850103178,BB,reddit,7,12
2023-08-25,DD: Why META is going to $1000 🚀,positive,0.45445032582667955,META,reddit,151,13
2023-07-15,MSFT IV too high for options rn,neutral,-0.12092599084079124,MSFT,reddit,24,3
2023-12-09,"theta gang on TSLA, selling covered calls",neutral,0.1898561290924325,TSLA,reddit,43,6
2024-08-22,TSLA tendies printing 🍗🍗🍗,positive,0.6097570911161775,TSLA,reddit,18,12
2023-08-09,NVDA IV too high for options rn,neutral,0.03044567545219623,NVDA,reddit,2,18
2023-03-27,DD: Why AAPL is going to $1000 🚀,positive,0.6122491567599258,AAPL,reddit,109,58
2024-10-24,bull thesis on GME: trust me bro,positive,0.8047484120945503,GME,reddit,226,5
2023-09-17,loss porn: down 90% on SPY calls,negative,-0.6664668670728222,SPY,reddit,59,55
2023-03-23,paper trading GOOGL before going in,neutral,-0.10323602907029437,GOOGL,reddit,101,6
2024-10-14,"YOLO'd my life savings into AMZN calls, cant go tits up",positive,0.38784909994475353,AMZN,reddit,13,3
2023-03-30,"GUH moment on SPY, RIP my portfolio",negative,-0.7492995059357068,SPY,reddit,22,34
2023-11-21,"inverse WSB worked, sold NVDA at the top",negative,-0.7148247398803493,NVDA,reddit,69,8
2024-11-01,anyone got DD on PLTR?,neutral,0.009903698915853992,PLTR,reddit,48,5
2024-01-07,"GUH moment on NVDA, RIP my portfolio",negative,-0.887025797612875,NVDA,reddit,146,8
2024-04-09,bull thesis on AMC: trust me bro,positive,0.7229989292118442,AMC,reddit,297,34
2024-04-24,paper trading NVDA before going in,neutral,0.012158456228577835,NVDA,reddit,217,68
2023-09-24,imagine buying BB at ATH lmaooo,negative,-0.5181351950911375,BB,reddit,256,1
2023-10-18,AMC IV too high for options rn,neutral,-0.1601250418776231,AMC,reddit,105,9
2024-05-07,AAPL tendies printing 🍗🍗🍗,positive,0.4192673559571911,AAPL,reddit,15,8
2024-01-02,paper trading PLTR before going in,neutral,0.19051873116353413,PLTR,reddit,221,27
2023-03-09,"theta gang on AMC, selling covered calls",neutral,0.13972183348181688,AMC,reddit,0,62
2023-11-27,what's the play on SPY?,neutral,-0.08148911697878757,SPY,reddit,165,82
2024-01-07,GOOGL IV too high for options rn,neutral,-0.08769281209356922,GOOGL,reddit,60,5
2024-04-04,apes dont sell 💎🙌 TSLA forever,positive,0.7848589396578205,TSLA,reddit,25,34
2024-11-01,DD: Why GME is going to $1000 🚀,positive,0.799258807425592,GME,reddit,1,2
2024-02-10,what's the play on PLTR?,neutral,0.06377424411985999,PLTR,reddit,16,0
2024-04-20,if you're not buying GME rn you hate money,positive,0.7868430194211333,GME,reddit,122,11
2024-01-29,"positions: 100x GOOGL 500c 1/20, wish me luck retards",positive,0.6460071436541007,GOOGL,reddit,728,12
2023-04-05,"PLTR puts printing, bears eating good tonight",negative,-0.7912682006448525,PLTR,reddit,88,25
2024-02-01,apes dont sell 💎🙌 BB forever,positive,0.802977461199599,BB,reddit,112,8
2024-10-21,AMZN IV too high for options rn,neutral,-0.031739164215256965,AMZN,reddit,8,16
2023-02-02,if you're not buying AMZN rn you hate money,positive,0.35486443688323804,AMZN,reddit,44,4
2024-03-16,GME tendies printing 🍗🍗🍗,positive,0.3973341359472718,GME,reddit,23,3
2024-10-18,"positions: 100x PLTR 500c 1/20, wish me luck retards",positive,0.3512355673023953,PLTR,reddit,62,40
2024-03-23,"AAPL consolidating, waiting for breakout",neutral,-0.006537257733104207,AAPL,reddit,74,3
2024-09-16,"YOLO'd my life savings into AAPL calls, cant go tits up",positive,0.6812090968196192,AAPL,reddit,1,3
2024-02-12,wife's boyfriend approved my AMZN purchase,positive,0.6338661351962589,AMZN,reddit,70,6
2023-09-11,"GUH moment on NVDA, RIP my portfolio",negative,-0.6681670851940857,NVDA,reddit,286,23
2023-09-03,"SPY consolidating, waiting for breakout",neutral,0.14634020034700884,SPY,reddit,64,3
2023-06-10,"BB puts printing, bears eating good tonight",negative,-0.3223184355061042,BB,reddit,17,12
2023-04-16,"MSFT puts printing, bears eating good tonight",negative,-0.7375597275779082,MSFT,reddit,140,76
2023-04-09,NVDA tendies printing 🍗🍗🍗,positive,0.7135037426243298,NVDA,reddit,15,18
2023-01-03,AAPL tendies printing 🍗🍗🍗,positive,0.40270087446782815,AAPL,reddit,82,79
2023-07-16,"theta gang on AMC, selling covered calls",neutral,-0.08204609341791813,AMC,reddit,38,5
2023-04-26,"this is financial advice, buy TSLA",positive,0.5079911810911861,TSLA,reddit,74,34
2024-07-02,"YOLO'd my life savings into TSLA calls, cant go tits up",positive,0.7598089983379523,TSLA,reddit,32,1
2023-05-24,"inverse WSB worked, sold GME at the top",negative,-0.770330638673865,GME,reddit,114,5
2023-01-18,if you're not buying META rn you hate money,positive,0.5982238860816977,META,reddit,34,2
2023-04-28,"GUH moment on MSFT, RIP my portfolio",negative,-0.688159156959905,MSFT,reddit,41,11
2024-06-07,paper trading SPY before going in,neutral,-0.023114719871468015,SPY,reddit,157,46
2023-11-13,paper trading MSFT before going in,neutral,-0.0414495469470903,MSFT,reddit,113,12
2023-06-25,"inverse WSB worked, sold TSLA at the top",negative,-0.7461069074810281,TSLA,reddit,0,37
2023-09-19,"positions: 100x AAPL 500c 1/20, wish me luck retards",positive,0.5377074086205267,AAPL,reddit,141,3
2023-02-13,"this is financial advice, buy MSFT",positive,0.5390514388449082,MSFT,reddit,49,14
2024-03-05,"inverse WSB worked, sold PLTR at the top",negative,-0.8624262689942399,PLTR,reddit,147,16
2024-02-23,"inverse WSB worked, sold BB at the top",negative,-0.3171337254592055,BB,reddit,103,38
2024-01-31,bull thesis on PLTR: trust me bro,positive,0.8014729705742882,PLTR,reddit,14,7
2024-01-30,what's the play on AMC?,neutral,-0.023562680629086286,AMC,reddit,10,3
2024-11-18,"GOOGL puts printing, bears eating good tonight",negative,-0.45842540230161644,GOOGL,reddit,225,30
2024-07-25,DD: Why TSLA is going to $1000 🚀,positive,0.6058867338787086,TSLA,reddit,136,13
2023-06-17,"PLTR rug pull, everyone got rekt",negative,-0.8472637565233663,PLTR,reddit,129,13
2024-08-02,"AAPL squeeze incoming, shorts are fukd",positive,0.5798484654030116,AAPL,reddit,27,6
2024-07-04,anyone got DD on GOOGL?,neutral,-0.119586967406015,GOOGL,reddit,15,16
2024-09-18,bull thesis on AMC: trust me bro,positive,0.49594510823620275,AMC,reddit,161,4
2023-05-06,paper trading AMC before going in,neutral,-0.1496717161496612,AMC,reddit,29,41
2023-09-25,DD: Why SPY is going to $1000 🚀,positive,0.7019890559089869,SPY,reddit,62,4
2023-04-18,AAPL IV too high for options rn,neutral,0.054016396222847596,AAPL,reddit,47,35
2023-05-13,loss porn: down 90% on AMZN calls,negative,-0.595679168708988,AMZN,reddit,310,70
2024-11-04,"theta gang on META, selling covered calls",neutral,0.06064399964904443,META,reddit,262,16
2023-02-03,"theta gang on BB, selling covered calls",neutral,-0.05736547468101022,BB,reddit,198,66
2024-10-16,BB tendies printing 🍗🍗🍗,positive,0.758012714247924,BB,reddit,50,20
2023-05-27,"YOLO'd my life savings into AMC calls, cant go tits up",positive,0.6284873783296017,AMC,reddit,67,19
2023-12-02,anyone got DD on BB?,neutral,0.029396880634512457,BB,reddit,76,26
2023-09-10,"TSLA squeeze incoming, shorts are fukd",positive,0.47638497039675254,TSLA,reddit,79,7
2023-06-12,imagine buying AMC at ATH lmaooo,negative,-0.8615434610002178,AMC,reddit,135,63
2024-02-09,DD: Why GME is going to $1000 🚀,positive,0.5713760750545844,GME,reddit,1,57
2024-09-05,"NVDA rug pull, everyone got rekt",negative,-0.8265039930707431,NVDA,reddit,45,20
2024-01-24,"theta gang on GOOGL, selling covered calls",neutral,0.05718392092167873,GOOGL,reddit,77,8
2023-03-05,"inverse WSB worked, sold BB at the top",negative,-0.6423765488325137,BB,reddit,108,67
2024-07-30,wife's boyfriend approved my GOOGL purchase,positive,0.634868304461699,GOOGL,reddit,2,2
2023-06-17,if you're not buying TSLA rn you hate money,positive,0.3438482576126078,TSLA,reddit,63,11
2024-02-01,wife's boyfriend approved my NVDA purchase,positive,0.35313552813900845,NVDA,reddit,58,24
2023-08-19,"PLTR squeeze incoming, shorts are fukd",positive,0.3358274075927954,PLTR,reddit,235,23
2023-02-19,"this is financial advice, buy TSLA",positive,0.6730631849971028,TSLA,reddit,161,6
2023-08-18,"YOLO'd my life savings into PLTR calls, cant go tits up",positive,0.5888146021495498,PLTR,reddit,7,6
2023-10-02,wife's boyfriend approved my MSFT purchase,positive,0.4185187314831457,MSFT,reddit,73,16
2023-11-11,"GUH moment on META, RIP my portfolio",negative,-0.8289300165528977,META,reddit,87,6
2024-10-27,bull thesis on BB: trust me bro,positive,0.5974609443504385,BB,reddit,41,4
2024-05-12,"GOOGL squeeze incoming, shorts are fukd",positive,0.34864706660342193,GOOGL,reddit,134,5
2023-02-23,bull thesis on MSFT: trust me bro,positive,0.5486402069263685,MSFT,reddit,10,10
2024-01-14,"theta gang on BB, selling covered calls",neutral,-0.014942296662198234,BB,reddit,38,39
2024-08-21,what's the play on AMZN?,neutral,0.013249095365751307,AMZN,reddit,248,36
2023-02-16,"MSFT consolidating, waiting for breakout",neutral,-0.1833118344442727,MSFT,reddit,286,19
2024-08-28,AAPL tendies printing 🍗🍗🍗,positive,0.7854184080935915,AAPL,reddit,147,48
2023-06-17,"AMZN going to $0, get out while you can",negative,-0.8632415215984167,AMZN,reddit,210,27
2024-10-20,what's the play on AAPL?,neutral,0.175160278478739,AAPL,reddit,20,2
2023-05-26,"NVDA going to $0, get out while you can",negative,-0.8308804038585935,NVDA,reddit,54,4
2023-10-15,if you're not buying GME rn you hate money,positive,0.36843573708926364,GME,reddit,150,4
2023-02-16,imagine buying GOOGL at ATH lmaooo,negative,-0.3409016467197613,GOOGL,reddit,0,24
2024-11-17,"SPY consolidating, waiting for breakout",neutral,0.03081686252283164,SPY,reddit,98,33
2023-08-01,paper trading AMC before going in,neutral,-0.18960781617402592,AMC,reddit,4,17
2023-12-06,"YOLO'd my life savings into BB calls, cant go tits up",positive,0.33582352838581125,BB,reddit,190,0
2024-11-12,"BB consolidating, waiting for breakout",neutral,0.036789316159861585,BB,reddit,58,69
2024-08-11,"YOLO'd my life savings into TSLA calls, cant go tits up",positive,0.4877469895939468,TSLA,reddit,13,18
2023-05-20,imagine buying TSLA at ATH lmaooo,negative,-0.8956977200236711,TSLA,reddit,99,6
2023-05-30,loss porn: down 90% on AMZN calls,negative,-0.8915209043058832,AMZN,reddit,11,21
2024-07-24,"sold my META bags, finally free",negative,-0.8514424946431024,META,reddit,39,35
2024-04-06,imagine buying PLTR at ATH lmaooo,negative,-0.7460586623649653,PLTR,reddit,35,6
2024-09-25,"SPY squeeze incoming, shorts are fukd",positive,0.4527563997988314,SPY,reddit,46,19
2024-03-06,"this is financial advice, buy AMZN",positive,0.7907470857148463,AMZN,reddit,71,35
2024-10-26,DD: Why PLTR is going to $1000 🚀,positive,0.3628172279677807,PLTR,reddit,64,14
2023-10-19,"YOLO'd my life savings into AAPL calls, cant go tits up",positive,0.7161598210331455,AAPL,reddit,80,9
2023-06-23,if you're not buying META rn you hate money,positive,0.7522140139687437,META,reddit,83,17
2024-06-21,loss porn: down 90% on AMC calls,negative,-0.8301999384009627,AMC,reddit,52,4
2023-03-22,anyone got DD on BB?,neutral,0.11185464246052768,BB,reddit,232,3
2024-08-14,loss porn: down 90% on TSLA calls,negative,-0.838160336651618,TSLA,reddit,104,5
2024-07-25,paper trading MSFT before going in,neutral,-0.18611273334134296,MSFT,reddit,43,31
2023-12-23,loss porn: down 90% on GME calls,negative,-0.8579652457870246,GME,reddit,62,2
2024-08-11,"positions: 100x NVDA 500c 1/20, wish me luck retards",positive,0.8980436286939864,NVDA,reddit,64,35
2023-01-16,loss porn: down 90% on AAPL calls,negative,-0.8429867115131799,AAPL,reddit,195,56
2023-11-09,if you're not buying AMC rn you hate money,positive,0.5947195592854656,AMC,reddit,40,4
2024-10-20,what's the play on TSLA?,neutral,0.11258282697149002,TSLA,reddit,127,9
2023-01-29,"sold my PLTR bags, finally free",negative,-0.8967665641789571,PLTR,reddit,20,3
2023-01-10,"this is financial advice, buy GME",positive,0.4225747644304888,GME,reddit,286,11
2024-09-29,if you're not buying AMC rn you hate money,positive,0.5481809955066286,AMC,reddit,31,10
2023-08-14,wife's boyfriend approved my NVDA purchase,positive,0.42680503928656843,NVDA,reddit,214,15
2023-09-06,"GUH moment on GOOGL, RIP my portfolio",negative,-0.5873006009818287,GOOGL,reddit,219,0
2023-11-02,"AMZN going to $0, get out while you can",negative,-0.4270778742611011,AMZN,reddit,346,1
2024-10-10,paper trading NVDA before going in,neutral,0.004914830612539278,NVDA,reddit,97,11
2024-03-18,"theta gang on AAPL, selling covered calls",neutral,-0.014954787554156607,AAPL,reddit,178,32
2023-09-17,"GOOGL rug pull, everyone got rekt",negative,-0.8857749740895423,GOOGL,reddit,100,0
2024-01-01,"MSFT rug pull, everyone got rekt",negative,-0.6230709065700937,MSFT,reddit,30,1
2024-06-12,anyone got DD on GME?,neutral,-0.10829621752427206,GME,reddit,20,0
2024-10-07,"this is financial advice, buy PLTR",positive,0.8820831143578378,PLTR,reddit,68,13
2024-06-03,"BB going to $0, get out while you can",negative,-0.3852194076805986,BB,reddit,15,13
2023-04-30,wife's boyfriend approved my GME purchase,positive,0.8581876293130479,GME,reddit,243,0
2024-03-28,anyone got DD on AMC?,neutral,-0.029962611331517452,AMC,reddit,140,10
2023-09-27,what's the play on AMC?,neutral,-0.025795015058578702,AMC,reddit,8,1
2024-02-29,anyone got DD on SPY?,neutral,0.10863679229967843,SPY,reddit,42,22
2023-10-02,"GOOGL rug pull, everyone got rekt",negative,-0.6002806703666157,GOOGL,reddit,22,7
2024-06-24,BB IV too high for options rn,neutral,0.1839252213649304,BB,reddit,27,17
2024-05-22,"AAPL going to $0, get out while you can",negative,-0.820367291220204,AAPL,reddit,176,12
2023-04-22,SPY tendies printing 🍗🍗🍗,positive,0.8703985630198048,SPY,reddit,59,9
2024-06-30,"META going to $0, get out while you can",negative,-0.45829541198200874,META,reddit,182,1
2023-09-27,apes dont sell 💎🙌 GME forever,positive,0.7250401610791153,GME,reddit,263,19
2023-08-23,imagine buying AAPL at ATH lmaooo,negative,-0.6315845598802396,AAPL,reddit,21,2
2024-02-03,"positions: 100x MSFT 500c 1/20, wish me luck retards",positive,0.36227946107728526,MSFT,reddit,229,18
2023-02-06,imagine buying BB at ATH lmaooo,negative,-0.44863516624403743,BB,reddit,58,45
2023-02-11,apes dont sell 💎🙌 BB forever,positive,0.3535024008991911,BB,reddit,11,7
2024-09-17,"positions: 100x AMC 500c 1/20, wish me luck retards",positive,0.6982566652635213,AMC,reddit,13,24
2024-08-20,if you're not buying GOOGL rn you hate money,positive,0.33753415407115606,GOOGL,reddit,42,14
2024-03-07,"BB going to $0, get out while you can",negative,-0.38895774913529224,BB,reddit,13,14
2024-10-25,apes dont sell 💎🙌 PLTR forever,positive,0.4718982983543979,PLTR,reddit,143,9
2023-09-18,DD: Why GME is going to $1000 🚀,positive,0.3931517555594617,GME,reddit,38,30
2024-06-04,"META squeeze incoming, shorts are fukd",positive,0.5145526143050442,META,reddit,133,9
2023-07-30,"theta gang on SPY, selling covered calls",neutral,-0.015350126272614284,SPY,reddit,51,6
2023-06-04,apes dont sell 💎🙌 TSLA forever,positive,0.8560267587701971,TSLA,reddit,274,10
2024-10-12,META IV too high for options rn,neutral,-0.14190584946028664,META,reddit,65,20
2023-10-04,anyone got DD on PLTR?,neutral,0.15955324095047113,PLTR,reddit,1,11
2024-08-22,"BB squeeze incoming, shorts are fukd",positive,0.4661381744130071,BB,reddit,27,33
2023-01-12,"GOOGL consolidating, waiting for breakout",neutral,-0.14351182086293304,GOOGL,reddit,438,3
2024-07-06,GME IV too high for options rn,neutral,0.10089651017626733,GME,reddit,139,45
2023-12-22,bull thesis on SPY: trust me bro,positive,0.4672691099502615,SPY,reddit,26,4
2024-11-24,"sold my GOOGL bags, finally free",negative,-0.454139607653764,GOOGL,reddit,119,21
2023-09-27,"positions: 100x NVDA 500c 1/20, wish me luck retards",positive,0.8152085457343079,NVDA,reddit,204,3
2023-09-25,"MSFT puts printing, bears eating good tonight",negative,-0.6358666590008,MSFT,reddit,128,28
2024-10-10,"theta gang on PLTR, selling covered calls",neutral,0.039173952117295074,PLTR,reddit,137,9
2024-08-16,what's the play on MSFT?,neutral,-0.05630959053898904,MSFT,reddit,55,4
2024-09-21,"sold my PLTR bags, finally free",negative,-0.3465129267736413,PLTR,reddit,129,1
2024-01-02,wife's boyfriend approved my NVDA purchase,positive,0.8887962309058379,NVDA,reddit,35,30
2024-01-15,anyone got DD on NVDA?,neutral,0.17613046148137246,NVDA,reddit,11,3
2023-09-13,"PLTR going to $0, get out while you can",negative,-0.6968990977141322,PLTR,reddit,238,8
2023-01-31,"YOLO'd my life savings into TSLA calls, cant go tits up",positive,0.694866883282016,TSLA,reddit,284,0
2024-08-16,DD: Why AAPL is going to $1000 🚀,positive,0.5329050276486056,AAPL,reddit,41,2
2024-11-07,AAPL tendies printing 🍗🍗🍗,positive,0.6306751032921776,AAPL,reddit,2,8
2024-01-16,DD: Why MSFT is going to $1000 🚀,positive,0.5725871528751456,MSFT,reddit,46,1
2024-06-12,loss porn: down 90% on MSFT calls,negative,-0.44708108550132103,MSFT,reddit,141,83
2023-05-21,anyone got DD on AAPL?,neutral,-0.0027707460917491267,AAPL,reddit,10,0
2024-06-19,"theta gang on TSLA, selling covered calls",neutral,0.15570676269218575,TSLA,reddit,24,5
2024-10-23,"positions: 100x BB 500c 1/20, wish me luck retards",positive,0.7606561860724044,BB,reddit,12,74
2023-05-18,"positions: 100x BB 500c 1/20, wish me luck retards",positive,0.46378819414737515,BB,reddit,396,4
2023-03-21,wife's boyfriend approved my MSFT purchase,positive,0.6704049932533538,MSFT,reddit,112,8
2023-05-26,"GME rug pull, everyone got rekt",negative,-0.6939444310887253,GME,reddit,80,14
2023-10-28,"BB puts printing, bears eating good tonight",negative,-0.6806234264775353,BB,reddit,146,1
2023-09-24,apes dont sell 💎🙌 META forever,positive,0.48371858932763045,META,reddit,55,14
2023-06-12,DD: Why TSLA is going to $1000 🚀,positive,0.765711774528101,TSLA,reddit,30,1
2024-04-22,"sold my AMZN bags, finally free",negative,-0.5332251950823588,AMZN,reddit,55,14
2024-06-30,imagine buying MSFT at ATH lmaooo,negative,-0.8455454424717738,MSFT,reddit,212,23
2023-12-31,if you're not buying MSFT rn you hate money,positive,0.4778174664011947,MSFT,reddit,33,9
2023-07-16,"this is financial advice, buy META",positive,0.876006455873096,META,reddit,33,12
2024-10-05,paper trading GME before going in,neutral,-0.12729626876647754,GME,reddit,100,11
2023-06-24,wife's boyfriend approved my AMC purchase,positive,0.38637518429827955,AMC,reddit,218,10
2024-10-06,"AMC squeeze incoming, shorts are fukd",positive,0.6756048797706464,AMC,reddit,38,1
2024-03-24,"PLTR rug pull, everyone got rekt",negative,-0.8852324032751003,PLTR,reddit,10,23
2024-06-14,"PLTR going to $0, get out while you can",negative,-0.8735843864025056,PLTR,reddit,6,6
2024-08-06,"SPY squeeze incoming, shorts are fukd",positive,0.5985220855399563,SPY,reddit,85,6
2023-09-10,what's the play on GME?,neutral,-0.046546661822155805,GME,reddit,7,18
2024-09-09,DD: Why BB is going to $1000 🚀,positive,0.3516220602927828,BB,reddit,40,12
2023-05-08,DD: Why PLTR is going to $1000 🚀,positive,0.5083720456680221,PLTR,reddit,52,4
2023-10-03,wife's boyfriend approved my GOOGL purchase,positive,0.6911418896954045,GOOGL,reddit,48,26
2024-03-29,"positions: 100x MSFT 500c 1/20, wish me luck retards",positive,0.8739961737239059,MSFT,reddit,94,14
2023-08-23,"NVDA puts printing, bears eating good tonight",negative,-0.4851026097921584,NVDA,reddit,30,21
2024-06-09,"MSFT puts printing, bears eating good tonight",negative,-0.3476763826558463,MSFT,reddit,36,7
2024-09-03,"NVDA rug pull, everyone got rekt",negative,-0.7341859529407754,NVDA,reddit,226,7
2024-07-26,"sold my PLTR bags, finally free",negative,-0.609429733488023,PLTR,reddit,10,26
2023-08-16,"PLTR consolidating, waiting for breakout",neutral,0.029924759954141095,PLTR,reddit,166,18
2023-04-03,"PLTR rug pull, everyone got rekt",negative,-0.3715280298514577,PLTR,reddit,55,12
2023-04-15,"this is financial advice, buy GOOGL",positive,0.43524218235481893,GOOGL,reddit,26,2
2023-10-26,AMZN IV too high for options rn,neutral,0.0018820200810130139,AMZN,reddit,28,3
2024-08-06,anyone got DD on NVDA?,neutral,0.19073157277098818,NVDA,reddit,33,5
2023-04-09,bull thesis on GOOGL: trust me bro,positive,0.7787785508624142,GOOGL,reddit,19,9
2023-06-07,"this is financial advice, buy AMC",positive,0.6315970258689088,AMC,reddit,204,13
2023-01-02,loss porn: down 90% on AMZN calls,negative,-0.5660823983323073,AMZN,reddit,251,2
2024-07-21,"YOLO'd my life savings into META calls, cant go tits up",positive,0.3832335362173152,META,reddit,8,1
2024-01-06,"GOOGL going to $0, get out while you can",negative,-0.5185267355112142,GOOGL,reddit,35,1
2024-10-10,SPY IV too high for options rn,neutral,0.14332804351348288,SPY,reddit,35,2
2024-05-24,"YOLO'd my life savings into PLTR calls, cant go tits up",positive,0.46340867325784607,PLTR,reddit,137,11
2024-08-11,if you're not buying NVDA rn you hate money,positive,0.646232861264249,NVDA,reddit,16,13
2023-02-23,if you're not buying AMZN rn you hate money,positive,0.8618384339643541,AMZN,reddit,35,34
2024-03-15,"positions: 100x GOOGL 500c 1/20, wish me luck retards",positive,0.8943035276972204,GOOGL,reddit,58,13
2024-03-02,wife's boyfriend approved my AAPL purchase,positive,0.5405813739371188,AAPL,reddit,160,6
2024-02-26,"this is financial advice, buy AMZN",positive,0.41876205138886535,AMZN,reddit,40,42
2024-02-12,anyone got DD on NVDA?,neutral,0.008178291868533083,NVDA,reddit,5,35
2024-11-01,"AMC going to $0, get out while you can",negative,-0.6366544591657788,AMC,reddit,23,19
2024-02-10,DD: Why NVDA is going to $1000 🚀,positive,0.7794610772790758,NVDA,reddit,156,37
2023-11-07,MSFT IV too high for options rn,neutral,-0.12661981379115345,MSFT,reddit,24,0
2023-01-25,"this is financial advice, buy MSFT",positive,0.7895720617151634,MSFT,reddit,18,29
2023-08-19,bull thesis on BB: trust me bro,positive,0.6023161821225377,BB,reddit,252,61
2024-03-10,AMZN IV too high for options rn,neutral,-0.026471138192737248,AMZN,reddit,43,10
2023-09-08,"AMC squeeze incoming, shorts are fukd",positive,0.48395881806762886,AMC,reddit,203,39
2023-01-27,"sold my MSFT bags, finally free",negative,-0.8670068321158134,MSFT,reddit,187,3
2024-08-18,NVDA IV too high for options rn,neutral,0.011892488746436752,NVDA,reddit,156,17
2024-01-24,DD: Why GME is going to $1000 🚀,positive,0.5239202494607224,GME,reddit,182,39
2024-08-29,DD: Why GOOGL is going to $1000 🚀,positive,0.7575351089132119,GOOGL,reddit,114,82
2023-07-24,"MSFT puts printing, bears eating good tonight",negative,-0.6622212942432215,MSFT,reddit,265,39
2023-12-19,"GUH moment on SPY, RIP my portfolio",negative,-0.5577901131443503,SPY,reddit,4,36
2023-12-11,if you're not buying AAPL rn you hate money,positive,0.46179810817413314,AAPL,reddit,52,23
2023-09-12,"PLTR going to $0, get out while you can",negative,-0.5227200951566572,PLTR,reddit,126,22
2024-09-25,"GUH moment on SPY, RIP my portfolio",negative,-0.3897343533627753,SPY,reddit,82,27
2024-07-09,AAPL tendies printing 🍗🍗🍗,positive,0.5485374610699766,AAPL,reddit,1,47
2023-02-19,"positions: 100x AMC 500c 1/20, wish me luck retards",positive,0.3430848488765071,AMC,reddit,145,5
2024-02-22,"GOOGL consolidating, waiting for breakout",neutral,0.08614594849493501,GOOGL,reddit,50,9
2023-07-12,META IV too high for options rn,neutral,0.19045145706146,META,reddit,46,23
2023-07-26,TSLA tendies printing 🍗🍗🍗,positive,0.3255054930121596,TSLA,reddit,170,0
2024-01-26,"inverse WSB worked, sold TSLA at the top",negative,-0.8703818238832908,TSLA,reddit,73,5
2023-07-17,"AAPL consolidating, waiting for breakout",neutral,-0.12115753658839545,AAPL,reddit,232,17
2024-01-19,if you're not buying SPY rn you hate money,positive,0.47079782092891675,SPY,reddit,24,41
2024-07-03,"SPY squeeze incoming, shorts are fukd",positive,0.695996973844591,SPY,reddit,40,21
2024-04-21,anyone got DD on META?,neutral,-0.01369792801376818,META,reddit,199,20
2024-10-20,"sold my AMZN bags, finally free",negative,-0.6585031258619304,AMZN,reddit,46,25
2024-02-21,"sold my SPY bags, finally free",negative,-0.8427104365320682,SPY,reddit,14,2
2024-10-26,"YOLO'd my life savings into AMZN calls, cant go tits up",positive,0.532359183920502,AMZN,reddit,172,17
2023-10-01,if you're not buying GOOGL rn you hate money,positive,0.8041576558529195,GOOGL,reddit,178,4
2023-10-21,wife's boyfriend approved my GOOGL purchase,positive,0.6246968855342614,GOOGL,reddit,173,3
2024-04-29,if you're not buying NVDA rn you hate money,positive,0.858936877857936,NVDA,reddit,39,36
2023-05-11,"theta gang on TSLA, selling covered calls",neutral,-0.15388232549777833,TSLA,reddit,196,25
2023-10-21,wife's boyfriend approved my MSFT purchase,positive,0.6998084909496332,MSFT,reddit,42,12
2023-03-01,loss porn: down 90% on PLTR calls,negative,-0.4107351232149472,PLTR,reddit,106,63
2023-05-27,DD: Why AMC is going to $1000 🚀,positive,0.3155091099866543,AMC,reddit,94,2
2024-07-26,AMZN tendies printing 🍗🍗🍗,positive,0.6645168842707585,AMZN,reddit,80,3
2024-11-01,loss porn: down 90% on TSLA calls,negative,-0.32238125555880615,TSLA,reddit,82,0
2023-05-08,imagine buying AMC at ATH lmaooo,negative,-0.8303951856343945,AMC,reddit,59,14
2023-02-02,DD: Why AMZN is going to $1000 🚀,positive,0.7276013302934452,AMZN,reddit,54,27
2024-04-15,"NVDA rug pull, everyone got rekt",negative,-0.4637597655904422,NVDA,reddit,11,2
2024-07-08,"AAPL rug pull, everyone got rekt",negative,-0.3798288606254231,AAPL,reddit,102,22
2023-11-27,"MSFT consolidating, waiting for breakout",neutral,-0.0781599818547028,MSFT,reddit,20,4
2024-08-30,"theta gang on AMC, selling covered calls",neutral,-0.07819095081067373,AMC,reddit,266,5
2024-07-23,"positions: 100x META 500c 1/20, wish me luck retards",positive,0.40257213891156085,META,reddit,13,16
2023-04-28,AMZN tendies printing 🍗🍗🍗,positive,0.3554400079400959,AMZN,reddit,74,26
2024-09-19,anyone got DD on PLTR?,neutral,-0.10873635540606896,PLTR,reddit,13,4
2023-10-21,"inverse WSB worked, sold SPY at the top",negative,-0.7312714323373815,SPY,reddit,206,24
2023-06-26,"GME rug pull, everyone got rekt",negative,-0.5065868420055348,GME,reddit,39,36
2023-02-04,"BB squeeze incoming, shorts are fukd",positive,0.8089362288821353,BB,reddit,142,0
2024-01-29,DD: Why GME is going to $1000 🚀,positive,0.693194637812453,GME,reddit,82,17
2024-07-04,"SPY consolidating, waiting for breakout",neutral,0.034064504002167734,SPY,reddit,19,34
2023-03-25,wife's boyfriend approved my MSFT purchase,positive,0.8687012290212746,MSFT,reddit,8,8
2023-02-06,"theta gang on AAPL, selling covered calls",neutral,-0.18025089393538282,AAPL,reddit,106,6
2024-03-06,"GME consolidating, waiting for breakout",neutral,-0.02407201542671919,GME,reddit,220,22
2024-08-12,bull thesis on AMC: trust me bro,positive,0.7534427137638864,AMC,reddit,106,28
2024-05-22,what's the play on SPY?,neutral,-0.0689555015773319,SPY,reddit,23,32
2024-02-01,"GUH moment on PLTR, RIP my portfolio",negative,-0.7139305543716445,PLTR,reddit,213,0
2023-06-08,wife's boyfriend approved my AAPL purchase,positive,0.3952414876651002,AAPL,reddit,6,47
2023-12-30,paper trading AMC before going in,neutral,-0.034595491102017734,AMC,reddit,16,0
2023-06-21,what's the play on PLTR?,neutral,0.13213242439509182,PLTR,reddit,69,11
2024-01-02,AMZN tendies printing 🍗🍗🍗,positive,0.8249171888550504,AMZN,reddit,41,6
2024-11-07,"positions: 100x PLTR 500c 1/20, wish me luck retards",positive,0.789798169447727,PLTR,reddit,25,1
2024-11-10,"SPY going to $0, get out while you can",negative,-0.6762383665787314,SPY,reddit,78,1
2023-05-17,META tendies printing 🍗🍗🍗,positive,0.5278836553804622,META,reddit,24,37
2023-07-17,apes dont sell 💎🙌 AMC forever,positive,0.7825011096869594,AMC,reddit,166,5
2024-05-25,"GUH moment on AMZN, RIP my portfolio",negative,-0.8295977804881183,AMZN,reddit,159,15
2023-11-14,META IV too high for options rn,neutral,-0.19996493138802968,META,reddit,5,2
2023-02-05,if you're not buying NVDA rn you hate money,positive,0.7633209196454572,NVDA,reddit,15,8
2024-08-19,"YOLO'd my life savings into GME calls, cant go tits up",positive,0.8248259893576937,GME,reddit,127,0
2024-03-24,if you're not buying GOOGL rn you hate money,positive,0.8030863991207964,GOOGL,reddit,149,17
2024-10-17,"positions: 100x AAPL 500c 1/20, wish me luck retards",positive,0.8557680525562452,AAPL,reddit,76,39
2023-06-29,loss porn: down 90% on BB calls,negative,-0.6437696186725643,BB,reddit,294,13
2023-02-18,loss porn: down 90% on SPY calls,negative,-0.6678730392534719,SPY,reddit,76,7
2024-09-30,"YOLO'd my life savings into NVDA calls, cant go tits up",positive,0.708028287999265,NVDA,reddit,330,6
2023-09-29,loss porn: down 90% on SPY calls,negative,-0.7444426009880574,SPY,reddit,72,11
2024-06-29,if you're not buying GME rn you hate money,positive,0.5149535743750363,GME,reddit,35,34
2024-07-05,"AMC rug pull, everyone got rekt",negative,-0.41461755919230514,AMC,reddit,66,37
2024-04-15,DD: Why NVDA is going to $1000 🚀,positive,0.6088491222930903,NVDA,reddit,377,1
2023-03-25,wife's boyfriend approved my NVDA purchase,positive,0.8354956485654526,NVDA,reddit,48,22
2024-01-29,loss porn: down 90% on PLTR calls,negative,-0.8010867778115308,PLTR,reddit,347,23
2024-09-16,if you're not buying META rn you hate money,positive,0.5424817527585555,META,reddit,59,7
2023-02-24,bull thesis on AAPL: trust me bro,positive,0.4041548557182309,AAPL,reddit,116,1
2023-03-29,"TSLA going to $0, get out while you can",negative,-0.6320600804605923,TSLA,reddit,8,2
2023-07-10,META tendies printing 🍗🍗🍗,positive,0.8489395117633751,META,reddit,27,6
2023-09-14,anyone got DD on TSLA?,neutral,0.09859362228431207,TSLA,reddit,4,16
2024-04-13,bull thesis on AMZN: trust me bro,positive,0.7927063866049648,AMZN,reddit,1,11
2023-08-17,bull thesis on META: trust me bro,positive,0.5195569894934757,META,reddit,296,30
2023-05-22,"this is financial advice, buy PLTR",positive,0.4180989825174926,PLTR,reddit,22,28
2024-03-11,paper trading MSFT before going in,neutral,0.12055102603349316,MSFT,reddit,22,5
2023-02-11,"sold my PLTR bags, finally free",negative,-0.3249776641435902,PLTR,reddit,27,18
2024-05-14,"META consolidating, waiting for breakout",neutral,-0.14621171806397004,META,reddit,109,4
2024-06-06,"META puts printing, bears eating good tonight",negative,-0.4665728728673097,META,reddit,51,8
2023-09-12,paper trading SPY before going in,neutral,0.14463305012598238,SPY,reddit,27,21
2024-05-30,"this is financial advice, buy AMC",positive,0.46033533363732404,AMC,reddit,90,35
2023-10-18,GOOGL IV too high for options rn,neutral,0.0870418422712303,GOOGL,reddit,50,11
2023-03-15,"YOLO'd my life savings into GME calls, cant go tits up",positive,0.4068155073930436,GME,reddit,111,5
2023-07-26,if you're not buying TSLA rn you hate money,positive,0.4490014161703351,TSLA,reddit,77,107
2024-08-03,"BB squeeze incoming, shorts are fukd",positive,0.45197235379892736,BB,reddit,42,0
2024-07-11,anyone got DD on AMC?,neutral,0.08570493507362997,AMC,reddit,97,24
2024-10-04,NVDA tendies printing 🍗🍗🍗,positive,0.39703365837520666,NVDA,reddit,109,48
2024-02-02,what's the play on NVDA?,neutral,0.02683487570376228,NVDA,reddit,112,5
2023-08-09,"YOLO'd my life savings into BB calls, cant go tits up",positive,0.34358173257423896,BB,reddit,13,27
2024-06-30,"GUH moment on MSFT, RIP my portfolio",negative,-0.6931345809898731,MSFT,reddit,249,23
2024-11-16,loss porn: down 90% on GOOGL calls,negative,-0.5493637779497653,GOOGL,reddit,48,27
2024-01-30,bull thesis on BB: trust me bro,positive,0.888609220488688,BB,reddit,26,0
2023-01-05,"NVDA consolidating, waiting for breakout",neutral,-0.11397747131472853,NVDA,reddit,12,5
2023-11-11,"AMZN rug pull, everyone got rekt",negative,-0.6554323770189379,AMZN,reddit,119,6
2024-05-14,bull thesis on AMZN: trust me bro,positive,0.5775508575209973,AMZN,reddit,162,40
2023-04-09,"theta gang on GME, selling covered calls",neutral,0.024115446825743347,GME,reddit,3,0
2023-11-27,"BB rug pull, everyone got rekt",negative,-0.31849365147593944,BB,reddit,91,4
2024-11-04,"this is financial advice, buy GME",positive,0.31479339213421675,GME,reddit,25,34
2024-05-04,"inverse WSB worked, sold META at the top",negative,-0.6082591989413458,META,reddit,148,24
2024-07-10,MSFT IV too high for options rn,neutral,-0.18834155223463914,MSFT,reddit,61,15
2023-01-02,"YOLO'd my life savings into TSLA calls, cant go tits up",positive,0.5962431497114071,TSLA,reddit,81,7
2024-06-25,"MSFT squeeze incoming, shorts are fukd",positive,0.3215506438876476,MSFT,reddit,111,2
2023-10-03,"positions: 100x MSFT 500c 1/20, wish me luck retards",positive,0.37025957430674594,MSFT,reddit,93,19
2024-08-27,bull thesis on PLTR: trust me bro,positive,0.711123043585417,PLTR,reddit,51,42
2024-01-13,TSLA IV too high for options rn,neutral,-0.02525119907055645,TSLA,reddit,214,24
2023-07-07,"this is financial advice, buy BB",positive,0.3247117681118518,BB,reddit,202,13
2023-06-12,wife's boyfriend approved my TSLA purchase,positive,0.589246833311151,TSLA,reddit,365,28
2024-08-14,anyone got DD on AMZN?,neutral,-0.10081658305379256,AMZN,reddit,312,10
2024-11-23,"SPY going to $0, get out while you can",negative,-0.5504243993691623,SPY,reddit,321,0
2024-03-07,if you're not buying AMC rn you hate money,positive,0.6864419112472273,AMC,reddit,44,52
2023-04-11,"theta gang on GME, selling covered calls",neutral,-0.17436337863737889,GME,reddit,156,19
2023-11-13,"theta gang on AAPL, selling covered calls",neutral,-0.16605973945576472,AAPL,reddit,47,111
2024-01-25,"AMC going to $0, get out while you can",negative,-0.3521253214695951,AMC,reddit,189,2
2024-03-23,"BB consolidating, waiting for breakout",neutral,0.19925446310703832,BB,reddit,105,8
2024-06-04,apes dont sell 💎🙌 GOOGL forever,positive,0.67773688840538,GOOGL,reddit,24,30
2023-10-28,"MSFT consolidating, waiting for breakout",neutral,-0.09616977239033334,MSFT,reddit,38,6
2023-08-16,"YOLO'd my life savings into NVDA calls, cant go tits up",positive,0.4412742308172046,NVDA,reddit,55,2
2024-05-02,"positions: 100x META 500c 1/20, wish me luck retards",positive,0.3224426481048676,META,reddit,119,26
2024-07-18,if you're not buying AMC rn you hate money,positive,0.5523967072047966,AMC,reddit,23,19
2023-11-07,if you're not buying AMZN rn you hate money,positive,0.333232211542501,AMZN,reddit,19,15
2023-09-29,"YOLO'd my life savings into META calls, cant go tits up",positive,0.8725961021468853,META,reddit,143,3
2023-01-15,if you're not buying AAPL rn you hate money,positive,0.5832629824947961,AAPL,reddit,409,15
2024-03-05,paper trading GME before going in,neutral,-0.13129948080910686,GME,reddit,114,6
2023-02-15,"AAPL rug pull, everyone got rekt",negative,-0.7091455158058632,AAPL,reddit,101,15
2024-10-15,"this is financial advice, buy PLTR",positive,0.757847345610486,PLTR,reddit,116,41
2023-05-06,"MSFT going to $0, get out while you can",negative,-0.43808850082164946,MSFT,reddit,158,14
2024-05-19,"PLTR rug pull, everyone got rekt",negative,-0.8375147630299327,PLTR,reddit,135,10
2023-06-27,DD: Why GME is going to $1000 🚀,positive,0.5323188263981786,GME,reddit,5,34
2024-05-12,"PLTR puts printing, bears eating good tonight",negative,-0.8850248988694508,PLTR,reddit,84,4
2024-06-15,"GUH moment on MSFT, RIP my portfolio",negative,-0.6984201679697088,MSFT,reddit,55,27
2024-06-19,apes dont sell 💎🙌 NVDA forever,positive,0.3811308969727842,NVDA,reddit,13,5
2023-06-20,imagine buying AMZN at ATH lmaooo,negative,-0.7265768291529718,AMZN,reddit,94,20
2023-11-29,wife's boyfriend approved my TSLA purchase,positive,0.6252403632359285,TSLA,reddit,7,3
2024-10-23,"GME rug pull, everyone got rekt",negative,-0.432496467895228,GME,reddit,176,8
2024-05-27,"PLTR puts printing, bears eating good tonight",negative,-0.7209914661264551,PLTR,reddit,332,8
2024-03-20,"YOLO'd my life savings into GME calls, cant go tits up",positive,0.7545690417247611,GME,reddit,52,12
2024-01-02,bull thesis on TSLA: trust me bro,positive,0.6882769365452819,TSLA,reddit,30,64
2024-10-18,anyone got DD on GOOGL?,neutral,-0.1672318489626485,GOOGL,reddit,48,1
2024-10-19,anyone got DD on TSLA?,neutral,-0.07397497301891548,TSLA,reddit,29,8
2024-04-01,paper trading AMZN before going in,neutral,0.1429971993788665,AMZN,reddit,92,1
2024-06-17,imagine buying MSFT at ATH lmaooo,negative,-0.8893087264531591,MSFT,reddit,7,3
2024-05-30,if you're not buying AMZN rn you hate money,positive,0.5613541329985643,AMZN,reddit,49,81
2023-05-27,paper trading SPY before going in,neutral,0.1663560124611746,SPY,reddit,66,13
2024-08-18,DD: Why NVDA is going to $1000 🚀,positive,0.4031819474361842,NVDA,reddit,102,13
2023-01-17,TSLA IV too high for options rn,neutral,-0.012484786313839147,TSLA,reddit,99,13
2024-02-24,"inverse WSB worked, sold SPY at the top",negative,-0.6760617487473892,SPY,reddit,36,31
2024-08-27,"SPY consolidating, waiting for breakout",neutral,0.14391808170779347,SPY,reddit,65,59
2024-11-23,"GUH moment on TSLA, RIP my portfolio",negative,-0.6504290859689104,TSLA,reddit,228,3
2024-03-09,"BB squeeze incoming, shorts are fukd",positive,0.39634391159514437,BB,reddit,86,30
2024-03-19,"GME going to $0, get out while you can",negative,-0.41631196811658416,GME,reddit,189,29
2023-04-18,"NVDA rug pull, everyone got rekt",negative,-0.597766688064108,NVDA,reddit,41,8
2023-04-29,bull thesis on GOOGL: trust me bro,positive,0.6277559036343872,GOOGL,reddit,89,28
2023-11-16,paper trading META before going in,neutral,0.005384959372525533,META,reddit,181,4
2023-06-07,"YOLO'd my life savings into MSFT calls, cant go tits up",positive,0.6215296677010769,MSFT,reddit,37,2
2024-05-31,apes dont sell 💎🙌 AMZN forever,positive,0.8612995388048481,AMZN,reddit,17,5
2023-08-22,"this is financial advice, buy GOOGL",positive,0.4300815896508637,GOOGL,reddit,81,2
2024-05-02,"GUH moment on AMZN, RIP my portfolio",negative,-0.8571162430893852,AMZN,reddit,55,2
2023-12-06,what's the play on PLTR?,neutral,-0.16082645536921025,PLTR,reddit,155,20
2023-08-29,"AAPL consolidating, waiting for breakout",neutral,0.15998336814494668,AAPL,reddit,154,29
2023-11-04,META IV too high for options rn,neutral,0.13374237803849792,META,reddit,63,27
2024-08-31,if you're not buying BB rn you hate money,positive,0.7684762616886778,BB,reddit,213,97
2023-08-17,"YOLO'd my life savings into META calls, cant go tits up",positive,0.7003492434458669,META,reddit,4,43
2023-06-28,"positions: 100x TSLA 500c 1/20, wish me luck retards",positive,0.43520954496662223,TSLA,reddit,1,3
2024-09-10,"YOLO'd my life savings into TSLA calls, cant go tits up",positive,0.30374334806934683,TSLA,reddit,106,34
2023-05-27,"MSFT going to $0, get out while you can",negative,-0.7664402410391172,MSFT,reddit,51,5
2023-12-19,"this is financial advice, buy PLTR",positive,0.5149980568264407,PLTR,reddit,127,14
2024-01-30,paper trading GME before going in,neutral,-0.1659468664906544,GME,reddit,44,4
2023-06-20,if you're not buying META rn you hate money,positive,0.3685431030760162,META,reddit,44,1
2023-03-18,loss porn: down 90% on AAPL calls,negative,-0.4674093978576395,AAPL,reddit,77,19
2023-08-16,"AMZN going to $0, get out while you can",negative,-0.3166010869957834,AMZN,reddit,130,13
2023-03-12,wife's boyfriend approved my SPY purchase,positive,0.3105498582120953,SPY,reddit,36,8
2024-08-30,bull thesis on AMC: trust me bro,positive,0.4311035496934793,AMC,reddit,107,2
2024-11-05,"YOLO'd my life savings into GME calls, cant go tits up",positive,0.6592264577905579,GME,reddit,98,35
2023-07-26,"this is financial advice, buy META",positive,0.42979944749294086,META,reddit,153,29
2024-07-25,"inverse WSB worked, sold META at the top",negative,-0.865331915476141,META,reddit,139,19
2023-08-29,paper trading PLTR before going in,neutral,0.16059085377668408,PLTR,reddit,62,1
2023-07-02,bull thesis on SPY: trust me bro,positive,0.8462399208774816,SPY,reddit,68,29
2023-07-04,"AMC squeeze incoming, shorts are fukd",positive,0.382205268460168,AMC,reddit,114,15
2023-06-17,"GOOGL squeeze incoming, shorts are fukd",positive,0.5030447721285459,GOOGL,reddit,93,17
2023-03-26,"this is financial advice, buy AMC",positive,0.48004798404383753,AMC,reddit,202,80
2024-11-23,"positions: 100x NVDA 500c 1/20, wish me luck retards",positive,0.59237191303308,NVDA,reddit,112,90
2024-01-21,if you're not buying AMZN rn you hate money,positive,0.7603185661543705,AMZN,reddit,2,10
2024-11-08,bull thesis on PLTR: trust me bro,positive,0.6494961886385525,PLTR,reddit,23,20
2023-06-11,loss porn: down 90% on MSFT calls,negative,-0.6668448758884181,MSFT,reddit,11,64
2024-08-13,bull thesis on BB: trust me bro,positive,0.3391739681279357,BB,reddit,33,30
2024-02-19,SPY IV too high for options rn,neutral,0.008366698242345372,SPY,reddit,98,19
2024-02-19,"sold my META bags, finally free",negative,-0.3687363329308938,META,reddit,164,5
2024-03-10,if you're not buying MSFT rn you hate money,positive,0.5841655997243358,MSFT,reddit,247,6
2024-07-19,loss porn: down 90% on GME calls,negative,-0.4239552513136311,GME,reddit,212,27
2023-01-11,"GUH moment on PLTR, RIP my portfolio",negative,-0.8181217203307207,PLTR,reddit,45,7
2023-06-01,paper trading NVDA before going in,neutral,-0.1198874704893239,NVDA,reddit,140,33
2023-02-20,bull thesis on SPY: trust me bro,positive,0.49927961342321814,SPY,reddit,105,40
2023-03-03,"GOOGL puts printing, bears eating good tonight",negative,-0.52037872620934,GOOGL,reddit,217,26
2024-04-21,if you're not buying META rn you hate money,positive,0.7588514418771587,META,reddit,23,0
2024-07-21,loss porn: down 90% on PLTR calls,negative,-0.5194915566239569,PLTR,reddit,45,0
2024-05-26,DD: Why GME is going to $1000 🚀,positive,0.7132463067972501,GME,reddit,372,37
2023-07-11,loss porn: down 90% on GOOGL calls,negative,-0.4106044812136802,GOOGL,reddit,34,27
2023-04-29,apes dont sell 💎🙌 TSLA forever,positive,0.719935660002843,TSLA,reddit,380,8
2024-10-25,"YOLO'd my life savings into PLTR calls, cant go tits up",positive,0.3563872898903963,PLTR,reddit,43,59
2023-05-02,"GUH moment on NVDA, RIP my portfolio",negative,-0.6022907132462185,NVDA,reddit,111,2
2023-06-15,loss porn: down 90% on GME calls,negative,-0.39260688679816536,GME,reddit,27,3
2023-07-18,what's the play on AAPL?,neutral,-0.012566186494338716,AAPL,reddit,29,36
2024-01-27,"TSLA consolidating, waiting for breakout",neutral,-0.17839028520308006,TSLA,reddit,227,21
2023-09-04,what's the play on GME?,neutral,-0.08639510778593631,GME,reddit,180,0
2023-12-31,"GME consolidating, waiting for breakout",neutral,0.1757031186929442,GME,reddit,21,0
2023-04-04,"sold my TSLA bags, finally free",negative,-0.7819961683917467,TSLA,reddit,113,2
2023-05-24,"TSLA consolidating, waiting for breakout",neutral,0.009176222533384903,TSLA,reddit,51,21
2023-04-25,loss porn: down 90% on GME calls,negative,-0.5793964404840202,GME,reddit,141,19
2023-03-06,paper trading PLTR before going in,neutral,-0.1726914330276671,PLTR,reddit,74,22
2023-05-21,AMC tendies printing 🍗🍗🍗,positive,0.7741705822687313,AMC,reddit,74,82
2023-12-23,loss porn: down 90% on AMC calls,negative,-0.3710747261459708,AMC,reddit,15,20
2023-01-09,paper trading META before going in,neutral,-0.0034351392250847046,META,reddit,62,14
2024-07-29,paper trading MSFT before going in,neutral,-0.027601843566828987,MSFT,reddit,29,7
2023-08-01,bull thesis on SPY: trust me bro,positive,0.6798372175444759,SPY,reddit,118,20
2023-08-17,if you're not buying META rn you hate money,positive,0.8946037068950992,META,reddit,51,12
2024-10-18,"inverse WSB worked, sold META at the top",negative,-0.6166086474266346,META,reddit,65,47
2023-04-12,"sold my BB bags, finally free",negative,-0.34781631358436327,BB,reddit,317,2
2023-11-02,DD: Why AAPL is going to $1000 🚀,positive,0.5627056896520474,AAPL,reddit,45,63
2023-07-24,TSLA tendies printing 🍗🍗🍗,positive,0.4780584751915876,TSLA,reddit,48,0
2023-01-23,what's the play on AAPL?,neutral,0.11040212298349744,AAPL,reddit,107,19
2023-01-04,"SPY rug pull, everyone got rekt",negative,-0.7861426743625279,SPY,reddit,55,8
2024-09-10,"SPY puts printing, bears eating good tonight",negative,-0.4984156962497441,SPY,reddit,253,11
2023-12-04,wife's boyfriend approved my BB purchase,positive,0.36919909855460153,BB,reddit,58,11
2024-03-01,loss porn: down 90% on GME calls,negative,-0.5538524568872341,GME,reddit,165,22
2024-07-25,what's the play on TSLA?,neutral,-0.169048322461552,TSLA,reddit,259,39
2024-04-03,bull thesis on NVDA: trust me bro,positive,0.6329321517790063,NVDA,reddit,284,16
2024-05-12,imagine buying AAPL at ATH lmaooo,negative,-0.7229042005294465,AAPL,reddit,95,15
2023-11-27,imagine buying AMC at ATH lmaooo,negative,-0.7754571254466938,AMC,reddit,5,45
2024-01-31,wife's boyfriend approved my SPY purchase,positive,0.536468758127959,SPY,reddit,26,64
2024-09-08,apes dont sell 💎🙌 BB forever,positive,0.7576628363754963,BB,reddit,170,48
2023-07-03,if you're not buying SPY rn you hate money,positive,0.5090331626682596,SPY,reddit,13,10
2024-06-09,imagine buying AAPL at ATH lmaooo,negative,-0.4726637086936281,AAPL,reddit,25,6
2023-03-15,AMZN IV too high for options rn,neutral,0.15841608704961663,AMZN,reddit,152,0
2023-02-22,"inverse WSB worked, sold SPY at the top",negative,-0.7050498870161472,SPY,reddit,67,9
2023-11-07,"BB going to $0, get out while you can",negative,-0.41624842427749575,BB,reddit,165,2
2023-08-10,apes dont sell 💎🙌 META forever,positive,0.7921150872006629,META,reddit,19,26
2023-03-20,"theta gang on NVDA, selling covered calls",neutral,-0.13714024776677253,NVDA,reddit,102,9
2024-09-09,"BB rug pull, everyone got rekt",negative,-0.7107362820336456,BB,reddit,149,3
2024-11-23,"SPY consolidating, waiting for breakout",neutral,-0.08112047973360587,SPY,reddit,10,54
2023-12-22,apes dont sell 💎🙌 AAPL forever,positive,0.4313810468104096,AAPL,reddit,22,18
2024-06-14,if you're not buying TSLA rn you hate money,positive,0.7980094595835787,TSLA,reddit,35,58
2023-01-27,"AMZN consolidating, waiting for breakout",neutral,-0.025256490559753347,AMZN,reddit,135,41
2024-09-10,NVDA tendies printing 🍗🍗🍗,positive,0.6411764045821595,NVDA,reddit,105,3
2024-05-03,"positions: 100x BB 500c 1/20, wish me luck retards",positive,0.3559831997217821,BB,reddit,250,20
2024-04-07,"AAPL puts printing, bears eating good tonight",negative,-0.6814979627212303,AAPL,reddit,366,1
2023-03-25,"sold my PLTR bags, finally free",negative,-0.6983862857876967,PLTR,reddit,183,10
2024-07-05,"GUH moment on GOOGL, RIP my portfolio",negative,-0.8647578306741659,GOOGL,reddit,70,4
2024-08-06,"sold my SPY bags, finally free",negative,-0.6695051221100832,SPY,reddit,262,11
2024-05-03,AMC IV too high for options rn,neutral,-0.1437994371127597,AMC,reddit,561,13
2023-02-21,"AMC consolidating, waiting for breakout",neutral,0.05925632224691979,AMC,reddit,40,3
2023-05-13,loss porn: down 90% on META calls,negative,-0.6523661740918894,META,reddit,158,18
2023-03-30,"GOOGL rug pull, everyone got rekt",negative,-0.6291869843730206,GOOGL,reddit,54,12
2023-02-12,MSFT IV too high for options rn,neutral,0.05942202348210468,MSFT,reddit,220,1
2023-03-07,wife's boyfriend approved my NVDA purchase,positive,0.5604614241418784,NVDA,reddit,92,10
2024-03-14,"positions: 100x MSFT 500c 1/20, wish me luck retards",positive,0.8677958505288443,MSFT,reddit,10,2
2023-04-29,if you're not buying GOOGL rn you hate money,positive,0.7744892722880772,GOOGL,reddit,120,47
2024-03-14,GOOGL IV too high for options rn,neutral,0.13416127194806954,GOOGL,reddit,93,38
2024-03-17,bull thesis on TSLA: trust me bro,positive,0.8544916103080282,TSLA,reddit,11,27
2023-09-22,"AMC consolidating, waiting for breakout",neutral,0.13166164043116924,AMC,reddit,49,21
2023-01-23,GME tendies printing 🍗🍗🍗,positive,0.6817426910787059,GME,reddit,19,9
2023-04-21,"positions: 100x SPY 500c 1/20, wish me luck retards",positive,0.667144278011627,SPY,reddit,183,11
2024-04-21,anyone got DD on AMZN?,neutral,-0.03415858245478581,AMZN,reddit,47,49
2023-12-10,what's the play on AMZN?,neutral,0.07494477138487377,AMZN,reddit,15,23
2024-04-13,paper trading SPY before going in,neutral,0.17949648028276083,SPY,reddit,54,9
2024-07-30,"GOOGL going to $0, get out while you can",negative,-0.5052338141307626,GOOGL,reddit,217,18
2024-08-22,"NVDA rug pull, everyone got rekt",negative,-0.4269026677244979,NVDA,reddit,114,50
2024-02-01,"this is financial advice, buy PLTR",positive,0.542049698992169,PLTR,reddit,163,25
2023-10-01,apes dont sell 💎🙌 META forever,positive,0.4864550980678344,META,reddit,163,28
2024-09-09,"theta gang on SPY, selling covered calls",neutral,-0.15861853319940306,SPY,reddit,69,17
2023-04-15,"theta gang on AMC, selling covered calls",neutral,-0.17540757246665178,AMC,reddit,65,104
2023-11-20,what's the play on MSFT?,neutral,0.18934880215924182,MSFT,reddit,171,3
2023-07-07,"AMC consolidating, waiting for breakout",neutral,0.09356988317036968,AMC,reddit,13,47
2023-08-07,what's the play on BB?,neutral,0.1226567763595986,BB,reddit,66,8
2023-04-03,paper trading PLTR before going in,neutral,-0.08475037002251305,PLTR,reddit,38,1
2023-11-24,"META consolidating, waiting for breakout",neutral,0.06534777567966799,META,reddit,38,0
2024-06-04,"AAPL going to $0, get out while you can",negative,-0.8625209755071445,AAPL,reddit,74,1
2023-05-17,loss porn: down 90% on AAPL calls,negative,-0.8392850302755847,AAPL,reddit,192,28
2023-12-09,what's the play on GME?,neutral,-0.12692111332689607,GME,reddit,32,6
2023-08-05,"AAPL rug pull, everyone got rekt",negative,-0.7151275987090921,AAPL,reddit,60,13
2023-03-15,"META consolidating, waiting for breakout",neutral,-0.1498776039342197,META,reddit,166,15
2024-03-07,loss porn: down 90% on AMC calls,negative,-0.8998329357334781,AMC,reddit,132,16
2023-06-05,"this is financial advice, buy PLTR",positive,0.47854947536360837,PLTR,reddit,21,38
2023-04-17,DD: Why BB is going to $1000 🚀,positive,0.7676909098001918,BB,reddit,48,26
2023-09-12,"this is financial advice, buy GOOGL",positive,0.6662890294004189,GOOGL,reddit,20,0
2023-11-27,"inverse WSB worked, sold GOOGL at the top",negative,-0.3796545552296552,GOOGL,reddit,35,17
2023-12-03,paper trading SPY before going in,neutral,-0.08795336739955349,SPY,reddit,107,18
2023-02-20,"positions: 100x AMC 500c 1/20, wish me luck retards",positive,0.5363277915557065,AMC,reddit,21,67
2024-03-29,"TSLA going to $0, get out while you can",negative,-0.6955698365827845,TSLA,reddit,36,24
2023-09-21,bull thesis on GME: trust me bro,positive,0.8870020497751299,GME,reddit,19,6
2024-07-12,imagine buying SPY at ATH lmaooo,negative,-0.830946921996241,SPY,reddit,263,10
2024-07-05,"GME puts printing, bears eating good tonight",negative,-0.8720837590330696,GME,reddit,4,1
2024-03-29,"BB squeeze incoming, shorts are fukd",positive,0.5308298465237224,BB,reddit,41,12
2023-01-29,wife's boyfriend approved my BB purchase,positive,0.4389863625729954,BB,reddit,188,5
2024-07-30,"positions: 100x PLTR 500c 1/20, wish me luck retards",positive,0.5431277283974775,PLTR,reddit,103,6
2024-02-06,"AMZN going to $0, get out while you can",negative,-0.4963171723057144,AMZN,reddit,31,89
2023-11-26,paper trading BB before going in,neutral,0.0565682286752735,BB,reddit,17,32
2023-12-27,paper trading AMC before going in,neutral,-0.03687542057038509,AMC,reddit,305,2
2023-07-17,imagine buying TSLA at ATH lmaooo,negative,-0.8312870344183806,TSLA,reddit,102,17
2024-06-26,"positions: 100x META 500c 1/20, wish me luck retards",positive,0.45493781087510665,META,reddit,116,59
2024-07-31,loss porn: down 90% on BB calls,negative,-0.6143489425076418,BB,reddit,17,18
2024-02-27,"theta gang on GME, selling covered calls",neutral,-0.026828925365196238,GME,reddit,85,8
2023-02-16,"GME squeeze incoming, shorts are fukd",positive,0.7359396483990855,GME,reddit,50,23
2024-09-05,"theta gang on NVDA, selling covered calls",neutral,-0.04587402638836888,NVDA,reddit,101,16
2023-07-13,"this is financial advice, buy GME",positive,0.5376590029369862,GME,reddit,80,3
2024-05-24,"theta gang on TSLA, selling covered calls",neutral,0.0067680870116714476,TSLA,reddit,101,32
2024-02-06,bull thesis on NVDA: trust me bro,positive,0.7364350568044664,NVDA,reddit,64,12
2023-02-18,what's the play on AMZN?,neutral,0.014343232985739418,AMZN,reddit,221,13
2023-04-18,loss porn: down 90% on GME calls,negative,-0.505394456344493,GME,reddit,14,29
2024-03-09,"GUH moment on NVDA, RIP my portfolio",negative,-0.8994040028281278,NVDA,reddit,70,57
2023-02-16,"positions: 100x MSFT 500c 1/20, wish me luck retards",positive,0.6370534509246063,MSFT,reddit,338,36
2024-04-30,"SPY rug pull, everyone got rekt",negative,-0.6833495413852715,SPY,reddit,144,74
2024-05-03,"theta gang on META, selling covered calls",neutral,-0.16046805732341285,META,reddit,89,5
2024-02-04,"inverse WSB worked, sold TSLA at the top",negative,-0.6248115323646064,TSLA,reddit,147,21
2023-07-18,"PLTR going to $0, get out while you can",negative,-0.8973005923950002,PLTR,reddit,57,17
2024-04-07,"this is financial advice, buy TSLA",positive,0.43125892938280674,TSLA,reddit,16,6
2024-03-21,"this is financial advice, buy AAPL",positive,0.854177170829169,AAPL,reddit,111,9
2024-07-30,what's the play on META?,neutral,-0.1504806624134883,META,reddit,56,1
2023-05-04,"theta gang on GME, selling covered calls",neutral,0.07724162190509559,GME,reddit,60,27
2023-03-19,anyone got DD on META?,neutral,0.0729447881766756,META,reddit,60,16
2023-04-20,anyone got DD on AAPL?,neutral,0.05333414678028087,AAPL,reddit,0,9
2024-07-11,"GUH moment on SPY, RIP my portfolio",negative,-0.30934862915233463,SPY,reddit,16,6
2023-11-10,"META consolidating, waiting for breakout",neutral,0.08647665820857797,META,reddit,261,1
2023-12-20,"sold my AMC bags, finally free",negative,-0.8563477142955328,AMC,reddit,139,38
2023-01-27,anyone got DD on AMZN?,neutral,-0.18161828746915246,AMZN,reddit,100,7
2023-02-10,"SPY rug pull, everyone got rekt",negative,-0.4580661169477668,SPY,reddit,109,24
2023-11-05,"TSLA rug pull, everyone got rekt",negative,-0.3586791867660599,TSLA,reddit,65,1
2024-03-16,"this is financial advice, buy AAPL",positive,0.6493906142994865,AAPL,reddit,70,1
2024-08-24,"TSLA rug pull, everyone got rekt",negative,-0.6772238796374551,TSLA,reddit,393,11
2023-04-17,AAPL tendies printing 🍗🍗🍗,positive,0.4805654934552238,AAPL,reddit,34,20
2024-04-17,apes dont sell 💎🙌 AAPL forever,positive,0.6564503334092314,AAPL,reddit,294,19
2024-10-13,wife's boyfriend approved my MSFT purchase,positive,0.30730035446785897,MSFT,reddit,40,2
2024-09-28,"PLTR consolidating, waiting for breakout",neutral,0.026242334086288455,PLTR,reddit,39,32
2024-08-12,DD: Why NVDA is going to $1000 🚀,positive,0.5980793249691825,NVDA,reddit,43,41
2023-03-15,"theta gang on AAPL, selling covered calls",neutral,0.13264832691559986,AAPL,reddit,41,3
2024-11-13,"inverse WSB worked, sold AMC at the top",negative,-0.635836062353767,AMC,reddit,770,2
2023-09-11,"inverse WSB worked, sold NVDA at the top",negative,-0.7321351644674032,NVDA,reddit,3,1
2023-09-01,"BB going to $0, get out while you can",negative,-0.7022339398424742,BB,reddit,33,7
2024-04-03,paper trading AAPL before going in,neutral,-0.14964982649193792,AAPL,reddit,88,13
2023-07-10,META IV too high for options rn,neutral,-0.08403340140733723,META,reddit,27,84
2024-07-27,DD: Why GME is going to $1000 🚀,positive,0.3399114318339981,GME,reddit,38,24
2024-02-19,"this is financial advice, buy BB",positive,0.6028293214494123,BB,reddit,130,32
2024-06-26,"theta gang on AMZN, selling covered calls",neutral,0.13518882476948385,AMZN,reddit,453,16
2023-11-08,"this is financial advice, buy BB",positive,0.8461943102155163,BB,reddit,35,24
2023-06-19,AMC IV too high for options rn,neutral,-0.11952520456114253,AMC,reddit,2,8
2023-03-26,bull thesis on MSFT: trust me bro,positive,0.6482070940130904,MSFT,reddit,68,2
2023-08-08,loss porn: down 90% on AAPL calls,negative,-0.4575904311626303,AAPL,reddit,145,1
2024-05-28,"theta gang on AMZN, selling covered calls",neutral,-0.18628473653561414,AMZN,reddit,256,10
2023-10-11,"GME squeeze incoming, shorts are fukd",positive,0.6974348795600499,GME,reddit,125,13
2024-09-20,"NVDA squeeze incoming, shorts are fukd",positive,0.6803679519318017,NVDA,reddit,40,55
2023-11-01,bull thesis on PLTR: trust me bro,positive,0.392433846134041,PLTR,reddit,33,80
2023-12-12,"TSLA puts printing, bears eating good tonight",negative,-0.3968597819362918,TSLA,reddit,24,24
2024-08-19,wife's boyfriend approved my PLTR purchase,positive,0.46394956184615255,PLTR,reddit,13,0
2023-09-05,bull thesis on SPY: trust me bro,positive,0.8028949100198401,SPY,reddit,232,16
2024-08-24,anyone got DD on SPY?,neutral,-0.09256672953964512,SPY,reddit,52,11
2024-06-03,what's the play on TSLA?,neutral,-0.1769207389480555,TSLA,reddit,16,4
2024-08-10,"theta gang on NVDA, selling covered calls",neutral,0.11699903313777654,NVDA,reddit,63,24
2024-08-10,"theta gang on AMC, selling covered calls",neutral,-0.03104438413803573,AMC,reddit,90,39
2023-04-15,"YOLO'd my life savings into BB calls, cant go tits up",positive,0.4147684430660845,BB,reddit,27,33
2023-10-08,wife's boyfriend approved my BB purchase,positive,0.8460486942923402,BB,reddit,166,21
2023-05-21,if you're not buying AMC rn you hate money,positive,0.6245455867110878,AMC,reddit,54,1
2023-09-13,"sold my MSFT bags, finally free",negative,-0.3676031411658268,MSFT,reddit,211,3
2024-04-03,GME tendies printing 🍗🍗🍗,positive,0.722882341828027,GME,reddit,0,61
2023-12-03,what's the play on AAPL?,neutral,0.08228763649239546,AAPL,reddit,79,14
2024-01-20,apes dont sell 💎🙌 BB forever,positive,0.6742238775623899,BB,reddit,55,13
2024-09-30,imagine buying MSFT at ATH lmaooo,negative,-0.8820759815151508,MSFT,reddit,126,15
2023-02-03,GOOGL IV too high for options rn,neutral,0.0006628674604943485,GOOGL,reddit,0,24
2024-07-06,paper trading NVDA before going in,neutral,0.1819649679720236,NVDA,reddit,23,3
2023-04-10,loss porn: down 90% on META calls,negative,-0.8383299395877474,META,reddit,1,18
2024-09-27,DD: Why TSLA is going to $1000 🚀,positive,0.31407268615039663,TSLA,reddit,11,1
2023-10-18,"AMZN puts printing, bears eating good tonight",negative,-0.8317893275234443,AMZN,reddit,227,3
2023-06-05,wife's boyfriend approved my AAPL purchase,positive,0.5488674190918688,AAPL,reddit,50,4
2023-04-02,loss porn: down 90% on PLTR calls,negative,-0.6094654552769805,PLTR,reddit,23,5
2023-10-13,loss porn: down 90% on GOOGL calls,negative,-0.6461142856426392,GOOGL,reddit,82,11
2023-10-25,paper trading BB before going in,neutral,0.06820757029225422,BB,reddit,108,0
2023-07-08,SPY IV too high for options rn,neutral,0.17491992461499112,SPY,reddit,114,5
2023-09-04,"inverse WSB worked, sold PLTR at the top",negative,-0.8963066111226636,PLTR,reddit,95,33
2024-02-21,"SPY consolidating, waiting for breakout",neutral,0.07809348880402689,SPY,reddit,63,0
2023-10-07,DD: Why GME is going to $1000 🚀,positive,0.6194325853241349,GME,reddit,36,8
2023-05-04,"GOOGL rug pull, everyone got rekt",negative,-0.46014912002578073,GOOGL,reddit,175,55
2024-05-14,apes dont sell 💎🙌 PLTR forever,positive,0.31707633800330987,PLTR,reddit,248,17
2024-04-29,anyone got DD on PLTR?,neutral,0.03295023060317667,PLTR,reddit,237,18
2024-08-04,if you're not buying MSFT rn you hate money,positive,0.39480271971321246,MSFT,reddit,85,17
2023-08-13,"PLTR going to $0, get out while you can",negative,-0.7394607531951436,PLTR,reddit,121,3
2024-03-31,SPY tendies printing 🍗🍗🍗,positive,0.4898471982866711,SPY,reddit,35,9
2023-05-29,what's the play on MSFT?,neutral,-0.06505316998788255,MSFT,reddit,199,35
2024-02-04,"AAPL consolidating, waiting for breakout",neutral,-0.18128964902735933,AAPL,reddit,14,5
2023-08-30,DD: Why AMZN is going to $1000 🚀,positive,0.3027470569654007,AMZN,reddit,21,7
2023-01-11,"SPY puts printing, bears eating good tonight",negative,-0.3609874757055981,SPY,reddit,126,5
2024-06-13,if you're not buying AMZN rn you hate money,positive,0.787471700869367,AMZN,reddit,14,17
2024-02-28,anyone got DD on META?,neutral,-0.10722317312193086,META,reddit,20,26
2024-07-03,what's the play on GOOGL?,neutral,-0.12408953356650368,GOOGL,reddit,26,0
2024-08-26,"sold my AAPL bags, finally free",negative,-0.3926774550066272,AAPL,reddit,20,50
2023-02-14,imagine buying GOOGL at ATH lmaooo,negative,-0.8811497707793691,GOOGL,reddit,57,13
2023-12-21,imagine buying AMC at ATH lmaooo,negative,-0.8562095359123048,AMC,reddit,1,21
2024-05-06,paper trading GOOGL before going in,neutral,-0.020897869597028912,GOOGL,reddit,57,6
2023-04-12,"positions: 100x BB 500c 1/20, wish me luck retards",positive,0.6592808430079391,BB,reddit,81,38
2024-07-12,"GME squeeze incoming, shorts are fukd",positive,0.5677012100163341,GME,reddit,46,57
2024-09-26,imagine buying MSFT at ATH lmaooo,negative,-0.3636535983174404,MSFT,reddit,18,0
2024-04-17,anyone got DD on META?,neutral,-0.1398025937215901,META,reddit,10,22
2024-03-30,"this is financial advice, buy META",positive,0.38331317140882293,META,reddit,2,5
2023-02-10,apes dont sell 💎🙌 AMZN forever,positive,0.30823146314117017,AMZN,reddit,23,1
2023-11-19,DD: Why META is going to $1000 🚀,positive,0.8424246799071942,META,reddit,203,17
2023-11-15,bull thesis on AMC: trust me bro,positive,0.6574473456516357,AMC,reddit,98,8
2024-05-12,anyone got DD on MSFT?,neutral,0.015160837612935157,MSFT,reddit,196,0
2024-11-17,"META consolidating, waiting for breakout",neutral,-0.011373176540645735,META,reddit,16,25
2023-05-17,apes dont sell 💎🙌 GOOGL forever,positive,0.7884358220121583,GOOGL,reddit,316,5
2024-02-01,"AMC rug pull, everyone got rekt",negative,-0.6070201172003352,AMC,reddit,185,2
2024-09-13,"positions: 100x GME 500c 1/20, wish me luck retards",positive,0.4737277872011495,GME,reddit,185,20
2023-04-11,"YOLO'd my life savings into MSFT calls, cant go tits up",positive,0.5292961880539702,MSFT,reddit,15,16
2024-08-21,"PLTR squeeze incoming, shorts are fukd",positive,0.7369320529492249,PLTR,reddit,19,9
2023-02-27,"positions: 100x AMZN 500c 1/20, wish me luck retards",positive,0.5033141235983964,AMZN,reddit,14,3
2023-03-09,"YOLO'd my life savings into MSFT calls, cant go tits up",positive,0.301658098784369,MSFT,reddit,12,12
2024-08-27,apes dont sell 💎🙌 AMZN forever,positive,0.7680799830922935,AMZN,reddit,0,22
2024-08-09,if you're not buying AAPL rn you hate money,positive,0.38729320657314237,AAPL,reddit,80,24
2023-02-01,"GOOGL going to $0, get out while you can",negative,-0.8415630350567682,GOOGL,reddit,64,12
2024-09-23,"this is financial advice, buy TSLA",positive,0.7816795793396579,TSLA,reddit,53,1
2024-10-20,bull thesis on MSFT: trust me bro,positive,0.5878907887092926,MSFT,reddit,7,26
2023-11-05,"theta gang on NVDA, selling covered calls",neutral,-0.1180428052201573,NVDA,reddit,36,5
2023-10-17,loss porn: down 90% on BB calls,negative,-0.8297880912848028,BB,reddit,110,14
2023-10-24,"AMC going to $0, get out while you can",negative,-0.7288367185645616,AMC,reddit,145,18
2024-07-17,what's the play on TSLA?,neutral,0.052079182021044224,TSLA,reddit,194,23
2023-05-24,imagine buying META at ATH lmaooo,negative,-0.3292987982563701,META,reddit,140,20
2023-03-23,"NVDA consolidating, waiting for breakout",neutral,0.1396269780221151,NVDA,reddit,5,2
2023-02-03,"sold my PLTR bags, finally free",negative,-0.32814398103923725,PLTR,reddit,53,101
2024-04-18,AMZN IV too high for options rn,neutral,-0.02506448422368454,AMZN,reddit,25,13
2023-12-09,"GUH moment on AAPL, RIP my portfolio",negative,-0.44583138878477285,AAPL,reddit,67,6
2023-12-16,DD: Why GME is going to $1000 🚀,positive,0.39415814720422304,GME,reddit,340,8
2024-06-18,"GUH moment on SPY, RIP my portfolio",negative,-0.5854421199754065,SPY,reddit,72,37
2024-02-17,loss porn: down 90% on BB calls,negative,-0.3597482590545983,BB,reddit,153,5
2023-10-30,"this is financial advice, buy META",positive,0.310379196460952,META,reddit,76,16
2024-06-16,loss porn: down 90% on PLTR calls,negative,-0.4746782839342083,PLTR,reddit,245,8
2024-05-25,"this is financial advice, buy BB",positive,0.8123150367416736,BB,reddit,32,15
2024-08-09,"theta gang on GME, selling covered calls",neutral,-0.05681377444554722,GME,reddit,267,9
2023-11-22,loss porn: down 90% on BB calls,negative,-0.36375531630239677,BB,reddit,10,13
2023-12-19,paper trading PLTR before going in,neutral,0.14531511661974833,PLTR,reddit,218,15
2023-06-22,loss porn: down 90% on AAPL calls,negative,-0.855882819358263,AAPL,reddit,152,75
2024-07-07,if you're not buying GME rn you hate money,positive,0.5818668458627302,GME,reddit,0,46
2023-12-17,"BB consolidating, waiting for breakout",neutral,-0.0911871341671474,BB,reddit,0,37
2023-06-02,"theta gang on MSFT, selling covered calls",neutral,-0.15175011603411545,MSFT,reddit,187,10
2023-01-24,"NVDA going to $0, get out while you can",negative,-0.358687258409474,NVDA,reddit,129,7
2024-10-27,what's the play on NVDA?,neutral,0.04601974409692003,NVDA,reddit,201,2
2024-02-17,"inverse WSB worked, sold GOOGL at the top",negative,-0.81615980265191,GOOGL,reddit,178,6
2023-01-29,loss porn: down 90% on PLTR calls,negative,-0.3459530506428823,PLTR,reddit,35,35
2024-09-13,"AMC puts printing, bears eating good tonight",negative,-0.47019937240591636,AMC,reddit,149,9
2023-01-14,"positions: 100x BB 500c 1/20, wish me luck retards",positive,0.6218096824266547,BB,reddit,30,16
2024-06-28,"inverse WSB worked, sold NVDA at the top",negative,-0.7018104683421782,NVDA,reddit,85,4
2023-05-10,what's the play on AMC?,neutral,-0.08183690662050846,AMC,reddit,67,7
2023-10-05,paper trading GOOGL before going in,neutral,0.01620577919124186,GOOGL,reddit,43,27
2023-07-09,"NVDA going to $0, get out while you can",negative,-0.5984775869892746,NVDA,reddit,55,13
2024-09-29,AMC IV too high for options rn,neutral,0.10376778766312672,AMC,reddit,169,76
2024-06-24,"inverse WSB worked, sold PLTR at the top",negative,-0.7966424045097559,PLTR,reddit,25,2
2024-05-25,bull thesis on GME: trust me bro,positive,0.3871400269047571,GME,reddit,2,9
2024-10-19,"MSFT rug pull, everyone got rekt",negative,-0.4182930765166056,MSFT,reddit,233,3
2024-07-23,META tendies printing 🍗🍗🍗,positive,0.7582131336797244,META,reddit,57,36
2023-06-23,if you're not buying GOOGL rn you hate money,positive,0.828813824371567,GOOGL,reddit,29,11
2023-10-17,AMC IV too high for options rn,neutral,0.037569027447034664,AMC,reddit,140,28
2023-02-11,paper trading SPY before going in,neutral,0.02717154329427901,SPY,reddit,50,9
2023-05-01,"inverse WSB worked, sold BB at the top",negative,-0.6576986095309953,BB,reddit,42,27
2023-10-01,"YOLO'd my life savings into PLTR calls, cant go tits up",positive,0.572391970734043,PLTR,reddit,92,21
2024-06-30,"GUH moment on AMZN, RIP my portfolio",negative,-0.4167624673393292,AMZN,reddit,232,28
2023-04-11,"PLTR squeeze incoming, shorts are fukd",positive,0.6017770357143317,PLTR,reddit,93,11
2023-11-11,what's the play on BB?,neutral,-0.17702243605763687,BB,reddit,52,18
2024-07-10,"positions: 100x META 500c 1/20, wish me luck retards",positive,0.6591398956363683,META,reddit,18,14
2023-08-10,bull thesis on TSLA: trust me bro,positive,0.579183103388498,TSLA,reddit,111,15
2023-02-27,"sold my AAPL bags, finally free",negative,-0.6907892561102904,AAPL,reddit,28,55
2024-11-12,anyone got DD on SPY?,neutral,-0.07994344535285443,SPY,reddit,51,84
2024-02-19,"GME squeeze incoming, shorts are fukd",positive,0.8496449934372412,GME,reddit,14,20
2023-01-05,"YOLO'd my life savings into AMZN calls, cant go tits up",positive,0.4135857530608028,AMZN,reddit,137,71
2023-08-28,what's the play on META?,neutral,-0.05237851296376364,META,reddit,125,4
2023-06-07,anyone got DD on BB?,neutral,-0.12358018774952191,BB,reddit,126,13
2024-02-07,"SPY squeeze incoming, shorts are fukd",positive,0.5304544364440567,SPY,reddit,92,4
2024-05-16,anyone got DD on AAPL?,neutral,-0.07594887824997087,AAPL,reddit,285,4
2024-05-26,GOOGL tendies printing 🍗🍗🍗,positive,0.7595714139116798,GOOGL,reddit,2,10
2024-06-21,wife's boyfriend approved my GME purchase,positive,0.8270916779344042,GME,reddit,418,69
2023-07-23,what's the play on GOOGL?,neutral,-0.012128146046874066,GOOGL,reddit,7,11
2023-09-19,"YOLO'd my life savings into TSLA calls, cant go tits up",positive,0.7999199477888912,TSLA,reddit,75,5
2024-02-01,"YOLO'd my life savings into GME calls, cant go tits up",positive,0.5863460737613081,GME,reddit,77,27
2023-10-29,what's the play on SPY?,neutral,0.10738182429559229,SPY,reddit,118,4
2023-10-17,wife's boyfriend approved my META purchase,positive,0.8708693641389065,META,reddit,173,21
2024-02-11,paper trading GOOGL before going in,neutral,0.057221238414800646,GOOGL,reddit,5,16
2024-08-07,DD: Why TSLA is going to $1000 🚀,positive,0.700372078076637,TSLA,reddit,115,0
2023-12-23,anyone got DD on TSLA?,neutral,-0.07911433171747483,TSLA,reddit,133,25
2023-01-27,"AMZN going to $0, get out while you can",negative,-0.4132058621669571,AMZN,reddit,38,71
2024-05-24,"GOOGL puts printing, bears eating good tonight",negative,-0.4528486919532701,GOOGL,reddit,39,10
2024-05-23,DD: Why MSFT is going to $1000 🚀,positive,0.3277168301853567,MSFT,reddit,33,29
2023-04-29,apes dont sell 💎🙌 AMZN forever,positive,0.4853302227809367,AMZN,reddit,74,6
2023-02-27,"this is financial advice, buy NVDA",positive,0.7243915639795088,NVDA,reddit,56,11
2024-03-08,"GME rug pull, everyone got rekt",negative,-0.46506900645495486,GME,reddit,40,3
2024-04-13,wife's boyfriend approved my GME purchase,positive,0.7233947979982842,GME,reddit,1,18
2023-05-04,"sold my SPY bags, finally free",negative,-0.3286504526813586,SPY,reddit,71,4
2023-07-07,if you're not buying AAPL rn you hate money,positive,0.8924579810692113,AAPL,reddit,90,5
2023-06-17,DD: Why AAPL is going to $1000 🚀,positive,0.40121554401941406,AAPL,reddit,69,27
2024-06-23,loss porn: down 90% on AMZN calls,negative,-0.5066708082912806,AMZN,reddit,14,4
2024-08-14,bull thesis on AMZN: trust me bro,positive,0.35053682686412163,AMZN,reddit,29,13
2023-11-04,"YOLO'd my life savings into GOOGL calls, cant go tits up",positive,0.8397739719813806,GOOGL,reddit,10,14
2024-09-17,"GUH moment on GME, RIP my portfolio",negative,-0.7111551155758308,GME,reddit,57,26
2024-10-30,"positions: 100x BB 500c 1/20, wish me luck retards",positive,0.8075165637862078,BB,reddit,38,81
2023-12-18,"YOLO'd my life savings into GOOGL calls, cant go tits up",positive,0.6779534165967098,GOOGL,reddit,5,4
2024-04-04,DD: Why AMZN is going to $1000 🚀,positive,0.731749089960033,AMZN,reddit,126,23
2023-01-27,"inverse WSB worked, sold AMZN at the top",negative,-0.8431991888782779,AMZN,reddit,44,10
2023-01-01,bull thesis on PLTR: trust me bro,positive,0.8426085876520157,PLTR,reddit,91,29
2023-12-20,BB tendies printing 🍗🍗🍗,positive,0.8323439941018913,BB,reddit,36,29
2023-11-12,"NVDA going to $0, get out while you can",negative,-0.55457563494994,NVDA,reddit,79,53
2023-05-20,"sold my PLTR bags, finally free",negative,-0.4592479526525136,PLTR,reddit,56,38
2024-11-02,"theta gang on MSFT, selling covered calls",neutral,0.10942829329482978,MSFT,reddit,0,15
2023-08-25,DD: Why BB is going to $1000 🚀,positive,0.8783836918146755,BB,reddit,267,15
2024-03-07,apes dont sell 💎🙌 SPY forever,positive,0.877311864380595,SPY,reddit,398,51
2023-01-12,"inverse WSB worked, sold META at the top",negative,-0.5535082396781246,META,reddit,24,10
2023-06-16,wife's boyfriend approved my AMZN purchase,positive,0.7185048009100087,AMZN,reddit,216,1
2024-04-04,"theta gang on MSFT, selling covered calls",neutral,-0.11758813559073858,MSFT,reddit,154,2
2023-11-24,META tendies printing 🍗🍗🍗,positive,0.8185284050813804,META,reddit,52,18
2024-05-21,"theta gang on AMZN, selling covered calls",neutral,0.10939161563298899,AMZN,reddit,185,7
2023-03-11,what's the play on GME?,neutral,0.1563101611173709,GME,reddit,3,20
2024-10-26,imagine buying GME at ATH lmaooo,negative,-0.8058558605549963,GME,reddit,157,24
2024-07-25,"this is financial advice, buy SPY",positive,0.36378575233843546,SPY,reddit,30,9
2023-07-23,anyone got DD on META?,neutral,-0.15120270122329593,META,reddit,140,6
2024-07-07,if you're not buying GOOGL rn you hate money,positive,0.6710544157695365,GOOGL,reddit,5,18
2024-10-19,PLTR IV too high for options rn,neutral,-0.039868713224673114,PLTR,reddit,203,10
2023-10-26,"inverse WSB worked, sold AMC at the top",negative,-0.5364861167396837,AMC,reddit,30,18
2023-06-01,AMZN IV too high for options rn,neutral,0.11112634199038979,AMZN,reddit,170,23
2024-04-04,DD: Why BB is going to $1000 🚀,positive,0.8492642436329836,BB,reddit,64,18
2023-07-08,"positions: 100x TSLA 500c 1/20, wish me luck retards",positive,0.5106460773430156,TSLA,reddit,185,0
2023-08-25,"positions: 100x NVDA 500c 1/20, wish me luck retards",positive,0.7442441758480407,NVDA,reddit,97,30
2024-09-11,"sold my AAPL bags, finally free",negative,-0.5188040460676999,AAPL,reddit,83,11
2024-07-23,"AAPL consolidating, waiting for breakout",neutral,0.016979608995547624,AAPL,reddit,91,15
2024-03-23,anyone got DD on SPY?,neutral,-0.14086084154997827,SPY,reddit,32,67
2023-11-26,"this is financial advice, buy NVDA",positive,0.6165006761083598,NVDA,reddit,139,14
2023-09-29,if you're not buying GOOGL rn you hate money,positive,0.7436986956867473,GOOGL,reddit,75,25
2024-07-29,"NVDA consolidating, waiting for breakout",neutral,0.1333522802407911,NVDA,reddit,261,39
2023-02-02,"YOLO'd my life savings into GOOGL calls, cant go tits up",positive,0.6988822672147705,GOOGL,reddit,132,1
2023-09-30,bull thesis on TSLA: trust me bro,positive,0.6808759084293607,TSLA,reddit,122,26
2023-03-24,"inverse WSB worked, sold AAPL at the top",negative,-0.34722391883397463,AAPL,reddit,182,0
2023-04-16,"YOLO'd my life savings into META calls, cant go tits up",positive,0.44555345552235326,META,reddit,148,10
2023-11-13,wife's boyfriend approved my PLTR purchase,positive,0.799590478582467,PLTR,reddit,2,6
2024-11-24,"sold my MSFT bags, finally free",negative,-0.6069298149717277,MSFT,reddit,60,43
2024-06-19,wife's boyfriend approved my GME purchase,positive,0.7935919029123502,GME,reddit,67,16
2024-09-04,DD: Why AMZN is going to $1000 🚀,positive,0.6127065294759488,AMZN,reddit,17,0
2024-02-04,"GME puts printing, bears eating good tonight",negative,-0.8559204294217261,GME,reddit,5,27
2023-02-21,"BB going to $0, get out while you can",negative,-0.5393745209385248,BB,reddit,10,6
2023-12-02,"sold my AAPL bags, finally free",negative,-0.32256281243325646,AAPL,reddit,15,6
2023-08-23,"BB rug pull, everyone got rekt",negative,-0.5817866313682686,BB,reddit,190,9
2023-05-17,apes dont sell 💎🙌 BB forever,positive,0.700383877315869,BB,reddit,17,56
2024-02-22,"inverse WSB worked, sold AAPL at the top",negative,-0.8324176581896271,AAPL,reddit,71,3
2023-03-31,if you're not buying PLTR rn you hate money,positive,0.4174244641051273,PLTR,reddit,393,4
2023-05-20,bull thesis on META: trust me bro,positive,0.649010599485638,META,reddit,0,25
2023-02-04,"sold my PLTR bags, finally free",negative,-0.5177350147261139,PLTR,reddit,127,38
2023-03-30,"YOLO'd my life savings into TSLA calls, cant go tits up",positive,0.6174917169544674,TSLA,reddit,5,19
2024-11-02,"inverse WSB worked, sold TSLA at the top",negative,-0.7633564749468318,TSLA,reddit,22,4
2024-11-04,anyone got DD on GOOGL?,neutral,-0.06708683809275948,GOOGL,reddit,8,1
2023-05-24,if you're not buying SPY rn you hate money,positive,0.8519962311279228,SPY,reddit,119,30
2023-01-07,DD: Why NVDA is going to $1000 🚀,positive,0.33370220907829756,NVDA,reddit,197,27
2024-06-24,wife's boyfriend approved my AAPL purchase,positive,0.813961948962113,AAPL,reddit,226,143
2024-08-14,"PLTR going to $0, get out while you can",negative,-0.4507331243024219,PLTR,reddit,18,47
2023-10-09,"YOLO'd my life savings into MSFT calls, cant go tits up",positive,0.5617369369211704,MSFT,reddit,65,45
2023-07-26,"NVDA squeeze incoming, shorts are fukd",positive,0.3647059248356626,NVDA,reddit,132,28
2024-04-05,"positions: 100x AMC 500c 1/20, wish me luck retards",positive,0.7622041746320083,AMC,reddit,28,8
2023-04-07,"TSLA consolidating, waiting for breakout",neutral,0.061675979869995456,TSLA,reddit,55,9
2024-09-24,"META squeeze incoming, shorts are fukd",positive,0.8407099314960038,META,reddit,69,8
2024-03-26,PLTR IV too high for options rn,neutral,0.0482454278070478,PLTR,reddit,153,40
2024-02-03,loss porn: down 90% on AMZN calls,negative,-0.5042316117841319,AMZN,reddit,37,7
2023-07-09,"GOOGL going to $0, get out while you can",negative,-0.7967136982063512,GOOGL,reddit,253,14
2024-04-17,"inverse WSB worked, sold PLTR at the top",negative,-0.41871257768418346,PLTR,reddit,2,4
2024-03-01,wife's boyfriend approved my META purchase,positive,0.8463930777664879,META,reddit,106,30
2023-02-25,SPY IV too high for options rn,neutral,0.07754487985786723,SPY,reddit,0,9
2023-05-09,"this is financial advice, buy TSLA",positive,0.7999001609301959,TSLA,reddit,38,72
2024-11-11,if you're not buying SPY rn you hate money,positive,0.34383023205609536,SPY,reddit,9,9
2023-06-15,"YOLO'd my life savings into AMZN calls, cant go tits up",positive,0.8527614533084531,AMZN,reddit,48,14
2024-03-07,wife's boyfriend approved my META purchase,positive,0.5772652673503291,META,reddit,321,13
2024-02-12,"GOOGL rug pull, everyone got rekt",negative,-0.4137084809429829,GOOGL,reddit,18,12
2023-03-20,"sold my PLTR bags, finally free",negative,-0.3410654578804002,PLTR,reddit,44,31
2024-04-29,"this is financial advice, buy AMZN",positive,0.4526444790982289,AMZN,reddit,110,8
2023-11-12,"BB rug pull, everyone got rekt",negative,-0.6360564913002857,BB,reddit,22,27
2023-06-29,paper trading NVDA before going in,neutral,-0.09656900733694447,NVDA,reddit,29,59
2024-04-20,if you're not buying TSLA rn you hate money,positive,0.532438255459224,TSLA,reddit,199,12
2023-10-20,"inverse WSB worked, sold AAPL at the top",negative,-0.6187844833528642,AAPL,reddit,28,0
2023-01-02,"theta gang on MSFT, selling covered calls",neutral,-0.0483081961385769,MSFT,reddit,423,25
2023-05-19,"META consolidating, waiting for breakout",neutral,-0.10186326057728397,META,reddit,52,5
2023-05-03,"theta gang on NVDA, selling covered calls",neutral,0.15222810500515316,NVDA,reddit,190,17
2023-07-17,"positions: 100x TSLA 500c 1/20, wish me luck retards",positive,0.30280608450519925,TSLA,reddit,87,4
2024-05-14,DD: Why AAPL is going to $1000 🚀,positive,0.3370419151523068,AAPL,reddit,426,11
2023-02-18,"BB consolidating, waiting for breakout",neutral,-0.032868123202704325,BB,reddit,75,4
2023-10-20,anyone got DD on BB?,neutral,0.18819405933794248,BB,reddit,8,7
2024-07-20,"inverse WSB worked, sold AMC at the top",negative,-0.5531262809359773,AMC,reddit,46,71
2024-06-15,apes dont sell 💎🙌 AMZN forever,positive,0.8707998510664794,AMZN,reddit,82,8
2023-08-31,"GME consolidating, waiting for breakout",neutral,0.11802310823907625,GME,reddit,50,1
2023-06-17,apes dont sell 💎🙌 BB forever,positive,0.5319396836417433,BB,reddit,774,19
2023-12-07,AAPL IV too high for options rn,neutral,-0.0351705893739655,AAPL,reddit,45,13
2024-03-02,"YOLO'd my life savings into AMZN calls, cant go tits up",positive,0.4451539364434526,AMZN,reddit,78,5
2024-06-28,what's the play on AAPL?,neutral,0.02326393290759224,AAPL,reddit,14,3
2024-05-09,loss porn: down 90% on PLTR calls,negative,-0.3855456050509729,PLTR,reddit,135,11
2024-02-20,loss porn: down 90% on AMZN calls,negative,-0.6642581449220786,AMZN,reddit,44,0
2023-05-21,GOOGL IV too high for options rn,neutral,0.16330829848366274,GOOGL,reddit,102,11
2024-02-16,"YOLO'd my life savings into TSLA calls, cant go tits up",positive,0.7779961240123994,TSLA,reddit,328,49
2024-07-19,MSFT IV too high for options rn,neutral,-0.13791264595843838,MSFT,reddit,80,0
2023-05-26,"sold my AMC bags, finally free",negative,-0.4812944697565659,AMC,reddit,223,4
2024-06-06,imagine buying SPY at ATH lmaooo,negative,-0.7556712929239766,SPY,reddit,66,10
2024-09-16,apes dont sell 💎🙌 GOOGL forever,positive,0.744224065427247,GOOGL,reddit,39,10
2023-10-03,"inverse WSB worked, sold BB at the top",negative,-0.3118508384456118,BB,reddit,381,43
2024-07-19,bull thesis on BB: trust me bro,positive,0.655048783145431,BB,reddit,25,6
2024-11-12,what's the play on MSFT?,neutral,0.01751207934831106,MSFT,reddit,21,31
2023-05-20,"GOOGL squeeze incoming, shorts are fukd",positive,0.6207426701223901,GOOGL,reddit,5,2
2023-12-11,"TSLA consolidating, waiting for breakout",neutral,0.14620643683180662,TSLA,reddit,87,51
2023-11-15,wife's boyfriend approved my GOOGL purchase,positive,0.7091288195285894,GOOGL,reddit,90,11
2023-03-20,MSFT IV too high for options rn,neutral,-0.04760869506029852,MSFT,reddit,102,26
2024-05-01,"YOLO'd my life savings into NVDA calls, cant go tits up",positive,0.4556822732530224,NVDA,reddit,19,48
2024-04-17,what's the play on TSLA?,neutral,0.1754566199580106,TSLA,reddit,11,43
2024-06-18,DD: Why MSFT is going to $1000 🚀,positive,0.6834507279570343,MSFT,reddit,165,13
2024-01-26,"SPY puts printing, bears eating good tonight",negative,-0.7606035135348396,SPY,reddit,300,33
2023-01-22,wife's boyfriend approved my PLTR purchase,positive,0.48581344951610905,PLTR,reddit,78,1
2023-03-08,loss porn: down 90% on AMZN calls,negative,-0.4654333914908588,AMZN,reddit,214,10
2024-11-07,imagine buying SPY at ATH lmaooo,negative,-0.641192225832673,SPY,reddit,408,13
2024-03-30,"sold my META bags, finally free",negative,-0.5979877971309024,META,reddit,37,4
2023-06-06,DD: Why AAPL is going to $1000 🚀,positive,0.7498094674153057,AAPL,reddit,712,15
2024-07-06,imagine buying TSLA at ATH lmaooo,negative,-0.5278817518670547,TSLA,reddit,373,24
2024-11-25,"TSLA rug pull, everyone got rekt",negative,-0.462147171507078,TSLA,reddit,42,28
2024-02-20,"NVDA squeeze incoming, shorts are fukd",positive,0.5623163191191816,NVDA,reddit,9,2
2023-03-25,"positions: 100x GME 500c 1/20, wish me luck retards",positive,0.7361213354294354,GME,reddit,178,21
2023-04-09,"theta gang on SPY, selling covered calls",neutral,-0.05039315067551162,SPY,reddit,52,0
2023-08-10,loss porn: down 90% on PLTR calls,negative,-0.7211630535836595,PLTR,reddit,41,21
2024-06-15,wife's boyfriend approved my PLTR purchase,positive,0.8174496699838596,PLTR,reddit,169,15
2023-07-16,anyone got DD on META?,neutral,-0.040738628921666964,META,reddit,109,49
2023-01-06,paper trading MSFT before going in,neutral,-0.12369368761340067,MSFT,reddit,293,20
2023-11-08,anyone got DD on MSFT?,neutral,0.1787417431561371,MSFT,reddit,161,3
2024-08-01,wife's boyfriend approved my AAPL purchase,positive,0.6118215774942604,AAPL,reddit,32,1
2023-09-27,"GUH moment on AMZN, RIP my portfolio",negative,-0.42764834078157044,AMZN,reddit,174,18
2023-11-06,DD: Why AAPL is going to $1000 🚀,positive,0.3137781289765591,AAPL,reddit,29,13
2024-06-10,"sold my AAPL bags, finally free",negative,-0.3412524703338564,AAPL,reddit,204,8
2023-02-28,"TSLA rug pull, everyone got rekt",negative,-0.8299592906733599,TSLA,reddit,53,10
2023-12-08,"sold my AMC bags, finally free",negative,-0.457946199719648,AMC,reddit,177,75
2023-09-02,"MSFT rug pull, everyone got rekt",negative,-0.3674577752417072,MSFT,reddit,2,12
2024-04-05,"NVDA rug pull, everyone got rekt",negative,-0.7659696288132039,NVDA,reddit,65,55
2024-08-04,anyone got DD on PLTR?,neutral,-0.021424124116340787,PLTR,reddit,54,2
2023-02-25,"GME puts printing, bears eating good tonight",negative,-0.6274141329198507,GME,reddit,1,72
2024-02-18,"AAPL puts printing, bears eating good tonight",negative,-0.5183444861723958,AAPL,reddit,115,4
2024-09-16,"positions: 100x AMC 500c 1/20, wish me luck retards",positive,0.3581480940714992,AMC,reddit,112,4
2023-09-03,"GME puts printing, bears eating good tonight",negative,-0.7362414356009421,GME,reddit,30,1
2024-05-05,"YOLO'd my life savings into SPY calls, cant go tits up",positive,0.3201501878956105,SPY,reddit,24,25
2024-08-14,if you're not buying MSFT rn you hate money,positive,0.8710000937828541,MSFT,reddit,170,5
2024-09-01,TSLA IV too high for options rn,neutral,-0.16257942919520582,TSLA,reddit,30,6
2024-11-17,DD: Why NVDA is going to $1000 🚀,positive,0.5512579682485764,NVDA,reddit,83,34
2023-04-07,NVDA IV too high for options rn,neutral,0.05408546460194513,NVDA,reddit,49,10
2024-07-26,"inverse WSB worked, sold SPY at the top",negative,-0.34851005165046767,SPY,reddit,528,6
2023-03-29,if you're not buying META rn you hate money,positive,0.7015016136052881,META,reddit,152,32
2024-09-03,"AMC squeeze incoming, shorts are fukd",positive,0.460283245799345,AMC,reddit,22,32
2024-06-18,wife's boyfriend approved my MSFT purchase,positive,0.6939319180046837,MSFT,reddit,198,26
2024-07-12,if you're not buying MSFT rn you hate money,positive,0.3727259368184156,MSFT,reddit,118,3
2023-12-22,"GME rug pull, everyone got rekt",negative,-0.6514159775918827,GME,reddit,52,33
2024-02-12,"META consolidating, waiting for breakout",neutral,0.17457857842366492,META,reddit,30,47
2024-10-03,"GOOGL squeeze incoming, shorts are fukd",positive,0.48685278019956935,GOOGL,reddit,251,11
2023-02-22,anyone got DD on PLTR?,neutral,-0.13253004828690923,PLTR,reddit,194,24
2023-11-12,bull thesis on META: trust me bro,positive,0.34468146640593494,META,reddit,31,4
2024-05-14,AMC IV too high for options rn,neutral,0.1049492498951895,AMC,reddit,16,9
2024-03-20,"YOLO'd my life savings into GOOGL calls, cant go tits up",positive,0.5579021437739076,GOOGL,reddit,67,5
2023-10-28,what's the play on TSLA?,neutral,-0.16963133733523877,TSLA,reddit,50,35
2023-04-04,if you're not buying AMZN rn you hate money,positive,0.6924427575077128,AMZN,reddit,68,2
2024-02-10,"YOLO'd my life savings into AAPL calls, cant go tits up",positive,0.706720146536111,AAPL,reddit,62,2
2023-03-14,"inverse WSB worked, sold BB at the top",negative,-0.8924269351991826,BB,reddit,230,2
2024-05-17,BB IV too high for options rn,neutral,0.1594796891925856,BB,reddit,36,3
2024-06-06,anyone got DD on NVDA?,neutral,-0.19890781464327212,NVDA,reddit,114,16
2023-12-04,DD: Why SPY is going to $1000 🚀,positive,0.48344758409192157,SPY,reddit,28,14
2024-08-07,imagine buying GME at ATH lmaooo,negative,-0.873996328572355,GME,reddit,59,7
2023-07-31,"sold my SPY bags, finally free",negative,-0.45645795832856817,SPY,reddit,20,0
2023-05-21,"this is financial advice, buy GME",positive,0.3575738410855056,GME,reddit,109,23
2023-03-04,AMZN tendies printing 🍗🍗🍗,positive,0.863967069621947,AMZN,reddit,1,27
2023-12-04,bull thesis on AMZN: trust me bro,positive,0.8768238125847951,AMZN,reddit,47,6
2024-02-09,"MSFT going to $0, get out while you can",negative,-0.32242727473673427,MSFT,reddit,94,12
2023-12-13,"NVDA going to $0, get out while you can",negative,-0.4599673722149638,NVDA,reddit,53,30
2024-04-07,"AMZN rug pull, everyone got rekt",negative,-0.8947853389147339,AMZN,reddit,20,3
2023-07-07,"inverse WSB worked, sold GME at the top",negative,-0.7805941162097323,GME,reddit,130,51
2023-05-03,DD: Why GME is going to $1000 🚀,positive,0.6614908741025183,GME,reddit,9,37
2024-08-28,TSLA IV too high for options rn,neutral,0.12236669781160298,TSLA,reddit,33,18
2023-06-03,anyone got DD on META?,neutral,-0.09383893364327811,META,reddit,27,50
2024-10-03,"sold my META bags, finally free",negative,-0.5047395290020933,META,reddit,287,2
2024-05-25,"AAPL going to $0, get out while you can",negative,-0.7049957631472142,AAPL,reddit,154,35
2023-10-05,"SPY rug pull, everyone got rekt",negative,-0.8267430827033113,SPY,reddit,299,3
2024-04-11,bull thesis on AMZN: trust me bro,positive,0.7880721879350473,AMZN,reddit,178,0
2023-09-09,loss porn: down 90% on GME calls,negative,-0.8248307289379211,GME,reddit,107,7
2024-02-17,TSLA tendies printing 🍗🍗🍗,positive,0.8489100252295345,TSLA,reddit,2,8
2024-04-15,"GUH moment on NVDA, RIP my portfolio",negative,-0.33046596448541465,NVDA,reddit,229,38
2023-01-22,MSFT IV too high for options rn,neutral,0.057726572926802,MSFT,reddit,57,67
2024-09-07,bull thesis on AAPL: trust me bro,positive,0.3082012427601039,AAPL,reddit,199,5
2024-09-17,"META puts printing, bears eating good tonight",negative,-0.3178389618193649,META,reddit,3,16
2023-04-26,"GUH moment on PLTR, RIP my portfolio",negative,-0.8129622940732181,PLTR,reddit,11,8
2024-03-25,DD: Why BB is going to $1000 🚀,positive,0.8922711924970363,BB,reddit,35,38
2023-07-16,what's the play on TSLA?,neutral,0.1632324997166233,TSLA,reddit,172,1
2023-09-16,DD: Why PLTR is going to $1000 🚀,positive,0.7891249708874595,PLTR,reddit,57,1
2024-06-23,"positions: 100x AMC 500c 1/20, wish me luck retards",positive,0.6309885178948567,AMC,reddit,51,22
2023-12-06,"NVDA consolidating, waiting for breakout",neutral,0.08248369712347664,NVDA,reddit,34,5
2024-05-08,"GUH moment on SPY, RIP my portfolio",negative,-0.4799187262685687,SPY,reddit,11,18
2023-12-14,what's the play on TSLA?,neutral,-0.025584178823018444,TSLA,reddit,60,23
2024-10-13,"positions: 100x SPY 500c 1/20, wish me luck retards",positive,0.5690778802146244,SPY,reddit,239,4
2023-09-09,imagine buying PLTR at ATH lmaooo,negative,-0.443213720358723,PLTR,reddit,15,35
2023-07-06,"MSFT going to $0, get out while you can",negative,-0.8938807194221992,MSFT,reddit,292,18
2024-07-11,"theta gang on PLTR, selling covered calls",neutral,-0.04241685761061978,PLTR,reddit,21,13
2023-02-13,"inverse WSB worked, sold META at the top",negative,-0.5065816701987539,META,reddit,25,29
2024-11-21,apes dont sell 💎🙌 META forever,positive,0.6639705478702648,META,reddit,11,17
2024-07-16,paper trading AMZN before going in,neutral,0.00501584745315059,AMZN,reddit,163,4
2023-05-19,"GOOGL going to $0, get out while you can",negative,-0.6408826776748118,GOOGL,reddit,302,43
2024-05-07,SPY tendies printing 🍗🍗🍗,positive,0.6100566973790522,SPY,reddit,192,0
2023-09-17,"TSLA rug pull, everyone got rekt",negative,-0.4383043261236366,TSLA,reddit,0,13
2024-08-08,"NVDA going to $0, get out while you can",negative,-0.5520711815426645,NVDA,reddit,19,15
2024-10-08,TSLA tendies printing 🍗🍗🍗,positive,0.8856639059431959,TSLA,reddit,61,11
2023-11-03,DD: Why GME is going to $1000 🚀,positive,0.688758640699207,GME,reddit,88,16
2023-06-07,what's the play on GME?,neutral,-0.020429133619536716,GME,reddit,86,8
2024-09-26,"MSFT consolidating, waiting for breakout",neutral,0.0380506389661916,MSFT,reddit,57,4
2023-04-19,"PLTR puts printing, bears eating good tonight",negative,-0.5689125563643148,PLTR,reddit,268,54
2023-05-30,PLTR IV too high for options rn,neutral,0.15807046731039315,PLTR,reddit,39,25
2024-03-30,TSLA tendies printing 🍗🍗🍗,positive,0.7125832892670152,TSLA,reddit,87,5
2023-08-07,"this is financial advice, buy AMZN",positive,0.7824509660989942,AMZN,reddit,42,86
2024-04-09,wife's boyfriend approved my SPY purchase,positive,0.3682359289413858,SPY,reddit,112,14
2024-02-26,GME IV too high for options rn,neutral,0.011325374965039187,GME,reddit,47,20
2023-06-21,paper trading AMZN before going in,neutral,0.17184292993651645,AMZN,reddit,412,1
2024-06-27,"inverse WSB worked, sold TSLA at the top",negative,-0.6360946038832267,TSLA,reddit,84,3
2023-12-04,bull thesis on AMC: trust me bro,positive,0.6598521742158172,AMC,reddit,50,3
2024-05-30,GOOGL tendies printing 🍗🍗🍗,positive,0.742844238997951,GOOGL,reddit,332,91
2024-10-09,"this is financial advice, buy PLTR",positive,0.6225486055594802,PLTR,reddit,135,4
2024-05-01,bull thesis on PLTR: trust me bro,positive,0.4836841733478966,PLTR,reddit,175,5
2023-06-23,"PLTR going to $0, get out while you can",negative,-0.701071843655748,PLTR,reddit,40,5
2024-03-03,"GUH moment on MSFT, RIP my portfolio",negative,-0.3603055955850232,MSFT,reddit,224,34
2023-04-24,"theta gang on PLTR, selling covered calls",neutral,-0.10664296139623253,PLTR,reddit,94,35
2023-10-05,"this is financial advice, buy GME",positive,0.38519285517898605,GME,reddit,52,47
2024-01-28,"sold my GOOGL bags, finally free",negative,-0.4500626298413375,GOOGL,reddit,73,2
2023-09-20,paper trading GOOGL before going in,neutral,-0.030127994943573627,GOOGL,reddit,145,47
2024-04-15,"theta gang on MSFT, selling covered calls",neutral,-0.10665712709340319,MSFT,reddit,48,3
2023-06-25,"MSFT squeeze incoming, shorts are fukd",positive,0.8121494956676207,MSFT,reddit,19,0
2023-03-14,"sold my GOOGL bags, finally free",negative,-0.4618765508579955,GOOGL,reddit,111,39
2023-07-05,"sold my TSLA bags, finally free",negative,-0.501082790936495,TSLA,reddit,211,21
2023-07-03,imagine buying SPY at ATH lmaooo,negative,-0.35691882625555627,SPY,reddit,229,52
2024-10-01,"MSFT going to $0, get out while you can",negative,-0.6555753575294959,MSFT,reddit,193,0
2023-09-18,"sold my MSFT bags, finally free",negative,-0.5466893813719216,MSFT,reddit,77,24
2024-08-30,DD: Why AMZN is going to $1000 🚀,positive,0.4720631353461815,AMZN,reddit,68,22
2024-07-22,what's the play on AMZN?,neutral,0.05069078461261295,AMZN,reddit,251,14
2024-08-04,"AMZN going to $0, get out while you can",negative,-0.7831665665125646,AMZN,reddit,44,2
2023-01-25,AMC IV too high for options rn,neutral,-0.09802822528457843,AMC,reddit,357,81
2024-01-14,"GME puts printing, bears eating good tonight",negative,-0.30615885911850216,GME,reddit,167,6
2023-10-10,"theta gang on BB, selling covered calls",neutral,0.19364015331500456,BB,reddit,43,5
2024-03-28,GME IV too high for options rn,neutral,-0.19261776290833896,GME,reddit,96,7
2023-07-21,what's the play on AMZN?,neutral,-0.034837275345699664,AMZN,reddit,176,5
2023-03-27,"BB consolidating, waiting for breakout",neutral,0.19296826771001285,BB,reddit,74,2
2023-09-16,"positions: 100x SPY 500c 1/20, wish me luck retards",positive,0.6420300686323407,SPY,reddit,7,0
2024-04-15,"sold my GME bags, finally free",negative,-0.7819931180758617,GME,reddit,53,20
2024-07-23,loss porn: down 90% on TSLA calls,negative,-0.7769203820473584,TSLA,reddit,56,54
2023-09-12,what's the play on AAPL?,neutral,-0.16593042721647194,AAPL,reddit,93,46
2024-01-19,apes dont sell 💎🙌 MSFT forever,positive,0.595753130215601,MSFT,reddit,5,1
2023-12-24,"AMC rug pull, everyone got rekt",negative,-0.6413752187981243,AMC,reddit,185,28
2024-05-18,"this is financial advice, buy AMZN",positive,0.6498097952314043,AMZN,reddit,218,18
2024-01-06,"YOLO'd my life savings into META calls, cant go tits up",positive,0.4661058026259103,META,reddit,57,0
2023-11-27,loss porn: down 90% on AAPL calls,negative,-0.8298332669885581,AAPL,reddit,94,17
2023-08-24,"positions: 100x MSFT 500c 1/20, wish me luck retards",positive,0.7191825897711406,MSFT,reddit,41,35
2023-01-25,anyone got DD on MSFT?,neutral,0.15513354835574455,MSFT,reddit,125,21
2024-06-06,SPY IV too high for options rn,neutral,-0.14683475017562497,SPY,reddit,14,7
2023-05-25,"MSFT rug pull, everyone got rekt",negative,-0.549654092151518,MSFT,reddit,18,4
2023-07-21,"AMC squeeze incoming, shorts are fukd",positive,0.5825650847184982,AMC,reddit,154,7
2023-12-18,paper trading AMZN before going in,neutral,-0.14991186970336493,AMZN,reddit,143,1
2023-05-01,what's the play on AMZN?,neutral,-0.09590453808387873,AMZN,reddit,23,44
2024-08-11,AMC IV too high for options rn,neutral,-0.019989469384128045,AMC,reddit,51,61
2023-02-05,GOOGL tendies printing 🍗🍗🍗,positive,0.44406590880980334,GOOGL,reddit,4,16
2023-05-16,"sold my NVDA bags, finally free",negative,-0.30158795772508884,NVDA,reddit,120,2
2024-06-06,paper trading AMC before going in,neutral,-0.18192422823888982,AMC,reddit,72,26
2024-06-10,"inverse WSB worked, sold AMZN at the top",negative,-0.5722824143880831,AMZN,reddit,9,16
2024-06-09,wife's boyfriend approved my AMC purchase,positive,0.4563143369622711,AMC,reddit,510,29
2024-06-20,paper trading GOOGL before going in,neutral,0.15363726109006498,GOOGL,reddit,256,108
2023-12-04,"TSLA rug pull, everyone got rekt",negative,-0.4355104568144186,TSLA,reddit,79,25
2024-05-06,"sold my BB bags, finally free",negative,-0.7195693538513364,BB,reddit,113,14
2023-12-29,"positions: 100x SPY 500c 1/20, wish me luck retards",positive,0.5501562897027896,SPY,reddit,23,10
2024-08-24,bull thesis on GME: trust me bro,positive,0.4933225291019493,GME,reddit,30,26
2023-08-16,loss porn: down 90% on AAPL calls,negative,-0.5255775410636072,AAPL,reddit,89,21
2024-09-13,apes dont sell 💎🙌 AAPL forever,positive,0.442677909560095,AAPL,reddit,96,11
2023-04-28,DD: Why AAPL is going to $1000 🚀,positive,0.843039090076368,AAPL,reddit,109,24
2023-10-20,MSFT tendies printing 🍗🍗🍗,positive,0.6488872439283369,MSFT,reddit,172,42
2023-05-15,bull thesis on PLTR: trust me bro,positive,0.7056011019918735,PLTR,reddit,57,19
2024-11-11,"META squeeze incoming, shorts are fukd",positive,0.7088062831433501,META,reddit,103,21
2024-08-23,"GUH moment on GOOGL, RIP my portfolio",negative,-0.3924667489315826,GOOGL,reddit,45,15
2024-03-02,if you're not buying AMZN rn you hate money,positive,0.6340715882212316,AMZN,reddit,168,10
2024-01-20,apes dont sell 💎🙌 MSFT forever,positive,0.8821205309781663,MSFT,reddit,40,31
2023-04-29,apes dont sell 💎🙌 AAPL forever,positive,0.7400201909587417,AAPL,reddit,126,0
2023-12-02,wife's boyfriend approved my META purchase,positive,0.632014193414851,META,reddit,6,48
2024-10-17,"SPY consolidating, waiting for breakout",neutral,0.13706204338222672,SPY,reddit,15,19
2023-11-14,"MSFT consolidating, waiting for breakout",neutral,0.05035548740613943,MSFT,reddit,99,29
2023-06-19,"YOLO'd my life savings into BB calls, cant go tits up",positive,0.6160807116306761,BB,reddit,344,3
2024-11-10,apes dont sell 💎🙌 AMC forever,positive,0.7991268159967351,AMC,reddit,93,18
2024-04-29,"inverse WSB worked, sold META at the top",negative,-0.5240299858234913,META,reddit,72,38
2023-01-06,"YOLO'd my life savings into SPY calls, cant go tits up",positive,0.6191558838131699,SPY,reddit,172,10
2023-05-11,"BB rug pull, everyone got rekt",negative,-0.4369031977971039,BB,reddit,140,49
2024-02-10,"MSFT rug pull, everyone got rekt",negative,-0.661885711798891,MSFT,reddit,39,2
2024-11-13,"theta gang on BB, selling covered calls",neutral,0.14618291157606178,BB,reddit,65,23
2024-05-06,"AAPL rug pull, everyone got rekt",negative,-0.8578488998137676,AAPL,reddit,282,38
2023-05-17,"GUH moment on SPY, RIP my portfolio",negative,-0.7076111336769231,SPY,reddit,12,20
2023-06-29,"AAPL squeeze incoming, shorts are fukd",positive,0.8821189187194867,AAPL,reddit,82,38
2023-12-21,"GOOGL consolidating, waiting for breakout",neutral,0.05805397736857243,GOOGL,reddit,71,5
2023-12-24,"YOLO'd my life savings into NVDA calls, cant go tits up",positive,0.5098585287666333,NVDA,reddit,25,10
2024-01-31,anyone got DD on PLTR?,neutral,-0.14004988865535398,PLTR,reddit,255,77
2024-11-06,imagine buying BB at ATH lmaooo,negative,-0.7073152305873912,BB,reddit,516,5
2023-10-13,loss porn: down 90% on GOOGL calls,negative,-0.6438536893849569,GOOGL,reddit,11,21
2024-09-27,what's the play on AAPL?,neutral,0.06027077716853346,AAPL,reddit,21,0
2024-02-28,wife's boyfriend approved my AAPL purchase,positive,0.3544682302640249,AAPL,reddit,37,25
2024-06-08,apes dont sell 💎🙌 META forever,positive,0.5816362176662319,META,reddit,101,8
2024-11-01,if you're not buying BB rn you hate money,positive,0.7743265984987147,BB,reddit,39,6
2023-07-10,"GUH moment on META, RIP my portfolio",negative,-0.718637006997335,META,reddit,71,55
2023-07-10,anyone got DD on AAPL?,neutral,-0.019731321651813932,AAPL,reddit,19,13
2024-08-27,"GUH moment on META, RIP my portfolio",negative,-0.70306562318199,META,reddit,28,58
2024-01-03,META IV too high for options rn,neutral,-0.11119722096313485,META,reddit,133,4
2024-09-08,paper trading PLTR before going in,neutral,0.03800560750219048,PLTR,reddit,132,6
2023-04-28,paper trading AMC before going in,neutral,0.17252158480001917,AMC,reddit,224,3
2024-10-05,"BB squeeze incoming, shorts are fukd",positive,0.536334636048719,BB,reddit,29,66
2024-07-24,apes dont sell 💎🙌 GOOGL forever,positive,0.6381537300776242,GOOGL,reddit,38,13
2023-12-09,what's the play on AMZN?,neutral,-0.08231873249537354,AMZN,reddit,65,17
2024-06-19,"GUH moment on AMC, RIP my portfolio",negative,-0.49574767565495265,AMC,reddit,172,20
2024-08-14,"PLTR squeeze incoming, shorts are fukd",positive,0.5491279521052024,PLTR,reddit,182,88
2024-08-06,"GUH moment on BB, RIP my portfolio",negative,-0.880388029175581,BB,reddit,54,4
2023-03-24,if you're not buying TSLA rn you hate money,positive,0.37663974066986705,TSLA,reddit,61,3
2023-10-12,loss porn: down 90% on BB calls,negative,-0.6392795835296088,BB,reddit,31,37
2024-06-04,"theta gang on NVDA, selling covered calls",neutral,0.06275477503372817,NVDA,reddit,81,57
2024-01-20,"GUH moment on META, RIP my portfolio",negative,-0.6277773405199196,META,reddit,117,0
2024-05-28,"YOLO'd my life savings into GME calls, cant go tits up",positive,0.5036287111797242,GME,reddit,246,12
2023-08-04,"this is financial advice, buy TSLA",positive,0.8928638456270754,TSLA,reddit,158,63
2023-03-30,"TSLA consolidating, waiting for breakout",neutral,0.10681153589732018,TSLA,reddit,201,18
2024-07-05,"positions: 100x AMC 500c 1/20, wish me luck retards",positive,0.8815023187477857,AMC,reddit,41,2
2024-07-01,wife's boyfriend approved my NVDA purchase,positive,0.49163121046360814,NVDA,reddit,184,43
2023-06-18,if you're not buying MSFT rn you hate money,positive,0.4783660896734228,MSFT,reddit,257,40
2024-02-28,"YOLO'd my life savings into TSLA calls, cant go tits up",positive,0.3296291958845944,TSLA,reddit,389,23
2024-07-21,"positions: 100x TSLA 500c 1/20, wish me luck retards",positive,0.37637155233647857,TSLA,reddit,48,8
2023-04-23,wife's boyfriend approved my GME purchase,positive,0.7304297787570404,GME,reddit,40,3
2023-01-02,"GME squeeze incoming, shorts are fukd",positive,0.4823942410922558,GME,reddit,65,57
2023-11-14,"theta gang on AAPL, selling covered calls",neutral,0.020373156904742645,AAPL,reddit,2,21
2024-08-15,bull thesis on MSFT: trust me bro,positive,0.3886565582711822,MSFT,reddit,119,15
2023-03-21,"GME puts printing, bears eating good tonight",negative,-0.7428694084989471,GME,reddit,54,16
2024-11-17,GOOGL tendies printing 🍗🍗🍗,positive,0.5534395097824409,GOOGL,reddit,139,37
2024-09-03,GME IV too high for options rn,neutral,-0.09864562747652493,GME,reddit,47,39
2024-09-02,"YOLO'd my life savings into META calls, cant go tits up",positive,0.7911261090393384,META,reddit,31,22
2024-10-24,if you're not buying TSLA rn you hate money,positive,0.6023279589307531,TSLA,reddit,16,0
2024-03-24,"theta gang on GOOGL, selling covered calls",neutral,0.1472754427322629,GOOGL,reddit,196,27
2024-07-17,what's the play on SPY?,neutral,-0.012269475801733876,SPY,reddit,368,2
2024-04-08,"GUH moment on SPY, RIP my portfolio",negative,-0.7003030057227867,SPY,reddit,70,3
2023-04-29,wife's boyfriend approved my AAPL purchase,positive,0.5015099835758595,AAPL,reddit,99,0
2023-07-05,paper trading BB before going in,neutral,0.09150135230443895,BB,reddit,23,14
2023-01-18,"positions: 100x AMC 500c 1/20, wish me luck retards",positive,0.662568493445965,AMC,reddit,68,8
2024-11-02,DD: Why TSLA is going to $1000 🚀,positive,0.32439486792933525,TSLA,reddit,162,13
2023-10-19,PLTR tendies printing 🍗🍗🍗,positive,0.35781425399197764,PLTR,reddit,51,9
2024-01-01,"BB consolidating, waiting for breakout",neutral,-0.06675044171755024,BB,reddit,110,13
2023-05-20,paper trading MSFT before going in,neutral,-0.030650247832944594,MSFT,reddit,105,8
2024-10-11,AAPL IV too high for options rn,neutral,-0.1664030887397423,AAPL,reddit,186,9
2023-04-09,"inverse WSB worked, sold GOOGL at the top",negative,-0.32511841416961684,GOOGL,reddit,91,22
2024-06-17,"sold my TSLA bags, finally free",negative,-0.6242929788289258,TSLA,reddit,39,12
2024-06-13,imagine buying TSLA at ATH lmaooo,negative,-0.4893786221226535,TSLA,reddit,23,0
2023-11-18,bull thesis on BB: trust me bro,positive,0.7767697068258843,BB,reddit,280,34
2023-09-01,if you're not buying AAPL rn you hate money,positive,0.8668670904417444,AAPL,reddit,129,18
2024-02-18,"SPY going to $0, get out while you can",negative,-0.3867735913846049,SPY,reddit,115,0
2024-07-17,loss porn: down 90% on AMZN calls,negative,-0.5226143444314446,AMZN,reddit,68,9
2024-05-21,"YOLO'd my life savings into AAPL calls, cant go tits up",positive,0.4864628183897683,AAPL,reddit,391,11
2024-07-05,DD: Why AMC is going to $1000 🚀,positive,0.4555759376862745,AMC,reddit,36,40
2024-02-29,if you're not buying NVDA rn you hate money,positive,0.8715242468087376,NVDA,reddit,164,5
2023-12-06,"SPY going to $0, get out while you can",negative,-0.5972605985795922,SPY,reddit,199,21
2023-10-31,anyone got DD on AAPL?,neutral,0.11898535768923446,AAPL,reddit,152,10
2023-12-07,anyone got DD on GOOGL?,neutral,0.12109404160740589,GOOGL,reddit,73,12
2024-11-09,DD: Why PLTR is going to $1000 🚀,positive,0.3239997899598598,PLTR,reddit,12,14
2024-06-14,"inverse WSB worked, sold TSLA at the top",negative,-0.5246406189193147,TSLA,reddit,120,13
2024-11-25,bull thesis on PLTR: trust me bro,positive,0.8267875072906119,PLTR,reddit,73,0
2024-06-05,"MSFT rug pull, everyone got rekt",negative,-0.45409821283605245,MSFT,reddit,133,3
2024-06-13,bull thesis on GOOGL: trust me bro,positive,0.6170744944018256,GOOGL,reddit,251,3
2024-01-23,loss porn: down 90% on AAPL calls,negative,-0.3449290421235608,AAPL,reddit,200,44
2023-12-02,apes dont sell 💎🙌 GOOGL forever,positive,0.5410864602890241,GOOGL,reddit,230,3
2023-02-10,SPY tendies printing 🍗🍗🍗,positive,0.7644280866617132,SPY,reddit,32,6
2023-03-07,META tendies printing 🍗🍗🍗,positive,0.8761737191267742,META,reddit,18,34
2024-07-18,DD: Why SPY is going to $1000 🚀,positive,0.6308407410305222,SPY,reddit,17,13
2024-01-03,AMZN tendies printing 🍗🍗🍗,positive,0.43963216123157245,AMZN,reddit,107,9
2024-01-30,"this is financial advice, buy NVDA",positive,0.321831068577825,NVDA,reddit,212,25
2024-01-24,bull thesis on AAPL: trust me bro,positive,0.5647220094557059,AAPL,reddit,173,3
2024-06-07,DD: Why MSFT is going to $1000 🚀,positive,0.7712268202850743,MSFT,reddit,5,23
2023-07-02,"AAPL rug pull, everyone got rekt",negative,-0.3315238087621457,AAPL,reddit,114,9
2023-09-04,"MSFT rug pull, everyone got rekt",negative,-0.695327146369484,MSFT,reddit,15,42
2024-07-14,if you're not buying GME rn you hate money,positive,0.33842687950684835,GME,reddit,378,36
2023-10-17,wife's boyfriend approved my TSLA purchase,positive,0.621814374606757,TSLA,reddit,369,57
2024-11-05,"MSFT consolidating, waiting for breakout",neutral,-0.15313327250178554,MSFT,reddit,230,0
2023-07-28,"GUH moment on NVDA, RIP my portfolio",negative,-0.4472117681940344,NVDA,reddit,273,20
2023-03-11,anyone got DD on NVDA?,neutral,-0.09800576630215684,NVDA,reddit,2,35
2024-06-24,"PLTR puts printing, bears eating good tonight",negative,-0.6042325795417176,PLTR,reddit,19,24
2023-11-17,paper trading SPY before going in,neutral,0.04068849343325748,SPY,reddit,117,23
2024-09-19,what's the play on AMC?,neutral,-0.16285814467666065,AMC,reddit,100,0
2023-03-08,"this is financial advice, buy AMZN",positive,0.4628686809529118,AMZN,reddit,73,9
2023-04-09,if you're not buying AMZN rn you hate money,positive,0.8594943940402353,AMZN,reddit,61,0
2024-03-09,anyone got DD on GME?,neutral,-0.16564569723678782,GME,reddit,65,27
2024-06-13,"SPY consolidating, waiting for breakout",neutral,0.040064301471220753,SPY,reddit,205,0
2023-01-24,"GME going to $0, get out while you can",negative,-0.4627358718951895,GME,reddit,1,82
2024-06-04,loss porn: down 90% on NVDA calls,negative,-0.32750047925536974,NVDA,reddit,5,8
2024-01-14,anyone got DD on GOOGL?,neutral,-0.09612391998642256,GOOGL,reddit,38,70
2023-01-14,"YOLO'd my life savings into MSFT calls, cant go tits up",positive,0.724695594512089,MSFT,reddit,133,19
2024-02-25,"YOLO'd my life savings into AMC calls, cant go tits up",positive,0.41335839340533614,AMC,reddit,113,3
2024-06-28,anyone got DD on META?,neutral,-0.17821056804745652,META,reddit,3,30
2023-10-25,"AMC rug pull, everyone got rekt",negative,-0.7421268592316436,AMC,reddit,144,7
2024-07-18,bull thesis on SPY: trust me bro,positive,0.7394196199860081,SPY,reddit,29,42
2023-03-21,GOOGL tendies printing 🍗🍗🍗,positive,0.6626672240421547,GOOGL,reddit,12,31
2023-07-27,"AAPL going to $0, get out while you can",negative,-0.43094111300480126,AAPL,reddit,177,13
2023-05-17,"AMC rug pull, everyone got rekt",negative,-0.8996981225306832,AMC,reddit,422,4
2023-01-20,"this is financial advice, buy NVDA",positive,0.6608961524222479,NVDA,reddit,70,8
2024-02-07,"positions: 100x GOOGL 500c 1/20, wish me luck retards",positive,0.7856008974411117,GOOGL,reddit,18,16
2023-12-05,bull thesis on BB: trust me bro,positive,0.8486402559294324,BB,reddit,187,36
2023-01-11,paper trading AMZN before going in,neutral,-0.1468965347098266,AMZN,reddit,92,14
2023-05-31,paper trading PLTR before going in,neutral,0.13398140988748847,PLTR,reddit,13,44
2023-10-31,"TSLA squeeze incoming, shorts are fukd",positive,0.5734171087613766,TSLA,reddit,266,34
2023-12-01,apes dont sell 💎🙌 BB forever,positive,0.6296245044834908,BB,reddit,4,10
2024-08-02,"BB consolidating, waiting for breakout",neutral,-0.16800147256906608,BB,reddit,197,14
2024-04-10,"YOLO'd my life savings into GOOGL calls, cant go tits up",positive,0.8828117632405665,GOOGL,reddit,143,23
2023-12-16,"this is financial advice, buy AMC",positive,0.4847498800513226,AMC,reddit,26,22
2024-04-29,"this is financial advice, buy GME",positive,0.60528348393462,GME,reddit,63,47
2024-09-13,"positions: 100x GME 500c 1/20, wish me luck retards",positive,0.46610311561067974,GME,reddit,204,0
2024-09-03,loss porn: down 90% on META calls,negative,-0.4846960868380491,META,reddit,9,25
2023-01-11,"META rug pull, everyone got rekt",negative,-0.49890721278405065,META,reddit,16,22
2023-09-07,AAPL tendies printing 🍗🍗🍗,positive,0.8313503879126196,AAPL,reddit,97,45
2023-12-01,"sold my NVDA bags, finally free",negative,-0.6237743534235806,NVDA,reddit,177,53
2023-03-10,"AMZN squeeze incoming, shorts are fukd",positive,0.756107355029411,AMZN,reddit,236,79
2023-01-27,if you're not buying BB rn you hate money,positive,0.4517318186572884,BB,reddit,0,29
2024-02-11,"GOOGL consolidating, waiting for breakout",neutral,-0.09784614022136728,GOOGL,reddit,145,3
2024-05-30,wife's boyfriend approved my GOOGL purchase,positive,0.3286583253705158,GOOGL,reddit,1,7
2023-12-07,paper trading SPY before going in,neutral,-0.0029990164402256547,SPY,reddit,71,4
2024-07-10,if you're not buying GOOGL rn you hate money,positive,0.8627525780237824,GOOGL,reddit,115,46
2023-01-27,anyone got DD on PLTR?,neutral,0.1952399423566359,PLTR,reddit,43,12
2023-06-16,imagine buying AAPL at ATH lmaooo,negative,-0.438873309399994,AAPL,reddit,87,24
2023-07-26,"AAPL consolidating, waiting for breakout",neutral,0.11916554622489406,AAPL,reddit,557,52
2023-06-10,"GOOGL consolidating, waiting for breakout",neutral,-0.1692721958398504,GOOGL,reddit,58,4
2024-04-04,"sold my META bags, finally free",negative,-0.7436232912084262,META,reddit,196,81
2024-07-07,bull thesis on AMC: trust me bro,positive,0.5468820481958057,AMC,reddit,52,43
2024-03-21,DD: Why AAPL is going to $1000 🚀,positive,0.7265883070093202,AAPL,reddit,111,32
2023-12-30,what's the play on META?,neutral,0.12001269924792185,META,reddit,33,8
2023-11-30,"NVDA consolidating, waiting for breakout",neutral,0.061246171443671615,NVDA,reddit,232,18
2023-06-25,"sold my NVDA bags, finally free",negative,-0.772230438606034,NVDA,reddit,153,16
2023-09-27,apes dont sell 💎🙌 SPY forever,positive,0.3482741804004125,SPY,reddit,82,49
2024-01-30,"inverse WSB worked, sold SPY at the top",negative,-0.5012885375034499,SPY,reddit,45,23
2024-08-08,loss porn: down 90% on META calls,negative,-0.6881477774379521,META,reddit,19,1
2023-09-16,"PLTR puts printing, bears eating good tonight",negative,-0.8799767558397787,PLTR,reddit,50,56
2024-04-22,"BB consolidating, waiting for breakout",neutral,0.14495245459661693,BB,reddit,121,8
2023-03-20,what's the play on TSLA?,neutral,-0.1104133575928966,TSLA,reddit,35,0
2024-01-26,bull thesis on TSLA: trust me bro,positive,0.8690740926843104,TSLA,reddit,34,11
2024-04-09,"this is financial advice, buy SPY",positive,0.3723284834986477,SPY,reddit,78,16
2024-01-27,"this is financial advice, buy MSFT",positive,0.4893808401139219,MSFT,reddit,72,107
2024-04-10,apes dont sell 💎🙌 GME forever,positive,0.8937732121015798,GME,reddit,28,10
2024-08-12,"AAPL rug pull, everyone got rekt",negative,-0.6340770500593614,AAPL,reddit,142,3
2024-11-13,"theta gang on GME, selling covered calls",neutral,-0.17813176543761436,GME,reddit,19,46
2023-01-09,"PLTR rug pull, everyone got rekt",negative,-0.5878270709757651,PLTR,reddit,212,27
2023-07-22,"YOLO'd my life savings into AMC calls, cant go tits up",positive,0.353948741788583,AMC,reddit,62,47
2024-04-08,apes dont sell 💎🙌 GOOGL forever,positive,0.6802872223682708,GOOGL,reddit,33,15
2023-10-31,"MSFT puts printing, bears eating good tonight",negative,-0.33043588780087185,MSFT,reddit,212,21
2024-05-15,bull thesis on PLTR: trust me bro,positive,0.6064472597813098,PLTR,reddit,2,88
2023-06-03,apes dont sell 💎🙌 SPY forever,positive,0.5443124038018171,SPY,reddit,62,80
2024-09-06,"GME puts printing, bears eating good tonight",negative,-0.3856251542512399,GME,reddit,140,1
2023-09-25,paper trading GOOGL before going in,neutral,-0.08666294707299485,GOOGL,reddit,191,3
2023-07-13,apes dont sell 💎🙌 GOOGL forever,positive,0.8615257893003916,GOOGL,reddit,200,12
2024-01-04,DD: Why MSFT is going to $1000 🚀,positive,0.6991224751268721,MSFT,reddit,7,1
2023-04-01,"TSLA rug pull, everyone got rekt",negative,-0.8197884179302751,TSLA,reddit,45,15
2024-10-20,paper trading TSLA before going in,neutral,-0.14338480766413506,TSLA,reddit,22,11
2023-05-04,"inverse WSB worked, sold MSFT at the top",negative,-0.3557037367863448,MSFT,reddit,64,14
2023-10-30,"YOLO'd my life savings into GME calls, cant go tits up",positive,0.812597887715298,GME,reddit,220,4
2023-12-04,"theta gang on GME, selling covered calls",neutral,-0.10666651170614978,GME,reddit,89,9
2024-09-30,wife's boyfriend approved my MSFT purchase,positive,0.7292155633398493,MSFT,reddit,101,19
2024-04-13,"YOLO'd my life savings into AMZN calls, cant go tits up",positive,0.7008446864468101,AMZN,reddit,61,5
2023-06-23,"theta gang on AAPL, selling covered calls",neutral,0.1362025192487567,AAPL,reddit,2,17
2023-07-04,what's the play on AMC?,neutral,-0.13240530410303014,AMC,reddit,84,1
2024-10-19,"GOOGL going to $0, get out while you can",negative,-0.474747766197361,GOOGL,reddit,252,1
2024-08-26,"NVDA squeeze incoming, shorts are fukd",positive,0.8740913460671866,NVDA,reddit,140,2
2023-11-26,apes dont sell 💎🙌 SPY forever,positive,0.7376279363814973,SPY,reddit,341,53
2023-06-25,wife's boyfriend approved my SPY purchase,positive,0.3340249123703226,SPY,reddit,57,8
2024-02-14,"YOLO'd my life savings into MSFT calls, cant go tits up",positive,0.32851698616116204,MSFT,reddit,89,7
2024-09-04,"GOOGL rug pull, everyone got rekt",negative,-0.7077268026548802,GOOGL,reddit,71,9
2024-10-12,"GME consolidating, waiting for breakout",neutral,0.12882781994277376,GME,reddit,60,18
2023-02-04,wife's boyfriend approved my GOOGL purchase,positive,0.5177522895952832,GOOGL,reddit,88,3
2023-08-02,loss porn: down 90% on AAPL calls,negative,-0.352148864795525,AAPL,reddit,410,30
2024-05-24,"sold my PLTR bags, finally free",negative,-0.8583971653251264,PLTR,reddit,300,21
2024-10-22,"GUH moment on TSLA, RIP my portfolio",negative,-0.4716839368640249,TSLA,reddit,154,2
2024-03-25,"this is financial advice, buy AAPL",positive,0.6480227372420169,AAPL,reddit,22,18
2024-04-04,"SPY going to $0, get out while you can",negative,-0.3794993959327445,SPY,reddit,301,40
2023-07-25,GME IV too high for options rn,neutral,0.02596356527171445,GME,reddit,19,0
2024-04-04,wife's boyfriend approved my AMZN purchase,positive,0.610035572705276,AMZN,reddit,20,29
2024-06-25,what's the play on AMC?,neutral,-0.03801477913053822,AMC,reddit,68,1
2024-10-18,"positions: 100x SPY 500c 1/20, wish me luck retards",positive,0.5135718427836059,SPY,reddit,185,17
2023-06-21,wife's boyfriend approved my AMC purchase,positive,0.6447431789900846,AMC,reddit,129,11
2023-11-24,"BB squeeze incoming, shorts are fukd",positive,0.8179291124135897,BB,reddit,62,6
2024-11-01,"this is financial advice, buy TSLA",positive,0.6713045877284236,TSLA,reddit,9,29
2023-06-29,"SPY squeeze incoming, shorts are fukd",positive,0.5184102735589936,SPY,reddit,54,18
2023-04-29,"positions: 100x AMZN 500c 1/20, wish me luck retards",positive,0.8536364980268552,AMZN,reddit,84,0
2023-12-04,"sold my GOOGL bags, finally free",negative,-0.575897469207455,GOOGL,reddit,50,18
2023-12-17,paper trading TSLA before going in,neutral,0.18615145645369147,TSLA,reddit,37,11
2023-01-05,bull thesis on NVDA: trust me bro,positive,0.4443711765253009,NVDA,reddit,163,2
2023-07-20,DD: Why NVDA is going to $1000 🚀,positive,0.6110270399718478,NVDA,reddit,106,4
2023-08-23,imagine buying GOOGL at ATH lmaooo,negative,-0.6028703551510233,GOOGL,reddit,163,32
2023-08-19,"AMC rug pull, everyone got rekt",negative,-0.4556133111532755,AMC,reddit,83,39
2023-11-18,"sold my AMC bags, finally free",negative,-0.3240358279836899,AMC,reddit,19,0
2023-01-13,"YOLO'd my life savings into TSLA calls, cant go tits up",positive,0.36914468639890086,TSLA,reddit,145,30
2024-03-10,DD: Why SPY is going to $1000 🚀,positive,0.5102779593371576,SPY,reddit,2,19
2024-10-07,"MSFT going to $0, get out while you can",negative,-0.8587920747571849,MSFT,reddit,198,6
2024-03-03,"AMZN going to $0, get out while you can",negative,-0.41463189217260166,AMZN,reddit,193,33
2023-11-23,imagine buying META at ATH lmaooo,negative,-0.5490491538429838,META,reddit,344,3
2023-10-20,apes dont sell 💎🙌 META forever,positive,0.3511262941021174,META,reddit,70,12
2023-03-05,what's the play on META?,neutral,-0.04116241175356214,META,reddit,139,23
2024-11-23,"BB rug pull, everyone got rekt",negative,-0.6862306703867409,BB,reddit,15,32
2023-10-19,"TSLA squeeze incoming, shorts are fukd",positive,0.7776648406940591,TSLA,reddit,74,11
2023-05-31,loss porn: down 90% on GOOGL calls,negative,-0.608600282541446,GOOGL,reddit,9,5
2023-08-12,"this is financial advice, buy BB",positive,0.8180609549610303,BB,reddit,94,25
2023-05-17,"inverse WSB worked, sold BB at the top",negative,-0.7888589867520872,BB,reddit,3,49
2024-01-24,imagine buying AMZN at ATH lmaooo,negative,-0.7054602014788999,AMZN,reddit,123,5
2023-02-25,"theta gang on AMC, selling covered calls",neutral,-0.02732276031540737,AMC,reddit,220,1
2024-10-12,"YOLO'd my life savings into GOOGL calls, cant go tits up",positive,0.6469105401477206,GOOGL,reddit,217,19
2024-01-26,"positions: 100x PLTR 500c 1/20, wish me luck retards",positive,0.6727984738520583,PLTR,reddit,106,22
2023-08-27,DD: Why SPY is going to $1000 🚀,positive,0.755761447676802,SPY,reddit,2,21
2024-09-05,"GUH moment on SPY, RIP my portfolio",negative,-0.7708045803014647,SPY,reddit,68,7
2024-05-14,DD: Why AMC is going to $1000 🚀,positive,0.7676675877859509,AMC,reddit,189,35
2023-11-26,TSLA tendies printing 🍗🍗🍗,positive,0.4950261488065281,TSLA,reddit,144,1
2023-03-01,AMC tendies printing 🍗🍗🍗,positive,0.552935556435044,AMC,reddit,72,3
2024-02-25,"positions: 100x TSLA 500c 1/20, wish me luck retards",positive,0.5042124076150023,TSLA,reddit,770,11
2024-03-06,if you're not buying SPY rn you hate money,positive,0.6437008437061474,SPY,reddit,165,33
2024-07-03,"positions: 100x AMC 500c 1/20, wish me luck retards",positive,0.35537824770084764,AMC,reddit,414,46
2023-01-16,bull thesis on AMZN: trust me bro,positive,0.5523138707476956,AMZN,reddit,184,54
2024-11-17,bull thesis on PLTR: trust me bro,positive,0.7332845699440392,PLTR,reddit,181,6
2023-08-19,"AMC rug pull, everyone got rekt",negative,-0.7780293243483647,AMC,reddit,32,35
2024-03-25,paper trading AAPL before going in,neutral,-0.011231594810026113,AAPL,reddit,225,17
2024-04-07,"TSLA consolidating, waiting for breakout",neutral,0.17380098066744487,TSLA,reddit,153,16
2024-09-21,"YOLO'd my life savings into AMC calls, cant go tits up",positive,0.6200053253303983,AMC,reddit,32,35
2023-11-15,SPY IV too high for options rn,neutral,0.004628684243720149,SPY,reddit,146,4
2023-07-25,what's the play on SPY?,neutral,0.015965095691767794,SPY,reddit,76,2
2023-03-20,DD: Why AMZN is going to $1000 🚀,positive,0.46159126171857634,AMZN,reddit,48,25
2023-06-17,bull thesis on NVDA: trust me bro,positive,0.7028536818350031,NVDA,reddit,31,3
2023-02-14,bull thesis on AMZN: trust me bro,positive,0.7879670466619207,AMZN,reddit,83,27
2023-05-20,what's the play on AAPL?,neutral,0.11721232881775684,AAPL,reddit,10,41
2024-06-06,GME tendies printing 🍗🍗🍗,positive,0.7993300506949021,GME,reddit,148,15
2023-07-20,"this is financial advice, buy BB",positive,0.8025104902816143,BB,reddit,188,12
2024-03-11,"AAPL rug pull, everyone got rekt",negative,-0.8052843351674204,AAPL,reddit,37,0
2024-08-27,apes dont sell 💎🙌 SPY forever,positive,0.6405679899040806,SPY,reddit,26,13
2023-09-02,if you're not buying BB rn you hate money,positive,0.8896999076726515,BB,reddit,46,4
2024-03-29,"inverse WSB worked, sold META at the top",negative,-0.5527147333207176,META,reddit,27,5
2024-06-20,bull thesis on AMZN: trust me bro,positive,0.5207732760988107,AMZN,reddit,28,20
2024-02-29,what's the play on AMZN?,neutral,-0.01634661532583878,AMZN,reddit,90,32
2024-01-24,"sold my GOOGL bags, finally free",negative,-0.7844497767023865,GOOGL,reddit,8,6
2024-04-10,if you're not buying GME rn you hate money,positive,0.34731302548340925,GME,reddit,181,86
2024-03-06,imagine buying GME at ATH lmaooo,negative,-0.634563451285223,GME,reddit,55,5
2024-07-01,"AMC puts printing, bears eating good tonight",negative,-0.7448004712403902,AMC,reddit,25,58
2023-05-18,imagine buying GOOGL at ATH lmaooo,negative,-0.8555587145097818,GOOGL,reddit,32,22
2023-01-17,bull thesis on NVDA: trust me bro,positive,0.508581527750547,NVDA,reddit,4,2
2023-06-06,"GUH moment on PLTR, RIP my portfolio",negative,-0.8731806799075905,PLTR,reddit,30,10
2023-04-27,"META squeeze incoming, shorts are fukd",positive,0.6416766326609211,META,reddit,80,2
2023-02-27,"AAPL puts printing, bears eating good tonight",negative,-0.6078312526619529,AAPL,reddit,27,7
2023-10-25,wife's boyfriend approved my GME purchase,positive,0.5496111140981089,GME,reddit,348,8
2023-11-01,"YOLO'd my life savings into SPY calls, cant go tits up",positive,0.48702110464349174,SPY,reddit,33,44
2024-08-23,paper trading PLTR before going in,neutral,0.16602000248907722,PLTR,reddit,35,9
2023-09-21,if you're not buying NVDA rn you hate money,positive,0.8215826819392553,NVDA,reddit,67,4
2023-03-08,"META puts printing, bears eating good tonight",negative,-0.4505517516491689,META,reddit,302,14
2023-09-21,"this is financial advice, buy BB",positive,0.4752603715241476,BB,reddit,30,80
2023-05-16,"AMZN consolidating, waiting for breakout",neutral,-0.13466489542572696,AMZN,reddit,14,25
2023-05-25,AAPL tendies printing 🍗🍗🍗,positive,0.7718683816721637,AAPL,reddit,0,3
2023-09-25,SPY IV too high for options rn,neutral,-0.037184638575967904,SPY,reddit,348,1
2024-09-12,"YOLO'd my life savings into AMC calls, cant go tits up",positive,0.7353390119278231,AMC,reddit,163,9
2023-10-05,GME IV too high for options rn,neutral,0.1036005804401729,GME,reddit,126,53
2023-06-20,wife's boyfriend approved my AAPL purchase,positive,0.881908034045606,AAPL,reddit,48,16
2024-04-22,MSFT tendies printing 🍗🍗🍗,positive,0.870027798009203,MSFT,reddit,72,6
2023-04-28,"META consolidating, waiting for breakout",neutral,0.11423080164097005,META,reddit,145,20
2023-02-01,"TSLA squeeze incoming, shorts are fukd",positive,0.7287449154574435,TSLA,reddit,225,14
2023-01-15,loss porn: down 90% on NVDA calls,negative,-0.4511611827119325,NVDA,reddit,14,3
2023-02-05,DD: Why TSLA is going to $1000 🚀,positive,0.6132563785833656,TSLA,reddit,26,20
2024-06-09,"GUH moment on BB, RIP my portfolio",negative,-0.7907252450304633,BB,reddit,26,44
2024-01-23,apes dont sell 💎🙌 AMC forever,positive,0.8518591813311935,AMC,reddit,22,13
2024-11-15,paper trading MSFT before going in,neutral,-0.14909864913994572,MSFT,reddit,56,22
2023-12-18,loss porn: down 90% on BB calls,negative,-0.8254282515796378,BB,reddit,83,50
2023-01-26,what's the play on AMC?,neutral,0.049723903037930006,AMC,reddit,56,1
2024-09-15,GOOGL tendies printing 🍗🍗🍗,positive,0.41720500215080464,GOOGL,reddit,25,6
2023-01-09,DD: Why MSFT is going to $1000 🚀,positive,0.343832521398699,MSFT,reddit,90,30
2023-06-05,"META consolidating, waiting for breakout",neutral,-0.02579381664776234,META,reddit,10,58
2024-07-16,if you're not buying GME rn you hate money,positive,0.6745692947380739,GME,reddit,81,6
2024-01-05,SPY IV too high for options rn,neutral,0.14980761569846152,SPY,reddit,254,15
2023-03-04,"GOOGL puts printing, bears eating good tonight",negative,-0.3664034648759925,GOOGL,reddit,186,10
2023-06-30,anyone got DD on GOOGL?,neutral,-0.03575502598184266,GOOGL,reddit,559,19
2023-05-03,"TSLA going to $0, get out while you can",negative,-0.5048239869710103,TSLA,reddit,155,14
2024-04-17,wife's boyfriend approved my GME purchase,positive,0.3135344598547708,GME,reddit,3,1
2023-05-23,"YOLO'd my life savings into AMZN calls, cant go tits up",positive,0.6861302404669278,AMZN,reddit,17,15
2024-03-17,"YOLO'd my life savings into AMC calls, cant go tits up",positive,0.7125044830698943,AMC,reddit,51,25
2024-08-23,if you're not buying GME rn you hate money,positive,0.8856615777474206,GME,reddit,180,18
2024-02-18,apes dont sell 💎🙌 NVDA forever,positive,0.30882730024195604,NVDA,reddit,11,0
2024-03-08,"theta gang on TSLA, selling covered calls",neutral,-0.05473561475308175,TSLA,reddit,64,10
2023-06-04,"inverse WSB worked, sold MSFT at the top",negative,-0.4009675418733704,MSFT,reddit,226,50
2023-09-11,apes dont sell 💎🙌 TSLA forever,positive,0.7350606308818373,TSLA,reddit,197,40
2023-02-05,"this is financial advice, buy GME",positive,0.7723786517011918,GME,reddit,16,2
2024-09-18,imagine buying AMC at ATH lmaooo,negative,-0.368785406038616,AMC,reddit,21,14
2024-01-31,bull thesis on AMZN: trust me bro,positive,0.8189529063943426,AMZN,reddit,27,13
2024-03-03,apes dont sell 💎🙌 NVDA forever,positive,0.7805393836512179,NVDA,reddit,83,32
2024-10-05,"GUH moment on AMC, RIP my portfolio",negative,-0.30250766185917966,AMC,reddit,25,78
2023-09-08,"NVDA consolidating, waiting for breakout",neutral,0.16817093490202845,NVDA,reddit,301,27
2023-06-04,"GUH moment on TSLA, RIP my portfolio",negative,-0.5549922167381786,TSLA,reddit,107,9
2024-04-29,DD: Why AMC is going to $1000 🚀,positive,0.7107807199303353,AMC,reddit,38,9
2023-12-10,"this is financial advice, buy AAPL",positive,0.7107283461079478,AAPL,reddit,511,9
2023-06-21,loss porn: down 90% on GME calls,negative,-0.5039456865145501,GME,reddit,197,39
2023-03-09,if you're not buying SPY rn you hate money,positive,0.3518573219412225,SPY,reddit,36,22
2024-11-18,wife's boyfriend approved my TSLA purchase,positive,0.5755614220001135,TSLA,reddit,61,13
2024-09-13,bull thesis on MSFT: trust me bro,positive,0.3006515738573231,MSFT,reddit,11,0
2024-01-04,"YOLO'd my life savings into AAPL calls, cant go tits up",positive,0.796727634613962,AAPL,reddit,122,18
2024-03-10,apes dont sell 💎🙌 PLTR forever,positive,0.3746072388994508,PLTR,reddit,56,5
2023-02-17,"theta gang on AMC, selling covered calls",neutral,0.1058685326247496,AMC,reddit,5,8
2023-02-01,PLTR tendies printing 🍗🍗🍗,positive,0.6465614833290553,PLTR,reddit,38,5
2024-09-26,wife's boyfriend approved my AAPL purchase,positive,0.30940667645400666,AAPL,reddit,118,5
2023-10-30,imagine buying PLTR at ATH lmaooo,negative,-0.37245385725235036,PLTR,reddit,118,16
2024-07-28,anyone got DD on MSFT?,neutral,0.17448226239274844,MSFT,reddit,157,11
2024-08-17,"positions: 100x AMZN 500c 1/20, wish me luck retards",positive,0.5968554101877201,AMZN,reddit,114,52
2023-10-12,"YOLO'd my life savings into GOOGL calls, cant go tits up",positive,0.5378823913874332,GOOGL,reddit,36,17
2023-06-19,"this is financial advice, buy GOOGL",positive,0.33596465586905566,GOOGL,reddit,46,38
2024-04-28,"positions: 100x BB 500c 1/20, wish me luck retards",positive,0.8772880627294763,BB,reddit,99,29
2024-05-24,"GUH moment on TSLA, RIP my portfolio",negative,-0.3601221558856913,TSLA,reddit,49,7
2024-09-28,"GUH moment on PLTR, RIP my portfolio",negative,-0.7621897533151444,PLTR,reddit,100,26
2024-08-17,"positions: 100x GME 500c 1/20, wish me luck retards",positive,0.8134719852388079,GME,reddit,5,51
2023-03-07,imagine buying TSLA at ATH lmaooo,negative,-0.6132415914725274,TSLA,reddit,76,15
2023-06-21,"AAPL squeeze incoming, shorts are fukd",positive,0.8726411621640919,AAPL,reddit,63,8
2024-09-11,apes dont sell 💎🙌 AAPL forever,positive,0.4010622433448438,AAPL,reddit,82,2
2024-01-29,"sold my GME bags, finally free",negative,-0.6550548817401289,GME,reddit,52,1
2024-04-05,NVDA tendies printing 🍗🍗🍗,positive,0.8539043521474026,NVDA,reddit,89,21
2024-08-23,loss porn: down 90% on BB calls,negative,-0.38307593349248936,BB,reddit,68,10
2023-06-19,DD: Why GME is going to $1000 🚀,positive,0.4088199956231876,GME,reddit,130,14
2024-06-07,if you're not buying SPY rn you hate money,positive,0.4093430427639422,SPY,reddit,131,59
2023-05-19,loss porn: down 90% on GME calls,negative,-0.42115023759597714,GME,reddit,158,11
2024-03-24,"positions: 100x AMZN 500c 1/20, wish me luck retards",positive,0.8430413041970275,AMZN,reddit,48,2
2024-08-22,if you're not buying GOOGL rn you hate money,positive,0.44834938485378056,GOOGL,reddit,87,33
2024-07-29,paper trading MSFT before going in,neutral,-0.11204050280441616,MSFT,reddit,191,13
2023-07-01,bull thesis on GOOGL: trust me bro,positive,0.4751495727065696,GOOGL,reddit,156,63
2024-04-26,apes dont sell 💎🙌 META forever,positive,0.40255733280405265,META,reddit,240,14
2023-07-22,"AMZN squeeze incoming, shorts are fukd",positive,0.8745599156684325,AMZN,reddit,25,5
2023-08-20,"theta gang on AMC, selling covered calls",neutral,-0.16856384384403955,AMC,reddit,53,13
2024-11-05,"sold my GOOGL bags, finally free",negative,-0.3047418179265188,GOOGL,reddit,94,25
2023-11-07,"positions: 100x SPY 500c 1/20, wish me luck retards",positive,0.5538035131036777,SPY,reddit,99,13
2024-03-28,bull thesis on MSFT: trust me bro,positive,0.5690714991109849,MSFT,reddit,14,7
2023-05-17,loss porn: down 90% on SPY calls,negative,-0.8065514929484943,SPY,reddit,237,4
2024-08-05,what's the play on PLTR?,neutral,-0.05884164649239154,PLTR,reddit,88,55
2024-07-12,imagine buying AAPL at ATH lmaooo,negative,-0.8357879988235306,AAPL,reddit,94,7
2024-06-30,DD: Why TSLA is going to $1000 🚀,positive,0.5613727577128976,TSLA,reddit,2,3
2023-08-01,AAPL IV too high for options rn,neutral,0.11522158080682338,AAPL,reddit,57,0
2024-04-13,"theta gang on META, selling covered calls",neutral,-0.016000554748266088,META,reddit,24,29
2024-06-09,"NVDA going to $0, get out while you can",negative,-0.6415023689266879,NVDA,reddit,524,23
2023-05-19,"sold my META bags, finally free",negative,-0.7932282707804234,META,reddit,300,20
2023-12-24,"NVDA squeeze incoming, shorts are fukd",positive,0.6175149857709252,NVDA,reddit,110,15
2023-02-13,"YOLO'd my life savings into TSLA calls, cant go tits up",positive,0.4895540061451439,TSLA,reddit,26,2
2023-10-23,"GUH moment on NVDA, RIP my portfolio",negative,-0.47757800173230286,NVDA,reddit,189,17
2024-04-15,"SPY consolidating, waiting for breakout",neutral,-0.15484674259739728,SPY,reddit,2,8
2024-08-11,apes dont sell 💎🙌 AMC forever,positive,0.4348703167408646,AMC,reddit,176,8
2023-10-11,"sold my META bags, finally free",negative,-0.3334597198547308,META,reddit,17,72
2023-12-24,"TSLA going to $0, get out while you can",negative,-0.6502587041286428,TSLA,reddit,378,11
2023-10-10,wife's boyfriend approved my GOOGL purchase,positive,0.7703078237593655,GOOGL,reddit,5,23
2023-04-10,"GME rug pull, everyone got rekt",negative,-0.41908232747091345,GME,reddit,47,5
2023-08-20,what's the play on MSFT?,neutral,0.09313181522482988,MSFT,reddit,29,5
2023-04-04,if you're not buying SPY rn you hate money,positive,0.5081740687879458,SPY,reddit,12,45
2024-02-26,"MSFT consolidating, waiting for breakout",neutral,0.027015839834196698,MSFT,reddit,7,40
2023-09-25,if you're not buying NVDA rn you hate money,positive,0.534675410483466,NVDA,reddit,174,7
2024-03-31,if you're not buying AMZN rn you hate money,positive,0.35876895322619196,AMZN,reddit,25,25
2024-09-01,DD: Why AAPL is going to $1000 🚀,positive,0.4493565981721179,AAPL,reddit,186,10
2023-10-12,anyone got DD on AAPL?,neutral,0.06835742081464008,AAPL,reddit,32,32
2023-03-27,anyone got DD on NVDA?,neutral,0.0632437077445836,NVDA,reddit,214,1
2023-06-07,DD: Why NVDA is going to $1000 🚀,positive,0.6342581230719008,NVDA,reddit,203,13
2023-05-20,"this is financial advice, buy GME",positive,0.5384528288099643,GME,reddit,34,14
2023-08-19,paper trading AMZN before going in,neutral,0.10697309301240682,AMZN,reddit,9,7
2024-09-23,DD: Why MSFT is going to $1000 🚀,positive,0.7177722586978118,MSFT,reddit,37,3
2023-11-21,bull thesis on NVDA: trust me bro,positive,0.5362690956979076,NVDA,reddit,47,2
2023-02-10,wife's boyfriend approved my AMZN purchase,positive,0.3825750605670398,AMZN,reddit,2,12
2024-08-27,NVDA IV too high for options rn,neutral,-0.052282967447508016,NVDA,reddit,67,65
2024-03-11,"AAPL squeeze incoming, shorts are fukd",positive,0.889022323776218,AAPL,reddit,160,9
2023-08-11,if you're not buying AMZN rn you hate money,positive,0.7826251981465044,AMZN,reddit,40,62
2024-07-12,"positions: 100x BB 500c 1/20, wish me luck retards",positive,0.4492514342411626,BB,reddit,112,21
2024-10-16,META IV too high for options rn,neutral,-0.1912154879487481,META,reddit,23,10
2023-01-16,bull thesis on SPY: trust me bro,positive,0.8268632203143993,SPY,reddit,305,4
2024-03-07,"MSFT going to $0, get out while you can",negative,-0.3704565036064499,MSFT,reddit,222,32
2024-08-02,"theta gang on TSLA, selling covered calls",neutral,0.0232456935990481,TSLA,reddit,164,0
2023-01-02,"GUH moment on AMZN, RIP my portfolio",negative,-0.4320076161418943,AMZN,reddit,122,35
2024-06-25,"GUH moment on AMC, RIP my portfolio",negative,-0.7580873569192262,AMC,reddit,89,16
2024-11-10,paper trading AMZN before going in,neutral,-0.14317208452672237,AMZN,reddit,206,67
2024-05-10,imagine buying SPY at ATH lmaooo,negative,-0.38870435359196964,SPY,reddit,3,24
2023-04-03,"PLTR rug pull, everyone got rekt",negative,-0.31286537404595827,PLTR,reddit,250,3
2023-10-13,"positions: 100x SPY 500c 1/20, wish me luck retards",positive,0.5873623520230309,SPY,reddit,32,1
2024-01-03,if you're not buying MSFT rn you hate money,positive,0.3578357941432292,MSFT,reddit,40,41
2024-05-29,"BB puts printing, bears eating good tonight",negative,-0.8012448336910405,BB,reddit,140,48
2023-11-24,imagine buying AMZN at ATH lmaooo,negative,-0.47784228714404525,AMZN,reddit,76,4
2024-09-06,"AMC consolidating, waiting for breakout",neutral,0.04198536672875228,AMC,reddit,10,2
2024-09-04,what's the play on SPY?,neutral,-0.16380018093670887,SPY,reddit,165,25
2024-10-12,loss porn: down 90% on AMZN calls,negative,-0.8143944886470954,AMZN,reddit,11,6
2024-10-17,"GUH moment on BB, RIP my portfolio",negative,-0.7246733410236283,BB,reddit,66,13
2024-02-10,META IV too high for options rn,neutral,0.16110722815511058,META,reddit,210,2
2023-01-13,"NVDA rug pull, everyone got rekt",negative,-0.7804133727185391,NVDA,reddit,221,57
2023-01-25,"AMZN puts printing, bears eating good tonight",negative,-0.7417468057409307,AMZN,reddit,71,28
2024-03-05,"GUH moment on GOOGL, RIP my portfolio",negative,-0.8276524899463856,GOOGL,reddit,79,34
2023-03-14,paper trading AMC before going in,neutral,-0.17307691841851797,AMC,reddit,201,3
2024-06-19,apes dont sell 💎🙌 AAPL forever,positive,0.7437342505934172,AAPL,reddit,7,32
2024-06-12,NVDA IV too high for options rn,neutral,-0.19642655226580763,NVDA,reddit,66,103
2024-08-12,DD: Why TSLA is going to $1000 🚀,positive,0.43231129929456236,TSLA,reddit,589,11
2023-09-06,what's the play on GME?,neutral,0.09626051019594523,GME,reddit,140,60
2024-07-18,"this is financial advice, buy PLTR",positive,0.8167934154609668,PLTR,reddit,95,8
2024-08-03,bull thesis on AMZN: trust me bro,positive,0.64623091596741,AMZN,reddit,163,1
2024-07-19,DD: Why AMZN is going to $1000 🚀,positive,0.46768798788922905,AMZN,reddit,74,5
2024-10-04,"sold my MSFT bags, finally free",negative,-0.8732712962807724,MSFT,reddit,2,8
2023-05-04,if you're not buying NVDA rn you hate money,positive,0.787412349217546,NVDA,reddit,484,44
2024-02-04,imagine buying AMZN at ATH lmaooo,negative,-0.5537390697028668,AMZN,reddit,85,18
2024-04-04,DD: Why GME is going to $1000 🚀,positive,0.43288769984134123,GME,reddit,15,14
2024-10-08,"GUH moment on PLTR, RIP my portfolio",negative,-0.5929898321193479,PLTR,reddit,13,1
2024-02-16,"PLTR squeeze incoming, shorts are fukd",positive,0.5771873702700836,PLTR,reddit,132,3
2023-07-19,"positions: 100x NVDA 500c 1/20, wish me luck retards",positive,0.3845703535988887,NVDA,reddit,38,0
2023-12-09,"inverse WSB worked, sold AMZN at the top",negative,-0.6944493816670941,AMZN,reddit,126,4
2024-09-19,AMZN tendies printing 🍗🍗🍗,positive,0.8631910762026038,AMZN,reddit,175,3
2023-01-05,apes dont sell 💎🙌 PLTR forever,positive,0.7616709383318874,PLTR,reddit,84,9
2024-08-02,BB IV too high for options rn,neutral,-0.16897122556969424,BB,reddit,34,8
2023-09-30,"TSLA consolidating, waiting for breakout",neutral,0.09426150041935771,TSLA,reddit,45,60
2023-11-01,what's the play on TSLA?,neutral,-0.18985753659962057,TSLA,reddit,14,47
2024-10-04,what's the play on AMZN?,neutral,0.07168488949884544,AMZN,reddit,59,9
2023-09-20,"sold my AMZN bags, finally free",negative,-0.4581465144015473,AMZN,reddit,182,52
2023-05-16,if you're not buying GME rn you hate money,positive,0.48687398361208245,GME,reddit,107,71
2024-02-21,"META rug pull, everyone got rekt",negative,-0.5276978176754099,META,reddit,30,15
2023-03-24,bull thesis on TSLA: trust me bro,positive,0.7252547372709519,TSLA,reddit,215,64
2024-03-07,apes dont sell 💎🙌 AAPL forever,positive,0.39249450226684046,AAPL,reddit,311,13
2023-11-15,"GME going to $0, get out while you can",negative,-0.4042629586220679,GME,reddit,204,31
2024-06-21,"BB puts printing, bears eating good tonight",negative,-0.7575974494225973,BB,reddit,61,62
2024-06-07,imagine buying GME at ATH lmaooo,negative,-0.3112852107025197,GME,reddit,20,17
2023-11-27,imagine buying PLTR at ATH lmaooo,negative,-0.4906602334041456,PLTR,reddit,159,2
2023-07-02,"AMC squeeze incoming, shorts are fukd",positive,0.4171846817075754,AMC,reddit,69,1
2023-03-02,"inverse WSB worked, sold GOOGL at the top",negative,-0.7111864180212163,GOOGL,reddit,89,2
2023-09-22,"AMZN rug pull, everyone got rekt",negative,-0.7125887535995744,AMZN,reddit,39,11
2023-08-27,DD: Why TSLA is going to $1000 🚀,positive,0.5570180547762801,TSLA,reddit,40,1
2024-07-02,loss porn: down 90% on AAPL calls,negative,-0.7871624877993063,AAPL,reddit,248,29
2024-08-20,wife's boyfriend approved my MSFT purchase,positive,0.6486119901147687,MSFT,reddit,114,5
2024-04-05,"META consolidating, waiting for breakout",neutral,0.05136468564165175,META,reddit,10,46
2023-03-13,wife's boyfriend approved my AMC purchase,positive,0.6450115107162956,AMC,reddit,25,25
2023-04-30,paper trading GME before going in,neutral,-0.1572574657333064,GME,reddit,15,1
2023-05-01,"positions: 100x META 500c 1/20, wish me luck retards",positive,0.8358668654190253,META,reddit,134,4
2023-02-02,TSLA IV too high for options rn,neutral,0.07854614809426297,TSLA,reddit,55,1
2023-10-17,loss porn: down 90% on AMC calls,negative,-0.7268777232130549,AMC,reddit,40,3
2024-04-23,"BB going to $0, get out while you can",negative,-0.3679543011731382,BB,reddit,14,9
2024-05-05,if you're not buying SPY rn you hate money,positive,0.3883759282558385,SPY,reddit,59,17
2024-07-24,"TSLA going to $0, get out while you can",negative,-0.6022591120099897,TSLA,reddit,34,122
2024-01-05,anyone got DD on BB?,neutral,0.005628246921751595,BB,reddit,170,1
2024-05-21,GME tendies printing 🍗🍗🍗,positive,0.3026187529389756,GME,reddit,60,48
2024-09-25,"PLTR squeeze incoming, shorts are fukd",positive,0.5200147029278588,PLTR,reddit,373,18
2024-02-07,paper trading PLTR before going in,neutral,-0.12821671309831983,PLTR,reddit,318,15
2023-03-20,bull thesis on AAPL: trust me bro,positive,0.6140886386473843,AAPL,reddit,7,28
2023-03-05,imagine buying GME at ATH lmaooo,negative,-0.5883248389651976,GME,reddit,5,21
2024-01-21,"AMZN rug pull, everyone got rekt",negative,-0.5183952010236732,AMZN,reddit,80,9
2023-10-23,"this is financial advice, buy NVDA",positive,0.4359415436623869,NVDA,reddit,44,2
2023-03-08,DD: Why NVDA is going to $1000 🚀,positive,0.49079904263092733,NVDA,reddit,2,47
2023-10-21,loss porn: down 90% on MSFT calls,negative,-0.8303093541194292,MSFT,reddit,81,9
2024-08-19,wife's boyfriend approved my AAPL purchase,positive,0.5499898656266649,AAPL,reddit,8,12
2023-11-14,"this is financial advice, buy NVDA",positive,0.8452817101455277,NVDA,reddit,23,9
2023-02-13,imagine buying AAPL at ATH lmaooo,negative,-0.46252288759045435,AAPL,reddit,78,19
2024-02-10,what's the play on AMC?,neutral,0.0732116365373165,AMC,reddit,309,6
2024-01-30,"BB squeeze incoming, shorts are fukd",positive,0.7342951859549476,BB,reddit,316,18
2024-11-12,wife's boyfriend approved my SPY purchase,positive,0.4261831364322739,SPY,reddit,120,10
2023-07-08,wife's boyfriend approved my AAPL purchase,positive,0.7277064755042413,AAPL,reddit,28,6
2024-04-04,"AMC consolidating, waiting for breakout",neutral,0.12746085637594323,AMC,reddit,92,13
2024-07-09,"AAPL consolidating, waiting for breakout",neutral,-0.019545731917408382,AAPL,reddit,43,17
2024-05-19,bull thesis on AMZN: trust me bro,positive,0.8492607760812283,AMZN,reddit,56,20
2023-12-18,"this is financial advice, buy NVDA",positive,0.5572091871752423,NVDA,reddit,23,4
2023-04-20,AMZN IV too high for options rn,neutral,0.11034232689614615,AMZN,reddit,38,41
2024-02-04,"theta gang on TSLA, selling covered calls",neutral,-0.03137529838601599,TSLA,reddit,152,19
2023-07-17,"inverse WSB worked, sold GME at the top",negative,-0.6736010786626938,GME,reddit,232,2
2024-04-07,DD: Why MSFT is going to $1000 🚀,positive,0.6168269259424826,MSFT,reddit,86,1
2024-09-26,apes dont sell 💎🙌 AMC forever,positive,0.43907554968463325,AMC,reddit,43,9
2024-06-07,"AMZN rug pull, everyone got rekt",negative,-0.7661852818797417,AMZN,reddit,11,2
2024-07-13,SPY tendies printing 🍗🍗🍗,positive,0.5191199520425278,SPY,reddit,11,38
2024-08-14,"YOLO'd my life savings into AAPL calls, cant go tits up",positive,0.8476977169594118,AAPL,reddit,46,3
2023-10-02,bull thesis on SPY: trust me bro,positive,0.32834222838790417,SPY,reddit,42,19
2023-09-28,anyone got DD on AMC?,neutral,0.0915276342214254,AMC,reddit,199,1
2023-04-10,"BB puts printing, bears eating good tonight",negative,-0.8831963604032065,BB,reddit,149,66
2024-04-27,imagine buying SPY at ATH lmaooo,negative,-0.8642033497676803,SPY,reddit,171,48
2024-01-01,bull thesis on AAPL: trust me bro,positive,0.833495053972376,AAPL,reddit,78,42
2023-03-12,"SPY rug pull, everyone got rekt",negative,-0.48034626782059514,SPY,reddit,295,42
2023-12-30,"TSLA going to $0, get out while you can",negative,-0.6020137668866465,TSLA,reddit,12,13
2024-04-28,imagine buying BB at ATH lmaooo,negative,-0.5590341868603408,BB,reddit,61,19
2023-09-22,what's the play on TSLA?,neutral,-0.13907645371808663,TSLA,reddit,72,0
2024-01-18,DD: Why PLTR is going to $1000 🚀,positive,0.5546654679316206,PLTR,reddit,47,22
2023-07-01,"this is financial advice, buy META",positive,0.8099428153341235,META,reddit,123,14
2024-09-16,bull thesis on MSFT: trust me bro,positive,0.31468115918704453,MSFT,reddit,25,9
2023-10-29,"YOLO'd my life savings into SPY calls, cant go tits up",positive,0.4778543187628086,SPY,reddit,79,22
2024-06-01,if you're not buying MSFT rn you hate money,positive,0.5856960362375397,MSFT,reddit,53,0
2023-08-06,"BB consolidating, waiting for breakout",neutral,-0.036254345549493916,BB,reddit,28,22
2024-07-10,NVDA IV too high for options rn,neutral,0.0951019663727442,NVDA,reddit,76,7
2023-12-22,if you're not buying GOOGL rn you hate money,positive,0.8032918360100785,GOOGL,reddit,83,31
2023-10-08,"YOLO'd my life savings into GOOGL calls, cant go tits up",positive,0.5747072404436445,GOOGL,reddit,126,23
2024-04-25,META IV too high for options rn,neutral,0.01919670160881637,META,reddit,121,24
2024-10-03,"theta gang on AMC, selling covered calls",neutral,-0.1112777914038825,AMC,reddit,10,41
2024-09-09,"PLTR puts printing, bears eating good tonight",negative,-0.8285259857141075,PLTR,reddit,147,9
2023-05-16,"MSFT going to $0, get out while you can",negative,-0.6952775108874174,MSFT,reddit,9,1
2024-04-07,"theta gang on TSLA, selling covered calls",neutral,-0.06187049367867506,TSLA,reddit,33,19
2023-12-13,"this is financial advice, buy GOOGL",positive,0.4273087909995936,GOOGL,reddit,1,7
2023-08-25,"AMZN squeeze incoming, shorts are fukd",positive,0.8323607305601439,AMZN,reddit,3,0
2023-07-10,"AMC consolidating, waiting for breakout",neutral,0.13567987472380583,AMC,reddit,17,34
2023-11-09,apes dont sell 💎🙌 NVDA forever,positive,0.7641722362465382,NVDA,reddit,28,5
2023-11-11,"GOOGL puts printing, bears eating good tonight",negative,-0.706602530756707,GOOGL,reddit,128,28
2023-11-08,what's the play on GOOGL?,neutral,-0.1758762049303349,GOOGL,reddit,243,8
2024-03-11,"NVDA squeeze incoming, shorts are fukd",positive,0.8189832160927193,NVDA,reddit,19,5
2024-09-08,"theta gang on GME, selling covered calls",neutral,0.1781339518597042,GME,reddit,91,38
2023-10-26,bull thesis on META: trust me bro,positive,0.4351155830637845,META,reddit,246,37
2024-05-26,anyone got DD on SPY?,neutral,-9.601802133435422e-05,SPY,reddit,180,5
2024-04-20,paper trading SPY before going in,neutral,0.1607970785859733,SPY,reddit,0,13
2023-10-07,loss porn: down 90% on PLTR calls,negative,-0.4534258793388223,PLTR,reddit,57,2
2023-07-17,"positions: 100x TSLA 500c 1/20, wish me luck retards",positive,0.5615161891177083,TSLA,reddit,13,127
2024-02-24,"YOLO'd my life savings into GOOGL calls, cant go tits up",positive,0.477750028775012,GOOGL,reddit,96,7
2023-06-17,DD: Why TSLA is going to $1000 🚀,positive,0.8705642114694405,TSLA,reddit,219,15
2024-03-27,"META consolidating, waiting for breakout",neutral,0.09263439924590505,META,reddit,237,5
2023-12-29,"GUH moment on SPY, RIP my portfolio",negative,-0.7592964321245673,SPY,reddit,243,58
2023-01-18,apes dont sell 💎🙌 TSLA forever,positive,0.49995625786026554,TSLA,reddit,8,46
2023-12-12,"this is financial advice, buy GME",positive,0.395813695496538,GME,reddit,117,8
2023-06-20,"BB consolidating, waiting for breakout",neutral,0.18793981202628618,BB,reddit,176,43
2024-01-03,"positions: 100x AAPL 500c 1/20, wish me luck retards",positive,0.5667407649458143,AAPL,reddit,249,17
2024-11-12,DD: Why AMZN is going to $1000 🚀,positive,0.8337993302049498,AMZN,reddit,239,33
2024-02-05,"META puts printing, bears eating good tonight",negative,-0.6556248153552322,META,reddit,49,11
2023-06-15,"inverse WSB worked, sold TSLA at the top",negative,-0.723447596901184,TSLA,reddit,216,6
2024-03-23,"inverse WSB worked, sold AMZN at the top",negative,-0.8510477161710229,AMZN,reddit,13,99
2024-02-18,"GUH moment on BB, RIP my portfolio",negative,-0.7878863106285748,BB,reddit,234,0
2023-10-09,"MSFT rug pull, everyone got rekt",negative,-0.5147547875524665,MSFT,reddit,295,5
2024-04-01,DD: Why META is going to $1000 🚀,positive,0.38041158481061943,META,reddit,72,22
2023-01-23,paper trading AMC before going in,neutral,0.13217466895249474,AMC,reddit,72,10
2023-03-09,loss porn: down 90% on SPY calls,negative,-0.7974005962655941,SPY,reddit,61,9
2024-10-29,"META squeeze incoming, shorts are fukd",positive,0.6908490750959998,META,reddit,160,63
2023-04-02,"inverse WSB worked, sold GME at the top",negative,-0.39101165126688864,GME,reddit,51,16
2023-07-16,apes dont sell 💎🙌 TSLA forever,positive,0.3866507708855157,TSLA,reddit,88,10
2023-08-10,apes dont sell 💎🙌 MSFT forever,positive,0.8537824047264702,MSFT,reddit,131,13
2023-05-07,"YOLO'd my life savings into BB calls, cant go tits up",positive,0.8556673830191699,BB,reddit,72,22
2023-06-15,"sold my BB bags, finally free",negative,-0.562741961809256,BB,reddit,9,51
2023-07-15,loss porn: down 90% on SPY calls,negative,-0.35044844801506125,SPY,reddit,164,30
2024-05-22,"META squeeze incoming, shorts are fukd",positive,0.8223001489486066,META,reddit,95,1
2024-07-01,if you're not buying PLTR rn you hate money,positive,0.5686813766344954,PLTR,reddit,403,37
2023-08-25,anyone got DD on GME?,neutral,0.008907341426497906,GME,reddit,386,3
2024-10-10,"GOOGL going to $0, get out while you can",negative,-0.3076621700099811,GOOGL,reddit,6,3
2024-10-16,"inverse WSB worked, sold AMZN at the top",negative,-0.6662149361611749,AMZN,reddit,135,38
2024-04-21,"AMZN squeeze incoming, shorts are fukd",positive,0.6942439361176082,AMZN,reddit,48,15
2024-04-09,"theta gang on MSFT, selling covered calls",neutral,0.1869837106742122,MSFT,reddit,9,40
2023-10-09,"positions: 100x GOOGL 500c 1/20, wish me luck retards",positive,0.552725478555756,GOOGL,reddit,73,20
2023-10-11,bull thesis on AMC: trust me bro,positive,0.7056922457460291,AMC,reddit,66,21
2023-07-10,if you're not buying AAPL rn you hate money,positive,0.6345788700054446,AAPL,reddit,9,22
2024-04-22,DD: Why GME is going to $1000 🚀,positive,0.7328040610536055,GME,reddit,73,0
2023-05-02,"GME puts printing, bears eating good tonight",negative,-0.6044444456381398,GME,reddit,8,88
2023-04-07,anyone got DD on PLTR?,neutral,-0.17021610761429598,PLTR,reddit,131,6
2024-01-05,DD: Why NVDA is going to $1000 🚀,positive,0.36126373466513706,NVDA,reddit,2,11
2023-04-08,"theta gang on AMC, selling covered calls",neutral,0.04871978746527983,AMC,reddit,53,32
2024-03-15,"NVDA puts printing, bears eating good tonight",negative,-0.4066520735342097,NVDA,reddit,95,13
2024-06-24,"YOLO'd my life savings into TSLA calls, cant go tits up",positive,0.3540531272460563,TSLA,reddit,75,56
2024-06-22,"GUH moment on TSLA, RIP my portfolio",negative,-0.5060031558269433,TSLA,reddit,14,37
2024-11-21,"theta gang on GOOGL, selling covered calls",neutral,0.1631097810267671,GOOGL,reddit,195,25
2023-01-16,AMZN IV too high for options rn,neutral,-0.043272958156823416,AMZN,reddit,285,4
2024-06-28,BB tendies printing 🍗🍗🍗,positive,0.3647263766991553,BB,reddit,10,12
2024-01-17,anyone got DD on SPY?,neutral,-0.13351257973302533,SPY,reddit,156,1
2024-07-08,"GME consolidating, waiting for breakout",neutral,-0.1946721864666774,GME,reddit,61,2
2024-09-20,paper trading PLTR before going in,neutral,-0.05671646063598104,PLTR,reddit,130,8
2023-04-03,what's the play on PLTR?,neutral,0.1538467044312728,PLTR,reddit,48,7
2024-09-22,what's the play on GOOGL?,neutral,0.04262888239461016,GOOGL,reddit,21,5
2023-08-12,"GOOGL puts printing, bears eating good tonight",negative,-0.7383618909828213,GOOGL,reddit,7,28
2023-09-21,AMZN IV too high for options rn,neutral,0.04790449707551442,AMZN,reddit,7,50
2023-11-03,"sold my TSLA bags, finally free",negative,-0.31291520894373104,TSLA,reddit,141,27
2024-02-21,"BB squeeze incoming, shorts are fukd",positive,0.6360640541237411,BB,reddit,7,27
2024-07-26,"GUH moment on TSLA, RIP my portfolio",negative,-0.7926657211522141,TSLA,reddit,9,59
2023-07-03,apes dont sell 💎🙌 AAPL forever,positive,0.6156209100690829,AAPL,reddit,107,3
2023-10-20,AAPL IV too high for options rn,neutral,0.08596164079385893,AAPL,reddit,6,13
2023-10-14,"NVDA consolidating, waiting for breakout",neutral,0.1484037954125757,NVDA,reddit,131,9
2024-11-07,"this is financial advice, buy NVDA",positive,0.7444829502386505,NVDA,reddit,7,1
2023-09-11,loss porn: down 90% on SPY calls,negative,-0.7875184516575545,SPY,reddit,32,15
2024-07-27,if you're not buying GME rn you hate money,positive,0.8736362381731049,GME,reddit,59,15
2023-12-03,"inverse WSB worked, sold TSLA at the top",negative,-0.7449205240667289,TSLA,reddit,155,26
2023-09-18,wife's boyfriend approved my AAPL purchase,positive,0.7828886746986623,AAPL,reddit,12,0
2024-06-06,loss porn: down 90% on AMZN calls,negative,-0.7359100211475104,AMZN,reddit,104,5
2024-02-29,"TSLA puts printing, bears eating good tonight",negative,-0.8446363992518235,TSLA,reddit,26,29
2024-02-25,"this is financial advice, buy NVDA",positive,0.4504848145386643,NVDA,reddit,41,7
2024-05-02,"inverse WSB worked, sold BB at the top",negative,-0.42356233802536614,BB,reddit,25,51
2024-03-26,bull thesis on NVDA: trust me bro,positive,0.5118109251213259,NVDA,reddit,93,40
2024-01-05,META IV too high for options rn,neutral,-0.16228489769997045,META,reddit,11,2
2024-01-09,"theta gang on GOOGL, selling covered calls",neutral,-0.029244281775465286,GOOGL,reddit,53,22
2023-01-17,wife's boyfriend approved my TSLA purchase,positive,0.5968280536687591,TSLA,reddit,139,10
2023-10-16,"AMC squeeze incoming, shorts are fukd",positive,0.8012546950750623,AMC,reddit,19,7
2024-10-26,"inverse WSB worked, sold SPY at the top",negative,-0.533906610974948,SPY,reddit,179,9
2024-01-05,if you're not buying GOOGL rn you hate money,positive,0.5172129481748469,GOOGL,reddit,134,3
2024-11-19,wife's boyfriend approved my BB purchase,positive,0.8541191585346628,BB,reddit,58,5
2023-05-22,"sold my AMC bags, finally free",negative,-0.632106030437997,AMC,reddit,33,5
2023-05-28,"YOLO'd my life savings into NVDA calls, cant go tits up",positive,0.43359963289483555,NVDA,reddit,184,14
2023-11-20,TSLA tendies printing 🍗🍗🍗,positive,0.5388345540417887,TSLA,reddit,93,22
2023-11-13,"inverse WSB worked, sold AMZN at the top",negative,-0.5556737712234845,AMZN,reddit,21,8
2023-09-02,what's the play on TSLA?,neutral,-0.1634326352068409,TSLA,reddit,152,20
2024-04-05,TSLA IV too high for options rn,neutral,-0.0840248153127396,TSLA,reddit,72,2
2023-01-05,bull thesis on SPY: trust me bro,positive,0.7480670155494822,SPY,reddit,57,6
2024-03-13,"positions: 100x SPY 500c 1/20, wish me luck retards",positive,0.48812970892346164,SPY,reddit,202,5
2024-04-19,what's the play on AMZN?,neutral,-0.1648218119803617,AMZN,reddit,72,0
2024-04-25,imagine buying GOOGL at ATH lmaooo,negative,-0.6354894908086187,GOOGL,reddit,15,0
2024-03-27,"sold my GOOGL bags, finally free",negative,-0.7124663430635716,GOOGL,reddit,141,4
2024-06-20,AMC IV too high for options rn,neutral,-0.058868254367152956,AMC,reddit,136,1
2024-09-29,wife's boyfriend approved my GME purchase,positive,0.4955523560697397,GME,reddit,9,49
2023-02-25,DD: Why AAPL is going to $1000 🚀,positive,0.6829040225350831,AAPL,reddit,48,2
2024-08-16,loss porn: down 90% on GOOGL calls,negative,-0.7568781649697314,GOOGL,reddit,109,30
2023-08-20,what's the play on AMC?,neutral,-0.11998314776143602,AMC,reddit,86,9
2024-06-25,"GUH moment on MSFT, RIP my portfolio",negative,-0.5334156291130505,MSFT,reddit,6,29
2023-01-15,NVDA tendies printing 🍗🍗🍗,positive,0.5519872152245929,NVDA,reddit,17,3
2023-07-15,DD: Why NVDA is going to $1000 🚀,positive,0.7360961723932957,NVDA,reddit,0,37
2023-05-03,"PLTR going to $0, get out while you can",negative,-0.3593796573032938,PLTR,reddit,10,0
2023-04-01,"TSLA puts printing, bears eating good tonight",negative,-0.7532321036597254,TSLA,reddit,20,19
2024-08-15,"META puts printing, bears eating good tonight",negative,-0.6652402834986965,META,reddit,56,61
2023-07-20,loss porn: down 90% on AAPL calls,negative,-0.6220380089708784,AAPL,reddit,31,35
2023-11-18,"TSLA puts printing, bears eating good tonight",negative,-0.5395460169527896,TSLA,reddit,307,25
2024-08-24,"this is financial advice, buy AAPL",positive,0.4972350702973055,AAPL,reddit,128,10
2023-10-01,"this is financial advice, buy NVDA",positive,0.6326109824363904,NVDA,reddit,41,45
2023-08-23,"SPY consolidating, waiting for breakout",neutral,0.19792495814973654,SPY,reddit,367,5
2023-05-16,"YOLO'd my life savings into AMZN calls, cant go tits up",positive,0.3269514616068441,AMZN,reddit,88,66
2024-07-31,"YOLO'd my life savings into PLTR calls, cant go tits up",positive,0.7188626729770191,PLTR,reddit,186,20
2023-06-29,what's the play on NVDA?,neutral,-0.19021005944126024,NVDA,reddit,4,2
2024-02-05,"sold my AAPL bags, finally free",negative,-0.40632125231532473,AAPL,reddit,214,6
2023-04-27,"this is financial advice, buy NVDA",positive,0.46251588799306487,NVDA,reddit,40,5
2023-03-12,"positions: 100x GOOGL 500c 1/20, wish me luck retards",positive,0.7969959766131122,GOOGL,reddit,56,4
2023-12-13,"NVDA consolidating, waiting for breakout",neutral,-0.14077033740162573,NVDA,reddit,660,69
2024-02-16,"PLTR puts printing, bears eating good tonight",negative,-0.5279144285477373,PLTR,reddit,85,40
2023-05-29,what's the play on AMZN?,neutral,-0.03177297758264935,AMZN,reddit,98,5
2024-10-26,apes dont sell 💎🙌 PLTR forever,positive,0.7713477884260843,PLTR,reddit,123,6
2023-07-22,"YOLO'd my life savings into SPY calls, cant go tits up",positive,0.31888873549868874,SPY,reddit,134,1
2023-04-25,"PLTR squeeze incoming, shorts are fukd",positive,0.36024044013669876,PLTR,reddit,422,17
2024-04-26,"positions: 100x META 500c 1/20, wish me luck retards",positive,0.6797026379656393,META,reddit,7,10
2023-11-25,SPY tendies printing 🍗🍗🍗,positive,0.5777529229661237,SPY,reddit,360,42
2023-04-16,"this is financial advice, buy TSLA",positive,0.6804124997536649,TSLA,reddit,82,5
2023-12-18,"GUH moment on AMC, RIP my portfolio",negative,-0.4120502303270206,AMC,reddit,47,2
2023-12-31,apes dont sell 💎🙌 PLTR forever,positive,0.4882745748667687,PLTR,reddit,25,4
2024-11-13,"theta gang on AMC, selling covered calls",neutral,0.15563909933973086,AMC,reddit,75,6
2024-10-11,if you're not buying MSFT rn you hate money,positive,0.8213467361809532,MSFT,reddit,19,7
2024-11-06,bull thesis on PLTR: trust me bro,positive,0.541219799537117,PLTR,reddit,8,1
2024-01-06,loss porn: down 90% on TSLA calls,negative,-0.7842475103993207,TSLA,reddit,128,8
2024-05-20,"AMC puts printing, bears eating good tonight",negative,-0.527212166376352,AMC,reddit,56,1
2023-02-24,"GUH moment on PLTR, RIP my portfolio",negative,-0.4696452211567209,PLTR,reddit,56,94
2024-11-15,"AAPL going to $0, get out while you can",negative,-0.8836698874784593,AAPL,reddit,5,7
2023-02-07,apes dont sell 💎🙌 AAPL forever,positive,0.4945853905571843,AAPL,reddit,73,5
2024-10-13,"BB going to $0, get out while you can",negative,-0.8370121583628769,BB,reddit,77,4
2024-08-11,imagine buying NVDA at ATH lmaooo,negative,-0.8205593670087487,NVDA,reddit,115,22
2023-01-07,"positions: 100x NVDA 500c 1/20, wish me luck retards",positive,0.6116057254018581,NVDA,reddit,416,0
2024-11-03,"theta gang on NVDA, selling covered calls",neutral,-0.08916886937770854,NVDA,reddit,128,18
2023-06-22,"AAPL consolidating, waiting for breakout",neutral,0.051427132638842576,AAPL,reddit,83,48
2023-04-02,anyone got DD on TSLA?,neutral,-0.12507542820290962,TSLA,reddit,79,9
2023-04-06,"inverse WSB worked, sold AMZN at the top",negative,-0.4645729763693049,AMZN,reddit,12,32
2023-08-13,if you're not buying AMZN rn you hate money,positive,0.4265389206500068,AMZN,reddit,93,16
2023-01-19,"this is financial advice, buy META",positive,0.7172470536534299,META,reddit,17,6
2024-04-27,"YOLO'd my life savings into GOOGL calls, cant go tits up",positive,0.5313106410981574,GOOGL,reddit,75,32
2023-11-28,imagine buying META at ATH lmaooo,negative,-0.3904687121188205,META,reddit,21,10
2023-11-24,"TSLA going to $0, get out while you can",negative,-0.6500272987547133,TSLA,reddit,148,10
2024-10-15,paper trading PLTR before going in,neutral,-0.13305470917820328,PLTR,reddit,27,0
2024-05-19,GME tendies printing 🍗🍗🍗,positive,0.8847581354831173,GME,reddit,71,64
2024-03-01,apes dont sell 💎🙌 GME forever,positive,0.3078972877742449,GME,reddit,61,14
2024-08-12,bull thesis on META: trust me bro,positive,0.5325065235109967,META,reddit,123,54
2023-08-01,apes dont sell 💎🙌 BB forever,positive,0.6244141643458692,BB,reddit,126,8
2023-01-01,"YOLO'd my life savings into AAPL calls, cant go tits up",positive,0.44082221956919443,AAPL,reddit,92,35
2023-02-11,loss porn: down 90% on AMZN calls,negative,-0.48352341216926226,AMZN,reddit,8,37
2023-09-18,"YOLO'd my life savings into GOOGL calls, cant go tits up",positive,0.771617899921951,GOOGL,reddit,85,1
2023-06-20,"theta gang on BB, selling covered calls",neutral,0.16278713138098594,BB,reddit,232,27
2024-09-12,anyone got DD on AMZN?,neutral,-0.19918106003232064,AMZN,reddit,214,11
2023-06-02,"PLTR rug pull, everyone got rekt",negative,-0.4826027121439712,PLTR,reddit,4,30
2023-10-31,apes dont sell 💎🙌 PLTR forever,positive,0.7655237979248481,PLTR,reddit,100,9
2024-06-17,bull thesis on MSFT: trust me bro,positive,0.48366994697618526,MSFT,reddit,13,50
2024-10-18,"sold my GME bags, finally free",negative,-0.5453299165685918,GME,reddit,206,8
2023-01-03,"SPY consolidating, waiting for breakout",neutral,-0.08776555620805643,SPY,reddit,106,20
2024-08-10,AMZN IV too high for options rn,neutral,0.11468030780323796,AMZN,reddit,21,65
2024-07-22,apes dont sell 💎🙌 MSFT forever,positive,0.6043919052540963,MSFT,reddit,3,14
2024-01-23,"AAPL squeeze incoming, shorts are fukd",positive,0.32863914764018826,AAPL,reddit,36,17
2024-10-06,AMZN IV too high for options rn,neutral,0.035555460523665566,AMZN,reddit,56,19
2024-11-08,"BB puts printing, bears eating good tonight",negative,-0.42319164682325533,BB,reddit,289,0
2024-01-15,paper trading AAPL before going in,neutral,-0.0584649621663029,AAPL,reddit,58,25
2023-01-12,"TSLA rug pull, everyone got rekt",negative,-0.6767489520788595,TSLA,reddit,8,48
2024-04-16,DD: Why TSLA is going to $1000 🚀,positive,0.5944600346554414,TSLA,reddit,206,6
2023-12-21,loss porn: down 90% on TSLA calls,negative,-0.8737050867206785,TSLA,reddit,192,1
2024-08-05,SPY IV too high for options rn,neutral,0.1624701611624932,SPY,reddit,13,4
2023-11-09,"positions: 100x SPY 500c 1/20, wish me luck retards",positive,0.8085757295350318,SPY,reddit,277,50
2023-01-28,bull thesis on META: trust me bro,positive,0.6323859557884494,META,reddit,6,25
2024-06-09,if you're not buying MSFT rn you hate money,positive,0.7388300799788323,MSFT,reddit,99,5
2024-10-20,"positions: 100x GME 500c 1/20, wish me luck retards",positive,0.5592529217568145,GME,reddit,69,16
2023-03-10,"GUH moment on AMC, RIP my portfolio",negative,-0.32369776093848457,AMC,reddit,95,28
2024-04-28,bull thesis on SPY: trust me bro,positive,0.5512656441979609,SPY,reddit,711,18
2023-05-04,"MSFT rug pull, everyone got rekt",negative,-0.3476440265343097,MSFT,reddit,30,4
2024-03-03,"sold my TSLA bags, finally free",negative,-0.6513462874696676,TSLA,reddit,80,19
2024-10-31,"AAPL consolidating, waiting for breakout",neutral,-0.09205495314738968,AAPL,reddit,0,10
2024-06-05,AAPL IV too high for options rn,neutral,0.07230908421898008,AAPL,reddit,27,0
2023-02-12,if you're not buying AMZN rn you hate money,positive,0.5746590809350577,AMZN,reddit,28,1
2024-05-17,what's the play on BB?,neutral,-0.17312615915743002,BB,reddit,36,78
2023-05-22,bull thesis on MSFT: trust me bro,positive,0.37652004384775273,MSFT,reddit,21,19
2023-04-08,GME IV too high for options rn,neutral,-0.09455921721245063,GME,reddit,46,3
2023-03-16,"this is financial advice, buy AAPL",positive,0.6500905970082296,AAPL,reddit,2,8
2024-09-15,anyone got DD on AAPL?,neutral,-0.16253500167520177,AAPL,reddit,16,2
2024-06-28,apes dont sell 💎🙌 BB forever,positive,0.5909721183082981,BB,reddit,84,31
2024-02-22,"positions: 100x MSFT 500c 1/20, wish me luck retards",positive,0.762275743944212,MSFT,reddit,131,23
2023-05-03,DD: Why GME is going to $1000 🚀,positive,0.716260356824675,GME,reddit,303,5
2023-01-31,what's the play on SPY?,neutral,-0.06441153202015357,SPY,reddit,333,31
2024-02-14,"AMC rug pull, everyone got rekt",negative,-0.8354372626965668,AMC,reddit,199,2
2024-10-14,"TSLA puts printing, bears eating good tonight",negative,-0.443169419528212,TSLA,reddit,0,0
2024-11-20,bull thesis on AMC: trust me bro,positive,0.5636875306804064,AMC,reddit,23,6
2024-11-12,"inverse WSB worked, sold AAPL at the top",negative,-0.5405699574178056,AAPL,reddit,107,11
2024-06-14,DD: Why SPY is going to $1000 🚀,positive,0.812185134134882,SPY,reddit,227,88
2023-02-07,"sold my BB bags, finally free",negative,-0.8516805422877649,BB,reddit,20,7
2024-08-01,AMC IV too high for options rn,neutral,-0.04621005858484084,AMC,reddit,130,10
2023-08-18,"GUH moment on AMZN, RIP my portfolio",negative,-0.5422060081165825,AMZN,reddit,304,27
2024-02-27,"positions: 100x AAPL 500c 1/20, wish me luck retards",positive,0.41130294895524333,AAPL,reddit,16,16
2023-09-18,anyone got DD on AAPL?,neutral,0.07714232829047973,AAPL,reddit,146,19
2023-12-22,DD: Why GOOGL is going to $1000 🚀,positive,0.7324460099709351,GOOGL,reddit,49,9
2023-09-12,"AMC puts printing, bears eating good tonight",negative,-0.3629263765768943,AMC,reddit,178,29
2023-06-01,"theta gang on META, selling covered calls",neutral,-0.14980292337786746,META,reddit,31,21
2023-10-08,"AMZN consolidating, waiting for breakout",neutral,-0.14602682074231274,AMZN,reddit,59,3
2023-12-15,if you're not buying AAPL rn you hate money,positive,0.7771864895804443,AAPL,reddit,46,1
2023-08-07,MSFT tendies printing 🍗🍗🍗,positive,0.5248913548484533,MSFT,reddit,55,12
2023-07-18,"MSFT consolidating, waiting for breakout",neutral,-0.07421359441159639,MSFT,reddit,34,0
2024-04-03,"sold my NVDA bags, finally free",negative,-0.6167983488945057,NVDA,reddit,3,13
2023-10-22,apes dont sell 💎🙌 BB forever,positive,0.7199483254493446,BB,reddit,74,28
2023-07-18,"theta gang on AMZN, selling covered calls",neutral,0.013087480871949886,AMZN,reddit,220,25
2023-09-06,"YOLO'd my life savings into AAPL calls, cant go tits up",positive,0.30540574591874053,AAPL,reddit,26,4
2024-04-23,"YOLO'd my life savings into META calls, cant go tits up",positive,0.36670009947555665,META,reddit,226,3
2023-03-12,"BB squeeze incoming, shorts are fukd",positive,0.8442930855268929,BB,reddit,17,16
2024-07-07,"AMC going to $0, get out while you can",negative,-0.4147501606729994,AMC,reddit,98,38
2023-12-19,"BB consolidating, waiting for breakout",neutral,-0.06681479861370376,BB,reddit,2,0
2024-04-25,"GOOGL squeeze incoming, shorts are fukd",positive,0.37289098989513375,GOOGL,reddit,244,19
2024-09-10,what's the play on AMZN?,neutral,-0.09893250784097654,AMZN,reddit,102,45
2023-09-01,bull thesis on NVDA: trust me bro,positive,0.7581569040514231,NVDA,reddit,40,18
2023-02-04,if you're not buying NVDA rn you hate money,positive,0.8143961831566147,NVDA,reddit,39,0
2024-02-15,imagine buying META at ATH lmaooo,negative,-0.8843948272824717,META,reddit,481,7
2024-09-11,wife's boyfriend approved my NVDA purchase,positive,0.40036049866181045,NVDA,reddit,15,15
2023-09-02,"GUH moment on AMZN, RIP my portfolio",negative,-0.5234942475475578,AMZN,reddit,87,5
2024-07-13,"this is financial advice, buy TSLA",positive,0.8047032280241881,TSLA,reddit,186,15
2023-02-21,"this is financial advice, buy MSFT",positive,0.6296039200121081,MSFT,reddit,204,0
2024-11-23,"YOLO'd my life savings into META calls, cant go tits up",positive,0.7045833203984655,META,reddit,145,19
2024-03-30,"YOLO'd my life savings into MSFT calls, cant go tits up",positive,0.30529939374086473,MSFT,reddit,343,8
2023-03-21,"YOLO'd my life savings into BB calls, cant go tits up",positive,0.45440408443934477,BB,reddit,18,21
2024-07-05,"positions: 100x BB 500c 1/20, wish me luck retards",positive,0.4244679970937098,BB,reddit,95,13
2023-07-25,what's the play on GME?,neutral,-0.11217902450500201,GME,reddit,8,1
2023-02-15,"theta gang on TSLA, selling covered calls",neutral,0.18453908832398758,TSLA,reddit,113,35
2023-07-25,"YOLO'd my life savings into GME calls, cant go tits up",positive,0.5511663326845648,GME,reddit,32,39
2023-04-03,"YOLO'd my life savings into BB calls, cant go tits up",positive,0.417671200231603,BB,reddit,27,3
2023-08-20,if you're not buying META rn you hate money,positive,0.6761766457448202,META,reddit,20,13
2023-11-12,DD: Why GOOGL is going to $1000 🚀,positive,0.7544876174189361,GOOGL,reddit,19,97
2024-02-23,"BB rug pull, everyone got rekt",negative,-0.521349442093552,BB,reddit,1,27
2024-07-13,"SPY puts printing, bears eating good tonight",negative,-0.5060658756158167,SPY,reddit,148,18
2023-06-01,"this is financial advice, buy AAPL",positive,0.39233069241837404,AAPL,reddit,210,9
2024-04-22,apes dont sell 💎🙌 AMZN forever,positive,0.6979762975066137,AMZN,reddit,52,5
2023-01-18,"this is financial advice, buy GME",positive,0.6176093178304447,GME,reddit,37,5
2023-06-12,"inverse WSB worked, sold NVDA at the top",negative,-0.8856889736095735,NVDA,reddit,199,44
2023-10-25,"AAPL rug pull, everyone got rekt",negative,-0.8375556193454634,AAPL,reddit,2,14
2024-10-25,DD: Why TSLA is going to $1000 🚀,positive,0.7122990811024121,TSLA,reddit,24,49
2024-02-02,"theta gang on SPY, selling covered calls",neutral,0.14933760857269107,SPY,reddit,26,8
2024-02-18,anyone got DD on BB?,neutral,-0.05713863894194962,BB,reddit,140,11
2024-10-24,"theta gang on GME, selling covered calls",neutral,-0.04517502117123051,GME,reddit,157,25
2023-09-07,"GOOGL consolidating, waiting for breakout",neutral,-0.16336564408387189,GOOGL,reddit,24,18
2024-08-30,what's the play on AMZN?,neutral,-0.004003772525778604,AMZN,reddit,98,3
2023-10-23,"theta gang on SPY, selling covered calls",neutral,0.005547117652022232,SPY,reddit,29,3
2023-10-07,"inverse WSB worked, sold GME at the top",negative,-0.6415993153742496,GME,reddit,36,67
2023-11-05,"inverse WSB worked, sold PLTR at the top",negative,-0.7347842495142627,PLTR,reddit,0,22
2024-02-14,anyone got DD on AMC?,neutral,0.021868670000276536,AMC,reddit,111,28
2024-09-20,META tendies printing 🍗🍗🍗,positive,0.3496876135074386,META,reddit,12,5
2023-11-29,"TSLA rug pull, everyone got rekt",negative,-0.6016573813006773,TSLA,reddit,331,7
2023-11-18,wife's boyfriend approved my SPY purchase,positive,0.7947810271632207,SPY,reddit,125,56
2024-09-08,"inverse WSB worked, sold SPY at the top",negative,-0.6570339161013395,SPY,reddit,110,0
2023-01-23,AMC IV too high for options rn,neutral,-0.11127831630788095,AMC,reddit,94,23
2023-01-08,"SPY squeeze incoming, shorts are fukd",positive,0.8410128231379148,SPY,reddit,660,2
2024-03-02,AMC tendies printing 🍗🍗🍗,positive,0.45593008665596413,AMC,reddit,41,10
2024-05-24,"PLTR rug pull, everyone got rekt",negative,-0.41499253458191687,PLTR,reddit,13,16
2024-01-10,anyone got DD on GME?,neutral,-0.01349601119134905,GME,reddit,149,26
2024-09-11,anyone got DD on AMZN?,neutral,-0.14035843829811154,AMZN,reddit,101,23
2023-03-12,"GUH moment on SPY, RIP my portfolio",negative,-0.651540995601789,SPY,reddit,54,15
2023-04-03,wife's boyfriend approved my AMZN purchase,positive,0.6672286531515838,AMZN,reddit,1,24
2023-06-28,if you're not buying AAPL rn you hate money,positive,0.6622179987642718,AAPL,reddit,139,6
2023-02-18,DD: Why BB is going to $1000 🚀,positive,0.8187179162987281,BB,reddit,174,10
2024-05-06,"PLTR rug pull, everyone got rekt",negative,-0.5153978513345892,PLTR,reddit,260,0
2023-10-04,what's the play on TSLA?,neutral,0.10991218009868903,TSLA,reddit,9,1
2024-10-23,what's the play on AAPL?,neutral,0.03377494382748086,AAPL,reddit,162,6
2024-09-03,if you're not buying TSLA rn you hate money,positive,0.38851836448894644,TSLA,reddit,57,5
2023-11-24,"this is financial advice, buy AAPL",positive,0.5000484379596872,AAPL,reddit,241,20
2023-04-02,DD: Why AAPL is going to $1000 🚀,positive,0.3169205169845682,AAPL,reddit,226,0
2023-03-03,paper trading META before going in,neutral,-0.1806338597568538,META,reddit,222,6
2023-02-14,anyone got DD on SPY?,neutral,0.07933234044453197,SPY,reddit,31,12
2024-04-02,imagine buying SPY at ATH lmaooo,negative,-0.8267089598710586,SPY,reddit,38,25
2023-07-11,"this is financial advice, buy TSLA",positive,0.39881876540442773,TSLA,reddit,89,75
2023-03-10,"PLTR consolidating, waiting for breakout",neutral,-0.10507728486724704,PLTR,reddit,104,14
2023-01-30,"PLTR going to $0, get out while you can",negative,-0.42772227845508576,PLTR,reddit,360,9
2024-04-06,SPY IV too high for options rn,neutral,-0.16447573148140388,SPY,reddit,92,2
2023-02-28,anyone got DD on GOOGL?,neutral,-0.11031244634698895,GOOGL,reddit,179,10
2024-04-07,"AMZN consolidating, waiting for breakout",neutral,0.17787435511611233,AMZN,reddit,168,7
2023-11-16,MSFT tendies printing 🍗🍗🍗,positive,0.8283926231846679,MSFT,reddit,52,62
2024-07-28,paper trading MSFT before going in,neutral,-0.17190875762049523,MSFT,reddit,293,78
2024-09-16,"theta gang on AMC, selling covered calls",neutral,-0.008018876780345574,AMC,reddit,14,13
2024-11-15,paper trading AAPL before going in,neutral,-0.0032639357128493585,AAPL,reddit,86,78
2023-01-06,"theta gang on SPY, selling covered calls",neutral,0.017933864989272907,SPY,reddit,0,16
2024-07-31,"inverse WSB worked, sold AMZN at the top",negative,-0.6514349569097875,AMZN,reddit,124,1
2024-09-01,NVDA IV too high for options rn,neutral,-0.004060485352435583,NVDA,reddit,48,31
2023-05-22,META IV too high for options rn,neutral,0.12612769566690846,META,reddit,56,103
2024-07-13,"GUH moment on AAPL, RIP my portfolio",negative,-0.5347213970838967,AAPL,reddit,29,36
2023-07-27,anyone got DD on AMZN?,neutral,0.04576714299800938,AMZN,reddit,25,19
2024-10-23,"YOLO'd my life savings into GME calls, cant go tits up",positive,0.41703207748845544,GME,reddit,133,8
2023-11-09,"this is financial advice, buy GME",positive,0.6623656830884989,GME,reddit,9,0
2023-01-29,"inverse WSB worked, sold AMC at the top",negative,-0.7865199945831822,AMC,reddit,27,17
2024-10-13,"AMZN puts printing, bears eating good tonight",negative,-0.4967622443640249,AMZN,reddit,289,12
2024-05-18,wife's boyfriend approved my GME purchase,positive,0.7916432094537564,GME,reddit,11,15
2023-01-25,"MSFT rug pull, everyone got rekt",negative,-0.46249196971995427,MSFT,reddit,226,0
2023-03-10,if you're not buying GOOGL rn you hate money,positive,0.3731759119038569,GOOGL,reddit,334,6
2023-07-18,"inverse WSB worked, sold TSLA at the top",negative,-0.5215158616168446,TSLA,reddit,124,11
2023-11-27,"PLTR squeeze incoming, shorts are fukd",positive,0.6034999017717808,PLTR,reddit,186,16
2024-04-24,"GOOGL puts printing, bears eating good tonight",negative,-0.7515204719549609,GOOGL,reddit,145,14
2023-12-26,"GUH moment on MSFT, RIP my portfolio",negative,-0.6652047172548929,MSFT,reddit,1,6
2023-01-17,"PLTR going to $0, get out while you can",negative,-0.6524239815598548,PLTR,reddit,66,7
2023-05-09,if you're not buying AAPL rn you hate money,positive,0.319569022785456,AAPL,reddit,157,15
2024-10-30,if you're not buying AMC rn you hate money,positive,0.3718391153641308,AMC,reddit,260,21
2024-11-22,"GUH moment on NVDA, RIP my portfolio",negative,-0.716590131783269,NVDA,reddit,13,22
2023-05-14,"positions: 100x AMC 500c 1/20, wish me luck retards",positive,0.4730459187774827,AMC,reddit,57,46
2024-10-21,"theta gang on GOOGL, selling covered calls",neutral,0.15842078046586283,GOOGL,reddit,35,23
2023-09-18,wife's boyfriend approved my BB purchase,positive,0.3022905694795738,BB,reddit,11,45
2023-05-12,"META squeeze incoming, shorts are fukd",positive,0.6891871046969332,META,reddit,22,11
2024-10-22,apes dont sell 💎🙌 AAPL forever,positive,0.35725056080872747,AAPL,reddit,69,32
2024-04-27,"positions: 100x GME 500c 1/20, wish me luck retards",positive,0.8905573593667191,GME,reddit,153,32
2023-07-07,anyone got DD on NVDA?,neutral,-0.19755811080422073,NVDA,reddit,269,9
2024-06-05,what's the play on AAPL?,neutral,0.11082763462609313,AAPL,reddit,58,6
2023-03-14,GOOGL IV too high for options rn,neutral,0.006735150854445815,GOOGL,reddit,215,16
2024-03-05,paper trading SPY before going in,neutral,0.10205865695649063,SPY,reddit,18,23
2024-10-31,"AAPL consolidating, waiting for breakout",neutral,-0.028610975697715535,AAPL,reddit,152,15
2024-10-21,what's the play on PLTR?,neutral,0.14238926324202456,PLTR,reddit,51,27
2023-10-12,loss porn: down 90% on SPY calls,negative,-0.7860018417150053,SPY,reddit,57,24
2023-11-20,"BB rug pull, everyone got rekt",negative,-0.49111227023868476,BB,reddit,58,31
2023-09-21,"this is financial advice, buy NVDA",positive,0.6429508600371492,NVDA,reddit,48,61
2023-09-21,"theta gang on NVDA, selling covered calls",neutral,-0.0920230861612331,NVDA,reddit,21,15
2024-05-15,"inverse WSB worked, sold NVDA at the top",negative,-0.831752558893214,NVDA,reddit,4,32
2024-04-10,bull thesis on AMC: trust me bro,positive,0.6820869708132425,AMC,reddit,175,8
2024-01-10,"this is financial advice, buy SPY",positive,0.3686600230425533,SPY,reddit,30,8
2024-10-19,"positions: 100x SPY 500c 1/20, wish me luck retards",positive,0.41704585679833733,SPY,reddit,55,33
2024-06-07,"YOLO'd my life savings into MSFT calls, cant go tits up",positive,0.32124641552038274,MSFT,reddit,63,36
2023-10-03,anyone got DD on SPY?,neutral,-0.0893726989179604,SPY,reddit,380,9
2023-12-29,paper trading GME before going in,neutral,0.11796885794977863,GME,reddit,87,17
2023-03-19,AMC tendies printing 🍗🍗🍗,positive,0.6953493684299071,AMC,reddit,32,34
2024-07-14,paper trading SPY before going in,neutral,-0.19913304429080847,SPY,reddit,165,0
2023-06-12,loss porn: down 90% on GME calls,negative,-0.7868461024406689,GME,reddit,134,12
2023-02-14,"GME squeeze incoming, shorts are fukd",positive,0.7484778187041052,GME,reddit,101,9
2024-04-29,loss porn: down 90% on BB calls,negative,-0.7754667008348068,BB,reddit,401,4
2023-10-03,"MSFT rug pull, everyone got rekt",negative,-0.6712844166734182,MSFT,reddit,143,1
2023-05-04,"this is financial advice, buy AAPL",positive,0.8897296061392796,AAPL,reddit,18,17
2023-06-03,paper trading PLTR before going in,neutral,0.031844143168868355,PLTR,reddit,26,8
2024-05-27,"MSFT consolidating, waiting for breakout",neutral,-0.0748423892253447,MSFT,reddit,246,6
2023-08-02,"GUH moment on SPY, RIP my portfolio",negative,-0.8535078058369655,SPY,reddit,22,20
2023-12-23,AMZN IV too high for options rn,neutral,-0.12670036217516706,AMZN,reddit,118,12
2023-12-29,"TSLA going to $0, get out while you can",negative,-0.49321217667508394,TSLA,reddit,52,9
2023-11-16,"AMC consolidating, waiting for breakout",neutral,-0.141110145038884,AMC,reddit,0,1
2023-12-27,anyone got DD on TSLA?,neutral,-0.0870804052990458,TSLA,reddit,46,41
2023-03-16,"sold my AMC bags, finally free",negative,-0.33983588184477787,AMC,reddit,22,5
2023-03-28,"GUH moment on TSLA, RIP my portfolio",negative,-0.7528700553363732,TSLA,reddit,52,43
2024-10-09,if you're not buying MSFT rn you hate money,positive,0.6408609391514832,MSFT,reddit,53,11
2023-09-24,"GME squeeze incoming, shorts are fukd",positive,0.35400833543871846,GME,reddit,199,20
2023-06-30,"this is financial advice, buy MSFT",positive,0.5904656197582953,MSFT,reddit,47,18
2024-06-29,anyone got DD on META?,neutral,-0.0740212363641323,META,reddit,64,13
2024-04-22,"this is financial advice, buy AAPL",positive,0.3015606742865691,AAPL,reddit,202,2
2024-06-03,if you're not buying SPY rn you hate money,positive,0.4298952959742393,SPY,reddit,40,14
2024-01-31,"sold my META bags, finally free",negative,-0.30932890196207474,META,reddit,13,0
2023-06-14,"META consolidating, waiting for breakout",neutral,0.03728100457660424,META,reddit,15,9
2023-09-11,paper trading NVDA before going in,neutral,-0.019160388285336033,NVDA,reddit,4,30
2023-08-06,"GUH moment on NVDA, RIP my portfolio",negative,-0.85112948073704,NVDA,reddit,131,11
2023-01-04,GOOGL tendies printing 🍗🍗🍗,positive,0.7343938015461826,GOOGL,reddit,111,7
2023-07-20,what's the play on AAPL?,neutral,-0.07821259884590073,AAPL,reddit,21,20
2024-10-20,bull thesis on GME: trust me bro,positive,0.8512224465203952,GME,reddit,187,35
2024-01-26,"this is financial advice, buy AMZN",positive,0.45392444205792337,AMZN,reddit,5,2
2024-02-02,"GUH moment on META, RIP my portfolio",negative,-0.7374110261061222,META,reddit,4,64
2023-01-14,anyone got DD on SPY?,neutral,0.18084617963147154,SPY,reddit,58,12
2024-02-20,loss porn: down 90% on GME calls,negative,-0.6281553769743993,GME,reddit,190,10
2024-01-04,"positions: 100x META 500c 1/20, wish me luck retards",positive,0.49646178269941754,META,reddit,16,10
2024-06-25,"inverse WSB worked, sold GME at the top",negative,-0.8622956698353352,GME,reddit,68,0
2023-09-25,DD: Why GME is going to $1000 🚀,positive,0.4448252497188327,GME,reddit,90,36
2024-01-10,wife's boyfriend approved my AMZN purchase,positive,0.8032946229323765,AMZN,reddit,46,34
2023-01-01,GME tendies printing 🍗🍗🍗,positive,0.6588573870030441,GME,reddit,42,149
2023-07-30,"this is financial advice, buy AAPL",positive,0.5399637369131927,AAPL,reddit,98,6
2023-05-26,loss porn: down 90% on TSLA calls,negative,-0.5632125190950095,TSLA,reddit,103,5
2024-04-06,"GME rug pull, everyone got rekt",negative,-0.33966529601062756,GME,reddit,2,4
2023-11-07,wife's boyfriend approved my MSFT purchase,positive,0.7998677926841804,MSFT,reddit,27,10
2023-11-07,apes dont sell 💎🙌 GME forever,positive,0.8332308684090934,GME,reddit,40,14
2024-02-19,"BB going to $0, get out while you can",negative,-0.543122820677838,BB,reddit,16,2
2023-07-09,wife's boyfriend approved my MSFT purchase,positive,0.45853687272319615,MSFT,reddit,104,8
2024-10-09,BB tendies printing 🍗🍗🍗,positive,0.7284187918032285,BB,reddit,134,8
2024-11-14,"sold my AMC bags, finally free",negative,-0.6661049157375981,AMC,reddit,16,14
2023-04-23,anyone got DD on AAPL?,neutral,-0.14440006322723922,AAPL,reddit,177,38
2024-09-08,"positions: 100x TSLA 500c 1/20, wish me luck retards",positive,0.8708452153596713,TSLA,reddit,35,19
2024-07-19,BB IV too high for options rn,neutral,-0.10210712460709775,BB,reddit,5,21
2024-02-19,paper trading GOOGL before going in,neutral,-0.10067044684319244,GOOGL,reddit,194,8
2023-08-06,"positions: 100x BB 500c 1/20, wish me luck retards",positive,0.30266017657942546,BB,reddit,91,2
2023-03-08,bull thesis on BB: trust me bro,positive,0.6106866489634111,BB,reddit,128,0
2024-09-28,"GUH moment on AAPL, RIP my portfolio",negative,-0.8955986401883417,AAPL,reddit,105,31
2023-01-02,"inverse WSB worked, sold PLTR at the top",negative,-0.41109762281208917,PLTR,reddit,594,18
2023-10-16,"this is financial advice, buy PLTR",positive,0.886751900842959,PLTR,reddit,89,14
2023-06-25,"positions: 100x BB 500c 1/20, wish me luck retards",positive,0.6514984030362749,BB,reddit,21,53
2024-10-28,"this is financial advice, buy BB",positive,0.3979069780941593,BB,reddit,12,18
2024-10-22,"inverse WSB worked, sold AMZN at the top",negative,-0.4576472087521447,AMZN,reddit,95,14
2024-11-13,"GUH moment on MSFT, RIP my portfolio",negative,-0.43906443282351254,MSFT,reddit,1,60
2023-12-19,"theta gang on AAPL, selling covered calls",neutral,-0.17199853018020753,AAPL,reddit,90,20
2023-10-14,loss porn: down 90% on GOOGL calls,negative,-0.8109352363516157,GOOGL,reddit,243,3
2023-02-19,"this is financial advice, buy TSLA",positive,0.38851041294923605,TSLA,reddit,43,19
2024-04-29,"SPY consolidating, waiting for breakout",neutral,-0.08280936052802197,SPY,reddit,63,7
2023-12-29,"inverse WSB worked, sold NVDA at the top",negative,-0.8943115484975661,NVDA,reddit,13,23
2024-02-02,if you're not buying NVDA rn you hate money,positive,0.7522302331966573,NVDA,reddit,32,6
2024-03-23,DD: Why MSFT is going to $1000 🚀,positive,0.832780171051575,MSFT,reddit,37,2
2023-09-07,apes dont sell 💎🙌 BB forever,positive,0.7500236370991763,BB,reddit,99,2
2024-07-06,"GME rug pull, everyone got rekt",negative,-0.6300770622810999,GME,reddit,17,1
2024-09-12,what's the play on GOOGL?,neutral,-0.07689972244749121,GOOGL,reddit,17,25
2024-08-14,"TSLA squeeze incoming, shorts are fukd",positive,0.7979278028684285,TSLA,reddit,123,36
2024-03-02,anyone got DD on NVDA?,neutral,-0.03643088026531341,NVDA,reddit,64,8
2023-02-07,AMZN IV too high for options rn,neutral,-0.1850776417891971,AMZN,reddit,28,3
2023-08-21,"GUH moment on TSLA, RIP my portfolio",negative,-0.7989345813362831,TSLA,reddit,19,11
2024-05-21,"AMC squeeze incoming, shorts are fukd",positive,0.5034882033155375,AMC,reddit,22,50
2024-03-18,"this is financial advice, buy GME",positive,0.849155124173663,GME,reddit,16,9
2023-08-14,imagine buying AMZN at ATH lmaooo,negative,-0.8026428909637022,AMZN,reddit,357,7
2024-04-09,"theta gang on MSFT, selling covered calls",neutral,-0.049766205455009815,MSFT,reddit,168,29
2023-04-15,apes dont sell 💎🙌 AMC forever,positive,0.3616056512295184,AMC,reddit,196,4
2024-01-20,"inverse WSB worked, sold NVDA at the top",negative,-0.87895898283248,NVDA,reddit,185,4
2023-01-10,apes dont sell 💎🙌 AAPL forever,positive,0.8803988753960974,AAPL,reddit,4,5
2024-03-18,"positions: 100x NVDA 500c 1/20, wish me luck retards",positive,0.8240317876632237,NVDA,reddit,15,24
2024-01-06,"positions: 100x AMZN 500c 1/20, wish me luck retards",positive,0.734313064696735,AMZN,reddit,4,46
2023-03-30,DD: Why AAPL is going to $1000 🚀,positive,0.8698171704225861,AAPL,reddit,49,5
2024-11-23,DD: Why AAPL is going to $1000 🚀,positive,0.43457424094452757,AAPL,reddit,17,8
2023-04-14,"AMZN squeeze incoming, shorts are fukd",positive,0.5728827492380638,AMZN,reddit,19,12
2023-03-07,BB IV too high for options rn,neutral,0.13735865652694773,BB,reddit,87,4
2023-12-19,NVDA IV too high for options rn,neutral,0.1929559190409333,NVDA,reddit,41,1
2023-05-11,"this is financial advice, buy NVDA",positive,0.40394882763466633,NVDA,reddit,227,3
2023-06-18,paper trading MSFT before going in,neutral,0.0769136163900162,MSFT,reddit,52,17
2023-10-16,"MSFT consolidating, waiting for breakout",neutral,-0.17568211065996536,MSFT,reddit,262,15
2024-05-08,anyone got DD on BB?,neutral,0.1470105628204334,BB,reddit,11,21
2023-02-16,AMZN IV too high for options rn,neutral,-0.06284198795095519,AMZN,reddit,66,9
2023-10-07,wife's boyfriend approved my AMC purchase,positive,0.5584370975516023,AMC,reddit,270,31
2024-09-13,apes dont sell 💎🙌 BB forever,positive,0.7241646802402171,BB,reddit,0,18
2023-09-30,loss porn: down 90% on PLTR calls,negative,-0.7274716818092826,PLTR,reddit,109,18
2023-06-28,"positions: 100x SPY 500c 1/20, wish me luck retards",positive,0.5598842407369029,SPY,reddit,31,18
2024-07-05,anyone got DD on AMZN?,neutral,-0.14376937288286284,AMZN,reddit,109,23
2023-12-18,"NVDA puts printing, bears eating good tonight",negative,-0.40568138820417593,NVDA,reddit,219,0
2024-05-30,"AMZN going to $0, get out while you can",negative,-0.7555133569459187,AMZN,reddit,92,6
2023-12-04,"GUH moment on PLTR, RIP my portfolio",negative,-0.7782740457379896,PLTR,reddit,3,31
2024-05-31,anyone got DD on GME?,neutral,0.19001347579489763,GME,reddit,3,7
2024-03-17,"inverse WSB worked, sold GOOGL at the top",negative,-0.3409101045033215,GOOGL,reddit,49,22
2023-03-11,imagine buying GME at ATH lmaooo,negative,-0.4841949284356649,GME,reddit,163,68
2024-01-17,loss porn: down 90% on GME calls,negative,-0.8069490058222174,GME,reddit,36,4
2023-04-25,anyone got DD on PLTR?,neutral,0.13760576598861668,PLTR,reddit,44,15
2024-01-02,"this is financial advice, buy AMC",positive,0.6553157451181122,AMC,reddit,25,0
2024-01-12,what's the play on META?,neutral,-0.04464819052673891,META,reddit,17,8
2023-10-06,PLTR IV too high for options rn,neutral,0.1420496584588613,PLTR,reddit,333,4
2024-03-26,"PLTR consolidating, waiting for breakout",neutral,-0.04569755116475349,PLTR,reddit,72,27
2023-06-18,wife's boyfriend approved my GME purchase,positive,0.628766607592682,GME,reddit,214,2
2023-01-29,"PLTR puts printing, bears eating good tonight",negative,-0.7818350596276955,PLTR,reddit,135,0
2024-04-14,what's the play on GME?,neutral,-0.07142988494944605,GME,reddit,81,12
2023-05-17,"GOOGL consolidating, waiting for breakout",neutral,0.10778337896928497,GOOGL,reddit,131,40
2023-10-09,NVDA IV too high for options rn,neutral,0.022198761423427665,NVDA,reddit,48,23
2023-10-09,DD: Why PLTR is going to $1000 🚀,positive,0.7607704849057326,PLTR,reddit,206,17
2023-08-21,"sold my GOOGL bags, finally free",negative,-0.6487013209267916,GOOGL,reddit,169,13
2024-03-12,"inverse WSB worked, sold GME at the top",negative,-0.6688236217479792,GME,reddit,44,28
2023-04-19,"positions: 100x META 500c 1/20, wish me luck retards",positive,0.7072331591542986,META,reddit,86,83
2024-01-06,"sold my GOOGL bags, finally free",negative,-0.43048889936916346,GOOGL,reddit,63,5
2023-04-26,DD: Why NVDA is going to $1000 🚀,positive,0.8116156806651582,NVDA,reddit,24,8
2024-04-04,"this is financial advice, buy AMZN",positive,0.5867784631740847,AMZN,reddit,140,60
2023-04-11,"inverse WSB worked, sold BB at the top",negative,-0.8223836220667213,BB,reddit,52,20
2023-05-08,"BB rug pull, everyone got rekt",negative,-0.47285685090153784,BB,reddit,75,24
2024-05-06,apes dont sell 💎🙌 TSLA forever,positive,0.3848966728918903,TSLA,reddit,69,22
2024-08-03,apes dont sell 💎🙌 AAPL forever,positive,0.44406354438572726,AAPL,reddit,94,8
2024-06-13,wife's boyfriend approved my SPY purchase,positive,0.38193370467678617,SPY,reddit,126,10
2023-02-27,"theta gang on AAPL, selling covered calls",neutral,0.17078119959945287,AAPL,reddit,65,30
2024-04-20,bull thesis on BB: trust me bro,positive,0.7541824303322429,BB,reddit,23,12
2024-09-14,AAPL IV too high for options rn,neutral,0.16095584941224583,AAPL,reddit,63,20
2023-02-22,GME IV too high for options rn,neutral,0.036230146930692986,GME,reddit,7,14
2024-07-24,"META squeeze incoming, shorts are fukd",positive,0.46101856982470857,META,reddit,72,0
2024-02-22,"YOLO'd my life savings into NVDA calls, cant go tits up",positive,0.42497514078384185,NVDA,reddit,1,21
2023-02-22,anyone got DD on PLTR?,neutral,0.03994555974639327,PLTR,reddit,107,9
2024-10-05,imagine buying AAPL at ATH lmaooo,negative,-0.48939607997360696,AAPL,reddit,10,6
2023-06-24,if you're not buying GME rn you hate money,positive,0.49733197442669463,GME,reddit,5,8
2023-01-10,"PLTR squeeze incoming, shorts are fukd",positive,0.6061209784510124,PLTR,reddit,77,6
2023-09-13,"AAPL consolidating, waiting for breakout",neutral,-0.0865574022677119,AAPL,reddit,73,4
2023-11-26,what's the play on AMC?,neutral,0.1532583737321293,AMC,reddit,23,0
2024-09-23,if you're not buying TSLA rn you hate money,positive,0.8669294874228552,TSLA,reddit,76,1
2024-10-29,TSLA IV too high for options rn,neutral,-0.12222089715421439,TSLA,reddit,65,52
2024-04-01,bull thesis on GOOGL: trust me bro,positive,0.3003164611835776,GOOGL,reddit,19,22
2024-04-06,anyone got DD on MSFT?,neutral,0.11589054083792333,MSFT,reddit,123,0
2023-02-04,anyone got DD on AMC?,neutral,-0.12026925173425994,AMC,reddit,30,8
2024-09-30,wife's boyfriend approved my BB purchase,positive,0.8211785173097341,BB,reddit,216,4
2024-05-15,if you're not buying SPY rn you hate money,positive,0.39648328972522684,SPY,reddit,103,8
2024-04-12,bull thesis on GOOGL: trust me bro,positive,0.4287200615783767,GOOGL,reddit,90,15
2023-06-09,SPY tendies printing 🍗🍗🍗,positive,0.42766327868046417,SPY,reddit,157,11
2024-06-09,"YOLO'd my life savings into NVDA calls, cant go tits up",positive,0.709102356896977,NVDA,reddit,77,2
2024-03-20,what's the play on AMC?,neutral,0.09411631903636508,AMC,reddit,67,12
2024-07-05,anyone got DD on PLTR?,neutral,-0.13982998488985748,PLTR,reddit,201,40
2023-03-27,"this is financial advice, buy MSFT",positive,0.4724409899660059,MSFT,reddit,143,6
2023-06-25,TSLA tendies printing 🍗🍗🍗,positive,0.5627249885130259,TSLA,reddit,173,18
2024-06-08,bull thesis on GOOGL: trust me bro,positive,0.40063107137851783,GOOGL,reddit,71,29
2023-08-12,"SPY going to $0, get out while you can",negative,-0.35684311516903433,SPY,reddit,109,19
2024-01-07,"GOOGL going to $0, get out while you can",negative,-0.6553919759754635,GOOGL,reddit,114,2
2023-04-22,paper trading SPY before going in,neutral,-0.13031664669875137,SPY,reddit,41,11
2023-02-22,loss porn: down 90% on GME calls,negative,-0.5386467063459646,GME,reddit,214,33
2024-06-26,DD: Why AMC is going to $1000 🚀,positive,0.6080350255467428,AMC,reddit,105,26
2023-11-16,anyone got DD on PLTR?,neutral,-0.18218275427796327,PLTR,reddit,242,5
2023-03-29,"theta gang on PLTR, selling covered calls",neutral,-0.0640563295437315,PLTR,reddit,32,4
2023-07-18,apes dont sell 💎🙌 PLTR forever,positive,0.7990152802411412,PLTR,reddit,57,2
2024-03-04,"theta gang on AMC, selling covered calls",neutral,0.1920250302103888,AMC,reddit,24,14
2023-03-25,bull thesis on PLTR: trust me bro,positive,0.4957926057370584,PLTR,reddit,5,14
2024-09-12,what's the play on AAPL?,neutral,-0.03350414317301803,AAPL,reddit,361,35
2023-12-19,"SPY going to $0, get out while you can",negative,-0.4903716574247744,SPY,reddit,301,4
2023-04-02,"theta gang on MSFT, selling covered calls",neutral,0.031760311431230065,MSFT,reddit,183,5
2023-04-02,apes dont sell 💎🙌 META forever,positive,0.8446411403963601,META,reddit,19,16
2023-05-22,loss porn: down 90% on META calls,negative,-0.46037907124623967,META,reddit,294,54
2024-08-27,imagine buying AAPL at ATH lmaooo,negative,-0.7130532576523696,AAPL,reddit,76,1
2023-05-09,"theta gang on PLTR, selling covered calls",neutral,0.06593813331416881,PLTR,reddit,1,14
2023-02-11,"TSLA rug pull, everyone got rekt",negative,-0.5999670102201873,TSLA,reddit,154,9
2024-01-16,loss porn: down 90% on AMZN calls,negative,-0.8383610959051565,AMZN,reddit,94,16
2024-05-31,anyone got DD on AMC?,neutral,-0.014654714526995516,AMC,reddit,7,79
2023-03-23,bull thesis on AMC: trust me bro,positive,0.7907249654794859,AMC,reddit,238,1
2024-10-30,wife's boyfriend approved my GOOGL purchase,positive,0.43801471852149576,GOOGL,reddit,64,30
2023-08-06,"BB puts printing, bears eating good tonight",negative,-0.8976825460854131,BB,reddit,76,7
2023-09-28,"YOLO'd my life savings into SPY calls, cant go tits up",positive,0.4071421770349466,SPY,reddit,9,7
2023-10-12,"AAPL puts printing, bears eating good tonight",negative,-0.5530225912610537,AAPL,reddit,228,68
2024-06-08,AAPL IV too high for options rn,neutral,-0.14750698414984306,AAPL,reddit,115,11
2023-05-22,"META rug pull, everyone got rekt",negative,-0.3011411560251208,META,reddit,62,16
2024-10-27,wife's boyfriend approved my TSLA purchase,positive,0.6186343221853808,TSLA,reddit,75,1
2023-08-07,"PLTR puts printing, bears eating good tonight",negative,-0.5774672924658109,PLTR,reddit,37,63
2024-06-12,what's the play on PLTR?,neutral,-0.10458942952306619,PLTR,reddit,206,4
2024-07-04,imagine buying GOOGL at ATH lmaooo,negative,-0.5235555579779652,GOOGL,reddit,45,11
2024-07-29,"sold my META bags, finally free",negative,-0.5861125096427786,META,reddit,102,22
2024-07-23,if you're not buying AMZN rn you hate money,positive,0.5223495933074773,AMZN,reddit,25,15
2024-03-31,NVDA tendies printing 🍗🍗🍗,positive,0.8671562522403957,NVDA,reddit,29,11
2023-11-05,"sold my SPY bags, finally free",negative,-0.617424834754129,SPY,reddit,76,4
2023-02-13,"GME consolidating, waiting for breakout",neutral,-0.13600527866204062,GME,reddit,18,5
2023-06-14,"AMZN rug pull, everyone got rekt",negative,-0.6542400375035254,AMZN,reddit,96,74
2024-08-24,"positions: 100x BB 500c 1/20, wish me luck retards",positive,0.6698273322846352,BB,reddit,29,12
2024-06-10,"positions: 100x SPY 500c 1/20, wish me luck retards",positive,0.3725650056647223,SPY,reddit,34,26
2023-06-17,"positions: 100x NVDA 500c 1/20, wish me luck retards",positive,0.45528274906379307,NVDA,reddit,109,0
2024-07-08,"this is financial advice, buy TSLA",positive,0.45528105660886664,TSLA,reddit,44,21
2023-05-31,paper trading GME before going in,neutral,0.016527663520039676,GME,reddit,39,61
2023-02-24,bull thesis on GOOGL: trust me bro,positive,0.8143762127745673,GOOGL,reddit,50,55
2024-09-25,"TSLA going to $0, get out while you can",negative,-0.5316719482040615,TSLA,reddit,46,4
2024-06-23,"GUH moment on AMC, RIP my portfolio",negative,-0.3191951639990307,AMC,reddit,6,16
2024-10-29,"YOLO'd my life savings into AMZN calls, cant go tits up",positive,0.702320429101426,AMZN,reddit,56,59
2024-04-27,"PLTR puts printing, bears eating good tonight",negative,-0.6595179224580328,PLTR,reddit,120,7
2023-01-31,"GME rug pull, everyone got rekt",negative,-0.7760350281378299,GME,reddit,52,49
2024-10-19,"positions: 100x META 500c 1/20, wish me luck retards",positive,0.5162826946545533,META,reddit,208,36
2023-06-13,what's the play on META?,neutral,0.02503489730538319,META,reddit,16,108
2023-03-31,bull thesis on SPY: trust me bro,positive,0.3030629160644623,SPY,reddit,101,18
2024-05-12,META IV too high for options rn,neutral,-0.17189648818011488,META,reddit,70,16
2023-02-06,if you're not buying AAPL rn you hate money,positive,0.4542720225736686,AAPL,reddit,4,6
2023-03-10,SPY tendies printing 🍗🍗🍗,positive,0.48009412875360846,SPY,reddit,89,1
2023-12-18,"sold my META bags, finally free",negative,-0.8909770109500901,META,reddit,9,44
2023-06-10,"YOLO'd my life savings into AMZN calls, cant go tits up",positive,0.3148758419016529,AMZN,reddit,70,25
2024-07-26,wife's boyfriend approved my MSFT purchase,positive,0.6359743074653204,MSFT,reddit,8,28
2024-10-03,what's the play on NVDA?,neutral,-0.11939403022021358,NVDA,reddit,124,28
2023-03-06,"BB squeeze incoming, shorts are fukd",positive,0.3763064672677,BB,reddit,121,5
2023-04-25,"YOLO'd my life savings into NVDA calls, cant go tits up",positive,0.7799025790086418,NVDA,reddit,195,28
2023-04-29,wife's boyfriend approved my NVDA purchase,positive,0.4786070713796782,NVDA,reddit,287,4
2023-06-27,"inverse WSB worked, sold MSFT at the top",negative,-0.5791676585194381,MSFT,reddit,11,23
2023-01-20,"theta gang on GOOGL, selling covered calls",neutral,-0.10733247130674983,GOOGL,reddit,5,28
2023-03-24,loss porn: down 90% on MSFT calls,negative,-0.8058498278614474,MSFT,reddit,4,41
2023-04-25,what's the play on AMZN?,neutral,0.0791445228537771,AMZN,reddit,66,2
2023-08-05,"inverse WSB worked, sold NVDA at the top",negative,-0.3281690119330243,NVDA,reddit,47,9
2024-01-15,"sold my TSLA bags, finally free",negative,-0.7845046308964472,TSLA,reddit,143,61
2023-11-17,paper trading GOOGL before going in,neutral,-0.17083863808877986,GOOGL,reddit,46,10
2024-08-07,"sold my AMC bags, finally free",negative,-0.8104571137750882,AMC,reddit,6,81
2024-08-01,"YOLO'd my life savings into NVDA calls, cant go tits up",positive,0.5616533320936559,NVDA,reddit,40,3
2023-10-31,"PLTR squeeze incoming, shorts are fukd",positive,0.428750477440898,PLTR,reddit,2,8
2024-05-07,paper trading AMC before going in,neutral,-0.06979329923118924,AMC,reddit,183,3
2023-02-26,"AAPL puts printing, bears eating good tonight",negative,-0.3012789278089012,AAPL,reddit,85,3
2024-09-06,"PLTR going to $0, get out while you can",negative,-0.8814284551212411,PLTR,reddit,16,14
2023-02-06,"positions: 100x PLTR 500c 1/20, wish me luck retards",positive,0.49049134077026446,PLTR,reddit,13,28
2024-03-24,"TSLA rug pull, everyone got rekt",negative,-0.4781047481725811,TSLA,reddit,241,1
2023-01-19,DD: Why AMC is going to $1000 🚀,positive,0.6846058312352374,AMC,reddit,59,2
2023-07-24,imagine buying GOOGL at ATH lmaooo,negative,-0.5872436631155931,GOOGL,reddit,37,1
2024-03-05,anyone got DD on META?,neutral,0.17398086403306562,META,reddit,18,11
2023-02-12,"YOLO'd my life savings into AMC calls, cant go tits up",positive,0.31180185960832557,AMC,reddit,41,53
2023-09-10,MSFT IV too high for options rn,neutral,0.1716038945881757,MSFT,reddit,142,18
2024-08-03,paper trading MSFT before going in,neutral,-0.03370425703739616,MSFT,reddit,96,17
2024-09-19,bull thesis on GME: trust me bro,positive,0.533592757920606,GME,reddit,42,30
2023-04-13,loss porn: down 90% on SPY calls,negative,-0.8144096638287879,SPY,reddit,39,87
2023-10-10,DD: Why AAPL is going to $1000 🚀,positive,0.3633627744043656,AAPL,reddit,10,23
2023-02-14,what's the play on TSLA?,neutral,0.08433754191223669,TSLA,reddit,438,26
2023-03-05,"positions: 100x AMC 500c 1/20, wish me luck retards",positive,0.3687263966673737,AMC,reddit,26,33
2024-11-21,"TSLA squeeze incoming, shorts are fukd",positive,0.41162166007692996,TSLA,reddit,28,84
2023-11-09,"theta gang on MSFT, selling covered calls",neutral,-0.1234458568389016,MSFT,reddit,97,30
2023-08-24,"this is financial advice, buy MSFT",positive,0.4050799908171272,MSFT,reddit,485,22
2023-02-17,"GUH moment on BB, RIP my portfolio",negative,-0.6647947805418466,BB,reddit,259,20
2024-08-27,apes dont sell 💎🙌 AMC forever,positive,0.8044995108211499,AMC,reddit,143,12
2023-10-07,"theta gang on GME, selling covered calls",neutral,0.18204508348131043,GME,reddit,156,21
2023-02-13,"TSLA squeeze incoming, shorts are fukd",positive,0.5915588242558287,TSLA,reddit,67,34
2023-06-15,"SPY squeeze incoming, shorts are fukd",positive,0.522893404813386,SPY,reddit,289,16
2023-11-13,if you're not buying GME rn you hate money,positive,0.4571730580300867,GME,reddit,130,6
2023-07-31,"GUH moment on SPY, RIP my portfolio",negative,-0.6791742429529227,SPY,reddit,5,15
2024-11-20,what's the play on GOOGL?,neutral,-0.05374449703169645,GOOGL,reddit,103,21
2024-11-15,"MSFT puts printing, bears eating good tonight",negative,-0.6949708262912938,MSFT,reddit,15,53
2023-11-21,"sold my AAPL bags, finally free",negative,-0.6933038523304282,AAPL,reddit,327,25
2024-04-19,"GUH moment on AMZN, RIP my portfolio",negative,-0.8143380420923795,AMZN,reddit,27,27
2024-07-26,"sold my AAPL bags, finally free",negative,-0.8801993953432729,AAPL,reddit,58,12
2023-10-16,"GME rug pull, everyone got rekt",negative,-0.3918536412140129,GME,reddit,199,12
2023-10-08,DD: Why AMC is going to $1000 🚀,positive,0.47250274019302063,AMC,reddit,10,39
2023-12-14,"AAPL squeeze incoming, shorts are fukd",positive,0.7803472204062778,AAPL,reddit,22,20
2023-02-12,"positions: 100x AMC 500c 1/20, wish me luck retards",positive,0.774738501164906,AMC,reddit,12,4
2024-07-22,"SPY going to $0, get out while you can",negative,-0.4427028021548075,SPY,reddit,100,13
2024-09-24,"inverse WSB worked, sold TSLA at the top",negative,-0.8800646385692461,TSLA,reddit,22,3
2024-06-10,"inverse WSB worked, sold NVDA at the top",negative,-0.8591870378605946,NVDA,reddit,116,5
2023-02-08,"YOLO'd my life savings into TSLA calls, cant go tits up",positive,0.6823400903785934,TSLA,reddit,0,24
2023-07-02,what's the play on MSFT?,neutral,0.03568922105285144,MSFT,reddit,21,9
2023-03-09,paper trading SPY before going in,neutral,0.05119254630542347,SPY,reddit,118,11
2024-11-19,"MSFT consolidating, waiting for breakout",neutral,0.1562037959122587,MSFT,reddit,364,3
2024-04-12,"theta gang on TSLA, selling covered calls",neutral,-0.05814686305822567,TSLA,reddit,6,31
2024-06-01,META tendies printing 🍗🍗🍗,positive,0.6221986661186136,META,reddit,24,6
2023-06-13,"this is financial advice, buy PLTR",positive,0.7640953823914107,PLTR,reddit,182,11
2024-01-16,DD: Why TSLA is going to $1000 🚀,positive,0.6996192686495637,TSLA,reddit,156,10
2024-11-03,if you're not buying AAPL rn you hate money,positive,0.45007863521682123,AAPL,reddit,116,22
2023-02-20,"BB puts printing, bears eating good tonight",negative,-0.6712644958596315,BB,reddit,23,8
2023-02-02,"NVDA puts printing, bears eating good tonight",negative,-0.31749721871274095,NVDA,reddit,25,38
2023-04-09,wife's boyfriend approved my AMZN purchase,positive,0.7366996602668907,AMZN,reddit,88,87
2023-07-16,"PLTR puts printing, bears eating good tonight",negative,-0.7908413577946234,PLTR,reddit,32,2
2023-06-10,loss porn: down 90% on NVDA calls,negative,-0.616082347190116,NVDA,reddit,38,12
2023-09-04,apes dont sell 💎🙌 AMZN forever,positive,0.7392928412405894,AMZN,reddit,137,22
2024-05-10,wife's boyfriend approved my GOOGL purchase,positive,0.7185024529208256,GOOGL,reddit,208,33
2024-06-14,loss porn: down 90% on MSFT calls,negative,-0.4448249170180583,MSFT,reddit,79,4
2024-04-16,loss porn: down 90% on AMZN calls,negative,-0.8794691588806813,AMZN,reddit,53,15
2024-11-23,"this is financial advice, buy MSFT",positive,0.5722309421716496,MSFT,reddit,124,12
2024-05-31,apes dont sell 💎🙌 AMC forever,positive,0.4676318228262547,AMC,reddit,55,34
2024-10-20,"YOLO'd my life savings into MSFT calls, cant go tits up",positive,0.7701196669017714,MSFT,reddit,71,23
2023-10-04,"BB puts printing, bears eating good tonight",negative,-0.5899961466902574,BB,reddit,276,5
2023-02-08,"positions: 100x PLTR 500c 1/20, wish me luck retards",positive,0.6595578052883393,PLTR,reddit,46,6
2023-01-18,"positions: 100x GME 500c 1/20, wish me luck retards",positive,0.8906323411695474,GME,reddit,127,10
2023-09-30,"YOLO'd my life savings into AAPL calls, cant go tits up",positive,0.8844231314421498,AAPL,reddit,42,11
2024-03-05,"GUH moment on TSLA, RIP my portfolio",negative,-0.4389628534011359,TSLA,reddit,10,9
2024-07-07,"this is financial advice, buy AMC",positive,0.5782391161112548,AMC,reddit,10,13
2023-02-07,DD: Why SPY is going to $1000 🚀,positive,0.4555735882642479,SPY,reddit,89,7
2023-11-20,if you're not buying AAPL rn you hate money,positive,0.3666334499584033,AAPL,reddit,479,13
2024-11-02,loss porn: down 90% on NVDA calls,negative,-0.3503159070967853,NVDA,reddit,4,65
2024-02-18,paper trading SPY before going in,neutral,-0.19402751823673997,SPY,reddit,161,10
2024-06-09,bull thesis on AMZN: trust me bro,positive,0.8306290286915954,AMZN,reddit,31,2
2024-01-23,imagine buying META at ATH lmaooo,negative,-0.3983255581856161,META,reddit,14,20
2023-12-25,loss porn: down 90% on SPY calls,negative,-0.30381010702306455,SPY,reddit,41,18
2024-06-19,GME tendies printing 🍗🍗🍗,positive,0.6790437064047083,GME,reddit,22,25
2024-02-03,bull thesis on BB: trust me bro,positive,0.7002193802062491,BB,reddit,74,7
2023-09-19,bull thesis on META: trust me bro,positive,0.32872745324406294,META,reddit,40,9
2024-02-17,"YOLO'd my life savings into NVDA calls, cant go tits up",positive,0.49427542112724404,NVDA,reddit,74,8
2024-04-11,"TSLA consolidating, waiting for breakout",neutral,-0.03822960234551531,TSLA,reddit,19,35
2024-03-16,DD: Why GOOGL is going to $1000 🚀,positive,0.33291929676952164,GOOGL,reddit,107,0
2023-11-10,"inverse WSB worked, sold PLTR at the top",negative,-0.5617818548940146,PLTR,reddit,105,4
2023-03-13,"AMC squeeze incoming, shorts are fukd",positive,0.7464074044640214,AMC,reddit,24,34
2023-03-27,TSLA IV too high for options rn,neutral,-0.19920988531697392,TSLA,reddit,6,46
2024-10-23,"YOLO'd my life savings into PLTR calls, cant go tits up",positive,0.8210944883034372,PLTR,reddit,55,8
2024-10-09,what's the play on AMC?,neutral,-0.002600529464860779,AMC,reddit,154,26
2024-03-26,wife's boyfriend approved my META purchase,positive,0.8564221798604383,META,reddit,30,15
2023-10-22,bull thesis on AMZN: trust me bro,positive,0.8608424768753036,AMZN,reddit,101,6
2024-08-08,"sold my NVDA bags, finally free",negative,-0.6569968196516991,NVDA,reddit,60,6
2024-02-04,"META going to $0, get out while you can",negative,-0.7945569833912464,META,reddit,123,24
2023-08-01,"YOLO'd my life savings into PLTR calls, cant go tits up",positive,0.4747352610170565,PLTR,reddit,181,9
2023-01-09,"positions: 100x NVDA 500c 1/20, wish me luck retards",positive,0.7206876429961031,NVDA,reddit,21,28
2023-09-16,DD: Why GME is going to $1000 🚀,positive,0.4846459630539742,GME,reddit,241,13
2024-08-17,anyone got DD on GME?,neutral,0.1645184505772958,GME,reddit,112,3
2024-01-20,if you're not buying PLTR rn you hate money,positive,0.868758928297112,PLTR,reddit,40,22
2024-04-17,"GUH moment on SPY, RIP my portfolio",negative,-0.40830328081031014,SPY,reddit,206,22
2024-11-24,loss porn: down 90% on TSLA calls,negative,-0.8698906717401006,TSLA,reddit,53,30
2024-04-23,"sold my GOOGL bags, finally free",negative,-0.6948012539429762,GOOGL,reddit,6,16
2023-12-18,"GOOGL consolidating, waiting for breakout",neutral,0.12172502823552284,GOOGL,reddit,218,27
2024-02-04,imagine buying META at ATH lmaooo,negative,-0.6411411214251768,META,reddit,81,16
2024-07-27,DD: Why META is going to $1000 🚀,positive,0.6891963993134017,META,reddit,67,24
2024-01-27,"GUH moment on GME, RIP my portfolio",negative,-0.7434096025523174,GME,reddit,221,19
2023-01-22,"AMZN going to $0, get out while you can",negative,-0.3806260182710002,AMZN,reddit,4,16
2023-01-24,if you're not buying AAPL rn you hate money,positive,0.515400190618293,AAPL,reddit,56,13
2024-02-14,if you're not buying BB rn you hate money,positive,0.6151550008457849,BB,reddit,22,54
2024-03-24,bull thesis on GME: trust me bro,positive,0.3043831222136642,GME,reddit,57,21
2023-01-18,DD: Why PLTR is going to $1000 🚀,positive,0.7252630844832302,PLTR,reddit,121,19
2024-03-24,imagine buying AAPL at ATH lmaooo,negative,-0.5201438833940375,AAPL,reddit,256,10
2023-07-25,DD: Why AMZN is going to $1000 🚀,positive,0.3460940323877591,AMZN,reddit,30,17
2023-01-29,"AMC going to $0, get out while you can",negative,-0.3430217024501967,AMC,reddit,10,29
2024-09-30,"sold my GME bags, finally free",negative,-0.4021044614357474,GME,reddit,68,15
2023-03-28,AAPL IV too high for options rn,neutral,0.0019541871260767285,AAPL,reddit,0,50
2023-02-23,AMC IV too high for options rn,neutral,0.021691577479819202,AMC,reddit,19,12
2023-11-22,"META rug pull, everyone got rekt",negative,-0.7674257501343678,META,reddit,10,19
2024-04-08,wife's boyfriend approved my SPY purchase,positive,0.518322138981965,SPY,reddit,187,10
2024-11-12,"AAPL squeeze incoming, shorts are fukd",positive,0.8538373013996199,AAPL,reddit,184,70
2024-11-11,"SPY puts printing, bears eating good tonight",negative,-0.37527980008093176,SPY,reddit,87,33
2024-10-29,"MSFT consolidating, waiting for breakout",neutral,-0.08678145655919108,MSFT,reddit,236,28
2024-10-06,"PLTR going to $0, get out while you can",negative,-0.5588132087222633,PLTR,reddit,58,32
2024-01-09,if you're not buying PLTR rn you hate money,positive,0.33454271881765507,PLTR,reddit,14,1
2023-03-05,"GOOGL rug pull, everyone got rekt",negative,-0.6885900440961154,GOOGL,reddit,36,60
2024-07-24,DD: Why MSFT is going to $1000 🚀,positive,0.6374249219908246,MSFT,reddit,3,18
2024-11-14,imagine buying AMC at ATH lmaooo,negative,-0.6964787142006759,AMC,reddit,80,13
2024-10-26,NVDA IV too high for options rn,neutral,-0.16721979648942567,NVDA,reddit,1,73
2024-06-06,"BB puts printing, bears eating good tonight",negative,-0.7004248351395416,BB,reddit,217,43
2023-06-17,what's the play on META?,neutral,0.014613048406474816,META,reddit,150,73
2024-01-29,bull thesis on AMC: trust me bro,positive,0.6054762415798155,AMC,reddit,110,17
2023-05-11,DD: Why MSFT is going to $1000 🚀,positive,0.5133212503260661,MSFT,reddit,266,5
2023-12-26,paper trading BB before going in,neutral,0.11253306908876237,BB,reddit,6,22
2023-09-23,PLTR IV too high for options rn,neutral,-0.05113310014163544,PLTR,reddit,167,6
2024-02-28,META IV too high for options rn,neutral,0.1919580846292665,META,reddit,110,31
2024-05-27,if you're not buying MSFT rn you hate money,positive,0.707541605446792,MSFT,reddit,96,7
2023-05-17,"this is financial advice, buy AMC",positive,0.530250047733924,AMC,reddit,316,6
2023-10-25,"theta gang on TSLA, selling covered calls",neutral,-0.14365843099589015,TSLA,reddit,72,11
2024-08-30,"META going to $0, get out while you can",negative,-0.4983941317223894,META,reddit,16,0
2024-10-02,anyone got DD on GOOGL?,neutral,-0.17922594456376775,GOOGL,reddit,88,22
2023-02-17,GOOGL tendies printing 🍗🍗🍗,positive,0.6189765046503191,GOOGL,reddit,89,41
2024-04-22,"BB consolidating, waiting for breakout",neutral,0.11234206217937764,BB,reddit,51,20
2024-05-07,"META going to $0, get out while you can",negative,-0.6062622450180597,META,reddit,15,16
2023-06-02,"AMC consolidating, waiting for breakout",neutral,0.16368325068264417,AMC,reddit,86,17
2023-11-26,"this is financial advice, buy GME",positive,0.35221303671614707,GME,reddit,87,5
2023-12-23,what's the play on GME?,neutral,0.17188471718736376,GME,reddit,52,0
2023-07-02,apes dont sell 💎🙌 PLTR forever,positive,0.5059204497027976,PLTR,reddit,37,10
2023-09-24,"GOOGL going to $0, get out while you can",negative,-0.4574251431771215,GOOGL,reddit,451,29
2023-11-30,"positions: 100x NVDA 500c 1/20, wish me luck retards",positive,0.6587515984460831,NVDA,reddit,46,40
2024-09-18,"AMZN puts printing, bears eating good tonight",negative,-0.435709205389704,AMZN,reddit,249,17
2023-06-18,"GME going to $0, get out while you can",negative,-0.4475564181600094,GME,reddit,32,12
2023-05-11,"GUH moment on PLTR, RIP my portfolio",negative,-0.6933294272034087,PLTR,reddit,0,1
2023-12-13,"YOLO'd my life savings into GOOGL calls, cant go tits up",positive,0.6605484405740356,GOOGL,reddit,112,53
2024-02-23,if you're not buying AAPL rn you hate money,positive,0.33095171411500846,AAPL,reddit,100,16
2024-05-27,"positions: 100x NVDA 500c 1/20, wish me luck retards",positive,0.7247195643230899,NVDA,reddit,1,22
2023-02-10,imagine buying AMZN at ATH lmaooo,negative,-0.4695996733744855,AMZN,reddit,100,7
2024-07-28,"YOLO'd my life savings into BB calls, cant go tits up",positive,0.8631966653224388,BB,reddit,49,128
2023-11-14,loss porn: down 90% on GME calls,negative,-0.7429213945163259,GME,reddit,4,3
2023-05-02,"GUH moment on MSFT, RIP my portfolio",negative,-0.6449828894130794,MSFT,reddit,138,21
2023-03-27,AMC IV too high for options rn,neutral,0.053078843882624294,AMC,reddit,192,8
2024-11-06,apes dont sell 💎🙌 GOOGL forever,positive,0.4321689524179793,GOOGL,reddit,12,47
2023-11-23,"sold my MSFT bags, finally free",negative,-0.3350579954706804,MSFT,reddit,92,5
2023-12-05,"positions: 100x TSLA 500c 1/20, wish me luck retards",positive,0.658953508467554,TSLA,reddit,132,13
2023-11-20,GME tendies printing 🍗🍗🍗,positive,0.7282499392684987,GME,reddit,45,44
2023-09-17,anyone got DD on AMC?,neutral,-0.17856958691834188,AMC,reddit,13,30
2024-11-06,"TSLA going to $0, get out while you can",negative,-0.5568474722757994,TSLA,reddit,36,18
2024-05-19,bull thesis on NVDA: trust me bro,positive,0.42084519910542495,NVDA,reddit,107,55
2024-10-01,"this is financial advice, buy BB",positive,0.6555462207694601,BB,reddit,97,15
2024-03-29,if you're not buying GOOGL rn you hate money,positive,0.8072958706764517,GOOGL,reddit,3,7
2024-09-23,paper trading TSLA before going in,neutral,0.14672760450202432,TSLA,reddit,468,9
2023-10-26,bull thesis on AAPL: trust me bro,positive,0.8503554390038515,AAPL,reddit,260,10
2023-04-02,apes dont sell 💎🙌 AAPL forever,positive,0.7017570710536216,AAPL,reddit,74,14
2024-04-12,"GOOGL consolidating, waiting for breakout",neutral,-0.08978954453085414,GOOGL,reddit,73,14
2024-07-17,"SPY squeeze incoming, shorts are fukd",positive,0.8157820743373005,SPY,reddit,47,26
2023-08-19,"this is financial advice, buy TSLA",positive,0.824480968084556,TSLA,reddit,13,21
2024-05-18,if you're not buying PLTR rn you hate money,positive,0.4971874229406558,PLTR,reddit,94,7
2023-02-28,"AMZN puts printing, bears eating good tonight",negative,-0.4447219429431278,AMZN,reddit,49,1
2023-11-24,apes dont sell 💎🙌 SPY forever,positive,0.7648746520845502,SPY,reddit,24,0
2023-03-13,"YOLO'd my life savings into AMC calls, cant go tits up",positive,0.6732337923579104,AMC,reddit,41,28
2023-11-08,"YOLO'd my life savings into SPY calls, cant go tits up",positive,0.7556214276200792,SPY,reddit,43,31
2024-02-29,bull thesis on PLTR: trust me bro,positive,0.7106826144891278,PLTR,reddit,30,17
2024-02-03,META IV too high for options rn,neutral,0.1422261265882973,META,reddit,6,37
2023-12-14,"AAPL consolidating, waiting for breakout",neutral,-0.023171100506180764,AAPL,reddit,42,11
2023-04-26,"positions: 100x META 500c 1/20, wish me luck retards",positive,0.5096793720311622,META,reddit,42,24
2023-10-05,DD: Why META is going to $1000 🚀,positive,0.7621036018828075,META,reddit,8,37
2024-03-02,"sold my PLTR bags, finally free",negative,-0.4011061212054375,PLTR,reddit,45,41
2024-08-15,what's the play on NVDA?,neutral,-0.016747736326858803,NVDA,reddit,9,9
2023-05-25,what's the play on META?,neutral,-0.1823497205785327,META,reddit,134,2
2024-05-22,wife's boyfriend approved my TSLA purchase,positive,0.8907058920285402,TSLA,reddit,74,67
2023-05-28,what's the play on GME?,neutral,-0.08480076773288828,GME,reddit,190,16
2023-05-30,MSFT IV too high for options rn,neutral,-0.10836177468268655,MSFT,reddit,73,0
2024-06-12,"inverse WSB worked, sold TSLA at the top",negative,-0.7401255062083905,TSLA,reddit,238,1
2023-02-10,"positions: 100x TSLA 500c 1/20, wish me luck retards",positive,0.3143367992679819,TSLA,reddit,155,3
2023-09-05,what's the play on BB?,neutral,0.019129252197139845,BB,reddit,477,22
2024-04-04,"positions: 100x AMZN 500c 1/20, wish me luck retards",positive,0.3233897070236412,AMZN,reddit,113,9
2024-08-20,"MSFT consolidating, waiting for breakout",neutral,0.07585377111836583,MSFT,reddit,147,10
2023-07-17,MSFT IV too high for options rn,neutral,0.1424991148901013,MSFT,reddit,118,21
2024-01-24,DD: Why AAPL is going to $1000 🚀,positive,0.763459123297322,AAPL,reddit,66,7
2023-01-11,"GUH moment on GME, RIP my portfolio",negative,-0.7532360071256986,GME,reddit,32,54
2023-06-22,bull thesis on NVDA: trust me bro,positive,0.35779429125919926,NVDA,reddit,14,32
2023-11-25,DD: Why AMC is going to $1000 🚀,positive,0.31714734437981856,AMC,reddit,185,52
2023-05-02,"theta gang on PLTR, selling covered calls",neutral,-0.18685370712573307,PLTR,reddit,13,7
2023-05-27,"theta gang on GOOGL, selling covered calls",neutral,0.05043268681483226,GOOGL,reddit,285,64
2024-09-30,"SPY squeeze incoming, shorts are fukd",positive,0.765360013140715,SPY,reddit,43,9
2023-11-07,"YOLO'd my life savings into AMC calls, cant go tits up",positive,0.30627498702876704,AMC,reddit,41,26
2023-04-28,"YOLO'd my life savings into AAPL calls, cant go tits up",positive,0.707078624766679,AAPL,reddit,212,31
2023-07-22,apes dont sell 💎🙌 AAPL forever,positive,0.5680980832030709,AAPL,reddit,128,25
2024-10-30,"positions: 100x TSLA 500c 1/20, wish me luck retards",positive,0.780254263595964,TSLA,reddit,50,18
2024-05-28,wife's boyfriend approved my AAPL purchase,positive,0.7059466533335882,AAPL,reddit,90,17
2024-06-08,AMZN IV too high for options rn,neutral,0.13189399817298336,AMZN,reddit,51,26
2023-08-24,"theta gang on BB, selling covered calls",neutral,-0.0016897328110619392,BB,reddit,59,10
2023-08-18,anyone got DD on GME?,neutral,0.12422093251827704,GME,reddit,130,17
2024-09-19,AMC tendies printing 🍗🍗🍗,positive,0.3287485712712097,AMC,reddit,77,44
2023-04-20,wife's boyfriend approved my AAPL purchase,positive,0.4378793924740316,AAPL,reddit,119,7
2024-08-17,if you're not buying PLTR rn you hate money,positive,0.3340110356118734,PLTR,reddit,14,2
2023-01-14,"sold my PLTR bags, finally free",negative,-0.51930071973728,PLTR,reddit,42,18
2023-03-11,loss porn: down 90% on TSLA calls,negative,-0.8332992043277102,TSLA,reddit,13,7
2024-03-06,"MSFT squeeze incoming, shorts are fukd",positive,0.6451983435260573,MSFT,reddit,34,38
2023-01-02,"inverse WSB worked, sold AMC at the top",negative,-0.6558985353633472,AMC,reddit,203,10
2023-01-10,DD: Why AMZN is going to $1000 🚀,positive,0.39384220216756416,AMZN,reddit,190,20
2023-03-12,apes dont sell 💎🙌 META forever,positive,0.3821832208151151,META,reddit,95,17
2024-09-11,BB IV too high for options rn,neutral,0.13962550593300438,BB,reddit,35,34
2024-07-16,DD: Why GME is going to $1000 🚀,positive,0.6623547383051578,GME,reddit,345,20
2023-10-06,imagine buying MSFT at ATH lmaooo,negative,-0.5974449782698208,MSFT,reddit,58,27
2023-11-11,"this is financial advice, buy PLTR",positive,0.8710949894201148,PLTR,reddit,193,27
2024-04-12,paper trading NVDA before going in,neutral,0.02813520630302241,NVDA,reddit,36,23
2023-05-03,if you're not buying META rn you hate money,positive,0.8774010709286701,META,reddit,23,99
2024-10-13,META IV too high for options rn,neutral,0.004604271067768284,META,reddit,21,2
2023-12-19,"TSLA squeeze incoming, shorts are fukd",positive,0.7463732830595254,TSLA,reddit,286,28
2023-11-02,loss porn: down 90% on AMC calls,negative,-0.8960479367845506,AMC,reddit,394,66
2024-04-30,"PLTR rug pull, everyone got rekt",negative,-0.3144601734849696,PLTR,reddit,87,47
2024-06-24,"sold my PLTR bags, finally free",negative,-0.31183712873412384,PLTR,reddit,213,6
2024-04-12,AAPL IV too high for options rn,neutral,-0.04009492454235947,AAPL,reddit,58,22
2024-06-01,wife's boyfriend approved my BB purchase,positive,0.8466057373221729,BB,reddit,1,22
2023-07-02,"sold my GME bags, finally free",negative,-0.6137777952315517,GME,reddit,9,19
2024-07-22,"AMZN squeeze incoming, shorts are fukd",positive,0.5330414105050455,AMZN,reddit,91,0
2024-10-04,"NVDA squeeze incoming, shorts are fukd",positive,0.7362297805961866,NVDA,reddit,1,8
2024-11-10,"positions: 100x SPY 500c 1/20, wish me luck retards",positive,0.7268385873703038,SPY,reddit,24,5
2023-08-08,"GME squeeze incoming, shorts are fukd",positive,0.37687646684300335,GME,reddit,352,6
2023-03-09,"PLTR consolidating, waiting for breakout",neutral,-0.023518223331492505,PLTR,reddit,142,12
2023-04-12,bull thesis on AMZN: trust me bro,positive,0.803455100903383,AMZN,reddit,3,9
2023-04-03,"positions: 100x AMZN 500c 1/20, wish me luck retards",positive,0.38580862968653257,AMZN,reddit,106,9
2023-05-15,"positions: 100x META 500c 1/20, wish me luck retards",positive,0.7597025365710988,META,reddit,146,38
2023-01-09,"MSFT rug pull, everyone got rekt",negative,-0.5841064945123102,MSFT,reddit,42,51
2024-04-17,"this is financial advice, buy AAPL",positive,0.7209926410846981,AAPL,reddit,47,26
2023-11-06,"this is financial advice, buy MSFT",positive,0.7356564803613596,MSFT,reddit,1,7
2023-07-12,DD: Why AMC is going to $1000 🚀,positive,0.33064711923354173,AMC,reddit,10,1
2023-03-19,"inverse WSB worked, sold AAPL at the top",negative,-0.4476584189089033,AAPL,reddit,3,29
2024-02-22,imagine buying TSLA at ATH lmaooo,negative,-0.4731729375670842,TSLA,reddit,41,34
2023-02-28,paper trading AAPL before going in,neutral,0.02398824440576411,AAPL,reddit,60,1
2024-06-05,anyone got DD on META?,neutral,0.026679283193321413,META,reddit,25,13
2024-09-11,"TSLA rug pull, everyone got rekt",negative,-0.3998307776945136,TSLA,reddit,61,5
2024-09-18,"positions: 100x GME 500c 1/20, wish me luck retards",positive,0.38721475698119856,GME,reddit,84,37
2024-02-14,imagine buying AMC at ATH lmaooo,negative,-0.6686302664189746,AMC,reddit,128,33
2024-02-16,bull thesis on NVDA: trust me bro,positive,0.5836807225720742,NVDA,reddit,55,2
2023-10-03,PLTR tendies printing 🍗🍗🍗,positive,0.6812808908336365,PLTR,reddit,106,4
2024-10-03,DD: Why AAPL is going to $1000 🚀,positive,0.36612086483750944,AAPL,reddit,1,2
2023-10-18,"this is financial advice, buy GME",positive,0.7388479905129599,GME,reddit,56,10
2024-05-20,"this is financial advice, buy SPY",positive,0.6426977344157774,SPY,reddit,47,34
2023-09-17,bull thesis on GME: trust me bro,positive,0.5806631473526558,GME,reddit,59,8
2024-06-13,DD: Why GOOGL is going to $1000 🚀,positive,0.6292880221704616,GOOGL,reddit,179,34
2024-03-10,"AMZN squeeze incoming, shorts are fukd",positive,0.3520154732222739,AMZN,reddit,1,52
2023-06-20,wife's boyfriend approved my MSFT purchase,positive,0.8321784402334109,MSFT,reddit,138,2
2023-11-30,wife's boyfriend approved my SPY purchase,positive,0.881888918426629,SPY,reddit,39,7
2024-07-20,"TSLA going to $0, get out while you can",negative,-0.8290384873984229,TSLA,reddit,131,10
2023-04-30,"positions: 100x BB 500c 1/20, wish me luck retards",positive,0.35262929754043554,BB,reddit,15,30
2023-05-26,"GUH moment on TSLA, RIP my portfolio",negative,-0.44786740606302705,TSLA,reddit,60,25
2024-09-22,"GUH moment on MSFT, RIP my portfolio",negative,-0.48115532238415726,MSFT,reddit,163,9
2023-03-06,MSFT IV too high for options rn,neutral,-0.05737716993966288,MSFT,reddit,24,0
2023-11-26,paper trading META before going in,neutral,0.037190753675729604,META,reddit,83,17
2024-11-13,"GME squeeze incoming, shorts are fukd",positive,0.5444275741143465,GME,reddit,7,2
2024-05-07,"BB squeeze incoming, shorts are fukd",positive,0.739847794887431,BB,reddit,77,21
2024-05-16,if you're not buying PLTR rn you hate money,positive,0.39692308881841337,PLTR,reddit,20,25
2023-09-06,"theta gang on META, selling covered calls",neutral,0.05339740548254429,META,reddit,7,26
2023-08-05,"inverse WSB worked, sold META at the top",negative,-0.6028457646910929,META,reddit,84,6
2023-02-03,"GOOGL rug pull, everyone got rekt",negative,-0.6394468863220264,GOOGL,reddit,8,26
2023-12-20,"TSLA going to $0, get out while you can",negative,-0.3274753697513103,TSLA,reddit,231,43
2023-02-07,if you're not buying GOOGL rn you hate money,positive,0.48605820008036316,GOOGL,reddit,162,12
2023-06-10,what's the play on PLTR?,neutral,-0.012283888651165947,PLTR,reddit,158,28
2024-04-18,"this is financial advice, buy GME",positive,0.33396726438886126,GME,reddit,13,56
2024-07-18,bull thesis on AAPL: trust me bro,positive,0.35097968812178804,AAPL,reddit,106,0
2024-09-14,bull thesis on PLTR: trust me bro,positive,0.7321562232084503,PLTR,reddit,15,10
2023-03-16,wife's boyfriend approved my TSLA purchase,positive,0.6617286284710675,TSLA,reddit,206,4
2024-03-31,DD: Why GME is going to $1000 🚀,positive,0.8182966925847608,GME,reddit,54,17
2024-01-05,"AAPL consolidating, waiting for breakout",neutral,-0.1611367233149812,AAPL,reddit,44,15
2024-09-06,loss porn: down 90% on BB calls,negative,-0.3497152757967128,BB,reddit,28,13
2023-04-15,"MSFT rug pull, everyone got rekt",negative,-0.6975385720968097,MSFT,reddit,132,30
2023-06-23,"AAPL squeeze incoming, shorts are fukd",positive,0.7052077551902015,AAPL,reddit,122,5
2024-08-27,if you're not buying GME rn you hate money,positive,0.5862303798585953,GME,reddit,18,49
2023-05-13,paper trading TSLA before going in,neutral,-0.1106361072404662,TSLA,reddit,20,2
2024-05-30,PLTR tendies printing 🍗🍗🍗,positive,0.6336452737255935,PLTR,reddit,47,28
2024-09-11,if you're not buying GME rn you hate money,positive,0.8311331867036402,GME,reddit,255,7
2023-04-10,wife's boyfriend approved my GOOGL purchase,positive,0.47800951118313595,GOOGL,reddit,216,11
2023-10-10,"YOLO'd my life savings into PLTR calls, cant go tits up",positive,0.7189994200558973,PLTR,reddit,258,25
2023-01-17,"AMC puts printing, bears eating good tonight",negative,-0.7387110902483232,AMC,reddit,145,6
2024-05-04,"NVDA rug pull, everyone got rekt",negative,-0.8393882384157405,NVDA,reddit,161,2
2023-03-08,imagine buying TSLA at ATH lmaooo,negative,-0.6710216182058732,TSLA,reddit,239,3
2023-03-21,"positions: 100x BB 500c 1/20, wish me luck retards",positive,0.5018840300153008,BB,reddit,141,3
2023-02-24,META IV too high for options rn,neutral,0.17352281020292654,META,reddit,92,18
2023-07-20,"this is financial advice, buy META",positive,0.6264308015317335,META,reddit,18,18
2024-11-25,"NVDA puts printing, bears eating good tonight",negative,-0.44782188818818974,NVDA,reddit,118,24
2024-08-06,"theta gang on TSLA, selling covered calls",neutral,0.000683233231241337,TSLA,reddit,235,6
2024-11-08,"YOLO'd my life savings into BB calls, cant go tits up",positive,0.5014083958223516,BB,reddit,159,6
2024-03-21,apes dont sell 💎🙌 BB forever,positive,0.7918410293813497,BB,reddit,8,18
2023-05-05,anyone got DD on GOOGL?,neutral,-0.16134915195594524,GOOGL,reddit,100,46
2023-06-01,"GOOGL going to $0, get out while you can",negative,-0.44885862209627564,GOOGL,reddit,51,3
2023-10-07,paper trading NVDA before going in,neutral,-0.1567227862788058,NVDA,reddit,49,13
2023-08-05,wife's boyfriend approved my GOOGL purchase,positive,0.4671460635768956,GOOGL,reddit,14,5
2023-06-21,loss porn: down 90% on NVDA calls,negative,-0.699221943726221,NVDA,reddit,106,5
2024-01-27,if you're not buying PLTR rn you hate money,positive,0.3319415701458103,PLTR,reddit,3,12
2023-12-27,apes dont sell 💎🙌 META forever,positive,0.7379619377995003,META,reddit,4,24
2023-08-03,DD: Why SPY is going to $1000 🚀,positive,0.624181454828475,SPY,reddit,186,31
2023-07-31,"this is financial advice, buy BB",positive,0.40357196217813707,BB,reddit,85,20
2023-05-17,paper trading AAPL before going in,neutral,-0.10085912161210087,AAPL,reddit,63,12
2024-10-08,SPY tendies printing 🍗🍗🍗,positive,0.6140596867129652,SPY,reddit,72,25
2023-07-31,"YOLO'd my life savings into AAPL calls, cant go tits up",positive,0.7271292756368035,AAPL,reddit,1,1
2023-05-31,"AMZN rug pull, everyone got rekt",negative,-0.3235641874494306,AMZN,reddit,114,16
2023-11-03,apes dont sell 💎🙌 AMC forever,positive,0.7717164918878352,AMC,reddit,46,3
2023-10-24,"META rug pull, everyone got rekt",negative,-0.4288003479944392,META,reddit,85,17
2023-03-02,bull thesis on META: trust me bro,positive,0.4413662107888262,META,reddit,20,19
2023-10-27,"PLTR rug pull, everyone got rekt",negative,-0.7123532256564902,PLTR,reddit,254,48
2023-01-28,what's the play on SPY?,neutral,-0.14843722290150888,SPY,reddit,68,18
2023-08-19,apes dont sell 💎🙌 BB forever,positive,0.8174289204360543,BB,reddit,38,23
2023-04-15,loss porn: down 90% on BB calls,negative,-0.31968914172893104,BB,reddit,45,23
2023-12-30,bull thesis on SPY: trust me bro,positive,0.6501558393174935,SPY,reddit,3,28
2024-03-26,"SPY going to $0, get out while you can",negative,-0.8326790153708026,SPY,reddit,334,15
2023-11-16,what's the play on TSLA?,neutral,-0.12124530006681455,TSLA,reddit,217,1
2023-05-28,"GUH moment on BB, RIP my portfolio",negative,-0.8338731365409375,BB,reddit,179,4
2024-03-12,DD: Why AMZN is going to $1000 🚀,positive,0.5677959078085646,AMZN,reddit,71,10
2024-02-29,if you're not buying GME rn you hate money,positive,0.8003229672207488,GME,reddit,61,2
2023-08-17,paper trading META before going in,neutral,-0.04505337094882225,META,reddit,14,7
2024-06-29,paper trading BB before going in,neutral,0.1942775863353034,BB,reddit,123,13
2024-07-22,DD: Why TSLA is going to $1000 🚀,positive,0.6849306750041115,TSLA,reddit,3,29
2023-08-14,apes dont sell 💎🙌 NVDA forever,positive,0.35254438297785506,NVDA,reddit,5,5
2023-08-04,if you're not buying AMZN rn you hate money,positive,0.3089333163108644,AMZN,reddit,32,5
2023-08-31,"this is financial advice, buy PLTR",positive,0.30537794065413953,PLTR,reddit,309,54
2023-04-26,"inverse WSB worked, sold GME at the top",negative,-0.6474995761916036,GME,reddit,121,18
2023-05-30,GOOGL IV too high for options rn,neutral,-0.059363589357149804,GOOGL,reddit,100,3
2023-06-21,"TSLA squeeze incoming, shorts are fukd",positive,0.5678837429377883,TSLA,reddit,17,11
2024-04-06,paper trading AMC before going in,neutral,-0.08754812149013098,AMC,reddit,19,59
2023-07-13,"AAPL rug pull, everyone got rekt",negative,-0.32218121710904746,AAPL,reddit,18,27
2023-02-26,bull thesis on TSLA: trust me bro,positive,0.8055328873988652,TSLA,reddit,30,45
2023-03-22,imagine buying GOOGL at ATH lmaooo,negative,-0.3517158497138688,GOOGL,reddit,29,7
2023-10-13,"positions: 100x PLTR 500c 1/20, wish me luck retards",positive,0.8849766456503787,PLTR,reddit,53,5
2024-11-20,bull thesis on TSLA: trust me bro,positive,0.5961821268132099,TSLA,reddit,65,1
2024-11-09,"inverse WSB worked, sold NVDA at the top",negative,-0.45075840376071646,NVDA,reddit,80,6
2024-04-27,"theta gang on GOOGL, selling covered calls",neutral,-0.0673620394650559,GOOGL,reddit,89,61
2023-05-08,"YOLO'd my life savings into AMZN calls, cant go tits up",positive,0.32485691718282217,AMZN,reddit,107,4
2023-06-15,anyone got DD on AAPL?,neutral,-0.16170998047989305,AAPL,reddit,1,7
2023-08-25,wife's boyfriend approved my PLTR purchase,positive,0.7901206858875494,PLTR,reddit,81,2
2023-07-20,"META consolidating, waiting for breakout",neutral,-0.010008659258233743,META,reddit,67,30
2024-09-02,MSFT tendies printing 🍗🍗🍗,positive,0.8329746782064515,MSFT,reddit,80,16
2024-09-29,"PLTR consolidating, waiting for breakout",neutral,0.17623606858700258,PLTR,reddit,3,5
2024-02-27,"AAPL going to $0, get out while you can",negative,-0.893181151709448,AAPL,reddit,61,5
2023-01-05,anyone got DD on BB?,neutral,-0.09996249385289664,BB,reddit,20,28
2024-07-11,"AAPL squeeze incoming, shorts are fukd",positive,0.4245110655668423,AAPL,reddit,117,1
2023-01-07,apes dont sell 💎🙌 META forever,positive,0.4358589153135368,META,reddit,37,8
2024-09-27,apes dont sell 💎🙌 AAPL forever,positive,0.644776591441703,AAPL,reddit,38,32
2023-11-14,"this is financial advice, buy GME",positive,0.5474672631389943,GME,reddit,87,8
2023-12-22,NVDA tendies printing 🍗🍗🍗,positive,0.37546251047923324,NVDA,reddit,72,5
2023-01-10,paper trading BB before going in,neutral,0.15760930554657532,BB,reddit,39,7
2023-01-29,if you're not buying NVDA rn you hate money,positive,0.5834817610645493,NVDA,reddit,125,7
2024-07-06,paper trading AMC before going in,neutral,-0.16209220726674467,AMC,reddit,16,72
2023-02-18,"AMC rug pull, everyone got rekt",negative,-0.6382085486149425,AMC,reddit,35,2
2023-06-30,"inverse WSB worked, sold TSLA at the top",negative,-0.5967607406316143,TSLA,reddit,133,13
2023-08-21,apes dont sell 💎🙌 NVDA forever,positive,0.40847149455650344,NVDA,reddit,31,44
2023-04-09,"AMZN consolidating, waiting for breakout",neutral,-0.004584349845790342,AMZN,reddit,67,1
2024-10-21,if you're not buying GOOGL rn you hate money,positive,0.723565048745193,GOOGL,reddit,231,37
2023-04-26,NVDA tendies printing 🍗🍗🍗,positive,0.5178130889592303,NVDA,reddit,148,9
2024-06-01,what's the play on GME?,neutral,0.11432184349168534,GME,reddit,136,9
2024-10-16,AMC tendies printing 🍗🍗🍗,positive,0.73487746712387,AMC,reddit,36,6
2024-03-29,imagine buying AMZN at ATH lmaooo,negative,-0.4112185211400345,AMZN,reddit,338,7
2024-04-30,"AMC going to $0, get out while you can",negative,-0.5210711371760581,AMC,reddit,116,19
2023-03-24,wife's boyfriend approved my GOOGL purchase,positive,0.39035846687728154,GOOGL,reddit,81,59
2023-09-12,"TSLA puts printing, bears eating good tonight",negative,-0.7490475436342467,TSLA,reddit,19,38
2023-11-15,apes dont sell 💎🙌 META forever,positive,0.525907214622984,META,reddit,36,44
2023-02-03,"sold my AMC bags, finally free",negative,-0.5775355853823028,AMC,reddit,21,10
2023-02-14,"GOOGL going to $0, get out while you can",negative,-0.4088545499631272,GOOGL,reddit,13,21
2023-10-14,"sold my SPY bags, finally free",negative,-0.3893932290024359,SPY,reddit,38,5
2024-03-22,"NVDA consolidating, waiting for breakout",neutral,-0.10748222822641451,NVDA,reddit,22,47
2023-10-03,MSFT tendies printing 🍗🍗🍗,positive,0.4348994276774588,MSFT,reddit,12,29
2023-08-22,"GUH moment on BB, RIP my portfolio",negative,-0.32134609000823144,BB,reddit,259,7
2023-12-15,DD: Why TSLA is going to $1000 🚀,positive,0.5599946753180375,TSLA,reddit,163,1
2023-01-09,apes dont sell 💎🙌 MSFT forever,positive,0.38577583485653666,MSFT,reddit,93,3
2023-11-11,wife's boyfriend approved my NVDA purchase,positive,0.8362723230365747,NVDA,reddit,65,17
2023-02-11,GOOGL tendies printing 🍗🍗🍗,positive,0.4950673752365299,GOOGL,reddit,18,6
2024-05-16,DD: Why GOOGL is going to $1000 🚀,positive,0.8210623107389605,GOOGL,reddit,228,6
2024-09-24,"GOOGL squeeze incoming, shorts are fukd",positive,0.8435385676278249,GOOGL,reddit,229,6
2024-05-25,"MSFT squeeze incoming, shorts are fukd",positive,0.5066333232754714,MSFT,reddit,79,0
2024-05-08,"GUH moment on TSLA, RIP my portfolio",negative,-0.5530194221321225,TSLA,reddit,129,25
2024-04-15,anyone got DD on BB?,neutral,0.1512415682295351,BB,reddit,214,15
2023-05-20,"positions: 100x PLTR 500c 1/20, wish me luck retards",positive,0.7517853326449084,PLTR,reddit,77,10
2024-04-13,GME tendies printing 🍗🍗🍗,positive,0.4772308145069263,GME,reddit,259,0
2023-09-27,if you're not buying SPY rn you hate money,positive,0.4175461159465937,SPY,reddit,6,24
2024-06-12,"GUH moment on META, RIP my portfolio",negative,-0.5981383128339818,META,reddit,101,0
2024-01-10,anyone got DD on MSFT?,neutral,0.09357468013937142,MSFT,reddit,124,21
2024-03-10,wife's boyfriend approved my AAPL purchase,positive,0.8602015886140704,AAPL,reddit,250,4
2024-11-05,"positions: 100x BB 500c 1/20, wish me luck retards",positive,0.4625465503427944,BB,reddit,35,0
2024-10-31,BB tendies printing 🍗🍗🍗,positive,0.8220422661871962,BB,reddit,32,10
2024-02-22,DD: Why BB is going to $1000 🚀,positive,0.5929984675046053,BB,reddit,2,7
2024-08-16,paper trading GME before going in,neutral,-0.19505085181577209,GME,reddit,125,10
2023-12-21,PLTR tendies printing 🍗🍗🍗,positive,0.3890749994082333,PLTR,reddit,71,26
2024-06-27,what's the play on SPY?,neutral,-0.05580219549827606,SPY,reddit,28,41
2023-11-20,"GUH moment on BB, RIP my portfolio",negative,-0.7690700843054813,BB,reddit,0,3
2024-08-13,what's the play on NVDA?,neutral,-0.19016014169122367,NVDA,reddit,27,16
2023-10-12,"inverse WSB worked, sold GOOGL at the top",negative,-0.7652608611817813,GOOGL,reddit,125,21
2024-08-02,"theta gang on AAPL, selling covered calls",neutral,-0.11029079338780595,AAPL,reddit,146,26
2024-03-12,DD: Why GOOGL is going to $1000 🚀,positive,0.527321372092229,GOOGL,reddit,33,7
2024-08-11,"this is financial advice, buy AAPL",positive,0.8287864389701112,AAPL,reddit,35,20
2023-08-27,imagine buying MSFT at ATH lmaooo,negative,-0.7739518497982931,MSFT,reddit,101,9
2024-05-22,apes dont sell 💎🙌 GOOGL forever,positive,0.597927239199556,GOOGL,reddit,316,3
2023-12-14,"AAPL going to $0, get out while you can",negative,-0.8788045890980907,AAPL,reddit,0,45
2024-06-06,PLTR tendies printing 🍗🍗🍗,positive,0.801295498913164,PLTR,reddit,104,15
2024-10-10,"sold my PLTR bags, finally free",negative,-0.7430329991114992,PLTR,reddit,167,22
2024-09-23,"GME consolidating, waiting for breakout",neutral,0.10961191210221849,GME,reddit,112,7
2023-11-30,"AMZN rug pull, everyone got rekt",negative,-0.622059685986748,AMZN,reddit,19,5
2024-03-15,"this is financial advice, buy NVDA",positive,0.6516460742884507,NVDA,reddit,3,6
2023-05-22,"positions: 100x PLTR 500c 1/20, wish me luck retards",positive,0.8824881980231121,PLTR,reddit,89,0
2024-08-05,loss porn: down 90% on BB calls,negative,-0.6342038759291695,BB,reddit,42,24
2023-04-13,bull thesis on GOOGL: trust me bro,positive,0.8263942060493428,GOOGL,reddit,26,9
2024-01-02,DD: Why AMZN is going to $1000 🚀,positive,0.8050964078818756,AMZN,reddit,172,52
2023-09-22,"sold my AAPL bags, finally free",negative,-0.5611566645324104,AAPL,reddit,39,25
2023-06-23,paper trading AMC before going in,neutral,0.002401099957563213,AMC,reddit,83,13
2024-10-20,"BB consolidating, waiting for breakout",neutral,0.10540669474619296,BB,reddit,68,3
2024-10-16,loss porn: down 90% on SPY calls,negative,-0.7238248157642142,SPY,reddit,162,4
2023-10-17,DD: Why GME is going to $1000 🚀,positive,0.32402638633654934,GME,reddit,169,46
2024-09-02,bull thesis on META: trust me bro,positive,0.7895128603996968,META,reddit,312,7
2023-05-16,"positions: 100x SPY 500c 1/20, wish me luck retards",positive,0.4759253147132838,SPY,reddit,175,5
2023-01-08,"YOLO'd my life savings into NVDA calls, cant go tits up",positive,0.31363659462190735,NVDA,reddit,12,4
2023-12-16,AMC tendies printing 🍗🍗🍗,positive,0.3561419351240201,AMC,reddit,107,26
2024-10-01,wife's boyfriend approved my AMC purchase,positive,0.5923995589729771,AMC,reddit,56,18
2023-10-02,loss porn: down 90% on TSLA calls,negative,-0.3166467442267019,TSLA,reddit,47,61
2023-03-06,wife's boyfriend approved my GOOGL purchase,positive,0.5911239724666082,GOOGL,reddit,140,6
2024-03-06,"theta gang on SPY, selling covered calls",neutral,-0.14694826531057112,SPY,reddit,16,37
2023-10-11,paper trading AMZN before going in,neutral,0.1219173649816725,AMZN,reddit,34,28
2023-10-10,DD: Why META is going to $1000 🚀,positive,0.4096255992713705,META,reddit,82,3
2024-07-22,if you're not buying NVDA rn you hate money,positive,0.6747755742317931,NVDA,reddit,99,13
2023-01-26,"META consolidating, waiting for breakout",neutral,0.16595375282581648,META,reddit,21,9
2024-05-09,loss porn: down 90% on MSFT calls,negative,-0.6214498220702317,MSFT,reddit,7,56
2023-08-03,"SPY going to $0, get out while you can",negative,-0.7980595057112364,SPY,reddit,109,9
2024-11-11,DD: Why GME is going to $1000 🚀,positive,0.5648133879510583,GME,reddit,208,4
2023-02-07,"GUH moment on META, RIP my portfolio",negative,-0.5713957725028967,META,reddit,50,0
2024-04-24,if you're not buying AMC rn you hate money,positive,0.7686218044914572,AMC,reddit,3,7
2024-11-17,if you're not buying AMZN rn you hate money,positive,0.7720234085415711,AMZN,reddit,240,13
2024-08-23,"AMZN going to $0, get out while you can",negative,-0.8265132593350707,AMZN,reddit,347,50
2024-09-15,"PLTR puts printing, bears eating good tonight",negative,-0.360736058168067,PLTR,reddit,221,17
2023-11-30,if you're not buying GME rn you hate money,positive,0.7811069359574183,GME,reddit,43,13
2023-11-29,"sold my AAPL bags, finally free",negative,-0.7247430583858196,AAPL,reddit,239,17
2023-12-31,"inverse WSB worked, sold GME at the top",negative,-0.8089385396669301,GME,reddit,136,2
2024-01-28,"AAPL consolidating, waiting for breakout",neutral,0.11928976156590604,AAPL,reddit,305,6
2023-03-27,TSLA tendies printing 🍗🍗🍗,positive,0.5921313337332585,TSLA,reddit,140,47
2024-01-10,"PLTR squeeze incoming, shorts are fukd",positive,0.6620109435077728,PLTR,reddit,5,12
2023-06-06,wife's boyfriend approved my MSFT purchase,positive,0.7050142848874896,MSFT,reddit,47,20
2023-02-14,paper trading BB before going in,neutral,-0.19764463321491899,BB,reddit,102,20
2023-10-01,"YOLO'd my life savings into MSFT calls, cant go tits up",positive,0.8079342554036981,MSFT,reddit,1,19
2023-11-20,anyone got DD on PLTR?,neutral,-0.09704546610806593,PLTR,reddit,0,16
2024-01-24,what's the play on GME?,neutral,-0.1675180559746038,GME,reddit,31,9
2023-04-11,if you're not buying BB rn you hate money,positive,0.6721988871036508,BB,reddit,59,10
2024-03-21,what's the play on GME?,neutral,-0.006395487610330541,GME,reddit,22,22
2024-11-22,"inverse WSB worked, sold GOOGL at the top",negative,-0.4839766397141821,GOOGL,reddit,41,3
2024-10-03,"PLTR puts printing, bears eating good tonight",negative,-0.4208859256658528,PLTR,reddit,32,21
2023-12-24,AAPL tendies printing 🍗🍗🍗,positive,0.5419965909590414,AAPL,reddit,4,15
2023-01-24,loss porn: down 90% on TSLA calls,negative,-0.8032629374146026,TSLA,reddit,321,5
2023-04-16,"positions: 100x GME 500c 1/20, wish me luck retards",positive,0.32405541411317845,GME,reddit,94,35
2023-04-13,"GUH moment on AMC, RIP my portfolio",negative,-0.520721651579163,AMC,reddit,159,6
2023-06-03,"SPY going to $0, get out while you can",negative,-0.3935804309709454,SPY,reddit,27,13
2024-08-25,if you're not buying GME rn you hate money,positive,0.4579606524212193,GME,reddit,8,62
2023-06-06,"this is financial advice, buy SPY",positive,0.3803608947972897,SPY,reddit,59,27
2024-07-05,paper trading BB before going in,neutral,-0.1326347126639016,BB,reddit,2,30
2024-02-13,"this is financial advice, buy PLTR",positive,0.7360862643099657,PLTR,reddit,66,5
2023-06-24,"NVDA going to $0, get out while you can",negative,-0.4833609208445018,NVDA,reddit,87,76
2023-10-27,"this is financial advice, buy MSFT",positive,0.42485171621250917,MSFT,reddit,136,7
2024-07-28,"theta gang on META, selling covered calls",neutral,-0.1579344896408734,META,reddit,57,13
2023-12-07,loss porn: down 90% on AAPL calls,negative,-0.3736108861238665,AAPL,reddit,52,20
2024-07-05,"sold my SPY bags, finally free",negative,-0.8610318600191255,SPY,reddit,22,0
2024-11-18,"GME puts printing, bears eating good tonight",negative,-0.539893515184589,GME,reddit,165,1
2023-10-19,imagine buying AMZN at ATH lmaooo,negative,-0.6882524444470489,AMZN,reddit,312,18
2024-08-17,"GOOGL rug pull, everyone got rekt",negative,-0.7726338802961835,GOOGL,reddit,354,9
2024-10-06,PLTR IV too high for options rn,neutral,0.18573110246180408,PLTR,reddit,33,2
2023-06-27,"AMZN squeeze incoming, shorts are fukd",positive,0.8848043034669071,AMZN,reddit,167,7
2023-02-20,"inverse WSB worked, sold SPY at the top",negative,-0.4770492699704541,SPY,reddit,329,67
2023-10-16,apes dont sell 💎🙌 AMC forever,positive,0.7686804493915942,AMC,reddit,274,34
2024-04-17,"theta gang on BB, selling covered calls",neutral,0.011062460794644707,BB,reddit,294,23
2023-08-14,loss porn: down 90% on NVDA calls,negative,-0.3616712676061433,NVDA,reddit,137,29
2024-08-19,if you're not buying GME rn you hate money,positive,0.3337163728825183,GME,reddit,1,21
2023-03-10,anyone got DD on AAPL?,neutral,0.1503528146685678,AAPL,reddit,145,4
2024-09-23,"AMZN consolidating, waiting for breakout",neutral,-0.15833568610305832,AMZN,reddit,22,8
2024-06-22,if you're not buying SPY rn you hate money,positive,0.8967690768706755,SPY,reddit,62,10
2023-09-27,"GOOGL consolidating, waiting for breakout",neutral,-0.034660768777265316,GOOGL,reddit,174,41
2024-10-25,"YOLO'd my life savings into GME calls, cant go tits up",positive,0.8775910246613035,GME,reddit,110,35
2024-09-05,"BB rug pull, everyone got rekt",negative,-0.7816487717039591,BB,reddit,205,24
2023-07-31,"GOOGL going to $0, get out while you can",negative,-0.8141027750700811,GOOGL,reddit,162,74
2023-06-15,"this is financial advice, buy AMZN",positive,0.850495485595218,AMZN,reddit,53,44
2023-01-01,what's the play on NVDA?,neutral,-0.1874099550114762,NVDA,reddit,36,7
2024-10-03,apes dont sell 💎🙌 NVDA forever,positive,0.34132417942787496,NVDA,reddit,113,11
2023-06-18,"positions: 100x TSLA 500c 1/20, wish me luck retards",positive,0.7015353889304262,TSLA,reddit,37,93
2024-10-29,"theta gang on BB, selling covered calls",neutral,-0.09162541813329086,BB,reddit,29,5
2024-06-08,what's the play on GOOGL?,neutral,-0.08427897213924039,GOOGL,reddit,52,25
2023-01-28,DD: Why NVDA is going to $1000 🚀,positive,0.48826304232012585,NVDA,reddit,136,0
2024-06-21,"YOLO'd my life savings into MSFT calls, cant go tits up",positive,0.5244959211576667,MSFT,reddit,36,21
2024-03-02,what's the play on NVDA?,neutral,-0.022747588700438165,NVDA,reddit,249,1
2023-02-13,anyone got DD on GOOGL?,neutral,-0.0036236635288344754,GOOGL,reddit,6,7
2023-03-28,"MSFT consolidating, waiting for breakout",neutral,-0.03339278063429996,MSFT,reddit,44,16
2023-06-30,"AAPL going to $0, get out while you can",negative,-0.5772447926806417,AAPL,reddit,109,7
2024-04-16,anyone got DD on PLTR?,neutral,-0.03520279072558813,PLTR,reddit,235,10
2024-03-15,what's the play on PLTR?,neutral,-0.19691220979625187,PLTR,reddit,15,24
2024-11-08,DD: Why AMZN is going to $1000 🚀,positive,0.5512059314495368,AMZN,reddit,29,15
2024-09-21,"GUH moment on MSFT, RIP my portfolio",negative,-0.3291717234896774,MSFT,reddit,12,3
2024-01-02,apes dont sell 💎🙌 MSFT forever,positive,0.7157479133594634,MSFT,reddit,108,6
2023-08-16,DD: Why AMC is going to $1000 🚀,positive,0.8191472396733426,AMC,reddit,10,57
2023-04-17,"AMZN squeeze incoming, shorts are fukd",positive,0.5387159562331962,AMZN,reddit,1,7
2024-09-19,AAPL IV too high for options rn,neutral,0.1857222040589978,AAPL,reddit,16,10
2023-08-27,"AMZN squeeze incoming, shorts are fukd",positive,0.3259311644216848,AMZN,reddit,272,25
2024-05-02,anyone got DD on GME?,neutral,0.016175027812075526,GME,reddit,98,49
2024-10-20,"YOLO'd my life savings into AAPL calls, cant go tits up",positive,0.39164774095483723,AAPL,reddit,39,21
2023-08-13,imagine buying MSFT at ATH lmaooo,negative,-0.47142774892038597,MSFT,reddit,77,17
2024-01-30,loss porn: down 90% on MSFT calls,negative,-0.6290746526028526,MSFT,reddit,76,14
2024-05-27,MSFT IV too high for options rn,neutral,0.12459632179410257,MSFT,reddit,215,56
2024-10-10,imagine buying AMC at ATH lmaooo,negative,-0.7134699050215536,AMC,reddit,98,1
2023-05-16,"positions: 100x AMC 500c 1/20, wish me luck retards",positive,0.8718717901876336,AMC,reddit,56,14
2023-02-26,wife's boyfriend approved my PLTR purchase,positive,0.7089369634769935,PLTR,reddit,48,40
2023-07-13,DD: Why AMC is going to $1000 🚀,positive,0.7638759476803959,AMC,reddit,92,2
2023-03-10,apes dont sell 💎🙌 BB forever,positive,0.442140232271943,BB,reddit,60,10
2023-02-08,"SPY squeeze incoming, shorts are fukd",positive,0.7158067151883143,SPY,reddit,154,24
2024-08-13,"META puts printing, bears eating good tonight",negative,-0.546697519931519,META,reddit,183,17
2024-09-08,what's the play on GOOGL?,neutral,-0.19543420160430203,GOOGL,reddit,228,22
2023-06-03,"YOLO'd my life savings into META calls, cant go tits up",positive,0.8017210871262883,META,reddit,436,6
2023-03-02,"TSLA puts printing, bears eating good tonight",negative,-0.47446000739387345,TSLA,reddit,53,23
2024-06-13,imagine buying AMC at ATH lmaooo,negative,-0.5827729231165636,AMC,reddit,7,3
2024-06-06,"TSLA squeeze incoming, shorts are fukd",positive,0.8468430379248646,TSLA,reddit,25,19
2023-12-25,imagine buying AMZN at ATH lmaooo,negative,-0.5481427316544527,AMZN,reddit,79,0
2023-05-26,"YOLO'd my life savings into SPY calls, cant go tits up",positive,0.4820051748204513,SPY,reddit,43,26
2024-03-21,"positions: 100x AMC 500c 1/20, wish me luck retards",positive,0.8538818082984025,AMC,reddit,2,32
2023-12-09,imagine buying AAPL at ATH lmaooo,negative,-0.8254867923550331,AAPL,reddit,5,8
2023-11-25,BB tendies printing 🍗🍗🍗,positive,0.5361889333173219,BB,reddit,125,6
2024-10-27,"TSLA rug pull, everyone got rekt",negative,-0.83725248900205,TSLA,reddit,94,36
2023-02-16,bull thesis on GME: trust me bro,positive,0.34867920208974956,GME,reddit,106,15
2023-07-22,"sold my META bags, finally free",negative,-0.7042267741016073,META,reddit,27,3
2023-11-03,"YOLO'd my life savings into BB calls, cant go tits up",positive,0.6881096199635741,BB,reddit,252,34
2023-06-30,TSLA tendies printing 🍗🍗🍗,positive,0.5137301100046958,TSLA,reddit,110,8
2024-06-12,loss porn: down 90% on NVDA calls,negative,-0.8537682774123768,NVDA,reddit,71,5
2023-07-21,what's the play on SPY?,neutral,-0.007375524672268596,SPY,reddit,121,8
2023-10-10,"META puts printing, bears eating good tonight",negative,-0.41976467510604343,META,reddit,74,52
2024-11-18,apes dont sell 💎🙌 AAPL forever,positive,0.3035260112883496,AAPL,reddit,30,22
2024-08-08,"this is financial advice, buy META",positive,0.4898076128864769,META,reddit,128,90
2024-08-29,"theta gang on NVDA, selling covered calls",neutral,-0.048333149738946174,NVDA,reddit,23,7
2024-08-01,"sold my GME bags, finally free",negative,-0.36651704639239,GME,reddit,48,4
2023-09-02,"AMZN consolidating, waiting for breakout",neutral,0.11373235534945575,AMZN,reddit,12,43
2023-01-18,"GUH moment on AMZN, RIP my portfolio",negative,-0.5306865886775594,AMZN,reddit,105,34
2024-02-15,"theta gang on MSFT, selling covered calls",neutral,-0.12379180475663767,MSFT,reddit,119,12
2024-08-22,"GUH moment on TSLA, RIP my portfolio",negative,-0.341618758653223,TSLA,reddit,138,13
2024-05-11,"SPY rug pull, everyone got rekt",negative,-0.34632312977681545,SPY,reddit,55,11
2023-08-04,bull thesis on GOOGL: trust me bro,positive,0.4926185591070765,GOOGL,reddit,53,23
2023-08-11,"positions: 100x MSFT 500c 1/20, wish me luck retards",positive,0.3105944993628724,MSFT,reddit,100,4
2024-07-03,if you're not buying SPY rn you hate money,positive,0.4541922131554367,SPY,reddit,376,2
2023-03-08,"AAPL going to $0, get out while you can",negative,-0.4592715696236078,AAPL,reddit,68,10
2024-05-02,paper trading MSFT before going in,neutral,-0.11160693836614284,MSFT,reddit,48,19
2023-11-16,"theta gang on AAPL, selling covered calls",neutral,-0.04409128008063812,AAPL,reddit,133,12
2023-05-10,paper trading SPY before going in,neutral,0.15156334433612856,SPY,reddit,59,47
2024-07-20,apes dont sell 💎🙌 META forever,positive,0.6370749063035145,META,reddit,70,52
2023-03-06,"TSLA squeeze incoming, shorts are fukd",positive,0.7206125535484951,TSLA,reddit,169,46
2024-04-13,wife's boyfriend approved my GOOGL purchase,positive,0.6067099906226585,GOOGL,reddit,199,12
2023-06-08,"GUH moment on GOOGL, RIP my portfolio",negative,-0.7538793141447677,GOOGL,reddit,129,5
2024-10-04,GME tendies printing 🍗🍗🍗,positive,0.8218527404078741,GME,reddit,26,23
2024-11-09,"sold my GME bags, finally free",negative,-0.3148776935473597,GME,reddit,81,42
2023-10-26,loss porn: down 90% on BB calls,negative,-0.878137773345666,BB,reddit,399,10
2023-02-26,"GUH moment on AAPL, RIP my portfolio",negative,-0.7438629709291482,AAPL,reddit,0,13
2024-05-21,"TSLA rug pull, everyone got rekt",negative,-0.30807129503688935,TSLA,reddit,31,29
2023-11-01,"sold my SPY bags, finally free",negative,-0.6235300695226036,SPY,reddit,107,66
2024-09-27,"GUH moment on SPY, RIP my portfolio",negative,-0.7173492702596451,SPY,reddit,107,21
2023-12-26,"sold my MSFT bags, finally free",negative,-0.7267149815695224,MSFT,reddit,252,1
2024-05-30,anyone got DD on AMC?,neutral,0.023536279501564727,AMC,reddit,34,1
2024-04-13,NVDA IV too high for options rn,neutral,-0.07942340738689638,NVDA,reddit,81,18
2024-05-11,"theta gang on NVDA, selling covered calls",neutral,-0.16235028805999008,NVDA,reddit,9,1
2023-12-16,apes dont sell 💎🙌 AMC forever,positive,0.4531181604684632,AMC,reddit,29,35
2023-04-15,"BB squeeze incoming, shorts are fukd",positive,0.30296203136448874,BB,reddit,143,41
2024-09-21,"YOLO'd my life savings into BB calls, cant go tits up",positive,0.37315221188245584,BB,reddit,54,8
2023-10-20,imagine buying GME at ATH lmaooo,negative,-0.673218535125244,GME,reddit,79,3
2024-06-29,GOOGL IV too high for options rn,neutral,0.056396473590861085,GOOGL,reddit,59,9
2024-06-29,imagine buying GME at ATH lmaooo,negative,-0.4339360795131474,GME,reddit,75,43
2023-10-25,"GME going to $0, get out while you can",negative,-0.5627415385934533,GME,reddit,119,22
2024-11-15,"YOLO'd my life savings into MSFT calls, cant go tits up",positive,0.3273132303690588,MSFT,reddit,410,7
2024-05-13,"NVDA consolidating, waiting for breakout",neutral,0.1555421049835376,NVDA,reddit,41,9
2024-04-14,GME tendies printing 🍗🍗🍗,positive,0.8135982967469093,GME,reddit,12,21
2024-09-24,"PLTR going to $0, get out while you can",negative,-0.6749990226703904,PLTR,reddit,117,20
2023-10-28,paper trading AMZN before going in,neutral,-0.1579839277923442,AMZN,reddit,9,24
2024-06-06,loss porn: down 90% on MSFT calls,negative,-0.41462524833419395,MSFT,reddit,7,17
2024-07-07,"inverse WSB worked, sold AAPL at the top",negative,-0.5708083345068002,AAPL,reddit,19,45
2023-07-28,if you're not buying GOOGL rn you hate money,positive,0.7693222910276319,GOOGL,reddit,0,1
2024-08-18,imagine buying NVDA at ATH lmaooo,negative,-0.31276695297107104,NVDA,reddit,85,5
2023-10-23,loss porn: down 90% on SPY calls,negative,-0.7200592814190263,SPY,reddit,53,86
2023-01-02,"sold my GOOGL bags, finally free",negative,-0.35542470148423877,GOOGL,reddit,29,0
2023-10-10,"GME rug pull, everyone got rekt",negative,-0.30747665505909627,GME,reddit,9,14
2023-12-11,anyone got DD on GME?,neutral,0.07354773920412566,GME,reddit,188,4
2023-09-28,PLTR tendies printing 🍗🍗🍗,positive,0.7690766804084734,PLTR,reddit,6,32
2024-05-27,"theta gang on AMZN, selling covered calls",neutral,-0.12681834398687075,AMZN,reddit,197,42
2024-11-07,"inverse WSB worked, sold MSFT at the top",negative,-0.6041147694820517,MSFT,reddit,61,29
2023-12-25,anyone got DD on AAPL?,neutral,-0.10295591510897745,AAPL,reddit,218,3
2023-01-18,loss porn: down 90% on SPY calls,negative,-0.7556398479854708,SPY,reddit,255,23
2024-10-28,"TSLA rug pull, everyone got rekt",negative,-0.395163994728038,TSLA,reddit,236,22
2023-09-11,anyone got DD on TSLA?,neutral,0.10615088436697173,TSLA,reddit,2,68
2024-06-08,"theta gang on NVDA, selling covered calls",neutral,0.014631406881460668,NVDA,reddit,113,25
2023-02-28,AAPL tendies printing 🍗🍗🍗,positive,0.8219482515416368,AAPL,reddit,102,18
2023-09-11,paper trading TSLA before going in,neutral,0.03230009044227705,TSLA,reddit,75,30
2023-10-25,what's the play on BB?,neutral,0.14582535057730184,BB,reddit,225,5
2024-04-12,GOOGL tendies printing 🍗🍗🍗,positive,0.30827287209238036,GOOGL,reddit,244,81
2023-06-20,bull thesis on AMC: trust me bro,positive,0.524414025552474,AMC,reddit,131,0
2024-08-24,imagine buying NVDA at ATH lmaooo,negative,-0.7373304454343867,NVDA,reddit,45,5
2024-07-04,"TSLA rug pull, everyone got rekt",negative,-0.8042232166609264,TSLA,reddit,5,1
2023-06-10,anyone got DD on PLTR?,neutral,-0.012815618601087042,PLTR,reddit,52,6
2023-10-21,"GOOGL consolidating, waiting for breakout",neutral,0.11016571562074401,GOOGL,reddit,194,54
2024-02-11,TSLA tendies printing 🍗🍗🍗,positive,0.745520447868052,TSLA,reddit,45,12
2023-01-26,imagine buying GME at ATH lmaooo,negative,-0.3620956304413061,GME,reddit,2,2
2024-08-07,DD: Why NVDA is going to $1000 🚀,positive,0.6778283343013349,NVDA,reddit,72,0
2024-01-15,META IV too high for options rn,neutral,0.1903127370859527,META,reddit,89,45
2023-08-24,apes dont sell 💎🙌 GME forever,positive,0.8786944709176476,GME,reddit,5,33
2023-09-03,"SPY going to $0, get out while you can",negative,-0.4777370187123732,SPY,reddit,27,4
2024-09-13,loss porn: down 90% on AMZN calls,negative,-0.8985164364904468,AMZN,reddit,82,5
2023-05-24,"sold my SPY bags, finally free",negative,-0.627372176447228,SPY,reddit,46,2
2024-03-04,"inverse WSB worked, sold AMZN at the top",negative,-0.6988543394423299,AMZN,reddit,63,39
2023-08-13,"PLTR rug pull, everyone got rekt",negative,-0.6575957706253311,PLTR,reddit,119,6
2023-08-30,"GME squeeze incoming, shorts are fukd",positive,0.5130730884158706,GME,reddit,29,6
2024-05-03,what's the play on BB?,neutral,0.19181623244628543,BB,reddit,60,1
2023-06-27,"positions: 100x AMZN 500c 1/20, wish me luck retards",positive,0.4393079636197451,AMZN,reddit,97,24
2023-10-06,AMZN tendies printing 🍗🍗🍗,positive,0.8433360646935764,AMZN,reddit,127,68
2024-09-30,wife's boyfriend approved my AAPL purchase,positive,0.7983580074768333,AAPL,reddit,86,11
2024-05-21,bull thesis on AMC: trust me bro,positive,0.5470653949240099,AMC,reddit,79,52
2023-05-04,imagine buying AMZN at ATH lmaooo,negative,-0.5176834382699211,AMZN,reddit,130,24
2024-03-08,"GOOGL squeeze incoming, shorts are fukd",positive,0.6856878024894654,GOOGL,reddit,147,13
2024-07-21,DD: Why PLTR is going to $1000 🚀,positive,0.8841669980702942,PLTR,reddit,89,1
2023-07-24,"BB squeeze incoming, shorts are fukd",positive,0.460458575468472,BB,reddit,46,8
2024-01-22,"GOOGL squeeze incoming, shorts are fukd",positive,0.7283546662280522,GOOGL,reddit,205,18
2023-12-03,wife's boyfriend approved my NVDA purchase,positive,0.7612972742729445,NVDA,reddit,31,60
2023-08-16,loss porn: down 90% on PLTR calls,negative,-0.40461095220898174,PLTR,reddit,126,14
2024-10-30,"YOLO'd my life savings into SPY calls, cant go tits up",positive,0.648246725810334,SPY,reddit,440,27
2023-10-07,"GUH moment on SPY, RIP my portfolio",negative,-0.5311480726573217,SPY,reddit,21,6
2023-12-10,"inverse WSB worked, sold GOOGL at the top",negative,-0.36990183068398597,GOOGL,reddit,258,10
2023-08-13,apes dont sell 💎🙌 NVDA forever,positive,0.8374013988683167,NVDA,reddit,14,107
2023-05-09,what's the play on AMC?,neutral,0.06540691128398224,AMC,reddit,16,2
2023-06-06,"MSFT squeeze incoming, shorts are fukd",positive,0.7813797133969056,MSFT,reddit,107,89
2024-08-10,bull thesis on AMZN: trust me bro,positive,0.5063297788330827,AMZN,reddit,140,4
2023-01-10,"sold my MSFT bags, finally free",negative,-0.32435758888242794,MSFT,reddit,60,3
2024-08-07,"MSFT rug pull, everyone got rekt",negative,-0.4718985206114361,MSFT,reddit,24,2
2023-11-04,bull thesis on SPY: trust me bro,positive,0.8696805445355427,SPY,reddit,129,18
2024-02-01,"sold my GME bags, finally free",negative,-0.7805517547803472,GME,reddit,58,14
2023-10-28,"positions: 100x AMZN 500c 1/20, wish me luck retards",positive,0.4063290106050559,AMZN,reddit,109,55
2023-08-02,DD: Why PLTR is going to $1000 🚀,positive,0.7722017668622696,PLTR,reddit,47,10
2024-02-15,if you're not buying SPY rn you hate money,positive,0.38722360285235946,SPY,reddit,1,8
2024-09-17,"NVDA rug pull, everyone got rekt",negative,-0.30741160207425977,NVDA,reddit,8,5
2024-09-26,"TSLA squeeze incoming, shorts are fukd",positive,0.34005597568469903,TSLA,reddit,27,25
2023-01-18,"sold my MSFT bags, finally free",negative,-0.3524215657865123,MSFT,reddit,105,16
2024-09-22,"SPY puts printing, bears eating good tonight",negative,-0.4538863053683939,SPY,reddit,169,2
2023-11-13,"theta gang on MSFT, selling covered calls",neutral,-0.19919539091175045,MSFT,reddit,44,7
2024-11-25,wife's boyfriend approved my PLTR purchase,positive,0.4355890633560453,PLTR,reddit,70,73
2024-03-21,"GME squeeze incoming, shorts are fukd",positive,0.7730107151100761,GME,reddit,35,0
2023-04-22,"inverse WSB worked, sold NVDA at the top",negative,-0.39666988087662625,NVDA,reddit,6,69
2024-01-28,anyone got DD on TSLA?,neutral,-0.015556672791929127,TSLA,reddit,17,2
2023-10-05,MSFT tendies printing 🍗🍗🍗,positive,0.7304285780421365,MSFT,reddit,272,2
2023-05-29,what's the play on NVDA?,neutral,-0.057667445423619734,NVDA,reddit,13,0
2024-02-06,anyone got DD on MSFT?,neutral,-0.08142570441088087,MSFT,reddit,17,9
2024-08-15,if you're not buying BB rn you hate money,positive,0.42271899803020374,BB,reddit,83,1
2024-02-07,META tendies printing 🍗🍗🍗,positive,0.47431433478436935,META,reddit,196,15
2024-09-21,"positions: 100x GOOGL 500c 1/20, wish me luck retards",positive,0.6395609039328531,GOOGL,reddit,191,30
2024-06-03,if you're not buying AMZN rn you hate money,positive,0.774722822236805,AMZN,reddit,250,21
2024-07-23,"GUH moment on AAPL, RIP my portfolio",negative,-0.6042467291683685,AAPL,reddit,3,58
2023-01-01,"this is financial advice, buy GOOGL",positive,0.8536309891735387,GOOGL,reddit,135,2
2024-03-28,DD: Why MSFT is going to $1000 🚀,positive,0.5224443646950885,MSFT,reddit,255,44
2024-02-07,paper trading BB before going in,neutral,-0.19097799000659746,BB,reddit,13,38
2023-11-04,"sold my PLTR bags, finally free",negative,-0.5212775678960226,PLTR,reddit,18,9
2024-04-14,wife's boyfriend approved my SPY purchase,positive,0.8380443711546846,SPY,reddit,264,53
2024-02-22,"AMZN consolidating, waiting for breakout",neutral,0.19593422724441856,AMZN,reddit,183,2
2023-01-02,"sold my AAPL bags, finally free",negative,-0.3016601721572649,AAPL,reddit,293,40
2024-04-07,"AAPL consolidating, waiting for breakout",neutral,-0.11737697652635513,AAPL,reddit,50,18
2024-10-21,"TSLA puts printing, bears eating good tonight",negative,-0.3610916896391716,TSLA,reddit,166,4
2023-06-06,loss porn: down 90% on SPY calls,negative,-0.8520749677434498,SPY,reddit,36,13
2023-11-07,"GME rug pull, everyone got rekt",negative,-0.4950907295353849,GME,reddit,27,6
2024-03-11,bull thesis on NVDA: trust me bro,positive,0.6926627260950896,NVDA,reddit,137,49
2023-09-30,apes dont sell 💎🙌 AMC forever,positive,0.3860674106745319,AMC,reddit,10,10
2023-01-28,imagine buying BB at ATH lmaooo,negative,-0.5909508151751357,BB,reddit,83,1
2024-03-01,"PLTR consolidating, waiting for breakout",neutral,-0.12449129810725723,PLTR,reddit,190,27
2023-04-08,imagine buying AMC at ATH lmaooo,negative,-0.3074957427117043,AMC,reddit,33,91
2023-11-25,"GUH moment on NVDA, RIP my portfolio",negative,-0.7848323749830394,NVDA,reddit,92,3
2024-03-06,if you're not buying SPY rn you hate money,positive,0.6080056415095019,SPY,reddit,114,27
2023-03-25,TSLA IV too high for options rn,neutral,-0.18730083370877246,TSLA,reddit,70,75
2023-02-23,loss porn: down 90% on AAPL calls,negative,-0.7301761687669632,AAPL,reddit,7,15
2023-12-31,"BB squeeze incoming, shorts are fukd",positive,0.7824542596672373,BB,reddit,135,13
2024-09-16,apes dont sell 💎🙌 TSLA forever,positive,0.6046822365359604,TSLA,reddit,32,16
2024-06-26,paper trading PLTR before going in,neutral,0.08157962576381611,PLTR,reddit,6,62
2024-09-02,paper trading NVDA before going in,neutral,0.10853054278509655,NVDA,reddit,37,40
2024-02-08,NVDA tendies printing 🍗🍗🍗,positive,0.3350442986715284,NVDA,reddit,106,33
2024-11-25,MSFT tendies printing 🍗🍗🍗,positive,0.7339313226050146,MSFT,reddit,27,46
2023-12-17,DD: Why GME is going to $1000 🚀,positive,0.38785385050700605,GME,reddit,7,2
2024-09-25,"BB squeeze incoming, shorts are fukd",positive,0.33523933847803417,BB,reddit,12,32
2024-03-05,"MSFT consolidating, waiting for breakout",neutral,0.06339312391709911,MSFT,reddit,55,19
2023-09-20,"NVDA squeeze incoming, shorts are fukd",positive,0.3541114428914676,NVDA,reddit,155,3
2024-10-02,"YOLO'd my life savings into GME calls, cant go tits up",positive,0.37598979043965175,GME,reddit,228,30
2024-04-12,bull thesis on TSLA: trust me bro,positive,0.8732602648992214,TSLA,reddit,112,1
2024-08-05,"SPY rug pull, everyone got rekt",negative,-0.6046180500009832,SPY,reddit,401,38
2023-07-13,"MSFT going to $0, get out while you can",negative,-0.6471406609141221,MSFT,reddit,35,20
2023-12-19,apes dont sell 💎🙌 SPY forever,positive,0.8837848917742672,SPY,reddit,54,7
2024-04-30,"sold my PLTR bags, finally free",negative,-0.7941780011557513,PLTR,reddit,58,17
2024-07-13,loss porn: down 90% on GOOGL calls,negative,-0.416517741779009,GOOGL,reddit,68,8
2024-05-20,"SPY rug pull, everyone got rekt",negative,-0.49926467185156786,SPY,reddit,1,55
2024-10-11,anyone got DD on SPY?,neutral,-0.08996650497345914,SPY,reddit,42,6
2024-01-11,"inverse WSB worked, sold MSFT at the top",negative,-0.7405920362918423,MSFT,reddit,63,2
2023-12-22,imagine buying BB at ATH lmaooo,negative,-0.6337231005034352,BB,reddit,147,27
2024-08-23,"GME rug pull, everyone got rekt",negative,-0.6589661667437604,GME,reddit,146,23
2024-07-21,wife's boyfriend approved my AAPL purchase,positive,0.673833472377276,AAPL,reddit,212,39
2024-07-15,DD: Why AMC is going to $1000 🚀,positive,0.5107064877132959,AMC,reddit,87,33
2024-09-10,"YOLO'd my life savings into TSLA calls, cant go tits up",positive,0.3934163758541651,TSLA,reddit,8,4
2024-02-05,"GME squeeze incoming, shorts are fukd",positive,0.7987304865370967,GME,reddit,61,10
2024-09-18,what's the play on PLTR?,neutral,-0.054194806902556625,PLTR,reddit,139,32
2023-11-16,if you're not buying NVDA rn you hate money,positive,0.6488331744349194,NVDA,reddit,207,15
2024-04-29,paper trading GME before going in,neutral,0.05381584785877669,GME,reddit,85,64
2023-05-21,"NVDA going to $0, get out while you can",negative,-0.6028081684167237,NVDA,reddit,252,12
2024-11-05,apes dont sell 💎🙌 AMC forever,positive,0.6540621900260485,AMC,reddit,179,42
2023-06-13,apes dont sell 💎🙌 SPY forever,positive,0.7838004788952713,SPY,reddit,251,33
2023-08-30,"BB consolidating, waiting for breakout",neutral,-0.15583869228281846,BB,reddit,73,39
2023-11-22,"GUH moment on NVDA, RIP my portfolio",negative,-0.45965732190574954,NVDA,reddit,247,9
2024-08-23,"SPY rug pull, everyone got rekt",negative,-0.8493676593907713,SPY,reddit,64,10
2024-08-07,bull thesis on NVDA: trust me bro,positive,0.5761857653727804,NVDA,reddit,103,45
2023-08-13,"MSFT puts printing, bears eating good tonight",negative,-0.3448518579519898,MSFT,reddit,60,5
2023-03-10,bull thesis on GOOGL: trust me bro,positive,0.608558990243708,GOOGL,reddit,52,26
2023-10-18,bull thesis on META: trust me bro,positive,0.6892642151575101,META,reddit,73,13
2024-04-18,imagine buying META at ATH lmaooo,negative,-0.41332863154630206,META,reddit,275,8
2023-11-26,imagine buying BB at ATH lmaooo,negative,-0.4487687425548077,BB,reddit,136,15
2023-02-25,"sold my PLTR bags, finally free",negative,-0.3985324183401169,PLTR,reddit,90,1
2023-06-20,anyone got DD on GOOGL?,neutral,-0.10109819524675029,GOOGL,reddit,16,8
2023-08-31,AMC tendies printing 🍗🍗🍗,positive,0.3255997204167456,AMC,reddit,233,28
2024-08-30,"GME going to $0, get out while you can",negative,-0.42983131643814854,GME,reddit,471,4
2023-08-01,"SPY rug pull, everyone got rekt",negative,-0.619206749764705,SPY,reddit,12,3
2024-02-17,paper trading BB before going in,neutral,0.17493281713369296,BB,reddit,44,41
2023-11-14,paper trading AAPL before going in,neutral,0.0002588900351748191,AAPL,reddit,19,9
2023-06-13,"META consolidating, waiting for breakout",neutral,0.018789131321984648,META,reddit,142,15
2024-02-07,"BB going to $0, get out while you can",negative,-0.534238605554381,BB,reddit,753,11
2024-01-19,DD: Why SPY is going to $1000 🚀,positive,0.7006350997469584,SPY,reddit,120,6
2023-03-23,"inverse WSB worked, sold NVDA at the top",negative,-0.5066112510334453,NVDA,reddit,91,37
2023-01-22,if you're not buying SPY rn you hate money,positive,0.5530717003330341,SPY,reddit,80,24
2024-06-26,TSLA tendies printing 🍗🍗🍗,positive,0.6014845458064897,TSLA,reddit,24,22
2024-03-01,"MSFT consolidating, waiting for breakout",neutral,-0.04637711539189787,MSFT,reddit,16,31
2024-01-18,"theta gang on META, selling covered calls",neutral,-0.18003075061051144,META,reddit,109,6
2024-01-16,"AMZN consolidating, waiting for breakout",neutral,0.09085003670699054,AMZN,reddit,120,22
2024-08-18,if you're not buying GOOGL rn you hate money,positive,0.5482709316072842,GOOGL,reddit,85,29
2024-08-02,"theta gang on MSFT, selling covered calls",neutral,-0.06355773365270717,MSFT,reddit,187,65
2023-11-25,"SPY consolidating, waiting for breakout",neutral,0.12679240632047067,SPY,reddit,122,0
2024-02-22,DD: Why AMC is going to $1000 🚀,positive,0.4659090202116096,AMC,reddit,66,11
2023-03-26,"this is financial advice, buy GOOGL",positive,0.6347804412697358,GOOGL,reddit,53,4
2023-10-24,"NVDA squeeze incoming, shorts are fukd",positive,0.3524362248752437,NVDA,reddit,3,1
2024-06-24,loss porn: down 90% on AMZN calls,negative,-0.778983328234748,AMZN,reddit,268,35
2024-06-29,"AMC going to $0, get out while you can",negative,-0.7481704874181382,AMC,reddit,9,3
2023-05-20,DD: Why AAPL is going to $1000 🚀,positive,0.8135887064411085,AAPL,reddit,93,2
2023-09-22,apes dont sell 💎🙌 TSLA forever,positive,0.7886720525910265,TSLA,reddit,9,26
2024-01-09,wife's boyfriend approved my GOOGL purchase,positive,0.45897961243166197,GOOGL,reddit,6,19
2023-04-08,if you're not buying AAPL rn you hate money,positive,0.5180793801969339,AAPL,reddit,89,5
2023-08-30,"theta gang on GOOGL, selling covered calls",neutral,0.01669197711409262,GOOGL,reddit,136,11
2023-02-19,"theta gang on TSLA, selling covered calls",neutral,0.09788020410856096,TSLA,reddit,119,2
2023-05-03,"this is financial advice, buy META",positive,0.5244200647467492,META,reddit,191,14
2023-09-13,"GOOGL going to $0, get out while you can",negative,-0.7761338418286562,GOOGL,reddit,53,10
2024-10-03,"positions: 100x AMZN 500c 1/20, wish me luck retards",positive,0.5407577539478639,AMZN,reddit,253,1
2024-01-05,wife's boyfriend approved my SPY purchase,positive,0.46496708485962357,SPY,reddit,3,32
2023-12-20,"theta gang on TSLA, selling covered calls",neutral,0.17634103358356756,TSLA,reddit,107,10
2024-03-28,"positions: 100x GOOGL 500c 1/20, wish me luck retards",positive,0.8192324525218859,GOOGL,reddit,31,27
2023-10-05,"MSFT squeeze incoming, shorts are fukd",positive,0.8136279633912882,MSFT,reddit,242,14
2023-08-02,"GUH moment on MSFT, RIP my portfolio",negative,-0.5823442467558662,MSFT,reddit,11,9
2024-05-10,bull thesis on GME: trust me bro,positive,0.7385831185581582,GME,reddit,14,13
2024-09-29,"GUH moment on MSFT, RIP my portfolio",negative,-0.6567351596387413,MSFT,reddit,6,28
2023-09-23,"PLTR puts printing, bears eating good tonight",negative,-0.5767210674121763,PLTR,reddit,58,31
2023-02-09,TSLA tendies printing 🍗🍗🍗,positive,0.5064804894275992,TSLA,reddit,27,1
2023-05-09,"SPY consolidating, waiting for breakout",neutral,-0.16457860421015336,SPY,reddit,12,6
2023-09-03,"GOOGL consolidating, waiting for breakout",neutral,0.15078609634507006,GOOGL,reddit,4,28
2024-05-10,"theta gang on AMZN, selling covered calls",neutral,-0.1599849379162453,AMZN,reddit,225,4
2023-08-05,"positions: 100x SPY 500c 1/20, wish me luck retards",positive,0.8771020346502065,SPY,reddit,107,7
2024-02-23,"NVDA squeeze incoming, shorts are fukd",positive,0.6245890359059336,NVDA,reddit,88,7
2024-03-31,wife's boyfriend approved my AMZN purchase,positive,0.5980072733401824,AMZN,reddit,47,27
2024-11-08,"GUH moment on MSFT, RIP my portfolio",negative,-0.5675133252997492,MSFT,reddit,3,50
2023-12-26,"GOOGL going to $0, get out while you can",negative,-0.601698427622005,GOOGL,reddit,312,32
2023-10-20,"YOLO'd my life savings into AAPL calls, cant go tits up",positive,0.45630021750592986,AAPL,reddit,13,1
2023-09-16,imagine buying SPY at ATH lmaooo,negative,-0.64268609372759,SPY,reddit,5,40
2023-07-02,"sold my AAPL bags, finally free",negative,-0.615561366098319,AAPL,reddit,5,25
2023-06-02,"SPY puts printing, bears eating good tonight",negative,-0.3132695753059719,SPY,reddit,83,41
2024-05-04,"GME puts printing, bears eating good tonight",negative,-0.5683116991159821,GME,reddit,37,7
2024-09-15,wife's boyfriend approved my MSFT purchase,positive,0.8400441937283243,MSFT,reddit,19,31
2023-10-02,"PLTR puts printing, bears eating good tonight",negative,-0.6181407216666331,PLTR,reddit,131,3
2023-12-12,bull thesis on SPY: trust me bro,positive,0.5856696269106944,SPY,reddit,248,81
2023-06-18,AMZN tendies printing 🍗🍗🍗,positive,0.8187848204464061,AMZN,reddit,227,8
2023-07-28,imagine buying MSFT at ATH lmaooo,negative,-0.6438738600878304,MSFT,reddit,18,16
2024-04-18,BB IV too high for options rn,neutral,0.14132243153641066,BB,reddit,134,24
2023-03-25,apes dont sell 💎🙌 AMC forever,positive,0.44108942266026685,AMC,reddit,90,63
2024-03-23,"TSLA rug pull, everyone got rekt",negative,-0.7411816455913192,TSLA,reddit,52,12
2023-11-10,AMC tendies printing 🍗🍗🍗,positive,0.7834421463203675,AMC,reddit,46,32
2023-05-26,NVDA tendies printing 🍗🍗🍗,positive,0.86695004144141,NVDA,reddit,34,36
2023-01-05,"YOLO'd my life savings into TSLA calls, cant go tits up",positive,0.801814958214641,TSLA,reddit,73,7
2023-07-20,"SPY consolidating, waiting for breakout",neutral,-0.18821245080957222,SPY,reddit,109,1
2024-05-10,apes dont sell 💎🙌 GME forever,positive,0.4695422257584201,GME,reddit,21,15
2023-05-15,"sold my AAPL bags, finally free",negative,-0.8676358738744375,AAPL,reddit,58,2
2023-03-13,DD: Why SPY is going to $1000 🚀,positive,0.8509450486906083,SPY,reddit,116,63
2024-05-18,META tendies printing 🍗🍗🍗,positive,0.6347135860232873,META,reddit,32,6
2023-05-04,"this is financial advice, buy PLTR",positive,0.35467709403022907,PLTR,reddit,34,8
2024-10-13,"GUH moment on AMZN, RIP my portfolio",negative,-0.3379190830586901,AMZN,reddit,26,43
2024-10-06,anyone got DD on BB?,neutral,0.10030280496010285,BB,reddit,1,76
2024-02-09,"YOLO'd my life savings into AMC calls, cant go tits up",positive,0.373254247767774,AMC,reddit,46,38
2024-02-03,"positions: 100x GME 500c 1/20, wish me luck retards",positive,0.4460898273253393,GME,reddit,14,11
2024-09-03,apes dont sell 💎🙌 NVDA forever,positive,0.6603255404431396,NVDA,reddit,49,15
2023-04-29,"META rug pull, everyone got rekt",negative,-0.7091916616076633,META,reddit,2,4
2023-06-05,"BB consolidating, waiting for breakout",neutral,0.06889312587567314,BB,reddit,155,37
2024-07-29,what's the play on AMZN?,neutral,-0.07441893881523615,AMZN,reddit,38,4
2023-03-04,imagine buying TSLA at ATH lmaooo,negative,-0.6812047201106237,TSLA,reddit,500,28
2024-05-22,if you're not buying MSFT rn you hate money,positive,0.32445540637583437,MSFT,reddit,8,4
2023-09-11,MSFT tendies printing 🍗🍗🍗,positive,0.48244373251381834,MSFT,reddit,28,8
2023-12-02,"META rug pull, everyone got rekt",negative,-0.5168705467961228,META,reddit,415,17
2023-03-02,"sold my NVDA bags, finally free",negative,-0.8139456662548122,NVDA,reddit,92,20
2023-12-13,"inverse WSB worked, sold GOOGL at the top",negative,-0.39159741720071173,GOOGL,reddit,28,6
2023-10-07,"GUH moment on BB, RIP my portfolio",negative,-0.5158208859119722,BB,reddit,18,42
2023-03-19,"MSFT puts printing, bears eating good tonight",negative,-0.8005390462316495,MSFT,reddit,175,9
2024-03-04,"this is financial advice, buy TSLA",positive,0.8817915886222936,TSLA,reddit,71,40
2023-04-07,"inverse WSB worked, sold BB at the top",negative,-0.4818422113200236,BB,reddit,65,5
2024-11-15,"GOOGL going to $0, get out while you can",negative,-0.8827821387140052,GOOGL,reddit,26,11
2024-04-25,DD: Why META is going to $1000 🚀,positive,0.47600212742022663,META,reddit,131,31
2024-04-20,loss porn: down 90% on GME calls,negative,-0.6755291027983858,GME,reddit,463,0
2024-06-29,"NVDA squeeze incoming, shorts are fukd",positive,0.8169878104467327,NVDA,reddit,201,1
2023-07-04,bull thesis on AMZN: trust me bro,positive,0.6448974741159323,AMZN,reddit,308,18
2024-08-13,paper trading AMC before going in,neutral,0.057189036135419646,AMC,reddit,17,7
2023-10-07,"SPY puts printing, bears eating good tonight",negative,-0.3514301421487507,SPY,reddit,10,31
2023-04-03,"sold my TSLA bags, finally free",negative,-0.8672255219207493,TSLA,reddit,24,17
2023-06-23,anyone got DD on AMZN?,neutral,-0.03820632349060543,AMZN,reddit,48,43
2023-03-29,"sold my SPY bags, finally free",negative,-0.6845359573117916,SPY,reddit,76,19
2024-03-15,"positions: 100x NVDA 500c 1/20, wish me luck retards",positive,0.8103277915094635,NVDA,reddit,34,5
2024-03-03,apes dont sell 💎🙌 TSLA forever,positive,0.5572159394740881,TSLA,reddit,130,7
2023-05-13,what's the play on AMC?,neutral,-0.08294352018711458,AMC,reddit,31,39
2024-05-20,anyone got DD on META?,neutral,-0.019553738649730062,META,reddit,62,5
2023-12-25,NVDA IV too high for options rn,neutral,0.19650312708501566,NVDA,reddit,42,3
2024-07-11,if you're not buying TSLA rn you hate money,positive,0.3714887601195917,TSLA,reddit,77,21
2023-09-24,"theta gang on PLTR, selling covered calls",neutral,-0.18363904376114915,PLTR,reddit,287,4
2023-07-19,BB tendies printing 🍗🍗🍗,positive,0.5542366634004057,BB,reddit,29,20
2024-02-22,loss porn: down 90% on BB calls,negative,-0.3467087686962196,BB,reddit,57,40
2023-01-15,"theta gang on SPY, selling covered calls",neutral,-0.1707282852338811,SPY,reddit,80,18
2023-01-19,AMZN IV too high for options rn,neutral,-0.08520395514246926,AMZN,reddit,8,21
2024-07-16,paper trading META before going in,neutral,-0.14692944291019955,META,reddit,225,12
2024-05-04,MSFT IV too high for options rn,neutral,0.17144503882900847,MSFT,reddit,30,23
2023-09-11,anyone got DD on TSLA?,neutral,0.016944744858110455,TSLA,reddit,43,2
2024-01-16,"sold my AMZN bags, finally free",negative,-0.38151949856999146,AMZN,reddit,175,3
2024-08-29,what's the play on MSFT?,neutral,0.18864145753135525,MSFT,reddit,77,21
2024-06-13,apes dont sell 💎🙌 MSFT forever,positive,0.6329396233809504,MSFT,reddit,17,4
2023-04-02,imagine buying META at ATH lmaooo,negative,-0.8684810812611031,META,reddit,121,36
2023-02-27,"sold my BB bags, finally free",negative,-0.5495944194237921,BB,reddit,74,2
2023-05-08,loss porn: down 90% on NVDA calls,negative,-0.49445848907379353,NVDA,reddit,96,23
2023-03-15,"GUH moment on MSFT, RIP my portfolio",negative,-0.40560076113332416,MSFT,reddit,19,18
2024-02-25,bull thesis on BB: trust me bro,positive,0.503410982527849,BB,reddit,19,10
2024-08-18,"theta gang on AAPL, selling covered calls",neutral,-0.1592508242930588,AAPL,reddit,37,22
2023-01-23,"GME going to $0, get out while you can",negative,-0.8884350318465654,GME,reddit,28,68
2023-04-27,"TSLA going to $0, get out while you can",negative,-0.32253706155945705,TSLA,reddit,35,20
2023-10-19,"NVDA going to $0, get out while you can",negative,-0.41625923079033134,NVDA,reddit,106,2
2023-09-26,DD: Why NVDA is going to $1000 🚀,positive,0.5438950581928291,NVDA,reddit,4,5
2024-03-02,DD: Why BB is going to $1000 🚀,positive,0.8911290044855831,BB,reddit,81,12
2023-11-09,"BB consolidating, waiting for breakout",neutral,-0.18273562548181768,BB,reddit,118,14
2024-02-16,"YOLO'd my life savings into AMZN calls, cant go tits up",positive,0.3517734150863536,AMZN,reddit,32,8
2024-01-15,"theta gang on AMC, selling covered calls",neutral,0.1369121349777493,AMC,reddit,253,59
2023-04-06,GME tendies printing 🍗🍗🍗,positive,0.49906079622677013,GME,reddit,347,34
2024-04-18,META IV too high for options rn,neutral,0.18487397940226552,META,reddit,15,50
2024-11-17,bull thesis on GOOGL: trust me bro,positive,0.36699012198656233,GOOGL,reddit,11,11
2023-08-02,"inverse WSB worked, sold TSLA at the top",negative,-0.7244613606476933,TSLA,reddit,34,3
2023-02-10,DD: Why GOOGL is going to $1000 🚀,positive,0.31969814002777686,GOOGL,reddit,54,31
2024-02-15,wife's boyfriend approved my GME purchase,positive,0.4910899143226173,GME,reddit,33,2
2023-09-05,"PLTR going to $0, get out while you can",negative,-0.418364795109033,PLTR,reddit,39,10
2023-05-03,GME IV too high for options rn,neutral,0.08928285689777471,GME,reddit,57,12
2024-03-27,imagine buying GOOGL at ATH lmaooo,negative,-0.6706693479816314,GOOGL,reddit,4,4
2023-02-20,AMZN IV too high for options rn,neutral,-0.08587976986936373,AMZN,reddit,16,1
2024-05-29,apes dont sell 💎🙌 AAPL forever,positive,0.3219834583295109,AAPL,reddit,190,47
2023-12-27,"inverse WSB worked, sold GOOGL at the top",negative,-0.44793252100799796,GOOGL,reddit,250,12
2023-04-12,"BB consolidating, waiting for breakout",neutral,-0.050316137162162294,BB,reddit,286,68
2023-06-11,paper trading META before going in,neutral,-0.11855610135103722,META,reddit,35,1
2024-03-03,paper trading META before going in,neutral,-0.18410248337261456,META,reddit,67,5
2023-08-29,imagine buying BB at ATH lmaooo,negative,-0.5810585942468361,BB,reddit,178,51
2023-08-16,anyone got DD on AMC?,neutral,-0.06577594686488883,AMC,reddit,64,2
2023-12-01,TSLA tendies printing 🍗🍗🍗,positive,0.49200400756076623,TSLA,reddit,93,4
2023-08-21,"AMC consolidating, waiting for breakout",neutral,-0.005132361030174337,AMC,reddit,189,48
2024-08-27,"this is financial advice, buy META",positive,0.4950671502024938,META,reddit,2,18
2024-05-17,if you're not buying META rn you hate money,positive,0.5449190119595749,META,reddit,120,37
2024-10-20,DD: Why MSFT is going to $1000 🚀,positive,0.5696347594951479,MSFT,reddit,128,23
2023-07-06,"BB consolidating, waiting for breakout",neutral,-0.1577640151153359,BB,reddit,46,22
2024-07-22,"inverse WSB worked, sold META at the top",negative,-0.6081681634723384,META,reddit,75,4
2024-05-19,"sold my BB bags, finally free",negative,-0.47304876523050887,BB,reddit,54,3
2023-03-19,loss porn: down 90% on NVDA calls,negative,-0.4038273400200038,NVDA,reddit,9,3
2024-10-07,"AMC going to $0, get out while you can",negative,-0.5547008697901267,AMC,reddit,45,1
2024-06-29,"YOLO'd my life savings into AAPL calls, cant go tits up",positive,0.5128882141811215,AAPL,reddit,62,9
2024-06-27,"this is financial advice, buy MSFT",positive,0.5506750051852696,MSFT,reddit,33,13
2023-10-21,"AMC going to $0, get out while you can",negative,-0.5520952661996907,AMC,reddit,52,18
2024-06-12,DD: Why META is going to $1000 🚀,positive,0.3576792833476476,META,reddit,224,0
2024-07-12,"this is financial advice, buy MSFT",positive,0.8288016643519165,MSFT,reddit,164,5
2023-12-14,paper trading META before going in,neutral,-0.18749496796779164,META,reddit,39,64
2023-12-31,DD: Why AAPL is going to $1000 🚀,positive,0.5657545279106436,AAPL,reddit,244,33
2024-07-24,"sold my GME bags, finally free",negative,-0.4470450145595415,GME,reddit,3,43
2024-10-08,GME IV too high for options rn,neutral,0.028524779496381936,GME,reddit,59,2
2023-03-29,"sold my SPY bags, finally free",negative,-0.550964680296292,SPY,reddit,77,2
2023-06-19,"sold my MSFT bags, finally free",negative,-0.8213661041154123,MSFT,reddit,3,16
2024-09-24,paper trading META before going in,neutral,0.14626249478164483,META,reddit,112,20
2023-11-11,anyone got DD on META?,neutral,0.17740670229058014,META,reddit,14,3
2024-11-05,loss porn: down 90% on META calls,negative,-0.32398654415491934,META,reddit,167,12
2024-10-04,"this is financial advice, buy AMC",positive,0.31867132402540727,AMC,reddit,54,9
2023-12-17,bull thesis on PLTR: trust me bro,positive,0.4443180913369832,PLTR,reddit,53,23
2023-09-17,"AMC consolidating, waiting for breakout",neutral,0.004952339514595394,AMC,reddit,22,2
2023-05-04,what's the play on AAPL?,neutral,0.09006388186918518,AAPL,reddit,18,3
2023-06-12,"positions: 100x MSFT 500c 1/20, wish me luck retards",positive,0.30626997090692887,MSFT,reddit,44,11
2024-02-06,bull thesis on GOOGL: trust me bro,positive,0.7807120325820591,GOOGL,reddit,277,33
2023-06-09,"BB puts printing, bears eating good tonight",negative,-0.4259405576736925,BB,reddit,21,56
2024-10-20,"theta gang on PLTR, selling covered calls",neutral,-0.011482120482380287,PLTR,reddit,73,27
2024-01-03,"META puts printing, bears eating good tonight",negative,-0.5205294836480732,META,reddit,28,36
2023-06-29,"BB puts printing, bears eating good tonight",negative,-0.4461132187726665,BB,reddit,67,27
2023-01-17,"GME rug pull, everyone got rekt",negative,-0.8988645970064513,GME,reddit,307,30
2023-08-24,wife's boyfriend approved my PLTR purchase,positive,0.3556836761038496,PLTR,reddit,152,10
2023-07-26,"this is financial advice, buy PLTR",positive,0.7967072130043045,PLTR,reddit,20,6
2024-04-21,DD: Why TSLA is going to $1000 🚀,positive,0.3247823861229257,TSLA,reddit,97,11
2023-03-16,bull thesis on GME: trust me bro,positive,0.8334354250296583,GME,reddit,70,13
2023-05-19,"PLTR consolidating, waiting for breakout",neutral,-0.08025224557051627,PLTR,reddit,186,10
2023-03-23,"theta gang on GME, selling covered calls",neutral,0.10768903176569222,GME,reddit,125,44
2024-03-08,bull thesis on GME: trust me bro,positive,0.5932591904162108,GME,reddit,505,17
2023-08-18,"NVDA puts printing, bears eating good tonight",negative,-0.8334351175833776,NVDA,reddit,1,13
2024-05-08,"YOLO'd my life savings into BB calls, cant go tits up",positive,0.823946468934555,BB,reddit,38,1
2024-10-19,if you're not buying AMZN rn you hate money,positive,0.42835856430018426,AMZN,reddit,0,6
2024-06-25,BB tendies printing 🍗🍗🍗,positive,0.42562751077942057,BB,reddit,4,72
2024-08-14,"TSLA going to $0, get out while you can",negative,-0.8045375125157039,TSLA,reddit,124,10
2023-02-13,"positions: 100x TSLA 500c 1/20, wish me luck retards",positive,0.5937229531871848,TSLA,reddit,95,6
2023-04-14,"GUH moment on TSLA, RIP my portfolio",negative,-0.5451098287372302,TSLA,reddit,39,26
2024-03-23,"YOLO'd my life savings into AMZN calls, cant go tits up",positive,0.5361442889484729,AMZN,reddit,176,2
2024-05-28,"theta gang on SPY, selling covered calls",neutral,-0.1924915481167031,SPY,reddit,56,4
2024-10-06,DD: Why BB is going to $1000 🚀,positive,0.8058391731610857,BB,reddit,20,33
2023-12-19,"sold my NVDA bags, finally free",negative,-0.8415865401813241,NVDA,reddit,124,7
2023-03-27,loss porn: down 90% on AMZN calls,negative,-0.7619836369621571,AMZN,reddit,193,9
2023-10-22,"AMZN consolidating, waiting for breakout",neutral,-0.1625460107579574,AMZN,reddit,140,1
2024-02-08,"this is financial advice, buy GOOGL",positive,0.33630071439260006,GOOGL,reddit,336,20
2024-02-07,"YOLO'd my life savings into MSFT calls, cant go tits up",positive,0.6483514604170346,MSFT,reddit,112,201
2023-05-06,if you're not buying AMZN rn you hate money,positive,0.4778965196774717,AMZN,reddit,151,22
2024-05-24,"GUH moment on BB, RIP my portfolio",negative,-0.7799377755790966,BB,reddit,88,25
2024-10-25,paper trading META before going in,neutral,-0.07284794767097588,META,reddit,112,6
2023-04-20,wife's boyfriend approved my PLTR purchase,positive,0.6657606707664947,PLTR,reddit,2,36
2024-03-18,DD: Why NVDA is going to $1000 🚀,positive,0.4744969091305734,NVDA,reddit,36,4
2023-12-30,PLTR tendies printing 🍗🍗🍗,positive,0.6791889284699741,PLTR,reddit,32,30
2024-06-23,"inverse WSB worked, sold NVDA at the top",negative,-0.3901462688368935,NVDA,reddit,53,4
2023-06-24,"GUH moment on TSLA, RIP my portfolio",negative,-0.4576138236793309,TSLA,reddit,45,46
2024-01-30,"GUH moment on SPY, RIP my portfolio",negative,-0.32031480927775724,SPY,reddit,30,8
2024-07-05,GME tendies printing 🍗🍗🍗,positive,0.5866076021819362,GME,reddit,131,47
2024-11-21,"GOOGL squeeze incoming, shorts are fukd",positive,0.48192226304815966,GOOGL,reddit,496,1
2023-12-10,anyone got DD on NVDA?,neutral,0.1580948955284775,NVDA,reddit,122,29
2024-06-25,if you're not buying AMC rn you hate money,positive,0.5834058447095571,AMC,reddit,3,29
2023-11-17,"BB consolidating, waiting for breakout",neutral,0.045556247540610606,BB,reddit,9,1
2023-12-06,"positions: 100x SPY 500c 1/20, wish me luck retards",positive,0.49303197799256987,SPY,reddit,82,14
2024-10-14,loss porn: down 90% on BB calls,negative,-0.8958467177193128,BB,reddit,135,12
2024-05-10,bull thesis on SPY: trust me bro,positive,0.6771402343526488,SPY,reddit,50,6
2023-01-30,wife's boyfriend approved my PLTR purchase,positive,0.5665263729349389,PLTR,reddit,75,16
2024-02-06,paper trading BB before going in,neutral,0.17883679756061371,BB,reddit,3,0
2023-06-09,loss porn: down 90% on GME calls,negative,-0.5289353663101224,GME,reddit,7,1
2023-06-29,"positions: 100x BB 500c 1/20, wish me luck retards",positive,0.40999180092570675,BB,reddit,156,4
2023-10-21,META tendies printing 🍗🍗🍗,positive,0.34357494597676586,META,reddit,173,32
2024-04-05,"AAPL puts printing, bears eating good tonight",negative,-0.49078263724443016,AAPL,reddit,95,39
2024-11-16,"inverse WSB worked, sold SPY at the top",negative,-0.7609750868355649,SPY,reddit,86,4
2024-03-19,paper trading GME before going in,neutral,-0.14403724723522907,GME,reddit,57,23
2023-07-12,"this is financial advice, buy META",positive,0.4943071314736629,META,reddit,20,5
2024-07-25,"AMC consolidating, waiting for breakout",neutral,-0.08743195847064059,AMC,reddit,123,7
2024-11-18,"SPY squeeze incoming, shorts are fukd",positive,0.4418885557084127,SPY,reddit,165,44
2024-08-28,AMC tendies printing 🍗🍗🍗,positive,0.5182588498480583,AMC,reddit,67,35
2023-02-03,"this is financial advice, buy AMZN",positive,0.5761817245514331,AMZN,reddit,50,35
2023-06-24,apes dont sell 💎🙌 PLTR forever,positive,0.6526102449764772,PLTR,reddit,166,6
2024-11-15,if you're not buying TSLA rn you hate money,positive,0.7666780003254401,TSLA,reddit,9,35
2023-04-21,apes dont sell 💎🙌 BB forever,positive,0.7504048840730333,BB,reddit,270,50
2023-10-17,"YOLO'd my life savings into GME calls, cant go tits up",positive,0.5503050269029925,GME,reddit,35,3
2024-08-06,AMC tendies printing 🍗🍗🍗,positive,0.8917626347963483,AMC,reddit,209,23
2024-05-15,wife's boyfriend approved my PLTR purchase,positive,0.7520719456119866,PLTR,reddit,28,6
2024-10-25,DD: Why MSFT is going to $1000 🚀,positive,0.7773301993148362,MSFT,reddit,220,6
2024-04-07,"GOOGL going to $0, get out while you can",negative,-0.8231376898604887,GOOGL,reddit,15,11
2024-01-08,paper trading NVDA before going in,neutral,-0.167092482819557,NVDA,reddit,2,18
2023-03-26,"META rug pull, everyone got rekt",negative,-0.32791566592957455,META,reddit,5,10
2024-07-13,"positions: 100x META 500c 1/20, wish me luck retards",positive,0.4830678552371492,META,reddit,1,14
2024-03-18,"GOOGL going to $0, get out while you can",negative,-0.6425879668668353,GOOGL,reddit,188,24
2024-09-18,imagine buying META at ATH lmaooo,negative,-0.363804863882797,META,reddit,234,8
2024-07-19,SPY IV too high for options rn,neutral,0.03289273872465576,SPY,reddit,11,6
2023-02-15,"theta gang on AAPL, selling covered calls",neutral,-0.05450441542086101,AAPL,reddit,313,6
2024-01-18,wife's boyfriend approved my NVDA purchase,positive,0.7233471810384959,NVDA,reddit,134,25
2024-01-29,anyone got DD on PLTR?,neutral,0.13040558903858124,PLTR,reddit,212,3
2023-09-13,SPY IV too high for options rn,neutral,0.17722289579926204,SPY,reddit,7,7
2023-05-04,"GME consolidating, waiting for breakout",neutral,0.14857418307491782,GME,reddit,172,69
2023-05-13,apes dont sell 💎🙌 META forever,positive,0.329321965890795,META,reddit,393,15
2023-04-06,"BB puts printing, bears eating good tonight",negative,-0.487664914124525,BB,reddit,230,10
2024-08-09,"GUH moment on MSFT, RIP my portfolio",negative,-0.4265481993805259,MSFT,reddit,56,5
2023-02-22,imagine buying AMZN at ATH lmaooo,negative,-0.31096723011684724,AMZN,reddit,25,43
2023-12-30,"GME rug pull, everyone got rekt",negative,-0.3343067679409698,GME,reddit,311,8
2024-02-09,"META squeeze incoming, shorts are fukd",positive,0.6103992053796207,META,reddit,115,5
2023-10-27,"PLTR puts printing, bears eating good tonight",negative,-0.6259137667945587,PLTR,reddit,51,12
2023-11-06,"this is financial advice, buy META",positive,0.8465231126952013,META,reddit,132,2
2023-03-18,wife's boyfriend approved my AMC purchase,positive,0.6580447300285046,AMC,reddit,116,12
2023-10-26,"sold my MSFT bags, finally free",negative,-0.5186974387794381,MSFT,reddit,151,4
2024-02-08,anyone got DD on BB?,neutral,0.09527905331659764,BB,reddit,35,7
2024-06-16,paper trading BB before going in,neutral,0.11786709641507037,BB,reddit,92,11
2024-07-19,"TSLA squeeze incoming, shorts are fukd",positive,0.8585879882816694,TSLA,reddit,85,16
2024-01-27,"SPY squeeze incoming, shorts are fukd",positive,0.31745597203772846,SPY,reddit,25,20
2024-09-10,"AMZN going to $0, get out while you can",negative,-0.3560060365375106,AMZN,reddit,179,46
2024-11-06,DD: Why MSFT is going to $1000 🚀,positive,0.5617147431407189,MSFT,reddit,275,32
2023-03-30,anyone got DD on GOOGL?,neutral,0.10732657875706858,GOOGL,reddit,37,9
2024-09-09,"AMZN squeeze incoming, shorts are fukd",positive,0.8105231223400324,AMZN,reddit,11,22
2023-12-25,"GUH moment on META, RIP my portfolio",negative,-0.32971928358455393,META,reddit,159,59
2024-05-22,"AMZN squeeze incoming, shorts are fukd",positive,0.5774185556561795,AMZN,reddit,68,3
2023-05-28,anyone got DD on TSLA?,neutral,0.10700088822302989,TSLA,reddit,234,40
2024-04-22,"GUH moment on MSFT, RIP my portfolio",negative,-0.3924492832211963,MSFT,reddit,113,7
2023-08-14,"inverse WSB worked, sold GOOGL at the top",negative,-0.5536713169620053,GOOGL,reddit,202,2
2023-08-25,"YOLO'd my life savings into TSLA calls, cant go tits up",positive,0.4109846557627702,TSLA,reddit,31,39
2024-02-19,wife's boyfriend approved my PLTR purchase,positive,0.3360092345607513,PLTR,reddit,17,17
2024-02-26,"AMZN rug pull, everyone got rekt",negative,-0.7386212877878133,AMZN,reddit,104,4
2023-02-03,BB IV too high for options rn,neutral,-0.03957393926404032,BB,reddit,54,12
2024-07-07,anyone got DD on BB?,neutral,-0.15816452790515037,BB,reddit,105,0
2024-06-08,if you're not buying BB rn you hate money,positive,0.5737649353943723,BB,reddit,63,7
2024-06-18,"NVDA puts printing, bears eating good tonight",negative,-0.8249370914389782,NVDA,reddit,4,8
2023-01-31,"GOOGL going to $0, get out while you can",negative,-0.7694055316004949,GOOGL,reddit,1,1
2023-05-04,"positions: 100x MSFT 500c 1/20, wish me luck retards",positive,0.38510639520579176,MSFT,reddit,194,21
2024-02-04,"AMZN puts printing, bears eating good tonight",negative,-0.6228129686593475,AMZN,reddit,38,19
2023-09-19,NVDA IV too high for options rn,neutral,0.008116542223961382,NVDA,reddit,90,21
2024-10-25,"positions: 100x AAPL 500c 1/20, wish me luck retards",positive,0.6785554844485809,AAPL,reddit,3,28
2023-06-08,"theta gang on TSLA, selling covered calls",neutral,0.1607697488597254,TSLA,reddit,41,4
2024-03-11,imagine buying PLTR at ATH lmaooo,negative,-0.5412762476626098,PLTR,reddit,62,43
2024-02-08,"sold my PLTR bags, finally free",negative,-0.46424075013273386,PLTR,reddit,11,20
2023-10-16,META IV too high for options rn,neutral,-0.18211231061707112,META,reddit,10,48
2023-05-29,"SPY squeeze incoming, shorts are fukd",positive,0.7253702796934087,SPY,reddit,32,22
2024-04-09,apes dont sell 💎🙌 GOOGL forever,positive,0.6703360001638707,GOOGL,reddit,346,21
2023-11-21,if you're not buying TSLA rn you hate money,positive,0.5155663245779365,TSLA,reddit,92,11
2023-04-16,wife's boyfriend approved my GOOGL purchase,positive,0.6466976543151433,GOOGL,reddit,303,6
2023-12-28,DD: Why MSFT is going to $1000 🚀,positive,0.40846906594302895,MSFT,reddit,32,20
2024-07-06,bull thesis on AAPL: trust me bro,positive,0.3918973934332006,AAPL,reddit,51,15
2023-06-12,DD: Why GOOGL is going to $1000 🚀,positive,0.6209387966115231,GOOGL,reddit,139,3
2024-11-01,anyone got DD on AAPL?,neutral,0.18475298712712845,AAPL,reddit,108,16
2023-12-05,"theta gang on META, selling covered calls",neutral,-0.003100960783016443,META,reddit,96,22
2023-11-21,apes dont sell 💎🙌 META forever,positive,0.5694669067189615,META,reddit,35,18
2024-06-20,DD: Why SPY is going to $1000 🚀,positive,0.5083753955356622,SPY,reddit,150,24
2024-03-14,DD: Why AMC is going to $1000 🚀,positive,0.5032370908170138,AMC,reddit,108,27
2024-03-02,"YOLO'd my life savings into SPY calls, cant go tits up",positive,0.4466776155607247,SPY,reddit,69,1
2023-12-21,loss porn: down 90% on BB calls,negative,-0.3273199133244912,BB,reddit,47,30
2024-06-11,loss porn: down 90% on PLTR calls,negative,-0.4948827623646046,PLTR,reddit,30,24
2023-02-27,"GOOGL consolidating, waiting for breakout",neutral,0.07721769022738967,GOOGL,reddit,111,0
2024-03-26,"TSLA squeeze incoming, shorts are fukd",positive,0.3623156285753352,TSLA,reddit,19,23
2023-06-11,"inverse WSB worked, sold PLTR at the top",negative,-0.32575509063613617,PLTR,reddit,49,99
2024-02-20,bull thesis on NVDA: trust me bro,positive,0.7177268274568422,NVDA,reddit,21,10
2023-03-04,imagine buying PLTR at ATH lmaooo,negative,-0.8400896032374339,PLTR,reddit,98,44
2023-09-05,"NVDA consolidating, waiting for breakout",neutral,0.0005025756003069759,NVDA,reddit,447,11
2023-06-01,paper trading META before going in,neutral,-0.07063012049399528,META,reddit,30,2
2024-05-20,META tendies printing 🍗🍗🍗,positive,0.3555534702216073,META,reddit,107,16
2023-10-04,what's the play on MSFT?,neutral,-0.161988179975302,MSFT,reddit,167,25
2024-08-08,GOOGL IV too high for options rn,neutral,-0.16872854016407676,GOOGL,reddit,97,7
2024-04-09,"NVDA rug pull, everyone got rekt",negative,-0.8235180336883579,NVDA,reddit,106,2
2023-10-03,what's the play on AAPL?,neutral,-0.051157209922242736,AAPL,reddit,313,8
2023-08-23,"theta gang on BB, selling covered calls",neutral,0.02108183381732695,BB,reddit,51,116
2024-09-14,BB IV too high for options rn,neutral,0.12254890676108166,BB,reddit,190,8
2023-03-24,anyone got DD on GME?,neutral,-0.022288003396630673,GME,reddit,9,10
2023-01-12,"inverse WSB worked, sold MSFT at the top",negative,-0.4011931146169843,MSFT,reddit,181,1
2024-09-05,if you're not buying BB rn you hate money,positive,0.5374895602464969,BB,reddit,407,16
2023-01-01,"META going to $0, get out while you can",negative,-0.7420951346038263,META,reddit,148,9
2024-03-31,"positions: 100x GOOGL 500c 1/20, wish me luck retards",positive,0.3797487604658582,GOOGL,reddit,264,3
2023-07-08,"this is financial advice, buy BB",positive,0.40701424961311466,BB,reddit,488,17
2024-06-19,if you're not buying AMZN rn you hate money,positive,0.32469661424101043,AMZN,reddit,255,23
2024-11-22,paper trading AMC before going in,neutral,-0.12096203270624586,AMC,reddit,79,28
2023-07-21,apes dont sell 💎🙌 TSLA forever,positive,0.7253448299792977,TSLA,reddit,51,10
2024-10-25,imagine buying AAPL at ATH lmaooo,negative,-0.8349537149651485,AAPL,reddit,15,15
2024-11-06,apes dont sell 💎🙌 MSFT forever,positive,0.4654720090535076,MSFT,reddit,21,27
2023-01-30,if you're not buying AAPL rn you hate money,positive,0.6156255088372258,AAPL,reddit,13,6
2024-09-05,"sold my NVDA bags, finally free",negative,-0.7034817943061381,NVDA,reddit,99,4
2023-08-17,"GOOGL puts printing, bears eating good tonight",negative,-0.7086014586932818,GOOGL,reddit,128,0
2024-06-16,apes dont sell 💎🙌 GME forever,positive,0.5120617986486514,GME,reddit,9,5
2023-10-01,DD: Why BB is going to $1000 🚀,positive,0.6480862914657373,BB,reddit,56,21
2023-07-27,DD: Why GME is going to $1000 🚀,positive,0.6858973439126919,GME,reddit,26,41
2023-01-25,"inverse WSB worked, sold BB at the top",negative,-0.873593047461752,BB,reddit,429,44
2023-03-17,"META squeeze incoming, shorts are fukd",positive,0.5920029698615152,META,reddit,48,24
2023-03-13,"theta gang on TSLA, selling covered calls",neutral,0.16067017066833,TSLA,reddit,20,8
2024-06-11,wife's boyfriend approved my PLTR purchase,positive,0.5899303310760955,PLTR,reddit,8,23
2024-07-22,"MSFT consolidating, waiting for breakout",neutral,0.17319114244651018,MSFT,reddit,254,0
2023-08-21,AAPL tendies printing 🍗🍗🍗,positive,0.38622095529736106,AAPL,reddit,37,29
2023-02-13,"PLTR consolidating, waiting for breakout",neutral,-0.18651377888415663,PLTR,reddit,17,87
2023-09-14,"sold my GOOGL bags, finally free",negative,-0.7725579740333796,GOOGL,reddit,139,51
2024-09-25,"SPY going to $0, get out while you can",negative,-0.4476024234171663,SPY,reddit,68,64
2023-03-04,wife's boyfriend approved my BB purchase,positive,0.7948051390741633,BB,reddit,48,0
2023-09-07,imagine buying AMC at ATH lmaooo,negative,-0.5984029141978022,AMC,reddit,168,24
2024-02-02,"inverse WSB worked, sold GOOGL at the top",negative,-0.7953416336715785,GOOGL,reddit,69,19
2024-05-17,wife's boyfriend approved my PLTR purchase,positive,0.8117301398232863,PLTR,reddit,84,13
2023-09-09,"theta gang on PLTR, selling covered calls",neutral,0.19975848262536539,PLTR,reddit,93,6
2023-01-26,"GUH moment on META, RIP my portfolio",negative,-0.5309320116026963,META,reddit,12,11
2024-01-01,"NVDA consolidating, waiting for breakout",neutral,0.004660129534557134,NVDA,reddit,71,108
2024-08-01,AMZN IV too high for options rn,neutral,-0.16137915449763846,AMZN,reddit,8,18
2024-04-14,PLTR tendies printing 🍗🍗🍗,positive,0.7884224024697497,PLTR,reddit,119,17
2023-07-16,anyone got DD on SPY?,neutral,0.07306216882304806,SPY,reddit,54,5
2023-05-01,"positions: 100x AMC 500c 1/20, wish me luck retards",positive,0.4351775109248968,AMC,reddit,201,36
2023-08-01,"this is financial advice, buy AMC",positive,0.8172074702397825,AMC,reddit,27,21
2024-04-10,"GUH moment on GOOGL, RIP my portfolio",negative,-0.6993322725281486,GOOGL,reddit,24,22
2023-01-17,imagine buying AMZN at ATH lmaooo,negative,-0.47093942185464754,AMZN,reddit,65,8
2023-05-18,"inverse WSB worked, sold META at the top",negative,-0.8697512750897985,META,reddit,13,21
2023-07-24,TSLA IV too high for options rn,neutral,0.038514204507509,TSLA,reddit,10,50
2023-08-18,wife's boyfriend approved my BB purchase,positive,0.7281242077122236,BB,reddit,82,0
2024-01-22,imagine buying TSLA at ATH lmaooo,negative,-0.34086576844277205,TSLA,reddit,22,16
2024-02-20,DD: Why META is going to $1000 🚀,positive,0.3950794699934443,META,reddit,37,19
2023-06-12,apes dont sell 💎🙌 AMC forever,positive,0.533757200212469,AMC,reddit,3,23
2023-08-28,GME IV too high for options rn,neutral,0.0008974296433622853,GME,reddit,53,70
2024-03-29,paper trading AMZN before going in,neutral,0.11449352448272165,AMZN,reddit,53,24
2024-07-07,"BB squeeze incoming, shorts are fukd",positive,0.6415269485583135,BB,reddit,14,26
2024-06-25,loss porn: down 90% on AAPL calls,negative,-0.7241385370321697,AAPL,reddit,1,16
2024-09-20,"inverse WSB worked, sold GOOGL at the top",negative,-0.41080756651562794,GOOGL,reddit,24,21
2024-08-05,"this is financial advice, buy BB",positive,0.499391808665934,BB,reddit,125,41
2023-09-12,imagine buying MSFT at ATH lmaooo,negative,-0.45479967760629236,MSFT,reddit,490,33
2023-04-03,"inverse WSB worked, sold BB at the top",negative,-0.6677008473282575,BB,reddit,97,16
2023-05-12,"positions: 100x BB 500c 1/20, wish me luck retards",positive,0.8828949564922925,BB,reddit,141,22
2023-06-01,bull thesis on MSFT: trust me bro,positive,0.6849234857007604,MSFT,reddit,335,91
2024-03-20,paper trading MSFT before going in,neutral,-0.12604263404622879,MSFT,reddit,198,4
2023-08-05,apes dont sell 💎🙌 PLTR forever,positive,0.561565626542579,PLTR,reddit,82,37
2024-06-12,DD: Why GME is going to $1000 🚀,positive,0.3968547228621409,GME,reddit,10,4
2023-06-23,"YOLO'd my life savings into AMZN calls, cant go tits up",positive,0.5586755447887956,AMZN,reddit,34,12
2024-11-19,"positions: 100x META 500c 1/20, wish me luck retards",positive,0.73767762083862,META,reddit,61,10
2023-10-21,bull thesis on GME: trust me bro,positive,0.8182363725868804,GME,reddit,23,7
2024-02-02,"PLTR puts printing, bears eating good tonight",negative,-0.3605218087792319,PLTR,reddit,200,94
2024-07-27,SPY tendies printing 🍗🍗🍗,positive,0.7970617935435738,SPY,reddit,86,4
2024-03-13,apes dont sell 💎🙌 GME forever,positive,0.3812458046694377,GME,reddit,8,5
2023-12-26,"this is financial advice, buy AMC",positive,0.5283807277743822,AMC,reddit,0,25
2023-01-21,"SPY puts printing, bears eating good tonight",negative,-0.572089574042626,SPY,reddit,536,21
2024-01-29,apes dont sell 💎🙌 GOOGL forever,positive,0.4337237457458232,GOOGL,reddit,61,4
2024-02-07,"positions: 100x AMZN 500c 1/20, wish me luck retards",positive,0.6839016479413066,AMZN,reddit,117,32
2024-02-19,"SPY consolidating, waiting for breakout",neutral,0.019300162977742508,SPY,reddit,264,65
2024-09-01,GME IV too high for options rn,neutral,-0.023389514803709988,GME,reddit,76,100
2023-02-24,"NVDA consolidating, waiting for breakout",neutral,0.1995825250540788,NVDA,reddit,16,44
2023-04-26,"YOLO'd my life savings into PLTR calls, cant go tits up",positive,0.827870970177897,PLTR,reddit,327,4
2024-07-16,apes dont sell 💎🙌 BB forever,positive,0.6303416194125853,BB,reddit,126,4
2023-12-30,wife's boyfriend approved my AAPL purchase,positive,0.8340573323306513,AAPL,reddit,69,5
2023-01-28,"this is financial advice, buy GOOGL",positive,0.8408721188383936,GOOGL,reddit,84,21
2023-10-08,"theta gang on META, selling covered calls",neutral,0.0559503098554292,META,reddit,9,2
2024-11-11,bull thesis on GOOGL: trust me bro,positive,0.6703906194391431,GOOGL,reddit,61,0
2024-03-30,DD: Why TSLA is going to $1000 🚀,positive,0.5810981474939989,TSLA,reddit,88,13
2023-02-12,what's the play on MSFT?,neutral,0.07420370023582368,MSFT,reddit,28,15
2023-12-24,apes dont sell 💎🙌 MSFT forever,positive,0.3432579048881249,MSFT,reddit,117,11
2023-07-19,"theta gang on BB, selling covered calls",neutral,0.0424957229368958,BB,reddit,92,27
2023-08-05,"NVDA squeeze incoming, shorts are fukd",positive,0.4346465119663278,NVDA,reddit,72,6
2024-10-16,"AMC puts printing, bears eating good tonight",negative,-0.8074683536565481,AMC,reddit,34,7
2023-08-17,"this is financial advice, buy MSFT",positive,0.8340504493239742,MSFT,reddit,136,7
2023-01-01,"AMC going to $0, get out while you can",negative,-0.39216358407941754,AMC,reddit,62,6
2023-01-10,loss porn: down 90% on GME calls,negative,-0.34406651950659417,GME,reddit,22,19
2024-02-18,paper trading GOOGL before going in,neutral,0.18173759664277833,GOOGL,reddit,31,12
2023-10-08,if you're not buying AAPL rn you hate money,positive,0.42694748738879174,AAPL,reddit,96,27
2023-12-30,"MSFT squeeze incoming, shorts are fukd",positive,0.3503952401101642,MSFT,reddit,133,19
2024-06-18,"GUH moment on BB, RIP my portfolio",negative,-0.6766114946017789,BB,reddit,27,58
2024-06-03,bull thesis on GOOGL: trust me bro,positive,0.8717475354184276,GOOGL,reddit,65,20
2023-07-17,"BB consolidating, waiting for breakout",neutral,-0.026331044732239434,BB,reddit,69,43
2023-05-08,"GME squeeze incoming, shorts are fukd",positive,0.5357154338552127,GME,reddit,117,10
2024-05-04,paper trading GME before going in,neutral,-0.052979966586431865,GME,reddit,35,0
2024-10-08,DD: Why GOOGL is going to $1000 🚀,positive,0.8811880182651888,GOOGL,reddit,150,8
2023-11-16,paper trading AMZN before going in,neutral,0.17952676514319477,AMZN,reddit,33,27
2024-01-08,"this is financial advice, buy PLTR",positive,0.5524315069942518,PLTR,reddit,1,50
2023-01-30,"MSFT going to $0, get out while you can",negative,-0.6112470469841809,MSFT,reddit,96,6
2024-06-15,"positions: 100x SPY 500c 1/20, wish me luck retards",positive,0.7290598740964904,SPY,reddit,28,49
2023-02-10,"this is financial advice, buy AMC",positive,0.4000745646100356,AMC,reddit,160,32
2024-09-07,"theta gang on MSFT, selling covered calls",neutral,0.07879699842751203,MSFT,reddit,39,61
2023-05-19,"SPY squeeze incoming, shorts are fukd",positive,0.8481027793426057,SPY,reddit,4,12
2024-11-12,"GME puts printing, bears eating good tonight",negative,-0.7460794978251981,GME,reddit,26,17
2023-09-26,"PLTR rug pull, everyone got rekt",negative,-0.3363519180985691,PLTR,reddit,45,26
2023-10-09,"AMC consolidating, waiting for breakout",neutral,-0.06572151370923202,AMC,reddit,4,30
2023-11-26,"NVDA squeeze incoming, shorts are fukd",positive,0.724066136641689,NVDA,reddit,0,18
2024-05-08,"NVDA consolidating, waiting for breakout",neutral,0.044629786001426364,NVDA,reddit,378,14
2024-02-15,"GME squeeze incoming, shorts are fukd",positive,0.6459446724489233,GME,reddit,106,11
2023-12-05,wife's boyfriend approved my AMC purchase,positive,0.6288209643854017,AMC,reddit,86,10
2024-05-03,"BB squeeze incoming, shorts are fukd",positive,0.7625848758154092,BB,reddit,22,25
2023-12-21,"sold my AAPL bags, finally free",negative,-0.6719660921812737,AAPL,reddit,73,16
2023-12-07,what's the play on GOOGL?,neutral,0.0028849156768783746,GOOGL,reddit,35,4
2023-12-31,imagine buying PLTR at ATH lmaooo,negative,-0.3110011796123964,PLTR,reddit,11,15
2023-07-21,TSLA tendies printing 🍗🍗🍗,positive,0.8155208049210962,TSLA,reddit,5,17
2023-02-22,"GME rug pull, everyone got rekt",negative,-0.4951065053796719,GME,reddit,9,17
2024-01-17,"GME squeeze incoming, shorts are fukd",positive,0.7233382542270714,GME,reddit,152,0
2023-01-06,"this is financial advice, buy AAPL",positive,0.7217642960335915,AAPL,reddit,30,23
2023-05-03,"theta gang on AMC, selling covered calls",neutral,-0.08448334306363524,AMC,reddit,52,66
2024-02-29,bull thesis on MSFT: trust me bro,positive,0.6913043948443103,MSFT,reddit,35,19
2023-08-24,apes dont sell 💎🙌 GME forever,positive,0.5296063825949161,GME,reddit,18,21
2024-01-29,apes dont sell 💎🙌 AAPL forever,positive,0.5675084774033319,AAPL,reddit,106,2
2024-11-23,GME IV too high for options rn,neutral,0.03007714690165217,GME,reddit,36,75
2023-05-15,"META going to $0, get out while you can",negative,-0.5380788849661944,META,reddit,25,28
2024-02-27,"GUH moment on MSFT, RIP my portfolio",negative,-0.5667895918931567,MSFT,reddit,12,1
2023-01-15,if you're not buying GOOGL rn you hate money,positive,0.6633319363455823,GOOGL,reddit,30,13
2024-03-12,"AMZN going to $0, get out while you can",negative,-0.5817372967545907,AMZN,reddit,96,5
2023-03-30,anyone got DD on META?,neutral,0.09022123983313346,META,reddit,5,2
2024-05-28,paper trading MSFT before going in,neutral,-0.007187433259191245,MSFT,reddit,25,8
2024-03-12,DD: Why BB is going to $1000 🚀,positive,0.7212682657744818,BB,reddit,371,8
2024-09-04,"sold my NVDA bags, finally free",negative,-0.7430709749839522,NVDA,reddit,144,26
2023-12-24,"PLTR rug pull, everyone got rekt",negative,-0.8817042007341322,PLTR,reddit,19,45
2023-08-21,"theta gang on AMZN, selling covered calls",neutral,0.016398514298497868,AMZN,reddit,310,50
2023-06-17,"inverse WSB worked, sold GOOGL at the top",negative,-0.4280369493916463,GOOGL,reddit,84,57
2024-10-14,"MSFT puts printing, bears eating good tonight",negative,-0.7830997661708824,MSFT,reddit,113,2
2024-03-25,"NVDA squeeze incoming, shorts are fukd",positive,0.816271085463663,NVDA,reddit,193,3
2024-05-16,"inverse WSB worked, sold AMC at the top",negative,-0.82744502918111,AMC,reddit,142,59
2024-07-13,AMC IV too high for options rn,neutral,0.11348924003326433,AMC,reddit,94,20
2024-01-06,PLTR tendies printing 🍗🍗🍗,positive,0.341848833838182,PLTR,reddit,58,3
2024-11-14,"inverse WSB worked, sold AAPL at the top",negative,-0.665583253221977,AAPL,reddit,14,12
2024-01-21,"sold my SPY bags, finally free",negative,-0.5592504627653452,SPY,reddit,49,36
2023-11-27,"inverse WSB worked, sold BB at the top",negative,-0.809755144722651,BB,reddit,45,4
2023-11-08,"positions: 100x AMC 500c 1/20, wish me luck retards",positive,0.40321441126557905,AMC,reddit,56,15
2024-03-01,"SPY consolidating, waiting for breakout",neutral,0.19978735845301454,SPY,reddit,126,15
2023-02-08,"sold my BB bags, finally free",negative,-0.31533979252766753,BB,reddit,43,1
2023-08-29,what's the play on MSFT?,neutral,-0.1523270306717986,MSFT,reddit,95,11
2024-01-30,"GUH moment on PLTR, RIP my portfolio",negative,-0.8691522766886763,PLTR,reddit,79,1
2024-03-27,imagine buying TSLA at ATH lmaooo,negative,-0.6428424433275953,TSLA,reddit,11,26
2023-03-30,"META consolidating, waiting for breakout",neutral,0.12923567239083977,META,reddit,25,58
2023-08-17,"theta gang on GOOGL, selling covered calls",neutral,-0.05236985000875416,GOOGL,reddit,254,9
2023-11-01,wife's boyfriend approved my MSFT purchase,positive,0.8600003340343823,MSFT,reddit,124,3
2023-05-22,"AMZN rug pull, everyone got rekt",negative,-0.35363083290115316,AMZN,reddit,91,25
2023-06-12,apes dont sell 💎🙌 SPY forever,positive,0.685914648414103,SPY,reddit,397,24
2023-05-01,"GME squeeze incoming, shorts are fukd",positive,0.5173098804614118,GME,reddit,90,11
2023-07-18,"theta gang on MSFT, selling covered calls",neutral,0.1303681795064791,MSFT,reddit,14,37
2024-08-13,if you're not buying SPY rn you hate money,positive,0.6100063990019698,SPY,reddit,74,14
2023-06-04,"theta gang on TSLA, selling covered calls",neutral,0.11781645598012624,TSLA,reddit,119,1
2023-07-07,what's the play on TSLA?,neutral,0.162396619772398,TSLA,reddit,0,43
2024-05-16,wife's boyfriend approved my META purchase,positive,0.6160906220929497,META,reddit,33,0
2024-05-29,"positions: 100x NVDA 500c 1/20, wish me luck retards",positive,0.6642409432059753,NVDA,reddit,200,16
2024-05-22,BB IV too high for options rn,neutral,0.1623677659030166,BB,reddit,103,43
2023-03-12,"GOOGL consolidating, waiting for breakout",neutral,-0.08835715830859603,GOOGL,reddit,69,17
2024-05-19,what's the play on GOOGL?,neutral,0.04755157974715335,GOOGL,reddit,157,71
2024-02-21,"inverse WSB worked, sold AMC at the top",negative,-0.33429153292827396,AMC,reddit,49,26
2024-06-19,"YOLO'd my life savings into GOOGL calls, cant go tits up",positive,0.4408280444034013,GOOGL,reddit,88,26
2024-03-11,paper trading AAPL before going in,neutral,0.11749106472816678,AAPL,reddit,4,3
2024-06-22,bull thesis on AMZN: trust me bro,positive,0.6667832972212674,AMZN,reddit,10,12
2024-11-07,"YOLO'd my life savings into SPY calls, cant go tits up",positive,0.6096549007978005,SPY,reddit,43,14
2024-02-01,apes dont sell 💎🙌 GME forever,positive,0.8453487460478852,GME,reddit,103,17
2023-02-11,MSFT tendies printing 🍗🍗🍗,positive,0.3066774534658791,MSFT,reddit,172,12
2024-03-29,loss porn: down 90% on META calls,negative,-0.7206517057683879,META,reddit,64,24
2023-02-12,"GME consolidating, waiting for breakout",neutral,-0.13018280705895002,GME,reddit,90,11
2023-01-25,if you're not buying MSFT rn you hate money,positive,0.6778611093887543,MSFT,reddit,24,39
2024-11-17,bull thesis on GOOGL: trust me bro,positive,0.7714808641886914,GOOGL,reddit,45,18
2023-09-03,"YOLO'd my life savings into PLTR calls, cant go tits up",positive,0.3546483471994162,PLTR,reddit,1,40
2024-01-27,"YOLO'd my life savings into GME calls, cant go tits up",positive,0.5859876255519962,GME,reddit,6,29
2024-05-20,"this is financial advice, buy PLTR",positive,0.412598636133224,PLTR,reddit,48,68
2023-12-04,apes dont sell 💎🙌 META forever,positive,0.3535737462000154,META,reddit,8,0
2023-08-12,if you're not buying TSLA rn you hate money,positive,0.4584524191331101,TSLA,reddit,128,6
2024-08-02,AMZN IV too high for options rn,neutral,-0.1742336058328655,AMZN,reddit,157,6
2023-09-10,AMZN tendies printing 🍗🍗🍗,positive,0.7343155072094028,AMZN,reddit,237,4
2024-01-15,bull thesis on SPY: trust me bro,positive,0.7498450552393597,SPY,reddit,9,24
2024-09-02,"YOLO'd my life savings into SPY calls, cant go tits up",positive,0.7047033955156179,SPY,reddit,62,40
2024-01-21,"inverse WSB worked, sold META at the top",negative,-0.7283839960109681,META,reddit,306,14
2023-11-14,"AMZN squeeze incoming, shorts are fukd",positive,0.3828598323012687,AMZN,reddit,226,2
2024-03-14,"sold my AMZN bags, finally free",negative,-0.7020529298793254,AMZN,reddit,137,6
2023-10-22,"META rug pull, everyone got rekt",negative,-0.558504082640016,META,reddit,64,16
2024-07-31,"this is financial advice, buy GOOGL",positive,0.5050261410414065,GOOGL,reddit,36,27
2024-05-26,"inverse WSB worked, sold PLTR at the top",negative,-0.6427140563487073,PLTR,reddit,82,7
2023-04-14,"sold my GME bags, finally free",negative,-0.4107959826399242,GME,reddit,23,7
2023-08-28,imagine buying META at ATH lmaooo,negative,-0.5656811833423865,META,reddit,5,8
2023-12-10,if you're not buying SPY rn you hate money,positive,0.4992985873415198,SPY,reddit,24,4
2023-07-05,"GUH moment on BB, RIP my portfolio",negative,-0.3385089136482474,BB,reddit,135,30
2023-01-15,"GME going to $0, get out while you can",negative,-0.4973524895068285,GME,reddit,170,18
2024-09-26,"AMC rug pull, everyone got rekt",negative,-0.8384331282989759,AMC,reddit,142,0
2023-07-20,GME tendies printing 🍗🍗🍗,positive,0.39492212898563867,GME,reddit,28,2
2024-01-31,wife's boyfriend approved my AAPL purchase,positive,0.5500807492852027,AAPL,reddit,8,19
2024-09-01,"positions: 100x GOOGL 500c 1/20, wish me luck retards",positive,0.643490559421202,GOOGL,reddit,259,10
2023-03-11,"YOLO'd my life savings into GME calls, cant go tits up",positive,0.4136844683196366,GME,reddit,106,77
2023-03-18,DD: Why SPY is going to $1000 🚀,positive,0.7621700960963933,SPY,reddit,88,21
2024-06-21,"BB squeeze incoming, shorts are fukd",positive,0.8850765885232006,BB,reddit,100,25
2023-09-13,MSFT tendies printing 🍗🍗🍗,positive,0.7088737369650436,MSFT,reddit,3,13
2023-11-21,apes dont sell 💎🙌 BB forever,positive,0.8837700118333895,BB,reddit,48,15
2023-09-16,paper trading GOOGL before going in,neutral,-0.023419706583999667,GOOGL,reddit,593,18
2024-07-06,TSLA tendies printing 🍗🍗🍗,positive,0.39536204170295447,TSLA,reddit,72,19
2023-12-07,"NVDA rug pull, everyone got rekt",negative,-0.652304778124566,NVDA,reddit,14,41
2023-10-04,"theta gang on SPY, selling covered calls",neutral,-0.11392485450171619,SPY,reddit,116,6
2024-03-06,imagine buying MSFT at ATH lmaooo,negative,-0.3577363543029264,MSFT,reddit,69,7
2023-01-09,"this is financial advice, buy NVDA",positive,0.47521357757074745,NVDA,reddit,30,25
2024-03-10,bull thesis on AMC: trust me bro,positive,0.8567490953499011,AMC,reddit,92,6
2024-05-06,"positions: 100x META 500c 1/20, wish me luck retards",positive,0.48910447109907784,META,reddit,53,1
2023-12-24,"SPY squeeze incoming, shorts are fukd",positive,0.33189975142612455,SPY,reddit,58,18
2024-08-22,SPY IV too high for options rn,neutral,-0.014900660710633895,SPY,reddit,21,25
2024-03-08,bull thesis on AMZN: trust me bro,positive,0.5399881082182687,AMZN,reddit,88,5
2024-04-02,"AAPL squeeze incoming, shorts are fukd",positive,0.7413352400600624,AAPL,reddit,135,1
2023-03-15,"AMC squeeze incoming, shorts are fukd",positive,0.8172584740349442,AMC,reddit,142,43
2023-07-12,GME IV too high for options rn,neutral,-0.12135931877219433,GME,reddit,294,0
2023-12-16,"positions: 100x GOOGL 500c 1/20, wish me luck retards",positive,0.4162547392674789,GOOGL,reddit,14,19
2023-08-21,"positions: 100x MSFT 500c 1/20, wish me luck retards",positive,0.7103291158038629,MSFT,reddit,2,9
2023-01-16,bull thesis on GME: trust me bro,positive,0.7709975153560356,GME,reddit,120,38
2024-09-10,"positions: 100x AMZN 500c 1/20, wish me luck retards",positive,0.46358480846981154,AMZN,reddit,62,50
2024-04-28,paper trading AMC before going in,neutral,-0.12611364197649483,AMC,reddit,82,41
2024-05-14,anyone got DD on GME?,neutral,0.04337271924430622,GME,reddit,447,47
2024-03-05,"PLTR puts printing, bears eating good tonight",negative,-0.6126554386788519,PLTR,reddit,18,21
2023-05-31,AMZN tendies printing 🍗🍗🍗,positive,0.728242063671155,AMZN,reddit,48,20
2024-03-25,"positions: 100x META 500c 1/20, wish me luck retards",positive,0.33332187735641494,META,reddit,335,18
2024-02-15,"GME going to $0, get out while you can",negative,-0.5310088923983314,GME,reddit,31,18
2024-07-26,paper trading META before going in,neutral,-0.18880884421869626,META,reddit,277,4
2023-03-19,"sold my TSLA bags, finally free",negative,-0.8594642589984198,TSLA,reddit,46,6
2023-02-03,if you're not buying AMZN rn you hate money,positive,0.7243990313023112,AMZN,reddit,182,0
2024-03-12,"sold my GOOGL bags, finally free",negative,-0.4185832965915922,GOOGL,reddit,71,10
2024-01-16,"GUH moment on AMZN, RIP my portfolio",negative,-0.5050513839880515,AMZN,reddit,119,92
2024-09-19,wife's boyfriend approved my AMZN purchase,positive,0.837296869072089,AMZN,reddit,52,25
2023-04-30,"SPY consolidating, waiting for breakout",neutral,-0.15825508089958143,SPY,reddit,23,12
2024-02-14,"theta gang on AAPL, selling covered calls",neutral,-0.12560563240927697,AAPL,reddit,0,24
2023-03-27,NVDA tendies printing 🍗🍗🍗,positive,0.46339560748646397,NVDA,reddit,182,17
2023-04-12,"AMC going to $0, get out while you can",negative,-0.6402109341663542,AMC,reddit,76,27
2024-09-26,what's the play on SPY?,neutral,-0.016504597308886926,SPY,reddit,127,6
2024-07-13,paper trading GME before going in,neutral,0.1291060028991448,GME,reddit,139,38
2023-01-28,anyone got DD on NVDA?,neutral,-0.031242428278781598,NVDA,reddit,198,1
2024-05-08,"theta gang on AAPL, selling covered calls",neutral,-0.1697836801523244,AAPL,reddit,51,9
2024-05-25,"positions: 100x AMC 500c 1/20, wish me luck retards",positive,0.7025827676598295,AMC,reddit,18,4
2023-07-14,"inverse WSB worked, sold AMZN at the top",negative,-0.5083773867964578,AMZN,reddit,50,18
2024-02-14,"AAPL squeeze incoming, shorts are fukd",positive,0.5534327375950966,AAPL,reddit,50,3
2023-09-28,imagine buying PLTR at ATH lmaooo,negative,-0.3227081542343291,PLTR,reddit,88,36
2024-01-19,"AMC puts printing, bears eating good tonight",negative,-0.33560977978070017,AMC,reddit,227,4
2023-01-26,DD: Why MSFT is going to $1000 🚀,positive,0.506651758851602,MSFT,reddit,51,28
2023-03-24,"positions: 100x TSLA 500c 1/20, wish me luck retards",positive,0.5735360319622504,TSLA,reddit,0,0
2024-05-02,"GOOGL squeeze incoming, shorts are fukd",positive,0.3126903471977175,GOOGL,reddit,103,8
2024-11-14,"positions: 100x AAPL 500c 1/20, wish me luck retards",positive,0.4349722790839757,AAPL,reddit,94,5
2024-04-16,"TSLA puts printing, bears eating good tonight",negative,-0.7041899978129513,TSLA,reddit,77,37
2024-09-09,"this is financial advice, buy TSLA",positive,0.758725349966923,TSLA,reddit,23,16
2024-05-08,"AMZN rug pull, everyone got rekt",negative,-0.4689388133199985,AMZN,reddit,90,9
2023-01-25,DD: Why TSLA is going to $1000 🚀,positive,0.3235415505157292,TSLA,reddit,134,4
2023-04-28,loss porn: down 90% on PLTR calls,negative,-0.5260964123612064,PLTR,reddit,84,14
2023-09-06,DD: Why GME is going to $1000 🚀,positive,0.8619331893795541,GME,reddit,220,25
2024-06-06,apes dont sell 💎🙌 AAPL forever,positive,0.8156831273638354,AAPL,reddit,60,11
2023-08-22,"this is financial advice, buy TSLA",positive,0.5982667315878063,TSLA,reddit,36,13
2024-07-19,paper trading TSLA before going in,neutral,-0.1237693128832404,TSLA,reddit,130,7
2023-08-01,"this is financial advice, buy NVDA",positive,0.7586622982003624,NVDA,reddit,54,2
2024-04-25,imagine buying GOOGL at ATH lmaooo,negative,-0.8164168176360331,GOOGL,reddit,150,13
2024-04-13,apes dont sell 💎🙌 BB forever,positive,0.5010310482904292,BB,reddit,32,4
2024-07-12,"positions: 100x BB 500c 1/20, wish me luck retards",positive,0.6848790693842584,BB,reddit,4,19
2024-08-06,"GME going to $0, get out while you can",negative,-0.6589275323174751,GME,reddit,177,17
2023-12-17,bull thesis on NVDA: trust me bro,positive,0.7444865255987898,NVDA,reddit,34,11
2023-03-05,"this is financial advice, buy PLTR",positive,0.8760670632499934,PLTR,reddit,115,20
2024-06-10,"PLTR consolidating, waiting for breakout",neutral,0.17445924223557807,PLTR,reddit,15,26
2023-02-08,"this is financial advice, buy AAPL",positive,0.8556450678416503,AAPL,reddit,55,71
2023-06-08,loss porn: down 90% on GOOGL calls,negative,-0.37504429183585797,GOOGL,reddit,23,47
2024-03-21,"PLTR puts printing, bears eating good tonight",negative,-0.41624719993197434,PLTR,reddit,1,129
2024-09-26,META IV too high for options rn,neutral,0.19667499447829606,META,reddit,49,10
2024-03-30,bull thesis on MSFT: trust me bro,positive,0.7376304633798854,MSFT,reddit,25,1
2023-05-03,"AMC going to $0, get out while you can",negative,-0.6683220860387526,AMC,reddit,194,23
2023-08-23,bull thesis on NVDA: trust me bro,positive,0.3555345615858869,NVDA,reddit,18,16
2024-06-24,"inverse WSB worked, sold GME at the top",negative,-0.5134630686622079,GME,reddit,94,10
2023-04-21,MSFT IV too high for options rn,neutral,-0.176525505886476,MSFT,reddit,11,54
2024-04-19,"positions: 100x BB 500c 1/20, wish me luck retards",positive,0.6238943407931068,BB,reddit,47,6
2023-10-19,"MSFT puts printing, bears eating good tonight",negative,-0.852385138851977,MSFT,reddit,49,22
2023-04-16,anyone got DD on SPY?,neutral,-0.10674889312844754,SPY,reddit,8,30
2024-01-23,"AMZN squeeze incoming, shorts are fukd",positive,0.673790319430628,AMZN,reddit,5,80
2023-07-07,wife's boyfriend approved my META purchase,positive,0.432652188122988,META,reddit,188,9
2024-08-01,paper trading BB before going in,neutral,-0.19303096878406875,BB,reddit,83,6
2023-05-09,anyone got DD on BB?,neutral,0.16303628909849488,BB,reddit,52,30
2024-02-23,"AMZN puts printing, bears eating good tonight",negative,-0.7906880360384173,AMZN,reddit,28,48
2024-09-11,GOOGL tendies printing 🍗🍗🍗,positive,0.35367997688838326,GOOGL,reddit,122,56
2023-12-10,"this is financial advice, buy SPY",positive,0.7899315753812162,SPY,reddit,49,5
2023-06-20,bull thesis on SPY: trust me bro,positive,0.7388479905556171,SPY,reddit,26,14
2023-09-15,"inverse WSB worked, sold NVDA at the top",negative,-0.4431940500494521,NVDA,reddit,44,0
2024-06-20,"inverse WSB worked, sold META at the top",negative,-0.3509443209449423,META,reddit,17,6
2023-02-22,apes dont sell 💎🙌 META forever,positive,0.4240716772527838,META,reddit,77,47
2024-01-15,bull thesis on BB: trust me bro,positive,0.34661587270578614,BB,reddit,210,40
2023-03-13,"AAPL squeeze incoming, shorts are fukd",positive,0.5403441068391124,AAPL,reddit,332,2
2024-01-30,bull thesis on GOOGL: trust me bro,positive,0.621227666095618,GOOGL,reddit,28,25
2023-02-12,imagine buying NVDA at ATH lmaooo,negative,-0.6731382794431789,NVDA,reddit,28,11
2023-03-04,"BB rug pull, everyone got rekt",negative,-0.3700239094161729,BB,reddit,74,21
2024-04-18,imagine buying MSFT at ATH lmaooo,negative,-0.5587806555652126,MSFT,reddit,72,33
2023-09-29,anyone got DD on AAPL?,neutral,0.19095424549030166,AAPL,reddit,86,3
2023-12-10,"GOOGL consolidating, waiting for breakout",neutral,0.05760861134453876,GOOGL,reddit,32,3
2023-10-20,"AMZN consolidating, waiting for breakout",neutral,-0.11767034498897365,AMZN,reddit,140,0
2024-09-09,wife's boyfriend approved my SPY purchase,positive,0.6547540893880267,SPY,reddit,40,35
2023-08-18,"YOLO'd my life savings into MSFT calls, cant go tits up",positive,0.8664992117823933,MSFT,reddit,22,7
2023-05-02,anyone got DD on NVDA?,neutral,0.10621659705170738,NVDA,reddit,140,6
2023-12-09,bull thesis on TSLA: trust me bro,positive,0.6217456010077613,TSLA,reddit,270,13
2023-03-30,"NVDA consolidating, waiting for breakout",neutral,-0.14092990891104493,NVDA,reddit,50,15
2024-05-27,what's the play on SPY?,neutral,0.039029228317963405,SPY,reddit,105,14
2023-07-15,apes dont sell 💎🙌 AAPL forever,positive,0.6180882909299041,AAPL,reddit,48,5
2023-10-09,"positions: 100x MSFT 500c 1/20, wish me luck retards",positive,0.8159454322748849,MSFT,reddit,123,2
2023-06-15,"positions: 100x META 500c 1/20, wish me luck retards",positive,0.8597760879926768,META,reddit,91,16
2023-10-07,"SPY rug pull, everyone got rekt",negative,-0.44730046637862897,SPY,reddit,29,3
2023-09-02,"GUH moment on GOOGL, RIP my portfolio",negative,-0.5638575253922836,GOOGL,reddit,95,8
2024-02-07,PLTR IV too high for options rn,neutral,-0.12450742789198298,PLTR,reddit,88,32
2024-08-21,"inverse WSB worked, sold NVDA at the top",negative,-0.6292425671311404,NVDA,reddit,81,12
2024-05-30,bull thesis on AMC: trust me bro,positive,0.6062898520810691,AMC,reddit,378,21
2023-10-26,"this is financial advice, buy SPY",positive,0.6116913571494811,SPY,reddit,124,4
2024-02-27,"sold my BB bags, finally free",negative,-0.5170729219952898,BB,reddit,151,7
2023-01-16,anyone got DD on NVDA?,neutral,-0.16573781604929266,NVDA,reddit,248,18
2023-01-27,"MSFT puts printing, bears eating good tonight",negative,-0.8651156397766748,MSFT,reddit,98,15
2024-04-14,DD: Why AMC is going to $1000 🚀,positive,0.32992522023449317,AMC,reddit,80,7
2023-02-17,TSLA tendies printing 🍗🍗🍗,positive,0.8532815814468642,TSLA,reddit,183,58
2024-09-04,"theta gang on TSLA, selling covered calls",neutral,0.01854544721150883,TSLA,reddit,82,13
2024-07-06,wife's boyfriend approved my SPY purchase,positive,0.7125917656577224,SPY,reddit,114,19
2024-11-04,"inverse WSB worked, sold BB at the top",negative,-0.402205273182459,BB,reddit,13,13
2023-08-27,"SPY rug pull, everyone got rekt",negative,-0.3409995837832236,SPY,reddit,15,20
2024-05-16,"this is financial advice, buy AAPL",positive,0.7425553659439001,AAPL,reddit,100,40
2023-09-06,loss porn: down 90% on GOOGL calls,negative,-0.4969273891836576,GOOGL,reddit,21,51
2024-04-11,AMZN tendies printing 🍗🍗🍗,positive,0.5649106867245909,AMZN,reddit,4,6
2024-05-12,if you're not buying MSFT rn you hate money,positive,0.41242321362559153,MSFT,reddit,61,26
2023-02-09,apes dont sell 💎🙌 AAPL forever,positive,0.79955546946086,AAPL,reddit,85,5
2023-08-24,loss porn: down 90% on NVDA calls,negative,-0.7821248508414141,NVDA,reddit,0,20
2024-08-29,"BB consolidating, waiting for breakout",neutral,0.13315258729957485,BB,reddit,64,1
2024-03-21,TSLA tendies printing 🍗🍗🍗,positive,0.5960194580066024,TSLA,reddit,208,2
2024-01-03,"this is financial advice, buy GME",positive,0.5411358276039538,GME,reddit,78,3
2023-05-08,"SPY squeeze incoming, shorts are fukd",positive,0.7242572050125098,SPY,reddit,2,1
2024-03-25,if you're not buying GOOGL rn you hate money,positive,0.3104093222549342,GOOGL,reddit,98,9
2024-10-19,GOOGL IV too high for options rn,neutral,0.08386838133147922,GOOGL,reddit,169,1
2023-05-26,"PLTR puts printing, bears eating good tonight",negative,-0.8340396647001678,PLTR,reddit,190,1
2023-04-30,loss porn: down 90% on GME calls,negative,-0.5857422332373003,GME,reddit,269,1
2023-10-19,"PLTR squeeze incoming, shorts are fukd",positive,0.7316758297541899,PLTR,reddit,48,14
2023-07-08,NVDA tendies printing 🍗🍗🍗,positive,0.32019189044253954,NVDA,reddit,5,14
2023-10-25,"theta gang on MSFT, selling covered calls",neutral,0.19470813761033684,MSFT,reddit,1,10
2023-04-30,imagine buying BB at ATH lmaooo,negative,-0.6722504301381751,BB,reddit,138,5
2024-01-03,GOOGL tendies printing 🍗🍗🍗,positive,0.4004500202221106,GOOGL,reddit,404,14
2023-05-31,"YOLO'd my life savings into PLTR calls, cant go tits up",positive,0.6524165226618743,PLTR,reddit,175,6
2024-09-03,anyone got DD on TSLA?,neutral,-0.09715473210965367,TSLA,reddit,31,23
2023-08-14,if you're not buying MSFT rn you hate money,positive,0.7236766971489876,MSFT,reddit,42,16
2023-04-19,paper trading AMZN before going in,neutral,0.18933578582629884,AMZN,reddit,97,4
2023-05-30,what's the play on GME?,neutral,0.032874437188706696,GME,reddit,256,10
2024-10-03,anyone got DD on AMC?,neutral,0.07752647260719608,AMC,reddit,67,7
2024-02-08,"GOOGL squeeze incoming, shorts are fukd",positive,0.522295632257731,GOOGL,reddit,8,17
2023-09-15,wife's boyfriend approved my GME purchase,positive,0.8756595810631502,GME,reddit,204,53
2024-10-31,META IV too high for options rn,neutral,0.051485064122808955,META,reddit,48,7
2024-04-14,"BB puts printing, bears eating good tonight",negative,-0.8335318159797119,BB,reddit,19,91
2024-08-20,"sold my AMZN bags, finally free",negative,-0.8503096139275241,AMZN,reddit,48,45
2023-07-14,"inverse WSB worked, sold PLTR at the top",negative,-0.47876336659864527,PLTR,reddit,116,31
2024-11-18,"AMZN rug pull, everyone got rekt",negative,-0.8447970562247451,AMZN,reddit,29,5
2023-02-15,anyone got DD on BB?,neutral,-0.0394358831554423,BB,reddit,11,3
2024-07-30,"PLTR squeeze incoming, shorts are fukd",positive,0.613971802212049,PLTR,reddit,21,32
2023-11-28,"theta gang on SPY, selling covered calls",neutral,-0.10984564886397359,SPY,reddit,84,4
2024-01-04,what's the play on AMZN?,neutral,-0.013640203838742704,AMZN,reddit,28,1
2024-08-24,imagine buying AMZN at ATH lmaooo,negative,-0.8969030661772418,AMZN,reddit,41,7
2024-09-24,"MSFT squeeze incoming, shorts are fukd",positive,0.5684598241217746,MSFT,reddit,124,42
2023-05-10,apes dont sell 💎🙌 PLTR forever,positive,0.6798229751055108,PLTR,reddit,126,7
2023-03-26,imagine buying PLTR at ATH lmaooo,negative,-0.7812087559018513,PLTR,reddit,107,4
2024-05-23,"theta gang on GME, selling covered calls",neutral,-0.10453696161035411,GME,reddit,196,49
2023-03-22,paper trading NVDA before going in,neutral,-0.16943805483394186,NVDA,reddit,4,10
2024-04-27,"this is financial advice, buy BB",positive,0.44329380389007944,BB,reddit,128,15
2024-07-16,imagine buying PLTR at ATH lmaooo,negative,-0.7001174024597985,PLTR,reddit,43,26
2024-01-01,"this is financial advice, buy MSFT",positive,0.6469480148505378,MSFT,reddit,54,12
2023-07-12,"inverse WSB worked, sold AAPL at the top",negative,-0.861176115676722,AAPL,reddit,14,8
2024-04-23,"AMC going to $0, get out while you can",negative,-0.8199228471108655,AMC,reddit,41,12
2023-02-18,"sold my AMZN bags, finally free",negative,-0.8108574789267919,AMZN,reddit,36,15
2024-01-31,"MSFT consolidating, waiting for breakout",neutral,0.16536794799645643,MSFT,reddit,226,10
2023-02-26,MSFT tendies printing 🍗🍗🍗,positive,0.8277947506551107,MSFT,reddit,304,8
2024-06-02,paper trading META before going in,neutral,0.14906148275716274,META,reddit,73,13
2023-10-18,bull thesis on NVDA: trust me bro,positive,0.7848354029501636,NVDA,reddit,64,44
2024-02-04,"AMZN puts printing, bears eating good tonight",negative,-0.4258378335938941,AMZN,reddit,76,17
2023-08-16,paper trading MSFT before going in,neutral,-0.09087232871553841,MSFT,reddit,75,45
2023-04-28,"META rug pull, everyone got rekt",negative,-0.4391607806643315,META,reddit,6,13
2023-04-20,AMZN IV too high for options rn,neutral,0.10165864137628405,AMZN,reddit,59,9
2023-02-25,wife's boyfriend approved my TSLA purchase,positive,0.623807499990066,TSLA,reddit,84,62
2023-07-07,"PLTR squeeze incoming, shorts are fukd",positive,0.3062009802963325,PLTR,reddit,117,10
2023-06-14,apes dont sell 💎🙌 PLTR forever,positive,0.46454657951149864,PLTR,reddit,197,5
2023-12-30,"NVDA consolidating, waiting for breakout",neutral,0.06627351024655881,NVDA,reddit,87,19
2023-08-01,if you're not buying SPY rn you hate money,positive,0.5944924936302611,SPY,reddit,315,70
2023-04-05,"SPY rug pull, everyone got rekt",negative,-0.8646967005071988,SPY,reddit,179,5
2024-09-10,loss porn: down 90% on MSFT calls,negative,-0.5057678673497736,MSFT,reddit,51,19
2024-07-18,"AMC rug pull, everyone got rekt",negative,-0.7531598593754135,AMC,reddit,41,12
2023-10-09,"sold my AMZN bags, finally free",negative,-0.3090405132160553,AMZN,reddit,1,27
2023-09-25,loss porn: down 90% on SPY calls,negative,-0.43117782881187267,SPY,reddit,23,5
2023-08-17,bull thesis on MSFT: trust me bro,positive,0.36391481439219725,MSFT,reddit,31,2
2023-10-09,"AAPL going to $0, get out while you can",negative,-0.8634810976274903,AAPL,reddit,160,21
2024-05-08,bull thesis on TSLA: trust me bro,positive,0.47619024647996533,TSLA,reddit,14,27
2023-11-17,"GME rug pull, everyone got rekt",negative,-0.7140525724861603,GME,reddit,24,48
2023-06-11,DD: Why META is going to $1000 🚀,positive,0.38646239981571734,META,reddit,149,10
2023-07-10,"theta gang on BB, selling covered calls",neutral,-0.07116189708997386,BB,reddit,108,5
2024-06-05,"META consolidating, waiting for breakout",neutral,-0.1377117868788863,META,reddit,42,54
2023-07-28,NVDA tendies printing 🍗🍗🍗,positive,0.7069763726340502,NVDA,reddit,39,8
2023-08-31,anyone got DD on MSFT?,neutral,0.061931880528550254,MSFT,reddit,21,22
2024-08-03,"NVDA puts printing, bears eating good tonight",negative,-0.5910985968007437,NVDA,reddit,98,59
2023-07-13,"positions: 100x SPY 500c 1/20, wish me luck retards",positive,0.6013405117996194,SPY,reddit,207,53
2024-08-23,DD: Why TSLA is going to $1000 🚀,positive,0.5711561269204457,TSLA,reddit,63,21
2024-07-01,"BB going to $0, get out while you can",negative,-0.4329629093020243,BB,reddit,12,28
2023-11-02,what's the play on GME?,neutral,0.09235039048649707,GME,reddit,11,12
2024-04-02,"inverse WSB worked, sold MSFT at the top",negative,-0.6168319538779665,MSFT,reddit,97,14
2023-10-17,anyone got DD on BB?,neutral,-0.15682668352244,BB,reddit,7,12
2023-02-10,"AAPL puts printing, bears eating good tonight",negative,-0.41851977584918987,AAPL,reddit,20,16
2023-03-24,"positions: 100x AAPL 500c 1/20, wish me luck retards",positive,0.6291276816486252,AAPL,reddit,477,8
2023-12-30,paper trading GME before going in,neutral,0.10280186839323902,GME,reddit,20,30
2023-02-23,META IV too high for options rn,neutral,0.058313585258725986,META,reddit,88,2
2024-09-23,"NVDA going to $0, get out while you can",negative,-0.6719610212624281,NVDA,reddit,35,13
2024-11-10,wife's boyfriend approved my SPY purchase,positive,0.7072404854043641,SPY,reddit,56,21
2023-12-01,"sold my TSLA bags, finally free",negative,-0.3126314126062062,TSLA,reddit,45,11
2023-09-29,wife's boyfriend approved my AMZN purchase,positive,0.66162653126429,AMZN,reddit,17,7
2024-04-12,"GOOGL consolidating, waiting for breakout",neutral,-0.057435368962800076,GOOGL,reddit,297,33
2023-12-21,loss porn: down 90% on GME calls,negative,-0.5269983624571803,GME,reddit,5,16
2024-01-08,what's the play on BB?,neutral,0.11251474740085937,BB,reddit,124,3
2024-03-12,"SPY consolidating, waiting for breakout",neutral,-0.05318321683770161,SPY,reddit,92,1
2023-12-08,"TSLA consolidating, waiting for breakout",neutral,-0.13458982185385338,TSLA,reddit,154,0
2024-10-29,"GUH moment on GOOGL, RIP my portfolio",negative,-0.48319825917341636,GOOGL,reddit,90,40
2023-08-22,imagine buying NVDA at ATH lmaooo,negative,-0.722552069880083,NVDA,reddit,261,5
2024-08-09,anyone got DD on AMC?,neutral,-0.13529223454486228,AMC,reddit,8,19
2023-07-24,"this is financial advice, buy PLTR",positive,0.8403798935447673,PLTR,reddit,85,7
2024-11-09,"this is financial advice, buy AMZN",positive,0.7119825890089542,AMZN,reddit,22,3
2024-09-23,"AAPL puts printing, bears eating good tonight",negative,-0.7041718057838804,AAPL,reddit,48,28
2024-04-22,imagine buying PLTR at ATH lmaooo,negative,-0.32956703848232094,PLTR,reddit,14,15
2023-04-04,"YOLO'd my life savings into NVDA calls, cant go tits up",positive,0.6706772494462183,NVDA,reddit,29,44
2023-03-19,wife's boyfriend approved my AMZN purchase,positive,0.31110678768127226,AMZN,reddit,22,7
2024-05-21,"TSLA rug pull, everyone got rekt",negative,-0.8157419964711562,TSLA,reddit,25,13
2023-06-07,paper trading SPY before going in,neutral,-0.14988765382584598,SPY,reddit,1,20
2024-10-25,DD: Why PLTR is going to $1000 🚀,positive,0.639231587610117,PLTR,reddit,62,27
2023-08-18,"TSLA rug pull, everyone got rekt",negative,-0.348784420196382,TSLA,reddit,22,19
2024-03-25,"positions: 100x PLTR 500c 1/20, wish me luck retards",positive,0.7976008345525546,PLTR,reddit,187,5
2023-02-22,"this is financial advice, buy META",positive,0.3556534764337866,META,reddit,66,34
2024-04-27,"sold my TSLA bags, finally free",negative,-0.5083590506670079,TSLA,reddit,57,147
2024-04-23,"GUH moment on TSLA, RIP my portfolio",negative,-0.7056997900867036,TSLA,reddit,66,3
2024-10-23,"META puts printing, bears eating good tonight",negative,-0.8927796787553106,META,reddit,58,11
2023-09-26,"NVDA rug pull, everyone got rekt",negative,-0.5136998961471192,NVDA,reddit,5,7
2024-11-24,loss porn: down 90% on TSLA calls,negative,-0.7621084879104205,TSLA,reddit,105,31
2023-08-02,"AMZN going to $0, get out while you can",negative,-0.42606366481704383,AMZN,reddit,144,18
2023-10-30,AAPL tendies printing 🍗🍗🍗,positive,0.5933914447896238,AAPL,reddit,224,22
2023-10-11,"positions: 100x AMC 500c 1/20, wish me luck retards",positive,0.3344689011028047,AMC,reddit,88,20
2023-03-20,"META going to $0, get out while you can",negative,-0.6274585967568211,META,reddit,13,22
2024-07-17,"positions: 100x GME 500c 1/20, wish me luck retards",positive,0.34070585089244854,GME,reddit,81,22
2023-04-06,"this is financial advice, buy AMZN",positive,0.8705170067299055,AMZN,reddit,20,8
2023-07-29,"SPY squeeze incoming, shorts are fukd",positive,0.8755781900442292,SPY,reddit,38,17
2024-06-25,"sold my META bags, finally free",negative,-0.7086222797630142,META,reddit,14,8
2023-06-11,MSFT IV too high for options rn,neutral,-0.13992551129359196,MSFT,reddit,155,8
2023-02-22,DD: Why AAPL is going to $1000 🚀,positive,0.8702800828863257,AAPL,reddit,210,6
2024-04-09,wife's boyfriend approved my BB purchase,positive,0.495694412475003,BB,reddit,140,6
2024-09-29,"GME squeeze incoming, shorts are fukd",positive,0.6714773102259533,GME,reddit,13,6
2024-11-24,wife's boyfriend approved my BB purchase,positive,0.5487496565127356,BB,reddit,19,72
2024-03-30,paper trading MSFT before going in,neutral,0.062424724135317855,MSFT,reddit,10,17
2024-01-24,"GUH moment on GME, RIP my portfolio",negative,-0.8839064434222408,GME,reddit,108,14
2023-05-15,"inverse WSB worked, sold TSLA at the top",negative,-0.820012930576144,TSLA,reddit,20,44
2023-01-21,"SPY rug pull, everyone got rekt",negative,-0.7171303253568873,SPY,reddit,120,4
2023-01-25,"YOLO'd my life savings into PLTR calls, cant go tits up",positive,0.8215922077399505,PLTR,reddit,55,12
2024-11-20,"GME consolidating, waiting for breakout",neutral,-0.1377624636086217,GME,reddit,42,46
2023-11-30,"NVDA going to $0, get out while you can",negative,-0.4749436101483771,NVDA,reddit,192,24
2023-12-21,paper trading SPY before going in,neutral,0.042816049458473726,SPY,reddit,3,2
2024-07-31,anyone got DD on PLTR?,neutral,0.196152560707127,PLTR,reddit,1,51
2024-01-11,"this is financial advice, buy BB",positive,0.7722734681002352,BB,reddit,107,9
2023-05-03,"inverse WSB worked, sold AAPL at the top",negative,-0.7854722741878204,AAPL,reddit,195,11
2024-03-29,"theta gang on BB, selling covered calls",neutral,-0.1120317946022246,BB,reddit,111,6
2024-06-22,apes dont sell 💎🙌 PLTR forever,positive,0.49769973324358463,PLTR,reddit,152,7
2024-09-14,"positions: 100x GME 500c 1/20, wish me luck retards",positive,0.6843376666223611,GME,reddit,175,1
2023-11-16,"GUH moment on AMZN, RIP my portfolio",negative,-0.8153913373993451,AMZN,reddit,21,4
2023-09-20,anyone got DD on PLTR?,neutral,0.14988764467720095,PLTR,reddit,241,1
2024-10-15,"theta gang on GOOGL, selling covered calls",neutral,-0.028697997494290195,GOOGL,reddit,16,20
2023-02-15,"positions: 100x AMC 500c 1/20, wish me luck retards",positive,0.4882636493271354,AMC,reddit,27,4
2023-07-19,"sold my GME bags, finally free",negative,-0.62963497363741,GME,reddit,90,5
2024-08-02,apes dont sell 💎🙌 AAPL forever,positive,0.5594263377335726,AAPL,reddit,71,4
2024-09-13,imagine buying SPY at ATH lmaooo,negative,-0.7772297602366128,SPY,reddit,177,1
2023-06-02,loss porn: down 90% on PLTR calls,negative,-0.8554629133221457,PLTR,reddit,48,5
2023-02-15,if you're not buying AAPL rn you hate money,positive,0.7205799412662213,AAPL,reddit,28,5
2023-04-30,DD: Why TSLA is going to $1000 🚀,positive,0.3043196978068055,TSLA,reddit,39,10
2023-05-20,"GUH moment on BB, RIP my portfolio",negative,-0.3530141830010003,BB,reddit,27,3
2023-12-09,"positions: 100x GOOGL 500c 1/20, wish me luck retards",positive,0.5618860833844512,GOOGL,reddit,120,15
2023-11-03,paper trading MSFT before going in,neutral,-0.0038157036099766284,MSFT,reddit,169,14
2023-12-23,"YOLO'd my life savings into AAPL calls, cant go tits up",positive,0.6350918345303922,AAPL,reddit,23,13
2023-08-07,"GUH moment on META, RIP my portfolio",negative,-0.638104325187145,META,reddit,1,0
2023-04-29,"GOOGL consolidating, waiting for breakout",neutral,-0.12675613365356564,GOOGL,reddit,19,111
2023-12-12,what's the play on NVDA?,neutral,-0.09450214147708383,NVDA,reddit,48,17
2023-11-27,imagine buying AMC at ATH lmaooo,negative,-0.743168530265135,AMC,reddit,230,6
2024-07-15,loss porn: down 90% on NVDA calls,negative,-0.6190786362561322,NVDA,reddit,26,4
2024-08-19,"inverse WSB worked, sold GOOGL at the top",negative,-0.5269599733651482,GOOGL,reddit,33,1
2024-05-28,"TSLA consolidating, waiting for breakout",neutral,-0.07246257345173499,TSLA,reddit,57,37
2024-04-03,what's the play on META?,neutral,0.08586959842005698,META,reddit,47,15
2024-05-12,what's the play on AMC?,neutral,-0.19096415254920043,AMC,reddit,70,62
2023-09-29,DD: Why TSLA is going to $1000 🚀,positive,0.6248097408812237,TSLA,reddit,24,7
2023-01-26,"theta gang on AAPL, selling covered calls",neutral,-0.07046885541002795,AAPL,reddit,26,62
2023-08-01,"GOOGL squeeze incoming, shorts are fukd",positive,0.327832794076267,GOOGL,reddit,10,0
2023-05-15,"AMC puts printing, bears eating good tonight",negative,-0.5073347606657819,AMC,reddit,217,20
2023-04-28,"NVDA consolidating, waiting for breakout",neutral,0.11392839816524081,NVDA,reddit,134,8
2024-08-18,apes dont sell 💎🙌 TSLA forever,positive,0.3369241265989095,TSLA,reddit,95,6
2024-09-03,"this is financial advice, buy TSLA",positive,0.5971492872656122,TSLA,reddit,62,24
2023-07-18,"TSLA rug pull, everyone got rekt",negative,-0.6577767360430262,TSLA,reddit,29,3
2024-07-10,"sold my TSLA bags, finally free",negative,-0.7126148562594763,TSLA,reddit,53,3
2023-01-05,apes dont sell 💎🙌 BB forever,positive,0.32643505109686455,BB,reddit,5,13
2024-05-21,"GME consolidating, waiting for breakout",neutral,-0.07540130187925974,GME,reddit,62,9
2023-09-22,apes dont sell 💎🙌 AMZN forever,positive,0.7601974257880779,AMZN,reddit,179,38
2024-08-06,TSLA IV too high for options rn,neutral,-0.1675499786268132,TSLA,reddit,45,23
2024-02-23,DD: Why AMC is going to $1000 🚀,positive,0.6894827885830564,AMC,reddit,77,15
2024-04-16,"MSFT going to $0, get out while you can",negative,-0.4644458615800383,MSFT,reddit,148,6
2023-04-27,apes dont sell 💎🙌 GOOGL forever,positive,0.42970044106092686,GOOGL,reddit,1,7
2023-06-04,"inverse WSB worked, sold SPY at the top",negative,-0.7123343343824258,SPY,reddit,240,5
2024-08-14,"META consolidating, waiting for breakout",neutral,0.16034942994442308,META,reddit,63,18
2024-04-12,"YOLO'd my life savings into GME calls, cant go tits up",positive,0.34176520272650973,GME,reddit,48,14
2023-12-06,BB IV too high for options rn,neutral,0.05843456647206147,BB,reddit,29,34
2024-01-29,if you're not buying META rn you hate money,positive,0.6328651411739923,META,reddit,124,5
2023-05-08,anyone got DD on PLTR?,neutral,0.06186969366770445,PLTR,reddit,55,26
2024-09-07,bull thesis on TSLA: trust me bro,positive,0.40930253341685474,TSLA,reddit,61,26
2024-04-13,GOOGL IV too high for options rn,neutral,-0.10738090611149427,GOOGL,reddit,2,19
2023-07-24,if you're not buying MSFT rn you hate money,positive,0.4484815217454903,MSFT,reddit,71,0
2023-10-21,"inverse WSB worked, sold BB at the top",negative,-0.6859827660695249,BB,reddit,238,32
2024-03-02,"GME going to $0, get out while you can",negative,-0.684516499292831,GME,reddit,70,20
2023-02-02,anyone got DD on BB?,neutral,0.008090967527038695,BB,reddit,10,75
2023-02-02,PLTR IV too high for options rn,neutral,-0.05101410201013601,PLTR,reddit,34,32
2024-04-30,AAPL tendies printing 🍗🍗🍗,positive,0.425918055164614,AAPL,reddit,6,74
2023-08-22,"TSLA rug pull, everyone got rekt",negative,-0.8411863732781514,TSLA,reddit,64,3
2023-08-03,"BB puts printing, bears eating good tonight",negative,-0.3268389371585396,BB,reddit,4,22
2024-05-01,"MSFT going to $0, get out while you can",negative,-0.7148814799480907,MSFT,reddit,96,5
2024-11-06,"this is financial advice, buy TSLA",positive,0.6413950687351184,TSLA,reddit,7,74
2024-02-21,"GUH moment on GOOGL, RIP my portfolio",negative,-0.859433017562215,GOOGL,reddit,24,51
2023-09-19,DD: Why GME is going to $1000 🚀,positive,0.46634097849874845,GME,reddit,191,8
2024-09-14,"NVDA squeeze incoming, shorts are fukd",positive,0.7104546847380568,NVDA,reddit,60,12
2024-06-04,paper trading BB before going in,neutral,-0.004650971649014235,BB,reddit,271,20
2023-03-17,"inverse WSB worked, sold AAPL at the top",negative,-0.45931105729105964,AAPL,reddit,63,24
2024-01-20,"GOOGL puts printing, bears eating good tonight",negative,-0.7925257561120718,GOOGL,reddit,39,17
2024-03-06,loss porn: down 90% on BB calls,negative,-0.5697526000161782,BB,reddit,274,14
2023-07-11,"AMC going to $0, get out while you can",negative,-0.5837095631680627,AMC,reddit,169,15
2024-09-21,bull thesis on AMC: trust me bro,positive,0.7454505814751686,AMC,reddit,24,2
2024-04-16,imagine buying AMZN at ATH lmaooo,negative,-0.6170832797268837,AMZN,reddit,0,5
2024-08-14,"this is financial advice, buy GOOGL",positive,0.36138175794285476,GOOGL,reddit,197,3
2024-05-10,"inverse WSB worked, sold MSFT at the top",negative,-0.36026495520015034,MSFT,reddit,114,5
2023-01-31,wife's boyfriend approved my PLTR purchase,positive,0.7727269465962172,PLTR,reddit,15,28
2024-03-09,wife's boyfriend approved my AMC purchase,positive,0.568690904579912,AMC,reddit,92,24
2023-01-01,if you're not buying NVDA rn you hate money,positive,0.7225875144701025,NVDA,reddit,29,5
2024-05-05,"AMZN squeeze incoming, shorts are fukd",positive,0.34917670032779546,AMZN,reddit,75,11
2024-10-10,"sold my PLTR bags, finally free",negative,-0.3171420207106931,PLTR,reddit,207,102
2024-02-11,"YOLO'd my life savings into PLTR calls, cant go tits up",positive,0.43937871003334616,PLTR,reddit,23,10
2023-08-09,"inverse WSB worked, sold SPY at the top",negative,-0.4753598996517987,SPY,reddit,140,1
2024-06-22,loss porn: down 90% on SPY calls,negative,-0.5013560331391599,SPY,reddit,33,2
2023-10-13,"MSFT going to $0, get out while you can",negative,-0.5792291944694784,MSFT,reddit,405,9
2023-09-28,if you're not buying MSFT rn you hate money,positive,0.4298499293120279,MSFT,reddit,23,8
2024-04-09,SPY tendies printing 🍗🍗🍗,positive,0.6449858816775071,SPY,reddit,208,6
2024-10-27,if you're not buying AMZN rn you hate money,positive,0.8630994023160115,AMZN,reddit,30,39
2023-10-09,apes dont sell 💎🙌 MSFT forever,positive,0.30185897334773065,MSFT,reddit,261,10
2024-06-02,GME IV too high for options rn,neutral,-0.036375607970427604,GME,reddit,37,37
2023-08-08,bull thesis on SPY: trust me bro,positive,0.47012319122773416,SPY,reddit,7,36
2024-04-15,"AAPL rug pull, everyone got rekt",negative,-0.6498499293997199,AAPL,reddit,14,2
2023-05-21,"theta gang on GOOGL, selling covered calls",neutral,0.10267287629776767,GOOGL,reddit,210,61
2023-03-08,DD: Why PLTR is going to $1000 🚀,positive,0.7478644211877645,PLTR,reddit,54,22
2024-09-11,"AMZN going to $0, get out while you can",negative,-0.5800105238053876,AMZN,reddit,24,15
2023-08-26,if you're not buying AMZN rn you hate money,positive,0.3671145027698165,AMZN,reddit,130,53
2024-08-18,"theta gang on META, selling covered calls",neutral,-0.14541878517688556,META,reddit,26,12
2024-01-13,AMZN IV too high for options rn,neutral,-0.07920106517096454,AMZN,reddit,48,0
2023-08-11,META tendies printing 🍗🍗🍗,positive,0.7674203872195375,META,reddit,11,9
2023-10-16,"inverse WSB worked, sold GOOGL at the top",negative,-0.34950449023304797,GOOGL,reddit,10,12
2024-04-10,what's the play on AAPL?,neutral,-0.12588537311623105,AAPL,reddit,21,35
2023-01-21,imagine buying PLTR at ATH lmaooo,negative,-0.8384789489984751,PLTR,reddit,112,15
2023-02-28,apes dont sell 💎🙌 GME forever,positive,0.8232043722143634,GME,reddit,156,10
2024-04-13,"inverse WSB worked, sold BB at the top",negative,-0.5074391436983828,BB,reddit,231,3
2023-12-14,"AAPL going to $0, get out while you can",negative,-0.8200646698222931,AAPL,reddit,148,10
2023-09-06,"MSFT consolidating, waiting for breakout",neutral,0.032453913228421255,MSFT,reddit,134,4
2024-09-18,"positions: 100x MSFT 500c 1/20, wish me luck retards",positive,0.5645846930187881,MSFT,reddit,341,13
2024-04-15,"this is financial advice, buy AAPL",positive,0.5388701757644936,AAPL,reddit,83,40
2023-06-24,"SPY consolidating, waiting for breakout",neutral,-0.15380916821560775,SPY,reddit,22,43
2024-03-18,anyone got DD on AAPL?,neutral,0.03335605533906305,AAPL,reddit,75,11
2023-10-10,wife's boyfriend approved my MSFT purchase,positive,0.7888418637154012,MSFT,reddit,116,14
2023-10-16,"positions: 100x PLTR 500c 1/20, wish me luck retards",positive,0.8769198314948397,PLTR,reddit,96,33
2023-11-28,if you're not buying BB rn you hate money,positive,0.8566220660602115,BB,reddit,0,9
2023-11-15,anyone got DD on AAPL?,neutral,-0.16103766193693747,AAPL,reddit,6,51
2023-11-01,paper trading NVDA before going in,neutral,-0.06132179569460408,NVDA,reddit,101,11
2024-06-08,what's the play on AMZN?,neutral,0.07975318117450192,AMZN,reddit,53,17
2024-10-11,"GUH moment on MSFT, RIP my portfolio",negative,-0.5854611056693757,MSFT,reddit,193,27
2023-03-10,"sold my NVDA bags, finally free",negative,-0.5958151180862825,NVDA,reddit,166,50
2024-02-11,"PLTR squeeze incoming, shorts are fukd",positive,0.4513540771522975,PLTR,reddit,17,30
2023-10-10,loss porn: down 90% on MSFT calls,negative,-0.6649866260155646,MSFT,reddit,35,19
2024-06-23,if you're not buying PLTR rn you hate money,positive,0.3978330611975371,PLTR,reddit,338,17
2024-11-23,DD: Why AAPL is going to $1000 🚀,positive,0.37791620409922216,AAPL,reddit,36,40
2023-11-06,what's the play on MSFT?,neutral,-0.18288857421624632,MSFT,reddit,15,17
2023-10-09,if you're not buying AMZN rn you hate money,positive,0.5417954216132087,AMZN,reddit,37,65
2023-09-13,anyone got DD on TSLA?,neutral,0.008941422324339088,TSLA,reddit,137,18
2023-08-12,"META puts printing, bears eating good tonight",negative,-0.6851554756506577,META,reddit,116,22
2023-09-14,"GUH moment on TSLA, RIP my portfolio",negative,-0.6455605110146309,TSLA,reddit,157,2
2023-10-19,"positions: 100x SPY 500c 1/20, wish me luck retards",positive,0.7558873667109651,SPY,reddit,54,16
2024-10-26,DD: Why AMZN is going to $1000 🚀,positive,0.7948203085992196,AMZN,reddit,30,14
2023-06-01,"NVDA puts printing, bears eating good tonight",negative,-0.884261912811361,NVDA,reddit,127,4
2023-10-04,what's the play on AAPL?,neutral,0.10109595486020417,AAPL,reddit,104,24
2024-01-13,if you're not buying NVDA rn you hate money,positive,0.5099928214191638,NVDA,reddit,14,13
2024-09-21,DD: Why GME is going to $1000 🚀,positive,0.7208998287642743,GME,reddit,11,23
2024-03-05,"NVDA rug pull, everyone got rekt",negative,-0.795031575144357,NVDA,reddit,111,3
2024-04-17,what's the play on TSLA?,neutral,-0.13432734129974716,TSLA,reddit,135,8
2024-10-05,"this is financial advice, buy BB",positive,0.6210139668530184,BB,reddit,24,3
2023-05-21,imagine buying META at ATH lmaooo,negative,-0.4339868887113892,META,reddit,79,2
2023-10-20,what's the play on TSLA?,neutral,-0.14803527446410425,TSLA,reddit,295,41
2024-10-13,"GME squeeze incoming, shorts are fukd",positive,0.5609945758165857,GME,reddit,161,11
2023-12-11,AAPL IV too high for options rn,neutral,0.08119187685543955,AAPL,reddit,19,37
2024-10-21,DD: Why GOOGL is going to $1000 🚀,positive,0.5378164843923698,GOOGL,reddit,239,16
2024-03-01,"GOOGL squeeze incoming, shorts are fukd",positive,0.32966866283824453,GOOGL,reddit,102,3
2024-09-02,MSFT tendies printing 🍗🍗🍗,positive,0.5983853837691628,MSFT,reddit,72,19
2023-06-08,what's the play on META?,neutral,-0.017833417689248593,META,reddit,17,19
2024-07-05,"GUH moment on BB, RIP my portfolio",negative,-0.4201615543798599,BB,reddit,244,39
2023-12-05,"theta gang on SPY, selling covered calls",neutral,0.15605260508984148,SPY,reddit,65,16
2023-06-29,"GUH moment on TSLA, RIP my portfolio",negative,-0.7420162992100203,TSLA,reddit,94,22
2023-06-08,if you're not buying SPY rn you hate money,positive,0.30488666175703133,SPY,reddit,35,48
2023-01-21,"NVDA squeeze incoming, shorts are fukd",positive,0.6267664845523016,NVDA,reddit,152,11
2023-04-29,anyone got DD on AAPL?,neutral,0.06857120345615936,AAPL,reddit,208,8
2023-01-11,"positions: 100x TSLA 500c 1/20, wish me luck retards",positive,0.8496664737749327,TSLA,reddit,20,27
2023-04-30,loss porn: down 90% on PLTR calls,negative,-0.8527426715293042,PLTR,reddit,100,13
2023-03-16,"PLTR puts printing, bears eating good tonight",negative,-0.8783084821107561,PLTR,reddit,149,10
2024-01-03,"GUH moment on TSLA, RIP my portfolio",negative,-0.5954976765689511,TSLA,reddit,34,6
2023-11-20,"inverse WSB worked, sold GME at the top",negative,-0.8936845616194128,GME,reddit,130,2
2023-01-30,"positions: 100x NVDA 500c 1/20, wish me luck retards",positive,0.8265111195112798,NVDA,reddit,247,25
2024-11-03,"GUH moment on AAPL, RIP my portfolio",negative,-0.7484537980322006,AAPL,reddit,11,12
2024-04-07,if you're not buying AAPL rn you hate money,positive,0.8716077573565704,AAPL,reddit,16,19
2023-02-11,"this is financial advice, buy AAPL",positive,0.7811356290731319,AAPL,reddit,34,7
2024-07-21,anyone got DD on META?,neutral,0.13244878019370732,META,reddit,79,0
2024-11-11,"theta gang on GOOGL, selling covered calls",neutral,-0.17853460880496336,GOOGL,reddit,120,7
2024-11-21,"inverse WSB worked, sold BB at the top",negative,-0.7758519425969054,BB,reddit,2,0
2024-01-15,what's the play on GME?,neutral,0.1848525214214921,GME,reddit,32,4
2023-09-09,anyone got DD on GOOGL?,neutral,-0.0031762375966946643,GOOGL,reddit,10,31
2023-01-16,wife's boyfriend approved my SPY purchase,positive,0.43373081963185767,SPY,reddit,12,88
2024-04-20,NVDA tendies printing 🍗🍗🍗,positive,0.3838188654285831,NVDA,reddit,35,1
2024-05-14,paper trading SPY before going in,neutral,0.032893388494165565,SPY,reddit,4,15
2024-06-16,AMZN IV too high for options rn,neutral,-0.16295099327448717,AMZN,reddit,176,83
2024-02-17,"sold my TSLA bags, finally free",negative,-0.7570160867673694,TSLA,reddit,28,3
2023-04-09,"sold my GME bags, finally free",negative,-0.5708227297465078,GME,reddit,33,0
2023-09-19,"YOLO'd my life savings into GOOGL calls, cant go tits up",positive,0.781581112667229,GOOGL,reddit,4,13
2023-04-06,paper trading AAPL before going in,neutral,-0.19672128281996337,AAPL,reddit,25,52
2023-05-27,paper trading SPY before going in,neutral,-0.11410384285662706,SPY,reddit,18,112
2023-12-09,"theta gang on NVDA, selling covered calls",neutral,-0.10399007091870982,NVDA,reddit,60,0
2023-11-29,apes dont sell 💎🙌 GME forever,positive,0.6526087698881311,GME,reddit,10,2
2023-07-27,"TSLA puts printing, bears eating good tonight",negative,-0.3592802286838539,TSLA,reddit,9,9
2024-11-11,"this is financial advice, buy NVDA",positive,0.8028260793428967,NVDA,reddit,15,27
2024-04-22,"PLTR squeeze incoming, shorts are fukd",positive,0.44361776717625645,PLTR,reddit,20,28
2023-08-29,AAPL IV too high for options rn,neutral,0.11103340423633246,AAPL,reddit,217,54
2023-03-21,paper trading AMC before going in,neutral,-0.15225544989091164,AMC,reddit,61,0
2024-09-11,"GME going to $0, get out while you can",negative,-0.6763380935347647,GME,reddit,97,4
2024-04-06,loss porn: down 90% on TSLA calls,negative,-0.42224442603303247,TSLA,reddit,270,8
2024-05-04,"GUH moment on AMZN, RIP my portfolio",negative,-0.596571955812863,AMZN,reddit,174,22
2024-07-03,apes dont sell 💎🙌 AMZN forever,positive,0.6842926720758487,AMZN,reddit,26,44
2024-07-12,apes dont sell 💎🙌 PLTR forever,positive,0.7506731308094494,PLTR,reddit,7,17
2023-12-29,"GUH moment on AAPL, RIP my portfolio",negative,-0.47406029859344906,AAPL,reddit,4,5
2024-05-02,loss porn: down 90% on NVDA calls,negative,-0.7827107881675684,NVDA,reddit,12,1
2023-11-19,paper trading AAPL before going in,neutral,0.11576914036988523,AAPL,reddit,5,22
2023-03-20,"inverse WSB worked, sold PLTR at the top",negative,-0.6235433743726068,PLTR,reddit,40,7
2024-05-17,if you're not buying AAPL rn you hate money,positive,0.8441240620541604,AAPL,reddit,47,22
2024-02-19,"GOOGL going to $0, get out while you can",negative,-0.7379333693341785,GOOGL,reddit,186,6
2024-09-25,wife's boyfriend approved my NVDA purchase,positive,0.793649750446487,NVDA,reddit,352,17
2024-10-02,imagine buying META at ATH lmaooo,negative,-0.3273528434912738,META,reddit,103,15
2023-07-13,if you're not buying META rn you hate money,positive,0.7967484118053088,META,reddit,222,0
2023-01-27,loss porn: down 90% on SPY calls,negative,-0.4182753339613726,SPY,reddit,144,20
2024-10-22,anyone got DD on AAPL?,neutral,-0.14923624018947118,AAPL,reddit,134,0
2024-07-14,"GME squeeze incoming, shorts are fukd",positive,0.7651997871394722,GME,reddit,9,3
2024-03-28,imagine buying AMZN at ATH lmaooo,negative,-0.5100066268117027,AMZN,reddit,12,32
2023-05-30,"theta gang on AMC, selling covered calls",neutral,0.008082391849728754,AMC,reddit,38,34
2024-04-01,GME IV too high for options rn,neutral,-0.0575435400126601,GME,reddit,22,45
2024-08-04,"sold my MSFT bags, finally free",negative,-0.6314652326210402,MSFT,reddit,55,6
2023-12-30,"AAPL squeeze incoming, shorts are fukd",positive,0.5092403934260686,AAPL,reddit,25,19
2024-07-14,"YOLO'd my life savings into MSFT calls, cant go tits up",positive,0.43514136946131193,MSFT,reddit,84,25
2024-10-23,bull thesis on NVDA: trust me bro,positive,0.5081103448795445,NVDA,reddit,10,7
2023-05-30,DD: Why GOOGL is going to $1000 🚀,positive,0.5577692963883243,GOOGL,reddit,249,19
2024-01-25,DD: Why AAPL is going to $1000 🚀,positive,0.5243673199238065,AAPL,reddit,2,2
2024-09-24,"positions: 100x SPY 500c 1/20, wish me luck retards",positive,0.3065992172973213,SPY,reddit,38,6
2024-08-09,DD: Why AMZN is going to $1000 🚀,positive,0.5864391357840497,AMZN,reddit,146,31
2024-04-29,"inverse WSB worked, sold MSFT at the top",negative,-0.5128081066869274,MSFT,reddit,137,53
2024-11-19,imagine buying SPY at ATH lmaooo,negative,-0.49267872781974814,SPY,reddit,102,21
2023-03-17,"GOOGL consolidating, waiting for breakout",neutral,0.08459712662541874,GOOGL,reddit,172,6
2023-12-12,wife's boyfriend approved my GME purchase,positive,0.7859538984120462,GME,reddit,76,8
2023-09-23,MSFT tendies printing 🍗🍗🍗,positive,0.5358617176751946,MSFT,reddit,63,4
2023-03-05,"YOLO'd my life savings into GOOGL calls, cant go tits up",positive,0.6679790603465456,GOOGL,reddit,82,12
2024-07-02,DD: Why AMC is going to $1000 🚀,positive,0.8530990706524524,AMC,reddit,125,7
2024-09-17,"BB squeeze incoming, shorts are fukd",positive,0.37927980586434074,BB,reddit,47,4
2024-09-26,paper trading NVDA before going in,neutral,-0.14976954585542712,NVDA,reddit,10,21
2023-03-20,bull thesis on AMZN: trust me bro,positive,0.38613795431588105,AMZN,reddit,55,44
2024-11-20,"GME rug pull, everyone got rekt",negative,-0.41770357209513187,GME,reddit,12,13
2024-03-01,PLTR IV too high for options rn,neutral,0.023674330747264716,PLTR,reddit,188,0
2024-05-21,"YOLO'd my life savings into MSFT calls, cant go tits up",positive,0.41705933026230635,MSFT,reddit,36,5
2023-11-06,NVDA IV too high for options rn,neutral,-0.007452529449669759,NVDA,reddit,43,26
2024-04-05,anyone got DD on GOOGL?,neutral,0.07625241616418188,GOOGL,reddit,31,12
2023-05-01,"theta gang on NVDA, selling covered calls",neutral,0.10845097439462636,NVDA,reddit,215,22
2023-11-28,"YOLO'd my life savings into BB calls, cant go tits up",positive,0.31715822791595527,BB,reddit,50,10
2024-05-31,"positions: 100x AAPL 500c 1/20, wish me luck retards",positive,0.8593488515179069,AAPL,reddit,245,2
2024-09-19,GOOGL tendies printing 🍗🍗🍗,positive,0.6478958666085972,GOOGL,reddit,31,38
2023-01-01,bull thesis on AMZN: trust me bro,positive,0.8729460439421928,AMZN,reddit,204,24
2024-11-21,paper trading META before going in,neutral,0.1502356042775877,META,reddit,57,11
2024-05-19,MSFT IV too high for options rn,neutral,0.06498861215422325,MSFT,reddit,33,0
2023-01-30,"GUH moment on SPY, RIP my portfolio",negative,-0.8668432135634311,SPY,reddit,27,1
2024-09-11,bull thesis on NVDA: trust me bro,positive,0.5951197725381345,NVDA,reddit,133,0
2024-04-23,"PLTR squeeze incoming, shorts are fukd",positive,0.38081471191842226,PLTR,reddit,9,5
2024-06-06,"MSFT puts printing, bears eating good tonight",negative,-0.5484702941529549,MSFT,reddit,21,10
2024-09-21,if you're not buying GOOGL rn you hate money,positive,0.7277906295385321,GOOGL,reddit,28,18
2024-02-05,bull thesis on META: trust me bro,positive,0.7075397972447788,META,reddit,127,20
2023-01-18,apes dont sell 💎🙌 MSFT forever,positive,0.3730457244519091,MSFT,reddit,102,16
2024-05-24,AMC IV too high for options rn,neutral,0.15217484354760652,AMC,reddit,60,27
2023-05-26,DD: Why SPY is going to $1000 🚀,positive,0.5198337394968575,SPY,reddit,198,64
2024-02-21,"positions: 100x SPY 500c 1/20, wish me luck retards",positive,0.6021432617283905,SPY,reddit,161,2
2023-10-30,"TSLA consolidating, waiting for breakout",neutral,0.18983908715941422,TSLA,reddit,40,1
2023-07-30,apes dont sell 💎🙌 BB forever,positive,0.3144765103445573,BB,reddit,66,5
2023-02-13,anyone got DD on NVDA?,neutral,0.1377381102126875,NVDA,reddit,40,18
2023-10-28,loss porn: down 90% on MSFT calls,negative,-0.7191509877125339,MSFT,reddit,51,0
2024-04-25,paper trading GOOGL before going in,neutral,0.11593418597547611,GOOGL,reddit,50,3
2023-01-07,META tendies printing 🍗🍗🍗,positive,0.8320699534135487,META,reddit,203,29
2023-06-22,"this is financial advice, buy MSFT",positive,0.4449934288337105,MSFT,reddit,61,13
2024-02-02,"sold my SPY bags, finally free",negative,-0.3016376091187384,SPY,reddit,87,23
2024-05-13,"SPY going to $0, get out while you can",negative,-0.5579062240257822,SPY,reddit,134,22
2023-07-30,paper trading GME before going in,neutral,-0.04336900177985212,GME,reddit,25,12
2023-11-11,anyone got DD on MSFT?,neutral,-0.10776631007204435,MSFT,reddit,110,11
2024-09-03,loss porn: down 90% on PLTR calls,negative,-0.39977572389301097,PLTR,reddit,16,8
2023-05-10,anyone got DD on AAPL?,neutral,-0.05748331656134173,AAPL,reddit,19,16
2024-11-19,"inverse WSB worked, sold MSFT at the top",negative,-0.8400785805950777,MSFT,reddit,106,37
2024-01-25,anyone got DD on NVDA?,neutral,-0.06046354049206834,NVDA,reddit,19,34
2023-11-09,"META squeeze incoming, shorts are fukd",positive,0.5893025919100161,META,reddit,177,27
2023-12-17,"GUH moment on AMC, RIP my portfolio",negative,-0.6535964046873923,AMC,reddit,10,2
2024-10-14,imagine buying TSLA at ATH lmaooo,negative,-0.7114048493713472,TSLA,reddit,83,28
2023-06-05,wife's boyfriend approved my MSFT purchase,positive,0.6307173587890278,MSFT,reddit,20,1
2024-09-17,if you're not buying AMC rn you hate money,positive,0.45392265774008567,AMC,reddit,9,38
2024-01-18,GME tendies printing 🍗🍗🍗,positive,0.8718595959909883,GME,reddit,147,14
2023-09-03,"SPY puts printing, bears eating good tonight",negative,-0.40615921368521835,SPY,reddit,64,20
2024-03-13,loss porn: down 90% on TSLA calls,negative,-0.4929359611804454,TSLA,reddit,24,19
2024-01-12,wife's boyfriend approved my GOOGL purchase,positive,0.6710229938141284,GOOGL,reddit,223,66
2024-02-29,wife's boyfriend approved my META purchase,positive,0.8135965495333393,META,reddit,148,13
2023-02-04,"MSFT going to $0, get out while you can",negative,-0.7264421199041937,MSFT,reddit,213,8
2023-05-24,"GUH moment on META, RIP my portfolio",negative,-0.6488534470204246,META,reddit,196,18
2023-09-24,apes dont sell 💎🙌 AMC forever,positive,0.38649623156084667,AMC,reddit,28,1
2024-06-05,"sold my AMC bags, finally free",negative,-0.500978756811572,AMC,reddit,263,21
2023-09-21,"MSFT puts printing, bears eating good tonight",negative,-0.46539418457035503,MSFT,reddit,5,6
2023-08-15,paper trading AMC before going in,neutral,-0.15738273798079538,AMC,reddit,232,13
2023-04-30,SPY IV too high for options rn,neutral,-0.16013080957654952,SPY,reddit,9,9
2023-10-12,bull thesis on AMC: trust me bro,positive,0.706582269321459,AMC,reddit,70,23
2024-02-15,"GUH moment on AAPL, RIP my portfolio",negative,-0.3792743422237652,AAPL,reddit,53,0
2023-04-24,bull thesis on AMC: trust me bro,positive,0.6554530687858768,AMC,reddit,38,28
2023-03-04,"GUH moment on GOOGL, RIP my portfolio",negative,-0.7464097655536275,GOOGL,reddit,465,5
2024-10-22,"inverse WSB worked, sold AAPL at the top",negative,-0.8468259982720657,AAPL,reddit,64,5
2023-05-19,"MSFT consolidating, waiting for breakout",neutral,0.061210470733051525,MSFT,reddit,18,1
2023-07-17,"GOOGL going to $0, get out while you can",negative,-0.5408980710051585,GOOGL,reddit,19,1
2023-02-10,"this is financial advice, buy AMZN",positive,0.6268613114695598,AMZN,reddit,76,22
2024-02-07,imagine buying NVDA at ATH lmaooo,negative,-0.5318923766031118,NVDA,reddit,12,24
2024-11-21,imagine buying PLTR at ATH lmaooo,negative,-0.32634881917069314,PLTR,reddit,36,34
2023-03-01,bull thesis on AMC: trust me bro,positive,0.5838602093188854,AMC,reddit,75,7
2023-08-01,"AMC rug pull, everyone got rekt",negative,-0.474149548991024,AMC,reddit,133,23
2024-04-07,"GME squeeze incoming, shorts are fukd",positive,0.8507912281183587,GME,reddit,279,11
2024-08-19,"inverse WSB worked, sold GME at the top",negative,-0.6621693839825304,GME,reddit,16,35
2023-09-25,wife's boyfriend approved my META purchase,positive,0.8946179102291654,META,reddit,115,44
2023-12-29,what's the play on GME?,neutral,-0.16441106663985816,GME,reddit,46,14
2023-01-05,"GME squeeze incoming, shorts are fukd",positive,0.43602876180659333,GME,reddit,73,13
2023-05-29,"GUH moment on TSLA, RIP my portfolio",negative,-0.5342554921594518,TSLA,reddit,63,55
2024-03-11,imagine buying META at ATH lmaooo,negative,-0.5373373084630316,META,reddit,191,8
2023-04-03,loss porn: down 90% on NVDA calls,negative,-0.3875895896136584,NVDA,reddit,160,24
2024-10-19,"GUH moment on AMC, RIP my portfolio",negative,-0.7616813162769561,AMC,reddit,120,9
2023-08-29,AAPL tendies printing 🍗🍗🍗,positive,0.7144305870415316,AAPL,reddit,14,21
2024-10-20,"AAPL puts printing, bears eating good tonight",negative,-0.5168191363084882,AAPL,reddit,121,14
2024-01-05,"this is financial advice, buy NVDA",positive,0.6011307189246808,NVDA,reddit,71,28
2024-05-29,"META consolidating, waiting for breakout",neutral,0.03494481305102215,META,reddit,150,38
2024-10-03,"inverse WSB worked, sold MSFT at the top",negative,-0.4602342504155613,MSFT,reddit,163,9
2023-03-19,"GUH moment on AMZN, RIP my portfolio",negative,-0.8708020596610411,AMZN,reddit,0,1
2024-01-11,if you're not buying META rn you hate money,positive,0.7900991490787219,META,reddit,5,5
2024-11-07,DD: Why GOOGL is going to $1000 🚀,positive,0.37632388457123245,GOOGL,reddit,4,77
2024-11-09,NVDA IV too high for options rn,neutral,-0.008544223413602337,NVDA,reddit,68,1
2023-06-12,bull thesis on AAPL: trust me bro,positive,0.7687480117715908,AAPL,reddit,79,21
2023-10-29,apes dont sell 💎🙌 SPY forever,positive,0.6326865482995825,SPY,reddit,24,12
2023-10-19,"positions: 100x AMC 500c 1/20, wish me luck retards",positive,0.769588923448159,AMC,reddit,56,29
2023-11-18,"theta gang on AMZN, selling covered calls",neutral,0.060890625746160165,AMZN,reddit,56,21
2024-02-26,GME IV too high for options rn,neutral,-0.14858768193858685,GME,reddit,291,0
2023-09-28,"theta gang on AMZN, selling covered calls",neutral,-0.13914591875602642,AMZN,reddit,299,38
2023-06-26,DD: Why TSLA is going to $1000 🚀,positive,0.5455943956728496,TSLA,reddit,149,8
2024-07-11,"inverse WSB worked, sold AMZN at the top",negative,-0.40250325815170845,AMZN,reddit,24,14
2024-10-20,what's the play on PLTR?,neutral,-0.04693155751720385,PLTR,reddit,3,1
2023-09-10,wife's boyfriend approved my TSLA purchase,positive,0.47739578946533834,TSLA,reddit,32,15
2023-06-04,paper trading SPY before going in,neutral,0.0874452198228512,SPY,reddit,5,4
2023-12-22,SPY IV too high for options rn,neutral,-0.05395548149916243,SPY,reddit,268,18
2024-01-22,imagine buying NVDA at ATH lmaooo,negative,-0.36857500321644043,NVDA,reddit,19,67
2024-08-21,wife's boyfriend approved my META purchase,positive,0.7076881903060188,META,reddit,36,2
2023-07-28,"GUH moment on NVDA, RIP my portfolio",negative,-0.441090006758722,NVDA,reddit,34,20
2023-08-04,"this is financial advice, buy TSLA",positive,0.33829744757104324,TSLA,reddit,281,50
2023-06-30,apes dont sell 💎🙌 AMZN forever,positive,0.5997350877703647,AMZN,reddit,41,18
2024-08-17,bull thesis on MSFT: trust me bro,positive,0.6470297123370626,MSFT,reddit,91,6
2024-06-29,bull thesis on GOOGL: trust me bro,positive,0.7648977745340789,GOOGL,reddit,29,41
2024-06-03,paper trading NVDA before going in,neutral,-0.006529901391682802,NVDA,reddit,169,14
2023-09-23,bull thesis on TSLA: trust me bro,positive,0.7573084651056683,TSLA,reddit,104,27
2024-09-23,imagine buying GOOGL at ATH lmaooo,negative,-0.6710801479265418,GOOGL,reddit,9,35
2024-04-18,"sold my NVDA bags, finally free",negative,-0.7916511687977569,NVDA,reddit,6,33
2023-08-17,what's the play on AMC?,neutral,0.16944534930986604,AMC,reddit,3,34
2024-08-05,if you're not buying SPY rn you hate money,positive,0.8155842781076446,SPY,reddit,96,7
2024-03-11,"AMC squeeze incoming, shorts are fukd",positive,0.876590514440017,AMC,reddit,150,11
2024-07-26,"positions: 100x META 500c 1/20, wish me luck retards",positive,0.31285759458936874,META,reddit,12,31
2023-04-29,"positions: 100x NVDA 500c 1/20, wish me luck retards",positive,0.6864391594704651,NVDA,reddit,84,5
2024-03-21,wife's boyfriend approved my META purchase,positive,0.404866365401854,META,reddit,17,3
2024-05-12,"theta gang on SPY, selling covered calls",neutral,-0.11179302657540564,SPY,reddit,24,50
2023-01-08,"YOLO'd my life savings into PLTR calls, cant go tits up",positive,0.8288593717912711,PLTR,reddit,9,28
2023-09-05,"GOOGL consolidating, waiting for breakout",neutral,0.14191346252775355,GOOGL,reddit,3,40
2023-01-18,paper trading MSFT before going in,neutral,-0.05294621145284825,MSFT,reddit,6,3
2023-07-07,"theta gang on AAPL, selling covered calls",neutral,-0.05012732304815834,AAPL,reddit,65,18
2023-11-30,"TSLA going to $0, get out while you can",negative,-0.3474426455371661,TSLA,reddit,32,19
2023-11-21,"positions: 100x NVDA 500c 1/20, wish me luck retards",positive,0.345468669605155,NVDA,reddit,72,6
2023-02-03,"AMZN squeeze incoming, shorts are fukd",positive,0.3330063295415669,AMZN,reddit,280,60
2024-08-20,"GME puts printing, bears eating good tonight",negative,-0.35103485870789786,GME,reddit,31,30
2023-08-25,loss porn: down 90% on MSFT calls,negative,-0.3104710368510737,MSFT,reddit,21,68
2023-03-15,"YOLO'd my life savings into MSFT calls, cant go tits up",positive,0.3028845308393954,MSFT,reddit,46,12
2023-09-15,"this is financial advice, buy GOOGL",positive,0.5958466010485515,GOOGL,reddit,176,32
2023-06-08,"SPY consolidating, waiting for breakout",neutral,0.12994301500205124,SPY,reddit,80,34
2024-01-13,imagine buying BB at ATH lmaooo,negative,-0.34674353438682426,BB,reddit,228,8
2024-02-04,"positions: 100x META 500c 1/20, wish me luck retards",positive,0.6730596726069147,META,reddit,46,4
2023-11-15,"SPY going to $0, get out while you can",negative,-0.5473997684722279,SPY,reddit,7,11
2024-11-04,BB IV too high for options rn,neutral,-0.15370840266911615,BB,reddit,6,10
2023-10-01,anyone got DD on TSLA?,neutral,0.09062638333550599,TSLA,reddit,15,41
2023-11-29,"YOLO'd my life savings into META calls, cant go tits up",positive,0.36113778041613437,META,reddit,39,13
2024-03-28,"GUH moment on TSLA, RIP my portfolio",negative,-0.49484523834963184,TSLA,reddit,165,58
2023-10-22,loss porn: down 90% on AMC calls,negative,-0.522108527091109,AMC,reddit,209,27
2023-12-09,SPY IV too high for options rn,neutral,0.16271607102783564,SPY,reddit,53,15
2024-02-28,"theta gang on GME, selling covered calls",neutral,0.019608433840602707,GME,reddit,12,1
2024-03-19,paper trading NVDA before going in,neutral,0.01402621645768054,NVDA,reddit,12,18
2023-04-19,"GUH moment on AAPL, RIP my portfolio",negative,-0.7236066764005268,AAPL,reddit,322,16
2024-07-22,"GOOGL going to $0, get out while you can",negative,-0.7006702342875617,GOOGL,reddit,50,26
2023-06-08,"SPY consolidating, waiting for breakout",neutral,-0.03242533883639048,SPY,reddit,5,14
2024-09-19,if you're not buying GOOGL rn you hate money,positive,0.6201211640537441,GOOGL,reddit,12,0
2023-04-09,loss porn: down 90% on PLTR calls,negative,-0.6708860412053739,PLTR,reddit,1,15
2023-03-19,"GOOGL consolidating, waiting for breakout",neutral,-0.11046896197040534,GOOGL,reddit,14,43
2024-05-04,"this is financial advice, buy AMZN",positive,0.6073326845935452,AMZN,reddit,23,0
2023-07-17,"GME squeeze incoming, shorts are fukd",positive,0.42744563088750953,GME,reddit,3,7
2024-08-28,DD: Why GME is going to $1000 🚀,positive,0.3303751507837179,GME,reddit,25,17
2024-06-04,if you're not buying AAPL rn you hate money,positive,0.4073406961014663,AAPL,reddit,130,1
2024-03-31,"sold my NVDA bags, finally free",negative,-0.31571020787845816,NVDA,reddit,75,2
2024-10-18,if you're not buying SPY rn you hate money,positive,0.373541134854834,SPY,reddit,250,17
2024-03-06,paper trading AMZN before going in,neutral,-0.12977942054600802,AMZN,reddit,15,1
2024-02-03,"GME squeeze incoming, shorts are fukd",positive,0.7239915649969432,GME,reddit,10,8
2023-02-15,DD: Why TSLA is going to $1000 🚀,positive,0.5502148779621117,TSLA,reddit,461,45
2024-02-20,loss porn: down 90% on BB calls,negative,-0.8024954181666286,BB,reddit,41,1
2024-01-04,"GME going to $0, get out while you can",negative,-0.33164277094861294,GME,reddit,19,22
2023-09-06,anyone got DD on NVDA?,neutral,0.1497558575583598,NVDA,reddit,130,2
2023-06-19,what's the play on AMC?,neutral,-0.1962950554703689,AMC,reddit,632,3
2024-01-02,paper trading AAPL before going in,neutral,0.1790653488083223,AAPL,reddit,5,0
2023-02-04,apes dont sell 💎🙌 GOOGL forever,positive,0.5775435980618755,GOOGL,reddit,147,3
2024-05-18,"sold my AAPL bags, finally free",negative,-0.8111483620813703,AAPL,reddit,141,23
2023-12-20,apes dont sell 💎🙌 SPY forever,positive,0.7751339335906473,SPY,reddit,216,19
2023-11-29,"MSFT puts printing, bears eating good tonight",negative,-0.7326891638349433,MSFT,reddit,56,12
2024-11-19,wife's boyfriend approved my PLTR purchase,positive,0.42216301098268105,PLTR,reddit,52,9
2024-10-05,BB IV too high for options rn,neutral,0.13892573301297545,BB,reddit,48,11
2023-04-30,wife's boyfriend approved my TSLA purchase,positive,0.4803856574496914,TSLA,reddit,55,27
2023-05-16,"GOOGL puts printing, bears eating good tonight",negative,-0.532959664315761,GOOGL,reddit,44,3
2024-08-09,imagine buying AAPL at ATH lmaooo,negative,-0.7012162417885368,AAPL,reddit,26,0
2023-02-22,"AMC consolidating, waiting for breakout",neutral,0.07643561668300242,AMC,reddit,112,12
2023-12-29,anyone got DD on MSFT?,neutral,0.06991502582574183,MSFT,reddit,57,20
2023-01-28,"NVDA going to $0, get out while you can",negative,-0.5958823635922573,NVDA,reddit,119,17
2023-07-05,loss porn: down 90% on MSFT calls,negative,-0.49429396759046734,MSFT,reddit,17,9
2024-05-03,paper trading BB before going in,neutral,0.028016467811437185,BB,reddit,30,15
2023-08-04,loss porn: down 90% on NVDA calls,negative,-0.7462641061020311,NVDA,reddit,33,10
2024-09-03,"sold my GOOGL bags, finally free",negative,-0.6314601233172181,GOOGL,reddit,95,17
2023-02-20,"theta gang on SPY, selling covered calls",neutral,-0.1561512942319463,SPY,reddit,31,15
2023-08-17,if you're not buying AMZN rn you hate money,positive,0.8204334673972584,AMZN,reddit,15,13
2023-02-17,DD: Why PLTR is going to $1000 🚀,positive,0.3156964189617332,PLTR,reddit,107,32
2024-01-12,SPY tendies printing 🍗🍗🍗,positive,0.8420744245063381,SPY,reddit,96,2
2023-02-05,AMC tendies printing 🍗🍗🍗,positive,0.7283287652490591,AMC,reddit,149,6
2024-05-07,"this is financial advice, buy MSFT",positive,0.5825532787814879,MSFT,reddit,111,8
2024-06-29,if you're not buying BB rn you hate money,positive,0.4775346412227826,BB,reddit,7,18
2024-02-01,AMZN IV too high for options rn,neutral,0.10504543721835957,AMZN,reddit,8,35
2023-10-29,paper trading NVDA before going in,neutral,0.18979987195502224,NVDA,reddit,58,57
2024-04-05,"positions: 100x META 500c 1/20, wish me luck retards",positive,0.5164439704732605,META,reddit,40,6
2024-04-02,"positions: 100x GOOGL 500c 1/20, wish me luck retards",positive,0.4864746320088261,GOOGL,reddit,21,25
2024-03-26,"inverse WSB worked, sold MSFT at the top",negative,-0.7090994340618092,MSFT,reddit,131,43
2023-07-10,what's the play on AAPL?,neutral,-0.18547432346865902,AAPL,reddit,50,1
2023-08-12,paper trading NVDA before going in,neutral,-0.08932070211457646,NVDA,reddit,69,4
2024-07-05,"META squeeze incoming, shorts are fukd",positive,0.3223023122017427,META,reddit,98,1
2023-04-25,"MSFT going to $0, get out while you can",negative,-0.6088040066126608,MSFT,reddit,7,2
2023-12-22,"AMC puts printing, bears eating good tonight",negative,-0.8779805496623827,AMC,reddit,78,2
2024-06-24,"positions: 100x NVDA 500c 1/20, wish me luck retards",positive,0.4522743536759316,NVDA,reddit,42,90
2023-08-17,"theta gang on AMC, selling covered calls",neutral,0.11106026718023493,AMC,reddit,145,7
2023-02-21,bull thesis on TSLA: trust me bro,positive,0.49475815595463724,TSLA,reddit,36,2
2023-09-20,what's the play on GME?,neutral,0.15571896555820602,GME,reddit,207,53
2024-04-10,"this is financial advice, buy AMZN",positive,0.5719457999721246,AMZN,reddit,0,6
2024-03-30,AMC tendies printing 🍗🍗🍗,positive,0.7371539497322863,AMC,reddit,59,18
2023-04-25,if you're not buying MSFT rn you hate money,positive,0.655224309160496,MSFT,reddit,423,27
2023-05-29,if you're not buying GOOGL rn you hate money,positive,0.7568043456914071,GOOGL,reddit,56,11
2023-02-19,apes dont sell 💎🙌 BB forever,positive,0.4327904499106559,BB,reddit,409,7
2023-06-13,"GUH moment on AMZN, RIP my portfolio",negative,-0.4942087548397203,AMZN,reddit,7,18
2024-08-18,apes dont sell 💎🙌 PLTR forever,positive,0.6867167034015673,PLTR,reddit,46,2
2024-03-05,"theta gang on BB, selling covered calls",neutral,-0.04157483821152211,BB,reddit,35,7
2023-03-02,"positions: 100x AAPL 500c 1/20, wish me luck retards",positive,0.7819504087079849,AAPL,reddit,1,35
2024-10-27,"inverse WSB worked, sold GME at the top",negative,-0.6904534419598948,GME,reddit,115,43
2023-04-13,"positions: 100x SPY 500c 1/20, wish me luck retards",positive,0.6503298669160203,SPY,reddit,180,17
2023-07-27,"META consolidating, waiting for breakout",neutral,-0.12443982247829465,META,reddit,151,28
2023-05-19,bull thesis on GME: trust me bro,positive,0.32362428306637997,GME,reddit,35,0
2024-11-18,"sold my AAPL bags, finally free",negative,-0.7968104258897315,AAPL,reddit,312,20
2023-11-22,"MSFT squeeze incoming, shorts are fukd",positive,0.8881774073276789,MSFT,reddit,51,7
2024-02-23,"GME squeeze incoming, shorts are fukd",positive,0.49066102037377535,GME,reddit,175,36
2024-05-03,imagine buying GOOGL at ATH lmaooo,negative,-0.597267625185075,GOOGL,reddit,187,16
2023-07-02,TSLA IV too high for options rn,neutral,-0.14066734242803222,TSLA,reddit,71,25
2023-09-11,"this is financial advice, buy BB",positive,0.7587849364002202,BB,reddit,42,35
2023-07-29,"this is financial advice, buy SPY",positive,0.7357174196639027,SPY,reddit,28,1
2024-01-01,"this is financial advice, buy MSFT",positive,0.6350347526773488,MSFT,reddit,32,26
2024-03-25,"META rug pull, everyone got rekt",negative,-0.3705598980612057,META,reddit,10,6
2023-02-23,"AAPL going to $0, get out while you can",negative,-0.6021118959465801,AAPL,reddit,243,18
2024-07-08,"positions: 100x NVDA 500c 1/20, wish me luck retards",positive,0.7990819922014154,NVDA,reddit,177,13
2023-11-28,"AMC puts printing, bears eating good tonight",negative,-0.7125581826438503,AMC,reddit,62,13
2024-05-15,"GUH moment on GOOGL, RIP my portfolio",negative,-0.5064455218307506,GOOGL,reddit,59,2
2023-03-06,loss porn: down 90% on PLTR calls,negative,-0.6586963099522148,PLTR,reddit,55,32
2024-02-12,bull thesis on NVDA: trust me bro,positive,0.32040408590972924,NVDA,reddit,9,20
2024-02-07,wife's boyfriend approved my SPY purchase,positive,0.6026645123513683,SPY,reddit,182,43
2024-10-28,"this is financial advice, buy MSFT",positive,0.5013780168747272,MSFT,reddit,45,12
2024-04-05,loss porn: down 90% on NVDA calls,negative,-0.7009567493434572,NVDA,reddit,50,47
2023-04-27,"GUH moment on META, RIP my portfolio",negative,-0.642082032112945,META,reddit,135,43
2023-06-08,"theta gang on AMC, selling covered calls",neutral,-0.09372918713460941,AMC,reddit,63,3
2024-10-14,DD: Why GME is going to $1000 🚀,positive,0.34974634499613194,GME,reddit,5,15
2023-05-14,DD: Why BB is going to $1000 🚀,positive,0.694096665180608,BB,reddit,23,5
2024-05-01,"positions: 100x PLTR 500c 1/20, wish me luck retards",positive,0.5077545757019256,PLTR,reddit,101,2
2023-07-31,"MSFT squeeze incoming, shorts are fukd",positive,0.7626250253939251,MSFT,reddit,152,14
2024-09-11,"sold my NVDA bags, finally free",negative,-0.4798628759686724,NVDA,reddit,142,0
2023-03-14,"GUH moment on AMC, RIP my portfolio",negative,-0.39867283159638134,AMC,reddit,722,54
2023-04-28,"this is financial advice, buy TSLA",positive,0.7234669345976856,TSLA,reddit,7,10
2023-10-13,bull thesis on AMC: trust me bro,positive,0.3474620733914795,AMC,reddit,147,26
2023-03-17,AMZN tendies printing 🍗🍗🍗,positive,0.6112226413946362,AMZN,reddit,38,20
2023-09-27,"this is financial advice, buy GOOGL",positive,0.4297120652090739,GOOGL,reddit,36,18
2024-11-11,DD: Why META is going to $1000 🚀,positive,0.7402040043887574,META,reddit,135,4
2024-04-27,paper trading SPY before going in,neutral,-0.1981922020815796,SPY,reddit,181,0
2024-10-26,imagine buying BB at ATH lmaooo,negative,-0.41911351668209634,BB,reddit,12,32
2023-02-10,bull thesis on AAPL: trust me bro,positive,0.5005643475406536,AAPL,reddit,26,18
2024-05-16,"YOLO'd my life savings into GME calls, cant go tits up",positive,0.53638953251734,GME,reddit,17,25
2024-03-30,what's the play on GME?,neutral,0.03574837638996048,GME,reddit,209,0
2024-11-11,"inverse WSB worked, sold MSFT at the top",negative,-0.6543872660564555,MSFT,reddit,301,14
2023-12-16,if you're not buying GME rn you hate money,positive,0.4472495148989952,GME,reddit,120,65
2024-07-29,"GOOGL puts printing, bears eating good tonight",negative,-0.4858412687600584,GOOGL,reddit,154,47
2024-05-28,AMC tendies printing 🍗🍗🍗,positive,0.3337400138679963,AMC,reddit,55,24
2024-02-18,loss porn: down 90% on AAPL calls,negative,-0.7870223756890641,AAPL,reddit,72,15
2023-12-31,DD: Why GME is going to $1000 🚀,positive,0.8008642596047946,GME,reddit,24,10
2024-09-07,what's the play on SPY?,neutral,0.18081994466790302,SPY,reddit,164,89
2023-08-30,"inverse WSB worked, sold AMZN at the top",negative,-0.8758030785700059,AMZN,reddit,31,90
2023-06-29,DD: Why AMC is going to $1000 🚀,positive,0.6290934963635775,AMC,reddit,198,1
2023-08-29,bull thesis on NVDA: trust me bro,positive,0.40406063884212884,NVDA,reddit,0,18
2024-04-08,"BB squeeze incoming, shorts are fukd",positive,0.3581730487914657,BB,reddit,167,38
2024-01-12,"sold my NVDA bags, finally free",negative,-0.7470001894212968,NVDA,reddit,17,1
2023-08-24,what's the play on BB?,neutral,0.06833583966670476,BB,reddit,343,32
2023-07-18,DD: Why META is going to $1000 🚀,positive,0.4097545469542679,META,reddit,78,68
2023-05-12,anyone got DD on AMZN?,neutral,0.18577268851566558,AMZN,reddit,211,32
2024-02-22,bull thesis on GME: trust me bro,positive,0.8954393500641562,GME,reddit,1,12
2023-01-25,"TSLA puts printing, bears eating good tonight",negative,-0.7158168680028447,TSLA,reddit,52,8
2024-01-19,"PLTR going to $0, get out while you can",negative,-0.7609661494983784,PLTR,reddit,132,5
2024-08-28,apes dont sell 💎🙌 PLTR forever,positive,0.5665905668578107,PLTR,reddit,18,9
2023-05-31,"this is financial advice, buy NVDA",positive,0.6620823432219869,NVDA,reddit,39,17
2023-10-30,loss porn: down 90% on MSFT calls,negative,-0.3985114881530387,MSFT,reddit,818,16
2023-05-20,what's the play on AMZN?,neutral,0.14478161931993888,AMZN,reddit,178,2
2023-04-27,anyone got DD on AAPL?,neutral,-0.010014199881942687,AAPL,reddit,138,6
2024-03-01,paper trading SPY before going in,neutral,0.012330685918061801,SPY,reddit,14,17
2023-05-14,apes dont sell 💎🙌 GOOGL forever,positive,0.8212254429401387,GOOGL,reddit,149,3
2024-10-02,"PLTR consolidating, waiting for breakout",neutral,-0.007320265138527182,PLTR,reddit,16,4
2024-04-27,"GUH moment on GOOGL, RIP my portfolio",negative,-0.4296853565459313,GOOGL,reddit,158,24
2023-01-14,"AMC squeeze incoming, shorts are fukd",positive,0.7896840869764733,AMC,reddit,94,1
2023-04-03,anyone got DD on GOOGL?,neutral,-0.10145216047487016,GOOGL,reddit,251,33
2023-01-23,if you're not buying MSFT rn you hate money,positive,0.7467906623404291,MSFT,reddit,185,66
2024-02-07,"NVDA squeeze incoming, shorts are fukd",positive,0.7907939584946455,NVDA,reddit,101,2
2023-07-10,"theta gang on AMZN, selling covered calls",neutral,0.1413090028329359,AMZN,reddit,20,32
2024-01-01,anyone got DD on GOOGL?,neutral,0.02079293887848549,GOOGL,reddit,231,0
2023-04-28,"GUH moment on NVDA, RIP my portfolio",negative,-0.87761302181107,NVDA,reddit,20,12
2023-01-30,"AMZN going to $0, get out while you can",negative,-0.5639785093489719,AMZN,reddit,51,2
2024-03-17,DD: Why GME is going to $1000 🚀,positive,0.6036549583092781,GME,reddit,150,25
2023-08-25,"theta gang on GME, selling covered calls",neutral,-0.08310490858755247,GME,reddit,93,33
2024-07-12,"BB consolidating, waiting for breakout",neutral,0.18502883531563147,BB,reddit,98,4
2024-06-21,"BB consolidating, waiting for breakout",neutral,-0.056142739594795765,BB,reddit,5,5
2024-08-04,loss porn: down 90% on AAPL calls,negative,-0.667725635200731,AAPL,reddit,165,33
2024-08-04,META IV too high for options rn,neutral,-0.10890300151106942,META,reddit,12,3
2024-02-20,"GME puts printing, bears eating good tonight",negative,-0.8772624801161949,GME,reddit,3,10
2023-02-08,apes dont sell 💎🙌 GME forever,positive,0.3688689012594359,GME,reddit,88,41
2024-02-20,DD: Why AMC is going to $1000 🚀,positive,0.6827242716064532,AMC,reddit,458,16
2023-03-29,DD: Why NVDA is going to $1000 🚀,positive,0.6295785455320368,NVDA,reddit,192,2
2024-02-29,what's the play on META?,neutral,0.03152095777772054,META,reddit,13,76
2023-07-11,"AMZN going to $0, get out while you can",negative,-0.4061667361570725,AMZN,reddit,164,0
2023-12-03,"theta gang on GOOGL, selling covered calls",neutral,0.11072274958280387,GOOGL,reddit,55,4
2023-07-22,"this is financial advice, buy AMZN",positive,0.6808349814960373,AMZN,reddit,99,10
2024-11-15,"inverse WSB worked, sold GME at the top",negative,-0.8742312484734566,GME,reddit,177,4
2023-12-28,"YOLO'd my life savings into SPY calls, cant go tits up",positive,0.8395118216474124,SPY,reddit,59,14
2023-10-19,"YOLO'd my life savings into GME calls, cant go tits up",positive,0.8018634174831356,GME,reddit,36,0
2023-05-04,"AAPL squeeze incoming, shorts are fukd",positive,0.8281651199258779,AAPL,reddit,102,2
2024-01-25,wife's boyfriend approved my META purchase,positive,0.3565042835223434,META,reddit,10,9
2024-01-05,wife's boyfriend approved my GME purchase,positive,0.3819219470280882,GME,reddit,141,79
2023-09-15,anyone got DD on TSLA?,neutral,0.0929121532128182,TSLA,reddit,79,53
2023-08-02,BB IV too high for options rn,neutral,-0.055711103514272914,BB,reddit,7,4
2024-10-12,"NVDA squeeze incoming, shorts are fukd",positive,0.8316787267824406,NVDA,reddit,79,2
2023-05-10,"YOLO'd my life savings into AMC calls, cant go tits up",positive,0.36853130653880506,AMC,reddit,41,2
2024-10-10,"YOLO'd my life savings into PLTR calls, cant go tits up",positive,0.4784472507073727,PLTR,reddit,100,52
2024-08-17,"inverse WSB worked, sold MSFT at the top",negative,-0.833958333594395,MSFT,reddit,30,65
2023-07-12,anyone got DD on META?,neutral,-0.13695850736012982,META,reddit,276,5
2023-10-07,if you're not buying AMZN rn you hate money,positive,0.6566472149899854,AMZN,reddit,97,19
2024-11-01,anyone got DD on NVDA?,neutral,-0.11395923091018739,NVDA,reddit,24,27
2023-06-01,"theta gang on BB, selling covered calls",neutral,-0.11358756446683974,BB,reddit,19,1
2023-06-02,anyone got DD on AMC?,neutral,0.13947416070685142,AMC,reddit,70,9
2023-04-20,"theta gang on MSFT, selling covered calls",neutral,-0.1724961194895368,MSFT,reddit,44,34
2023-02-19,wife's boyfriend approved my TSLA purchase,positive,0.827184435624674,TSLA,reddit,33,33
2023-12-27,"MSFT squeeze incoming, shorts are fukd",positive,0.5301643615767024,MSFT,reddit,14,3
2024-06-22,"BB squeeze incoming, shorts are fukd",positive,0.3743442002558476,BB,reddit,155,8
2023-10-13,"AMZN squeeze incoming, shorts are fukd",positive,0.6558642995025452,AMZN,reddit,19,4
2024-01-05,imagine buying GOOGL at ATH lmaooo,negative,-0.5075846479697491,GOOGL,reddit,351,15
2023-06-26,what's the play on NVDA?,neutral,-0.13717045469985012,NVDA,reddit,25,0
2023-01-29,GME IV too high for options rn,neutral,-0.1355792229043965,GME,reddit,289,15
2024-10-03,wife's boyfriend approved my PLTR purchase,positive,0.6919200857794365,PLTR,reddit,158,22
2023-10-26,"GOOGL squeeze incoming, shorts are fukd",positive,0.8903698284452737,GOOGL,reddit,335,40
2023-09-03,META IV too high for options rn,neutral,-0.04620892576484223,META,reddit,122,19
2024-09-03,apes dont sell 💎🙌 NVDA forever,positive,0.632431703588511,NVDA,reddit,60,4
2023-10-20,"this is financial advice, buy TSLA",positive,0.8240174836606378,TSLA,reddit,336,64
2024-09-21,TSLA IV too high for options rn,neutral,0.08143621442969118,TSLA,reddit,357,21
2024-03-10,apes dont sell 💎🙌 AMZN forever,positive,0.6456190292303369,AMZN,reddit,145,32
2024-04-11,"META rug pull, everyone got rekt",negative,-0.3232354702480522,META,reddit,61,4
2024-01-15,DD: Why NVDA is going to $1000 🚀,positive,0.37553957749417893,NVDA,reddit,17,6
2023-06-06,apes dont sell 💎🙌 AMZN forever,positive,0.3936752728486389,AMZN,reddit,65,64
2023-07-25,"this is financial advice, buy TSLA",positive,0.8269601432526039,TSLA,reddit,201,12
2024-10-03,"SPY rug pull, everyone got rekt",negative,-0.5024540895955523,SPY,reddit,12,62
2023-08-20,"inverse WSB worked, sold GOOGL at the top",negative,-0.6466314362491057,GOOGL,reddit,44,27
2023-12-20,bull thesis on AMC: trust me bro,positive,0.643977855577831,AMC,reddit,98,12
2023-10-04,AMZN IV too high for options rn,neutral,0.06292193424410775,AMZN,reddit,358,16
2023-02-22,"theta gang on TSLA, selling covered calls",neutral,-0.00229503404009454,TSLA,reddit,41,5
2023-08-09,wife's boyfriend approved my GOOGL purchase,positive,0.6752320674870511,GOOGL,reddit,14,33
2024-10-04,bull thesis on AAPL: trust me bro,positive,0.7946596789364175,AAPL,reddit,187,0
2023-07-24,what's the play on META?,neutral,0.12663969948239195,META,reddit,30,32
2024-09-11,"NVDA going to $0, get out while you can",negative,-0.6376402042454121,NVDA,reddit,170,16
2023-08-17,DD: Why AAPL is going to $1000 🚀,positive,0.3558998889710242,AAPL,reddit,43,0
2023-08-24,"theta gang on GOOGL, selling covered calls",neutral,0.025483929839397484,GOOGL,reddit,430,36
2024-04-13,"positions: 100x TSLA 500c 1/20, wish me luck retards",positive,0.5382908598557198,TSLA,reddit,275,6
2023-07-24,DD: Why MSFT is going to $1000 🚀,positive,0.7337780770430606,MSFT,reddit,65,6
2023-03-21,"GOOGL squeeze incoming, shorts are fukd",positive,0.5692329661560449,GOOGL,reddit,1,6
2023-02-11,AMZN IV too high for options rn,neutral,-0.01740086849679759,AMZN,reddit,16,10
2023-06-19,if you're not buying AAPL rn you hate money,positive,0.5176666366553222,AAPL,reddit,31,4
2023-04-06,imagine buying SPY at ATH lmaooo,negative,-0.6671153085223459,SPY,reddit,75,16
2024-09-17,apes dont sell 💎🙌 TSLA forever,positive,0.7050975947342267,TSLA,reddit,49,12
2023-05-27,"YOLO'd my life savings into SPY calls, cant go tits up",positive,0.7875492443933234,SPY,reddit,8,47
2024-05-10,"BB going to $0, get out while you can",negative,-0.4108826901488821,BB,reddit,24,14
2024-10-09,"BB rug pull, everyone got rekt",negative,-0.8643926811096604,BB,reddit,27,36
2023-01-04,what's the play on MSFT?,neutral,0.08374168990348846,MSFT,reddit,49,6
2023-11-22,apes dont sell 💎🙌 AAPL forever,positive,0.47737577094062517,AAPL,reddit,111,10
2024-04-12,loss porn: down 90% on MSFT calls,negative,-0.5423123897400024,MSFT,reddit,4,54
2024-05-04,"sold my BB bags, finally free",negative,-0.8811177877872994,BB,reddit,15,12
2024-04-06,anyone got DD on NVDA?,neutral,-0.01660759490071953,NVDA,reddit,362,6
2024-05-18,"SPY puts printing, bears eating good tonight",negative,-0.5829121453861186,SPY,reddit,101,20
2023-01-28,imagine buying META at ATH lmaooo,negative,-0.40042923663370655,META,reddit,194,6
2023-01-16,"theta gang on META, selling covered calls",neutral,-0.19202557958230432,META,reddit,153,71
2023-07-11,DD: Why AAPL is going to $1000 🚀,positive,0.7917533058384675,AAPL,reddit,15,5
2023-07-08,"this is financial advice, buy AMZN",positive,0.6139293637611205,AMZN,reddit,100,13
2023-05-14,what's the play on PLTR?,neutral,-0.13643830256614625,PLTR,reddit,237,47
2024-07-07,bull thesis on NVDA: trust me bro,positive,0.5380303806051129,NVDA,reddit,57,14
2024-03-15,"NVDA squeeze incoming, shorts are fukd",positive,0.6142977256976347,NVDA,reddit,201,19
2024-06-23,wife's boyfriend approved my GME purchase,positive,0.3596102291858476,GME,reddit,150,0
2023-03-01,if you're not buying AMZN rn you hate money,positive,0.4934772852454411,AMZN,reddit,141,0
2024-09-19,"AMZN consolidating, waiting for breakout",neutral,0.1993780355893479,AMZN,reddit,27,61
2023-04-22,"this is financial advice, buy AMZN",positive,0.7037977333608607,AMZN,reddit,155,30
2024-07-09,"inverse WSB worked, sold GOOGL at the top",negative,-0.5522607930718186,GOOGL,reddit,3,10
2023-12-19,"positions: 100x PLTR 500c 1/20, wish me luck retards",positive,0.7782820570020381,PLTR,reddit,14,4
2023-05-30,AMC tendies printing 🍗🍗🍗,positive,0.7933558310960369,AMC,reddit,74,17
2024-03-01,if you're not buying AMZN rn you hate money,positive,0.7846112473289344,AMZN,reddit,29,46
2023-07-29,if you're not buying GME rn you hate money,positive,0.8595538015473116,GME,reddit,382,22
2023-08-23,"theta gang on GOOGL, selling covered calls",neutral,-0.04389104086826681,GOOGL,reddit,149,6
2023-09-29,"theta gang on META, selling covered calls",neutral,0.08127743624169104,META,reddit,505,22
2024-05-18,"positions: 100x SPY 500c 1/20, wish me luck retards",positive,0.7471186653777591,SPY,reddit,164,74
2023-09-22,imagine buying AAPL at ATH lmaooo,negative,-0.6796027610590396,AAPL,reddit,23,18
2024-09-18,anyone got DD on NVDA?,neutral,0.05057699873733734,NVDA,reddit,20,20
2023-07-14,anyone got DD on TSLA?,neutral,0.1727610727571965,TSLA,reddit,28,9
2023-01-09,GME tendies printing 🍗🍗🍗,positive,0.5319330021810994,GME,reddit,102,22
2024-10-21,"GOOGL rug pull, everyone got rekt",negative,-0.5272700655480252,GOOGL,reddit,175,9
2023-06-03,"inverse WSB worked, sold AMZN at the top",negative,-0.41489064453743346,AMZN,reddit,32,19
2024-11-17,"GOOGL consolidating, waiting for breakout",neutral,-0.043767493048828154,GOOGL,reddit,27,7
2023-12-25,"MSFT puts printing, bears eating good tonight",negative,-0.4069736648115405,MSFT,reddit,15,8
2023-02-04,"MSFT puts printing, bears eating good tonight",negative,-0.44143020885000667,MSFT,reddit,199,2
2023-05-18,"inverse WSB worked, sold AMC at the top",negative,-0.574865572182667,AMC,reddit,20,84
2023-01-26,imagine buying TSLA at ATH lmaooo,negative,-0.8717430969081832,TSLA,reddit,254,2
2024-08-25,bull thesis on GME: trust me bro,positive,0.3735169760691791,GME,reddit,60,2
2024-10-26,"GUH moment on AMC, RIP my portfolio",negative,-0.6499563891676045,AMC,reddit,33,7
2024-05-16,DD: Why SPY is going to $1000 🚀,positive,0.7697432416518659,SPY,reddit,78,9
2024-03-22,bull thesis on NVDA: trust me bro,positive,0.3540269365560511,NVDA,reddit,96,22
2024-01-22,if you're not buying MSFT rn you hate money,positive,0.8900772657858886,MSFT,reddit,9,22
2023-04-20,DD: Why NVDA is going to $1000 🚀,positive,0.6103211889367601,NVDA,reddit,16,13
2023-05-04,DD: Why BB is going to $1000 🚀,positive,0.8827136965115099,BB,reddit,73,13
2024-08-26,bull thesis on MSFT: trust me bro,positive,0.5834200953381354,MSFT,reddit,24,6
2024-11-10,"META rug pull, everyone got rekt",negative,-0.6226372801516644,META,reddit,126,29
2023-07-15,what's the play on TSLA?,neutral,0.0533070654959239,TSLA,reddit,123,30
2024-04-13,DD: Why MSFT is going to $1000 🚀,positive,0.8255403919896105,MSFT,reddit,21,0
2024-11-03,"SPY rug pull, everyone got rekt",negative,-0.7418346052748737,SPY,reddit,12,41
2023-08-21,"YOLO'd my life savings into TSLA calls, cant go tits up",positive,0.6218991930960434,TSLA,reddit,257,8
2023-03-09,"positions: 100x GME 500c 1/20, wish me luck retards",positive,0.36310147727878267,GME,reddit,131,70
2024-10-21,"AMC consolidating, waiting for breakout",neutral,0.19416722544783566,AMC,reddit,1,0
2023-06-07,"sold my AMZN bags, finally free",negative,-0.6805165149848507,AMZN,reddit,15,2
2023-11-07,AMZN tendies printing 🍗🍗🍗,positive,0.7551597718764161,AMZN,reddit,191,17
2024-04-11,"YOLO'd my life savings into GME calls, cant go tits up",positive,0.6620833840668587,GME,reddit,215,41
2024-09-13,"inverse WSB worked, sold BB at the top",negative,-0.8904969567058049,BB,reddit,45,21
2023-10-28,wife's boyfriend approved my TSLA purchase,positive,0.3930642483361613,TSLA,reddit,152,17
2024-02-20,GME IV too high for options rn,neutral,0.009822707352801802,GME,reddit,28,56
2024-10-31,loss porn: down 90% on NVDA calls,negative,-0.642755108499357,NVDA,reddit,22,0
2024-09-11,"GME squeeze incoming, shorts are fukd",positive,0.45268635295101123,GME,reddit,78,9
2023-11-09,GOOGL tendies printing 🍗🍗🍗,positive,0.8678097063820838,GOOGL,reddit,9,40
2023-01-20,"positions: 100x GME 500c 1/20, wish me luck retards",positive,0.7841836295352544,GME,reddit,17,5
2024-11-15,what's the play on META?,neutral,0.13447616945718832,META,reddit,41,45
2023-09-18,"YOLO'd my life savings into AAPL calls, cant go tits up",positive,0.8066961043484753,AAPL,reddit,107,78
2023-07-10,what's the play on TSLA?,neutral,-0.10120753225761506,TSLA,reddit,34,31
2023-01-20,GME IV too high for options rn,neutral,-0.028416524020525136,GME,reddit,153,54
2024-06-05,if you're not buying MSFT rn you hate money,positive,0.5798996480424761,MSFT,reddit,61,39
2023-10-15,"SPY rug pull, everyone got rekt",negative,-0.39903863507407566,SPY,reddit,248,4
2024-03-29,bull thesis on MSFT: trust me bro,positive,0.44314574504255577,MSFT,reddit,22,5
2024-05-28,"GUH moment on AMC, RIP my portfolio",negative,-0.6691240132574269,AMC,reddit,32,4
2023-03-26,"GUH moment on BB, RIP my portfolio",negative,-0.3045528504285083,BB,reddit,130,39
2024-08-05,"this is financial advice, buy PLTR",positive,0.7893918056871994,PLTR,reddit,528,20
2023-10-04,bull thesis on MSFT: trust me bro,positive,0.5737050069806513,MSFT,reddit,84,2
2023-11-09,anyone got DD on GME?,neutral,-0.0600254865002737,GME,reddit,18,39
2024-09-03,"sold my BB bags, finally free",negative,-0.560832382810819,BB,reddit,156,22
2023-11-05,bull thesis on AMC: trust me bro,positive,0.39075541798611657,AMC,reddit,6,45
2024-08-08,"positions: 100x GME 500c 1/20, wish me luck retards",positive,0.378147865941562,GME,reddit,48,34
2023-06-23,"AMC going to $0, get out while you can",negative,-0.8000021198712515,AMC,reddit,86,11
2024-08-28,paper trading AAPL before going in,neutral,0.05530370203098489,AAPL,reddit,76,33
2024-03-12,loss porn: down 90% on TSLA calls,negative,-0.43584989450337586,TSLA,reddit,202,44
2023-02-07,"AMC consolidating, waiting for breakout",neutral,0.03653384397881493,AMC,reddit,46,4
2023-02-13,what's the play on TSLA?,neutral,-0.02841009975964015,TSLA,reddit,12,4
2023-06-29,"GUH moment on PLTR, RIP my portfolio",negative,-0.6813457023378704,PLTR,reddit,205,9
