date,text,sentiment,sentiment_score,stock_mentioned,source,likes,replies
2023-05-02,apes together strong 🦍 AMZN,positive,0.7678146001636617,AMZN,youtube,8,0
2023-11-05,Nvidia looking interesting ngl,neutral,-0.1428532728312237,NVDA,youtube,175,8
2023-09-10,"never selling my SPY shares, generational wealth",positive,0.41004270591206027,SPY,youtube,28,1
2024-07-20,biggest regret buying Nvidia smh,negative,-0.8720006020718307,NVDA,youtube,204,3
2024-01-23,whats the PT for Meta?,neutral,-0.1317903505250834,META,youtube,142,4
2024-01-02,Google making me rich fr fr,positive,0.35860326840383033,GOOGL,youtube,57,4
2024-01-23,anyone still holding Google?,neutral,0.16372816083151281,GOOGL,youtube,18,3
2024-07-09,"Tesla scam, dont buy this garbage",negative,-0.8812120245266649,TSLA,youtube,140,11
2023-10-23,who else got rekt by AMC? 😭,negative,-0.5577336153567602,AMC,youtube,93,6
2023-01-15,who else got rekt by AMC? 😭,negative,-0.6859480039838464,AMC,youtube,9,0
2023-05-19,rip to everyone who bought GME at the top,negative,-0.7807705910794965,GME,youtube,11,6
2023-02-10,anyone still holding Meta?,neutral,-0.17038213930636387,META,youtube,123,9
2023-04-09,rip to everyone who bought Meta at the top,negative,-0.8618649898283859,META,youtube,44,1
2023-01-05,why did i buy NVDA?? down so bad rn,negative,-0.828243452437019,NVDA,youtube,41,7
2024-04-05,"SPY going to zero, get out now",negative,-0.4736022661885275,SPY,youtube,11,11
2024-10-16,lmao META bagholders in shambles,negative,-0.3554601156443441,META,youtube,70,1
2024-07-10,apes together strong 🦍 Tesla,positive,0.7168709598238228,TSLA,youtube,17,0
2023-12-14,lmao SPY bagholders in shambles,negative,-0.3644646009060133,SPY,youtube,22,11
2023-09-16,apes together strong 🦍 GOOGL,positive,0.5562646731757538,GOOGL,youtube,0,3
2024-10-25,"sold all my SPY, this thing is done",negative,-0.48453838026583773,SPY,youtube,143,1
2024-07-17,"Apple going to zero, get out now",negative,-0.6576982973651755,AAPL,youtube,14,5
2023-04-23,"idk about AAPL tbh, mixed signals",neutral,-0.08606380224901296,AAPL,youtube,187,2
2024-11-14,🚀🚀🚀 TSLA to the moon!!!,positive,0.6806108068208183,TSLA,youtube,29,4
2023-10-21,paper hands saved me from AAPL disaster,negative,-0.44302823080276943,AAPL,youtube,22,5
2023-12-15,rip to everyone who bought Microsoft at the top,negative,-0.8095694736207424,MSFT,youtube,97,1
2024-05-03,Nvidia making me rich fr fr,positive,0.6072558349795687,NVDA,youtube,58,2
2023-05-31,what do yall think about AMC?,neutral,0.07027604681571231,AMC,youtube,38,5
2023-01-02,Google making me rich fr fr,positive,0.8893010059976614,GOOGL,youtube,279,16
2023-07-27,paper hands saved me from NVDA disaster,negative,-0.6965821253707796,NVDA,youtube,113,10
2024-02-24,"new to investing, is Apple good?",neutral,0.14037137950700512,AAPL,youtube,114,4
2023-12-04,told yall Tesla was gonna pump,positive,0.6981010614648335,TSLA,youtube,33,2
2023-10-04,Apple looking interesting ngl,neutral,0.08487168853901433,AAPL,youtube,9,2
2024-04-04,anyone still holding Apple?,neutral,0.06304515692013735,AAPL,youtube,35,5
2023-10-10,"best stock ever, Nvidia is the future",positive,0.8873357149650054,NVDA,youtube,28,2
2024-06-30,rip to everyone who bought Nvidia at the top,negative,-0.7828542073211733,NVDA,youtube,73,0
2023-04-09,waiting for Amazon to dip more,neutral,0.18157143080103494,AMZN,youtube,68,15
2023-07-10,lol bears are so wrong about Apple,positive,0.643375481502503,AAPL,youtube,18,1
2024-07-19,"this is gonna be huge, AMC will 10x easy",positive,0.40169564801165547,AMC,youtube,59,4
2023-04-14,"best stock ever, SPY is the future",positive,0.5151880687776984,SPY,youtube,59,6
2024-02-12,Nvidia making me rich fr fr,positive,0.7856166932871083,NVDA,youtube,122,3
2023-05-23,lmao NVDA bagholders in shambles,negative,-0.510021641533341,NVDA,youtube,23,0
2023-07-09,"SPY scam, dont buy this garbage",negative,-0.7031083995151608,SPY,youtube,16,4
2024-03-19,diamond hands 💎🙌 holding MSFT forever,positive,0.3233008406576539,MSFT,youtube,19,8
2023-12-16,"never selling my Google shares, generational wealth",positive,0.6737342854914001,GOOGL,youtube,38,5
2024-10-20,"idk about SPY tbh, mixed signals",neutral,0.18781474684566363,SPY,youtube,79,1
2023-05-07,paper hands saved me from SPY disaster,negative,-0.7494836835920033,SPY,youtube,59,2
2024-08-23,🚀🚀🚀 Microsoft to the moon!!!,positive,0.5654113378386627,MSFT,youtube,53,1
2023-09-04,whats the PT for Amazon?,neutral,0.06284453140006674,AMZN,youtube,2,4
2023-04-04,"best stock ever, AMZN is the future",positive,0.3086360931778535,AMZN,youtube,96,6
2024-09-03,biggest regret buying AMZN smh,negative,-0.4419813461976534,AMZN,youtube,9,2
2023-06-29,Google making me rich fr fr,positive,0.8694874389548317,GOOGL,youtube,23,4
2023-12-02,rip to everyone who bought Google at the top,negative,-0.5763735309599625,GOOGL,youtube,51,0
2024-01-15,lmao TSLA bagholders in shambles,negative,-0.5547154932744727,TSLA,youtube,6,8
2023-02-12,Apple looking interesting ngl,neutral,-0.04555894487969031,AAPL,youtube,10,0
2023-03-31,just bought more TSLA let's gooo,positive,0.32337787938614015,TSLA,youtube,19,9
2024-05-15,just bought more Meta let's gooo,positive,0.45641671694154184,META,youtube,21,13
2024-01-29,told yall AMC was gonna pump,positive,0.7820885582309092,AMC,youtube,27,4
2023-04-06,why did i buy TSLA?? down so bad rn,negative,-0.6524293938531441,TSLA,youtube,20,13
2023-09-30,what do yall think about META?,neutral,0.07193791196009836,META,youtube,38,3
2024-03-20,apes together strong 🦍 Google,positive,0.35999093229711804,GOOGL,youtube,117,0
2023-04-09,diamond hands 💎🙌 holding AMZN forever,positive,0.6440627328739716,AMZN,youtube,46,4
2023-04-19,lol bears are so wrong about AMC,positive,0.7749474262355092,AMC,youtube,133,18
2023-08-23,should i buy META or wait?,neutral,-0.0233877994506492,META,youtube,61,17
2023-06-23,biggest regret buying MSFT smh,negative,-0.5290691620102433,MSFT,youtube,60,0
2023-12-05,should i buy Amazon or wait?,neutral,-0.1413580713231898,AMZN,youtube,43,9
2023-05-12,what do yall think about AMC?,neutral,0.1788994309535435,AMC,youtube,21,6
2024-06-14,"SPY scam, dont buy this garbage",negative,-0.47694938142200405,SPY,youtube,5,3
2024-03-31,"never selling my Google shares, generational wealth",positive,0.6428838151230064,GOOGL,youtube,6,5
2024-05-22,"idk about AMC tbh, mixed signals",neutral,-0.10499741148301203,AMC,youtube,16,10
2023-08-01,"best stock ever, Amazon is the future",positive,0.7812655494160405,AMZN,youtube,247,0
2024-06-09,lmao AMC bagholders in shambles,negative,-0.8547392717461385,AMC,youtube,17,27
2023-01-12,why did i buy AMC?? down so bad rn,negative,-0.3593051937054066,AMC,youtube,159,0
2023-12-14,my portfolio up 500% thanks to GameStop 😂,positive,0.6720795586809221,GME,youtube,52,2
2024-05-16,"never selling my AMC shares, generational wealth",positive,0.3466407821789909,AMC,youtube,1,1
2023-09-13,why did i buy TSLA?? down so bad rn,negative,-0.40647765424609855,TSLA,youtube,43,12
2024-01-09,just bought more AMZN let's gooo,positive,0.630952723526442,AMZN,youtube,83,21
2024-11-19,lol bears are so wrong about AMC,positive,0.7497469799856433,AMC,youtube,91,3
2024-04-20,rip to everyone who bought Meta at the top,negative,-0.8917968211038017,META,youtube,83,40
2024-04-02,"idk about AMZN tbh, mixed signals",neutral,0.03405981293018878,AMZN,youtube,23,1
2024-03-24,🚀🚀🚀 Google to the moon!!!,positive,0.8724306163552336,GOOGL,youtube,55,4
2024-03-13,my portfolio up 500% thanks to SPY 😂,positive,0.313310845218181,SPY,youtube,73,3
2024-09-15,waiting for AMC to dip more,neutral,0.18718950617592922,AMC,youtube,32,2
2024-02-26,waiting for NVDA to dip more,neutral,0.08163190723968944,NVDA,youtube,48,19
2023-11-04,"NVDA is trash, worst investment ever",negative,-0.6646535729401606,NVDA,youtube,39,2
2023-05-13,waiting for NVDA to dip more,neutral,0.048834680091149385,NVDA,youtube,79,3
2024-06-29,what do yall think about GME?,neutral,-0.09670224468041666,GME,youtube,48,2
2024-10-24,apes together strong 🦍 NVDA,positive,0.4440873712669159,NVDA,youtube,6,0
2023-10-08,my portfolio up 500% thanks to Google 😂,positive,0.4080403634095791,GOOGL,youtube,113,3
2023-01-05,"NVDA is trash, worst investment ever",negative,-0.5388387626754239,NVDA,youtube,21,2
2023-12-12,"best stock ever, AMC is the future",positive,0.3723815226603605,AMC,youtube,112,0
2023-05-01,apes together strong 🦍 AMC,positive,0.32358728390465935,AMC,youtube,58,3
2024-09-16,🚀🚀🚀 Apple to the moon!!!,positive,0.46612658888832226,AAPL,youtube,45,21
2023-03-19,who else got rekt by SPY? 😭,negative,-0.6092862088853872,SPY,youtube,31,6
2023-12-29,my portfolio up 500% thanks to NVDA 😂,positive,0.37987015715248695,NVDA,youtube,37,0
2024-04-29,why did i buy AMC?? down so bad rn,negative,-0.6617017004975505,AMC,youtube,10,4
2024-06-08,waiting for AMC to dip more,neutral,-0.06900105912883414,AMC,youtube,45,5
2024-04-14,"idk about GOOGL tbh, mixed signals",neutral,-0.00816715929829992,GOOGL,youtube,44,6
2024-11-22,why did i buy Amazon?? down so bad rn,negative,-0.6727364244292264,AMZN,youtube,51,4
2024-10-23,"best stock ever, AAPL is the future",positive,0.6634648916141324,AAPL,youtube,12,2
2023-08-31,who else got rekt by META? 😭,negative,-0.3619407452241449,META,youtube,0,5
2024-10-07,waiting for GOOGL to dip more,neutral,-0.040857760381703356,GOOGL,youtube,184,3
2024-03-10,waiting for GameStop to dip more,neutral,0.17175039565103434,GME,youtube,91,1
2023-04-23,Apple looking interesting ngl,neutral,-0.02982542455343329,AAPL,youtube,37,6
2023-09-16,waiting for GOOGL to dip more,neutral,0.032495288569044906,GOOGL,youtube,2,2
2023-06-17,who else is buying the dip? TSLA gang,positive,0.6293531879333865,TSLA,youtube,83,1
2024-02-23,rip to everyone who bought GameStop at the top,negative,-0.8299823615149913,GME,youtube,21,13
2024-04-03,Amazon looking interesting ngl,neutral,-0.036592682825633244,AMZN,youtube,139,0
2023-08-17,my portfolio up 500% thanks to GME 😂,positive,0.7329579304507663,GME,youtube,11,0
2023-05-12,lol bears are so wrong about SPY,positive,0.44141504763899986,SPY,youtube,19,4
2024-02-26,who else got rekt by NVDA? 😭,negative,-0.636519054857869,NVDA,youtube,38,2
2024-09-07,rip to everyone who bought Meta at the top,negative,-0.3602552560352589,META,youtube,13,3
2024-03-23,why did i buy GameStop?? down so bad rn,negative,-0.5233751681571492,GME,youtube,9,10
2023-04-07,paper hands saved me from MSFT disaster,negative,-0.5561094904455668,MSFT,youtube,61,7
2024-09-26,diamond hands 💎🙌 holding SPY forever,positive,0.6419338109227899,SPY,youtube,70,0
2023-01-15,lmao Google bagholders in shambles,negative,-0.625799868430993,GOOGL,youtube,79,0
2023-10-19,"never selling my NVDA shares, generational wealth",positive,0.763129188358947,NVDA,youtube,62,4
2023-01-23,waiting for Microsoft to dip more,neutral,0.16338022453345136,MSFT,youtube,30,14
2024-09-14,my portfolio up 500% thanks to AMC 😂,positive,0.6035332073306796,AMC,youtube,64,4
2023-05-07,diamond hands 💎🙌 holding Amazon forever,positive,0.774050782274452,AMZN,youtube,8,4
2024-02-11,"GME scam, dont buy this garbage",negative,-0.8536073607067277,GME,youtube,6,1
2024-07-20,diamond hands 💎🙌 holding AMC forever,positive,0.3747976087219601,AMC,youtube,12,4
2023-04-27,lol bears are so wrong about GOOGL,positive,0.5011183449875406,GOOGL,youtube,46,0
2023-07-29,biggest regret buying TSLA smh,negative,-0.34808663015234365,TSLA,youtube,32,12
2023-06-29,why did i buy AMC?? down so bad rn,negative,-0.7510641343457088,AMC,youtube,27,12
2023-02-18,apes together strong 🦍 TSLA,positive,0.6793585727517183,TSLA,youtube,9,16
2023-11-23,"best stock ever, GME is the future",positive,0.8163792107344405,GME,youtube,45,0
2024-04-21,anyone still holding AAPL?,neutral,0.11991280882970778,AAPL,youtube,31,4
2023-04-23,"this is gonna be huge, Tesla will 10x easy",positive,0.5719733008488166,TSLA,youtube,25,4
2024-10-04,🚀🚀🚀 META to the moon!!!,positive,0.5006176867862893,META,youtube,23,1
2023-12-15,rip to everyone who bought TSLA at the top,negative,-0.8847681866037931,TSLA,youtube,26,4
2023-08-27,who else is buying the dip? GameStop gang,positive,0.7031356461592371,GME,youtube,42,10
2023-10-15,who else got rekt by GameStop? 😭,negative,-0.8403351643443929,GME,youtube,96,8
2023-01-07,lol bears are so wrong about Meta,positive,0.38464910926662815,META,youtube,50,6
2023-03-23,"new to investing, is GOOGL good?",neutral,-0.12742582596408109,GOOGL,youtube,111,8
2023-04-29,NVDA making me rich fr fr,positive,0.7950643988535959,NVDA,youtube,15,4
2024-05-20,"Nvidia going to zero, get out now",negative,-0.6383240825188099,NVDA,youtube,72,0
2023-04-25,"new to investing, is Meta good?",neutral,0.19414692489669388,META,youtube,35,6
2023-08-23,"Microsoft going to zero, get out now",negative,-0.7452673887400787,MSFT,youtube,27,0
2023-05-08,should i buy Microsoft or wait?,neutral,-0.09107706939225242,MSFT,youtube,6,4
2024-08-10,🚀🚀🚀 Microsoft to the moon!!!,positive,0.5431488528166133,MSFT,youtube,11,0
2023-09-25,told yall GameStop was gonna pump,positive,0.45989903602252935,GME,youtube,50,3
2024-07-29,rip to everyone who bought SPY at the top,negative,-0.6487376850647562,SPY,youtube,21,15
2023-05-29,lol bears are so wrong about SPY,positive,0.661891265679833,SPY,youtube,90,2
2023-04-08,anyone still holding Nvidia?,neutral,-0.08115131375073,NVDA,youtube,25,15
2023-05-28,my portfolio up 500% thanks to GOOGL 😂,positive,0.42896422715445404,GOOGL,youtube,8,9
2023-06-03,anyone still holding TSLA?,neutral,0.038737139566755674,TSLA,youtube,32,2
2023-01-25,🚀🚀🚀 GameStop to the moon!!!,positive,0.5972947897237191,GME,youtube,14,8
2024-06-07,Microsoft looking interesting ngl,neutral,0.1870797552828346,MSFT,youtube,22,0
2024-05-11,"idk about AMC tbh, mixed signals",neutral,0.11600542351674242,AMC,youtube,10,3
2024-04-29,"new to investing, is AAPL good?",neutral,0.05557975413370475,AAPL,youtube,58,9
2024-06-21,told yall SPY was gonna pump,positive,0.6879989514702981,SPY,youtube,2,6
2024-01-26,whats the PT for Microsoft?,neutral,0.022322632574871853,MSFT,youtube,1,5
2024-08-16,my portfolio up 500% thanks to META 😂,positive,0.8826349470992207,META,youtube,68,0
2024-09-11,biggest regret buying GME smh,negative,-0.5132720096245067,GME,youtube,6,0
2023-02-08,who else got rekt by Meta? 😭,negative,-0.6353807029511029,META,youtube,18,3
2024-05-07,what do yall think about Apple?,neutral,0.09514230676260998,AAPL,youtube,47,1
2023-05-21,META making me rich fr fr,positive,0.8942047880050663,META,youtube,24,13
2023-11-14,diamond hands 💎🙌 holding AAPL forever,positive,0.33161030158633714,AAPL,youtube,32,4
2023-12-25,whats the PT for AMC?,neutral,-0.04068504640974577,AMC,youtube,36,6
2023-10-20,my portfolio up 500% thanks to Google 😂,positive,0.47234339499244904,GOOGL,youtube,2,0
2023-05-20,what do yall think about AMC?,neutral,-0.15621296052835396,AMC,youtube,156,7
2023-10-29,"never selling my GME shares, generational wealth",positive,0.550548465470957,GME,youtube,45,11
2024-07-28,whats the PT for GameStop?,neutral,0.19646745045479064,GME,youtube,13,8
2024-05-20,apes together strong 🦍 SPY,positive,0.40591681920330497,SPY,youtube,75,2
2024-07-26,who else is buying the dip? Nvidia gang,positive,0.8302715309780555,NVDA,youtube,15,3
2023-04-30,rip to everyone who bought Nvidia at the top,negative,-0.807662456196087,NVDA,youtube,68,0
2023-11-19,"idk about AMC tbh, mixed signals",neutral,-0.16340526504089806,AMC,youtube,15,3
2023-02-09,just bought more AMC let's gooo,positive,0.8172765703592704,AMC,youtube,134,6
2023-06-25,"never selling my GME shares, generational wealth",positive,0.5236131102073884,GME,youtube,34,0
2023-02-09,"never selling my Apple shares, generational wealth",positive,0.3456785156941801,AAPL,youtube,107,3
2023-10-16,anyone still holding Tesla?,neutral,-0.060876316839122785,TSLA,youtube,105,7
2023-12-29,rip to everyone who bought AMC at the top,negative,-0.8055956041784844,AMC,youtube,13,13
2024-07-10,apes together strong 🦍 META,positive,0.7516299837345848,META,youtube,102,0
2024-07-04,should i buy Amazon or wait?,neutral,0.12797876696324006,AMZN,youtube,8,8
2024-06-08,"idk about Tesla tbh, mixed signals",neutral,-0.09652466772083682,TSLA,youtube,47,19
2024-11-05,"GME is trash, worst investment ever",negative,-0.5195965781402332,GME,youtube,6,1
2023-10-05,told yall AMZN was gonna pump,positive,0.8777952023153968,AMZN,youtube,138,5
2023-01-22,apes together strong 🦍 MSFT,positive,0.3998265521593634,MSFT,youtube,48,0
2023-08-15,"new to investing, is GOOGL good?",neutral,0.07042090287470176,GOOGL,youtube,45,2
2024-07-23,🚀🚀🚀 NVDA to the moon!!!,positive,0.49416613148972477,NVDA,youtube,0,0
2023-09-28,lmao AMC bagholders in shambles,negative,-0.6442912186584162,AMC,youtube,79,5
2024-04-03,just bought more Google let's gooo,positive,0.7636936680100828,GOOGL,youtube,15,15
2023-03-25,"never selling my AMZN shares, generational wealth",positive,0.7387620401842114,AMZN,youtube,25,1
2023-06-11,what do yall think about MSFT?,neutral,-0.07170290382474903,MSFT,youtube,11,0
2024-03-05,"GameStop is trash, worst investment ever",negative,-0.3813850500962177,GME,youtube,11,0
2024-01-22,apes together strong 🦍 GOOGL,positive,0.8068699368701326,GOOGL,youtube,79,1
2023-07-25,should i buy AMC or wait?,neutral,0.046660125808295205,AMC,youtube,45,4
2024-05-15,told yall AMC was gonna pump,positive,0.42031483602020203,AMC,youtube,15,7
2023-11-16,🚀🚀🚀 Tesla to the moon!!!,positive,0.30697232394486035,TSLA,youtube,25,18
2023-04-12,anyone still holding Apple?,neutral,0.07799275445061704,AAPL,youtube,119,6
2024-11-02,what do yall think about AMC?,neutral,-0.10318199365498902,AMC,youtube,0,3
2023-01-02,🚀🚀🚀 Tesla to the moon!!!,positive,0.6357892100921485,TSLA,youtube,38,10
2023-06-15,diamond hands 💎🙌 holding Meta forever,positive,0.5146808105569629,META,youtube,41,5
2023-11-13,should i buy Apple or wait?,neutral,-0.18352660188829134,AAPL,youtube,61,0
2023-09-21,whats the PT for AMC?,neutral,0.045177669946242366,AMC,youtube,147,4
2023-03-25,whats the PT for META?,neutral,0.12593004549860493,META,youtube,40,4
2023-01-14,whats the PT for AMC?,neutral,0.057431078078609976,AMC,youtube,4,0
2024-07-20,told yall SPY was gonna pump,positive,0.8230701399553211,SPY,youtube,31,6
2024-08-16,"idk about Nvidia tbh, mixed signals",neutral,0.06348311020035047,NVDA,youtube,1,5
2023-02-04,my portfolio up 500% thanks to Nvidia 😂,positive,0.8848758972880699,NVDA,youtube,12,2
2023-01-24,who else is buying the dip? AMZN gang,positive,0.5775737740435898,AMZN,youtube,27,2
2024-08-30,diamond hands 💎🙌 holding TSLA forever,positive,0.6029069291358107,TSLA,youtube,44,0
2023-10-22,diamond hands 💎🙌 holding Tesla forever,positive,0.8240539428489964,TSLA,youtube,16,4
2023-01-21,Tesla looking interesting ngl,neutral,-0.04646113925288148,TSLA,youtube,66,0
2024-06-09,"new to investing, is SPY good?",neutral,0.04074215346480342,SPY,youtube,177,0
2024-01-16,"idk about Microsoft tbh, mixed signals",neutral,-0.025133844473269384,MSFT,youtube,29,3
2023-01-28,just bought more AAPL let's gooo,positive,0.3571569047727758,AAPL,youtube,14,5
2023-10-30,my portfolio up 500% thanks to GOOGL 😂,positive,0.6592283880600646,GOOGL,youtube,13,10
2023-05-13,biggest regret buying AMC smh,negative,-0.6307334557011581,AMC,youtube,14,4
2024-11-17,"new to investing, is AMC good?",neutral,-0.056299700833501776,AMC,youtube,54,3
2023-09-08,Microsoft looking interesting ngl,neutral,-0.021452541394965774,MSFT,youtube,5,1
2023-02-04,lol bears are so wrong about AAPL,positive,0.8619634153769771,AAPL,youtube,30,13
2024-11-23,🚀🚀🚀 SPY to the moon!!!,positive,0.6508024202655533,SPY,youtube,32,5
2023-08-11,told yall AMC was gonna pump,positive,0.6834719626893002,AMC,youtube,14,3
2024-01-10,"best stock ever, Google is the future",positive,0.3837907528537877,GOOGL,youtube,8,1
2023-03-27,"idk about AMZN tbh, mixed signals",neutral,-0.022499912278171552,AMZN,youtube,14,5
2023-05-25,anyone still holding Tesla?,neutral,0.07329921131585831,TSLA,youtube,88,9
2023-01-01,anyone still holding GOOGL?,neutral,0.17237947820279115,GOOGL,youtube,12,5
2024-07-28,lol bears are so wrong about Tesla,positive,0.6463111420270489,TSLA,youtube,188,2
2023-11-20,what do yall think about AMC?,neutral,-0.1638073218851797,AMC,youtube,52,7
2023-10-06,anyone still holding TSLA?,neutral,0.12313837677650347,TSLA,youtube,28,8
2023-03-06,"best stock ever, AMZN is the future",positive,0.6894447952766358,AMZN,youtube,22,2
2023-04-12,"AAPL going to zero, get out now",negative,-0.542108715008747,AAPL,youtube,3,4
2023-03-26,biggest regret buying AMC smh,negative,-0.44439340324628035,AMC,youtube,99,3
2023-05-13,"sold all my AMC, this thing is done",negative,-0.4117402270082481,AMC,youtube,25,4
2024-03-02,paper hands saved me from Tesla disaster,negative,-0.41220855677034385,TSLA,youtube,0,1
2023-02-20,lol bears are so wrong about AMC,positive,0.8388183293699922,AMC,youtube,3,13
2024-01-08,just bought more Google let's gooo,positive,0.39979896464588527,GOOGL,youtube,16,1
2024-10-31,anyone still holding SPY?,neutral,0.03237282130511909,SPY,youtube,62,1
2023-04-18,"META going to zero, get out now",negative,-0.586511375690329,META,youtube,10,3
2023-02-05,"new to investing, is SPY good?",neutral,0.11736290325913495,SPY,youtube,27,0
2023-05-21,SPY looking interesting ngl,neutral,-0.18263498685807233,SPY,youtube,46,8
2024-01-13,what do yall think about SPY?,neutral,0.11749754015220654,SPY,youtube,22,11
2023-02-19,what do yall think about Amazon?,neutral,-0.10525177641020718,AMZN,youtube,65,9
2024-03-14,"Google going to zero, get out now",negative,-0.8426788116991991,GOOGL,youtube,44,0
2024-10-23,should i buy AMZN or wait?,neutral,-0.010843213746727143,AMZN,youtube,1,5
2023-11-16,biggest regret buying AMC smh,negative,-0.7458696914125711,AMC,youtube,7,5
2024-04-03,"AMC scam, dont buy this garbage",negative,-0.6325254512536627,AMC,youtube,236,0
2023-02-05,META making me rich fr fr,positive,0.5023362796532522,META,youtube,4,11
2024-07-14,my portfolio up 500% thanks to MSFT 😂,positive,0.5201736475228804,MSFT,youtube,89,5
2023-03-08,lol bears are so wrong about GameStop,positive,0.4626884619001109,GME,youtube,38,1
2023-07-28,"best stock ever, Tesla is the future",positive,0.331403325471905,TSLA,youtube,269,2
2024-04-21,"best stock ever, GOOGL is the future",positive,0.6373780895267459,GOOGL,youtube,58,1
2024-10-09,"Apple going to zero, get out now",negative,-0.40691613365934787,AAPL,youtube,79,13
2023-09-05,"never selling my MSFT shares, generational wealth",positive,0.8844987771768094,MSFT,youtube,38,9
2023-06-10,"GME scam, dont buy this garbage",negative,-0.7457716401407521,GME,youtube,46,3
2024-07-31,diamond hands 💎🙌 holding TSLA forever,positive,0.48187701356719714,TSLA,youtube,23,2
2024-02-11,🚀🚀🚀 Google to the moon!!!,positive,0.48331458639481417,GOOGL,youtube,142,10
2023-04-11,"best stock ever, Microsoft is the future",positive,0.5981780897434982,MSFT,youtube,24,3
2023-08-04,"best stock ever, Nvidia is the future",positive,0.7904698250947151,NVDA,youtube,38,6
2024-02-09,who else is buying the dip? AMC gang,positive,0.4828074834588245,AMC,youtube,1,0
2023-09-10,diamond hands 💎🙌 holding SPY forever,positive,0.6438248573585097,SPY,youtube,99,12
2024-04-27,"GOOGL scam, dont buy this garbage",negative,-0.40240055691522975,GOOGL,youtube,25,0
2023-03-20,my portfolio up 500% thanks to GOOGL 😂,positive,0.5869404138288434,GOOGL,youtube,164,3
2024-03-22,"new to investing, is Google good?",neutral,0.0377163002247099,GOOGL,youtube,51,1
2024-04-11,paper hands saved me from NVDA disaster,negative,-0.8087850881228111,NVDA,youtube,10,1
2024-04-01,"GME is trash, worst investment ever",negative,-0.86533166340218,GME,youtube,28,0
2023-03-21,"never selling my NVDA shares, generational wealth",positive,0.4819650885405573,NVDA,youtube,58,4
2023-08-09,who else got rekt by Meta? 😭,negative,-0.41161783829638865,META,youtube,48,3
2023-06-04,"sold all my NVDA, this thing is done",negative,-0.3680374708557199,NVDA,youtube,26,8
2024-07-27,waiting for Meta to dip more,neutral,0.18552891019294043,META,youtube,32,0
2023-03-06,GME making me rich fr fr,positive,0.7085848963429467,GME,youtube,19,8
2024-05-11,"sold all my GOOGL, this thing is done",negative,-0.4190777328702062,GOOGL,youtube,39,3
2024-07-17,whats the PT for Google?,neutral,-0.14030488881992956,GOOGL,youtube,13,5
2023-01-21,"idk about Microsoft tbh, mixed signals",neutral,-0.042209488571985865,MSFT,youtube,156,0
2024-07-25,my portfolio up 500% thanks to Apple 😂,positive,0.4892441374488077,AAPL,youtube,3,1
2023-07-19,"new to investing, is Amazon good?",neutral,0.16070479685416944,AMZN,youtube,12,11
2023-04-11,why did i buy AAPL?? down so bad rn,negative,-0.8365839120562355,AAPL,youtube,2,0
2024-10-25,what do yall think about GME?,neutral,-0.17116626560053066,GME,youtube,1,3
2024-05-13,diamond hands 💎🙌 holding NVDA forever,positive,0.5098219378475097,NVDA,youtube,10,0
2024-09-14,"best stock ever, SPY is the future",positive,0.7586235973330416,SPY,youtube,4,17
2024-07-14,my portfolio up 500% thanks to TSLA 😂,positive,0.6747981413125583,TSLA,youtube,14,1
2023-05-29,told yall Tesla was gonna pump,positive,0.618181279949495,TSLA,youtube,6,3
2024-06-05,lol bears are so wrong about TSLA,positive,0.8521783087316448,TSLA,youtube,20,13
2024-09-17,told yall SPY was gonna pump,positive,0.5255957339647869,SPY,youtube,143,1
2023-05-02,"this is gonna be huge, GME will 10x easy",positive,0.8321549401255617,GME,youtube,84,9
2024-10-22,what do yall think about AMZN?,neutral,0.017606631673100642,AMZN,youtube,191,6
2023-08-23,paper hands saved me from Microsoft disaster,negative,-0.506302897391357,MSFT,youtube,15,3
2024-07-15,should i buy GOOGL or wait?,neutral,-0.14730849061817525,GOOGL,youtube,12,3
2023-12-19,"idk about AMZN tbh, mixed signals",neutral,-0.03463342028189542,AMZN,youtube,35,1
2023-08-17,paper hands saved me from AMC disaster,negative,-0.55369633002747,AMC,youtube,8,3
2023-04-14,🚀🚀🚀 NVDA to the moon!!!,positive,0.7450272369077581,NVDA,youtube,10,10
2023-03-07,"META going to zero, get out now",negative,-0.5669490304186282,META,youtube,21,7
2023-01-12,"SPY scam, dont buy this garbage",negative,-0.39117132532153687,SPY,youtube,68,1
2023-03-11,what do yall think about NVDA?,neutral,0.07135152914205672,NVDA,youtube,104,28
2023-08-15,diamond hands 💎🙌 holding GameStop forever,positive,0.7332425629216424,GME,youtube,7,5
2023-07-07,who else is buying the dip? Microsoft gang,positive,0.3019309581625672,MSFT,youtube,79,0
2023-12-02,lmao Nvidia bagholders in shambles,negative,-0.5939341725007048,NVDA,youtube,12,6
2023-06-08,my portfolio up 500% thanks to TSLA 😂,positive,0.7058807623358174,TSLA,youtube,1,1
2023-04-27,why did i buy SPY?? down so bad rn,negative,-0.8648694424536125,SPY,youtube,77,3
2024-04-25,lmao AAPL bagholders in shambles,negative,-0.8265739456048933,AAPL,youtube,4,1
2023-07-17,"AAPL going to zero, get out now",negative,-0.34013200119386533,AAPL,youtube,50,7
2024-08-24,"best stock ever, META is the future",positive,0.8946758590927824,META,youtube,44,1
2023-09-11,just bought more Apple let's gooo,positive,0.3991764665821047,AAPL,youtube,44,5
2023-10-29,anyone still holding SPY?,neutral,0.17627169804613624,SPY,youtube,12,2
2023-09-18,lmao SPY bagholders in shambles,negative,-0.41841401412257373,SPY,youtube,61,4
2023-11-09,who else is buying the dip? Apple gang,positive,0.5978766914131799,AAPL,youtube,0,0
2024-07-01,"never selling my Google shares, generational wealth",positive,0.3812124493666113,GOOGL,youtube,0,1
2023-08-08,"best stock ever, NVDA is the future",positive,0.4570234102415436,NVDA,youtube,77,18
2023-08-16,Microsoft making me rich fr fr,positive,0.806873661771613,MSFT,youtube,1,0
2024-06-02,what do yall think about TSLA?,neutral,-0.061631820999322295,TSLA,youtube,4,1
2024-03-01,anyone still holding META?,neutral,0.18535777368542017,META,youtube,87,7
2023-05-11,"sold all my TSLA, this thing is done",negative,-0.31122174570165195,TSLA,youtube,64,1
2024-02-29,"this is gonna be huge, AMC will 10x easy",positive,0.8832031977789223,AMC,youtube,1,6
2024-08-15,"META going to zero, get out now",negative,-0.38963036529531725,META,youtube,196,1
2024-09-01,"AAPL going to zero, get out now",negative,-0.424980006927989,AAPL,youtube,4,3
2023-02-26,"sold all my Microsoft, this thing is done",negative,-0.8154242234869384,MSFT,youtube,55,3
2023-10-21,paper hands saved me from GME disaster,negative,-0.5727408783558567,GME,youtube,82,3
2024-06-15,🚀🚀🚀 META to the moon!!!,positive,0.4208182692815846,META,youtube,39,7
2024-09-19,whats the PT for AMZN?,neutral,-0.11804749033971498,AMZN,youtube,102,1
2023-03-07,biggest regret buying AAPL smh,negative,-0.44956229580039164,AAPL,youtube,3,3
2024-11-09,what do yall think about Nvidia?,neutral,-0.04370865375455471,NVDA,youtube,53,8
2024-08-08,"this is gonna be huge, GameStop will 10x easy",positive,0.5646432949504703,GME,youtube,4,2
2024-07-12,"idk about META tbh, mixed signals",neutral,0.053832967020121525,META,youtube,10,11
2024-01-22,lmao TSLA bagholders in shambles,negative,-0.5653078848424791,TSLA,youtube,22,11
2024-06-03,"best stock ever, AAPL is the future",positive,0.38442691682925506,AAPL,youtube,112,5
2024-06-27,diamond hands 💎🙌 holding MSFT forever,positive,0.7791559634296508,MSFT,youtube,6,6
2024-06-16,🚀🚀🚀 META to the moon!!!,positive,0.5506565875650599,META,youtube,64,1
2024-06-20,should i buy Meta or wait?,neutral,-0.029004124831753936,META,youtube,4,0
2024-04-20,should i buy AMZN or wait?,neutral,-0.1682373661427882,AMZN,youtube,97,8
2024-03-25,why did i buy AMC?? down so bad rn,negative,-0.44425055393122087,AMC,youtube,86,3
2023-10-04,just bought more SPY let's gooo,positive,0.7915530629228767,SPY,youtube,5,0
2023-12-04,anyone still holding AMC?,neutral,-0.14321120409560245,AMC,youtube,69,5
2023-09-29,"NVDA scam, dont buy this garbage",negative,-0.45715852599688966,NVDA,youtube,5,1
2023-01-01,who else is buying the dip? Google gang,positive,0.4002792068827328,GOOGL,youtube,90,1
2023-07-10,lmao MSFT bagholders in shambles,negative,-0.3801680914491947,MSFT,youtube,3,7
2024-01-28,lmao AAPL bagholders in shambles,negative,-0.3370171089309103,AAPL,youtube,77,5
2024-08-25,🚀🚀🚀 META to the moon!!!,positive,0.824536034483011,META,youtube,24,2
2024-06-25,lol bears are so wrong about NVDA,positive,0.627988932112673,NVDA,youtube,81,3
2024-10-23,my portfolio up 500% thanks to SPY 😂,positive,0.7439424724601582,SPY,youtube,97,1
2023-11-23,should i buy GOOGL or wait?,neutral,0.07972615005048145,GOOGL,youtube,48,4
2023-04-30,"Google going to zero, get out now",negative,-0.731087280951042,GOOGL,youtube,60,3
2023-03-30,told yall GameStop was gonna pump,positive,0.30744242176638886,GME,youtube,87,0
2024-05-28,told yall Google was gonna pump,positive,0.3288857015870121,GOOGL,youtube,55,4
2024-10-31,whats the PT for Apple?,neutral,0.050470468637255295,AAPL,youtube,28,1
2023-10-03,"idk about Amazon tbh, mixed signals",neutral,0.008578275617435793,AMZN,youtube,12,3
2024-04-26,what do yall think about GOOGL?,neutral,0.163850727774637,GOOGL,youtube,105,4
2023-01-26,who else got rekt by AMC? 😭,negative,-0.7098320473253285,AMC,youtube,9,0
2024-03-30,waiting for Nvidia to dip more,neutral,0.0366788649225302,NVDA,youtube,7,1
2023-06-11,anyone still holding Tesla?,neutral,0.06088970381818898,TSLA,youtube,32,20
2024-07-26,"best stock ever, AMC is the future",positive,0.34255932968026404,AMC,youtube,31,0
2024-09-12,"never selling my AMC shares, generational wealth",positive,0.5817850648084255,AMC,youtube,32,1
2023-10-29,lmao MSFT bagholders in shambles,negative,-0.7758044529369439,MSFT,youtube,2,8
2023-11-14,what do yall think about AMZN?,neutral,-0.06445574026449938,AMZN,youtube,25,0
2024-07-24,my portfolio up 500% thanks to AMC 😂,positive,0.3522556600774629,AMC,youtube,35,10
2024-09-11,why did i buy Apple?? down so bad rn,negative,-0.6296417886101195,AAPL,youtube,65,10
2023-09-07,rip to everyone who bought Meta at the top,negative,-0.4057257694672231,META,youtube,63,9
2024-10-19,who else is buying the dip? Google gang,positive,0.32433524252680884,GOOGL,youtube,6,2
2023-04-23,"GameStop is trash, worst investment ever",negative,-0.8446291247560457,GME,youtube,3,0
2024-03-25,who else is buying the dip? AMC gang,positive,0.5476051956500381,AMC,youtube,109,4
2024-06-23,why did i buy AMC?? down so bad rn,negative,-0.35202783145425787,AMC,youtube,9,5
2023-03-22,"idk about GameStop tbh, mixed signals",neutral,-0.17342246225769006,GME,youtube,59,3
2023-08-01,paper hands saved me from SPY disaster,negative,-0.5536800679592695,SPY,youtube,82,1
2023-04-17,who else got rekt by Amazon? 😭,negative,-0.5086250108448362,AMZN,youtube,28,5
2024-03-26,lol bears are so wrong about Tesla,positive,0.8170454969509773,TSLA,youtube,29,4
2023-04-28,whats the PT for SPY?,neutral,-0.07245327267154447,SPY,youtube,61,5
2024-02-25,my portfolio up 500% thanks to Meta 😂,positive,0.3993770082169592,META,youtube,110,2
2024-04-23,NVDA making me rich fr fr,positive,0.6874934317718906,NVDA,youtube,78,4
2023-07-23,lol bears are so wrong about Google,positive,0.6186512069311457,GOOGL,youtube,41,0
2024-03-18,just bought more GameStop let's gooo,positive,0.5913538197956387,GME,youtube,37,0
2023-09-19,"best stock ever, SPY is the future",positive,0.8553823980152016,SPY,youtube,70,3
2023-05-04,lol bears are so wrong about Amazon,positive,0.8012881418293967,AMZN,youtube,18,10
2023-04-19,"GOOGL going to zero, get out now",negative,-0.30959210207372134,GOOGL,youtube,176,7
2024-01-14,what do yall think about TSLA?,neutral,0.021484594143204472,TSLA,youtube,91,2
2024-01-18,"idk about AAPL tbh, mixed signals",neutral,-0.12215046531805124,AAPL,youtube,15,16
2024-04-27,why did i buy GME?? down so bad rn,negative,-0.8008547697344381,GME,youtube,8,8
2023-08-02,🚀🚀🚀 Tesla to the moon!!!,positive,0.740746753872848,TSLA,youtube,42,4
2024-09-04,lol bears are so wrong about AMZN,positive,0.38879048841950087,AMZN,youtube,39,1
2024-07-12,"idk about MSFT tbh, mixed signals",neutral,0.039648234016130074,MSFT,youtube,101,0
2024-07-11,GameStop looking interesting ngl,neutral,-0.1769035792523305,GME,youtube,1,17
2024-08-04,should i buy Google or wait?,neutral,0.19239495126507405,GOOGL,youtube,44,2
2024-05-13,🚀🚀🚀 META to the moon!!!,positive,0.6376270194134035,META,youtube,43,10
2023-12-31,should i buy GOOGL or wait?,neutral,-0.022617665447238366,GOOGL,youtube,32,27
2023-05-27,🚀🚀🚀 Apple to the moon!!!,positive,0.6841189869357743,AAPL,youtube,18,1
2024-11-13,who else is buying the dip? MSFT gang,positive,0.3114696566578584,MSFT,youtube,102,3
2024-10-25,"sold all my TSLA, this thing is done",negative,-0.6847706847497919,TSLA,youtube,66,3
2023-04-23,anyone still holding GameStop?,neutral,0.1991283422727913,GME,youtube,4,0
2024-07-02,diamond hands 💎🙌 holding AAPL forever,positive,0.8004867582004056,AAPL,youtube,0,13
2023-07-13,what do yall think about GOOGL?,neutral,0.10644637311823452,GOOGL,youtube,5,2
2023-12-21,waiting for MSFT to dip more,neutral,-0.036982787587027666,MSFT,youtube,39,4
2023-12-24,"NVDA is trash, worst investment ever",negative,-0.8963467510560966,NVDA,youtube,17,0
2023-11-18,biggest regret buying Microsoft smh,negative,-0.7546612693052599,MSFT,youtube,3,2
2023-08-03,"never selling my Nvidia shares, generational wealth",positive,0.8180404601142011,NVDA,youtube,132,2
2023-08-21,"idk about META tbh, mixed signals",neutral,0.03330299698244624,META,youtube,12,0
2023-12-03,"this is gonna be huge, MSFT will 10x easy",positive,0.6886904675943171,MSFT,youtube,63,10
2023-06-09,lmao Google bagholders in shambles,negative,-0.5251296823263585,GOOGL,youtube,37,3
2023-09-17,lol bears are so wrong about Microsoft,positive,0.7823751045315122,MSFT,youtube,7,7
2023-12-20,who else is buying the dip? Tesla gang,positive,0.3951744867158268,TSLA,youtube,63,1
2023-06-03,"SPY going to zero, get out now",negative,-0.8999191841973089,SPY,youtube,62,4
2023-11-21,"new to investing, is AMC good?",neutral,0.13573539694240094,AMC,youtube,141,0
2024-11-04,what do yall think about NVDA?,neutral,-0.05590643247982885,NVDA,youtube,18,7
2024-07-21,"idk about Microsoft tbh, mixed signals",neutral,-0.031046191126277656,MSFT,youtube,166,0
2023-06-24,biggest regret buying AMC smh,negative,-0.5612225694016422,AMC,youtube,9,6
2024-03-06,rip to everyone who bought Apple at the top,negative,-0.7329363550497392,AAPL,youtube,144,1
2023-04-11,why did i buy SPY?? down so bad rn,negative,-0.5135104671144504,SPY,youtube,34,2
2023-08-15,anyone still holding Tesla?,neutral,-0.016920157936282404,TSLA,youtube,23,0
2024-06-11,should i buy GOOGL or wait?,neutral,0.020827745861351138,GOOGL,youtube,23,10
2023-06-11,waiting for META to dip more,neutral,-0.11370372832941836,META,youtube,25,13
2024-05-02,"this is gonna be huge, Amazon will 10x easy",positive,0.48937640625801004,AMZN,youtube,31,4
2023-04-28,apes together strong 🦍 AMC,positive,0.5206715926536918,AMC,youtube,76,3
2024-02-02,Amazon making me rich fr fr,positive,0.3088160331929723,AMZN,youtube,26,3
2024-06-24,rip to everyone who bought Google at the top,negative,-0.3563604685881808,GOOGL,youtube,31,16
2024-11-17,"Meta scam, dont buy this garbage",negative,-0.44261458078683674,META,youtube,12,0
2024-02-25,waiting for AMC to dip more,neutral,-0.19322093404416762,AMC,youtube,15,0
2024-09-29,🚀🚀🚀 Meta to the moon!!!,positive,0.7434159346727753,META,youtube,42,4
2023-06-09,paper hands saved me from NVDA disaster,negative,-0.3724469310921692,NVDA,youtube,114,7
2023-07-14,"new to investing, is Google good?",neutral,-0.11716203272937152,GOOGL,youtube,61,13
2023-04-14,paper hands saved me from Google disaster,negative,-0.4970146310723821,GOOGL,youtube,142,7
2024-06-12,should i buy MSFT or wait?,neutral,0.05783646989693747,MSFT,youtube,12,1
2024-04-05,NVDA making me rich fr fr,positive,0.8083166634201491,NVDA,youtube,83,5
2024-11-17,"never selling my AAPL shares, generational wealth",positive,0.6856913488801046,AAPL,youtube,124,1
2023-01-05,"SPY going to zero, get out now",negative,-0.48600015761463394,SPY,youtube,34,1
2024-07-26,🚀🚀🚀 TSLA to the moon!!!,positive,0.8747604726340623,TSLA,youtube,148,16
2023-08-11,"SPY scam, dont buy this garbage",negative,-0.4434873932913026,SPY,youtube,2,0
2024-10-29,rip to everyone who bought TSLA at the top,negative,-0.8178005621677972,TSLA,youtube,53,0
2023-11-28,who else got rekt by SPY? 😭,negative,-0.4729663165523707,SPY,youtube,15,2
2024-01-25,paper hands saved me from Tesla disaster,negative,-0.7716257767870579,TSLA,youtube,10,7
2024-03-25,should i buy Amazon or wait?,neutral,0.07932446289102912,AMZN,youtube,170,2
2023-02-08,waiting for AAPL to dip more,neutral,0.08733247014880158,AAPL,youtube,76,16
2023-03-15,"idk about AMC tbh, mixed signals",neutral,-0.0004417341856232382,AMC,youtube,76,2
2024-07-20,"sold all my GameStop, this thing is done",negative,-0.7667544775840076,GME,youtube,65,0
2023-09-22,"SPY going to zero, get out now",negative,-0.6583413609226488,SPY,youtube,8,23
2024-02-08,what do yall think about META?,neutral,-0.18203548040175366,META,youtube,70,12
2024-11-15,anyone still holding Apple?,neutral,-0.08978082431220664,AAPL,youtube,14,4
2023-06-03,diamond hands 💎🙌 holding Apple forever,positive,0.8083630006331157,AAPL,youtube,125,0
2024-02-05,"SPY going to zero, get out now",negative,-0.8766420220045995,SPY,youtube,8,5
2024-10-22,diamond hands 💎🙌 holding GME forever,positive,0.6489733757935161,GME,youtube,36,7
2023-06-03,"never selling my META shares, generational wealth",positive,0.5580617259178801,META,youtube,111,2
2023-04-19,should i buy Tesla or wait?,neutral,0.15555496960145193,TSLA,youtube,44,1
2023-09-28,who else is buying the dip? AMC gang,positive,0.31968577447716506,AMC,youtube,105,3
2024-06-19,apes together strong 🦍 Google,positive,0.8014955567463096,GOOGL,youtube,21,8
2023-10-06,rip to everyone who bought GameStop at the top,negative,-0.5765432683583948,GME,youtube,133,2
2024-07-19,"AMC going to zero, get out now",negative,-0.8999930191467803,AMC,youtube,22,6
2024-01-19,who else is buying the dip? GOOGL gang,positive,0.48251923178176853,GOOGL,youtube,0,6
2023-06-18,waiting for GOOGL to dip more,neutral,0.09268989462568517,GOOGL,youtube,94,2
2023-07-04,lol bears are so wrong about Nvidia,positive,0.7275727998591077,NVDA,youtube,23,11
2023-11-06,whats the PT for MSFT?,neutral,-0.11180462612435745,MSFT,youtube,44,5
2023-09-11,TSLA making me rich fr fr,positive,0.7255924970835659,TSLA,youtube,43,15
2023-06-02,told yall GOOGL was gonna pump,positive,0.5170261529157484,GOOGL,youtube,6,4
2024-05-03,whats the PT for GOOGL?,neutral,0.0035562222364223517,GOOGL,youtube,29,0
2024-02-11,who else is buying the dip? AAPL gang,positive,0.5770296862878714,AAPL,youtube,6,9
2024-08-04,just bought more AMC let's gooo,positive,0.7842425423200219,AMC,youtube,20,19
2023-03-06,whats the PT for Meta?,neutral,0.10588765659051169,META,youtube,18,3
2024-02-23,lmao NVDA bagholders in shambles,negative,-0.6693869768855191,NVDA,youtube,0,6
2023-06-17,"idk about GME tbh, mixed signals",neutral,-0.16099426974364103,GME,youtube,2,3
2024-08-14,waiting for NVDA to dip more,neutral,-0.15260305649263978,NVDA,youtube,7,10
2023-01-22,diamond hands 💎🙌 holding Tesla forever,positive,0.6750175116511234,TSLA,youtube,55,7
2024-08-17,my portfolio up 500% thanks to Tesla 😂,positive,0.8611782591271966,TSLA,youtube,49,1
2023-10-10,🚀🚀🚀 AMZN to the moon!!!,positive,0.6293151990464136,AMZN,youtube,26,13
2023-02-19,"sold all my Apple, this thing is done",negative,-0.8589880798140248,AAPL,youtube,28,5
2023-10-16,just bought more Meta let's gooo,positive,0.4232408450868176,META,youtube,51,5
2024-02-08,paper hands saved me from MSFT disaster,negative,-0.6489996815386319,MSFT,youtube,16,1
2023-11-18,"SPY going to zero, get out now",negative,-0.8931116041503733,SPY,youtube,176,0
2024-11-19,"sold all my GOOGL, this thing is done",negative,-0.7861108182167065,GOOGL,youtube,25,1
2024-08-08,told yall Tesla was gonna pump,positive,0.7440968212568779,TSLA,youtube,58,0
2023-05-28,"AMC scam, dont buy this garbage",negative,-0.8589995370926375,AMC,youtube,45,4
2023-10-10,"sold all my Nvidia, this thing is done",negative,-0.890933589471315,NVDA,youtube,56,6
2024-03-27,"TSLA going to zero, get out now",negative,-0.584546268264519,TSLA,youtube,146,0
2023-09-05,apes together strong 🦍 AMZN,positive,0.7419211370008756,AMZN,youtube,44,6
2023-05-17,rip to everyone who bought GOOGL at the top,negative,-0.890763064985215,GOOGL,youtube,29,15
2023-06-15,Microsoft making me rich fr fr,positive,0.7436449378987872,MSFT,youtube,5,0
2024-02-13,why did i buy AMZN?? down so bad rn,negative,-0.3659657847208484,AMZN,youtube,28,1
2023-02-12,"Nvidia going to zero, get out now",negative,-0.6369690119815432,NVDA,youtube,50,1
2023-04-21,"new to investing, is AMZN good?",neutral,0.06159763693592046,AMZN,youtube,67,0
2023-07-22,told yall Tesla was gonna pump,positive,0.30948791773977724,TSLA,youtube,30,6
2023-12-04,"Meta is trash, worst investment ever",negative,-0.6766797649048685,META,youtube,81,8
2024-08-25,"idk about Nvidia tbh, mixed signals",neutral,0.11470780134285097,NVDA,youtube,36,0
2024-01-04,told yall AMC was gonna pump,positive,0.4237304430504839,AMC,youtube,100,12
2024-03-20,should i buy Amazon or wait?,neutral,0.11495481070093316,AMZN,youtube,103,5
2023-04-02,"new to investing, is AMZN good?",neutral,-0.02298179407410178,AMZN,youtube,27,3
2023-09-13,should i buy Google or wait?,neutral,-0.19123466848999643,GOOGL,youtube,26,3
2023-05-01,"never selling my META shares, generational wealth",positive,0.36323593086468314,META,youtube,15,0
2024-03-30,lol bears are so wrong about Amazon,positive,0.7719134294345082,AMZN,youtube,63,8
2024-03-19,lmao Google bagholders in shambles,negative,-0.7264875322224301,GOOGL,youtube,29,4
2023-11-07,AMC making me rich fr fr,positive,0.7971333587436489,AMC,youtube,12,8
2023-04-07,waiting for SPY to dip more,neutral,-0.05823002048277806,SPY,youtube,19,11
2023-09-18,"this is gonna be huge, AMC will 10x easy",positive,0.5093340450250942,AMC,youtube,56,9
2023-10-12,anyone still holding MSFT?,neutral,-0.034193574073283106,MSFT,youtube,30,2
2024-02-05,META looking interesting ngl,neutral,-0.10816073569841254,META,youtube,67,9
2024-02-18,"MSFT is trash, worst investment ever",negative,-0.7219279907880897,MSFT,youtube,0,0
2024-11-04,waiting for Nvidia to dip more,neutral,-0.15140184356489383,NVDA,youtube,36,4
2024-01-17,who else is buying the dip? Nvidia gang,positive,0.4462376895146051,NVDA,youtube,160,4
2023-11-26,rip to everyone who bought NVDA at the top,negative,-0.6426333999419134,NVDA,youtube,26,7
2023-04-03,just bought more MSFT let's gooo,positive,0.5471748570204612,MSFT,youtube,38,0
2023-03-12,paper hands saved me from SPY disaster,negative,-0.814294821111401,SPY,youtube,6,7
2024-07-27,biggest regret buying AMZN smh,negative,-0.5953169616247325,AMZN,youtube,78,0
2023-05-24,"sold all my SPY, this thing is done",negative,-0.7668597235293763,SPY,youtube,0,6
2024-02-29,rip to everyone who bought Microsoft at the top,negative,-0.6209668510196134,MSFT,youtube,33,2
2024-03-04,waiting for Nvidia to dip more,neutral,0.004224718163735236,NVDA,youtube,33,0
2024-07-13,"Nvidia going to zero, get out now",negative,-0.4178774043224379,NVDA,youtube,11,0
2023-02-18,"GOOGL going to zero, get out now",negative,-0.4541510762211719,GOOGL,youtube,3,2
2023-11-19,whats the PT for SPY?,neutral,-0.10738062561398048,SPY,youtube,12,2
2024-07-25,apes together strong 🦍 GOOGL,positive,0.7239805580805578,GOOGL,youtube,64,5
2023-09-13,anyone still holding Tesla?,neutral,-0.0483093851278204,TSLA,youtube,33,0
2023-05-16,"idk about AMC tbh, mixed signals",neutral,-0.15852856770628942,AMC,youtube,27,3
2023-12-21,paper hands saved me from GOOGL disaster,negative,-0.49351595110591623,GOOGL,youtube,55,4
2024-03-17,whats the PT for MSFT?,neutral,0.06499357877664325,MSFT,youtube,119,7
2024-04-14,biggest regret buying AMZN smh,negative,-0.3665232456359939,AMZN,youtube,70,1
2023-02-09,"GME scam, dont buy this garbage",negative,-0.6682728043097816,GME,youtube,45,9
2024-05-28,should i buy Apple or wait?,neutral,0.002823858695487319,AAPL,youtube,7,2
2023-08-27,rip to everyone who bought MSFT at the top,negative,-0.7368323763489307,MSFT,youtube,50,6
2024-08-08,"never selling my GOOGL shares, generational wealth",positive,0.5778688283025069,GOOGL,youtube,54,8
2023-12-06,whats the PT for GameStop?,neutral,0.19332226272738695,GME,youtube,22,2
2024-11-05,"best stock ever, Amazon is the future",positive,0.3202058423246784,AMZN,youtube,86,4
2024-05-18,"new to investing, is GameStop good?",neutral,-0.07078906169836247,GME,youtube,19,11
2023-07-01,waiting for GME to dip more,neutral,-0.16226902948358257,GME,youtube,61,17
2023-12-31,SPY looking interesting ngl,neutral,-0.06934430022963564,SPY,youtube,31,4
2024-05-22,🚀🚀🚀 AMZN to the moon!!!,positive,0.8766956494260991,AMZN,youtube,53,1
2024-11-25,my portfolio up 500% thanks to Google 😂,positive,0.6742458509184055,GOOGL,youtube,90,4
2024-06-20,"sold all my SPY, this thing is done",negative,-0.38134005187898146,SPY,youtube,3,5
2023-02-17,should i buy AMC or wait?,neutral,0.08295880001317107,AMC,youtube,45,13
2024-10-22,whats the PT for AMZN?,neutral,0.04741082348727424,AMZN,youtube,198,5
2024-07-20,TSLA looking interesting ngl,neutral,0.17597271678792897,TSLA,youtube,99,0
2024-05-25,AMC looking interesting ngl,neutral,0.0001437784862242386,AMC,youtube,182,0
2024-10-16,rip to everyone who bought GOOGL at the top,negative,-0.5184358039039734,GOOGL,youtube,11,0
2024-03-09,rip to everyone who bought Tesla at the top,negative,-0.3975797521379095,TSLA,youtube,75,4
2023-06-05,who else got rekt by MSFT? 😭,negative,-0.41831343910529967,MSFT,youtube,33,2
2024-03-13,lol bears are so wrong about Tesla,positive,0.8002751705512965,TSLA,youtube,43,4
2024-10-01,"best stock ever, GameStop is the future",positive,0.7215841235149374,GME,youtube,47,1
2023-06-04,paper hands saved me from GameStop disaster,negative,-0.599054580049231,GME,youtube,66,1
2024-04-09,anyone still holding Amazon?,neutral,-0.1197788088618934,AMZN,youtube,48,18
2023-11-05,"sold all my Google, this thing is done",negative,-0.8625635588410336,GOOGL,youtube,185,8
2023-03-12,waiting for Tesla to dip more,neutral,-0.0775794145908848,TSLA,youtube,11,1
2024-04-29,"GOOGL scam, dont buy this garbage",negative,-0.3345699275986338,GOOGL,youtube,37,21
2023-12-26,my portfolio up 500% thanks to GME 😂,positive,0.5638442919047452,GME,youtube,11,4
2023-02-18,my portfolio up 500% thanks to Meta 😂,positive,0.3778073869345412,META,youtube,21,1
2023-06-15,should i buy Tesla or wait?,neutral,0.12360945611667057,TSLA,youtube,99,0
2024-04-30,just bought more Amazon let's gooo,positive,0.7975885404754557,AMZN,youtube,75,1
2023-03-06,"never selling my META shares, generational wealth",positive,0.46418425071646296,META,youtube,30,1
2023-03-30,should i buy TSLA or wait?,neutral,-0.08723238283810836,TSLA,youtube,42,5
2024-06-08,whats the PT for META?,neutral,-0.12030161823667439,META,youtube,227,11
2024-03-03,apes together strong 🦍 AMC,positive,0.613656084937122,AMC,youtube,58,5
2023-07-06,just bought more Meta let's gooo,positive,0.3739395454297949,META,youtube,71,0
2024-08-11,🚀🚀🚀 MSFT to the moon!!!,positive,0.7907137833930178,MSFT,youtube,43,3
2024-11-02,lmao GME bagholders in shambles,negative,-0.3178587933510738,GME,youtube,16,0
2024-02-10,"idk about NVDA tbh, mixed signals",neutral,-0.08854277475398545,NVDA,youtube,46,4
2024-01-22,"Nvidia going to zero, get out now",negative,-0.4286141378825236,NVDA,youtube,112,2
2023-05-07,"idk about GOOGL tbh, mixed signals",neutral,0.11837055485740094,GOOGL,youtube,12,1
2024-07-10,whats the PT for GOOGL?,neutral,0.03557322997822565,GOOGL,youtube,102,7
2023-09-30,rip to everyone who bought AAPL at the top,negative,-0.8087708595453049,AAPL,youtube,17,1
2024-04-18,whats the PT for GME?,neutral,-0.08341563460248246,GME,youtube,77,4
2024-05-25,"never selling my Meta shares, generational wealth",positive,0.7563453854731694,META,youtube,45,38
2023-06-20,"idk about TSLA tbh, mixed signals",neutral,0.08324873396025018,TSLA,youtube,1,1
2023-12-30,my portfolio up 500% thanks to AMC 😂,positive,0.4360447106441667,AMC,youtube,34,0
2024-01-02,🚀🚀🚀 AMC to the moon!!!,positive,0.8117891971983549,AMC,youtube,8,0
2023-03-13,"AAPL going to zero, get out now",negative,-0.6983957646059348,AAPL,youtube,127,5
2023-09-30,biggest regret buying META smh,negative,-0.6647438538572563,META,youtube,11,4
2024-09-05,"new to investing, is Microsoft good?",neutral,0.17165788688467493,MSFT,youtube,0,8
2023-05-29,"NVDA going to zero, get out now",negative,-0.7303193215977002,NVDA,youtube,162,5
2023-07-03,MSFT looking interesting ngl,neutral,0.03891696814138773,MSFT,youtube,19,9
2023-06-26,anyone still holding Microsoft?,neutral,0.0025321237417071374,MSFT,youtube,16,16
2024-05-08,🚀🚀🚀 Meta to the moon!!!,positive,0.7237476975331574,META,youtube,79,1
2023-07-29,my portfolio up 500% thanks to Apple 😂,positive,0.5656788819262425,AAPL,youtube,239,3
2024-05-06,"new to investing, is Google good?",neutral,-0.05099642737861365,GOOGL,youtube,9,1
2024-08-01,whats the PT for AMC?,neutral,-0.13981109159760102,AMC,youtube,14,3
2023-07-30,biggest regret buying GameStop smh,negative,-0.5114901210939822,GME,youtube,117,8
2023-04-15,"new to investing, is Nvidia good?",neutral,0.11368246974610674,NVDA,youtube,54,2
2023-03-28,"Meta is trash, worst investment ever",negative,-0.36266229112089665,META,youtube,17,0
2024-03-08,"SPY is trash, worst investment ever",negative,-0.7892205255915785,SPY,youtube,86,0
2023-10-29,lmao SPY bagholders in shambles,negative,-0.7272327943944045,SPY,youtube,50,4
2023-04-01,"best stock ever, Meta is the future",positive,0.8414478199716622,META,youtube,134,8
2023-05-18,paper hands saved me from GameStop disaster,negative,-0.4801860545647749,GME,youtube,19,0
2024-11-23,"idk about SPY tbh, mixed signals",neutral,0.11199533076421775,SPY,youtube,31,0
2023-12-26,"idk about TSLA tbh, mixed signals",neutral,-0.10948989967336008,TSLA,youtube,1,5
2024-03-20,paper hands saved me from GME disaster,negative,-0.7964856738321828,GME,youtube,14,2
2024-05-09,whats the PT for Amazon?,neutral,0.1878894531191908,AMZN,youtube,7,0
2023-04-21,🚀🚀🚀 GME to the moon!!!,positive,0.5747573966604167,GME,youtube,42,0
2024-11-08,biggest regret buying Apple smh,negative,-0.4058686640329085,AAPL,youtube,113,7
2024-10-18,🚀🚀🚀 SPY to the moon!!!,positive,0.49690768967856724,SPY,youtube,89,2
2024-10-16,anyone still holding GME?,neutral,-0.11150452142157441,GME,youtube,86,2
2024-07-23,"sold all my MSFT, this thing is done",negative,-0.7774519446526995,MSFT,youtube,57,3
2024-07-24,lol bears are so wrong about Microsoft,positive,0.4870812821734612,MSFT,youtube,53,17
2023-01-19,paper hands saved me from META disaster,negative,-0.6493998025098031,META,youtube,74,0
2023-05-02,why did i buy GOOGL?? down so bad rn,negative,-0.6872002770089503,GOOGL,youtube,89,8
2023-12-21,rip to everyone who bought TSLA at the top,negative,-0.3604437846451862,TSLA,youtube,21,2
2023-07-06,"sold all my Google, this thing is done",negative,-0.8579351162152459,GOOGL,youtube,1,11
2023-05-16,TSLA making me rich fr fr,positive,0.4009221934599109,TSLA,youtube,34,6
2024-01-06,"idk about Meta tbh, mixed signals",neutral,0.1345993962472134,META,youtube,23,1
2024-02-27,TSLA making me rich fr fr,positive,0.48889549761098927,TSLA,youtube,65,8
2024-05-08,lol bears are so wrong about GameStop,positive,0.30483546200527184,GME,youtube,5,7
2024-08-30,biggest regret buying GameStop smh,negative,-0.39347260482831414,GME,youtube,16,11
2024-10-12,my portfolio up 500% thanks to Nvidia 😂,positive,0.32356164854499136,NVDA,youtube,62,5
2024-05-18,🚀🚀🚀 Amazon to the moon!!!,positive,0.7370225126037877,AMZN,youtube,81,14
2024-01-28,paper hands saved me from SPY disaster,negative,-0.7404429296207287,SPY,youtube,46,5
2023-03-24,rip to everyone who bought AMC at the top,negative,-0.7173044803506294,AMC,youtube,109,2
2023-09-05,paper hands saved me from TSLA disaster,negative,-0.649683948861254,TSLA,youtube,27,7
2023-01-25,what do yall think about META?,neutral,0.07616228876442876,META,youtube,54,4
2023-08-02,"this is gonna be huge, AMZN will 10x easy",positive,0.440996566520815,AMZN,youtube,183,0
2023-02-23,just bought more SPY let's gooo,positive,0.8558782787737109,SPY,youtube,12,2
2023-09-19,"this is gonna be huge, SPY will 10x easy",positive,0.3171914565465927,SPY,youtube,76,1
2024-10-03,GOOGL making me rich fr fr,positive,0.6530113325898921,GOOGL,youtube,3,3
2024-07-28,who else got rekt by Meta? 😭,negative,-0.3574540251554609,META,youtube,2,2
2024-06-03,what do yall think about Apple?,neutral,-0.11128720872307257,AAPL,youtube,133,0
2023-06-29,"sold all my SPY, this thing is done",negative,-0.8498850511919888,SPY,youtube,33,2
2024-04-05,diamond hands 💎🙌 holding GOOGL forever,positive,0.7162833341804471,GOOGL,youtube,42,8
2023-06-13,AMC looking interesting ngl,neutral,0.01896593615189035,AMC,youtube,26,0
2023-02-03,"best stock ever, NVDA is the future",positive,0.3208036225356398,NVDA,youtube,10,5
2024-07-03,"best stock ever, GOOGL is the future",positive,0.5023865724907366,GOOGL,youtube,13,5
2024-05-31,what do yall think about Tesla?,neutral,0.018232848716826566,TSLA,youtube,8,6
2024-10-10,TSLA making me rich fr fr,positive,0.32096354784359304,TSLA,youtube,8,22
2023-07-08,waiting for NVDA to dip more,neutral,-0.059277997435859014,NVDA,youtube,50,21
2023-11-12,anyone still holding Tesla?,neutral,-0.03552380965220356,TSLA,youtube,54,3
2023-12-07,paper hands saved me from GME disaster,negative,-0.33934017674793504,GME,youtube,75,0
2023-06-30,whats the PT for AAPL?,neutral,-0.011619976490994194,AAPL,youtube,72,1
2023-06-20,GameStop looking interesting ngl,neutral,-0.17559714279784205,GME,youtube,165,0
2024-10-17,apes together strong 🦍 TSLA,positive,0.6565450963851583,TSLA,youtube,0,0
2023-10-25,"never selling my SPY shares, generational wealth",positive,0.7611487985479213,SPY,youtube,13,4
2023-08-25,should i buy Microsoft or wait?,neutral,-0.09956795853393291,MSFT,youtube,46,9
2023-11-18,told yall SPY was gonna pump,positive,0.8981455311536133,SPY,youtube,26,0
2023-02-08,Tesla making me rich fr fr,positive,0.348959232002903,TSLA,youtube,49,2
2024-07-22,who else got rekt by TSLA? 😭,negative,-0.6044405968669115,TSLA,youtube,168,0
2024-09-13,Meta looking interesting ngl,neutral,-0.1336395902516855,META,youtube,4,4
2023-02-05,GameStop making me rich fr fr,positive,0.5439543224156834,GME,youtube,238,6
2023-06-13,"idk about AMC tbh, mixed signals",neutral,0.16010564448082815,AMC,youtube,47,4
2024-10-22,apes together strong 🦍 Amazon,positive,0.34900036551605773,AMZN,youtube,50,4
2024-08-21,"best stock ever, AAPL is the future",positive,0.7107757165589799,AAPL,youtube,40,2
2024-07-09,"never selling my MSFT shares, generational wealth",positive,0.8545525647618697,MSFT,youtube,52,0
2023-10-14,who else got rekt by AAPL? 😭,negative,-0.7270490536995788,AAPL,youtube,19,4
2024-10-06,who else is buying the dip? GOOGL gang,positive,0.7891657986543361,GOOGL,youtube,36,0
2024-08-23,"Amazon scam, dont buy this garbage",negative,-0.5002392831125768,AMZN,youtube,24,3
2023-02-23,apes together strong 🦍 Microsoft,positive,0.7978337197929747,MSFT,youtube,103,27
2023-05-09,rip to everyone who bought AMZN at the top,negative,-0.7079836100625648,AMZN,youtube,25,5
2024-04-19,why did i buy NVDA?? down so bad rn,negative,-0.6811975942593981,NVDA,youtube,6,4
2023-04-12,who else is buying the dip? MSFT gang,positive,0.8237156529393987,MSFT,youtube,4,7
2023-02-12,"GOOGL going to zero, get out now",negative,-0.7292751685938397,GOOGL,youtube,10,0
2023-03-18,"new to investing, is META good?",neutral,-0.08709501183482687,META,youtube,38,0
2024-10-27,who else is buying the dip? Meta gang,positive,0.8852838169884132,META,youtube,17,13
2024-01-04,why did i buy Google?? down so bad rn,negative,-0.4864137527383858,GOOGL,youtube,47,11
2023-09-24,anyone still holding GME?,neutral,-0.1457246728830883,GME,youtube,119,28
2024-02-25,waiting for NVDA to dip more,neutral,0.022585854939528804,NVDA,youtube,1,1
2023-04-26,told yall MSFT was gonna pump,positive,0.7999226139580047,MSFT,youtube,56,2
2023-08-03,waiting for MSFT to dip more,neutral,-0.07710441526091182,MSFT,youtube,78,1
2024-04-11,"MSFT going to zero, get out now",negative,-0.673296471763688,MSFT,youtube,3,0
2024-11-15,"never selling my GOOGL shares, generational wealth",positive,0.8986496334061205,GOOGL,youtube,6,10
2023-09-03,biggest regret buying Amazon smh,negative,-0.5316123262359638,AMZN,youtube,52,0
2023-06-18,should i buy Apple or wait?,neutral,0.09219699099291978,AAPL,youtube,9,1
2024-05-27,"GOOGL is trash, worst investment ever",negative,-0.6591229325465741,GOOGL,youtube,8,5
2024-05-27,diamond hands 💎🙌 holding SPY forever,positive,0.42529856129675403,SPY,youtube,2,2
2024-09-26,my portfolio up 500% thanks to Nvidia 😂,positive,0.5072885122340675,NVDA,youtube,56,4
2023-07-06,"never selling my NVDA shares, generational wealth",positive,0.47779548113988,NVDA,youtube,23,4
2024-06-25,biggest regret buying AMC smh,negative,-0.6180507767798428,AMC,youtube,4,3
2024-03-30,lmao AMZN bagholders in shambles,negative,-0.4299182639704393,AMZN,youtube,56,1
2024-10-25,should i buy Microsoft or wait?,neutral,-0.1291385907109498,MSFT,youtube,25,3
2023-08-17,"sold all my SPY, this thing is done",negative,-0.8937038153160334,SPY,youtube,77,4
2023-06-10,"best stock ever, META is the future",positive,0.3516792834382082,META,youtube,41,2
2023-09-16,paper hands saved me from Microsoft disaster,negative,-0.671428892985915,MSFT,youtube,10,3
2024-08-02,should i buy SPY or wait?,neutral,-0.022969061626873843,SPY,youtube,11,1
2023-01-25,who else got rekt by Microsoft? 😭,negative,-0.5671877851269796,MSFT,youtube,29,0
2024-03-08,who else is buying the dip? NVDA gang,positive,0.6630537111243231,NVDA,youtube,42,1
2024-03-18,who else is buying the dip? Amazon gang,positive,0.7726453129814219,AMZN,youtube,12,5
2023-12-14,apes together strong 🦍 Nvidia,positive,0.39802005503905213,NVDA,youtube,13,4
2024-06-03,"best stock ever, NVDA is the future",positive,0.6070244682688206,NVDA,youtube,91,0
2023-01-16,"sold all my GME, this thing is done",negative,-0.884514364282091,GME,youtube,41,10
2023-08-14,"sold all my Meta, this thing is done",negative,-0.8707830909600421,META,youtube,10,3
2024-01-04,rip to everyone who bought GameStop at the top,negative,-0.7017651158006301,GME,youtube,4,0
2023-06-20,AMC making me rich fr fr,positive,0.7540548541481571,AMC,youtube,58,6
2024-03-19,apes together strong 🦍 TSLA,positive,0.6328390819694125,TSLA,youtube,9,0
2024-04-25,told yall Google was gonna pump,positive,0.5492658003552537,GOOGL,youtube,1,22
2024-05-01,GameStop making me rich fr fr,positive,0.6596158350252994,GME,youtube,24,1
2024-01-05,"best stock ever, Tesla is the future",positive,0.670517469037387,TSLA,youtube,20,7
2023-11-05,"NVDA going to zero, get out now",negative,-0.5115252355526724,NVDA,youtube,58,16
2024-10-24,"new to investing, is NVDA good?",neutral,-0.04026696792031098,NVDA,youtube,0,1
2024-06-23,AAPL looking interesting ngl,neutral,-0.03199559828173487,AAPL,youtube,81,10
2024-08-14,Nvidia making me rich fr fr,positive,0.8340828320681484,NVDA,youtube,56,4
2024-11-15,"Nvidia scam, dont buy this garbage",negative,-0.8188696117722871,NVDA,youtube,7,0
2024-05-03,"idk about AMZN tbh, mixed signals",neutral,-0.026379129567617315,AMZN,youtube,11,2
2024-04-07,paper hands saved me from TSLA disaster,negative,-0.5465879454114531,TSLA,youtube,8,3
2024-11-12,"GME is trash, worst investment ever",negative,-0.8585078593688993,GME,youtube,32,0
2024-06-16,"AMC going to zero, get out now",negative,-0.453157963302474,AMC,youtube,66,4
2024-08-26,paper hands saved me from MSFT disaster,negative,-0.7096167135477081,MSFT,youtube,45,3
2024-07-03,just bought more AMC let's gooo,positive,0.5493084378372396,AMC,youtube,4,1
2024-10-25,"this is gonna be huge, NVDA will 10x easy",positive,0.4046455602668997,NVDA,youtube,1,6
2023-06-02,my portfolio up 500% thanks to Apple 😂,positive,0.6128262128842448,AAPL,youtube,1,9
2023-01-25,"NVDA going to zero, get out now",negative,-0.7103533896940415,NVDA,youtube,69,12
2024-02-06,why did i buy GME?? down so bad rn,negative,-0.8012276920580971,GME,youtube,18,4
2024-05-05,biggest regret buying AMC smh,negative,-0.8595738770868446,AMC,youtube,4,0
2024-01-16,lmao GameStop bagholders in shambles,negative,-0.5526134120675128,GME,youtube,83,0
2023-07-28,"SPY going to zero, get out now",negative,-0.7147186347902308,SPY,youtube,1,0
2024-08-27,whats the PT for TSLA?,neutral,0.06502716709551404,TSLA,youtube,134,28
2023-07-10,whats the PT for Nvidia?,neutral,-0.14682878291680695,NVDA,youtube,13,11
2023-06-13,"this is gonna be huge, SPY will 10x easy",positive,0.8419341764068244,SPY,youtube,34,5
2024-07-25,my portfolio up 500% thanks to Meta 😂,positive,0.3241733674407253,META,youtube,11,18
2023-07-16,paper hands saved me from SPY disaster,negative,-0.6684362934378436,SPY,youtube,72,5
2023-01-13,TSLA looking interesting ngl,neutral,-0.17821358105326499,TSLA,youtube,27,4
2023-07-11,anyone still holding TSLA?,neutral,-0.07512410537234825,TSLA,youtube,50,2
2024-06-30,my portfolio up 500% thanks to AMC 😂,positive,0.7951268227557787,AMC,youtube,93,1
2023-05-24,whats the PT for AAPL?,neutral,-0.18977208036410614,AAPL,youtube,33,0
2023-09-30,"never selling my Nvidia shares, generational wealth",positive,0.6599807149566397,NVDA,youtube,18,9
2023-08-03,should i buy Microsoft or wait?,neutral,-0.09052061692865161,MSFT,youtube,95,1
2024-04-26,my portfolio up 500% thanks to Nvidia 😂,positive,0.43876795698957327,NVDA,youtube,3,0
2023-07-03,"this is gonna be huge, Amazon will 10x easy",positive,0.8714320514392349,AMZN,youtube,13,14
2024-09-12,"new to investing, is META good?",neutral,-0.07483218078847095,META,youtube,61,6
2023-08-25,lmao Nvidia bagholders in shambles,negative,-0.5250121509743788,NVDA,youtube,2,6
2023-05-03,"META scam, dont buy this garbage",negative,-0.8471087051180133,META,youtube,90,3
2024-03-07,diamond hands 💎🙌 holding AAPL forever,positive,0.6466967829068615,AAPL,youtube,88,8
2023-01-24,waiting for Apple to dip more,neutral,-0.03911050606115504,AAPL,youtube,7,4
2023-09-28,just bought more MSFT let's gooo,positive,0.3283180210184274,MSFT,youtube,99,1
2023-09-13,"GameStop going to zero, get out now",negative,-0.8206272314093771,GME,youtube,0,3
2023-04-08,waiting for AMC to dip more,neutral,-0.09774436248185539,AMC,youtube,9,3
2023-11-06,told yall GME was gonna pump,positive,0.38302295683233395,GME,youtube,32,3
2023-01-22,waiting for AMZN to dip more,neutral,-0.03394173840290171,AMZN,youtube,10,8
2023-05-10,rip to everyone who bought SPY at the top,negative,-0.8175829524187954,SPY,youtube,133,5
2024-10-21,what do yall think about AMZN?,neutral,0.19829378082052923,AMZN,youtube,0,2
2023-09-22,"AMC going to zero, get out now",negative,-0.6487829140033894,AMC,youtube,40,3
2024-08-31,just bought more MSFT let's gooo,positive,0.40068875738761717,MSFT,youtube,64,13
2024-11-13,who else got rekt by TSLA? 😭,negative,-0.7153783119660937,TSLA,youtube,68,6
2024-04-08,who else is buying the dip? Microsoft gang,positive,0.32135413848388583,MSFT,youtube,13,6
2023-04-23,🚀🚀🚀 Tesla to the moon!!!,positive,0.535086536770303,TSLA,youtube,29,5
2023-03-12,"Nvidia is trash, worst investment ever",negative,-0.380378594972546,NVDA,youtube,33,21
2023-02-21,waiting for Google to dip more,neutral,0.11300005775211747,GOOGL,youtube,99,1
2024-11-21,"SPY going to zero, get out now",negative,-0.8958106428717911,SPY,youtube,0,11
2024-06-19,my portfolio up 500% thanks to AAPL 😂,positive,0.48469149001567147,AAPL,youtube,38,1
2023-10-13,"Nvidia going to zero, get out now",negative,-0.7251833562973533,NVDA,youtube,28,18
2024-06-26,anyone still holding TSLA?,neutral,-0.06793761987375824,TSLA,youtube,20,6
2023-04-20,waiting for AMC to dip more,neutral,-0.07183948554391403,AMC,youtube,123,6
2024-04-21,told yall Nvidia was gonna pump,positive,0.34232138255577393,NVDA,youtube,6,0
2024-06-21,"sold all my Microsoft, this thing is done",negative,-0.384212792788436,MSFT,youtube,35,7
2024-11-23,anyone still holding META?,neutral,-0.19424750560633883,META,youtube,16,1
2024-10-20,diamond hands 💎🙌 holding Meta forever,positive,0.7527221495414764,META,youtube,60,1
2023-05-09,"AMC scam, dont buy this garbage",negative,-0.5071647909009342,AMC,youtube,8,3
2024-06-18,just bought more AAPL let's gooo,positive,0.4323052722819888,AAPL,youtube,16,15
2024-07-20,should i buy GOOGL or wait?,neutral,0.09388342810601025,GOOGL,youtube,24,14
2024-09-22,who else is buying the dip? Meta gang,positive,0.797490384170484,META,youtube,32,3
2023-06-18,anyone still holding TSLA?,neutral,-0.12319356610398531,TSLA,youtube,37,6
2023-01-01,whats the PT for META?,neutral,0.12330728448651129,META,youtube,41,5
2023-05-06,should i buy Tesla or wait?,neutral,-0.1405972873425277,TSLA,youtube,13,2
2024-07-06,whats the PT for GameStop?,neutral,-0.08004096280218552,GME,youtube,37,7
2023-05-10,"new to investing, is Tesla good?",neutral,-0.012383700992738417,TSLA,youtube,23,3
2024-03-22,"Microsoft going to zero, get out now",negative,-0.4896779250545808,MSFT,youtube,42,9
2024-03-04,"new to investing, is MSFT good?",neutral,-0.1036784735707307,MSFT,youtube,39,1
2023-11-14,who else got rekt by Tesla? 😭,negative,-0.3535042411882108,TSLA,youtube,83,2
2023-12-07,just bought more GameStop let's gooo,positive,0.8794993918309997,GME,youtube,39,10
2024-07-10,rip to everyone who bought GOOGL at the top,negative,-0.78272519977896,GOOGL,youtube,19,2
2024-07-12,whats the PT for Google?,neutral,-0.19846514179687966,GOOGL,youtube,106,0
2024-06-21,"never selling my Nvidia shares, generational wealth",positive,0.4361871236829126,NVDA,youtube,27,2
2023-09-30,should i buy Nvidia or wait?,neutral,0.13175406005694984,NVDA,youtube,17,2
2023-12-21,"this is gonna be huge, Meta will 10x easy",positive,0.5602165987922281,META,youtube,212,7
2023-05-09,lmao Microsoft bagholders in shambles,negative,-0.41694161277531905,MSFT,youtube,2,2
2023-05-14,biggest regret buying Meta smh,negative,-0.5499470885889389,META,youtube,50,1
2024-06-21,anyone still holding META?,neutral,-0.15486272512655144,META,youtube,1,2
2024-09-11,diamond hands 💎🙌 holding Tesla forever,positive,0.7290750118901328,TSLA,youtube,32,11
2024-07-31,who else got rekt by SPY? 😭,negative,-0.49159657606455776,SPY,youtube,1,2
2023-10-03,🚀🚀🚀 Tesla to the moon!!!,positive,0.8034598192797671,TSLA,youtube,65,4
2024-07-09,should i buy Nvidia or wait?,neutral,0.14222044937434902,NVDA,youtube,52,0
2023-09-03,waiting for GOOGL to dip more,neutral,-0.1567379941706573,GOOGL,youtube,45,2
2023-12-23,why did i buy AMZN?? down so bad rn,negative,-0.6959973683640647,AMZN,youtube,74,9
2023-10-20,"this is gonna be huge, META will 10x easy",positive,0.39929986479819335,META,youtube,6,0
2023-09-24,AMZN making me rich fr fr,positive,0.32489839530594383,AMZN,youtube,60,13
2023-12-30,whats the PT for SPY?,neutral,0.18124804575765513,SPY,youtube,4,3
2024-05-30,what do yall think about NVDA?,neutral,-0.15147880079778636,NVDA,youtube,9,6
2024-10-03,what do yall think about AMZN?,neutral,0.1879275458535139,AMZN,youtube,6,6
2024-10-13,"this is gonna be huge, AMC will 10x easy",positive,0.5923272041531484,AMC,youtube,33,3
2023-04-22,lol bears are so wrong about Amazon,positive,0.7368073546777185,AMZN,youtube,10,0
2023-08-24,"MSFT scam, dont buy this garbage",negative,-0.45002779091855527,MSFT,youtube,21,13
2023-10-21,whats the PT for SPY?,neutral,-0.08484812877212766,SPY,youtube,1,3
2023-02-20,who else is buying the dip? MSFT gang,positive,0.32456036662460724,MSFT,youtube,67,3
2023-02-26,my portfolio up 500% thanks to MSFT 😂,positive,0.5023601376325358,MSFT,youtube,13,3
2023-10-25,who else got rekt by Google? 😭,negative,-0.44990806234109243,GOOGL,youtube,10,3
2023-02-26,"new to investing, is AMC good?",neutral,0.19247262351753686,AMC,youtube,2,8
2024-06-13,who else is buying the dip? Amazon gang,positive,0.5627399322857474,AMZN,youtube,5,2
2024-09-13,why did i buy Microsoft?? down so bad rn,negative,-0.5534321516177197,MSFT,youtube,21,4
2023-05-19,"idk about GOOGL tbh, mixed signals",neutral,-0.16020213245081416,GOOGL,youtube,101,4
2023-07-29,who else got rekt by SPY? 😭,negative,-0.5896743433838824,SPY,youtube,30,3
2024-06-13,waiting for GameStop to dip more,neutral,-0.1320963194428694,GME,youtube,121,4
2023-09-07,why did i buy SPY?? down so bad rn,negative,-0.694034706561331,SPY,youtube,69,11
2023-09-15,should i buy Microsoft or wait?,neutral,-0.04920553308526335,MSFT,youtube,0,2
2023-07-07,GameStop looking interesting ngl,neutral,-0.14955387104983578,GME,youtube,80,0
2024-01-01,biggest regret buying AMC smh,negative,-0.4684593485735119,AMC,youtube,18,1
2023-05-23,"new to investing, is NVDA good?",neutral,-0.03905077971101295,NVDA,youtube,10,7
2024-05-10,biggest regret buying META smh,negative,-0.33347469699233534,META,youtube,14,2
2023-12-02,"idk about Google tbh, mixed signals",neutral,-0.1478587479826938,GOOGL,youtube,82,1
2024-06-04,Apple making me rich fr fr,positive,0.7899931459209741,AAPL,youtube,38,12
2023-08-14,my portfolio up 500% thanks to Tesla 😂,positive,0.37244798153800807,TSLA,youtube,69,14
2023-03-12,biggest regret buying AMZN smh,negative,-0.6428134324748809,AMZN,youtube,60,7
2023-08-09,should i buy MSFT or wait?,neutral,-0.18701956928372973,MSFT,youtube,24,1
2023-10-08,diamond hands 💎🙌 holding GameStop forever,positive,0.8511129616623108,GME,youtube,25,1
2024-05-24,"TSLA going to zero, get out now",negative,-0.3782797969110121,TSLA,youtube,12,1
2023-01-28,TSLA looking interesting ngl,neutral,-0.004309098100032299,TSLA,youtube,12,0
2024-01-03,SPY making me rich fr fr,positive,0.5216124780536594,SPY,youtube,153,10
2023-10-21,"Apple scam, dont buy this garbage",negative,-0.8089542522281685,AAPL,youtube,79,0
2024-04-16,diamond hands 💎🙌 holding TSLA forever,positive,0.602782372786461,TSLA,youtube,7,7
2024-11-19,who else got rekt by TSLA? 😭,negative,-0.7135708030131316,TSLA,youtube,63,4
2023-08-02,whats the PT for GOOGL?,neutral,-0.022574661800598916,GOOGL,youtube,58,9
2023-02-13,META looking interesting ngl,neutral,-0.17249843743100501,META,youtube,11,8
2023-05-25,paper hands saved me from AMZN disaster,negative,-0.31689281920470913,AMZN,youtube,31,9
2024-04-12,just bought more Google let's gooo,positive,0.4054032599735464,GOOGL,youtube,75,3
2023-11-21,"never selling my Tesla shares, generational wealth",positive,0.34518086015908184,TSLA,youtube,0,3
2023-12-24,who else is buying the dip? SPY gang,positive,0.8346840550761057,SPY,youtube,21,6
2023-03-26,rip to everyone who bought Meta at the top,negative,-0.46772595512234627,META,youtube,72,0
2023-10-23,GOOGL making me rich fr fr,positive,0.38066005642173,GOOGL,youtube,27,0
2024-03-21,what do yall think about GME?,neutral,-0.1552261687460843,GME,youtube,28,3
2023-03-12,biggest regret buying AMC smh,negative,-0.5942061295177437,AMC,youtube,20,4
2024-04-30,"new to investing, is Google good?",neutral,0.17239944788503364,GOOGL,youtube,16,15
2023-01-19,just bought more AMC let's gooo,positive,0.49459732748218,AMC,youtube,25,33
2023-06-02,lol bears are so wrong about GME,positive,0.5353602249141283,GME,youtube,28,3
2023-07-03,diamond hands 💎🙌 holding TSLA forever,positive,0.3692176807834223,TSLA,youtube,169,14
2023-11-18,🚀🚀🚀 AAPL to the moon!!!,positive,0.8457572346665667,AAPL,youtube,138,5
2023-01-17,biggest regret buying GOOGL smh,negative,-0.3235522183371867,GOOGL,youtube,1,3
2024-01-08,why did i buy Meta?? down so bad rn,negative,-0.4601037731179202,META,youtube,156,1
2024-10-31,"new to investing, is MSFT good?",neutral,-0.1323352424630319,MSFT,youtube,34,4
2023-02-26,"this is gonna be huge, Amazon will 10x easy",positive,0.3622538061215138,AMZN,youtube,55,0
2023-12-01,anyone still holding AAPL?,neutral,-0.1318149953673432,AAPL,youtube,1,1
2023-07-30,"never selling my MSFT shares, generational wealth",positive,0.7764086701595777,MSFT,youtube,20,6
2023-05-26,🚀🚀🚀 Meta to the moon!!!,positive,0.44159796354554254,META,youtube,93,0
2024-08-06,anyone still holding Tesla?,neutral,-0.14421990551793595,TSLA,youtube,43,6
2024-05-08,just bought more AMC let's gooo,positive,0.3788474297131611,AMC,youtube,6,4
2023-07-23,lmao AMC bagholders in shambles,negative,-0.3975302429499229,AMC,youtube,8,0
2024-04-07,diamond hands 💎🙌 holding Meta forever,positive,0.43819153480972656,META,youtube,24,2
2023-12-24,"never selling my Tesla shares, generational wealth",positive,0.8691121965083493,TSLA,youtube,72,3
2023-07-15,whats the PT for SPY?,neutral,0.030617995980456003,SPY,youtube,25,0
2024-05-12,anyone still holding Meta?,neutral,-0.16456866414534238,META,youtube,45,6
2023-12-23,"never selling my Microsoft shares, generational wealth",positive,0.7123139978812061,MSFT,youtube,30,1
2023-09-26,AAPL making me rich fr fr,positive,0.3714127826958846,AAPL,youtube,39,0
2023-10-04,🚀🚀🚀 NVDA to the moon!!!,positive,0.4626853520283528,NVDA,youtube,24,18
2024-11-18,anyone still holding Amazon?,neutral,-0.02224175261956779,AMZN,youtube,19,1
2024-02-24,who else got rekt by MSFT? 😭,negative,-0.8451074889675247,MSFT,youtube,18,0
2023-12-14,what do yall think about Tesla?,neutral,0.1110869956290203,TSLA,youtube,59,7
2024-08-03,who else is buying the dip? SPY gang,positive,0.8173268539931628,SPY,youtube,59,21
2023-12-19,lol bears are so wrong about GameStop,positive,0.6413899165824737,GME,youtube,25,2
2024-06-06,why did i buy Amazon?? down so bad rn,negative,-0.6153390515116955,AMZN,youtube,64,0
2024-08-09,lmao GME bagholders in shambles,negative,-0.5887512917311744,GME,youtube,29,1
2024-04-08,whats the PT for AMC?,neutral,0.0016531367673753294,AMC,youtube,31,0
2023-03-11,anyone still holding META?,neutral,-0.13457848218792506,META,youtube,17,11
2023-02-21,rip to everyone who bought AMZN at the top,negative,-0.39940512255036087,AMZN,youtube,15,8
2024-04-22,just bought more AMZN let's gooo,positive,0.6833778131839707,AMZN,youtube,34,1
2023-08-13,apes together strong 🦍 TSLA,positive,0.714986041183991,TSLA,youtube,5,4
2024-01-10,"AMC is trash, worst investment ever",negative,-0.5830864429461863,AMC,youtube,28,0
2023-05-08,"idk about SPY tbh, mixed signals",neutral,-0.16988851333933055,SPY,youtube,29,11
2023-08-12,lol bears are so wrong about TSLA,positive,0.8657896704426815,TSLA,youtube,61,0
2023-02-08,"idk about SPY tbh, mixed signals",neutral,0.14328271639081192,SPY,youtube,303,1
2023-07-22,diamond hands 💎🙌 holding Microsoft forever,positive,0.6925322772174078,MSFT,youtube,64,9
2023-04-21,waiting for GOOGL to dip more,neutral,-0.19134177546120656,GOOGL,youtube,51,5
2024-04-30,"never selling my AMC shares, generational wealth",positive,0.8894895483607488,AMC,youtube,44,1
2023-09-15,"never selling my SPY shares, generational wealth",positive,0.6556176399857268,SPY,youtube,31,7
2023-02-18,should i buy MSFT or wait?,neutral,-0.07533883333814045,MSFT,youtube,20,12
2023-12-12,"idk about AMZN tbh, mixed signals",neutral,-0.05788641030523098,AMZN,youtube,62,1
2023-02-16,apes together strong 🦍 AMZN,positive,0.3615175189366808,AMZN,youtube,110,2
2023-12-24,"sold all my Microsoft, this thing is done",negative,-0.37838861940459156,MSFT,youtube,91,10
2023-07-19,lol bears are so wrong about MSFT,positive,0.7029961385987393,MSFT,youtube,121,8
2024-08-27,TSLA looking interesting ngl,neutral,0.005609347950603916,TSLA,youtube,39,0
2023-12-31,"idk about Google tbh, mixed signals",neutral,0.09098095651444821,GOOGL,youtube,10,0
2024-03-07,who else got rekt by Microsoft? 😭,negative,-0.8250779538564464,MSFT,youtube,42,8
2024-08-24,told yall GME was gonna pump,positive,0.4704350334242574,GME,youtube,29,1
2024-10-08,"new to investing, is Amazon good?",neutral,0.09667365159672925,AMZN,youtube,58,1
2023-05-09,"AMZN is trash, worst investment ever",negative,-0.4942825521860764,AMZN,youtube,4,3
2024-07-18,"this is gonna be huge, SPY will 10x easy",positive,0.6613537814263544,SPY,youtube,76,6
2024-06-19,GOOGL looking interesting ngl,neutral,0.06913267596817202,GOOGL,youtube,16,5
2023-02-15,🚀🚀🚀 AMC to the moon!!!,positive,0.31980716154019634,AMC,youtube,74,1
2024-04-02,biggest regret buying GME smh,negative,-0.6098552485776795,GME,youtube,71,3
2023-07-26,"new to investing, is Nvidia good?",neutral,0.10148807062485188,NVDA,youtube,8,5
2024-02-01,biggest regret buying AMZN smh,negative,-0.7143224541322906,AMZN,youtube,207,1
2023-02-08,META making me rich fr fr,positive,0.33326714142230485,META,youtube,123,1
2024-03-30,"idk about TSLA tbh, mixed signals",neutral,0.1789199997680268,TSLA,youtube,12,3
2023-11-06,rip to everyone who bought Nvidia at the top,negative,-0.6185641533659285,NVDA,youtube,20,4
2024-09-10,why did i buy Nvidia?? down so bad rn,negative,-0.4226529742454481,NVDA,youtube,66,9
2024-03-09,lmao Amazon bagholders in shambles,negative,-0.3457611624739343,AMZN,youtube,6,2
2023-02-08,diamond hands 💎🙌 holding META forever,positive,0.7096026914776556,META,youtube,5,0
2024-05-28,why did i buy AAPL?? down so bad rn,negative,-0.4005653749788552,AAPL,youtube,58,5
2024-05-28,anyone still holding SPY?,neutral,-0.1094890663424772,SPY,youtube,5,7
2023-01-12,"new to investing, is Meta good?",neutral,-0.02066141179014655,META,youtube,18,7
2023-12-28,should i buy AMZN or wait?,neutral,0.1761988794052043,AMZN,youtube,66,1
2023-05-23,told yall Tesla was gonna pump,positive,0.462858518565632,TSLA,youtube,18,7
2023-06-21,lmao AMC bagholders in shambles,negative,-0.5239479908746012,AMC,youtube,114,13
2023-09-12,should i buy MSFT or wait?,neutral,0.03841743819105886,MSFT,youtube,9,0
2023-02-21,"idk about Apple tbh, mixed signals",neutral,-0.09393170352665776,AAPL,youtube,123,3
2023-02-01,waiting for AMC to dip more,neutral,0.1953961937947219,AMC,youtube,66,3
2024-01-21,"this is gonna be huge, AMC will 10x easy",positive,0.42225329150996627,AMC,youtube,199,4
2024-01-28,paper hands saved me from META disaster,negative,-0.3082939216297831,META,youtube,0,0
2023-04-16,"Amazon is trash, worst investment ever",negative,-0.7537750728573944,AMZN,youtube,61,6
2024-03-29,told yall META was gonna pump,positive,0.7517084850548303,META,youtube,43,1
2023-07-07,told yall Amazon was gonna pump,positive,0.7896340542685942,AMZN,youtube,45,10
2024-10-19,"Tesla is trash, worst investment ever",negative,-0.7507217617481112,TSLA,youtube,7,0
2023-09-12,"best stock ever, TSLA is the future",positive,0.4662866111240159,TSLA,youtube,9,4
2023-10-08,whats the PT for Google?,neutral,0.18389828858478768,GOOGL,youtube,54,2
2023-01-26,"this is gonna be huge, GameStop will 10x easy",positive,0.30517140155506817,GME,youtube,28,3
2023-08-17,who else is buying the dip? AAPL gang,positive,0.7478518980059095,AAPL,youtube,65,1
2023-04-16,should i buy GME or wait?,neutral,-0.12884637650620015,GME,youtube,49,8
2023-01-18,"AAPL scam, dont buy this garbage",negative,-0.4566417267903166,AAPL,youtube,11,4
2024-02-26,who else is buying the dip? AAPL gang,positive,0.6044338590510943,AAPL,youtube,17,10
2024-03-21,should i buy AMC or wait?,neutral,0.0874797063891184,AMC,youtube,14,12
2023-10-05,"best stock ever, Nvidia is the future",positive,0.592096927164742,NVDA,youtube,114,3
2024-05-15,told yall AMC was gonna pump,positive,0.6737724265100291,AMC,youtube,18,0
2023-02-03,"Nvidia going to zero, get out now",negative,-0.3440487700689713,NVDA,youtube,6,2
2023-11-19,apes together strong 🦍 AAPL,positive,0.6998443828169514,AAPL,youtube,28,1
2023-05-09,anyone still holding GOOGL?,neutral,-0.10181821498442784,GOOGL,youtube,55,4
2023-01-24,"idk about AMZN tbh, mixed signals",neutral,0.003663186225041054,AMZN,youtube,24,6
2023-10-26,why did i buy SPY?? down so bad rn,negative,-0.5188410075845514,SPY,youtube,22,0
2023-06-15,anyone still holding Meta?,neutral,-0.06459724822981086,META,youtube,97,2
2024-03-12,should i buy AMC or wait?,neutral,0.11603329998857509,AMC,youtube,48,1
2023-10-10,who else is buying the dip? AAPL gang,positive,0.3804149365913951,AAPL,youtube,147,2
2024-01-14,AAPL looking interesting ngl,neutral,-0.16773209304352907,AAPL,youtube,4,13
2023-06-07,MSFT looking interesting ngl,neutral,-0.11315870821204387,MSFT,youtube,7,14
2024-11-03,apes together strong 🦍 GME,positive,0.3899455519482838,GME,youtube,15,2
2023-05-10,META looking interesting ngl,neutral,-0.18216476290634243,META,youtube,60,0
2023-12-07,lol bears are so wrong about Amazon,positive,0.7935944810882565,AMZN,youtube,30,3
2023-01-26,just bought more AMC let's gooo,positive,0.3753492616260964,AMC,youtube,33,0
2024-07-13,why did i buy Nvidia?? down so bad rn,negative,-0.3840355714899544,NVDA,youtube,8,16
2024-11-17,"sold all my META, this thing is done",negative,-0.549041463612767,META,youtube,6,4
2023-07-19,"idk about MSFT tbh, mixed signals",neutral,-0.01801724810890515,MSFT,youtube,36,5
2024-08-23,SPY looking interesting ngl,neutral,-0.03280636579723456,SPY,youtube,5,0
2024-01-19,"never selling my TSLA shares, generational wealth",positive,0.3773415510440994,TSLA,youtube,47,16
2023-07-27,whats the PT for Amazon?,neutral,-0.10652382046985456,AMZN,youtube,62,10
2023-11-07,who else is buying the dip? Amazon gang,positive,0.5507303979705658,AMZN,youtube,27,0
2023-06-02,whats the PT for AAPL?,neutral,0.14127032490312014,AAPL,youtube,10,3
2024-11-23,Google making me rich fr fr,positive,0.6214133822736179,GOOGL,youtube,33,3
2023-01-17,rip to everyone who bought TSLA at the top,negative,-0.4008350749871687,TSLA,youtube,124,11
2023-07-21,"Google is trash, worst investment ever",negative,-0.6995726709480242,GOOGL,youtube,74,0
2023-01-07,"idk about Apple tbh, mixed signals",neutral,-0.01573088333800271,AAPL,youtube,19,3
2023-08-16,why did i buy TSLA?? down so bad rn,negative,-0.6316183462484396,TSLA,youtube,16,1
2024-03-12,lmao AMC bagholders in shambles,negative,-0.4613937905163101,AMC,youtube,1,2
2023-08-14,what do yall think about Amazon?,neutral,0.08910747040431827,AMZN,youtube,43,3
2023-11-11,should i buy SPY or wait?,neutral,0.1497592126833323,SPY,youtube,118,0
2023-01-24,my portfolio up 500% thanks to SPY 😂,positive,0.4406220544067253,SPY,youtube,143,18
2023-05-17,diamond hands 💎🙌 holding TSLA forever,positive,0.6268948054040591,TSLA,youtube,53,22
2023-08-23,Amazon making me rich fr fr,positive,0.6168408485592474,AMZN,youtube,376,8
2024-06-10,Nvidia looking interesting ngl,neutral,0.09101457089205706,NVDA,youtube,16,2
2023-09-28,should i buy Tesla or wait?,neutral,-0.1220013049915921,TSLA,youtube,50,6
2023-05-03,apes together strong 🦍 GameStop,positive,0.7810955399253091,GME,youtube,67,0
2024-04-27,waiting for Microsoft to dip more,neutral,0.00490422555050421,MSFT,youtube,9,5
2023-01-21,who else is buying the dip? META gang,positive,0.3377444856108144,META,youtube,68,27
2023-05-21,"sold all my TSLA, this thing is done",negative,-0.8071283790923328,TSLA,youtube,109,0
2024-10-19,"AMZN going to zero, get out now",negative,-0.308058305532404,AMZN,youtube,2,4
2023-03-08,apes together strong 🦍 Microsoft,positive,0.39572397401305415,MSFT,youtube,107,4
2023-06-05,who else is buying the dip? Meta gang,positive,0.6046512911175986,META,youtube,24,1
2023-08-17,"best stock ever, MSFT is the future",positive,0.4783284683070576,MSFT,youtube,5,1
2023-11-17,whats the PT for Microsoft?,neutral,0.0767709453066368,MSFT,youtube,126,0
2024-11-04,"new to investing, is META good?",neutral,0.08131202161690021,META,youtube,36,1
2024-04-10,should i buy Tesla or wait?,neutral,-0.09657709454390165,TSLA,youtube,77,5
2023-11-01,"idk about GOOGL tbh, mixed signals",neutral,-0.03961186932465929,GOOGL,youtube,15,3
2024-09-30,biggest regret buying TSLA smh,negative,-0.809153733638349,TSLA,youtube,26,8
2023-12-30,lol bears are so wrong about Google,positive,0.3728231547291718,GOOGL,youtube,24,4
2024-08-17,anyone still holding SPY?,neutral,0.00046509258299615164,SPY,youtube,51,5
2023-10-17,whats the PT for Meta?,neutral,0.06633233106074499,META,youtube,39,6
2024-08-12,should i buy SPY or wait?,neutral,-0.1323187793290993,SPY,youtube,4,3
2023-05-27,apes together strong 🦍 GOOGL,positive,0.31084865532341127,GOOGL,youtube,48,5
2023-01-22,what do yall think about Nvidia?,neutral,0.1531292650713975,NVDA,youtube,8,18
2023-08-09,should i buy MSFT or wait?,neutral,-0.17965863054567155,MSFT,youtube,141,5
2024-03-19,rip to everyone who bought Meta at the top,negative,-0.3986758652737755,META,youtube,46,9
2024-05-14,why did i buy AAPL?? down so bad rn,negative,-0.5946688468954525,AAPL,youtube,11,4
2023-05-17,waiting for SPY to dip more,neutral,0.01418597986278164,SPY,youtube,7,2
2023-11-19,"idk about TSLA tbh, mixed signals",neutral,0.19705021938114808,TSLA,youtube,21,0
2023-08-23,waiting for GME to dip more,neutral,-0.1929144597562444,GME,youtube,49,0
2023-03-20,"sold all my GameStop, this thing is done",negative,-0.6742857187382267,GME,youtube,82,2
2024-03-19,lmao AMC bagholders in shambles,negative,-0.46294650762033707,AMC,youtube,10,4
2023-05-01,lol bears are so wrong about GME,positive,0.317579665862051,GME,youtube,22,0
2023-07-14,who else got rekt by AAPL? 😭,negative,-0.7839964598327687,AAPL,youtube,57,10
2024-07-04,told yall Microsoft was gonna pump,positive,0.7303088682280547,MSFT,youtube,27,0
2023-06-29,🚀🚀🚀 GOOGL to the moon!!!,positive,0.413960846196612,GOOGL,youtube,52,8
2024-07-23,paper hands saved me from GME disaster,negative,-0.7358001690471254,GME,youtube,61,0
2024-04-01,paper hands saved me from SPY disaster,negative,-0.43447662627352396,SPY,youtube,30,14
2023-05-21,lmao Apple bagholders in shambles,negative,-0.3909106740397561,AAPL,youtube,49,1
2024-11-12,whats the PT for Apple?,neutral,-0.13429182021762878,AAPL,youtube,54,2
2023-03-26,"new to investing, is AMC good?",neutral,0.07098534169598936,AMC,youtube,43,14
2023-04-09,"best stock ever, AMC is the future",positive,0.6603208609238489,AMC,youtube,111,6
2024-01-17,paper hands saved me from Tesla disaster,negative,-0.7321398414677756,TSLA,youtube,52,6
2024-05-22,rip to everyone who bought GME at the top,negative,-0.30561435769669254,GME,youtube,97,5
2024-06-14,"idk about Apple tbh, mixed signals",neutral,0.033227073768857446,AAPL,youtube,36,0
2023-03-20,"META going to zero, get out now",negative,-0.45113659926750643,META,youtube,11,2
2023-08-24,told yall Microsoft was gonna pump,positive,0.7411507297840761,MSFT,youtube,31,0
2024-10-17,"best stock ever, Amazon is the future",positive,0.3617430530052004,AMZN,youtube,72,1
2024-09-24,"SPY scam, dont buy this garbage",negative,-0.45914291318679334,SPY,youtube,36,7
2023-08-09,"sold all my SPY, this thing is done",negative,-0.6727954740163299,SPY,youtube,37,1
2024-11-20,apes together strong 🦍 META,positive,0.6940891386530694,META,youtube,376,4
2023-04-23,"TSLA scam, dont buy this garbage",negative,-0.5376477338026635,TSLA,youtube,1,3
2023-07-31,"NVDA scam, dont buy this garbage",negative,-0.530742650980244,NVDA,youtube,21,1
2024-05-26,rip to everyone who bought Nvidia at the top,negative,-0.33108089595415946,NVDA,youtube,2,3
2023-09-24,apes together strong 🦍 Meta,positive,0.8679591436670033,META,youtube,52,17
2023-07-23,should i buy Apple or wait?,neutral,0.10150728081802096,AAPL,youtube,6,4
2023-07-19,why did i buy Microsoft?? down so bad rn,negative,-0.656512744679837,MSFT,youtube,15,3
2023-05-09,"new to investing, is SPY good?",neutral,0.08587843560264885,SPY,youtube,24,2
2024-08-27,whats the PT for SPY?,neutral,-0.18966441111199553,SPY,youtube,11,0
2023-08-08,"Google going to zero, get out now",negative,-0.8491403073442001,GOOGL,youtube,123,9
2023-10-17,paper hands saved me from Apple disaster,negative,-0.7760140890649768,AAPL,youtube,80,3
2024-06-29,just bought more AMC let's gooo,positive,0.4256506024931126,AMC,youtube,12,1
2024-02-09,"new to investing, is AMZN good?",neutral,0.0704629333813781,AMZN,youtube,1,9
2024-07-26,lol bears are so wrong about GameStop,positive,0.632772294726687,GME,youtube,12,12
2023-11-20,anyone still holding Meta?,neutral,0.1553088786046024,META,youtube,10,8
2023-05-07,AMC looking interesting ngl,neutral,0.007608677431422295,AMC,youtube,55,1
2023-02-21,anyone still holding Amazon?,neutral,-0.0663581391653747,AMZN,youtube,14,0
2024-10-18,🚀🚀🚀 GOOGL to the moon!!!,positive,0.331761561341291,GOOGL,youtube,19,1
2024-10-22,"sold all my Microsoft, this thing is done",negative,-0.7860403402617845,MSFT,youtube,41,2
2023-02-25,paper hands saved me from Apple disaster,negative,-0.570141269240388,AAPL,youtube,106,0
2024-01-22,"new to investing, is GameStop good?",neutral,-0.17599672296439528,GME,youtube,106,14
2023-04-23,Microsoft looking interesting ngl,neutral,0.0007281502162043707,MSFT,youtube,31,0
2024-09-18,apes together strong 🦍 GME,positive,0.5137499367622681,GME,youtube,96,6
2023-06-26,"never selling my Apple shares, generational wealth",positive,0.45119893298644304,AAPL,youtube,40,14
2023-12-29,told yall SPY was gonna pump,positive,0.61397174958015,SPY,youtube,85,11
2023-05-14,whats the PT for SPY?,neutral,0.14781646754368732,SPY,youtube,55,3
2023-02-20,"SPY going to zero, get out now",negative,-0.6772374476967638,SPY,youtube,18,3
2023-09-25,why did i buy Google?? down so bad rn,negative,-0.5755037616170762,GOOGL,youtube,40,6
2023-11-10,lmao TSLA bagholders in shambles,negative,-0.5704041808883911,TSLA,youtube,3,3
2023-09-28,"Tesla going to zero, get out now",negative,-0.6557539323726118,TSLA,youtube,79,3
2023-05-18,whats the PT for Google?,neutral,-0.000988273589018901,GOOGL,youtube,10,11
2024-05-28,"AMC is trash, worst investment ever",negative,-0.6371869221898023,AMC,youtube,13,2
2023-03-06,"best stock ever, AMZN is the future",positive,0.3393474435879818,AMZN,youtube,42,2
2023-11-20,diamond hands 💎🙌 holding Amazon forever,positive,0.7775790537603646,AMZN,youtube,20,6
2023-01-24,🚀🚀🚀 GOOGL to the moon!!!,positive,0.6878190672741936,GOOGL,youtube,88,4
2024-02-26,who else got rekt by Tesla? 😭,negative,-0.3753149380298145,TSLA,youtube,53,1
2024-07-19,anyone still holding Apple?,neutral,0.0068025132838834546,AAPL,youtube,23,2
2024-03-06,lmao SPY bagholders in shambles,negative,-0.4206308627569763,SPY,youtube,16,1
2024-09-25,biggest regret buying GME smh,negative,-0.5028838126709967,GME,youtube,24,1
2023-04-20,who else is buying the dip? AMC gang,positive,0.5273735458875046,AMC,youtube,85,13
2023-04-15,lmao GOOGL bagholders in shambles,negative,-0.7636067573579836,GOOGL,youtube,28,1
2024-09-29,who else is buying the dip? Nvidia gang,positive,0.5490643061129596,NVDA,youtube,13,3
2023-06-14,why did i buy Nvidia?? down so bad rn,negative,-0.8546837483844679,NVDA,youtube,1,4
2023-08-27,"new to investing, is Apple good?",neutral,-0.1641196323940617,AAPL,youtube,30,1
2024-08-11,"new to investing, is Amazon good?",neutral,-0.13799653303329817,AMZN,youtube,143,0
2023-07-20,just bought more SPY let's gooo,positive,0.3857075445551542,SPY,youtube,42,9
2024-09-14,rip to everyone who bought AMC at the top,negative,-0.3706765576638056,AMC,youtube,246,2
2024-07-21,"best stock ever, META is the future",positive,0.6109912334575098,META,youtube,0,2
2023-08-13,whats the PT for AMC?,neutral,0.166066855189822,AMC,youtube,8,0
2023-06-13,told yall SPY was gonna pump,positive,0.6264179791767455,SPY,youtube,13,10
2023-04-14,lol bears are so wrong about Microsoft,positive,0.8220149553120994,MSFT,youtube,8,0
2023-10-04,TSLA making me rich fr fr,positive,0.3328469893557571,TSLA,youtube,34,1
2023-04-20,should i buy Tesla or wait?,neutral,0.1113356916270235,TSLA,youtube,95,3
2024-08-14,waiting for AAPL to dip more,neutral,-0.15001737356639278,AAPL,youtube,15,1
2024-10-12,"idk about Apple tbh, mixed signals",neutral,-0.16078218475562409,AAPL,youtube,49,2
2023-11-11,rip to everyone who bought SPY at the top,negative,-0.45631520766953193,SPY,youtube,9,0
2023-10-20,apes together strong 🦍 AMC,positive,0.7773266351559889,AMC,youtube,2,3
2024-04-02,anyone still holding Meta?,neutral,0.08391402008958904,META,youtube,134,7
2023-04-16,should i buy Tesla or wait?,neutral,0.12444182652212726,TSLA,youtube,6,16
2024-06-03,just bought more Amazon let's gooo,positive,0.3534058409376053,AMZN,youtube,136,2
2023-10-03,"best stock ever, AMZN is the future",positive,0.6714728400280178,AMZN,youtube,44,4
2023-04-25,should i buy AMC or wait?,neutral,-0.16583660687669388,AMC,youtube,90,1
2023-12-25,"SPY scam, dont buy this garbage",negative,-0.856958793751545,SPY,youtube,119,7
2023-03-16,apes together strong 🦍 AMC,positive,0.7412870329999486,AMC,youtube,50,0
2023-01-23,anyone still holding SPY?,neutral,0.1258260848454011,SPY,youtube,62,1
2023-03-26,told yall NVDA was gonna pump,positive,0.8747876119493345,NVDA,youtube,20,1
2024-01-13,just bought more Microsoft let's gooo,positive,0.4083820187647892,MSFT,youtube,15,7
2023-09-27,who else is buying the dip? SPY gang,positive,0.6213960370368673,SPY,youtube,11,2
2023-10-12,just bought more AMC let's gooo,positive,0.6956144323673064,AMC,youtube,132,2
2023-07-05,"GameStop scam, dont buy this garbage",negative,-0.833018442362363,GME,youtube,19,2
2023-01-03,"this is gonna be huge, GME will 10x easy",positive,0.8153049500485563,GME,youtube,15,0
2024-11-07,🚀🚀🚀 AMC to the moon!!!,positive,0.7806984403050952,AMC,youtube,2,13
2023-02-16,lmao GameStop bagholders in shambles,negative,-0.6723806410774881,GME,youtube,83,10
2023-07-24,diamond hands 💎🙌 holding GOOGL forever,positive,0.6395331630610555,GOOGL,youtube,53,2
2023-10-02,Meta making me rich fr fr,positive,0.49233793461655473,META,youtube,2,2
2024-07-23,"never selling my SPY shares, generational wealth",positive,0.7597824426713401,SPY,youtube,44,3
2023-08-12,🚀🚀🚀 TSLA to the moon!!!,positive,0.757976947198369,TSLA,youtube,119,0
2023-03-04,lmao AMZN bagholders in shambles,negative,-0.6841050596180601,AMZN,youtube,23,3
2024-08-26,apes together strong 🦍 TSLA,positive,0.8598465918396871,TSLA,youtube,6,9
2023-03-05,who else is buying the dip? SPY gang,positive,0.3674316295933564,SPY,youtube,3,2
2023-03-07,"GME going to zero, get out now",negative,-0.687854925820635,GME,youtube,35,6
2023-02-24,told yall META was gonna pump,positive,0.8055207050110811,META,youtube,2,8
2023-05-11,diamond hands 💎🙌 holding Apple forever,positive,0.781321805301514,AAPL,youtube,4,13
2024-05-01,"SPY going to zero, get out now",negative,-0.6266246307868799,SPY,youtube,48,0
2024-01-11,🚀🚀🚀 NVDA to the moon!!!,positive,0.5212217544023768,NVDA,youtube,23,3
2023-11-25,"never selling my AMZN shares, generational wealth",positive,0.7055355736981265,AMZN,youtube,81,1
2023-02-21,who else is buying the dip? AMC gang,positive,0.31263467013379204,AMC,youtube,12,6
2024-09-12,"this is gonna be huge, GME will 10x easy",positive,0.7755974860509702,GME,youtube,3,6
2023-12-22,who else got rekt by AMC? 😭,negative,-0.8086630716498799,AMC,youtube,44,4
2024-06-20,"AMZN is trash, worst investment ever",negative,-0.3019153723926875,AMZN,youtube,76,2
2024-09-19,"AMC is trash, worst investment ever",negative,-0.34041113967451275,AMC,youtube,76,7
2024-04-27,apes together strong 🦍 AMZN,positive,0.826951480639408,AMZN,youtube,31,1
2023-12-11,rip to everyone who bought Apple at the top,negative,-0.6269254613803383,AAPL,youtube,143,3
2024-02-22,who else got rekt by Nvidia? 😭,negative,-0.6299688416676648,NVDA,youtube,13,12
2024-03-22,who else got rekt by Google? 😭,negative,-0.6405376999700982,GOOGL,youtube,12,8
2023-08-03,🚀🚀🚀 AAPL to the moon!!!,positive,0.6340255539317123,AAPL,youtube,14,2
2024-08-22,"GME is trash, worst investment ever",negative,-0.5111387236433571,GME,youtube,37,1
2023-01-28,apes together strong 🦍 Google,positive,0.35456126994782466,GOOGL,youtube,30,0
2023-10-21,lol bears are so wrong about TSLA,positive,0.8013430230543892,TSLA,youtube,16,17
2023-12-01,"never selling my Microsoft shares, generational wealth",positive,0.897698215902158,MSFT,youtube,3,0
2023-03-08,who else is buying the dip? AMZN gang,positive,0.7343934985414149,AMZN,youtube,26,1
2024-01-16,who else got rekt by AMC? 😭,negative,-0.7133779996437978,AMC,youtube,42,11
2023-08-06,"never selling my Nvidia shares, generational wealth",positive,0.7705678889727415,NVDA,youtube,32,0
2024-08-24,just bought more Meta let's gooo,positive,0.8670734692469322,META,youtube,40,3
2023-09-26,waiting for AMC to dip more,neutral,0.09541561579036306,AMC,youtube,74,5
2023-04-06,lmao AMC bagholders in shambles,negative,-0.8721582683909246,AMC,youtube,12,2
2024-04-26,lmao Amazon bagholders in shambles,negative,-0.5066223527314095,AMZN,youtube,15,8
2024-06-21,"Amazon scam, dont buy this garbage",negative,-0.7113395365131567,AMZN,youtube,99,3
2023-07-05,"sold all my Microsoft, this thing is done",negative,-0.38415131658895985,MSFT,youtube,13,3
2023-10-07,anyone still holding SPY?,neutral,0.12309571728028579,SPY,youtube,32,23
2023-02-13,Apple looking interesting ngl,neutral,-0.04089065938758413,AAPL,youtube,7,1
2023-03-30,"TSLA going to zero, get out now",negative,-0.3466660091070839,TSLA,youtube,34,4
2023-08-28,"AAPL going to zero, get out now",negative,-0.4455449379760051,AAPL,youtube,83,3
2023-12-05,"this is gonna be huge, Microsoft will 10x easy",positive,0.5793033999164878,MSFT,youtube,23,0
2023-07-18,rip to everyone who bought AMZN at the top,negative,-0.3396075488924296,AMZN,youtube,71,2
2024-07-03,should i buy GameStop or wait?,neutral,-0.13169269599866523,GME,youtube,76,0
2024-09-13,🚀🚀🚀 AMC to the moon!!!,positive,0.8626227692276207,AMC,youtube,28,3
2024-09-16,AMC looking interesting ngl,neutral,0.18882138984939528,AMC,youtube,147,2
2024-06-26,who else is buying the dip? AMC gang,positive,0.32764150180528057,AMC,youtube,22,0
2023-12-22,biggest regret buying Tesla smh,negative,-0.4477916906742057,TSLA,youtube,37,1
2024-05-30,apes together strong 🦍 SPY,positive,0.5880646967713719,SPY,youtube,96,12
2024-07-21,"best stock ever, Apple is the future",positive,0.6770536973506038,AAPL,youtube,2,6
2024-07-21,"MSFT scam, dont buy this garbage",negative,-0.40979970990142156,MSFT,youtube,68,0
2024-03-17,diamond hands 💎🙌 holding SPY forever,positive,0.5909152438296622,SPY,youtube,166,5
2024-02-01,Amazon making me rich fr fr,positive,0.8250052198463822,AMZN,youtube,71,4
2024-01-18,biggest regret buying AAPL smh,negative,-0.8372622811473951,AAPL,youtube,87,9
2023-03-10,what do yall think about Apple?,neutral,0.17937006221659718,AAPL,youtube,163,3
2023-02-18,🚀🚀🚀 SPY to the moon!!!,positive,0.3964280095145914,SPY,youtube,52,2
2024-07-14,what do yall think about GOOGL?,neutral,-0.14838543644423005,GOOGL,youtube,2,12
2023-10-20,what do yall think about Apple?,neutral,-0.007992596062151636,AAPL,youtube,170,3
2024-01-09,who else is buying the dip? GME gang,positive,0.3032391253102064,GME,youtube,46,0
2024-08-23,told yall Apple was gonna pump,positive,0.4475998441840771,AAPL,youtube,25,1
2023-08-07,waiting for SPY to dip more,neutral,-0.11417407196286007,SPY,youtube,5,4
2023-03-21,why did i buy Amazon?? down so bad rn,negative,-0.5889042150346557,AMZN,youtube,2,1
2024-01-18,lmao MSFT bagholders in shambles,negative,-0.6622336425049796,MSFT,youtube,27,0
2024-07-02,"best stock ever, NVDA is the future",positive,0.5824709982076244,NVDA,youtube,51,0
2023-05-02,lol bears are so wrong about GOOGL,positive,0.40106433067914915,GOOGL,youtube,9,6
2024-03-02,whats the PT for Apple?,neutral,0.08179745456467391,AAPL,youtube,94,3
2023-12-30,told yall Tesla was gonna pump,positive,0.6474778824210294,TSLA,youtube,17,2
2024-10-14,🚀🚀🚀 Nvidia to the moon!!!,positive,0.34721860511723945,NVDA,youtube,44,0
2023-06-27,who else got rekt by Meta? 😭,negative,-0.4332332835178073,META,youtube,48,1
2024-11-18,anyone still holding Meta?,neutral,-0.08549638584672672,META,youtube,83,3
2024-04-18,apes together strong 🦍 AAPL,positive,0.7875675834529032,AAPL,youtube,57,1
2023-08-23,"never selling my Microsoft shares, generational wealth",positive,0.6434446355806591,MSFT,youtube,12,5
2023-11-07,whats the PT for Meta?,neutral,-0.17152790547276553,META,youtube,21,3
2024-09-16,diamond hands 💎🙌 holding GOOGL forever,positive,0.6260435113189584,GOOGL,youtube,4,6
2023-02-20,lol bears are so wrong about Amazon,positive,0.4128094303177734,AMZN,youtube,40,3
2023-05-09,should i buy GME or wait?,neutral,0.06549374427757537,GME,youtube,30,1
2024-04-11,"never selling my NVDA shares, generational wealth",positive,0.8057699958834643,NVDA,youtube,12,1
2024-02-21,Apple making me rich fr fr,positive,0.7651991579315497,AAPL,youtube,20,6
2023-08-01,paper hands saved me from AMZN disaster,negative,-0.799073344539875,AMZN,youtube,111,3
2024-03-26,"Meta going to zero, get out now",negative,-0.8436054423500388,META,youtube,25,1
2023-05-22,🚀🚀🚀 AAPL to the moon!!!,positive,0.8073307172981399,AAPL,youtube,115,4
2024-02-21,MSFT looking interesting ngl,neutral,0.06031532833876074,MSFT,youtube,17,2
2024-07-17,told yall AAPL was gonna pump,positive,0.6495413455288868,AAPL,youtube,55,0
2024-03-08,anyone still holding Google?,neutral,-0.16196254091570822,GOOGL,youtube,28,3
2023-04-30,rip to everyone who bought GME at the top,negative,-0.3733722235818362,GME,youtube,45,8
2024-08-30,"best stock ever, Meta is the future",positive,0.7160291403689133,META,youtube,4,0
2023-05-01,Google looking interesting ngl,neutral,0.1810691465996303,GOOGL,youtube,6,4
2023-10-16,SPY looking interesting ngl,neutral,-0.09855374894457435,SPY,youtube,10,1
2023-03-03,who else got rekt by Meta? 😭,negative,-0.8322851131723427,META,youtube,20,3
2024-10-10,what do yall think about Nvidia?,neutral,-0.17744725845870737,NVDA,youtube,53,15
2024-02-12,"idk about Apple tbh, mixed signals",neutral,0.04507373786984287,AAPL,youtube,93,2
2024-02-21,lol bears are so wrong about MSFT,positive,0.37156300322384606,MSFT,youtube,91,6
2024-04-17,AMZN looking interesting ngl,neutral,0.1306969714303426,AMZN,youtube,103,7
2023-03-30,"MSFT going to zero, get out now",negative,-0.7999021770298423,MSFT,youtube,14,8
2023-09-21,anyone still holding GameStop?,neutral,0.02907312634267578,GME,youtube,37,1
2024-04-16,lmao SPY bagholders in shambles,negative,-0.5828494791375346,SPY,youtube,1,4
2024-06-27,who else is buying the dip? GameStop gang,positive,0.5355526502166668,GME,youtube,16,6
2024-08-14,diamond hands 💎🙌 holding Apple forever,positive,0.6253799853726475,AAPL,youtube,0,0
2023-10-05,lmao NVDA bagholders in shambles,negative,-0.4594367816815707,NVDA,youtube,0,0
2023-05-03,"TSLA going to zero, get out now",negative,-0.6702375706250298,TSLA,youtube,46,2
2023-12-05,"idk about TSLA tbh, mixed signals",neutral,0.08996509864977581,TSLA,youtube,83,2
2023-12-04,GME making me rich fr fr,positive,0.4686443312670679,GME,youtube,77,1
2024-10-08,"idk about MSFT tbh, mixed signals",neutral,0.06810159041774366,MSFT,youtube,46,1
2023-05-24,"new to investing, is GOOGL good?",neutral,-0.04112524547314847,GOOGL,youtube,2,13
2023-06-18,"idk about Amazon tbh, mixed signals",neutral,0.14441335998889615,AMZN,youtube,65,2
2023-01-29,who else got rekt by AMC? 😭,negative,-0.36618755245700096,AMC,youtube,69,3
2023-01-23,"Amazon is trash, worst investment ever",negative,-0.3681788117426754,AMZN,youtube,127,0
2024-07-06,apes together strong 🦍 AMC,positive,0.31433051479148566,AMC,youtube,28,1
2023-07-20,🚀🚀🚀 GOOGL to the moon!!!,positive,0.6087426697606804,GOOGL,youtube,57,7
2024-04-09,apes together strong 🦍 GME,positive,0.3439473624644341,GME,youtube,10,0
2024-05-25,what do yall think about META?,neutral,0.05691126540284597,META,youtube,75,3
2023-09-23,told yall Amazon was gonna pump,positive,0.3188675730353685,AMZN,youtube,102,2
2023-07-29,"idk about GME tbh, mixed signals",neutral,-0.07109584247220613,GME,youtube,36,4
2024-05-02,"idk about AAPL tbh, mixed signals",neutral,-0.08336474873553708,AAPL,youtube,138,3
2023-11-27,who else got rekt by Meta? 😭,negative,-0.456226989208203,META,youtube,9,4
2023-05-27,"idk about AMC tbh, mixed signals",neutral,-0.17105709690346937,AMC,youtube,107,4
2023-06-13,apes together strong 🦍 SPY,positive,0.5486578874802219,SPY,youtube,15,6
2024-05-01,apes together strong 🦍 GameStop,positive,0.6362393722919657,GME,youtube,1,4
2023-03-18,anyone still holding AMC?,neutral,-0.19365858185057322,AMC,youtube,22,1
2023-12-31,"sold all my Microsoft, this thing is done",negative,-0.8132521738562491,MSFT,youtube,51,0
2024-03-25,rip to everyone who bought Microsoft at the top,negative,-0.8967906067834663,MSFT,youtube,7,0
2024-03-31,paper hands saved me from GameStop disaster,negative,-0.6223873009873038,GME,youtube,24,2
2023-03-13,"idk about Nvidia tbh, mixed signals",neutral,0.1658465818060766,NVDA,youtube,4,4
2024-03-09,Nvidia making me rich fr fr,positive,0.7835146232004373,NVDA,youtube,45,0
2024-08-10,should i buy GOOGL or wait?,neutral,0.1685677339505311,GOOGL,youtube,58,0
2024-03-20,rip to everyone who bought MSFT at the top,negative,-0.5609804850144301,MSFT,youtube,46,4
2024-06-12,my portfolio up 500% thanks to AMC 😂,positive,0.6463029759743978,AMC,youtube,37,7
2023-01-22,"idk about MSFT tbh, mixed signals",neutral,0.08760912817344041,MSFT,youtube,14,1
2024-11-05,who else is buying the dip? AMZN gang,positive,0.7497098490940685,AMZN,youtube,28,13
2024-11-16,lmao GME bagholders in shambles,negative,-0.3724773974487704,GME,youtube,25,9
2024-03-19,"sold all my NVDA, this thing is done",negative,-0.5511450630785477,NVDA,youtube,154,4
2024-03-14,what do yall think about Microsoft?,neutral,-0.1997132565173681,MSFT,youtube,57,1
2023-06-24,my portfolio up 500% thanks to SPY 😂,positive,0.5723211719975616,SPY,youtube,6,0
2024-01-12,waiting for Nvidia to dip more,neutral,0.002582550814605622,NVDA,youtube,26,4
2023-12-19,"AMZN going to zero, get out now",negative,-0.7620489774830205,AMZN,youtube,52,0
2024-07-19,"META is trash, worst investment ever",negative,-0.6713118707791587,META,youtube,30,9
2024-03-07,"idk about GOOGL tbh, mixed signals",neutral,-0.025255985377149376,GOOGL,youtube,11,2
2023-03-27,"best stock ever, AAPL is the future",positive,0.6169359646362942,AAPL,youtube,58,2
2024-09-14,waiting for NVDA to dip more,neutral,-0.10537282991555999,NVDA,youtube,92,1
2023-10-25,should i buy GOOGL or wait?,neutral,-0.1526153179622073,GOOGL,youtube,59,7
2024-11-25,apes together strong 🦍 SPY,positive,0.3811447147479008,SPY,youtube,13,0
2024-03-03,SPY making me rich fr fr,positive,0.4739284077203158,SPY,youtube,25,2
2024-09-17,just bought more AMC let's gooo,positive,0.5074971421857564,AMC,youtube,91,0
2024-03-11,anyone still holding Tesla?,neutral,0.044344033406740146,TSLA,youtube,12,2
2023-04-02,biggest regret buying Apple smh,negative,-0.6256617482282734,AAPL,youtube,41,3
2023-08-29,whats the PT for Amazon?,neutral,-0.04236654059598727,AMZN,youtube,35,8
2024-06-16,"META scam, dont buy this garbage",negative,-0.6101928866709727,META,youtube,108,4
2024-08-22,who else is buying the dip? AAPL gang,positive,0.7553974574944367,AAPL,youtube,17,8
2024-10-08,apes together strong 🦍 NVDA,positive,0.7015101913194859,NVDA,youtube,0,1
2024-04-25,paper hands saved me from Google disaster,negative,-0.6163046250622185,GOOGL,youtube,28,17
2024-10-02,who else is buying the dip? GOOGL gang,positive,0.8642382203673267,GOOGL,youtube,5,4
2024-09-12,diamond hands 💎🙌 holding AMZN forever,positive,0.7930808755525203,AMZN,youtube,189,0
2024-04-08,why did i buy MSFT?? down so bad rn,negative,-0.5941457598594772,MSFT,youtube,2,4
2024-11-15,"Apple going to zero, get out now",negative,-0.8016478427718331,AAPL,youtube,49,6
2024-10-27,"idk about NVDA tbh, mixed signals",neutral,-0.061707899122800836,NVDA,youtube,46,0
2024-11-13,whats the PT for Meta?,neutral,0.16550600132151944,META,youtube,1,10
2024-05-24,diamond hands 💎🙌 holding AMZN forever,positive,0.8891431933721659,AMZN,youtube,1,2
2023-09-16,anyone still holding Amazon?,neutral,-0.1662448208420052,AMZN,youtube,118,3
2024-08-11,told yall AMC was gonna pump,positive,0.5464854006058084,AMC,youtube,61,1
2024-01-29,apes together strong 🦍 Google,positive,0.5683282444762711,GOOGL,youtube,19,9
2024-04-14,my portfolio up 500% thanks to AMC 😂,positive,0.8031730777188342,AMC,youtube,122,4
2023-09-06,"Nvidia is trash, worst investment ever",negative,-0.736104227778033,NVDA,youtube,61,6
2023-09-06,apes together strong 🦍 SPY,positive,0.3574525191980146,SPY,youtube,25,0
2024-08-12,should i buy TSLA or wait?,neutral,0.07740393481852814,TSLA,youtube,29,5
2024-06-26,"best stock ever, GameStop is the future",positive,0.5409250428031696,GME,youtube,15,6
2023-01-29,who else is buying the dip? Google gang,positive,0.8050852254172913,GOOGL,youtube,30,6
2024-04-10,diamond hands 💎🙌 holding GME forever,positive,0.4365795214916354,GME,youtube,23,7
2024-06-05,"idk about Tesla tbh, mixed signals",neutral,-0.16041255063651727,TSLA,youtube,38,0
2024-06-28,biggest regret buying Nvidia smh,negative,-0.8754130666500658,NVDA,youtube,5,6
2024-08-17,my portfolio up 500% thanks to MSFT 😂,positive,0.7265927648782098,MSFT,youtube,9,16
2023-05-13,rip to everyone who bought GameStop at the top,negative,-0.6849824786053029,GME,youtube,32,4
2023-04-15,lmao AMZN bagholders in shambles,negative,-0.6399217801601258,AMZN,youtube,0,1
2024-07-31,TSLA looking interesting ngl,neutral,0.028265831592315604,TSLA,youtube,57,8
2023-02-11,just bought more SPY let's gooo,positive,0.7382497590118413,SPY,youtube,33,1
2024-07-13,told yall AMC was gonna pump,positive,0.7432808299609139,AMC,youtube,37,2
2023-07-27,"new to investing, is MSFT good?",neutral,0.15369806957158166,MSFT,youtube,13,4
2024-09-28,my portfolio up 500% thanks to Google 😂,positive,0.843193097025654,GOOGL,youtube,68,0
2024-10-29,AMC making me rich fr fr,positive,0.8929572690859122,AMC,youtube,46,1
2024-06-11,"Tesla is trash, worst investment ever",negative,-0.5240048165451954,TSLA,youtube,77,0
2024-02-07,lmao META bagholders in shambles,negative,-0.7317220654772085,META,youtube,9,3
2023-11-20,lol bears are so wrong about META,positive,0.7074950074461341,META,youtube,16,0
2023-12-20,GOOGL making me rich fr fr,positive,0.8033327394754648,GOOGL,youtube,75,4
2024-03-18,"idk about MSFT tbh, mixed signals",neutral,0.11624118590790217,MSFT,youtube,25,16
2023-11-03,biggest regret buying SPY smh,negative,-0.37477724200366,SPY,youtube,1,4
2024-01-02,waiting for GME to dip more,neutral,-0.07851045934726969,GME,youtube,14,3
2024-11-22,"new to investing, is GME good?",neutral,0.15826116783327077,GME,youtube,34,10
2023-04-05,apes together strong 🦍 TSLA,positive,0.8776708847884394,TSLA,youtube,64,13
2023-12-15,"best stock ever, Nvidia is the future",positive,0.33136120053695794,NVDA,youtube,10,8
2024-10-07,"new to investing, is Meta good?",neutral,-0.10387507588133023,META,youtube,201,1
2023-09-06,my portfolio up 500% thanks to Meta 😂,positive,0.3568610826207564,META,youtube,0,1
2023-09-10,"never selling my META shares, generational wealth",positive,0.3895608076015484,META,youtube,20,2
2024-04-08,"best stock ever, Amazon is the future",positive,0.5369941623294194,AMZN,youtube,70,4
2023-06-14,"Apple scam, dont buy this garbage",negative,-0.8982947078016166,AAPL,youtube,23,5
2023-09-23,🚀🚀🚀 TSLA to the moon!!!,positive,0.3351219600480301,TSLA,youtube,83,19
2023-10-09,"idk about Apple tbh, mixed signals",neutral,0.023124050294173776,AAPL,youtube,41,1
2023-12-31,Microsoft making me rich fr fr,positive,0.8572376215664015,MSFT,youtube,114,2
2024-01-25,biggest regret buying MSFT smh,negative,-0.31472968551902913,MSFT,youtube,0,1
2024-01-23,"sold all my Amazon, this thing is done",negative,-0.47835702042624784,AMZN,youtube,2,0
2023-10-20,my portfolio up 500% thanks to MSFT 😂,positive,0.3146561297643799,MSFT,youtube,55,0
2023-09-01,who else is buying the dip? Tesla gang,positive,0.8528746417299182,TSLA,youtube,14,27
2023-05-08,🚀🚀🚀 AMC to the moon!!!,positive,0.8886176934690457,AMC,youtube,11,3
2023-12-23,why did i buy Meta?? down so bad rn,negative,-0.8916305887848531,META,youtube,47,5
2024-11-18,apes together strong 🦍 SPY,positive,0.3417875206489594,SPY,youtube,8,0
2024-10-08,🚀🚀🚀 GME to the moon!!!,positive,0.40757774115602907,GME,youtube,103,1
2024-06-15,biggest regret buying Amazon smh,negative,-0.49663270231555195,AMZN,youtube,59,0
2024-11-10,"never selling my NVDA shares, generational wealth",positive,0.8048638559737469,NVDA,youtube,59,1
2023-01-05,MSFT making me rich fr fr,positive,0.4554210864620083,MSFT,youtube,2,1
2023-12-09,"this is gonna be huge, NVDA will 10x easy",positive,0.7549815703263112,NVDA,youtube,32,1
2023-11-07,just bought more META let's gooo,positive,0.8674707877445735,META,youtube,4,0
2024-06-04,diamond hands 💎🙌 holding GameStop forever,positive,0.3785587512760665,GME,youtube,29,0
2023-02-09,"new to investing, is Amazon good?",neutral,0.08170362980096785,AMZN,youtube,31,6
2024-05-25,"sold all my TSLA, this thing is done",negative,-0.6409169395284527,TSLA,youtube,16,0
2024-01-08,lol bears are so wrong about Meta,positive,0.7710431169381077,META,youtube,105,0
2023-09-29,"new to investing, is Amazon good?",neutral,-0.012856214946336042,AMZN,youtube,2,9
2023-06-06,"AMC scam, dont buy this garbage",negative,-0.6911838220867684,AMC,youtube,2,0
2023-08-01,what do yall think about MSFT?,neutral,-0.055291997690808004,MSFT,youtube,60,5
2024-07-30,what do yall think about MSFT?,neutral,0.04733852281818299,MSFT,youtube,32,5
2024-10-12,"Tesla is trash, worst investment ever",negative,-0.5515577161215888,TSLA,youtube,12,4
2024-10-13,"GME is trash, worst investment ever",negative,-0.7056124351739402,GME,youtube,88,4
2023-10-07,"META going to zero, get out now",negative,-0.6177770595690801,META,youtube,159,6
2023-08-09,anyone still holding GME?,neutral,0.031064574687865443,GME,youtube,97,15
2024-10-30,biggest regret buying SPY smh,negative,-0.39000744409859367,SPY,youtube,11,0
2023-10-27,who else is buying the dip? Apple gang,positive,0.30095078667980407,AAPL,youtube,21,3
2023-07-27,diamond hands 💎🙌 holding GameStop forever,positive,0.8326346387359926,GME,youtube,68,2
2024-11-10,biggest regret buying SPY smh,negative,-0.8930843915682088,SPY,youtube,6,21
2023-01-08,🚀🚀🚀 MSFT to the moon!!!,positive,0.3182277479726775,MSFT,youtube,15,3
2023-07-26,why did i buy GOOGL?? down so bad rn,negative,-0.6997110529744576,GOOGL,youtube,15,1
2023-05-22,"Apple going to zero, get out now",negative,-0.7439623511746856,AAPL,youtube,97,0
2023-08-31,whats the PT for AAPL?,neutral,0.15858914290371817,AAPL,youtube,29,14
2024-10-17,told yall GME was gonna pump,positive,0.4186946573047937,GME,youtube,20,16
2023-11-05,what do yall think about Amazon?,neutral,0.013074272285526295,AMZN,youtube,28,3
2023-01-12,"best stock ever, Tesla is the future",positive,0.3573446685975607,TSLA,youtube,2,11
2023-10-30,waiting for Apple to dip more,neutral,-0.16591980897613523,AAPL,youtube,24,3
2024-04-29,my portfolio up 500% thanks to AMZN 😂,positive,0.85928034923897,AMZN,youtube,0,13
2024-01-17,my portfolio up 500% thanks to AMZN 😂,positive,0.8391699245660826,AMZN,youtube,10,19
2023-09-16,"idk about AAPL tbh, mixed signals",neutral,-0.14428132423715967,AAPL,youtube,27,1
2024-01-08,MSFT making me rich fr fr,positive,0.6990721068681695,MSFT,youtube,22,17
2023-06-19,anyone still holding GME?,neutral,0.06067191795137078,GME,youtube,2,0
2023-11-21,"sold all my GOOGL, this thing is done",negative,-0.3460202950380422,GOOGL,youtube,8,3
2023-01-08,"idk about SPY tbh, mixed signals",neutral,-0.029437577403210874,SPY,youtube,29,7
2024-07-08,who else got rekt by AMZN? 😭,negative,-0.31881680081983466,AMZN,youtube,77,3
2024-04-30,diamond hands 💎🙌 holding Tesla forever,positive,0.8735220259611118,TSLA,youtube,81,5
2023-08-09,"best stock ever, Meta is the future",positive,0.7895131534474142,META,youtube,5,12
2024-04-08,🚀🚀🚀 SPY to the moon!!!,positive,0.5479166872816786,SPY,youtube,3,4
2023-06-30,"idk about GOOGL tbh, mixed signals",neutral,0.06566110602179281,GOOGL,youtube,57,7
2023-09-12,lol bears are so wrong about AMZN,positive,0.8514229662172028,AMZN,youtube,16,2
2023-05-29,diamond hands 💎🙌 holding Nvidia forever,positive,0.4191903916086835,NVDA,youtube,15,1
2024-08-17,"SPY going to zero, get out now",negative,-0.8630741795190979,SPY,youtube,18,0
2023-04-15,🚀🚀🚀 Meta to the moon!!!,positive,0.5821944287623239,META,youtube,79,3
2024-11-01,"never selling my Google shares, generational wealth",positive,0.30572337241532693,GOOGL,youtube,53,0
2024-01-22,what do yall think about MSFT?,neutral,-0.06089196095822488,MSFT,youtube,0,3
2024-02-03,waiting for AMC to dip more,neutral,-0.13812606072605554,AMC,youtube,4,3
2024-10-02,told yall AMZN was gonna pump,positive,0.5508789598761736,AMZN,youtube,42,11
2024-01-20,"best stock ever, AMZN is the future",positive,0.8749966118888322,AMZN,youtube,93,4
2023-03-30,should i buy Tesla or wait?,neutral,-0.19183935572471747,TSLA,youtube,99,1
2023-05-08,biggest regret buying Apple smh,negative,-0.7671038706842159,AAPL,youtube,191,8
2023-10-07,why did i buy SPY?? down so bad rn,negative,-0.6257856286844247,SPY,youtube,27,1
2023-01-01,told yall GME was gonna pump,positive,0.5978393530062506,GME,youtube,63,1
2023-09-10,"this is gonna be huge, Tesla will 10x easy",positive,0.876436852936946,TSLA,youtube,32,11
2023-10-02,NVDA making me rich fr fr,positive,0.828253141724163,NVDA,youtube,1,3
2023-07-29,biggest regret buying META smh,negative,-0.8921540794952311,META,youtube,83,14
2023-02-24,diamond hands 💎🙌 holding NVDA forever,positive,0.6275415355600846,NVDA,youtube,19,0
2023-09-26,Meta looking interesting ngl,neutral,-0.040463435221211735,META,youtube,82,0
2024-06-17,"Nvidia scam, dont buy this garbage",negative,-0.4880554247551295,NVDA,youtube,4,1
2023-05-10,"never selling my Apple shares, generational wealth",positive,0.31468815948791995,AAPL,youtube,0,3
2023-11-28,why did i buy GameStop?? down so bad rn,negative,-0.8621036831015164,GME,youtube,42,13
2023-04-18,"new to investing, is Apple good?",neutral,0.11376324664728149,AAPL,youtube,35,6
2024-07-13,who else got rekt by Tesla? 😭,negative,-0.5173782893748426,TSLA,youtube,27,10
2023-10-19,what do yall think about Amazon?,neutral,-0.18735198470501443,AMZN,youtube,18,7
2024-10-25,🚀🚀🚀 NVDA to the moon!!!,positive,0.8655616202908483,NVDA,youtube,22,1
2023-03-12,my portfolio up 500% thanks to GameStop 😂,positive,0.7838416915479447,GME,youtube,32,2
2023-10-29,lol bears are so wrong about NVDA,positive,0.4725320738525549,NVDA,youtube,28,0
2024-08-01,"NVDA going to zero, get out now",negative,-0.8102704088658332,NVDA,youtube,134,6
2024-08-01,"new to investing, is Microsoft good?",neutral,-0.09942793912501463,MSFT,youtube,13,1
2023-12-14,who else is buying the dip? Amazon gang,positive,0.31176631948455213,AMZN,youtube,14,1
2023-02-16,"sold all my Amazon, this thing is done",negative,-0.4248233913199705,AMZN,youtube,14,1
2024-08-07,paper hands saved me from SPY disaster,negative,-0.47712264004482263,SPY,youtube,16,7
2024-06-24,diamond hands 💎🙌 holding AMZN forever,positive,0.49171287108448547,AMZN,youtube,41,3
2023-07-05,why did i buy Nvidia?? down so bad rn,negative,-0.7890443887363096,NVDA,youtube,113,0
2024-04-12,diamond hands 💎🙌 holding GameStop forever,positive,0.49409265698588767,GME,youtube,35,0
2024-09-06,why did i buy Microsoft?? down so bad rn,negative,-0.6043954018133982,MSFT,youtube,241,5
2023-02-03,waiting for AMC to dip more,neutral,-0.11248225936931099,AMC,youtube,6,1
2024-02-24,rip to everyone who bought GOOGL at the top,negative,-0.7234237356067555,GOOGL,youtube,18,3
2023-02-23,my portfolio up 500% thanks to GameStop 😂,positive,0.8956823869116086,GME,youtube,7,2
2024-03-10,"best stock ever, Amazon is the future",positive,0.805158404687552,AMZN,youtube,26,6
2023-09-02,paper hands saved me from Amazon disaster,negative,-0.7147286049884484,AMZN,youtube,2,4
2024-09-03,waiting for Tesla to dip more,neutral,-0.19665373600634234,TSLA,youtube,65,13
2024-11-19,"SPY going to zero, get out now",negative,-0.5084319589515879,SPY,youtube,31,0
2024-08-28,who else got rekt by NVDA? 😭,negative,-0.7714369144138442,NVDA,youtube,35,8
2023-01-03,waiting for AMZN to dip more,neutral,0.12967199985014338,AMZN,youtube,30,5
2023-11-11,"SPY is trash, worst investment ever",negative,-0.8973842520260518,SPY,youtube,78,12
2023-04-07,🚀🚀🚀 AMC to the moon!!!,positive,0.8599350367914771,AMC,youtube,19,8
2023-09-17,"AMC scam, dont buy this garbage",negative,-0.8634526638770837,AMC,youtube,5,1
2024-06-04,whats the PT for Meta?,neutral,0.13951650111033626,META,youtube,34,0
2024-10-14,"idk about AMC tbh, mixed signals",neutral,0.17734291948395264,AMC,youtube,20,0
2024-07-06,apes together strong 🦍 GameStop,positive,0.8231197475105669,GME,youtube,7,2
2023-04-14,my portfolio up 500% thanks to SPY 😂,positive,0.8234776890502045,SPY,youtube,88,0
2024-08-23,Nvidia looking interesting ngl,neutral,-0.022486568287065717,NVDA,youtube,1,4
2024-10-15,waiting for SPY to dip more,neutral,0.08859566925266898,SPY,youtube,8,0
2024-07-28,Meta looking interesting ngl,neutral,-0.03164910010271754,META,youtube,11,0
2024-06-29,"new to investing, is GME good?",neutral,0.15741383339937481,GME,youtube,70,16
2024-08-20,"best stock ever, META is the future",positive,0.7860752566313143,META,youtube,87,21
2023-09-20,rip to everyone who bought Meta at the top,negative,-0.7352732491557332,META,youtube,74,10
2024-05-16,"best stock ever, Tesla is the future",positive,0.8108906695883964,TSLA,youtube,15,3
2023-04-23,biggest regret buying AMC smh,negative,-0.3275436510586195,AMC,youtube,44,6
2024-06-15,paper hands saved me from Apple disaster,negative,-0.8301326855491732,AAPL,youtube,9,5
2024-01-11,paper hands saved me from AMC disaster,negative,-0.676483528318323,AMC,youtube,50,4
2024-08-30,"never selling my Nvidia shares, generational wealth",positive,0.7211683200718841,NVDA,youtube,85,4
2023-11-15,"this is gonna be huge, GOOGL will 10x easy",positive,0.7078865349607981,GOOGL,youtube,36,0
2024-08-13,"idk about Amazon tbh, mixed signals",neutral,0.025125044381451994,AMZN,youtube,14,5
2024-06-15,waiting for AAPL to dip more,neutral,-0.06376962503155253,AAPL,youtube,8,0
2024-01-20,"new to investing, is AMC good?",neutral,-0.05321686727320191,AMC,youtube,14,0
2024-10-11,🚀🚀🚀 NVDA to the moon!!!,positive,0.6591823072979168,NVDA,youtube,15,10
2023-07-15,lmao AMC bagholders in shambles,negative,-0.8392408914075542,AMC,youtube,82,2
2024-06-14,who else is buying the dip? SPY gang,positive,0.5089383838244212,SPY,youtube,89,3
2024-01-31,"new to investing, is MSFT good?",neutral,0.030848907965776856,MSFT,youtube,11,0
2023-01-26,"best stock ever, AMC is the future",positive,0.5548984419859867,AMC,youtube,36,2
2024-07-19,"new to investing, is META good?",neutral,0.1276429304710751,META,youtube,18,4
2023-02-15,should i buy Meta or wait?,neutral,0.1766532725940812,META,youtube,11,12
2024-05-16,"new to investing, is GME good?",neutral,0.09673308549146387,GME,youtube,35,0
2024-01-06,just bought more AMZN let's gooo,positive,0.45974009671068083,AMZN,youtube,23,6
2024-10-14,whats the PT for AAPL?,neutral,-0.1819536485594162,AAPL,youtube,20,3
2023-04-28,🚀🚀🚀 AMZN to the moon!!!,positive,0.5646696984590003,AMZN,youtube,195,1
2023-12-26,"SPY is trash, worst investment ever",negative,-0.8387550451403413,SPY,youtube,35,10
2023-06-11,apes together strong 🦍 Microsoft,positive,0.7885805902029528,MSFT,youtube,42,7
2024-02-05,Tesla making me rich fr fr,positive,0.41302093924024186,TSLA,youtube,80,2
2024-09-15,paper hands saved me from META disaster,negative,-0.4773882261167219,META,youtube,19,3
2023-10-30,why did i buy Meta?? down so bad rn,negative,-0.5136636349360739,META,youtube,109,3
2024-03-18,rip to everyone who bought SPY at the top,negative,-0.3641991825621017,SPY,youtube,58,13
2023-11-04,diamond hands 💎🙌 holding Meta forever,positive,0.7476785869431855,META,youtube,14,4
2023-03-01,whats the PT for Tesla?,neutral,-0.0708395725688396,TSLA,youtube,38,4
2024-08-29,lol bears are so wrong about Nvidia,positive,0.7403522221726204,NVDA,youtube,35,0
2023-12-19,whats the PT for Tesla?,neutral,0.017387947992545255,TSLA,youtube,51,1
2023-07-20,"sold all my Amazon, this thing is done",negative,-0.7090470016323475,AMZN,youtube,5,13
2024-01-14,🚀🚀🚀 SPY to the moon!!!,positive,0.8760071284914754,SPY,youtube,9,1
2023-03-03,who else is buying the dip? GameStop gang,positive,0.5630639069769152,GME,youtube,3,1
2024-05-29,GME making me rich fr fr,positive,0.6541879033950412,GME,youtube,28,2
2023-04-30,🚀🚀🚀 AMC to the moon!!!,positive,0.7031663315091902,AMC,youtube,65,0
2024-11-22,what do yall think about Google?,neutral,0.1327032563208988,GOOGL,youtube,92,3
2024-11-16,my portfolio up 500% thanks to Google 😂,positive,0.7432668173511587,GOOGL,youtube,42,14
2024-05-15,who else got rekt by NVDA? 😭,negative,-0.6141970239033803,NVDA,youtube,8,6
2024-05-03,anyone still holding Amazon?,neutral,0.033207458977654536,AMZN,youtube,79,0
2023-06-17,"Nvidia scam, dont buy this garbage",negative,-0.5778790692176388,NVDA,youtube,78,5
2024-11-24,lmao GameStop bagholders in shambles,negative,-0.5807292165247304,GME,youtube,30,3
2023-03-25,"NVDA going to zero, get out now",negative,-0.8277957358541688,NVDA,youtube,131,3
2024-01-15,anyone still holding GOOGL?,neutral,-0.13837533885574083,GOOGL,youtube,6,2
2024-02-09,"best stock ever, Microsoft is the future",positive,0.7191813536591737,MSFT,youtube,13,2
2024-09-27,lol bears are so wrong about AMC,positive,0.4196284914063762,AMC,youtube,63,10
2024-06-22,"this is gonna be huge, MSFT will 10x easy",positive,0.7544413189986166,MSFT,youtube,74,0
2023-05-08,why did i buy GameStop?? down so bad rn,negative,-0.7015230031313741,GME,youtube,77,4
2023-03-10,should i buy SPY or wait?,neutral,-0.08432869845742275,SPY,youtube,71,1
2023-09-05,my portfolio up 500% thanks to Google 😂,positive,0.501699203147748,GOOGL,youtube,16,28
2023-01-10,AMC looking interesting ngl,neutral,0.1771650845567026,AMC,youtube,91,5
2024-02-01,who else got rekt by Google? 😭,negative,-0.6575340913542257,GOOGL,youtube,39,3
2023-03-08,"Microsoft scam, dont buy this garbage",negative,-0.3586526261422611,MSFT,youtube,143,0
2023-04-11,lol bears are so wrong about GameStop,positive,0.8079206958740432,GME,youtube,9,7
2023-10-20,"Google scam, dont buy this garbage",negative,-0.8011595946673655,GOOGL,youtube,21,6
2023-12-03,diamond hands 💎🙌 holding GME forever,positive,0.66130126163333,GME,youtube,147,2
2024-08-16,apes together strong 🦍 TSLA,positive,0.8308049909720101,TSLA,youtube,31,0
2023-07-26,anyone still holding Microsoft?,neutral,-0.11679017490670046,MSFT,youtube,59,7
2023-03-11,"Amazon going to zero, get out now",negative,-0.6785663043949176,AMZN,youtube,30,5
2024-11-18,"Nvidia going to zero, get out now",negative,-0.6167299534600554,NVDA,youtube,322,6
2024-04-03,"idk about Nvidia tbh, mixed signals",neutral,-0.041505790185078606,NVDA,youtube,21,10
2024-10-23,"never selling my AMC shares, generational wealth",positive,0.7232176145380091,AMC,youtube,96,5
2024-06-19,why did i buy Amazon?? down so bad rn,negative,-0.5719923000667277,AMZN,youtube,16,3
2023-02-11,"sold all my Meta, this thing is done",negative,-0.4251883658085993,META,youtube,2,10
2023-07-29,Nvidia making me rich fr fr,positive,0.6384761662571979,NVDA,youtube,2,0
2023-03-12,told yall AAPL was gonna pump,positive,0.6468450295108991,AAPL,youtube,104,12
2024-09-04,AMZN making me rich fr fr,positive,0.5034784892908216,AMZN,youtube,63,0
2024-05-30,paper hands saved me from MSFT disaster,negative,-0.8951350818682721,MSFT,youtube,33,0
2023-05-18,why did i buy AAPL?? down so bad rn,negative,-0.5640641390784303,AAPL,youtube,0,0
2023-12-11,diamond hands 💎🙌 holding Microsoft forever,positive,0.419297118171888,MSFT,youtube,60,0
2023-01-16,who else is buying the dip? Nvidia gang,positive,0.5806814472224036,NVDA,youtube,7,8
2024-02-18,my portfolio up 500% thanks to AAPL 😂,positive,0.6294499335412338,AAPL,youtube,1,32
2024-03-19,biggest regret buying Amazon smh,negative,-0.8642925344616154,AMZN,youtube,10,6
2023-10-31,🚀🚀🚀 MSFT to the moon!!!,positive,0.4578418283001247,MSFT,youtube,8,0
2023-01-13,"Meta scam, dont buy this garbage",negative,-0.8373105628152993,META,youtube,2,17
2023-06-17,"idk about AMC tbh, mixed signals",neutral,-0.1396336069145881,AMC,youtube,16,2
2024-08-15,"never selling my AMZN shares, generational wealth",positive,0.7039225476094857,AMZN,youtube,231,0
2023-05-12,lmao Google bagholders in shambles,negative,-0.4586144039931808,GOOGL,youtube,14,6
2024-06-17,"idk about Meta tbh, mixed signals",neutral,0.004867982373554847,META,youtube,64,0
2023-09-20,"never selling my Amazon shares, generational wealth",positive,0.8509158950770219,AMZN,youtube,106,1
2023-06-12,"this is gonna be huge, SPY will 10x easy",positive,0.4747339911469657,SPY,youtube,5,0
2024-05-25,diamond hands 💎🙌 holding GameStop forever,positive,0.35983572231202077,GME,youtube,17,6
2024-01-21,"never selling my AMZN shares, generational wealth",positive,0.6882420997553245,AMZN,youtube,3,3
2023-10-21,"AAPL is trash, worst investment ever",negative,-0.3296793152830999,AAPL,youtube,9,0
2023-07-28,"this is gonna be huge, TSLA will 10x easy",positive,0.3961854237093413,TSLA,youtube,12,1
2024-03-03,"Google is trash, worst investment ever",negative,-0.5823385556752341,GOOGL,youtube,169,8
2024-07-22,TSLA making me rich fr fr,positive,0.5764109840892804,TSLA,youtube,65,16
2024-08-09,"this is gonna be huge, AAPL will 10x easy",positive,0.43541680463425814,AAPL,youtube,50,7
2024-03-30,"this is gonna be huge, Google will 10x easy",positive,0.341538075447379,GOOGL,youtube,21,3
2024-09-09,lol bears are so wrong about Microsoft,positive,0.3873772431152709,MSFT,youtube,87,0
2023-04-03,anyone still holding TSLA?,neutral,0.09334460589283744,TSLA,youtube,51,1
2023-06-08,"Google is trash, worst investment ever",negative,-0.5479077329558617,GOOGL,youtube,14,5
2024-11-10,should i buy SPY or wait?,neutral,0.04833305310967714,SPY,youtube,33,1
2023-12-28,whats the PT for Microsoft?,neutral,-0.1753977054165446,MSFT,youtube,63,6
2023-06-20,MSFT making me rich fr fr,positive,0.8717461881381059,MSFT,youtube,7,14
2024-02-12,"new to investing, is Google good?",neutral,0.0042957318024867686,GOOGL,youtube,78,3
2023-10-13,just bought more Meta let's gooo,positive,0.5381327869349514,META,youtube,34,2
2024-09-21,"never selling my Meta shares, generational wealth",positive,0.31150374644993895,META,youtube,2,5
2024-11-09,should i buy Google or wait?,neutral,-0.19095822425630937,GOOGL,youtube,66,6
2023-12-23,"never selling my Apple shares, generational wealth",positive,0.569689657260648,AAPL,youtube,58,13
2023-05-01,whats the PT for Nvidia?,neutral,-0.030769790881406855,NVDA,youtube,67,2
2023-03-05,"best stock ever, GOOGL is the future",positive,0.440125081155821,GOOGL,youtube,59,0
2024-03-01,paper hands saved me from AMZN disaster,negative,-0.7346659979272627,AMZN,youtube,28,0
2023-07-13,rip to everyone who bought Tesla at the top,negative,-0.49924531584234916,TSLA,youtube,55,7
2023-12-19,paper hands saved me from AMZN disaster,negative,-0.7092241010042294,AMZN,youtube,8,1
2023-10-22,lol bears are so wrong about SPY,positive,0.8530735398651157,SPY,youtube,51,8
2024-05-11,biggest regret buying NVDA smh,negative,-0.37776245506457884,NVDA,youtube,68,0
2024-03-29,"never selling my NVDA shares, generational wealth",positive,0.5356194680153649,NVDA,youtube,59,2
2024-09-11,lol bears are so wrong about TSLA,positive,0.5549971442519179,TSLA,youtube,3,3
2023-10-03,who else is buying the dip? GOOGL gang,positive,0.7329891265510415,GOOGL,youtube,1,16
2024-06-30,why did i buy GME?? down so bad rn,negative,-0.8939573191006301,GME,youtube,28,2
2024-03-27,"idk about Nvidia tbh, mixed signals",neutral,-0.11723352506155323,NVDA,youtube,68,3
2024-01-11,what do yall think about Google?,neutral,-0.12012582953272832,GOOGL,youtube,80,2
2024-07-26,"never selling my SPY shares, generational wealth",positive,0.570542191855889,SPY,youtube,7,1
2023-01-06,who else got rekt by TSLA? 😭,negative,-0.8119190209476022,TSLA,youtube,12,1
2024-09-13,apes together strong 🦍 SPY,positive,0.7758061845753597,SPY,youtube,8,2
2023-03-16,biggest regret buying Google smh,negative,-0.7883009785523578,GOOGL,youtube,68,3
2024-04-29,waiting for META to dip more,neutral,-0.028574154959283143,META,youtube,48,2
2023-12-02,waiting for AMC to dip more,neutral,-0.18680922252696264,AMC,youtube,53,2
2024-10-03,"Amazon going to zero, get out now",negative,-0.34033252518735924,AMZN,youtube,33,7
2023-09-29,"never selling my AAPL shares, generational wealth",positive,0.44850367714188244,AAPL,youtube,51,14
2023-11-27,told yall AMC was gonna pump,positive,0.8825125187206202,AMC,youtube,12,5
2024-09-16,GameStop looking interesting ngl,neutral,-0.09317122346036491,GME,youtube,20,0
2024-02-02,why did i buy Tesla?? down so bad rn,negative,-0.5799630650959173,TSLA,youtube,266,2
2023-04-19,rip to everyone who bought AMC at the top,negative,-0.3564065096104786,AMC,youtube,2,0
2024-10-10,"sold all my AAPL, this thing is done",negative,-0.7733051775408438,AAPL,youtube,71,4
2023-01-01,told yall Microsoft was gonna pump,positive,0.6084184916855218,MSFT,youtube,135,1
2024-09-17,🚀🚀🚀 GameStop to the moon!!!,positive,0.7709297900326766,GME,youtube,56,4
2024-07-08,whats the PT for Google?,neutral,-0.09740499071713829,GOOGL,youtube,15,5
2023-03-12,apes together strong 🦍 AMZN,positive,0.47603768687147086,AMZN,youtube,45,3
2023-09-03,diamond hands 💎🙌 holding SPY forever,positive,0.6891873954372378,SPY,youtube,11,3
2023-02-25,should i buy AMC or wait?,neutral,0.029947798063228337,AMC,youtube,14,6
2024-05-17,"Apple scam, dont buy this garbage",negative,-0.8286884529142577,AAPL,youtube,22,0
2024-05-15,whats the PT for Google?,neutral,0.19663769426566668,GOOGL,youtube,57,7
2023-03-12,what do yall think about NVDA?,neutral,-0.05293678157635667,NVDA,youtube,117,3
2023-05-10,waiting for MSFT to dip more,neutral,0.14521151170011393,MSFT,youtube,41,2
2023-09-01,lol bears are so wrong about AMC,positive,0.5198961474966981,AMC,youtube,191,6
2024-06-13,"sold all my GME, this thing is done",negative,-0.7815082310087806,GME,youtube,62,4
2024-04-03,"never selling my AMC shares, generational wealth",positive,0.3533577136530143,AMC,youtube,63,4
2024-11-21,"MSFT is trash, worst investment ever",negative,-0.5623982755894148,MSFT,youtube,55,11
2024-02-15,whats the PT for GameStop?,neutral,0.021001390504617523,GME,youtube,63,6
2023-12-27,SPY making me rich fr fr,positive,0.6439660132519222,SPY,youtube,2,0
2023-02-01,"this is gonna be huge, SPY will 10x easy",positive,0.5467514390873215,SPY,youtube,24,9
2024-04-08,diamond hands 💎🙌 holding META forever,positive,0.5220535680419826,META,youtube,5,4
2023-01-15,"Apple is trash, worst investment ever",negative,-0.7416234875208774,AAPL,youtube,28,1
2023-08-15,"new to investing, is AMC good?",neutral,0.008750044149430758,AMC,youtube,43,5
2023-05-08,lmao AAPL bagholders in shambles,negative,-0.4060641844521003,AAPL,youtube,114,15
2024-07-10,Meta making me rich fr fr,positive,0.5836760071809499,META,youtube,56,1
2023-12-01,my portfolio up 500% thanks to GameStop 😂,positive,0.6968028683017277,GME,youtube,27,0
2023-02-16,should i buy SPY or wait?,neutral,-0.023940621110347005,SPY,youtube,21,7
2023-10-24,biggest regret buying META smh,negative,-0.4660623248366792,META,youtube,13,4
2024-06-23,"GameStop scam, dont buy this garbage",negative,-0.3855088477582679,GME,youtube,41,6
2023-02-28,lol bears are so wrong about SPY,positive,0.5020755666492641,SPY,youtube,157,0
2024-04-15,lmao TSLA bagholders in shambles,negative,-0.6179424249290904,TSLA,youtube,6,4
2024-11-18,"Nvidia scam, dont buy this garbage",negative,-0.3541058155007637,NVDA,youtube,12,3
2024-01-02,paper hands saved me from Apple disaster,negative,-0.6297700721765952,AAPL,youtube,85,0
2023-07-08,"new to investing, is AMC good?",neutral,0.08326796873422831,AMC,youtube,12,2
2024-05-08,lol bears are so wrong about NVDA,positive,0.8486668092337251,NVDA,youtube,1,5
2024-04-09,"new to investing, is Microsoft good?",neutral,0.10518775548360931,MSFT,youtube,131,2
2023-01-21,who else got rekt by MSFT? 😭,negative,-0.8958254476180253,MSFT,youtube,169,4
2023-10-17,whats the PT for GME?,neutral,0.16372165856241977,GME,youtube,1,6
2024-09-12,"never selling my Microsoft shares, generational wealth",positive,0.6923406878215544,MSFT,youtube,137,16
2023-07-08,lol bears are so wrong about GameStop,positive,0.4749101568907154,GME,youtube,249,0
2024-02-23,my portfolio up 500% thanks to GME 😂,positive,0.5815739465624897,GME,youtube,1,5
2023-10-03,"idk about AMZN tbh, mixed signals",neutral,-0.015917352737353868,AMZN,youtube,37,3
2024-10-19,"AAPL scam, dont buy this garbage",negative,-0.5839386556383048,AAPL,youtube,1,4
2024-05-17,"best stock ever, Google is the future",positive,0.8264247123248349,GOOGL,youtube,137,8
2024-11-04,lmao META bagholders in shambles,negative,-0.31023304702786725,META,youtube,29,0
2023-04-05,should i buy GME or wait?,neutral,-0.19153105450584862,GME,youtube,1,4
2023-10-23,should i buy Apple or wait?,neutral,-0.17476212752671372,AAPL,youtube,18,2
2024-05-11,lmao SPY bagholders in shambles,negative,-0.6703054752218978,SPY,youtube,13,0
2024-11-24,should i buy META or wait?,neutral,-0.004488244708133582,META,youtube,32,2
2024-08-15,why did i buy Apple?? down so bad rn,negative,-0.7082291246951573,AAPL,youtube,40,1
2023-01-18,told yall META was gonna pump,positive,0.3565458398427154,META,youtube,68,12
2023-12-29,Apple looking interesting ngl,neutral,-0.19179563227184354,AAPL,youtube,3,8
2023-07-03,who else got rekt by Meta? 😭,negative,-0.539556135329764,META,youtube,48,3
2023-02-15,diamond hands 💎🙌 holding GameStop forever,positive,0.6751302351917114,GME,youtube,41,4
2024-08-12,"best stock ever, Amazon is the future",positive,0.8490194540826506,AMZN,youtube,112,10
2023-02-22,TSLA looking interesting ngl,neutral,-0.043448762654501205,TSLA,youtube,16,0
2024-06-30,"idk about Microsoft tbh, mixed signals",neutral,-0.09693719080353796,MSFT,youtube,115,8
2024-01-14,paper hands saved me from Nvidia disaster,negative,-0.4031642743602742,NVDA,youtube,1,5
2024-03-25,"MSFT is trash, worst investment ever",negative,-0.601109567849311,MSFT,youtube,1,1
2024-01-13,why did i buy TSLA?? down so bad rn,negative,-0.8610994687282852,TSLA,youtube,31,2
2024-01-09,paper hands saved me from AAPL disaster,negative,-0.5768499684874779,AAPL,youtube,51,3
2024-06-08,AMC looking interesting ngl,neutral,-0.19463083395194897,AMC,youtube,49,1
2023-06-30,my portfolio up 500% thanks to AMZN 😂,positive,0.3514506305466626,AMZN,youtube,212,5
2024-01-07,just bought more Nvidia let's gooo,positive,0.6127606522944395,NVDA,youtube,95,2
2023-09-10,"new to investing, is META good?",neutral,0.11542073680330261,META,youtube,49,18
2023-05-05,my portfolio up 500% thanks to META 😂,positive,0.8383459951149852,META,youtube,18,3
2024-11-15,who else is buying the dip? Amazon gang,positive,0.4697685408223987,AMZN,youtube,101,4
2023-10-03,rip to everyone who bought Apple at the top,negative,-0.42575551447020715,AAPL,youtube,35,2
2024-10-19,anyone still holding NVDA?,neutral,-0.01930329859382321,NVDA,youtube,27,0
2023-09-19,GOOGL making me rich fr fr,positive,0.4284042679043245,GOOGL,youtube,35,0
2024-08-19,anyone still holding Tesla?,neutral,0.19366598379328598,TSLA,youtube,14,0
2023-10-05,"GameStop going to zero, get out now",negative,-0.8929409433798015,GME,youtube,10,1
2023-11-22,who else is buying the dip? AAPL gang,positive,0.6086877852786183,AAPL,youtube,4,15
2024-03-17,should i buy SPY or wait?,neutral,-0.07594111156367918,SPY,youtube,4,12
2024-05-16,lmao AMZN bagholders in shambles,negative,-0.8708600081644224,AMZN,youtube,28,2
2023-08-05,🚀🚀🚀 AMC to the moon!!!,positive,0.7492964781623925,AMC,youtube,62,0
2023-11-29,waiting for MSFT to dip more,neutral,-0.14252335709530645,MSFT,youtube,43,2
2023-09-28,whats the PT for Microsoft?,neutral,0.14964151842648432,MSFT,youtube,121,8
2023-11-03,"best stock ever, AMC is the future",positive,0.3465791311498771,AMC,youtube,13,11
2024-07-13,"never selling my AAPL shares, generational wealth",positive,0.4785280568059982,AAPL,youtube,2,6
2023-02-02,"AMZN is trash, worst investment ever",negative,-0.5671837886117653,AMZN,youtube,10,4
2023-12-12,🚀🚀🚀 Meta to the moon!!!,positive,0.7719293618190062,META,youtube,83,1
2024-02-12,"SPY is trash, worst investment ever",negative,-0.4727619471544975,SPY,youtube,20,0
2024-08-18,told yall Microsoft was gonna pump,positive,0.45003405510609196,MSFT,youtube,16,2
2024-05-11,what do yall think about SPY?,neutral,-0.1431753562227751,SPY,youtube,28,3
2023-02-24,waiting for GOOGL to dip more,neutral,-0.003167317844633949,GOOGL,youtube,16,7
2024-02-26,"Microsoft going to zero, get out now",negative,-0.8565908940615087,MSFT,youtube,50,10
2023-03-19,whats the PT for AAPL?,neutral,0.11097825130136446,AAPL,youtube,23,8
2024-08-31,"best stock ever, Amazon is the future",positive,0.7848466006203754,AMZN,youtube,40,1
2024-10-27,apes together strong 🦍 TSLA,positive,0.59610021844357,TSLA,youtube,79,0
2024-06-16,should i buy AMC or wait?,neutral,-0.09831286837332472,AMC,youtube,0,8
2023-08-19,lol bears are so wrong about META,positive,0.8209943781902207,META,youtube,39,5
2023-06-01,lmao NVDA bagholders in shambles,negative,-0.391499627774195,NVDA,youtube,49,1
2023-12-17,what do yall think about Apple?,neutral,-0.1364589232224177,AAPL,youtube,85,4
2024-04-05,my portfolio up 500% thanks to Meta 😂,positive,0.39238447784629743,META,youtube,13,1
2023-04-01,SPY looking interesting ngl,neutral,0.021536116891494483,SPY,youtube,38,1
2023-02-07,biggest regret buying AMC smh,negative,-0.7035739919307604,AMC,youtube,21,6
2024-11-15,GOOGL looking interesting ngl,neutral,0.13509163944906255,GOOGL,youtube,368,5
2024-02-27,waiting for GME to dip more,neutral,-0.05472432156366033,GME,youtube,28,0
2023-11-08,should i buy Microsoft or wait?,neutral,0.10382473356556332,MSFT,youtube,15,6
2023-05-26,my portfolio up 500% thanks to AMC 😂,positive,0.8670224792181627,AMC,youtube,45,1
2023-11-29,should i buy Tesla or wait?,neutral,0.12576767888586998,TSLA,youtube,7,4
2023-06-16,lol bears are so wrong about AMC,positive,0.615150278898293,AMC,youtube,36,5
2023-10-17,"new to investing, is META good?",neutral,-0.05578683285934091,META,youtube,28,4
2024-05-21,what do yall think about Nvidia?,neutral,-0.14711539087188014,NVDA,youtube,120,1
2024-06-02,lmao AAPL bagholders in shambles,negative,-0.4591751966557814,AAPL,youtube,73,1
2023-07-23,apes together strong 🦍 GameStop,positive,0.3622380987254965,GME,youtube,49,1
2023-09-11,diamond hands 💎🙌 holding AMZN forever,positive,0.7780252005255435,AMZN,youtube,18,3
2024-07-22,waiting for Apple to dip more,neutral,-0.0807833206612342,AAPL,youtube,37,0
2023-03-04,"idk about META tbh, mixed signals",neutral,-0.018800759668014477,META,youtube,15,0
2024-08-03,"AAPL going to zero, get out now",negative,-0.4318444014477132,AAPL,youtube,48,3
2024-07-03,should i buy MSFT or wait?,neutral,0.17650327841696106,MSFT,youtube,4,0
2023-02-07,anyone still holding Amazon?,neutral,0.03302153481679762,AMZN,youtube,68,7
2023-01-21,Microsoft looking interesting ngl,neutral,-0.07904655755502926,MSFT,youtube,20,0
2024-04-12,"sold all my GOOGL, this thing is done",negative,-0.4082892487739572,GOOGL,youtube,18,1
2024-05-07,"sold all my MSFT, this thing is done",negative,-0.38074235695038827,MSFT,youtube,24,3
2024-04-04,paper hands saved me from Meta disaster,negative,-0.5499682606033511,META,youtube,23,6
2023-07-05,just bought more NVDA let's gooo,positive,0.3707160652078621,NVDA,youtube,141,3
2024-06-27,Microsoft looking interesting ngl,neutral,0.1401194946287167,MSFT,youtube,49,9
2024-07-08,my portfolio up 500% thanks to GameStop 😂,positive,0.4349250550834175,GME,youtube,187,11
2023-02-21,diamond hands 💎🙌 holding Meta forever,positive,0.4102370042048624,META,youtube,37,1
2023-09-19,"best stock ever, Meta is the future",positive,0.43497002632622034,META,youtube,41,4
2023-10-13,"Microsoft going to zero, get out now",negative,-0.3841627298986605,MSFT,youtube,47,0
2024-07-15,biggest regret buying AAPL smh,negative,-0.7749697925947048,AAPL,youtube,25,1
2024-07-28,"META scam, dont buy this garbage",negative,-0.45100871932650544,META,youtube,14,13
2024-06-13,lmao Google bagholders in shambles,negative,-0.6616756174158617,GOOGL,youtube,9,2
2023-09-20,my portfolio up 500% thanks to GOOGL 😂,positive,0.6438167761390331,GOOGL,youtube,53,9
2023-09-15,"Amazon is trash, worst investment ever",negative,-0.5525314380746368,AMZN,youtube,22,16
2023-08-09,"Apple going to zero, get out now",negative,-0.44122875959182895,AAPL,youtube,33,1
2024-10-20,"AMC scam, dont buy this garbage",negative,-0.8555045365355816,AMC,youtube,30,20
2023-12-23,who else is buying the dip? AMC gang,positive,0.7961694150504666,AMC,youtube,45,0
2023-12-12,who else got rekt by SPY? 😭,negative,-0.6323314157248874,SPY,youtube,62,6
2023-04-28,"SPY going to zero, get out now",negative,-0.5091065078822321,SPY,youtube,60,0
2023-07-18,anyone still holding Apple?,neutral,0.09108380736289506,AAPL,youtube,0,7
2024-03-29,GME looking interesting ngl,neutral,0.02699435111343851,GME,youtube,32,15
2023-03-03,"best stock ever, Microsoft is the future",positive,0.8547802065586221,MSFT,youtube,12,9
2023-12-13,"never selling my SPY shares, generational wealth",positive,0.7352472739157823,SPY,youtube,10,10
2023-08-05,Meta looking interesting ngl,neutral,-0.18701594329508944,META,youtube,7,0
2024-01-01,🚀🚀🚀 AMZN to the moon!!!,positive,0.8892267736718305,AMZN,youtube,38,5
2023-06-27,who else is buying the dip? Microsoft gang,positive,0.47232754267641697,MSFT,youtube,114,1
2023-07-12,told yall Tesla was gonna pump,positive,0.4172535519830094,TSLA,youtube,4,28
2024-09-30,my portfolio up 500% thanks to GME 😂,positive,0.5367774419436192,GME,youtube,197,4
2024-03-16,just bought more TSLA let's gooo,positive,0.7539315960346898,TSLA,youtube,11,7
2023-11-08,why did i buy GOOGL?? down so bad rn,negative,-0.6047530880786123,GOOGL,youtube,30,4
2023-02-11,whats the PT for AMZN?,neutral,-0.13012014791048748,AMZN,youtube,46,4
2024-06-14,rip to everyone who bought SPY at the top,negative,-0.44851614543854396,SPY,youtube,20,6
2024-01-15,lol bears are so wrong about AAPL,positive,0.8861005591081137,AAPL,youtube,49,4
2024-01-09,AMC making me rich fr fr,positive,0.4348877397061107,AMC,youtube,73,0
2023-10-27,"new to investing, is GOOGL good?",neutral,-0.19767849246282357,GOOGL,youtube,11,15
2024-05-20,why did i buy AMC?? down so bad rn,negative,-0.7094726054067971,AMC,youtube,12,0
2024-07-29,waiting for AMC to dip more,neutral,0.0036333226759806547,AMC,youtube,85,0
2023-11-12,🚀🚀🚀 MSFT to the moon!!!,positive,0.7028748187802168,MSFT,youtube,72,0
2024-11-09,"best stock ever, SPY is the future",positive,0.6154116335517037,SPY,youtube,53,0
2024-05-20,"best stock ever, GOOGL is the future",positive,0.6236275908168859,GOOGL,youtube,22,1
2023-04-27,who else is buying the dip? NVDA gang,positive,0.6464050351178222,NVDA,youtube,11,2
2024-10-10,"Google is trash, worst investment ever",negative,-0.6552051099182479,GOOGL,youtube,59,3
2023-05-07,apes together strong 🦍 MSFT,positive,0.41054968469666003,MSFT,youtube,6,2
2024-06-10,told yall MSFT was gonna pump,positive,0.6449720959377849,MSFT,youtube,32,9
2023-08-02,biggest regret buying Amazon smh,negative,-0.586381641216978,AMZN,youtube,96,4
2023-10-24,should i buy TSLA or wait?,neutral,0.19164135770090934,TSLA,youtube,97,0
2023-10-02,"sold all my GOOGL, this thing is done",negative,-0.4747628520570602,GOOGL,youtube,46,14
2024-05-25,told yall SPY was gonna pump,positive,0.7037506945721859,SPY,youtube,174,0
2024-06-13,waiting for Tesla to dip more,neutral,0.13840136935895875,TSLA,youtube,48,4
2024-09-12,NVDA making me rich fr fr,positive,0.7437518938069494,NVDA,youtube,39,0
2023-10-21,anyone still holding Nvidia?,neutral,-0.025663852450909574,NVDA,youtube,45,3
2023-05-21,why did i buy Apple?? down so bad rn,negative,-0.5130968423878821,AAPL,youtube,4,9
2023-11-26,"this is gonna be huge, AAPL will 10x easy",positive,0.516473040647236,AAPL,youtube,12,0
2023-06-29,my portfolio up 500% thanks to SPY 😂,positive,0.7007838364933109,SPY,youtube,53,4
2024-03-14,paper hands saved me from AMZN disaster,negative,-0.6512875023658913,AMZN,youtube,0,5
2023-07-18,just bought more Tesla let's gooo,positive,0.6719797748777003,TSLA,youtube,4,5
2023-11-29,"TSLA is trash, worst investment ever",negative,-0.5430503874486771,TSLA,youtube,26,0
2024-03-20,what do yall think about Nvidia?,neutral,0.030830977052706154,NVDA,youtube,1,1
2023-04-16,paper hands saved me from Microsoft disaster,negative,-0.8663518984417975,MSFT,youtube,32,0
2024-11-19,told yall TSLA was gonna pump,positive,0.48662502303419036,TSLA,youtube,148,8
2023-04-02,AMC making me rich fr fr,positive,0.4335126265064679,AMC,youtube,1,14
2023-07-13,"idk about Tesla tbh, mixed signals",neutral,0.08095845701617072,TSLA,youtube,18,3
2024-06-23,biggest regret buying MSFT smh,negative,-0.3522966850836149,MSFT,youtube,10,2
2023-05-02,anyone still holding Google?,neutral,-0.13649683395516665,GOOGL,youtube,29,13
2024-10-10,Google looking interesting ngl,neutral,0.08171370795171018,GOOGL,youtube,41,1
2024-02-13,who else got rekt by SPY? 😭,negative,-0.35634153021373016,SPY,youtube,56,5
2024-01-06,"AMC going to zero, get out now",negative,-0.7950323917853821,AMC,youtube,59,1
2024-02-07,why did i buy Apple?? down so bad rn,negative,-0.34948921887025763,AAPL,youtube,18,0
2023-06-02,anyone still holding Nvidia?,neutral,0.14787608050381817,NVDA,youtube,4,1
2023-09-04,what do yall think about SPY?,neutral,-0.09853221635132142,SPY,youtube,36,1
2024-10-05,"idk about TSLA tbh, mixed signals",neutral,0.1812064704161771,TSLA,youtube,118,3
2023-07-17,"AMC is trash, worst investment ever",negative,-0.3945253633735274,AMC,youtube,61,3
2023-08-08,"this is gonna be huge, MSFT will 10x easy",positive,0.5494267854899091,MSFT,youtube,15,4
2023-07-08,"Google scam, dont buy this garbage",negative,-0.5553429101981133,GOOGL,youtube,62,2
2023-06-09,MSFT looking interesting ngl,neutral,-0.00385678593392505,MSFT,youtube,9,0
2024-01-17,🚀🚀🚀 SPY to the moon!!!,positive,0.819505373249749,SPY,youtube,45,13
2023-12-14,my portfolio up 500% thanks to META 😂,positive,0.3648904536141995,META,youtube,98,8
2024-05-17,just bought more AMZN let's gooo,positive,0.43284594587591396,AMZN,youtube,35,3
2024-06-10,diamond hands 💎🙌 holding Tesla forever,positive,0.8795962454449957,TSLA,youtube,37,2
2023-07-26,apes together strong 🦍 NVDA,positive,0.3367030530995663,NVDA,youtube,24,4
2024-06-14,Nvidia looking interesting ngl,neutral,-0.011906016156287474,NVDA,youtube,29,5
2023-11-03,what do yall think about NVDA?,neutral,0.09378735435012914,NVDA,youtube,158,4
2024-06-01,"this is gonna be huge, Google will 10x easy",positive,0.8935999720969652,GOOGL,youtube,21,17
2023-12-19,"this is gonna be huge, SPY will 10x easy",positive,0.6804462367251394,SPY,youtube,36,3
2023-01-13,anyone still holding AMC?,neutral,-0.026550965239330454,AMC,youtube,84,2
2023-11-03,"idk about GOOGL tbh, mixed signals",neutral,-0.024278691068801234,GOOGL,youtube,51,0
2024-08-12,"idk about Apple tbh, mixed signals",neutral,0.13421420050726673,AAPL,youtube,95,7
2023-07-10,"this is gonna be huge, Microsoft will 10x easy",positive,0.8693853989789406,MSFT,youtube,8,1
2023-05-31,"new to investing, is Meta good?",neutral,-0.054183211964445394,META,youtube,6,1
2023-06-21,who else is buying the dip? TSLA gang,positive,0.7024560130269204,TSLA,youtube,0,7
2023-07-26,"new to investing, is TSLA good?",neutral,0.04380204897977241,TSLA,youtube,9,7
2023-04-20,diamond hands 💎🙌 holding META forever,positive,0.7032630402082589,META,youtube,90,7
2023-02-20,"best stock ever, AAPL is the future",positive,0.6481993141547455,AAPL,youtube,33,0
2023-08-22,"new to investing, is SPY good?",neutral,-0.11578434126486284,SPY,youtube,44,2
2024-04-28,told yall NVDA was gonna pump,positive,0.31847194131644796,NVDA,youtube,79,4
2023-02-24,who else got rekt by SPY? 😭,negative,-0.7574314798832145,SPY,youtube,51,4
2023-07-17,diamond hands 💎🙌 holding Apple forever,positive,0.6729777468259281,AAPL,youtube,42,6
2023-09-18,"new to investing, is Google good?",neutral,0.1764561340583361,GOOGL,youtube,46,7
2023-12-15,whats the PT for GME?,neutral,-0.025004223654746804,GME,youtube,1,2
2024-10-24,diamond hands 💎🙌 holding META forever,positive,0.32306003568081815,META,youtube,17,0
2023-07-08,just bought more NVDA let's gooo,positive,0.557651272111352,NVDA,youtube,25,7
2023-07-19,"new to investing, is SPY good?",neutral,-0.09153985552911217,SPY,youtube,143,1
2024-06-24,biggest regret buying AAPL smh,negative,-0.7209716918631186,AAPL,youtube,49,1
2023-03-08,"Nvidia scam, dont buy this garbage",negative,-0.6225034355925371,NVDA,youtube,34,4
2024-09-20,"never selling my MSFT shares, generational wealth",positive,0.4123038689561682,MSFT,youtube,21,2
2023-10-22,what do yall think about AMC?,neutral,0.1883901319440241,AMC,youtube,19,15
2024-09-18,apes together strong 🦍 Amazon,positive,0.837479314505305,AMZN,youtube,86,3
2024-03-07,diamond hands 💎🙌 holding Amazon forever,positive,0.8369463855387995,AMZN,youtube,15,0
2023-02-14,"never selling my META shares, generational wealth",positive,0.698612371595632,META,youtube,28,0
2023-10-29,who else is buying the dip? TSLA gang,positive,0.7568097937217355,TSLA,youtube,168,0
2023-02-19,should i buy Google or wait?,neutral,-0.17863449470018056,GOOGL,youtube,29,6
2024-10-24,"sold all my AMZN, this thing is done",negative,-0.6149443989075829,AMZN,youtube,14,1
2023-05-12,whats the PT for Apple?,neutral,0.06573771658588579,AAPL,youtube,6,0
2024-07-14,anyone still holding GOOGL?,neutral,-0.1907572588850079,GOOGL,youtube,7,6
2023-10-10,my portfolio up 500% thanks to GameStop 😂,positive,0.6053257508456009,GME,youtube,144,7
2024-01-04,"sold all my GameStop, this thing is done",negative,-0.5160415875296851,GME,youtube,43,1
2023-02-28,told yall NVDA was gonna pump,positive,0.7241237073260631,NVDA,youtube,6,9
2023-05-25,"this is gonna be huge, GOOGL will 10x easy",positive,0.4571575469089374,GOOGL,youtube,34,3
2023-12-26,just bought more SPY let's gooo,positive,0.8155093196466652,SPY,youtube,35,6
2023-01-30,anyone still holding Nvidia?,neutral,0.18064142499991526,NVDA,youtube,92,4
2024-03-31,should i buy NVDA or wait?,neutral,-0.19825040708679628,NVDA,youtube,0,0
2023-08-22,whats the PT for SPY?,neutral,0.1004593471290331,SPY,youtube,28,7
2024-03-24,"this is gonna be huge, Apple will 10x easy",positive,0.7374080527757813,AAPL,youtube,21,12
2024-10-13,waiting for Amazon to dip more,neutral,-0.1739461994224156,AMZN,youtube,15,1
2023-09-30,Tesla looking interesting ngl,neutral,-0.10887969771485753,TSLA,youtube,23,0
2024-04-28,what do yall think about GOOGL?,neutral,-0.007425861616957796,GOOGL,youtube,28,19
2023-08-03,lol bears are so wrong about MSFT,positive,0.4018755837305684,MSFT,youtube,72,5
2024-06-13,my portfolio up 500% thanks to GameStop 😂,positive,0.388364285098996,GME,youtube,90,0
2023-10-24,should i buy AMC or wait?,neutral,-0.1232493147590573,AMC,youtube,25,0
2023-04-19,who else got rekt by AAPL? 😭,negative,-0.40634163871957785,AAPL,youtube,18,12
2023-03-26,NVDA making me rich fr fr,positive,0.47451836107781914,NVDA,youtube,15,14
2024-03-27,"GME is trash, worst investment ever",negative,-0.8522302492035374,GME,youtube,57,2
2023-08-05,lmao TSLA bagholders in shambles,negative,-0.4150990516867345,TSLA,youtube,50,10
2024-01-24,lmao MSFT bagholders in shambles,negative,-0.35956451392560984,MSFT,youtube,12,2
2023-03-20,who else got rekt by META? 😭,negative,-0.4767861981867476,META,youtube,98,0
2024-08-02,paper hands saved me from Google disaster,negative,-0.5865700167439589,GOOGL,youtube,22,1
2024-10-10,rip to everyone who bought AMC at the top,negative,-0.7573807438162627,AMC,youtube,16,13
2023-07-22,paper hands saved me from Microsoft disaster,negative,-0.5129811992688298,MSFT,youtube,3,1
2024-08-05,whats the PT for SPY?,neutral,0.016117697068946557,SPY,youtube,76,4
2023-02-25,diamond hands 💎🙌 holding AMZN forever,positive,0.5334738057690182,AMZN,youtube,9,2
2024-05-20,GOOGL making me rich fr fr,positive,0.6441507641722735,GOOGL,youtube,140,1
2024-02-06,biggest regret buying NVDA smh,negative,-0.6914189478142792,NVDA,youtube,15,36
2024-03-13,apes together strong 🦍 GOOGL,positive,0.49434318993792115,GOOGL,youtube,21,0
2024-11-13,should i buy META or wait?,neutral,-0.06417074351673216,META,youtube,0,13
2024-08-05,diamond hands 💎🙌 holding NVDA forever,positive,0.404465548519941,NVDA,youtube,7,6
2024-01-13,Tesla looking interesting ngl,neutral,0.08348860149943371,TSLA,youtube,20,1
2024-08-04,rip to everyone who bought SPY at the top,negative,-0.7799599574294604,SPY,youtube,115,0
2024-04-12,"best stock ever, TSLA is the future",positive,0.5117064710241,TSLA,youtube,68,2
2024-03-09,paper hands saved me from Apple disaster,negative,-0.4139584150624634,AAPL,youtube,47,0
2024-02-27,GME making me rich fr fr,positive,0.8719065229578835,GME,youtube,92,3
2024-09-20,what do yall think about TSLA?,neutral,0.025925112434472902,TSLA,youtube,33,1
2024-01-09,told yall SPY was gonna pump,positive,0.45221809799748647,SPY,youtube,2,0
2023-02-27,🚀🚀🚀 Amazon to the moon!!!,positive,0.5972755157417666,AMZN,youtube,36,6
2024-02-17,"never selling my Nvidia shares, generational wealth",positive,0.7688941459551433,NVDA,youtube,124,5
2024-11-09,SPY looking interesting ngl,neutral,0.0006519235692376557,SPY,youtube,62,5
2024-10-25,lmao GOOGL bagholders in shambles,negative,-0.6989340839778336,GOOGL,youtube,37,16
2023-08-29,🚀🚀🚀 GOOGL to the moon!!!,positive,0.7870281586325004,GOOGL,youtube,60,1
2023-09-26,whats the PT for TSLA?,neutral,0.13458927666638848,TSLA,youtube,110,5
2024-01-25,whats the PT for AMZN?,neutral,-0.18664271805365706,AMZN,youtube,96,8
2023-11-16,"new to investing, is GME good?",neutral,-0.18999835485976316,GME,youtube,18,2
2024-10-25,paper hands saved me from AMC disaster,negative,-0.5689324297645828,AMC,youtube,2,0
2024-02-16,who else is buying the dip? Apple gang,positive,0.4662273577700534,AAPL,youtube,27,13
2024-01-16,whats the PT for MSFT?,neutral,-0.14196422134434472,MSFT,youtube,97,5
2023-07-03,should i buy GameStop or wait?,neutral,-0.03973686062481868,GME,youtube,108,10
2023-04-24,who else is buying the dip? GOOGL gang,positive,0.5114586153316444,GOOGL,youtube,84,2
2023-10-12,"Amazon is trash, worst investment ever",negative,-0.44273491998153747,AMZN,youtube,150,33
2023-11-10,"never selling my Amazon shares, generational wealth",positive,0.815013633095458,AMZN,youtube,79,7
2024-10-04,"this is gonna be huge, AAPL will 10x easy",positive,0.7174813888954681,AAPL,youtube,1,2
2023-01-14,🚀🚀🚀 Tesla to the moon!!!,positive,0.8953491474933453,TSLA,youtube,9,0
2023-12-17,who else got rekt by Tesla? 😭,negative,-0.7690383102879683,TSLA,youtube,34,1
2023-04-13,what do yall think about AMC?,neutral,-0.15264126342893838,AMC,youtube,29,6
2024-10-10,lol bears are so wrong about SPY,positive,0.7632915028844789,SPY,youtube,2,0
2024-11-05,who else is buying the dip? Amazon gang,positive,0.8408321140863944,AMZN,youtube,34,0
2024-02-11,just bought more Google let's gooo,positive,0.5292689187057111,GOOGL,youtube,14,1
2023-04-07,"never selling my AMC shares, generational wealth",positive,0.713738646631179,AMC,youtube,52,0
2023-07-08,"sold all my SPY, this thing is done",negative,-0.7131566129730732,SPY,youtube,71,0
2023-10-14,lol bears are so wrong about AMZN,positive,0.5462958687248051,AMZN,youtube,41,1
2024-04-13,who else is buying the dip? AMZN gang,positive,0.4253022122711903,AMZN,youtube,117,8
2023-09-14,diamond hands 💎🙌 holding GME forever,positive,0.6866376973691195,GME,youtube,1,0
2024-01-23,whats the PT for Apple?,neutral,-0.1023746195828299,AAPL,youtube,70,4
2024-01-28,"new to investing, is Microsoft good?",neutral,0.12408233980133421,MSFT,youtube,36,0
2024-08-14,anyone still holding META?,neutral,-0.10052327621154596,META,youtube,54,6
2024-10-16,Amazon looking interesting ngl,neutral,-0.19113618578219138,AMZN,youtube,166,0
2024-02-14,Google making me rich fr fr,positive,0.41716399994829645,GOOGL,youtube,24,1
2024-10-25,🚀🚀🚀 AMC to the moon!!!,positive,0.7289135845202455,AMC,youtube,65,6
2023-01-14,"Apple going to zero, get out now",negative,-0.40907279917772205,AAPL,youtube,65,4
2023-12-16,biggest regret buying GOOGL smh,negative,-0.4961035603318415,GOOGL,youtube,16,5
2023-10-12,waiting for NVDA to dip more,neutral,-0.15408548853575504,NVDA,youtube,62,6
2024-11-25,whats the PT for Google?,neutral,0.176345419157879,GOOGL,youtube,36,4
2024-04-19,diamond hands 💎🙌 holding Google forever,positive,0.6422747491727165,GOOGL,youtube,28,7
2023-08-26,"idk about GME tbh, mixed signals",neutral,-0.14775020676936346,GME,youtube,9,0
2024-11-09,"Tesla is trash, worst investment ever",negative,-0.622916079588228,TSLA,youtube,67,10
2023-03-15,"GameStop is trash, worst investment ever",negative,-0.7433238915831265,GME,youtube,45,10
2024-04-22,who else got rekt by Nvidia? 😭,negative,-0.5243642811343026,NVDA,youtube,129,13
2024-06-19,TSLA making me rich fr fr,positive,0.8414076338565519,TSLA,youtube,37,2
2024-03-25,"new to investing, is AAPL good?",neutral,0.05057974729124454,AAPL,youtube,82,13
2023-10-12,"new to investing, is GME good?",neutral,0.04079511785888404,GME,youtube,49,4
2023-10-06,anyone still holding SPY?,neutral,-0.010335930192749865,SPY,youtube,138,8
2023-06-18,rip to everyone who bought Google at the top,negative,-0.8169344193206758,GOOGL,youtube,12,0
2023-12-06,apes together strong 🦍 AAPL,positive,0.8097980265815432,AAPL,youtube,17,4
2023-06-02,lol bears are so wrong about Nvidia,positive,0.5100233408315717,NVDA,youtube,34,2
2024-04-03,"this is gonna be huge, Meta will 10x easy",positive,0.5883724401699864,META,youtube,3,18
2024-08-10,biggest regret buying NVDA smh,negative,-0.47896137554652907,NVDA,youtube,65,1
2023-03-03,"never selling my Amazon shares, generational wealth",positive,0.8139431414156015,AMZN,youtube,123,22
2023-09-11,"new to investing, is Meta good?",neutral,0.026831988229412407,META,youtube,86,1
2024-07-14,diamond hands 💎🙌 holding SPY forever,positive,0.3614402098776007,SPY,youtube,19,9
2024-02-12,"Apple is trash, worst investment ever",negative,-0.48609522993842136,AAPL,youtube,8,2
2023-10-15,diamond hands 💎🙌 holding SPY forever,positive,0.6107442963841716,SPY,youtube,10,1
2023-07-24,GME looking interesting ngl,neutral,0.13050309173282765,GME,youtube,19,0
2024-05-29,apes together strong 🦍 NVDA,positive,0.32957519941428265,NVDA,youtube,93,5
2024-10-28,"new to investing, is AMZN good?",neutral,-0.05594732489045026,AMZN,youtube,18,1
2024-07-18,who else got rekt by GME? 😭,negative,-0.5720903729896619,GME,youtube,69,0
2023-07-17,told yall Apple was gonna pump,positive,0.6735562779376141,AAPL,youtube,1,5
2023-10-03,GME looking interesting ngl,neutral,-0.14326846852493005,GME,youtube,42,2
2023-01-07,paper hands saved me from AMZN disaster,negative,-0.7345884618583798,AMZN,youtube,0,0
2024-06-01,"Meta is trash, worst investment ever",negative,-0.8773294669126522,META,youtube,103,1
2024-02-03,what do yall think about GOOGL?,neutral,0.016389002365786748,GOOGL,youtube,4,0
2024-08-11,AMZN making me rich fr fr,positive,0.8218874194883539,AMZN,youtube,160,1
2024-02-11,should i buy AAPL or wait?,neutral,0.14967289331758143,AAPL,youtube,90,0
2023-07-22,my portfolio up 500% thanks to AMZN 😂,positive,0.7232605110567307,AMZN,youtube,35,5
2023-06-10,apes together strong 🦍 TSLA,positive,0.7175330146071415,TSLA,youtube,20,7
2023-04-06,"Nvidia scam, dont buy this garbage",negative,-0.5738736512103347,NVDA,youtube,11,1
2024-07-08,paper hands saved me from Nvidia disaster,negative,-0.3933566326247605,NVDA,youtube,25,20
2023-05-18,"idk about GameStop tbh, mixed signals",neutral,-0.1567255220479845,GME,youtube,64,3
2024-06-21,rip to everyone who bought Microsoft at the top,negative,-0.7642174283092593,MSFT,youtube,11,1
2024-05-29,"this is gonna be huge, TSLA will 10x easy",positive,0.8583372162213436,TSLA,youtube,189,9
2024-11-09,just bought more MSFT let's gooo,positive,0.3409595195133006,MSFT,youtube,158,2
2023-02-09,"new to investing, is GME good?",neutral,0.06477983459195735,GME,youtube,1,4
2023-04-02,"NVDA is trash, worst investment ever",negative,-0.779091524745535,NVDA,youtube,49,4
2023-08-22,"NVDA going to zero, get out now",negative,-0.5194859538472854,NVDA,youtube,94,4
2024-04-18,told yall Apple was gonna pump,positive,0.5039374926971001,AAPL,youtube,53,2
2024-08-13,🚀🚀🚀 TSLA to the moon!!!,positive,0.36772165058809325,TSLA,youtube,94,7
2024-11-17,lol bears are so wrong about Google,positive,0.8809368305770462,GOOGL,youtube,134,6
2023-08-07,should i buy GameStop or wait?,neutral,-0.16935207442814054,GME,youtube,27,9
2024-09-06,anyone still holding AAPL?,neutral,-0.01845869772597908,AAPL,youtube,19,12
2023-01-22,lol bears are so wrong about GameStop,positive,0.647217047230588,GME,youtube,15,1
2023-03-08,apes together strong 🦍 SPY,positive,0.8014453471347918,SPY,youtube,5,4
2023-03-10,biggest regret buying AAPL smh,negative,-0.7948950817774914,AAPL,youtube,8,15
2024-06-16,what do yall think about Apple?,neutral,-0.0993342259818117,AAPL,youtube,128,0
2023-02-16,"new to investing, is TSLA good?",neutral,-0.08221436046353592,TSLA,youtube,24,0
2023-09-29,🚀🚀🚀 GOOGL to the moon!!!,positive,0.8679014528419262,GOOGL,youtube,98,6
2023-11-15,"Meta scam, dont buy this garbage",negative,-0.8373920320046636,META,youtube,2,22
2023-05-09,why did i buy META?? down so bad rn,negative,-0.6648263159147086,META,youtube,5,1
2023-03-08,anyone still holding AMZN?,neutral,0.041538946072508576,AMZN,youtube,62,6
2023-07-04,lmao AMZN bagholders in shambles,negative,-0.8645979996005398,AMZN,youtube,13,14
2024-10-01,lmao AMZN bagholders in shambles,negative,-0.6301920894689056,AMZN,youtube,128,17
2023-09-04,"sold all my GME, this thing is done",negative,-0.44238829772723487,GME,youtube,98,13
2024-05-29,anyone still holding Meta?,neutral,-0.10696214521445985,META,youtube,36,9
2024-03-16,"SPY is trash, worst investment ever",negative,-0.8970165088065906,SPY,youtube,20,0
2024-01-18,rip to everyone who bought NVDA at the top,negative,-0.6088480472440638,NVDA,youtube,31,3
2023-04-10,told yall AMC was gonna pump,positive,0.4627611518899061,AMC,youtube,19,0
2024-06-12,diamond hands 💎🙌 holding MSFT forever,positive,0.7630858657619974,MSFT,youtube,71,0
2024-05-30,"new to investing, is AMC good?",neutral,0.14224105082161126,AMC,youtube,105,3
2023-07-14,who else is buying the dip? GME gang,positive,0.42565189008016857,GME,youtube,75,7
2024-05-30,rip to everyone who bought Microsoft at the top,negative,-0.5425154805660182,MSFT,youtube,38,8
2024-05-14,"idk about NVDA tbh, mixed signals",neutral,-0.10316453348579802,NVDA,youtube,74,2
2023-10-05,just bought more Apple let's gooo,positive,0.7747786474703673,AAPL,youtube,128,0
2024-06-09,Microsoft looking interesting ngl,neutral,-0.18364516100373218,MSFT,youtube,67,4
2024-02-23,paper hands saved me from TSLA disaster,negative,-0.512141653204798,TSLA,youtube,12,2
2023-06-07,diamond hands 💎🙌 holding MSFT forever,positive,0.6587309618175594,MSFT,youtube,4,0
2024-08-01,biggest regret buying SPY smh,negative,-0.5251602888626312,SPY,youtube,200,6
2023-06-01,why did i buy GME?? down so bad rn,negative,-0.8425987737430725,GME,youtube,18,1
2023-03-25,"best stock ever, TSLA is the future",positive,0.8462466537468698,TSLA,youtube,19,2
2024-06-25,biggest regret buying SPY smh,negative,-0.5313113950782106,SPY,youtube,23,3
2024-04-07,who else is buying the dip? AMZN gang,positive,0.4129047876317508,AMZN,youtube,112,16
2023-11-16,waiting for GameStop to dip more,neutral,0.03494671178299441,GME,youtube,76,0
2023-06-24,"idk about Apple tbh, mixed signals",neutral,-0.1803766530365427,AAPL,youtube,107,15
2023-08-14,"never selling my GME shares, generational wealth",positive,0.7985023506954918,GME,youtube,78,0
2023-09-12,"sold all my AAPL, this thing is done",negative,-0.3924798562770989,AAPL,youtube,31,8
2024-01-10,"never selling my AMC shares, generational wealth",positive,0.30339780031547803,AMC,youtube,119,1
2023-10-15,"Google is trash, worst investment ever",negative,-0.577727551027956,GOOGL,youtube,78,3
2023-09-22,anyone still holding GOOGL?,neutral,-0.06506818755863408,GOOGL,youtube,46,0
2023-10-04,what do yall think about GME?,neutral,-0.03176377033724234,GME,youtube,94,15
2024-05-09,"GOOGL going to zero, get out now",negative,-0.44944296388996663,GOOGL,youtube,18,4
2024-08-26,"GME scam, dont buy this garbage",negative,-0.5691058227891979,GME,youtube,70,3
2023-03-15,"new to investing, is NVDA good?",neutral,0.016427143462728944,NVDA,youtube,102,8
2023-11-13,my portfolio up 500% thanks to Tesla 😂,positive,0.39375680388681333,TSLA,youtube,38,5
2024-07-07,just bought more NVDA let's gooo,positive,0.8992190891047722,NVDA,youtube,12,17
2023-03-04,Google looking interesting ngl,neutral,0.02612107658418017,GOOGL,youtube,25,0
2024-09-28,just bought more Apple let's gooo,positive,0.6438767539635388,AAPL,youtube,39,6
2023-01-10,"new to investing, is MSFT good?",neutral,-0.013613300725545313,MSFT,youtube,30,4
2024-06-16,apes together strong 🦍 Meta,positive,0.6910800620286404,META,youtube,108,4
2023-03-07,"never selling my Tesla shares, generational wealth",positive,0.49901415100403135,TSLA,youtube,6,3
2023-08-17,told yall AAPL was gonna pump,positive,0.30365251858535397,AAPL,youtube,59,1
2023-11-11,whats the PT for Tesla?,neutral,-0.012833747221782321,TSLA,youtube,8,1
2024-03-15,"AMZN is trash, worst investment ever",negative,-0.37731710990270684,AMZN,youtube,51,7
2023-11-28,biggest regret buying NVDA smh,negative,-0.769400474360437,NVDA,youtube,46,6
2023-10-24,"Microsoft is trash, worst investment ever",negative,-0.49334370338239725,MSFT,youtube,28,0
2023-05-10,"Tesla is trash, worst investment ever",negative,-0.6672081119428066,TSLA,youtube,3,6
2023-07-16,who else is buying the dip? SPY gang,positive,0.6040700289493885,SPY,youtube,19,3
2024-02-13,"Meta is trash, worst investment ever",negative,-0.8194569485437538,META,youtube,53,3
2023-04-22,Meta looking interesting ngl,neutral,0.08719181360815392,META,youtube,55,6
2024-03-10,waiting for MSFT to dip more,neutral,0.06616191705530161,MSFT,youtube,25,2
2023-03-19,apes together strong 🦍 META,positive,0.609803891302996,META,youtube,76,0
2023-04-21,whats the PT for MSFT?,neutral,0.04162884023962543,MSFT,youtube,31,11
2024-11-17,just bought more Meta let's gooo,positive,0.7970998272865616,META,youtube,13,2
2024-11-15,"idk about GOOGL tbh, mixed signals",neutral,-0.1785211248242503,GOOGL,youtube,54,6
2023-12-16,diamond hands 💎🙌 holding Amazon forever,positive,0.8335359561980531,AMZN,youtube,26,8
2024-02-09,my portfolio up 500% thanks to Meta 😂,positive,0.311779362832592,META,youtube,17,5
2024-01-16,"AMZN scam, dont buy this garbage",negative,-0.5190062030421299,AMZN,youtube,106,4
2024-10-29,"idk about AAPL tbh, mixed signals",neutral,-0.03553561366146035,AAPL,youtube,54,11
2024-06-03,🚀🚀🚀 AMC to the moon!!!,positive,0.6489049857744434,AMC,youtube,5,0
2024-10-27,"GME going to zero, get out now",negative,-0.6784074334729946,GME,youtube,5,8
2023-08-31,MSFT looking interesting ngl,neutral,0.1367833817673394,MSFT,youtube,15,1
2023-06-19,"new to investing, is GME good?",neutral,0.0667939445878184,GME,youtube,24,0
2024-08-14,"Microsoft is trash, worst investment ever",negative,-0.8811256828523844,MSFT,youtube,40,4
2023-02-11,"this is gonna be huge, Google will 10x easy",positive,0.5824561330006214,GOOGL,youtube,24,3
2023-02-12,lmao GOOGL bagholders in shambles,negative,-0.3802598262846465,GOOGL,youtube,9,0
2024-03-24,GameStop looking interesting ngl,neutral,0.16374413068998722,GME,youtube,7,0
2023-08-15,"Google scam, dont buy this garbage",negative,-0.3842136536607623,GOOGL,youtube,27,0
2023-08-18,"best stock ever, AMC is the future",positive,0.8487990644542498,AMC,youtube,16,1
2023-08-11,lmao Amazon bagholders in shambles,negative,-0.5772461812392685,AMZN,youtube,92,1
2024-08-30,what do yall think about Tesla?,neutral,-0.038388019868616036,TSLA,youtube,240,2
2023-06-09,who else got rekt by GameStop? 😭,negative,-0.8488450652178836,GME,youtube,3,0
2024-11-21,diamond hands 💎🙌 holding Nvidia forever,positive,0.4743901976192211,NVDA,youtube,128,3
2024-09-28,just bought more Meta let's gooo,positive,0.4597369717904809,META,youtube,53,2
2023-01-31,apes together strong 🦍 SPY,positive,0.7550675741999187,SPY,youtube,3,0
2024-06-30,"sold all my Tesla, this thing is done",negative,-0.3820178910929254,TSLA,youtube,17,7
2024-02-03,should i buy Nvidia or wait?,neutral,-0.11088601431601593,NVDA,youtube,25,1
2023-04-20,lmao MSFT bagholders in shambles,negative,-0.3923601479547467,MSFT,youtube,12,6
2023-02-03,AMC making me rich fr fr,positive,0.6089684109086669,AMC,youtube,6,1
2024-06-11,my portfolio up 500% thanks to NVDA 😂,positive,0.8615433511918897,NVDA,youtube,14,7
2024-07-24,should i buy TSLA or wait?,neutral,0.11678599678584117,TSLA,youtube,47,2
2023-03-22,who else is buying the dip? SPY gang,positive,0.6971343328205402,SPY,youtube,75,0
2024-05-30,biggest regret buying AMC smh,negative,-0.397626084564909,AMC,youtube,1,0
2023-11-18,"sold all my TSLA, this thing is done",negative,-0.4131281817517856,TSLA,youtube,12,2
2024-07-25,paper hands saved me from Nvidia disaster,negative,-0.7964060785005607,NVDA,youtube,42,6
2023-01-06,"idk about GME tbh, mixed signals",neutral,0.09923574628125059,GME,youtube,41,7
2023-12-01,GameStop making me rich fr fr,positive,0.6098197911291221,GME,youtube,1,0
2023-11-04,who else is buying the dip? GOOGL gang,positive,0.736091184571342,GOOGL,youtube,55,5
2024-08-03,rip to everyone who bought NVDA at the top,negative,-0.809557804181299,NVDA,youtube,47,7
2023-03-12,lmao AAPL bagholders in shambles,negative,-0.3388498113634002,AAPL,youtube,44,4
2023-08-22,waiting for Tesla to dip more,neutral,-0.012864794750114011,TSLA,youtube,129,7
2024-10-24,biggest regret buying Amazon smh,negative,-0.8275876169028163,AMZN,youtube,14,3
2024-09-27,anyone still holding Nvidia?,neutral,0.07801575059896154,NVDA,youtube,36,18
2024-10-02,"best stock ever, AAPL is the future",positive,0.8732484988476581,AAPL,youtube,16,2
2024-11-15,GME making me rich fr fr,positive,0.6352340449275315,GME,youtube,68,7
2023-02-23,apes together strong 🦍 MSFT,positive,0.4422463725337288,MSFT,youtube,32,6
2023-10-20,paper hands saved me from AAPL disaster,negative,-0.7213277560624207,AAPL,youtube,274,0
2023-08-12,SPY looking interesting ngl,neutral,-0.029213520287512285,SPY,youtube,40,0
2023-11-02,"SPY going to zero, get out now",negative,-0.3005943229986793,SPY,youtube,78,4
2024-08-29,"never selling my MSFT shares, generational wealth",positive,0.4041221517833301,MSFT,youtube,27,4
2024-04-11,just bought more SPY let's gooo,positive,0.8758318134800038,SPY,youtube,30,0
2023-06-08,rip to everyone who bought META at the top,negative,-0.32592190529482157,META,youtube,4,3
2024-07-28,who else is buying the dip? NVDA gang,positive,0.826108798950874,NVDA,youtube,20,4
2024-07-26,apes together strong 🦍 Tesla,positive,0.6922095993942813,TSLA,youtube,160,3
2024-06-16,who else got rekt by GME? 😭,negative,-0.3881329054579653,GME,youtube,43,5
2024-04-20,what do yall think about Apple?,neutral,0.022729484352988327,AAPL,youtube,158,2
2024-05-30,rip to everyone who bought Tesla at the top,negative,-0.5720917747792779,TSLA,youtube,34,10
2023-07-21,what do yall think about SPY?,neutral,-0.1544247267488059,SPY,youtube,4,6
2023-11-07,🚀🚀🚀 SPY to the moon!!!,positive,0.6959545771554361,SPY,youtube,62,3
2024-01-29,lmao NVDA bagholders in shambles,negative,-0.6037206625705523,NVDA,youtube,20,1
2024-06-20,should i buy META or wait?,neutral,0.13911610814514974,META,youtube,42,8
2024-05-10,waiting for AMC to dip more,neutral,-0.06966236367002893,AMC,youtube,6,9
2023-08-09,why did i buy MSFT?? down so bad rn,negative,-0.5806980234862914,MSFT,youtube,102,1
2024-10-20,"Google is trash, worst investment ever",negative,-0.7508917744670935,GOOGL,youtube,0,0
2024-10-29,🚀🚀🚀 META to the moon!!!,positive,0.5712613234585886,META,youtube,20,5
2024-01-16,anyone still holding SPY?,neutral,0.04868687408153702,SPY,youtube,115,6
2023-11-05,what do yall think about AMC?,neutral,0.10227271081980799,AMC,youtube,59,4
2023-08-29,diamond hands 💎🙌 holding Amazon forever,positive,0.31879307113329586,AMZN,youtube,27,6
2024-09-15,should i buy MSFT or wait?,neutral,0.027887762613394262,MSFT,youtube,187,0
2024-08-28,diamond hands 💎🙌 holding META forever,positive,0.3364615610377445,META,youtube,41,17
2024-02-02,what do yall think about MSFT?,neutral,0.00130817924023377,MSFT,youtube,6,5
2023-05-11,waiting for AMC to dip more,neutral,-0.1750202577332873,AMC,youtube,17,12
2024-02-13,who else is buying the dip? GameStop gang,positive,0.35595607210849906,GME,youtube,3,2
2023-01-14,what do yall think about Nvidia?,neutral,-0.014345925120507197,NVDA,youtube,36,0
2023-09-17,diamond hands 💎🙌 holding Nvidia forever,positive,0.8609470767091254,NVDA,youtube,229,3
2024-01-11,"Google is trash, worst investment ever",negative,-0.4261989223316983,GOOGL,youtube,0,5
2023-05-23,anyone still holding GME?,neutral,0.047047752621582145,GME,youtube,12,9
2023-03-27,"sold all my NVDA, this thing is done",negative,-0.7071472333129976,NVDA,youtube,26,18
2023-10-03,biggest regret buying Meta smh,negative,-0.452084590703432,META,youtube,39,0
2024-08-08,AAPL making me rich fr fr,positive,0.4116050591135971,AAPL,youtube,15,3
2024-09-15,told yall AAPL was gonna pump,positive,0.3254171591716692,AAPL,youtube,22,6
2024-06-25,lmao GOOGL bagholders in shambles,negative,-0.6433842545302773,GOOGL,youtube,91,2
2023-06-23,"SPY going to zero, get out now",negative,-0.5636866890629461,SPY,youtube,8,12
2023-12-30,why did i buy SPY?? down so bad rn,negative,-0.5524679788634652,SPY,youtube,16,0
2024-04-05,what do yall think about SPY?,neutral,-0.03287125886515216,SPY,youtube,10,18
2024-02-19,just bought more MSFT let's gooo,positive,0.763889160498894,MSFT,youtube,123,5
2024-03-09,"SPY going to zero, get out now",negative,-0.37043134340168726,SPY,youtube,150,4
2024-10-08,should i buy GameStop or wait?,neutral,0.0770829404573764,GME,youtube,15,0
2024-02-11,why did i buy Microsoft?? down so bad rn,negative,-0.840588346262905,MSFT,youtube,10,2
2023-06-17,"never selling my GameStop shares, generational wealth",positive,0.7858789976242588,GME,youtube,189,0
2023-07-26,just bought more MSFT let's gooo,positive,0.4808549470791351,MSFT,youtube,23,4
2023-03-18,waiting for META to dip more,neutral,0.16361637652569438,META,youtube,1,0
2023-07-20,my portfolio up 500% thanks to SPY 😂,positive,0.5875656481763329,SPY,youtube,10,5
2024-07-31,paper hands saved me from SPY disaster,negative,-0.5071011849635978,SPY,youtube,121,3
2023-05-20,diamond hands 💎🙌 holding Tesla forever,positive,0.4029077985888133,TSLA,youtube,11,5
2024-08-02,just bought more Apple let's gooo,positive,0.5471758079374793,AAPL,youtube,138,0
2023-07-18,"idk about Apple tbh, mixed signals",neutral,-0.015491786739091351,AAPL,youtube,154,5
2024-08-21,"AMC is trash, worst investment ever",negative,-0.33340065855102496,AMC,youtube,55,12
2024-05-12,Microsoft looking interesting ngl,neutral,-0.19925090243233257,MSFT,youtube,31,3
2023-01-07,diamond hands 💎🙌 holding Microsoft forever,positive,0.7220284113480827,MSFT,youtube,11,3
2023-04-16,whats the PT for Tesla?,neutral,-0.0417320343614736,TSLA,youtube,59,3
2023-06-06,why did i buy AMC?? down so bad rn,negative,-0.4644881493969629,AMC,youtube,66,7
2024-06-17,"sold all my Microsoft, this thing is done",negative,-0.6176751083724148,MSFT,youtube,42,10
2023-08-08,"idk about MSFT tbh, mixed signals",neutral,0.13965465446444886,MSFT,youtube,154,15
2023-09-01,what do yall think about MSFT?,neutral,-0.0538490501860264,MSFT,youtube,169,0
2023-06-15,what do yall think about Apple?,neutral,-0.19808007007305173,AAPL,youtube,18,3
2023-12-06,"this is gonna be huge, Meta will 10x easy",positive,0.6768500859428613,META,youtube,56,0
2024-11-22,"never selling my Tesla shares, generational wealth",positive,0.34722535028553914,TSLA,youtube,11,14
2023-05-18,"new to investing, is GameStop good?",neutral,-0.02923916507086513,GME,youtube,102,0
2024-01-31,🚀🚀🚀 Nvidia to the moon!!!,positive,0.5471180792318711,NVDA,youtube,18,9
2023-06-19,biggest regret buying AMC smh,negative,-0.403532558412232,AMC,youtube,28,5
2023-10-29,diamond hands 💎🙌 holding AAPL forever,positive,0.8850611406601203,AAPL,youtube,8,6
2024-01-26,anyone still holding Apple?,neutral,-0.025492455553774912,AAPL,youtube,65,2
2024-04-23,just bought more Meta let's gooo,positive,0.4268821920298479,META,youtube,10,6
2024-09-05,my portfolio up 500% thanks to GOOGL 😂,positive,0.4105179177979417,GOOGL,youtube,159,0
2024-06-27,Tesla looking interesting ngl,neutral,0.19457061845741191,TSLA,youtube,9,4
2024-09-27,whats the PT for Tesla?,neutral,0.17292227309795194,TSLA,youtube,27,9
2024-10-21,"idk about GOOGL tbh, mixed signals",neutral,-0.0497968088950953,GOOGL,youtube,40,15
2024-02-22,"new to investing, is Apple good?",neutral,0.025938040886860636,AAPL,youtube,38,0
2023-11-07,biggest regret buying AMC smh,negative,-0.862544889790492,AMC,youtube,64,2
2023-04-23,told yall Microsoft was gonna pump,positive,0.6890546510224694,MSFT,youtube,90,4
2023-09-10,lmao GOOGL bagholders in shambles,negative,-0.7936837125095771,GOOGL,youtube,56,6
2023-05-17,🚀🚀🚀 GME to the moon!!!,positive,0.60005540146934,GME,youtube,32,10
2023-08-16,"AMC going to zero, get out now",negative,-0.7317237078888928,AMC,youtube,19,4
2024-08-13,"this is gonna be huge, Microsoft will 10x easy",positive,0.49571103676674555,MSFT,youtube,56,5
2023-11-08,🚀🚀🚀 SPY to the moon!!!,positive,0.5500020499238223,SPY,youtube,75,12
2023-01-08,just bought more Microsoft let's gooo,positive,0.7997134851707527,MSFT,youtube,207,8
2023-06-07,"Google is trash, worst investment ever",negative,-0.781449248503009,GOOGL,youtube,29,13
2024-02-08,what do yall think about AMC?,neutral,-0.1918636675729596,AMC,youtube,13,7
2024-06-23,"AMZN is trash, worst investment ever",negative,-0.7455532618819767,AMZN,youtube,103,0
2023-06-25,"new to investing, is Microsoft good?",neutral,-0.13429453451175044,MSFT,youtube,32,9
2024-06-10,told yall GameStop was gonna pump,positive,0.6715247550178939,GME,youtube,81,0
2023-03-05,anyone still holding Tesla?,neutral,0.10562223594097536,TSLA,youtube,66,2
2023-09-02,lmao SPY bagholders in shambles,negative,-0.37399228877500423,SPY,youtube,66,2
2024-02-05,rip to everyone who bought NVDA at the top,negative,-0.3371831235813195,NVDA,youtube,32,0
2023-09-07,"never selling my META shares, generational wealth",positive,0.5192436785409341,META,youtube,41,5
2024-04-13,waiting for Apple to dip more,neutral,-0.12634799076752606,AAPL,youtube,50,7
2023-09-02,"sold all my TSLA, this thing is done",negative,-0.3496181127215696,TSLA,youtube,35,6
2023-02-28,"sold all my Amazon, this thing is done",negative,-0.3399163248314653,AMZN,youtube,101,7
2024-02-10,just bought more AMC let's gooo,positive,0.42298796592260735,AMC,youtube,11,11
2023-04-01,lol bears are so wrong about AAPL,positive,0.5347997018797156,AAPL,youtube,33,1
2023-10-10,"idk about SPY tbh, mixed signals",neutral,-0.0487312742188275,SPY,youtube,23,0
2023-02-13,whats the PT for SPY?,neutral,-0.04496733302526676,SPY,youtube,76,4
2024-08-04,"new to investing, is TSLA good?",neutral,0.047474939884788514,TSLA,youtube,0,0
2023-08-27,"new to investing, is NVDA good?",neutral,0.03792923979623075,NVDA,youtube,69,5
2024-11-04,"GOOGL is trash, worst investment ever",negative,-0.6326275847400407,GOOGL,youtube,29,0
2023-04-27,"GME going to zero, get out now",negative,-0.6996947613939685,GME,youtube,4,5
2023-11-22,why did i buy Nvidia?? down so bad rn,negative,-0.42393504517672054,NVDA,youtube,4,7
2023-07-11,whats the PT for Nvidia?,neutral,-0.08822593187457475,NVDA,youtube,28,9
2024-08-23,told yall AMC was gonna pump,positive,0.5672602051716181,AMC,youtube,25,7
2023-09-04,whats the PT for Tesla?,neutral,0.08358164937136875,TSLA,youtube,35,0
2024-07-09,"MSFT is trash, worst investment ever",negative,-0.5689494702362692,MSFT,youtube,11,9
2023-04-08,diamond hands 💎🙌 holding AMC forever,positive,0.7383255788979475,AMC,youtube,139,16
2024-09-05,Nvidia looking interesting ngl,neutral,-0.035461500447399846,NVDA,youtube,142,5
2024-01-15,anyone still holding Nvidia?,neutral,0.1324539061614784,NVDA,youtube,19,23
2024-01-24,"SPY going to zero, get out now",negative,-0.6637942896665872,SPY,youtube,100,2
2024-01-06,who else is buying the dip? AMC gang,positive,0.4825094865771097,AMC,youtube,109,1
2023-02-15,"sold all my AAPL, this thing is done",negative,-0.8212278773504165,AAPL,youtube,5,2
2023-10-10,"MSFT is trash, worst investment ever",negative,-0.46298321835796646,MSFT,youtube,25,1
2024-04-06,SPY looking interesting ngl,neutral,-0.1865561350739975,SPY,youtube,45,4
2024-10-21,paper hands saved me from Meta disaster,negative,-0.32766296166135567,META,youtube,140,2
2024-09-26,whats the PT for Meta?,neutral,0.17340972508665226,META,youtube,44,0
2024-05-09,waiting for GME to dip more,neutral,0.06885947477296284,GME,youtube,27,7
2024-11-11,should i buy TSLA or wait?,neutral,-0.1914444613299681,TSLA,youtube,8,0
2024-11-11,anyone still holding META?,neutral,-0.03119789966171077,META,youtube,5,5
2024-01-27,biggest regret buying MSFT smh,negative,-0.3364655182972759,MSFT,youtube,31,3
2023-06-18,lol bears are so wrong about TSLA,positive,0.7102384161063235,TSLA,youtube,108,1
2024-11-19,should i buy Apple or wait?,neutral,-0.1465766936546066,AAPL,youtube,23,1
2024-10-08,🚀🚀🚀 Google to the moon!!!,positive,0.47891837889055766,GOOGL,youtube,26,3
2024-11-24,"never selling my MSFT shares, generational wealth",positive,0.898981893440375,MSFT,youtube,7,5
2024-08-27,lmao SPY bagholders in shambles,negative,-0.5536130200989855,SPY,youtube,58,3
2023-12-02,lmao Tesla bagholders in shambles,negative,-0.5136346167984538,TSLA,youtube,34,5
2023-06-25,"new to investing, is SPY good?",neutral,-0.10333150961095959,SPY,youtube,44,17
2024-11-24,META making me rich fr fr,positive,0.4210797488053141,META,youtube,46,5
2024-06-03,"AMC is trash, worst investment ever",negative,-0.7473477052826794,AMC,youtube,70,30
2023-07-05,waiting for Microsoft to dip more,neutral,-0.08538104057847318,MSFT,youtube,48,0
2023-10-22,should i buy TSLA or wait?,neutral,0.17648781149826298,TSLA,youtube,35,7
2024-04-07,my portfolio up 500% thanks to GameStop 😂,positive,0.3003836765163209,GME,youtube,33,0
2024-11-01,waiting for TSLA to dip more,neutral,0.028485329840998524,TSLA,youtube,146,1
2024-07-08,diamond hands 💎🙌 holding AAPL forever,positive,0.34379024376826167,AAPL,youtube,43,7
2023-09-29,who else is buying the dip? GameStop gang,positive,0.8875349833539665,GME,youtube,0,11
2024-10-09,told yall Microsoft was gonna pump,positive,0.4136002520982423,MSFT,youtube,12,11
2023-10-28,"new to investing, is Amazon good?",neutral,-0.01418461459023232,AMZN,youtube,12,14
2023-08-05,whats the PT for AMC?,neutral,-0.11233537850481393,AMC,youtube,19,15
2023-07-22,waiting for Microsoft to dip more,neutral,-0.14562080745111938,MSFT,youtube,87,0
2024-04-25,should i buy AMZN or wait?,neutral,0.1140968086745433,AMZN,youtube,139,5
2023-04-17,"never selling my GameStop shares, generational wealth",positive,0.7070560002052422,GME,youtube,4,1
2023-07-07,🚀🚀🚀 SPY to the moon!!!,positive,0.49092407759765233,SPY,youtube,85,1
2024-10-18,rip to everyone who bought AMC at the top,negative,-0.6109906065268847,AMC,youtube,23,1
2023-05-15,"new to investing, is Amazon good?",neutral,0.036978176316165706,AMZN,youtube,24,3
2023-01-17,anyone still holding TSLA?,neutral,0.12119680714686115,TSLA,youtube,5,5
2024-11-24,"this is gonna be huge, SPY will 10x easy",positive,0.8973121369586274,SPY,youtube,17,7
2023-08-29,rip to everyone who bought AMZN at the top,negative,-0.47452569551086254,AMZN,youtube,14,1
2024-01-09,"Tesla is trash, worst investment ever",negative,-0.824839443520521,TSLA,youtube,119,8
2023-11-30,what do yall think about AMC?,neutral,-0.19644647846846885,AMC,youtube,17,2
2024-08-17,who else got rekt by Tesla? 😭,negative,-0.35490307952802336,TSLA,youtube,9,4
2023-01-18,"never selling my NVDA shares, generational wealth",positive,0.3733637116328097,NVDA,youtube,6,0
2024-01-15,"never selling my GameStop shares, generational wealth",positive,0.42711534171845056,GME,youtube,7,1
2024-03-19,AAPL looking interesting ngl,neutral,-0.040536284992635174,AAPL,youtube,40,5
2024-08-22,paper hands saved me from AMC disaster,negative,-0.3222144345813085,AMC,youtube,66,0
2023-03-12,rip to everyone who bought META at the top,negative,-0.6731151975937321,META,youtube,7,6
2023-11-27,why did i buy META?? down so bad rn,negative,-0.8121744367991058,META,youtube,210,0
2024-06-29,🚀🚀🚀 GME to the moon!!!,positive,0.426361495579505,GME,youtube,37,2
2023-08-09,my portfolio up 500% thanks to Meta 😂,positive,0.7997410336947579,META,youtube,80,1
2023-02-07,"Apple scam, dont buy this garbage",negative,-0.558495125282156,AAPL,youtube,37,1
2024-07-09,apes together strong 🦍 GameStop,positive,0.5075834926842155,GME,youtube,35,5
2023-09-22,should i buy Apple or wait?,neutral,0.16759173020015944,AAPL,youtube,11,5
2024-02-24,what do yall think about AMC?,neutral,0.0733443179493451,AMC,youtube,40,5
2024-07-15,biggest regret buying AMC smh,negative,-0.32213120436907206,AMC,youtube,48,9
2024-02-07,who else got rekt by AMC? 😭,negative,-0.5866326082266323,AMC,youtube,96,1
2023-08-15,waiting for GOOGL to dip more,neutral,-0.12075651413137033,GOOGL,youtube,37,7
2024-02-22,lol bears are so wrong about MSFT,positive,0.855197842124759,MSFT,youtube,14,0
2023-10-11,"sold all my Amazon, this thing is done",negative,-0.8766397756263773,AMZN,youtube,68,0
2023-04-13,"MSFT going to zero, get out now",negative,-0.8578820331553718,MSFT,youtube,103,2
2024-07-24,lmao TSLA bagholders in shambles,negative,-0.6423943299775353,TSLA,youtube,13,14
2024-07-15,lol bears are so wrong about Meta,positive,0.7457119386686379,META,youtube,38,11
2023-05-07,anyone still holding AAPL?,neutral,-0.16530269095065897,AAPL,youtube,165,6
2024-09-23,lol bears are so wrong about AMC,positive,0.5012953235801934,AMC,youtube,15,4
2024-02-03,"new to investing, is Apple good?",neutral,0.03380860617527723,AAPL,youtube,133,7
2023-05-26,why did i buy TSLA?? down so bad rn,negative,-0.5728585690046554,TSLA,youtube,77,1
2023-08-04,rip to everyone who bought SPY at the top,negative,-0.8758807852452741,SPY,youtube,5,9
2023-02-16,paper hands saved me from NVDA disaster,negative,-0.6725479661706887,NVDA,youtube,7,5
2023-04-10,"sold all my NVDA, this thing is done",negative,-0.5440443178947736,NVDA,youtube,3,2
2023-09-25,just bought more SPY let's gooo,positive,0.5987628320373638,SPY,youtube,120,3
2024-04-06,just bought more SPY let's gooo,positive,0.592164427943549,SPY,youtube,1,15
2023-04-21,AMZN looking interesting ngl,neutral,0.19264426225697318,AMZN,youtube,66,5
2024-06-21,told yall META was gonna pump,positive,0.6442335290205456,META,youtube,8,8
2023-10-06,"this is gonna be huge, SPY will 10x easy",positive,0.43005462679319095,SPY,youtube,8,3
2023-06-19,biggest regret buying AMC smh,negative,-0.6486037888138614,AMC,youtube,10,1
2023-04-11,"SPY going to zero, get out now",negative,-0.7267023420482348,SPY,youtube,29,2
2024-05-30,"NVDA scam, dont buy this garbage",negative,-0.855829043079791,NVDA,youtube,4,1
2023-10-28,waiting for AMC to dip more,neutral,0.07195099488923529,AMC,youtube,39,1
2024-07-15,lol bears are so wrong about Apple,positive,0.7935216113480831,AAPL,youtube,91,0
2023-07-06,anyone still holding GME?,neutral,-0.010523547083719803,GME,youtube,17,1
2023-05-10,rip to everyone who bought GME at the top,negative,-0.773612641418678,GME,youtube,46,0
2023-07-30,Nvidia looking interesting ngl,neutral,0.037181709170961336,NVDA,youtube,49,2
2024-11-14,who else got rekt by SPY? 😭,negative,-0.31670609427915,SPY,youtube,30,6
2024-05-26,🚀🚀🚀 Amazon to the moon!!!,positive,0.40691785607287567,AMZN,youtube,24,2
2024-04-20,GME looking interesting ngl,neutral,-0.006381649615848334,GME,youtube,26,2
2024-01-25,Nvidia looking interesting ngl,neutral,-0.0786085207944724,NVDA,youtube,0,1
2023-10-07,why did i buy Amazon?? down so bad rn,negative,-0.833699189263386,AMZN,youtube,39,1
2023-02-02,"best stock ever, Microsoft is the future",positive,0.34285366265469447,MSFT,youtube,54,2
2023-03-30,lmao GME bagholders in shambles,negative,-0.4957496122446847,GME,youtube,6,5
2024-09-01,🚀🚀🚀 Apple to the moon!!!,positive,0.6126612085766971,AAPL,youtube,61,1
2023-05-14,"best stock ever, GOOGL is the future",positive,0.7120927295953776,GOOGL,youtube,65,4
2024-10-16,told yall NVDA was gonna pump,positive,0.606794726196676,NVDA,youtube,7,0
2023-08-03,"SPY going to zero, get out now",negative,-0.7514649626188147,SPY,youtube,70,8
2024-07-28,anyone still holding NVDA?,neutral,0.06711791712262793,NVDA,youtube,56,2
2023-02-12,"NVDA is trash, worst investment ever",negative,-0.6021813765202157,NVDA,youtube,0,2
2024-07-20,my portfolio up 500% thanks to GOOGL 😂,positive,0.7645029000137575,GOOGL,youtube,75,18
2023-07-04,told yall GME was gonna pump,positive,0.6518184847937716,GME,youtube,270,4
2024-11-06,what do yall think about META?,neutral,-0.061133264130282944,META,youtube,30,17
2023-03-31,🚀🚀🚀 META to the moon!!!,positive,0.31092318186191914,META,youtube,33,8
2024-08-31,"this is gonna be huge, Google will 10x easy",positive,0.686913184018276,GOOGL,youtube,64,4
2024-05-25,rip to everyone who bought MSFT at the top,negative,-0.5561190392075577,MSFT,youtube,83,5
2024-10-20,why did i buy AMC?? down so bad rn,negative,-0.3443955494380495,AMC,youtube,24,0
2023-03-02,"this is gonna be huge, GME will 10x easy",positive,0.6771792959417099,GME,youtube,214,2
2023-04-23,paper hands saved me from Nvidia disaster,negative,-0.5763393867072384,NVDA,youtube,0,0
2023-07-01,told yall Amazon was gonna pump,positive,0.6564813503842772,AMZN,youtube,131,18
2024-11-09,should i buy MSFT or wait?,neutral,0.13505479547314891,MSFT,youtube,82,10
2023-07-15,GME looking interesting ngl,neutral,-0.1022473014632646,GME,youtube,2,6
2023-02-27,"NVDA going to zero, get out now",negative,-0.64475070343649,NVDA,youtube,32,8
2023-11-18,"new to investing, is Microsoft good?",neutral,-0.08440362722322346,MSFT,youtube,89,0
2023-04-25,apes together strong 🦍 Apple,positive,0.6244873694894613,AAPL,youtube,11,14
2023-05-04,"this is gonna be huge, SPY will 10x easy",positive,0.5730195714731967,SPY,youtube,27,0
2023-10-24,🚀🚀🚀 GameStop to the moon!!!,positive,0.7153078401262454,GME,youtube,13,14
2024-08-22,told yall Tesla was gonna pump,positive,0.7005643378362019,TSLA,youtube,38,2
2024-11-17,what do yall think about NVDA?,neutral,-0.10190801670732848,NVDA,youtube,12,0
2023-03-08,anyone still holding AAPL?,neutral,-0.10996333416212792,AAPL,youtube,34,6
2024-10-03,"best stock ever, Tesla is the future",positive,0.3733269501512204,TSLA,youtube,32,5
2024-11-01,my portfolio up 500% thanks to META 😂,positive,0.6820325070818352,META,youtube,12,2
2024-09-03,who else got rekt by GOOGL? 😭,negative,-0.8881864128145494,GOOGL,youtube,62,0
2023-06-13,diamond hands 💎🙌 holding TSLA forever,positive,0.31327996533487085,TSLA,youtube,92,9
2024-05-12,my portfolio up 500% thanks to META 😂,positive,0.49454993738316905,META,youtube,7,0
2023-04-26,"this is gonna be huge, Meta will 10x easy",positive,0.8769473826233496,META,youtube,23,3
2023-03-29,diamond hands 💎🙌 holding Nvidia forever,positive,0.8895554832063528,NVDA,youtube,44,6
2023-06-24,lmao TSLA bagholders in shambles,negative,-0.48219242634283144,TSLA,youtube,15,2
2023-07-23,🚀🚀🚀 Tesla to the moon!!!,positive,0.45563041262294773,TSLA,youtube,104,9
2023-02-16,anyone still holding Google?,neutral,0.04307102459548956,GOOGL,youtube,31,22
2023-04-17,Amazon looking interesting ngl,neutral,-0.03804112142433422,AMZN,youtube,71,3
2024-03-18,"new to investing, is NVDA good?",neutral,-0.16181492852006865,NVDA,youtube,18,0
2023-12-10,whats the PT for AMZN?,neutral,0.020496527249047075,AMZN,youtube,45,12
2023-11-03,waiting for Microsoft to dip more,neutral,-0.05359384496324965,MSFT,youtube,82,4
2024-02-12,diamond hands 💎🙌 holding Nvidia forever,positive,0.6024449681040531,NVDA,youtube,46,20
2024-10-07,"never selling my Apple shares, generational wealth",positive,0.48219218744256065,AAPL,youtube,11,1
2024-06-24,who else got rekt by AMC? 😭,negative,-0.5323988821563124,AMC,youtube,12,4
2023-05-18,"Amazon going to zero, get out now",negative,-0.8503174351712726,AMZN,youtube,40,0
2023-03-02,AMZN making me rich fr fr,positive,0.3596769584713139,AMZN,youtube,0,2
2024-02-27,who else got rekt by Tesla? 😭,negative,-0.8470330842189544,TSLA,youtube,1,9
2023-08-30,should i buy NVDA or wait?,neutral,-0.1316378840222906,NVDA,youtube,24,8
2023-11-19,SPY looking interesting ngl,neutral,-0.14177289653899955,SPY,youtube,112,3
2024-10-24,rip to everyone who bought MSFT at the top,negative,-0.7983199746669363,MSFT,youtube,98,3
2023-11-24,"sold all my TSLA, this thing is done",negative,-0.8314061315285248,TSLA,youtube,74,1
2023-06-06,apes together strong 🦍 AMZN,positive,0.7898151055296542,AMZN,youtube,118,4
2024-07-25,told yall GameStop was gonna pump,positive,0.7024261370004454,GME,youtube,99,2
2024-11-22,"AMZN is trash, worst investment ever",negative,-0.41683272880295275,AMZN,youtube,55,21
2024-08-19,what do yall think about Amazon?,neutral,0.13408690424350755,AMZN,youtube,102,6
2024-02-14,"this is gonna be huge, AMZN will 10x easy",positive,0.6700379612252434,AMZN,youtube,147,5
2023-05-11,"new to investing, is GME good?",neutral,0.09942359426827069,GME,youtube,16,5
2024-10-12,whats the PT for NVDA?,neutral,-0.05536389343187614,NVDA,youtube,19,9
2023-11-19,just bought more Google let's gooo,positive,0.5270132544376125,GOOGL,youtube,120,13
2023-06-30,"best stock ever, MSFT is the future",positive,0.8651463269108879,MSFT,youtube,27,3
2023-12-07,"Amazon scam, dont buy this garbage",negative,-0.47906187570628944,AMZN,youtube,202,0
2024-10-10,rip to everyone who bought Apple at the top,negative,-0.5171342872776301,AAPL,youtube,13,10
2023-09-11,lol bears are so wrong about Meta,positive,0.6922320556559884,META,youtube,16,2
2024-08-01,lol bears are so wrong about Microsoft,positive,0.7078019839509135,MSFT,youtube,18,0
2023-02-13,whats the PT for SPY?,neutral,0.1934643216639943,SPY,youtube,34,3
2024-09-14,"GameStop going to zero, get out now",negative,-0.6249569681816828,GME,youtube,45,2
2024-08-23,just bought more META let's gooo,positive,0.8910203070035758,META,youtube,26,1
2024-01-27,MSFT looking interesting ngl,neutral,0.07974838272439078,MSFT,youtube,9,0
2023-04-27,just bought more Meta let's gooo,positive,0.5891665676356326,META,youtube,75,2
2024-03-16,should i buy Microsoft or wait?,neutral,0.14372423169310894,MSFT,youtube,66,26
2024-03-18,GameStop looking interesting ngl,neutral,0.07081372882348702,GME,youtube,226,2
2024-08-07,anyone still holding AMC?,neutral,-0.07906930669084261,AMC,youtube,15,7
2023-09-05,"new to investing, is META good?",neutral,-0.1273689966468043,META,youtube,36,0
2023-11-24,lmao SPY bagholders in shambles,negative,-0.6892754589681522,SPY,youtube,114,1
2023-07-09,why did i buy Apple?? down so bad rn,negative,-0.6213778078907753,AAPL,youtube,89,0
2024-10-14,"Meta going to zero, get out now",negative,-0.3724364152902544,META,youtube,18,3
2023-09-02,who else is buying the dip? Apple gang,positive,0.5453919022403007,AAPL,youtube,73,7
2023-01-07,biggest regret buying AMZN smh,negative,-0.32973491847099345,AMZN,youtube,47,8
2023-10-20,"Meta going to zero, get out now",negative,-0.6773330017340471,META,youtube,1,0
2023-02-13,who else got rekt by AMC? 😭,negative,-0.6342050768062091,AMC,youtube,15,3
2024-06-26,rip to everyone who bought MSFT at the top,negative,-0.5681772936062393,MSFT,youtube,11,10
2023-11-10,🚀🚀🚀 Tesla to the moon!!!,positive,0.34876831399241626,TSLA,youtube,40,7
2023-03-16,who else is buying the dip? SPY gang,positive,0.6148245247093596,SPY,youtube,5,7
2024-11-21,apes together strong 🦍 GOOGL,positive,0.32917648298116664,GOOGL,youtube,8,2
2023-07-08,whats the PT for GameStop?,neutral,-0.12290259711505264,GME,youtube,16,0
2023-05-22,"new to investing, is SPY good?",neutral,0.19780204168822352,SPY,youtube,23,2
2024-02-14,"AAPL going to zero, get out now",negative,-0.5737791482130494,AAPL,youtube,82,16
2023-10-29,who else got rekt by Tesla? 😭,negative,-0.715623814054624,TSLA,youtube,28,0
2023-09-29,"new to investing, is SPY good?",neutral,-0.06262228668239606,SPY,youtube,47,1
2024-08-28,"TSLA going to zero, get out now",negative,-0.5877921978770555,TSLA,youtube,40,0
2024-09-13,what do yall think about META?,neutral,0.07069467947195462,META,youtube,80,3
2023-10-04,"best stock ever, AAPL is the future",positive,0.5143625531976271,AAPL,youtube,129,1
2024-07-29,whats the PT for META?,neutral,-0.01708008080124085,META,youtube,237,1
2024-10-01,🚀🚀🚀 Google to the moon!!!,positive,0.8235673049265513,GOOGL,youtube,36,4
2023-05-06,whats the PT for AAPL?,neutral,-0.09005142876313875,AAPL,youtube,0,2
2023-02-21,whats the PT for Tesla?,neutral,0.0030240996442104096,TSLA,youtube,98,10
2024-05-19,paper hands saved me from AMC disaster,negative,-0.49221542700019616,AMC,youtube,15,0
2023-06-14,lmao NVDA bagholders in shambles,negative,-0.324148737359786,NVDA,youtube,105,4
2024-07-27,rip to everyone who bought SPY at the top,negative,-0.33422672715862856,SPY,youtube,38,1
2024-06-16,lmao Meta bagholders in shambles,negative,-0.4956972232998138,META,youtube,17,1
2024-05-10,paper hands saved me from Amazon disaster,negative,-0.7646676020378254,AMZN,youtube,41,1
2024-09-19,who else is buying the dip? Microsoft gang,positive,0.7968329837815638,MSFT,youtube,5,0
2023-01-28,"never selling my Meta shares, generational wealth",positive,0.6540560396928047,META,youtube,17,6
2024-07-14,diamond hands 💎🙌 holding Amazon forever,positive,0.5011487014201987,AMZN,youtube,24,0
2023-06-26,biggest regret buying AMC smh,negative,-0.36569850759125244,AMC,youtube,29,5
2023-07-06,diamond hands 💎🙌 holding SPY forever,positive,0.7209596099397582,SPY,youtube,41,10
2023-08-13,lmao Amazon bagholders in shambles,negative,-0.7521772001114236,AMZN,youtube,77,2
2024-07-15,anyone still holding AMC?,neutral,0.0374783915263423,AMC,youtube,21,11
2023-12-14,"sold all my META, this thing is done",negative,-0.5975771954227456,META,youtube,92,1
2024-04-08,"sold all my TSLA, this thing is done",negative,-0.48587353398031924,TSLA,youtube,56,2
2023-10-09,"never selling my AAPL shares, generational wealth",positive,0.3132839718203228,AAPL,youtube,24,6
2024-01-31,anyone still holding GOOGL?,neutral,0.12895643717851296,GOOGL,youtube,1,8
2023-08-08,diamond hands 💎🙌 holding GameStop forever,positive,0.3442147514222608,GME,youtube,101,1
2023-12-18,told yall GameStop was gonna pump,positive,0.6387428751642669,GME,youtube,3,0
2024-01-31,"GameStop is trash, worst investment ever",negative,-0.5482675730836528,GME,youtube,7,0
2024-11-18,apes together strong 🦍 Tesla,positive,0.6910646872914621,TSLA,youtube,39,1
2023-04-24,lmao META bagholders in shambles,negative,-0.3343167072062264,META,youtube,46,2
2023-07-04,lol bears are so wrong about GOOGL,positive,0.7018613414337608,GOOGL,youtube,35,6
2023-10-04,"idk about Meta tbh, mixed signals",neutral,-0.17372766573695309,META,youtube,0,1
2024-10-26,"never selling my MSFT shares, generational wealth",positive,0.55962294877593,MSFT,youtube,119,2
2023-10-04,anyone still holding Microsoft?,neutral,0.17740141425329564,MSFT,youtube,58,2
2023-08-27,who else is buying the dip? Apple gang,positive,0.42065009304362755,AAPL,youtube,64,10
2024-05-06,"idk about SPY tbh, mixed signals",neutral,-0.023542560252369393,SPY,youtube,42,0
2023-04-21,whats the PT for Microsoft?,neutral,-0.031207133557371536,MSFT,youtube,109,9
2023-12-05,"GameStop is trash, worst investment ever",negative,-0.5980771979550217,GME,youtube,5,2
2023-05-02,whats the PT for AAPL?,neutral,0.14502273300954033,AAPL,youtube,46,42
2023-12-20,who else got rekt by SPY? 😭,negative,-0.8022920548325432,SPY,youtube,50,9
2023-01-21,told yall Meta was gonna pump,positive,0.7446642249778086,META,youtube,38,3
2023-03-13,"Amazon going to zero, get out now",negative,-0.4239931032834144,AMZN,youtube,96,14
2023-08-07,rip to everyone who bought MSFT at the top,negative,-0.660822623013555,MSFT,youtube,41,0
2023-01-16,should i buy MSFT or wait?,neutral,-0.09956839038826187,MSFT,youtube,41,0
2024-03-24,"this is gonna be huge, MSFT will 10x easy",positive,0.4539760823491367,MSFT,youtube,11,0
2023-01-24,"this is gonna be huge, Google will 10x easy",positive,0.4591960004056108,GOOGL,youtube,35,6
2024-02-19,told yall GME was gonna pump,positive,0.7187856284039523,GME,youtube,4,7
2023-01-10,my portfolio up 500% thanks to SPY 😂,positive,0.488404755164107,SPY,youtube,22,5
2023-08-13,anyone still holding SPY?,neutral,0.09110228693143385,SPY,youtube,82,2
2023-11-07,rip to everyone who bought Nvidia at the top,negative,-0.373293509714985,NVDA,youtube,1,0
2024-07-31,"AMC scam, dont buy this garbage",negative,-0.4864353705230313,AMC,youtube,29,2
2024-03-05,paper hands saved me from AMZN disaster,negative,-0.5218295763021941,AMZN,youtube,67,0
2024-03-17,"this is gonna be huge, TSLA will 10x easy",positive,0.8193825523689062,TSLA,youtube,0,0
2023-06-09,lol bears are so wrong about GameStop,positive,0.4158072803915355,GME,youtube,1,4
2024-07-09,🚀🚀🚀 META to the moon!!!,positive,0.5253519725788864,META,youtube,1,13
2024-02-25,lmao Tesla bagholders in shambles,negative,-0.7918234288282693,TSLA,youtube,107,4
2024-02-06,Google looking interesting ngl,neutral,-0.15233718178381409,GOOGL,youtube,40,0
2024-09-21,who else got rekt by META? 😭,negative,-0.5365948666960967,META,youtube,53,3
2023-07-18,apes together strong 🦍 Amazon,positive,0.4820905251309365,AMZN,youtube,1,3
2024-04-18,told yall META was gonna pump,positive,0.3978726695202681,META,youtube,107,0
2024-08-20,lmao Microsoft bagholders in shambles,negative,-0.5651151039582346,MSFT,youtube,127,2
2023-01-10,should i buy AMZN or wait?,neutral,-0.1771281381878934,AMZN,youtube,1,3
2023-04-13,rip to everyone who bought SPY at the top,negative,-0.514692352829811,SPY,youtube,62,6
2024-08-11,"SPY is trash, worst investment ever",negative,-0.8826043530006121,SPY,youtube,54,2
2023-10-31,apes together strong 🦍 Apple,positive,0.7739889295876052,AAPL,youtube,60,37
2024-07-02,waiting for SPY to dip more,neutral,-0.17614498156796393,SPY,youtube,61,9
2023-05-22,should i buy AMC or wait?,neutral,0.0971512302873403,AMC,youtube,14,4
2023-03-18,"best stock ever, GameStop is the future",positive,0.7088442360230627,GME,youtube,20,0
2024-07-15,why did i buy GOOGL?? down so bad rn,negative,-0.8715900136038963,GOOGL,youtube,24,2
2023-07-27,Meta looking interesting ngl,neutral,0.0997161442197001,META,youtube,15,7
2023-03-07,who else got rekt by NVDA? 😭,negative,-0.8002708188778556,NVDA,youtube,4,0
2023-05-04,what do yall think about Amazon?,neutral,0.020712891357641455,AMZN,youtube,16,1
2024-07-01,told yall GameStop was gonna pump,positive,0.8349483347748659,GME,youtube,46,0
2023-12-27,just bought more GOOGL let's gooo,positive,0.5604458365181517,GOOGL,youtube,79,7
2023-08-29,told yall GOOGL was gonna pump,positive,0.37183650839993626,GOOGL,youtube,2,3
2023-10-09,who else got rekt by Google? 😭,negative,-0.7243263419079333,GOOGL,youtube,90,5
2023-11-12,"GameStop going to zero, get out now",negative,-0.32448390812488703,GME,youtube,10,11
2023-08-20,"this is gonna be huge, META will 10x easy",positive,0.5538314365752088,META,youtube,5,3
2024-11-15,told yall AMZN was gonna pump,positive,0.7758074392616392,AMZN,youtube,26,7
2023-05-01,whats the PT for Amazon?,neutral,-0.13765585296516916,AMZN,youtube,15,8
2024-08-27,"this is gonna be huge, META will 10x easy",positive,0.6102088343320295,META,youtube,51,12
2024-07-12,anyone still holding SPY?,neutral,0.174301188588614,SPY,youtube,34,5
2024-11-13,"new to investing, is AMC good?",neutral,0.054656414143491205,AMC,youtube,13,0
2024-10-25,"this is gonna be huge, Microsoft will 10x easy",positive,0.8725422189927792,MSFT,youtube,33,2
2023-06-11,paper hands saved me from Amazon disaster,negative,-0.7935162352155105,AMZN,youtube,94,12
2024-03-23,biggest regret buying AAPL smh,negative,-0.8476655166949664,AAPL,youtube,62,30
2023-07-21,"best stock ever, AAPL is the future",positive,0.5355025903774864,AAPL,youtube,19,7
2024-02-04,waiting for AMC to dip more,neutral,0.18527415581195605,AMC,youtube,50,20
2023-02-17,Tesla looking interesting ngl,neutral,-0.1695642514601695,TSLA,youtube,20,2
2023-05-12,why did i buy SPY?? down so bad rn,negative,-0.8026315054115858,SPY,youtube,91,0
2023-02-05,my portfolio up 500% thanks to META 😂,positive,0.544520628092187,META,youtube,23,1
2024-10-13,what do yall think about Meta?,neutral,0.02135697609190551,META,youtube,186,3
2023-01-06,🚀🚀🚀 META to the moon!!!,positive,0.41442960613787694,META,youtube,37,9
2023-02-07,told yall Meta was gonna pump,positive,0.5591117194428221,META,youtube,1,0
2023-02-11,lol bears are so wrong about META,positive,0.8002855853237172,META,youtube,12,4
2024-10-25,"best stock ever, SPY is the future",positive,0.701796696979726,SPY,youtube,24,7
2023-12-01,paper hands saved me from AMC disaster,negative,-0.524829749472241,AMC,youtube,109,0
2024-05-09,🚀🚀🚀 Apple to the moon!!!,positive,0.8058659739458416,AAPL,youtube,30,0
2024-04-25,why did i buy AMZN?? down so bad rn,negative,-0.5253597075167021,AMZN,youtube,92,6
2024-04-24,Apple looking interesting ngl,neutral,0.07734504606988407,AAPL,youtube,0,9
2023-06-25,anyone still holding Microsoft?,neutral,0.13165281185935923,MSFT,youtube,114,0
2023-09-01,"idk about TSLA tbh, mixed signals",neutral,-0.1422304337960894,TSLA,youtube,27,2
2023-10-16,"idk about META tbh, mixed signals",neutral,-0.004858599053475132,META,youtube,34,7
2024-10-01,rip to everyone who bought SPY at the top,negative,-0.6379760485863046,SPY,youtube,37,2
2023-12-05,GameStop making me rich fr fr,positive,0.8297714735084984,GME,youtube,21,0
2024-05-11,biggest regret buying Tesla smh,negative,-0.6865875660633753,TSLA,youtube,12,6
2024-05-12,should i buy GameStop or wait?,neutral,-0.13451613899637987,GME,youtube,16,4
2024-08-06,whats the PT for AMZN?,neutral,-0.1732104935505704,AMZN,youtube,3,7
2024-04-06,my portfolio up 500% thanks to Google 😂,positive,0.839244327051587,GOOGL,youtube,43,5
2023-12-15,whats the PT for MSFT?,neutral,-0.06369460426044513,MSFT,youtube,149,0
2024-02-27,my portfolio up 500% thanks to Apple 😂,positive,0.44275449734699013,AAPL,youtube,32,10
2023-04-14,Google making me rich fr fr,positive,0.8517730215846053,GOOGL,youtube,23,1
2024-04-09,"new to investing, is TSLA good?",neutral,0.1883761134691807,TSLA,youtube,120,7
2023-08-14,biggest regret buying SPY smh,negative,-0.5317761108902539,SPY,youtube,106,2
2023-09-06,told yall GME was gonna pump,positive,0.5932792452247446,GME,youtube,4,1
2023-03-13,told yall TSLA was gonna pump,positive,0.49826841239901654,TSLA,youtube,58,3
2023-09-21,told yall META was gonna pump,positive,0.7509784761403604,META,youtube,10,1
2023-03-08,rip to everyone who bought MSFT at the top,negative,-0.7590958370786488,MSFT,youtube,139,5
2023-09-24,should i buy Meta or wait?,neutral,-0.10743495112914055,META,youtube,10,1
2024-10-29,what do yall think about Apple?,neutral,0.05585777677434811,AAPL,youtube,2,2
2024-03-31,"AMC is trash, worst investment ever",negative,-0.3051509722777179,AMC,youtube,22,9
2024-02-03,lmao TSLA bagholders in shambles,negative,-0.7625849524249186,TSLA,youtube,37,3
2023-05-10,"never selling my GOOGL shares, generational wealth",positive,0.773264541825258,GOOGL,youtube,11,0
2023-02-15,paper hands saved me from Microsoft disaster,negative,-0.5791091010341135,MSFT,youtube,59,4
2023-01-22,paper hands saved me from AMC disaster,negative,-0.4523439226834639,AMC,youtube,13,0
2024-04-07,waiting for AAPL to dip more,neutral,-0.0422636827622708,AAPL,youtube,3,2
2023-02-13,"idk about META tbh, mixed signals",neutral,-0.08190870017781449,META,youtube,11,1
2024-07-11,paper hands saved me from Microsoft disaster,negative,-0.7717722150884526,MSFT,youtube,6,1
2024-05-02,waiting for META to dip more,neutral,-0.018730635242447058,META,youtube,105,1
2023-11-30,🚀🚀🚀 NVDA to the moon!!!,positive,0.36000742821393417,NVDA,youtube,34,1
2023-11-06,what do yall think about AMC?,neutral,-0.1174453031007277,AMC,youtube,205,3
2024-01-21,lmao Meta bagholders in shambles,negative,-0.8332700549986708,META,youtube,47,6
2023-05-10,"AMC is trash, worst investment ever",negative,-0.6447509037357022,AMC,youtube,68,1
2024-03-31,Tesla making me rich fr fr,positive,0.3674642470217914,TSLA,youtube,76,5
2023-02-26,paper hands saved me from Meta disaster,negative,-0.3075932999093308,META,youtube,15,2
2023-07-21,what do yall think about AMZN?,neutral,0.015246050197808614,AMZN,youtube,28,2
2023-04-22,should i buy NVDA or wait?,neutral,-0.003907967415225894,NVDA,youtube,19,4
2023-02-23,GOOGL looking interesting ngl,neutral,-0.0006514218196322363,GOOGL,youtube,189,5
2023-01-01,lmao Nvidia bagholders in shambles,negative,-0.5199417959329069,NVDA,youtube,69,3
2024-09-18,"AAPL going to zero, get out now",negative,-0.7772937776664272,AAPL,youtube,82,8
2024-03-24,"never selling my AAPL shares, generational wealth",positive,0.5408204914302954,AAPL,youtube,74,1
2023-06-22,anyone still holding Meta?,neutral,-0.18318543912383173,META,youtube,17,4
2023-03-21,what do yall think about GOOGL?,neutral,0.07795483432291206,GOOGL,youtube,1,4
2024-03-21,"this is gonna be huge, AMC will 10x easy",positive,0.5351363525615481,AMC,youtube,85,12
2024-01-08,anyone still holding Tesla?,neutral,-0.07912579600023327,TSLA,youtube,0,1
2024-06-08,"Meta scam, dont buy this garbage",negative,-0.308517646365847,META,youtube,132,0
2023-03-17,"this is gonna be huge, AAPL will 10x easy",positive,0.6297320239718387,AAPL,youtube,52,1
2023-10-04,who else got rekt by MSFT? 😭,negative,-0.8268965331873067,MSFT,youtube,17,0
2023-09-19,"GME scam, dont buy this garbage",negative,-0.33695023462556273,GME,youtube,2,4
2023-10-29,"sold all my Amazon, this thing is done",negative,-0.7603750797666771,AMZN,youtube,45,3
2023-10-26,🚀🚀🚀 SPY to the moon!!!,positive,0.7546872191352696,SPY,youtube,25,0
2023-03-25,what do yall think about AMC?,neutral,0.01509302831328041,AMC,youtube,64,2
2024-09-17,GME making me rich fr fr,positive,0.41034627907407895,GME,youtube,22,1
2023-04-21,whats the PT for SPY?,neutral,0.17967355378910732,SPY,youtube,54,3
2024-08-13,"idk about Nvidia tbh, mixed signals",neutral,0.13472995776119934,NVDA,youtube,1,3
2024-09-08,what do yall think about Nvidia?,neutral,0.06615108366060307,NVDA,youtube,90,5
2023-01-17,"this is gonna be huge, Meta will 10x easy",positive,0.8329165355088957,META,youtube,17,4
2024-10-01,"best stock ever, AMZN is the future",positive,0.8378339328516158,AMZN,youtube,14,2
2023-07-20,🚀🚀🚀 GME to the moon!!!,positive,0.730748641033643,GME,youtube,5,1
2024-03-30,"Tesla is trash, worst investment ever",negative,-0.8323576270819822,TSLA,youtube,24,5
2023-03-22,paper hands saved me from SPY disaster,negative,-0.42654590904215195,SPY,youtube,105,3
2024-03-18,Nvidia making me rich fr fr,positive,0.7866096661575936,NVDA,youtube,102,5
2023-09-19,diamond hands 💎🙌 holding SPY forever,positive,0.5963849929831596,SPY,youtube,30,2
2023-04-01,"never selling my AMC shares, generational wealth",positive,0.8762623823631344,AMC,youtube,43,6
2024-03-22,diamond hands 💎🙌 holding Apple forever,positive,0.8395672755218,AAPL,youtube,62,13
2024-04-30,"this is gonna be huge, AMC will 10x easy",positive,0.4231682139718204,AMC,youtube,98,0
2024-07-04,GOOGL looking interesting ngl,neutral,-0.08091206077659324,GOOGL,youtube,10,0
2024-07-02,GME looking interesting ngl,neutral,-0.019050329190679754,GME,youtube,111,5
2024-06-08,who else is buying the dip? Nvidia gang,positive,0.8648554030907278,NVDA,youtube,19,2
2023-02-18,apes together strong 🦍 SPY,positive,0.32483051741983276,SPY,youtube,37,4
2024-04-26,"GME is trash, worst investment ever",negative,-0.8052321765469391,GME,youtube,17,9
2023-12-30,why did i buy Nvidia?? down so bad rn,negative,-0.33812616578693677,NVDA,youtube,44,1
2023-09-18,"TSLA scam, dont buy this garbage",negative,-0.31569584101487114,TSLA,youtube,103,2
2024-06-07,"never selling my Microsoft shares, generational wealth",positive,0.39793325156675924,MSFT,youtube,119,0
2024-02-05,told yall GOOGL was gonna pump,positive,0.6772019560189759,GOOGL,youtube,24,1
2023-11-15,🚀🚀🚀 TSLA to the moon!!!,positive,0.5961101920348635,TSLA,youtube,35,13
2023-05-05,my portfolio up 500% thanks to AMZN 😂,positive,0.8126537761965711,AMZN,youtube,66,2
2024-06-13,"never selling my AMC shares, generational wealth",positive,0.32463982424796695,AMC,youtube,15,1
2023-10-16,🚀🚀🚀 META to the moon!!!,positive,0.6754616490491754,META,youtube,157,3
2023-09-19,diamond hands 💎🙌 holding Microsoft forever,positive,0.36285495572309884,MSFT,youtube,15,4
2024-11-21,what do yall think about AMZN?,neutral,0.04783484008907521,AMZN,youtube,13,2
2023-10-18,lol bears are so wrong about AMC,positive,0.4726479075308389,AMC,youtube,19,2
2024-10-18,"never selling my SPY shares, generational wealth",positive,0.5962145129816101,SPY,youtube,26,0
2023-01-28,diamond hands 💎🙌 holding TSLA forever,positive,0.6395969029615152,TSLA,youtube,28,1
2024-03-29,biggest regret buying Tesla smh,negative,-0.7309701148000735,TSLA,youtube,13,5
2023-05-01,"sold all my AMZN, this thing is done",negative,-0.3310532785665188,AMZN,youtube,145,0
2024-01-21,diamond hands 💎🙌 holding AMC forever,positive,0.6226624666767657,AMC,youtube,42,1
2023-08-02,"sold all my Apple, this thing is done",negative,-0.439066397198111,AAPL,youtube,107,0
2023-11-24,"idk about SPY tbh, mixed signals",neutral,-0.03891948550721444,SPY,youtube,31,9
2024-11-19,🚀🚀🚀 AMZN to the moon!!!,positive,0.6944828213136922,AMZN,youtube,156,6
2024-02-02,"MSFT scam, dont buy this garbage",negative,-0.3119997506404011,MSFT,youtube,36,0
2023-05-09,biggest regret buying META smh,negative,-0.835990561510959,META,youtube,63,6
2023-03-07,what do yall think about GOOGL?,neutral,0.1840130150327985,GOOGL,youtube,1,18
2024-05-14,just bought more Microsoft let's gooo,positive,0.3486506047597719,MSFT,youtube,97,4
2024-07-26,paper hands saved me from Apple disaster,negative,-0.306047105235036,AAPL,youtube,89,4
2023-11-08,"best stock ever, SPY is the future",positive,0.5937237252564926,SPY,youtube,0,5
2024-01-24,paper hands saved me from Nvidia disaster,negative,-0.45254920200943377,NVDA,youtube,14,16
2023-07-27,my portfolio up 500% thanks to Apple 😂,positive,0.8227523434921165,AAPL,youtube,179,2
2023-09-12,who else is buying the dip? AMC gang,positive,0.3657587222010762,AMC,youtube,8,6
2024-03-17,apes together strong 🦍 GOOGL,positive,0.7172718740330932,GOOGL,youtube,37,4
2024-06-20,what do yall think about AMZN?,neutral,0.09000272977892487,AMZN,youtube,219,2
2024-07-07,"new to investing, is SPY good?",neutral,-0.1488868181704627,SPY,youtube,28,4
2024-11-24,"Meta is trash, worst investment ever",negative,-0.7780262667384263,META,youtube,19,1
2023-11-11,just bought more AMZN let's gooo,positive,0.8292512873229412,AMZN,youtube,51,2
2024-10-06,SPY looking interesting ngl,neutral,0.0226782683283413,SPY,youtube,234,7
2023-06-09,"idk about MSFT tbh, mixed signals",neutral,-0.007115087297516226,MSFT,youtube,150,8
2023-12-31,waiting for NVDA to dip more,neutral,-0.04282507798887733,NVDA,youtube,16,0
2023-01-29,paper hands saved me from GME disaster,negative,-0.5127189446890994,GME,youtube,54,2
2023-08-22,should i buy GME or wait?,neutral,-0.1814204730856954,GME,youtube,13,2
2024-04-09,what do yall think about GOOGL?,neutral,-0.012178114402586815,GOOGL,youtube,17,1
2024-11-22,what do yall think about Nvidia?,neutral,-0.19436543513485202,NVDA,youtube,35,3
2024-10-24,waiting for SPY to dip more,neutral,0.08716852935708769,SPY,youtube,133,11
2024-05-01,apes together strong 🦍 SPY,positive,0.5861432553193651,SPY,youtube,8,2
2024-01-27,should i buy Nvidia or wait?,neutral,-0.12303558484514428,NVDA,youtube,7,9
2024-09-08,what do yall think about Microsoft?,neutral,-0.058131669355875826,MSFT,youtube,8,1
2023-05-14,NVDA looking interesting ngl,neutral,0.03380241439332568,NVDA,youtube,28,7
2024-10-12,lmao SPY bagholders in shambles,negative,-0.5389979869418436,SPY,youtube,89,3
2023-03-13,should i buy AMZN or wait?,neutral,0.12057730749124568,AMZN,youtube,95,14
2023-01-17,waiting for Google to dip more,neutral,0.08366286628058572,GOOGL,youtube,8,9
2024-07-02,AMC looking interesting ngl,neutral,0.11668715262541135,AMC,youtube,15,0
2024-04-24,told yall AMC was gonna pump,positive,0.6874111951045445,AMC,youtube,256,3
2023-05-23,Meta looking interesting ngl,neutral,-0.1405244510420079,META,youtube,6,4
2024-05-08,my portfolio up 500% thanks to NVDA 😂,positive,0.8618678536870545,NVDA,youtube,20,17
2023-12-09,my portfolio up 500% thanks to GameStop 😂,positive,0.8346700046720257,GME,youtube,7,6
2023-07-28,whats the PT for GameStop?,neutral,0.07943210858111605,GME,youtube,9,2
2023-01-03,just bought more SPY let's gooo,positive,0.445392138822435,SPY,youtube,86,0
2023-07-20,🚀🚀🚀 Google to the moon!!!,positive,0.5002721128475605,GOOGL,youtube,40,0
2023-10-01,should i buy Nvidia or wait?,neutral,0.15157956103815817,NVDA,youtube,46,1
2023-01-15,my portfolio up 500% thanks to Microsoft 😂,positive,0.889157234610106,MSFT,youtube,55,5
2024-08-16,"never selling my Amazon shares, generational wealth",positive,0.5339368585277999,AMZN,youtube,2,27
2023-06-28,"new to investing, is AMC good?",neutral,-0.07238238745853495,AMC,youtube,28,7
2024-06-30,what do yall think about SPY?,neutral,0.04131747241946582,SPY,youtube,155,4
2023-01-25,biggest regret buying Tesla smh,negative,-0.40481091418179405,TSLA,youtube,134,1
2023-12-31,should i buy GameStop or wait?,neutral,-0.11521636389681059,GME,youtube,47,11
2024-07-14,whats the PT for Tesla?,neutral,-0.01448501769785876,TSLA,youtube,193,7
2024-06-27,waiting for SPY to dip more,neutral,-0.07185521180307752,SPY,youtube,19,1
2023-08-10,anyone still holding META?,neutral,0.06948578553240609,META,youtube,49,2
2023-11-10,"never selling my Meta shares, generational wealth",positive,0.8295709651309047,META,youtube,8,2
2024-01-03,paper hands saved me from NVDA disaster,negative,-0.383133039260527,NVDA,youtube,10,3
2023-02-05,why did i buy Nvidia?? down so bad rn,negative,-0.6026013706218485,NVDA,youtube,79,1
2024-07-20,my portfolio up 500% thanks to Meta 😂,positive,0.843592743755349,META,youtube,29,9
2023-05-09,what do yall think about AMC?,neutral,-0.12522586198332944,AMC,youtube,130,0
2024-05-18,lmao Amazon bagholders in shambles,negative,-0.6931961153924713,AMZN,youtube,9,0
2024-01-05,who else got rekt by TSLA? 😭,negative,-0.4518152371879377,TSLA,youtube,69,0
2023-06-12,🚀🚀🚀 Microsoft to the moon!!!,positive,0.34802479445486434,MSFT,youtube,159,3
2023-09-12,SPY looking interesting ngl,neutral,-0.037279088546247646,SPY,youtube,92,2
2023-06-20,"never selling my Tesla shares, generational wealth",positive,0.5151873590409148,TSLA,youtube,24,5
2024-08-18,"best stock ever, AAPL is the future",positive,0.4076967763455889,AAPL,youtube,70,2
2024-07-06,biggest regret buying AAPL smh,negative,-0.6706615751894972,AAPL,youtube,37,14
2024-05-04,told yall AMZN was gonna pump,positive,0.5741012581877345,AMZN,youtube,66,4
2023-02-11,apes together strong 🦍 MSFT,positive,0.5070944784815881,MSFT,youtube,18,4
2024-10-22,lol bears are so wrong about GameStop,positive,0.37369592554483755,GME,youtube,119,2
2023-04-14,diamond hands 💎🙌 holding Google forever,positive,0.30592997266527683,GOOGL,youtube,105,11
2023-10-08,just bought more Apple let's gooo,positive,0.45964758617983087,AAPL,youtube,19,5
2023-01-01,anyone still holding TSLA?,neutral,-0.050698016393409845,TSLA,youtube,156,7
2023-05-30,"Google scam, dont buy this garbage",negative,-0.6003716726075251,GOOGL,youtube,36,5
2023-02-26,apes together strong 🦍 Apple,positive,0.6223220919546499,AAPL,youtube,17,6
2024-02-10,SPY looking interesting ngl,neutral,0.03638202637618945,SPY,youtube,60,5
2024-08-24,diamond hands 💎🙌 holding SPY forever,positive,0.3425480839080406,SPY,youtube,58,0
2024-06-14,Google looking interesting ngl,neutral,-0.020999890990538173,GOOGL,youtube,26,9
2023-12-20,diamond hands 💎🙌 holding SPY forever,positive,0.7311199757820219,SPY,youtube,51,1
2023-01-05,"this is gonna be huge, Nvidia will 10x easy",positive,0.32593196235297434,NVDA,youtube,23,2
2024-01-18,"new to investing, is Nvidia good?",neutral,-0.00740252858024229,NVDA,youtube,69,2
2024-08-02,just bought more SPY let's gooo,positive,0.5267928697259769,SPY,youtube,92,4
2024-07-03,whats the PT for SPY?,neutral,0.017063712854627072,SPY,youtube,2,2
2024-06-07,apes together strong 🦍 GOOGL,positive,0.8797657511384376,GOOGL,youtube,11,0
2024-03-01,biggest regret buying AMC smh,negative,-0.6629250691352596,AMC,youtube,28,2
2023-03-16,TSLA making me rich fr fr,positive,0.8318616332132345,TSLA,youtube,80,3
2024-09-17,diamond hands 💎🙌 holding GOOGL forever,positive,0.5214088196075672,GOOGL,youtube,42,0
2023-06-08,"TSLA scam, dont buy this garbage",negative,-0.6358122145488566,TSLA,youtube,30,4
2023-09-07,"best stock ever, MSFT is the future",positive,0.8547605942530276,MSFT,youtube,6,0
2023-09-29,diamond hands 💎🙌 holding Microsoft forever,positive,0.6271144974541779,MSFT,youtube,57,0
2023-09-03,whats the PT for AMC?,neutral,-0.1608021031881148,AMC,youtube,90,4
2023-12-08,who else is buying the dip? NVDA gang,positive,0.5295846930393429,NVDA,youtube,27,1
2024-08-21,"never selling my SPY shares, generational wealth",positive,0.6908856527574421,SPY,youtube,33,0
2023-05-13,told yall SPY was gonna pump,positive,0.3780041731396619,SPY,youtube,64,0
2024-10-16,"SPY scam, dont buy this garbage",negative,-0.7840773090708892,SPY,youtube,116,11
2024-02-20,who else got rekt by TSLA? 😭,negative,-0.8748371914184597,TSLA,youtube,65,15
2024-09-13,told yall TSLA was gonna pump,positive,0.36338570932214515,TSLA,youtube,64,0
2024-03-29,"Meta scam, dont buy this garbage",negative,-0.40248253251785077,META,youtube,46,0
2023-04-17,"AAPL going to zero, get out now",negative,-0.3884861959069418,AAPL,youtube,151,20
2024-05-23,why did i buy NVDA?? down so bad rn,negative,-0.8683299896905853,NVDA,youtube,51,7
2024-08-14,"NVDA scam, dont buy this garbage",negative,-0.4896118004638863,NVDA,youtube,12,4
2024-02-26,"never selling my Meta shares, generational wealth",positive,0.420710485299991,META,youtube,31,2
2023-06-03,why did i buy AMC?? down so bad rn,negative,-0.5564607276613867,AMC,youtube,55,1
2024-03-05,whats the PT for Nvidia?,neutral,-0.03075272098090784,NVDA,youtube,42,3
2024-06-25,AMC looking interesting ngl,neutral,-0.08274379589677179,AMC,youtube,33,0
2023-01-04,diamond hands 💎🙌 holding Apple forever,positive,0.7733220658908482,AAPL,youtube,21,8
2023-12-03,paper hands saved me from Microsoft disaster,negative,-0.7996817223191182,MSFT,youtube,45,9
2023-03-18,lol bears are so wrong about AAPL,positive,0.4520271569147709,AAPL,youtube,34,4
2023-12-27,paper hands saved me from GOOGL disaster,negative,-0.5608641712975015,GOOGL,youtube,36,0
2023-02-03,should i buy GME or wait?,neutral,0.1476188409907268,GME,youtube,49,11
2023-01-14,waiting for Apple to dip more,neutral,0.07208516176755303,AAPL,youtube,76,3
2023-04-14,whats the PT for Tesla?,neutral,0.047260916103822936,TSLA,youtube,25,13
2023-05-05,lmao GOOGL bagholders in shambles,negative,-0.46870857379588354,GOOGL,youtube,13,1
2024-03-07,rip to everyone who bought SPY at the top,negative,-0.46947788189242373,SPY,youtube,20,1
2023-03-06,my portfolio up 500% thanks to Microsoft 😂,positive,0.5889320382763561,MSFT,youtube,17,1
2023-08-13,why did i buy MSFT?? down so bad rn,negative,-0.5539261749016582,MSFT,youtube,64,2
2024-02-18,who else got rekt by Tesla? 😭,negative,-0.7826709609863387,TSLA,youtube,155,13
2023-08-30,"best stock ever, Microsoft is the future",positive,0.544940772493174,MSFT,youtube,13,4
2023-01-25,"idk about Microsoft tbh, mixed signals",neutral,0.1257694268316608,MSFT,youtube,80,3
2023-05-13,diamond hands 💎🙌 holding MSFT forever,positive,0.33155211612862623,MSFT,youtube,10,7
2024-07-12,just bought more META let's gooo,positive,0.5575302311041588,META,youtube,3,9
2024-11-15,biggest regret buying AMC smh,negative,-0.8333113035197346,AMC,youtube,82,4
2024-09-04,Meta making me rich fr fr,positive,0.5936118752445512,META,youtube,179,0
2023-09-30,whats the PT for GameStop?,neutral,-0.17509976402341831,GME,youtube,21,7
2023-01-19,just bought more Amazon let's gooo,positive,0.7079058397994712,AMZN,youtube,96,11
2023-09-08,biggest regret buying META smh,negative,-0.3176746463065441,META,youtube,52,11
2024-10-18,lmao NVDA bagholders in shambles,negative,-0.6598134604613322,NVDA,youtube,3,3
2023-06-12,"AMC scam, dont buy this garbage",negative,-0.6823079817172011,AMC,youtube,97,3
2023-09-13,who else got rekt by Meta? 😭,negative,-0.4764827634622462,META,youtube,9,0
2024-09-03,should i buy AAPL or wait?,neutral,0.03386404126870457,AAPL,youtube,33,3
2023-07-17,"new to investing, is Nvidia good?",neutral,0.1801341866673562,NVDA,youtube,57,5
2023-12-05,"idk about AMC tbh, mixed signals",neutral,0.007332314803932594,AMC,youtube,20,0
2023-09-09,rip to everyone who bought Amazon at the top,negative,-0.7761343847225586,AMZN,youtube,57,14
2024-10-16,who else got rekt by SPY? 😭,negative,-0.8270286081820543,SPY,youtube,39,4
2023-07-20,apes together strong 🦍 GOOGL,positive,0.8031015151941823,GOOGL,youtube,45,0
2023-12-30,told yall SPY was gonna pump,positive,0.8132086012101736,SPY,youtube,116,0
2024-05-24,who else is buying the dip? GameStop gang,positive,0.7613807058620243,GME,youtube,37,14
2024-10-03,AAPL making me rich fr fr,positive,0.7192923487465692,AAPL,youtube,27,11
2024-09-06,🚀🚀🚀 SPY to the moon!!!,positive,0.7962059289881542,SPY,youtube,24,10
2023-12-13,should i buy Apple or wait?,neutral,-0.0484994206237305,AAPL,youtube,63,0
2024-10-01,paper hands saved me from TSLA disaster,negative,-0.497807960501531,TSLA,youtube,8,2
2024-05-05,paper hands saved me from GOOGL disaster,negative,-0.41252642975813253,GOOGL,youtube,70,1
2023-03-15,who else is buying the dip? SPY gang,positive,0.6361155325405401,SPY,youtube,47,3
2024-01-27,"best stock ever, GOOGL is the future",positive,0.5085551293378577,GOOGL,youtube,3,2
2024-03-06,GME looking interesting ngl,neutral,-0.13196739469306787,GME,youtube,16,19
2024-02-24,"this is gonna be huge, Amazon will 10x easy",positive,0.3373345035913452,AMZN,youtube,54,14
2023-12-25,Tesla making me rich fr fr,positive,0.5929259869658952,TSLA,youtube,72,1
2023-12-03,biggest regret buying Tesla smh,negative,-0.3662456151798811,TSLA,youtube,27,12
2024-04-27,"this is gonna be huge, GME will 10x easy",positive,0.4415710735167161,GME,youtube,18,0
2024-10-03,just bought more AMC let's gooo,positive,0.5250247766969411,AMC,youtube,104,3
2024-05-04,Meta looking interesting ngl,neutral,-0.022687529429306574,META,youtube,10,0
2023-08-27,"new to investing, is AMZN good?",neutral,0.04027116918208207,AMZN,youtube,76,10
2023-08-24,Apple looking interesting ngl,neutral,0.19128946743254982,AAPL,youtube,32,4
2023-03-15,lol bears are so wrong about META,positive,0.6647277863241329,META,youtube,87,5
2024-05-29,"NVDA scam, dont buy this garbage",negative,-0.5269640308146708,NVDA,youtube,80,5
2023-09-27,anyone still holding AMC?,neutral,-0.1840289364779315,AMC,youtube,5,5
2024-08-14,"new to investing, is TSLA good?",neutral,-0.1358329178269563,TSLA,youtube,17,0
2023-04-24,who else is buying the dip? AAPL gang,positive,0.42551650057717233,AAPL,youtube,1,0
2024-03-11,"new to investing, is Meta good?",neutral,0.014422541730834931,META,youtube,11,4
2024-01-31,"META scam, dont buy this garbage",negative,-0.3665550499519682,META,youtube,100,2
2024-05-29,told yall AMC was gonna pump,positive,0.48024591527207816,AMC,youtube,5,19
2023-01-04,biggest regret buying Microsoft smh,negative,-0.49752168810625924,MSFT,youtube,61,6
2024-11-24,🚀🚀🚀 Google to the moon!!!,positive,0.7542742943863256,GOOGL,youtube,5,4
2024-09-25,"idk about SPY tbh, mixed signals",neutral,0.06456081324751323,SPY,youtube,90,1
2023-10-01,"idk about Microsoft tbh, mixed signals",neutral,-0.00659717016893388,MSFT,youtube,39,6
2024-03-06,what do yall think about Meta?,neutral,0.003907869399619596,META,youtube,63,0
2024-09-11,rip to everyone who bought AMC at the top,negative,-0.8453676898143213,AMC,youtube,52,0
2023-11-13,AMC looking interesting ngl,neutral,-0.18755656632503356,AMC,youtube,31,13
2024-09-24,waiting for Apple to dip more,neutral,-0.1859219991439289,AAPL,youtube,1,12
2023-02-03,"never selling my Microsoft shares, generational wealth",positive,0.6276547951778355,MSFT,youtube,3,0
2023-05-13,anyone still holding Google?,neutral,0.028099249978959795,GOOGL,youtube,86,3
2023-03-02,🚀🚀🚀 AMC to the moon!!!,positive,0.5746284308989396,AMC,youtube,48,6
2024-04-29,"Apple going to zero, get out now",negative,-0.8896434087016559,AAPL,youtube,161,0
2024-08-21,why did i buy TSLA?? down so bad rn,negative,-0.7196537351675867,TSLA,youtube,32,5
2023-04-19,"AMC is trash, worst investment ever",negative,-0.8171814508820181,AMC,youtube,50,2
2024-02-04,"never selling my Nvidia shares, generational wealth",positive,0.5735336544805446,NVDA,youtube,4,2
2023-12-06,my portfolio up 500% thanks to AMC 😂,positive,0.5561798365146056,AMC,youtube,14,0
2024-10-30,"this is gonna be huge, GME will 10x easy",positive,0.3720077733154684,GME,youtube,9,8
2024-06-06,"META is trash, worst investment ever",negative,-0.47697331690467926,META,youtube,26,8
2024-01-03,"new to investing, is META good?",neutral,-0.1755280476326374,META,youtube,222,15
2023-09-03,"AMZN going to zero, get out now",negative,-0.7242068776424362,AMZN,youtube,60,15
2024-11-19,"AMZN scam, dont buy this garbage",negative,-0.3408700308981444,AMZN,youtube,1,0
2024-07-05,anyone still holding Nvidia?,neutral,-0.01770903972790147,NVDA,youtube,77,2
2023-08-06,whats the PT for META?,neutral,0.09157320468721486,META,youtube,27,0
2023-12-18,waiting for SPY to dip more,neutral,0.15930906579702142,SPY,youtube,22,7
2024-10-07,biggest regret buying META smh,negative,-0.7569645346865941,META,youtube,25,5
2024-10-01,anyone still holding TSLA?,neutral,-0.07497010916885669,TSLA,youtube,32,1
2023-06-12,paper hands saved me from Microsoft disaster,negative,-0.7168414190355384,MSFT,youtube,18,1
2023-05-29,"this is gonna be huge, GameStop will 10x easy",positive,0.4183235383386005,GME,youtube,2,1
2023-08-05,"best stock ever, Google is the future",positive,0.4704172009216694,GOOGL,youtube,78,4
2024-11-09,what do yall think about Nvidia?,neutral,0.018917105738792683,NVDA,youtube,23,4
2024-06-02,"new to investing, is Apple good?",neutral,0.13300176001294178,AAPL,youtube,69,1
2023-02-24,diamond hands 💎🙌 holding Nvidia forever,positive,0.5662733030945435,NVDA,youtube,1,3
2024-09-09,should i buy AMZN or wait?,neutral,-0.1318673462520522,AMZN,youtube,42,8
2024-02-01,"sold all my GameStop, this thing is done",negative,-0.6612733323147029,GME,youtube,65,7
2023-02-12,anyone still holding MSFT?,neutral,-0.13257613117751127,MSFT,youtube,40,3
2024-09-02,told yall Meta was gonna pump,positive,0.42392878186133753,META,youtube,46,0
2023-08-02,anyone still holding META?,neutral,0.1541763394043172,META,youtube,5,2
2024-08-30,"sold all my GameStop, this thing is done",negative,-0.886168329932874,GME,youtube,24,3
2024-07-12,TSLA looking interesting ngl,neutral,0.10064822033792548,TSLA,youtube,50,0
2023-11-04,apes together strong 🦍 GME,positive,0.554542347177164,GME,youtube,37,2
2023-10-25,apes together strong 🦍 META,positive,0.40924050694457376,META,youtube,69,2
2024-01-01,who else is buying the dip? Google gang,positive,0.4558266624397981,GOOGL,youtube,48,1
2023-05-26,waiting for SPY to dip more,neutral,-0.08065854773884668,SPY,youtube,31,1
2023-07-24,"sold all my SPY, this thing is done",negative,-0.3749646214986343,SPY,youtube,22,3
2023-04-04,biggest regret buying SPY smh,negative,-0.846085249199972,SPY,youtube,2,7
2024-07-09,"best stock ever, AMZN is the future",positive,0.4694425973075186,AMZN,youtube,52,2
2024-08-01,paper hands saved me from META disaster,negative,-0.6008253220402299,META,youtube,7,0
2023-11-07,"sold all my GameStop, this thing is done",negative,-0.8821368555557209,GME,youtube,39,1
2023-05-24,should i buy GOOGL or wait?,neutral,-0.0036299624054677015,GOOGL,youtube,63,1
2024-09-30,lol bears are so wrong about SPY,positive,0.4580900262857418,SPY,youtube,63,4
2023-03-14,rip to everyone who bought Amazon at the top,negative,-0.48757416556327715,AMZN,youtube,28,5
2023-02-21,biggest regret buying Google smh,negative,-0.43137412735381914,GOOGL,youtube,8,1
2023-01-06,AAPL making me rich fr fr,positive,0.7911764646819694,AAPL,youtube,68,3
2024-07-14,🚀🚀🚀 TSLA to the moon!!!,positive,0.7769705596948063,TSLA,youtube,1,6
2024-09-06,SPY making me rich fr fr,positive,0.49473857055328585,SPY,youtube,90,5
2024-06-11,"best stock ever, Microsoft is the future",positive,0.5879738960779877,MSFT,youtube,7,1
2024-04-09,told yall META was gonna pump,positive,0.6005981019673174,META,youtube,12,7
2024-01-21,🚀🚀🚀 AMC to the moon!!!,positive,0.44109334200505024,AMC,youtube,105,7
2023-12-26,"AAPL scam, dont buy this garbage",negative,-0.8151845214683102,AAPL,youtube,8,19
2023-02-20,whats the PT for Tesla?,neutral,-0.020326092643211224,TSLA,youtube,74,5
2023-12-30,"this is gonna be huge, SPY will 10x easy",positive,0.8298346375395405,SPY,youtube,37,2
2024-11-18,who else is buying the dip? MSFT gang,positive,0.3459411850920697,MSFT,youtube,29,21
2023-01-18,"never selling my SPY shares, generational wealth",positive,0.8531272760216095,SPY,youtube,102,6
2024-09-11,"best stock ever, AMC is the future",positive,0.3885860955822953,AMC,youtube,3,7
2024-08-30,rip to everyone who bought Google at the top,negative,-0.5400952673141315,GOOGL,youtube,46,2
2024-10-13,"new to investing, is GameStop good?",neutral,0.06966721622266187,GME,youtube,7,1
2023-01-24,diamond hands 💎🙌 holding META forever,positive,0.57068393970063,META,youtube,202,0
2023-12-07,who else got rekt by GameStop? 😭,negative,-0.4223779440589414,GME,youtube,10,23
2023-03-14,AMC making me rich fr fr,positive,0.38744470552438665,AMC,youtube,3,3
2023-05-23,"sold all my Nvidia, this thing is done",negative,-0.8885241896257619,NVDA,youtube,11,0
2023-09-16,apes together strong 🦍 GameStop,positive,0.5055235377057646,GME,youtube,18,4
2024-08-18,"best stock ever, AAPL is the future",positive,0.6546930027736435,AAPL,youtube,34,2
2023-09-22,should i buy MSFT or wait?,neutral,-0.018369542275063294,MSFT,youtube,4,2
2023-01-15,my portfolio up 500% thanks to GOOGL 😂,positive,0.8531330913512745,GOOGL,youtube,36,3
2023-07-04,why did i buy Apple?? down so bad rn,negative,-0.3393745922157475,AAPL,youtube,47,5
2023-08-04,who else got rekt by Tesla? 😭,negative,-0.84649771368817,TSLA,youtube,25,0
2023-05-21,"sold all my AMZN, this thing is done",negative,-0.3352670189428256,AMZN,youtube,3,0
2023-03-12,Google making me rich fr fr,positive,0.3288152325599479,GOOGL,youtube,10,4
2024-10-05,should i buy TSLA or wait?,neutral,0.18216467763161182,TSLA,youtube,62,1
2023-10-02,lmao META bagholders in shambles,negative,-0.3627515651597881,META,youtube,148,2
2024-05-14,"Microsoft scam, dont buy this garbage",negative,-0.3039098869762503,MSFT,youtube,78,3
2023-05-14,"idk about TSLA tbh, mixed signals",neutral,-0.052560521925536424,TSLA,youtube,24,2
2023-06-28,apes together strong 🦍 Tesla,positive,0.5131413103983016,TSLA,youtube,37,6
2023-08-04,waiting for Google to dip more,neutral,-0.1646177037257854,GOOGL,youtube,54,11
2024-01-28,should i buy GameStop or wait?,neutral,0.16189104296917844,GME,youtube,43,0
2023-06-01,"SPY is trash, worst investment ever",negative,-0.8833648051428905,SPY,youtube,173,4
2024-01-24,just bought more AMZN let's gooo,positive,0.3633702271570416,AMZN,youtube,15,5
2023-02-13,"AAPL going to zero, get out now",negative,-0.5151075175166471,AAPL,youtube,13,0
2024-10-23,Google looking interesting ngl,neutral,-0.188166862181905,GOOGL,youtube,84,9
2024-07-23,my portfolio up 500% thanks to Tesla 😂,positive,0.3744961119286865,TSLA,youtube,14,6
2023-08-29,why did i buy GME?? down so bad rn,negative,-0.8728012187712035,GME,youtube,34,0
2024-01-19,"SPY scam, dont buy this garbage",negative,-0.7579189379637297,SPY,youtube,14,13
2023-04-04,waiting for AMC to dip more,neutral,-0.006334301043199264,AMC,youtube,61,2
2024-03-12,"best stock ever, AMC is the future",positive,0.6640606751823327,AMC,youtube,30,3
2023-10-20,TSLA making me rich fr fr,positive,0.32945324996939435,TSLA,youtube,36,2
2024-09-27,just bought more AAPL let's gooo,positive,0.38620586181286215,AAPL,youtube,0,0
2024-11-03,whats the PT for Microsoft?,neutral,-0.10450462185496004,MSFT,youtube,42,22
2023-12-21,diamond hands 💎🙌 holding Tesla forever,positive,0.3486449496883793,TSLA,youtube,29,18
2023-07-22,whats the PT for Amazon?,neutral,0.14471393861508158,AMZN,youtube,36,4
2024-08-14,🚀🚀🚀 Apple to the moon!!!,positive,0.7274365811717929,AAPL,youtube,23,4
2023-03-16,should i buy Nvidia or wait?,neutral,0.05060132290643854,NVDA,youtube,14,2
2023-08-29,whats the PT for GOOGL?,neutral,0.18764661237629543,GOOGL,youtube,60,7
2024-05-16,told yall Microsoft was gonna pump,positive,0.3106289457053815,MSFT,youtube,45,0
2023-07-05,"idk about GameStop tbh, mixed signals",neutral,-0.014170173183898627,GME,youtube,5,2
2024-03-06,whats the PT for Nvidia?,neutral,-0.06320840426574503,NVDA,youtube,0,10
2024-02-18,who else is buying the dip? AMC gang,positive,0.7406954403666306,AMC,youtube,31,2
2023-11-18,lol bears are so wrong about GameStop,positive,0.49600686228570734,GME,youtube,115,1
2023-04-02,who else is buying the dip? META gang,positive,0.37914879504643373,META,youtube,95,5
2024-04-18,"never selling my AAPL shares, generational wealth",positive,0.5881040651157537,AAPL,youtube,32,5
2023-07-31,"Microsoft scam, dont buy this garbage",negative,-0.4746259177422913,MSFT,youtube,18,2
2024-03-13,"best stock ever, AAPL is the future",positive,0.4158737041582419,AAPL,youtube,216,1
2024-04-06,"never selling my AMZN shares, generational wealth",positive,0.743134224380134,AMZN,youtube,26,0
2024-04-28,told yall AMC was gonna pump,positive,0.5226918277681047,AMC,youtube,51,8
2024-01-25,GME making me rich fr fr,positive,0.6398398168562811,GME,youtube,151,1
2023-10-18,"idk about AMC tbh, mixed signals",neutral,0.0833491984090905,AMC,youtube,47,1
2023-06-14,who else got rekt by AMC? 😭,negative,-0.3995746392439977,AMC,youtube,67,0
2024-03-11,biggest regret buying NVDA smh,negative,-0.3033102705287195,NVDA,youtube,16,0
2024-10-22,lmao Meta bagholders in shambles,negative,-0.7664677741633974,META,youtube,177,0
2024-04-26,"this is gonna be huge, AMZN will 10x easy",positive,0.568943307933238,AMZN,youtube,14,4
2023-10-23,just bought more Tesla let's gooo,positive,0.4595895236279651,TSLA,youtube,43,0
2023-06-28,Apple making me rich fr fr,positive,0.4603481850426314,AAPL,youtube,46,0
2023-09-26,lmao AMC bagholders in shambles,negative,-0.4107548152065146,AMC,youtube,54,4
2023-12-03,🚀🚀🚀 Microsoft to the moon!!!,positive,0.7285580776931093,MSFT,youtube,152,2
2024-06-21,who else is buying the dip? GME gang,positive,0.41019692326913143,GME,youtube,126,2
2024-01-21,told yall TSLA was gonna pump,positive,0.5575535247575022,TSLA,youtube,287,9
2024-08-22,apes together strong 🦍 GOOGL,positive,0.582921832546947,GOOGL,youtube,105,4
2023-06-13,SPY making me rich fr fr,positive,0.6681088096305076,SPY,youtube,13,3
2024-07-12,told yall Google was gonna pump,positive,0.5440454323147869,GOOGL,youtube,50,9
2023-03-02,Google looking interesting ngl,neutral,0.1168863615219099,GOOGL,youtube,51,2
2023-12-24,paper hands saved me from AMC disaster,negative,-0.32550506527742906,AMC,youtube,0,0
2023-08-20,told yall NVDA was gonna pump,positive,0.3125964425108723,NVDA,youtube,17,8
2023-10-11,rip to everyone who bought SPY at the top,negative,-0.8285573995592885,SPY,youtube,19,3
2024-10-29,waiting for GME to dip more,neutral,-0.16494567288690606,GME,youtube,141,4
2023-06-29,just bought more Tesla let's gooo,positive,0.8543006618540185,TSLA,youtube,112,4
2023-05-03,who else got rekt by TSLA? 😭,negative,-0.8874102022282181,TSLA,youtube,25,12
2024-08-05,what do yall think about Amazon?,neutral,-0.014825066569126605,AMZN,youtube,17,1
2024-01-30,diamond hands 💎🙌 holding AMC forever,positive,0.426571631551652,AMC,youtube,15,10
2023-12-21,told yall AMC was gonna pump,positive,0.8111584494743367,AMC,youtube,22,7
2024-10-11,who else is buying the dip? AAPL gang,positive,0.33672690419338763,AAPL,youtube,85,2
2023-03-25,who else got rekt by AMC? 😭,negative,-0.8650414118753686,AMC,youtube,166,10
2024-10-20,biggest regret buying Microsoft smh,negative,-0.5291866327910926,MSFT,youtube,18,2
2023-08-13,rip to everyone who bought GOOGL at the top,negative,-0.7418553070791697,GOOGL,youtube,83,5
2024-01-15,"Meta going to zero, get out now",negative,-0.4468580812800288,META,youtube,6,1
2023-06-13,who else is buying the dip? AAPL gang,positive,0.4309278462848426,AAPL,youtube,31,0
2023-06-04,"never selling my Amazon shares, generational wealth",positive,0.5579074462238102,AMZN,youtube,1,0
2023-08-28,why did i buy META?? down so bad rn,negative,-0.5765459129866515,META,youtube,57,6
2024-07-04,my portfolio up 500% thanks to GME 😂,positive,0.5771515760463826,GME,youtube,7,3
2023-02-02,told yall Amazon was gonna pump,positive,0.572245055456581,AMZN,youtube,1,1
2024-04-15,anyone still holding Tesla?,neutral,0.08203265233413409,TSLA,youtube,138,1
2024-09-30,just bought more GME let's gooo,positive,0.6569262056605101,GME,youtube,31,6
2023-10-24,"new to investing, is Amazon good?",neutral,0.18703967732810017,AMZN,youtube,43,0
2024-09-16,why did i buy Google?? down so bad rn,negative,-0.5779688235562691,GOOGL,youtube,18,21
2024-10-28,apes together strong 🦍 GameStop,positive,0.33723063158125965,GME,youtube,62,15
2024-03-29,why did i buy Amazon?? down so bad rn,negative,-0.34099140262742034,AMZN,youtube,56,4
2024-07-25,who else got rekt by AMC? 😭,negative,-0.47969580259267175,AMC,youtube,1,3
2023-03-06,"new to investing, is SPY good?",neutral,0.0948103623161416,SPY,youtube,79,2
2024-03-27,"idk about GME tbh, mixed signals",neutral,0.13782255028486412,GME,youtube,7,0
2023-02-24,"idk about GameStop tbh, mixed signals",neutral,0.02902127745643951,GME,youtube,91,6
2023-11-27,"this is gonna be huge, Meta will 10x easy",positive,0.5553189868805299,META,youtube,14,1
2023-04-01,my portfolio up 500% thanks to Amazon 😂,positive,0.7294917438232524,AMZN,youtube,72,19
2023-02-09,lmao AMC bagholders in shambles,negative,-0.37869991637903544,AMC,youtube,93,4
2024-08-29,apes together strong 🦍 Apple,positive,0.5904834762707671,AAPL,youtube,57,12
2023-01-13,anyone still holding Apple?,neutral,0.16464314278299558,AAPL,youtube,24,8
2024-01-03,"new to investing, is GOOGL good?",neutral,-0.14887766288191484,GOOGL,youtube,28,3
2023-11-02,"this is gonna be huge, GME will 10x easy",positive,0.3097108013591347,GME,youtube,7,0
2023-10-02,diamond hands 💎🙌 holding GME forever,positive,0.4934826677076808,GME,youtube,10,0
2023-09-19,should i buy Tesla or wait?,neutral,-0.18139260146197256,TSLA,youtube,22,9
2023-06-18,"new to investing, is MSFT good?",neutral,0.14876559550345458,MSFT,youtube,0,19
2024-02-08,lmao TSLA bagholders in shambles,negative,-0.4880040756100234,TSLA,youtube,83,4
2023-11-24,anyone still holding AAPL?,neutral,-0.035877754576033954,AAPL,youtube,69,10
2023-06-23,"new to investing, is Nvidia good?",neutral,0.19381498365375144,NVDA,youtube,18,6
2024-04-16,told yall AMC was gonna pump,positive,0.6727570535553297,AMC,youtube,19,4
2024-04-30,who else got rekt by Meta? 😭,negative,-0.36172172021343807,META,youtube,19,2
2023-12-07,what do yall think about Microsoft?,neutral,0.15176526998217515,MSFT,youtube,65,8
2023-03-18,should i buy Meta or wait?,neutral,0.056348950981085055,META,youtube,42,1
2023-09-05,my portfolio up 500% thanks to Google 😂,positive,0.3398739155742804,GOOGL,youtube,41,2
2023-10-01,what do yall think about MSFT?,neutral,-0.049085710251504044,MSFT,youtube,125,0
2024-07-04,"sold all my Nvidia, this thing is done",negative,-0.860585742395612,NVDA,youtube,6,3
2023-01-29,🚀🚀🚀 GME to the moon!!!,positive,0.44419366109512015,GME,youtube,73,7
2024-05-20,why did i buy GOOGL?? down so bad rn,negative,-0.8222528015495522,GOOGL,youtube,53,2
2024-08-10,told yall Nvidia was gonna pump,positive,0.5178619923657307,NVDA,youtube,16,1
2023-11-06,my portfolio up 500% thanks to AMC 😂,positive,0.7131597124052972,AMC,youtube,1,2
2024-06-16,"this is gonna be huge, AMC will 10x easy",positive,0.7028004186618034,AMC,youtube,9,3
2024-07-29,whats the PT for AMZN?,neutral,-0.14118799631394158,AMZN,youtube,79,20
2024-01-31,🚀🚀🚀 GOOGL to the moon!!!,positive,0.36282309411745295,GOOGL,youtube,7,1
2024-07-15,"Microsoft going to zero, get out now",negative,-0.7874413489371754,MSFT,youtube,53,0
2024-01-14,"META going to zero, get out now",negative,-0.3262800779913575,META,youtube,16,5
2024-03-28,should i buy AMC or wait?,neutral,-0.07741690745981976,AMC,youtube,41,24
2023-10-17,"sold all my GameStop, this thing is done",negative,-0.5708766047572866,GME,youtube,4,5
2024-09-02,"best stock ever, MSFT is the future",positive,0.6774678860882583,MSFT,youtube,8,2
2023-09-19,who else is buying the dip? GOOGL gang,positive,0.8703862709667654,GOOGL,youtube,4,3
2024-07-10,anyone still holding NVDA?,neutral,-0.038397350767919,NVDA,youtube,88,0
2024-02-28,"idk about GME tbh, mixed signals",neutral,-0.1468813140037716,GME,youtube,89,5
2024-02-22,"never selling my GME shares, generational wealth",positive,0.3084487713029271,GME,youtube,10,0
2023-07-21,"idk about Tesla tbh, mixed signals",neutral,-0.1659001032871708,TSLA,youtube,64,3
2024-01-27,who else is buying the dip? Amazon gang,positive,0.5688785159248606,AMZN,youtube,26,7
2023-12-24,told yall SPY was gonna pump,positive,0.7551692904305162,SPY,youtube,20,1
2023-10-27,🚀🚀🚀 Microsoft to the moon!!!,positive,0.7422744436880382,MSFT,youtube,4,1
2024-06-22,why did i buy GME?? down so bad rn,negative,-0.6817003738389688,GME,youtube,404,1
2023-02-14,should i buy MSFT or wait?,neutral,-0.046324339178407975,MSFT,youtube,60,8
2023-10-28,told yall AMC was gonna pump,positive,0.6030947511769,AMC,youtube,75,15
2024-11-15,apes together strong 🦍 NVDA,positive,0.4537521685166013,NVDA,youtube,30,5
2023-01-31,"GME going to zero, get out now",negative,-0.8231528946090725,GME,youtube,22,0
2024-09-25,lol bears are so wrong about AMC,positive,0.8650168989009956,AMC,youtube,8,0
2024-02-29,biggest regret buying Google smh,negative,-0.5183989176066237,GOOGL,youtube,18,13
2024-06-07,🚀🚀🚀 AMZN to the moon!!!,positive,0.6974229746377494,AMZN,youtube,36,0
2024-11-15,biggest regret buying Microsoft smh,negative,-0.6729878380428528,MSFT,youtube,16,3
2023-05-09,🚀🚀🚀 MSFT to the moon!!!,positive,0.8739960530545281,MSFT,youtube,18,5
2023-03-22,who else got rekt by NVDA? 😭,negative,-0.42123193746454646,NVDA,youtube,44,0
2023-04-22,"this is gonna be huge, GOOGL will 10x easy",positive,0.48434535044974447,GOOGL,youtube,97,4
2024-06-28,told yall AAPL was gonna pump,positive,0.8903034051244647,AAPL,youtube,12,8
2024-07-05,waiting for SPY to dip more,neutral,0.10558221212405511,SPY,youtube,108,1
2023-05-25,anyone still holding SPY?,neutral,0.03940136562067198,SPY,youtube,7,14
2024-05-09,whats the PT for Amazon?,neutral,0.01580604542974612,AMZN,youtube,0,2
2023-03-12,"Microsoft is trash, worst investment ever",negative,-0.4332083287676956,MSFT,youtube,10,5
2023-06-30,NVDA looking interesting ngl,neutral,-0.14273747533437123,NVDA,youtube,19,11
2024-01-17,"best stock ever, AMZN is the future",positive,0.6354039233915341,AMZN,youtube,69,0
2024-06-15,"new to investing, is Tesla good?",neutral,0.06453993603322516,TSLA,youtube,81,4
2023-01-04,lol bears are so wrong about Amazon,positive,0.4893681756127324,AMZN,youtube,16,0
2023-07-27,"new to investing, is MSFT good?",neutral,0.13734445154879582,MSFT,youtube,71,0
2023-12-22,anyone still holding GOOGL?,neutral,-0.09523604324984425,GOOGL,youtube,25,23
2023-02-06,"idk about TSLA tbh, mixed signals",neutral,0.11762365262909408,TSLA,youtube,18,7
2023-03-03,"sold all my TSLA, this thing is done",negative,-0.3014298983756699,TSLA,youtube,36,11
2023-03-12,waiting for GameStop to dip more,neutral,0.06649396160231497,GME,youtube,23,6
2023-03-19,"AAPL going to zero, get out now",negative,-0.7711687634742648,AAPL,youtube,8,5
2023-03-09,lol bears are so wrong about TSLA,positive,0.5771884953998461,TSLA,youtube,86,2
2023-08-13,waiting for AMC to dip more,neutral,-0.14024820854486944,AMC,youtube,94,3
2024-04-13,rip to everyone who bought NVDA at the top,negative,-0.711953648268225,NVDA,youtube,10,3
2024-01-08,rip to everyone who bought AAPL at the top,negative,-0.3121149604570901,AAPL,youtube,62,3
2023-08-10,apes together strong 🦍 Tesla,positive,0.47574340529001574,TSLA,youtube,13,3
2023-03-11,Meta looking interesting ngl,neutral,0.07127171736482663,META,youtube,2,0
2024-10-23,"this is gonna be huge, Nvidia will 10x easy",positive,0.8112419026971343,NVDA,youtube,22,25
2024-10-14,just bought more GameStop let's gooo,positive,0.8742337778881859,GME,youtube,64,6
2024-08-30,META looking interesting ngl,neutral,-0.1444633429808059,META,youtube,25,10
2024-11-23,who else got rekt by Microsoft? 😭,negative,-0.7021830679769689,MSFT,youtube,34,4
2024-07-17,"TSLA going to zero, get out now",negative,-0.5062599406238208,TSLA,youtube,88,7
2024-09-02,diamond hands 💎🙌 holding Amazon forever,positive,0.5285322889768176,AMZN,youtube,13,2
2024-07-09,anyone still holding GME?,neutral,-0.06990987978741053,GME,youtube,76,1
2023-08-27,GOOGL making me rich fr fr,positive,0.6280812155487074,GOOGL,youtube,34,3
2023-04-08,who else is buying the dip? NVDA gang,positive,0.8585238557487123,NVDA,youtube,55,1
2024-09-09,lol bears are so wrong about GOOGL,positive,0.739781800632993,GOOGL,youtube,39,1
2023-12-27,paper hands saved me from NVDA disaster,negative,-0.6084182115217146,NVDA,youtube,79,0
2023-05-23,AMC making me rich fr fr,positive,0.8490270756867919,AMC,youtube,28,1
2023-02-15,"this is gonna be huge, SPY will 10x easy",positive,0.748539740507894,SPY,youtube,33,2
2024-08-16,GME looking interesting ngl,neutral,-0.18811667786129896,GME,youtube,7,5
2024-06-16,"best stock ever, NVDA is the future",positive,0.7264963520609233,NVDA,youtube,48,9
2024-08-01,whats the PT for Meta?,neutral,-0.13801670682095174,META,youtube,143,2
2024-02-23,rip to everyone who bought SPY at the top,negative,-0.5759355366469254,SPY,youtube,74,9
2023-05-14,"new to investing, is AAPL good?",neutral,-0.01780873936195565,AAPL,youtube,6,7
2023-12-16,paper hands saved me from AMZN disaster,negative,-0.42131140646816406,AMZN,youtube,116,1
2024-05-01,anyone still holding Google?,neutral,-0.15662255289949525,GOOGL,youtube,31,2
2023-11-23,why did i buy Microsoft?? down so bad rn,negative,-0.4891664776672007,MSFT,youtube,25,9
2024-09-13,apes together strong 🦍 Apple,positive,0.7459892961931629,AAPL,youtube,56,9
2023-12-27,why did i buy Meta?? down so bad rn,negative,-0.668662271933808,META,youtube,3,9
2024-07-29,just bought more GME let's gooo,positive,0.880431592598216,GME,youtube,205,1
2023-04-13,GameStop making me rich fr fr,positive,0.5022521045286443,GME,youtube,69,4
2023-11-14,waiting for NVDA to dip more,neutral,-0.18775032710489487,NVDA,youtube,35,9
2024-09-03,should i buy Apple or wait?,neutral,-0.02202492079682372,AAPL,youtube,109,3
2024-04-23,who else is buying the dip? Tesla gang,positive,0.7663736897167641,TSLA,youtube,130,6
2024-03-28,told yall Nvidia was gonna pump,positive,0.839908803604261,NVDA,youtube,57,3
2024-11-22,"never selling my Nvidia shares, generational wealth",positive,0.6320909721505967,NVDA,youtube,5,9
2024-04-14,paper hands saved me from NVDA disaster,negative,-0.7349539289172462,NVDA,youtube,44,6
2023-11-13,just bought more Apple let's gooo,positive,0.4991861712967399,AAPL,youtube,49,2
2023-03-09,anyone still holding Microsoft?,neutral,-0.0645610582982589,MSFT,youtube,124,0
2023-12-25,anyone still holding GOOGL?,neutral,0.11179533858861351,GOOGL,youtube,8,2
2023-11-28,apes together strong 🦍 GME,positive,0.831756830717888,GME,youtube,225,2
2024-09-09,who else got rekt by Amazon? 😭,negative,-0.45816612596997314,AMZN,youtube,31,0
2024-10-11,just bought more SPY let's gooo,positive,0.4531536116212597,SPY,youtube,2,0
2023-06-01,who else is buying the dip? META gang,positive,0.790942372211538,META,youtube,23,1
2024-08-02,"never selling my Meta shares, generational wealth",positive,0.8758192803306026,META,youtube,106,2
2024-01-20,"AMC scam, dont buy this garbage",negative,-0.7455306072944454,AMC,youtube,16,2
2024-06-21,waiting for AMC to dip more,neutral,0.06461650019299231,AMC,youtube,15,0
2024-07-19,why did i buy Amazon?? down so bad rn,negative,-0.46588658595050847,AMZN,youtube,118,0
2024-01-30,who else is buying the dip? GameStop gang,positive,0.39096526019118766,GME,youtube,153,10
2023-05-20,"NVDA going to zero, get out now",negative,-0.8944950035082535,NVDA,youtube,115,0
2024-10-16,my portfolio up 500% thanks to Apple 😂,positive,0.33443308476425443,AAPL,youtube,45,7
2024-03-19,"this is gonna be huge, TSLA will 10x easy",positive,0.8856571074668933,TSLA,youtube,38,0
2023-08-11,"GameStop is trash, worst investment ever",negative,-0.8101934966577308,GME,youtube,45,0
2024-04-25,my portfolio up 500% thanks to TSLA 😂,positive,0.31383803219833617,TSLA,youtube,74,3
2023-10-21,told yall Tesla was gonna pump,positive,0.36299422507508106,TSLA,youtube,4,0
2023-09-18,"GameStop is trash, worst investment ever",negative,-0.7735398404148935,GME,youtube,66,14
2023-08-22,MSFT making me rich fr fr,positive,0.33849471716579466,MSFT,youtube,39,1
2023-12-09,"Meta is trash, worst investment ever",negative,-0.5533070962370317,META,youtube,55,3
2024-11-05,"idk about AMC tbh, mixed signals",neutral,-0.007787462736636691,AMC,youtube,148,1
2024-05-16,waiting for SPY to dip more,neutral,-0.10009239485627389,SPY,youtube,8,6
2023-09-20,why did i buy SPY?? down so bad rn,negative,-0.6051275138591687,SPY,youtube,34,26
2023-01-13,paper hands saved me from MSFT disaster,negative,-0.4904531177459503,MSFT,youtube,21,6
2023-07-03,paper hands saved me from AMZN disaster,negative,-0.4098559739432491,AMZN,youtube,36,2
2024-06-13,🚀🚀🚀 Microsoft to the moon!!!,positive,0.756584138718992,MSFT,youtube,93,11
2023-10-11,waiting for MSFT to dip more,neutral,-0.161934439967914,MSFT,youtube,35,12
2024-08-21,who else is buying the dip? Microsoft gang,positive,0.7306978656845349,MSFT,youtube,13,3
2024-02-03,"never selling my GOOGL shares, generational wealth",positive,0.45539764397977966,GOOGL,youtube,36,0
2023-04-14,"idk about GME tbh, mixed signals",neutral,0.054651647378019474,GME,youtube,18,1
2023-09-16,lmao GOOGL bagholders in shambles,negative,-0.5781767857655246,GOOGL,youtube,71,0
2023-09-05,why did i buy Microsoft?? down so bad rn,negative,-0.6852193046642007,MSFT,youtube,62,1
2024-02-25,"never selling my Meta shares, generational wealth",positive,0.6137726731110709,META,youtube,54,5
2023-01-23,should i buy Meta or wait?,neutral,0.18617759475094003,META,youtube,24,0
2023-10-21,should i buy AMZN or wait?,neutral,0.12415391758025368,AMZN,youtube,12,1
2024-11-15,apes together strong 🦍 Apple,positive,0.5344803320760632,AAPL,youtube,4,7
2024-03-07,lmao META bagholders in shambles,negative,-0.4906277269417814,META,youtube,108,0
2024-10-25,lmao Amazon bagholders in shambles,negative,-0.853546642000296,AMZN,youtube,0,1
2023-10-16,"Amazon is trash, worst investment ever",negative,-0.8018689732062322,AMZN,youtube,5,1
2024-04-17,anyone still holding GOOGL?,neutral,-0.11812333015128385,GOOGL,youtube,0,13
2024-05-30,lmao GME bagholders in shambles,negative,-0.6997010857787568,GME,youtube,67,2
2024-02-20,my portfolio up 500% thanks to AMZN 😂,positive,0.7249175627835219,AMZN,youtube,90,4
2023-01-30,Amazon looking interesting ngl,neutral,-0.03673413403937803,AMZN,youtube,8,0
2023-02-08,should i buy GOOGL or wait?,neutral,0.19224448050156345,GOOGL,youtube,66,1
2023-03-13,"never selling my META shares, generational wealth",positive,0.6780313212897771,META,youtube,2,1
2023-03-21,just bought more GOOGL let's gooo,positive,0.46363454197585396,GOOGL,youtube,29,2
2023-08-25,rip to everyone who bought Meta at the top,negative,-0.6078154490389912,META,youtube,63,5
2024-08-24,"this is gonna be huge, Tesla will 10x easy",positive,0.42925314216436883,TSLA,youtube,126,3
2023-07-24,waiting for META to dip more,neutral,0.11699509094802857,META,youtube,3,11
2023-10-27,lol bears are so wrong about Google,positive,0.4714841556473707,GOOGL,youtube,154,1
2024-05-14,"AMC is trash, worst investment ever",negative,-0.8033340568885001,AMC,youtube,30,1
2024-04-19,"best stock ever, Google is the future",positive,0.8889310427503325,GOOGL,youtube,69,2
2023-10-25,whats the PT for Tesla?,neutral,-0.05603682900253068,TSLA,youtube,9,4
2023-07-28,anyone still holding TSLA?,neutral,0.1154997916005085,TSLA,youtube,91,6
2023-12-26,SPY looking interesting ngl,neutral,-0.021888353265102134,SPY,youtube,64,12
2024-10-28,lmao Nvidia bagholders in shambles,negative,-0.7170026890183885,NVDA,youtube,45,1
2024-02-16,just bought more AAPL let's gooo,positive,0.8651897313439572,AAPL,youtube,6,1
2024-08-28,apes together strong 🦍 Amazon,positive,0.6632789161333733,AMZN,youtube,60,3
2023-10-14,"Tesla is trash, worst investment ever",negative,-0.7403100318421612,TSLA,youtube,3,4
2024-10-05,apes together strong 🦍 NVDA,positive,0.7812698682977401,NVDA,youtube,86,5
2023-03-19,what do yall think about SPY?,neutral,0.09490787325028177,SPY,youtube,15,6
2023-04-17,"idk about GME tbh, mixed signals",neutral,0.00889730062675359,GME,youtube,112,2
2023-04-12,lmao MSFT bagholders in shambles,negative,-0.34842093697339527,MSFT,youtube,29,3
2023-01-31,biggest regret buying MSFT smh,negative,-0.40120020983501214,MSFT,youtube,7,15
2023-07-15,why did i buy META?? down so bad rn,negative,-0.886667616288037,META,youtube,96,7
2023-02-13,anyone still holding META?,neutral,0.18127303876435413,META,youtube,150,0
2023-08-15,"idk about SPY tbh, mixed signals",neutral,-0.020186861605877127,SPY,youtube,6,10
2023-06-06,told yall AMC was gonna pump,positive,0.39526577177235733,AMC,youtube,69,16
2024-03-03,lol bears are so wrong about Apple,positive,0.547833973928102,AAPL,youtube,9,6
2023-05-05,Google making me rich fr fr,positive,0.8242136180340502,GOOGL,youtube,64,3
2024-05-24,"sold all my NVDA, this thing is done",negative,-0.3511854451750607,NVDA,youtube,52,0
2024-04-21,waiting for AMZN to dip more,neutral,0.19842678207791875,AMZN,youtube,47,8
2024-02-03,rip to everyone who bought Microsoft at the top,negative,-0.8159591967020445,MSFT,youtube,97,0
2024-04-24,told yall AMC was gonna pump,positive,0.5418453256201369,AMC,youtube,58,0
2024-09-10,diamond hands 💎🙌 holding Amazon forever,positive,0.7510235761075891,AMZN,youtube,180,1
2023-10-14,my portfolio up 500% thanks to GameStop 😂,positive,0.5379275921841691,GME,youtube,41,0
2023-03-01,lmao META bagholders in shambles,negative,-0.3207054369373291,META,youtube,21,2
2023-12-15,whats the PT for MSFT?,neutral,0.1496183657364657,MSFT,youtube,195,2
2023-05-25,apes together strong 🦍 AMZN,positive,0.8708433094260952,AMZN,youtube,43,1
2024-02-22,"idk about AAPL tbh, mixed signals",neutral,-0.040036548015823736,AAPL,youtube,15,6
2024-02-28,paper hands saved me from AMC disaster,negative,-0.32225674617028144,AMC,youtube,87,3
2024-11-12,apes together strong 🦍 GME,positive,0.7700533809432635,GME,youtube,87,0
2023-10-17,my portfolio up 500% thanks to GOOGL 😂,positive,0.6397505207232042,GOOGL,youtube,50,1
2023-07-20,what do yall think about Apple?,neutral,-0.16975936444212839,AAPL,youtube,98,4
2023-12-26,whats the PT for MSFT?,neutral,0.001528039488283145,MSFT,youtube,7,2
2023-05-07,why did i buy GameStop?? down so bad rn,negative,-0.5132849185977839,GME,youtube,10,5
2023-12-13,"never selling my SPY shares, generational wealth",positive,0.4714514166598083,SPY,youtube,123,9
2023-10-20,who else is buying the dip? AMC gang,positive,0.7929530168914882,AMC,youtube,19,0
2023-05-12,who else is buying the dip? AMC gang,positive,0.6490650358666612,AMC,youtube,20,2
2024-08-01,what do yall think about AMZN?,neutral,0.11537850431719937,AMZN,youtube,67,2
2023-02-10,anyone still holding Tesla?,neutral,0.0045422569954003955,TSLA,youtube,43,1
2023-07-15,"new to investing, is Meta good?",neutral,0.02457855347611687,META,youtube,69,0
2024-04-11,should i buy TSLA or wait?,neutral,0.0030639985804923886,TSLA,youtube,98,11
2024-09-13,whats the PT for GME?,neutral,0.04412311261603835,GME,youtube,77,7
2023-01-13,apes together strong 🦍 SPY,positive,0.6403857785049517,SPY,youtube,13,3
2024-05-30,rip to everyone who bought SPY at the top,negative,-0.37427536416741614,SPY,youtube,42,0
2023-01-09,lmao MSFT bagholders in shambles,negative,-0.6464799870690139,MSFT,youtube,10,5
2023-07-25,should i buy Amazon or wait?,neutral,-0.14766782857057903,AMZN,youtube,96,7
2023-12-10,whats the PT for SPY?,neutral,-0.05238809744696088,SPY,youtube,267,14
2024-01-24,biggest regret buying AAPL smh,negative,-0.6817430670109585,AAPL,youtube,61,10
2023-10-11,"Tesla going to zero, get out now",negative,-0.5977127455341678,TSLA,youtube,13,2
2023-05-14,"new to investing, is TSLA good?",neutral,0.1573928153279353,TSLA,youtube,48,2
2024-10-10,lol bears are so wrong about META,positive,0.7093037869416252,META,youtube,1,1
2023-07-02,my portfolio up 500% thanks to NVDA 😂,positive,0.7637601242158534,NVDA,youtube,34,9
2023-02-06,"idk about SPY tbh, mixed signals",neutral,-0.04030433213232834,SPY,youtube,5,18
2023-09-21,diamond hands 💎🙌 holding AMZN forever,positive,0.5675327732531741,AMZN,youtube,65,16
2024-01-05,anyone still holding NVDA?,neutral,-0.06422311770504621,NVDA,youtube,311,0
2023-11-15,lol bears are so wrong about GME,positive,0.8831082325684732,GME,youtube,28,4
2024-01-02,GME looking interesting ngl,neutral,-0.038605009887798,GME,youtube,122,2
2024-07-03,lmao SPY bagholders in shambles,negative,-0.5084790210354213,SPY,youtube,22,0
2024-03-25,"new to investing, is SPY good?",neutral,0.084185713438581,SPY,youtube,39,1
2024-02-10,whats the PT for AMC?,neutral,-0.11327450966491082,AMC,youtube,93,0
2023-06-29,MSFT making me rich fr fr,positive,0.8370874420947407,MSFT,youtube,58,1
2023-09-05,"never selling my AAPL shares, generational wealth",positive,0.6642347955034142,AAPL,youtube,160,0
2023-09-08,just bought more Nvidia let's gooo,positive,0.8247477098324054,NVDA,youtube,3,0
2024-08-17,biggest regret buying GameStop smh,negative,-0.3443202967360597,GME,youtube,10,33
2024-10-27,who else is buying the dip? Tesla gang,positive,0.38011738398728406,TSLA,youtube,62,0
2023-09-26,GameStop looking interesting ngl,neutral,-0.02213301166451348,GME,youtube,29,5
2024-07-04,Apple looking interesting ngl,neutral,-0.06480158747523085,AAPL,youtube,7,1
2024-01-10,just bought more TSLA let's gooo,positive,0.3822599680792998,TSLA,youtube,4,4
2024-02-08,lmao Google bagholders in shambles,negative,-0.39227533807262216,GOOGL,youtube,54,1
2024-06-19,just bought more SPY let's gooo,positive,0.5088534193510099,SPY,youtube,33,6
2024-10-21,paper hands saved me from GameStop disaster,negative,-0.7002357837466852,GME,youtube,19,2
2023-03-04,should i buy Amazon or wait?,neutral,-0.13770009608042227,AMZN,youtube,15,9
2023-10-28,"sold all my META, this thing is done",negative,-0.46425444689557743,META,youtube,54,3
2023-12-01,🚀🚀🚀 Google to the moon!!!,positive,0.8378187372486581,GOOGL,youtube,45,0
2024-02-28,just bought more Microsoft let's gooo,positive,0.8680831806547975,MSFT,youtube,9,4
2024-01-20,Google making me rich fr fr,positive,0.4339376351165599,GOOGL,youtube,37,1
2024-01-15,whats the PT for GME?,neutral,0.041203308969019636,GME,youtube,127,4
2023-01-27,waiting for NVDA to dip more,neutral,-0.15993159711942673,NVDA,youtube,27,2
2024-02-02,AAPL making me rich fr fr,positive,0.37952926746292465,AAPL,youtube,111,3
2024-01-30,why did i buy Google?? down so bad rn,negative,-0.5564307647129233,GOOGL,youtube,17,3
2023-10-06,paper hands saved me from Microsoft disaster,negative,-0.532590094797855,MSFT,youtube,29,9
2024-02-25,"new to investing, is Meta good?",neutral,0.12850166551150594,META,youtube,33,10
2024-06-29,rip to everyone who bought Microsoft at the top,negative,-0.8250700120556123,MSFT,youtube,101,5
2023-07-17,"GME scam, dont buy this garbage",negative,-0.7259415319431162,GME,youtube,38,0
2023-01-16,AAPL looking interesting ngl,neutral,-0.13833533745841683,AAPL,youtube,128,0
2023-02-09,"NVDA scam, dont buy this garbage",negative,-0.6930390384337083,NVDA,youtube,23,0
2023-10-10,"best stock ever, AMC is the future",positive,0.8831921983174031,AMC,youtube,58,1
2024-11-08,who else got rekt by SPY? 😭,negative,-0.6200318263187246,SPY,youtube,190,2
2024-06-23,who else is buying the dip? Amazon gang,positive,0.7975383776853311,AMZN,youtube,6,3
2023-05-05,diamond hands 💎🙌 holding GOOGL forever,positive,0.7498011012631741,GOOGL,youtube,86,12
2024-04-27,just bought more Microsoft let's gooo,positive,0.711707471063546,MSFT,youtube,99,1
2024-09-06,anyone still holding GameStop?,neutral,-0.17877088713145317,GME,youtube,34,3
2023-11-07,"NVDA scam, dont buy this garbage",negative,-0.5548422065694975,NVDA,youtube,33,4
2023-01-08,🚀🚀🚀 AMZN to the moon!!!,positive,0.5481243136460933,AMZN,youtube,6,0
2024-08-31,told yall GOOGL was gonna pump,positive,0.3484229369568978,GOOGL,youtube,19,0
2023-11-14,"Google going to zero, get out now",negative,-0.6494368516185619,GOOGL,youtube,52,1
2023-05-31,"idk about SPY tbh, mixed signals",neutral,0.0702069279461,SPY,youtube,23,2
2023-06-16,lol bears are so wrong about Meta,positive,0.3336902724147107,META,youtube,130,0
2024-11-17,"new to investing, is TSLA good?",neutral,0.1401235238325364,TSLA,youtube,57,11
2024-06-17,"NVDA going to zero, get out now",negative,-0.5273264382529139,NVDA,youtube,43,2
2024-06-07,apes together strong 🦍 Apple,positive,0.6668584843367333,AAPL,youtube,34,0
2023-02-20,why did i buy AMZN?? down so bad rn,negative,-0.452595574785733,AMZN,youtube,99,2
2023-10-13,what do yall think about AAPL?,neutral,0.09880023445549213,AAPL,youtube,14,7
2023-04-29,"Amazon scam, dont buy this garbage",negative,-0.5831112715227815,AMZN,youtube,10,27
2024-07-28,whats the PT for GME?,neutral,-0.1002728773919615,GME,youtube,133,2
2024-02-21,waiting for GameStop to dip more,neutral,-0.19958827377385335,GME,youtube,57,2
2024-04-30,"GOOGL is trash, worst investment ever",negative,-0.7051242775270106,GOOGL,youtube,96,6
2023-09-08,anyone still holding Nvidia?,neutral,-0.07251844038871297,NVDA,youtube,17,2
2024-04-29,paper hands saved me from TSLA disaster,negative,-0.30556565366773325,TSLA,youtube,97,6
2023-04-19,just bought more NVDA let's gooo,positive,0.5616340983107202,NVDA,youtube,24,1
2023-05-19,who else is buying the dip? AAPL gang,positive,0.42189389291399415,AAPL,youtube,43,4
2024-06-02,biggest regret buying SPY smh,negative,-0.45981356084246006,SPY,youtube,116,12
2023-04-17,"new to investing, is AMZN good?",neutral,-0.0555637684018829,AMZN,youtube,48,6
2023-09-29,told yall AAPL was gonna pump,positive,0.672858575436473,AAPL,youtube,0,6
2023-05-11,"sold all my AMC, this thing is done",negative,-0.8622141359120036,AMC,youtube,8,3
2023-12-29,anyone still holding Apple?,neutral,0.011889978723466976,AAPL,youtube,115,0
2024-01-12,lmao AMC bagholders in shambles,negative,-0.419541728057065,AMC,youtube,10,0
2023-05-11,"sold all my MSFT, this thing is done",negative,-0.710115281017285,MSFT,youtube,7,6
2023-01-12,"new to investing, is Meta good?",neutral,-0.027198164476338438,META,youtube,102,7
2023-09-13,why did i buy Nvidia?? down so bad rn,negative,-0.7443802787535099,NVDA,youtube,92,2
2023-01-01,apes together strong 🦍 Google,positive,0.4044301982319379,GOOGL,youtube,24,0
2024-05-19,"idk about Google tbh, mixed signals",neutral,0.037337462875388694,GOOGL,youtube,25,8
2024-04-10,"idk about AAPL tbh, mixed signals",neutral,0.1016807463541402,AAPL,youtube,16,8
2024-07-13,should i buy Microsoft or wait?,neutral,0.12484181554563595,MSFT,youtube,4,4
2023-12-31,GOOGL looking interesting ngl,neutral,-0.1158980922822963,GOOGL,youtube,8,3
2023-08-17,paper hands saved me from AAPL disaster,negative,-0.3283172486616355,AAPL,youtube,45,8
2024-11-01,"GME going to zero, get out now",negative,-0.3736779935435971,GME,youtube,36,1
2024-02-23,"SPY scam, dont buy this garbage",negative,-0.7315086178613939,SPY,youtube,67,1
2023-07-19,lmao TSLA bagholders in shambles,negative,-0.6825800508771356,TSLA,youtube,101,7
2023-07-28,"new to investing, is Google good?",neutral,0.16048142982574182,GOOGL,youtube,110,3
2024-07-01,AMC looking interesting ngl,neutral,0.10319843095412867,AMC,youtube,148,2
2023-02-20,my portfolio up 500% thanks to GOOGL 😂,positive,0.6447469479183427,GOOGL,youtube,93,0
2023-09-15,told yall Microsoft was gonna pump,positive,0.3280883743405365,MSFT,youtube,10,2
2023-08-23,"META scam, dont buy this garbage",negative,-0.5909490343694194,META,youtube,49,7
2024-07-26,just bought more NVDA let's gooo,positive,0.3197176354770839,NVDA,youtube,20,11
2024-04-21,whats the PT for AAPL?,neutral,-0.12385562479772716,AAPL,youtube,19,1
2023-08-21,why did i buy Microsoft?? down so bad rn,negative,-0.8323901725466959,MSFT,youtube,1,1
2024-01-16,who else is buying the dip? Microsoft gang,positive,0.6059264843724577,MSFT,youtube,24,0
2023-04-26,"new to investing, is Microsoft good?",neutral,-0.11339892972778826,MSFT,youtube,11,6
2023-10-05,waiting for TSLA to dip more,neutral,0.0025645228088642946,TSLA,youtube,15,11
2023-12-13,who else is buying the dip? Google gang,positive,0.3261279467060252,GOOGL,youtube,27,6
2024-01-03,whats the PT for Amazon?,neutral,0.16229785425557902,AMZN,youtube,55,2
2024-03-15,"Tesla is trash, worst investment ever",negative,-0.7092222432507639,TSLA,youtube,20,6
2023-09-18,"MSFT is trash, worst investment ever",negative,-0.3710896456118221,MSFT,youtube,58,0
2024-05-08,diamond hands 💎🙌 holding AMC forever,positive,0.7717763573050189,AMC,youtube,35,1
2024-06-24,whats the PT for Tesla?,neutral,-0.01104001246425429,TSLA,youtube,3,3
2024-08-18,lmao Tesla bagholders in shambles,negative,-0.3335600104417621,TSLA,youtube,26,4
2023-01-13,biggest regret buying AMC smh,negative,-0.5416723834884041,AMC,youtube,1,7
2023-11-18,lmao Microsoft bagholders in shambles,negative,-0.7271128508330831,MSFT,youtube,107,7
2024-06-06,"Amazon is trash, worst investment ever",negative,-0.30784622609783985,AMZN,youtube,65,19
2023-01-24,diamond hands 💎🙌 holding NVDA forever,positive,0.49858564166248276,NVDA,youtube,148,3
2023-05-23,biggest regret buying MSFT smh,negative,-0.3221615323421878,MSFT,youtube,24,4
2024-06-14,rip to everyone who bought AMC at the top,negative,-0.7291885885203333,AMC,youtube,2,8
2023-11-20,🚀🚀🚀 Microsoft to the moon!!!,positive,0.8432765636211106,MSFT,youtube,9,7
2024-05-12,diamond hands 💎🙌 holding Apple forever,positive,0.8995336272143395,AAPL,youtube,58,5
2024-04-11,biggest regret buying SPY smh,negative,-0.7700867806589969,SPY,youtube,107,0
2023-08-07,lol bears are so wrong about MSFT,positive,0.8839659272120353,MSFT,youtube,14,1
2024-07-25,why did i buy AAPL?? down so bad rn,negative,-0.5138787130285614,AAPL,youtube,40,2
2023-10-01,biggest regret buying AAPL smh,negative,-0.30673681158292365,AAPL,youtube,44,4
2024-01-24,my portfolio up 500% thanks to Tesla 😂,positive,0.4894756298014935,TSLA,youtube,121,17
2024-11-15,biggest regret buying SPY smh,negative,-0.7144844404143299,SPY,youtube,66,3
2023-09-05,lol bears are so wrong about Tesla,positive,0.5231283027531548,TSLA,youtube,5,7
2024-04-04,anyone still holding Nvidia?,neutral,0.011469377253506552,NVDA,youtube,7,10
2024-06-06,🚀🚀🚀 NVDA to the moon!!!,positive,0.4410582691624514,NVDA,youtube,12,0
2023-07-11,who else is buying the dip? META gang,positive,0.5483457140616117,META,youtube,10,4
2023-09-15,"sold all my AMZN, this thing is done",negative,-0.7560950651654519,AMZN,youtube,4,11
2024-05-15,my portfolio up 500% thanks to Microsoft 😂,positive,0.4368449636650742,MSFT,youtube,19,8
2024-07-21,anyone still holding Google?,neutral,-0.07704861159829056,GOOGL,youtube,90,1
2023-04-06,Meta making me rich fr fr,positive,0.4077857893902248,META,youtube,8,1
2024-06-23,"AMC scam, dont buy this garbage",negative,-0.8979345006333542,AMC,youtube,24,8
2024-11-21,diamond hands 💎🙌 holding AMZN forever,positive,0.6793672604061145,AMZN,youtube,35,2
2023-04-05,"AMC is trash, worst investment ever",negative,-0.3805423620619034,AMC,youtube,49,10
2024-02-11,"Amazon going to zero, get out now",negative,-0.5806219095100827,AMZN,youtube,25,8
2023-09-28,biggest regret buying Google smh,negative,-0.6371908942451513,GOOGL,youtube,15,2
2023-06-26,whats the PT for Amazon?,neutral,-0.01088934174126005,AMZN,youtube,82,7
2023-09-27,AMC looking interesting ngl,neutral,0.15750300331081862,AMC,youtube,98,9
2023-03-30,who else got rekt by GME? 😭,negative,-0.679876976110567,GME,youtube,8,6
2023-10-13,"sold all my Google, this thing is done",negative,-0.307058382087101,GOOGL,youtube,48,3
2023-05-26,Google looking interesting ngl,neutral,0.015052270641418009,GOOGL,youtube,14,1
2023-04-05,anyone still holding Microsoft?,neutral,-0.057293367375122806,MSFT,youtube,16,2
2023-04-18,"SPY going to zero, get out now",negative,-0.5995323054356391,SPY,youtube,13,1
2024-02-19,told yall AAPL was gonna pump,positive,0.4744405370751736,AAPL,youtube,108,6
2023-05-17,"NVDA is trash, worst investment ever",negative,-0.6907256468807874,NVDA,youtube,11,12
2024-04-15,what do yall think about GME?,neutral,-0.17480883680534678,GME,youtube,45,0
2023-02-22,"this is gonna be huge, SPY will 10x easy",positive,0.6181314286925963,SPY,youtube,15,4
2024-04-28,should i buy META or wait?,neutral,0.14966812867039703,META,youtube,27,1
2024-02-08,anyone still holding AMC?,neutral,0.17619571484245128,AMC,youtube,7,7
2024-11-25,waiting for MSFT to dip more,neutral,-0.06663212179386094,MSFT,youtube,5,2
2024-02-17,"idk about Meta tbh, mixed signals",neutral,-0.06458214094661141,META,youtube,43,9
2024-07-17,"best stock ever, Google is the future",positive,0.6395602492152284,GOOGL,youtube,2,1
2023-01-03,who else is buying the dip? AAPL gang,positive,0.6449475505067402,AAPL,youtube,20,0
2023-11-21,diamond hands 💎🙌 holding GOOGL forever,positive,0.43751094655667117,GOOGL,youtube,33,7
2024-06-11,my portfolio up 500% thanks to SPY 😂,positive,0.7701644692799396,SPY,youtube,22,5
2024-06-19,told yall Google was gonna pump,positive,0.7341355751966512,GOOGL,youtube,78,0
2024-02-02,who else is buying the dip? Tesla gang,positive,0.554307314700346,TSLA,youtube,82,4
2023-02-02,who else got rekt by GME? 😭,negative,-0.5689267313360051,GME,youtube,2,0
2024-10-04,told yall SPY was gonna pump,positive,0.3562790009754299,SPY,youtube,46,4
2023-10-23,"never selling my Nvidia shares, generational wealth",positive,0.48499405309183885,NVDA,youtube,11,7
2023-05-26,"new to investing, is GOOGL good?",neutral,0.07066332179799384,GOOGL,youtube,127,9
2023-07-20,whats the PT for NVDA?,neutral,-0.09872008360679492,NVDA,youtube,48,0
2024-07-31,biggest regret buying AMC smh,negative,-0.6344776705336239,AMC,youtube,31,10
2024-05-10,"new to investing, is AMZN good?",neutral,-0.15258878847194957,AMZN,youtube,46,5
2023-09-17,"best stock ever, GameStop is the future",positive,0.3695207965148315,GME,youtube,28,8
2023-11-21,why did i buy SPY?? down so bad rn,negative,-0.7286336785528778,SPY,youtube,77,2
2023-03-21,diamond hands 💎🙌 holding Amazon forever,positive,0.4400959669858504,AMZN,youtube,96,8
2023-12-03,apes together strong 🦍 META,positive,0.7699695957938707,META,youtube,46,1
2023-11-16,rip to everyone who bought NVDA at the top,negative,-0.8612924335571798,NVDA,youtube,4,2
2023-01-13,"AMZN scam, dont buy this garbage",negative,-0.7472536090716444,AMZN,youtube,259,5
2023-10-26,"AMC going to zero, get out now",negative,-0.7124518446841436,AMC,youtube,47,0
2023-06-02,what do yall think about GME?,neutral,0.10623529505747265,GME,youtube,37,1
2023-09-11,apes together strong 🦍 Tesla,positive,0.6492055685291478,TSLA,youtube,9,0
2023-04-30,"never selling my AMZN shares, generational wealth",positive,0.677031031330503,AMZN,youtube,3,16
2023-11-11,who else is buying the dip? SPY gang,positive,0.6476590936319566,SPY,youtube,1,11
2023-01-12,waiting for Meta to dip more,neutral,-0.03765915786599164,META,youtube,41,2
2024-08-08,anyone still holding AMC?,neutral,0.08959469998950015,AMC,youtube,7,0
2023-12-30,diamond hands 💎🙌 holding NVDA forever,positive,0.6552148899166333,NVDA,youtube,42,5
2024-09-15,apes together strong 🦍 GOOGL,positive,0.3821847005826388,GOOGL,youtube,8,0
2024-05-28,paper hands saved me from AMC disaster,negative,-0.4895013677653316,AMC,youtube,55,3
2023-01-09,"idk about Nvidia tbh, mixed signals",neutral,-0.14428861074229588,NVDA,youtube,12,3
2024-09-04,should i buy AAPL or wait?,neutral,0.1054340850545969,AAPL,youtube,67,1
2023-11-07,should i buy Amazon or wait?,neutral,0.07262301385175812,AMZN,youtube,25,3
2024-06-16,AAPL looking interesting ngl,neutral,0.14686563864707075,AAPL,youtube,166,5
2023-09-03,"this is gonna be huge, AMZN will 10x easy",positive,0.39137037105793976,AMZN,youtube,88,5
2023-04-06,just bought more Nvidia let's gooo,positive,0.8616520415476359,NVDA,youtube,25,0
2024-10-29,lol bears are so wrong about META,positive,0.4541691069485086,META,youtube,107,4
2023-11-20,biggest regret buying Apple smh,negative,-0.33997675614466827,AAPL,youtube,148,14
2024-04-01,"idk about NVDA tbh, mixed signals",neutral,-0.1597334453922628,NVDA,youtube,45,0
2024-10-28,"never selling my Google shares, generational wealth",positive,0.48178060211749885,GOOGL,youtube,2,10
2023-09-10,my portfolio up 500% thanks to MSFT 😂,positive,0.4158991266730626,MSFT,youtube,2,2
2023-06-11,waiting for AMC to dip more,neutral,0.04812123601735191,AMC,youtube,63,8
2024-09-24,just bought more NVDA let's gooo,positive,0.4492294091873175,NVDA,youtube,10,0
2023-05-31,told yall AMZN was gonna pump,positive,0.8799922027966456,AMZN,youtube,44,3
2023-12-28,biggest regret buying Apple smh,negative,-0.8533728145866657,AAPL,youtube,49,4
2024-08-05,🚀🚀🚀 SPY to the moon!!!,positive,0.37494234319452174,SPY,youtube,13,4
2023-11-11,biggest regret buying Amazon smh,negative,-0.3261557477340499,AMZN,youtube,35,1
2023-06-29,AMC looking interesting ngl,neutral,-0.07410052021661487,AMC,youtube,93,20
2024-10-26,"Microsoft going to zero, get out now",negative,-0.8672518136462838,MSFT,youtube,49,10
2023-06-23,just bought more Microsoft let's gooo,positive,0.35082048880878935,MSFT,youtube,199,7
2023-09-10,why did i buy Nvidia?? down so bad rn,negative,-0.8795900706923806,NVDA,youtube,17,3
2023-12-25,"new to investing, is META good?",neutral,0.09750506970115608,META,youtube,81,3
2024-10-06,SPY looking interesting ngl,neutral,-0.08319678021181738,SPY,youtube,1,10
2024-01-10,should i buy SPY or wait?,neutral,0.017561986996953494,SPY,youtube,150,3
2024-08-11,"Google scam, dont buy this garbage",negative,-0.6990748343202299,GOOGL,youtube,17,1
2023-09-28,lol bears are so wrong about GameStop,positive,0.6593219863361048,GME,youtube,105,11
2024-06-27,paper hands saved me from AAPL disaster,negative,-0.6580140672042532,AAPL,youtube,1,3
2024-07-19,"idk about GOOGL tbh, mixed signals",neutral,0.0023327748556283834,GOOGL,youtube,21,0
2023-06-24,told yall SPY was gonna pump,positive,0.526249904330993,SPY,youtube,22,1
2024-05-23,what do yall think about SPY?,neutral,0.01636812281094674,SPY,youtube,5,4
2023-09-20,lol bears are so wrong about Apple,positive,0.8957790010915934,AAPL,youtube,6,4
2023-04-15,Tesla making me rich fr fr,positive,0.3345550972499092,TSLA,youtube,79,0
2024-02-27,why did i buy MSFT?? down so bad rn,negative,-0.7687315906423838,MSFT,youtube,76,4
2023-01-22,told yall TSLA was gonna pump,positive,0.7694194770906959,TSLA,youtube,57,4
2024-02-01,"Tesla scam, dont buy this garbage",negative,-0.8980996115169598,TSLA,youtube,6,3
2024-08-02,"MSFT is trash, worst investment ever",negative,-0.613270203220806,MSFT,youtube,0,2
2024-01-11,just bought more SPY let's gooo,positive,0.7138132083973747,SPY,youtube,31,1
2024-04-21,whats the PT for MSFT?,neutral,-0.15393503944451503,MSFT,youtube,48,1
2024-04-24,"idk about GME tbh, mixed signals",neutral,-0.08515672806239727,GME,youtube,106,3
2023-01-30,"idk about AAPL tbh, mixed signals",neutral,-0.06822972533494115,AAPL,youtube,21,7
2023-05-14,"AMZN is trash, worst investment ever",negative,-0.7782565226668933,AMZN,youtube,49,11
2024-03-24,what do yall think about Apple?,neutral,-0.11175466732658297,AAPL,youtube,26,5
2024-07-22,GME making me rich fr fr,positive,0.5284605432946319,GME,youtube,28,13
2023-11-25,"never selling my Google shares, generational wealth",positive,0.5681047526791781,GOOGL,youtube,56,0
2024-11-19,rip to everyone who bought AMC at the top,negative,-0.7554540982615692,AMC,youtube,53,4
2024-07-02,lol bears are so wrong about NVDA,positive,0.3750775293124354,NVDA,youtube,134,1
2023-01-14,"new to investing, is GameStop good?",neutral,-0.030311631218903567,GME,youtube,71,3
2023-09-05,should i buy GOOGL or wait?,neutral,0.18493576920686616,GOOGL,youtube,107,2
2024-08-15,waiting for GOOGL to dip more,neutral,-0.17179087944048158,GOOGL,youtube,20,0
2023-03-30,biggest regret buying Meta smh,negative,-0.7667784561777238,META,youtube,7,1
2023-03-08,waiting for GME to dip more,neutral,0.11385596578757301,GME,youtube,9,3
2024-04-03,biggest regret buying GME smh,negative,-0.6022440131748967,GME,youtube,158,2
2023-12-06,"never selling my META shares, generational wealth",positive,0.6888290240868412,META,youtube,109,2
2024-03-09,"best stock ever, AMC is the future",positive,0.4703509745510335,AMC,youtube,35,8
2023-05-31,"new to investing, is AAPL good?",neutral,-0.05620661926911494,AAPL,youtube,204,16
2024-05-28,paper hands saved me from Nvidia disaster,negative,-0.40977613283449243,NVDA,youtube,248,1
2024-09-19,🚀🚀🚀 SPY to the moon!!!,positive,0.8015526517122944,SPY,youtube,79,4
2023-10-16,"AMC is trash, worst investment ever",negative,-0.4826263182850514,AMC,youtube,5,1
2024-10-15,diamond hands 💎🙌 holding Apple forever,positive,0.8675567167776455,AAPL,youtube,20,6
2024-04-01,paper hands saved me from GME disaster,negative,-0.8077803097469844,GME,youtube,1,17
2023-07-16,"GME scam, dont buy this garbage",negative,-0.6770369404194863,GME,youtube,27,0
2024-07-19,told yall Microsoft was gonna pump,positive,0.7615947023422085,MSFT,youtube,65,4
2023-04-02,Apple making me rich fr fr,positive,0.7186818509431672,AAPL,youtube,1,3
2024-07-04,🚀🚀🚀 AMZN to the moon!!!,positive,0.5072005896880966,AMZN,youtube,74,3
2023-04-27,should i buy NVDA or wait?,neutral,0.16066007075188743,NVDA,youtube,3,0
2024-06-09,apes together strong 🦍 AMC,positive,0.4534208643391412,AMC,youtube,8,3
2024-09-15,"AMC scam, dont buy this garbage",negative,-0.43204721007852276,AMC,youtube,2,0
2023-12-29,what do yall think about MSFT?,neutral,0.12729521127677196,MSFT,youtube,6,1
2024-01-12,lmao Nvidia bagholders in shambles,negative,-0.7695689374336354,NVDA,youtube,20,5
2023-11-27,who else is buying the dip? GME gang,positive,0.7579139224316969,GME,youtube,214,46
2023-02-24,should i buy GME or wait?,neutral,-0.14197466556293847,GME,youtube,1,0
2024-03-20,waiting for Meta to dip more,neutral,0.023150526347540168,META,youtube,40,16
2023-09-10,paper hands saved me from Apple disaster,negative,-0.7423691893900901,AAPL,youtube,16,2
2023-12-11,"Apple scam, dont buy this garbage",negative,-0.5181387932559116,AAPL,youtube,49,0
2024-01-08,"idk about Google tbh, mixed signals",neutral,-0.17095565896156795,GOOGL,youtube,14,5
2023-12-25,told yall SPY was gonna pump,positive,0.6767188619663214,SPY,youtube,18,12
2024-01-31,"this is gonna be huge, AAPL will 10x easy",positive,0.3979319795700429,AAPL,youtube,31,5
2024-07-20,"NVDA is trash, worst investment ever",negative,-0.8129914990065308,NVDA,youtube,76,0
2024-10-03,lmao AMZN bagholders in shambles,negative,-0.6551728396709594,AMZN,youtube,43,0
2024-04-18,apes together strong 🦍 AMC,positive,0.6364367389156141,AMC,youtube,38,12
2024-03-12,diamond hands 💎🙌 holding AMC forever,positive,0.30800282690070757,AMC,youtube,27,8
2024-03-09,who else is buying the dip? AAPL gang,positive,0.546693982773184,AAPL,youtube,79,8
2024-01-18,"idk about Google tbh, mixed signals",neutral,-0.04088831307454091,GOOGL,youtube,24,16
2024-08-27,"this is gonna be huge, GOOGL will 10x easy",positive,0.6886625930484028,GOOGL,youtube,92,2
2023-01-18,anyone still holding Nvidia?,neutral,-0.19179099531499388,NVDA,youtube,7,4
2023-12-17,why did i buy GameStop?? down so bad rn,negative,-0.6300370243481666,GME,youtube,183,1
2023-04-18,"idk about GOOGL tbh, mixed signals",neutral,-0.18252011034999263,GOOGL,youtube,12,3
2024-09-09,who else got rekt by AMC? 😭,negative,-0.7929167434715266,AMC,youtube,44,1
2023-08-16,told yall Tesla was gonna pump,positive,0.6734711246942071,TSLA,youtube,12,10
2024-07-09,"TSLA going to zero, get out now",negative,-0.7858349446597863,TSLA,youtube,26,13
2024-07-17,just bought more Google let's gooo,positive,0.722268603020799,GOOGL,youtube,8,9
2023-12-21,"this is gonna be huge, GameStop will 10x easy",positive,0.4526548831450174,GME,youtube,201,9
2023-10-04,"new to investing, is AMC good?",neutral,-0.055816245157299355,AMC,youtube,82,1
2024-10-19,NVDA looking interesting ngl,neutral,0.025485365756304057,NVDA,youtube,13,0
2024-01-12,why did i buy META?? down so bad rn,negative,-0.845688061230472,META,youtube,9,0
2024-08-16,who else got rekt by GOOGL? 😭,negative,-0.47639855425968525,GOOGL,youtube,21,2
2024-05-22,apes together strong 🦍 Tesla,positive,0.5738924139961701,TSLA,youtube,95,5
2024-05-19,🚀🚀🚀 AMZN to the moon!!!,positive,0.5704916468752055,AMZN,youtube,18,1
2024-06-24,who else is buying the dip? Tesla gang,positive,0.8296031611803873,TSLA,youtube,0,1
2024-01-06,lol bears are so wrong about AMC,positive,0.7790064963268982,AMC,youtube,34,14
2024-03-21,should i buy SPY or wait?,neutral,-0.014294787689606736,SPY,youtube,20,4
2024-03-16,"META going to zero, get out now",negative,-0.7514627598679406,META,youtube,16,3
2023-05-02,waiting for TSLA to dip more,neutral,0.17326540461995216,TSLA,youtube,51,3
2023-08-24,apes together strong 🦍 Google,positive,0.6490715010740954,GOOGL,youtube,34,1
2023-04-11,"sold all my AAPL, this thing is done",negative,-0.5088401643145497,AAPL,youtube,118,0
2024-10-30,just bought more SPY let's gooo,positive,0.3059165002929639,SPY,youtube,77,7
2024-09-16,"new to investing, is NVDA good?",neutral,-0.04199533199452121,NVDA,youtube,18,2
2024-03-31,told yall Nvidia was gonna pump,positive,0.4137533586586302,NVDA,youtube,20,2
2023-11-27,paper hands saved me from GME disaster,negative,-0.7060629643332494,GME,youtube,8,0
2024-03-23,should i buy GOOGL or wait?,neutral,0.1791451086539843,GOOGL,youtube,77,12
2023-11-24,biggest regret buying GameStop smh,negative,-0.5322609378110892,GME,youtube,72,1
2023-08-17,lmao Amazon bagholders in shambles,negative,-0.693880233251105,AMZN,youtube,30,5
2023-07-08,"idk about AMC tbh, mixed signals",neutral,0.1612558961896723,AMC,youtube,25,1
2024-04-30,"best stock ever, AMC is the future",positive,0.3081372573626824,AMC,youtube,18,1
2023-06-13,waiting for AMZN to dip more,neutral,0.020874295668259213,AMZN,youtube,58,0
2023-06-21,SPY making me rich fr fr,positive,0.6344992558079685,SPY,youtube,14,6
2024-09-25,paper hands saved me from AMZN disaster,negative,-0.8105948739530093,AMZN,youtube,3,10
2023-10-25,"sold all my GOOGL, this thing is done",negative,-0.5243661969424056,GOOGL,youtube,109,5
2023-06-18,should i buy AMC or wait?,neutral,0.06978451337774938,AMC,youtube,91,0
2023-12-19,MSFT making me rich fr fr,positive,0.8491459860166095,MSFT,youtube,68,5
2023-08-02,whats the PT for MSFT?,neutral,-0.15619752779193444,MSFT,youtube,98,6
2023-12-05,just bought more AMC let's gooo,positive,0.30784417176326834,AMC,youtube,68,0
2024-08-01,anyone still holding Amazon?,neutral,0.009227182963091135,AMZN,youtube,50,1
2024-07-24,paper hands saved me from GameStop disaster,negative,-0.5813077614604484,GME,youtube,37,1
2023-09-27,anyone still holding Meta?,neutral,0.18430251399658826,META,youtube,18,1
2024-07-06,"MSFT scam, dont buy this garbage",negative,-0.44435313186787123,MSFT,youtube,7,1
2023-07-05,"idk about AAPL tbh, mixed signals",neutral,0.11622249550505492,AAPL,youtube,8,7
2024-09-21,told yall GOOGL was gonna pump,positive,0.36887891475996504,GOOGL,youtube,101,4
2024-02-16,anyone still holding Google?,neutral,0.01781914148499092,GOOGL,youtube,86,0
2023-09-27,"sold all my Amazon, this thing is done",negative,-0.5889850402188398,AMZN,youtube,13,2
2024-02-03,"TSLA going to zero, get out now",negative,-0.6635728468867086,TSLA,youtube,57,0
2023-01-01,🚀🚀🚀 AMC to the moon!!!,positive,0.6043944895085716,AMC,youtube,63,5
2023-07-20,what do yall think about SPY?,neutral,0.1400601990842562,SPY,youtube,0,2
2023-11-03,should i buy AMC or wait?,neutral,-0.06216648213614703,AMC,youtube,199,2
2024-08-22,lol bears are so wrong about SPY,positive,0.49099512783376037,SPY,youtube,15,2
2023-01-22,lol bears are so wrong about AAPL,positive,0.6356085675257199,AAPL,youtube,138,4
2024-09-02,told yall Tesla was gonna pump,positive,0.87214437474353,TSLA,youtube,64,15
2024-08-19,Amazon looking interesting ngl,neutral,-0.028758891636898654,AMZN,youtube,26,1
2024-02-23,🚀🚀🚀 GameStop to the moon!!!,positive,0.3014972721604975,GME,youtube,22,7
2023-02-26,"this is gonna be huge, GOOGL will 10x easy",positive,0.4025422771059168,GOOGL,youtube,107,0
2023-12-07,who else is buying the dip? AMZN gang,positive,0.3739477633501744,AMZN,youtube,178,0
2024-03-29,should i buy SPY or wait?,neutral,0.03078866191071805,SPY,youtube,2,8
2023-10-20,"never selling my GameStop shares, generational wealth",positive,0.40565788816047543,GME,youtube,100,3
2023-08-12,"never selling my TSLA shares, generational wealth",positive,0.8930268503015468,TSLA,youtube,98,0
2024-07-23,"idk about Microsoft tbh, mixed signals",neutral,0.1552837661155368,MSFT,youtube,75,1
2024-05-01,lol bears are so wrong about TSLA,positive,0.76205138977229,TSLA,youtube,4,6
2023-10-15,AMC making me rich fr fr,positive,0.4051187125428968,AMC,youtube,55,0
2023-08-10,who else is buying the dip? AMZN gang,positive,0.42802314441291733,AMZN,youtube,9,0
2023-10-19,why did i buy META?? down so bad rn,negative,-0.3349592820706654,META,youtube,67,7
2024-09-07,"new to investing, is AMC good?",neutral,0.1720076235277983,AMC,youtube,7,0
2023-04-25,"sold all my Microsoft, this thing is done",negative,-0.4250064987673018,MSFT,youtube,46,0
2023-09-16,rip to everyone who bought Google at the top,negative,-0.5532256827268534,GOOGL,youtube,94,19
2023-03-16,Meta looking interesting ngl,neutral,0.013712698091326997,META,youtube,65,0
2023-05-24,Tesla making me rich fr fr,positive,0.8546442724301928,TSLA,youtube,18,2
2024-04-05,whats the PT for AMZN?,neutral,-0.19652830336164995,AMZN,youtube,11,0
2023-11-24,should i buy NVDA or wait?,neutral,-0.19370375555331282,NVDA,youtube,8,7
2023-02-04,"sold all my AMC, this thing is done",negative,-0.8298238313757808,AMC,youtube,0,4
2023-10-07,"new to investing, is MSFT good?",neutral,0.09252967066977524,MSFT,youtube,48,5
2023-11-08,what do yall think about Google?,neutral,-0.13667618744643595,GOOGL,youtube,175,4
2023-04-11,my portfolio up 500% thanks to MSFT 😂,positive,0.4314568936200692,MSFT,youtube,1,14
2024-06-12,should i buy Google or wait?,neutral,-0.009563444046265662,GOOGL,youtube,23,10
2024-01-19,who else got rekt by AAPL? 😭,negative,-0.8940460757021472,AAPL,youtube,5,6
2024-07-14,told yall SPY was gonna pump,positive,0.7599704784775889,SPY,youtube,142,5
2023-09-28,told yall TSLA was gonna pump,positive,0.6212382606144542,TSLA,youtube,62,12
2024-03-31,🚀🚀🚀 GOOGL to the moon!!!,positive,0.34883523481077494,GOOGL,youtube,89,1
2023-12-19,"SPY going to zero, get out now",negative,-0.726852575629337,SPY,youtube,13,16
2023-10-03,"AMC going to zero, get out now",negative,-0.7933723929686957,AMC,youtube,16,2
2024-09-17,GME making me rich fr fr,positive,0.7602687367079997,GME,youtube,21,9
2023-12-22,apes together strong 🦍 GOOGL,positive,0.6606767953777446,GOOGL,youtube,69,11
2024-10-26,my portfolio up 500% thanks to TSLA 😂,positive,0.8189997675636318,TSLA,youtube,93,0
2023-06-14,whats the PT for Nvidia?,neutral,0.1524634667817381,NVDA,youtube,29,3
2024-06-20,who else got rekt by GME? 😭,negative,-0.6243999026333056,GME,youtube,25,3
2023-03-19,lmao Microsoft bagholders in shambles,negative,-0.475468301315868,MSFT,youtube,72,1
2023-12-15,rip to everyone who bought GOOGL at the top,negative,-0.5716027545941103,GOOGL,youtube,42,3
2023-03-27,biggest regret buying Amazon smh,negative,-0.8836577384494716,AMZN,youtube,40,1
2023-01-07,TSLA looking interesting ngl,neutral,0.05452290904812629,TSLA,youtube,15,0
2023-11-15,why did i buy Microsoft?? down so bad rn,negative,-0.68935505660306,MSFT,youtube,0,9
2023-12-29,what do yall think about META?,neutral,-0.07568424831370235,META,youtube,24,3
2023-01-01,who else is buying the dip? Tesla gang,positive,0.6024368896103958,TSLA,youtube,74,2
2024-09-20,"AAPL scam, dont buy this garbage",negative,-0.6806062952328863,AAPL,youtube,29,0
2023-10-08,"sold all my Apple, this thing is done",negative,-0.4514898619514961,AAPL,youtube,21,12
2023-09-14,anyone still holding GOOGL?,neutral,0.08129129329150914,GOOGL,youtube,37,10
2023-10-31,🚀🚀🚀 Nvidia to the moon!!!,positive,0.37296726897432064,NVDA,youtube,117,3
2023-08-07,just bought more AMZN let's gooo,positive,0.652630970040251,AMZN,youtube,13,8
2023-02-05,what do yall think about Amazon?,neutral,-0.13556630123315538,AMZN,youtube,0,8
2023-06-14,"never selling my SPY shares, generational wealth",positive,0.4363172488126219,SPY,youtube,46,4
2024-03-21,my portfolio up 500% thanks to Google 😂,positive,0.5857831612169173,GOOGL,youtube,93,7
2024-11-22,"this is gonna be huge, Apple will 10x easy",positive,0.6139465435854341,AAPL,youtube,14,1
2024-02-23,just bought more NVDA let's gooo,positive,0.48061180561627287,NVDA,youtube,3,5
2023-04-03,why did i buy MSFT?? down so bad rn,negative,-0.6068513130149729,MSFT,youtube,78,6
2023-05-20,"idk about GOOGL tbh, mixed signals",neutral,0.14176816375255785,GOOGL,youtube,3,3
2024-05-26,apes together strong 🦍 GME,positive,0.6677549103136435,GME,youtube,113,0
2023-10-07,should i buy AMZN or wait?,neutral,-0.12766986753905046,AMZN,youtube,47,3
2023-04-11,waiting for Tesla to dip more,neutral,0.16720462438617684,TSLA,youtube,6,3
2023-09-16,Google making me rich fr fr,positive,0.7191628069868632,GOOGL,youtube,31,0
2024-10-18,rip to everyone who bought Meta at the top,negative,-0.6451288999808714,META,youtube,38,4
2023-08-24,Apple looking interesting ngl,neutral,0.011334684924810073,AAPL,youtube,53,6
2024-04-02,whats the PT for Amazon?,neutral,0.005335482810563258,AMZN,youtube,206,9
2024-09-08,"sold all my Tesla, this thing is done",negative,-0.8185715537993968,TSLA,youtube,92,3
2024-01-31,paper hands saved me from GameStop disaster,negative,-0.631604975333018,GME,youtube,13,2
2024-11-02,"idk about NVDA tbh, mixed signals",neutral,0.029552636306103025,NVDA,youtube,2,3
2023-02-08,told yall Amazon was gonna pump,positive,0.7500204587681424,AMZN,youtube,82,3
2024-04-26,🚀🚀🚀 Nvidia to the moon!!!,positive,0.7774483246737061,NVDA,youtube,116,3
2023-06-20,apes together strong 🦍 NVDA,positive,0.4014319981004404,NVDA,youtube,32,12
2023-05-30,lol bears are so wrong about AMZN,positive,0.35357153935076147,AMZN,youtube,84,7
2023-08-20,diamond hands 💎🙌 holding Tesla forever,positive,0.3478542250326171,TSLA,youtube,54,4
2024-03-24,waiting for Microsoft to dip more,neutral,0.06752703758406631,MSFT,youtube,58,4
2024-11-06,lol bears are so wrong about SPY,positive,0.8912890503429611,SPY,youtube,163,2
2024-03-08,"idk about Microsoft tbh, mixed signals",neutral,0.1865242835569651,MSFT,youtube,124,5
2024-09-09,who else is buying the dip? Nvidia gang,positive,0.37023387537875196,NVDA,youtube,51,10
2024-05-01,lol bears are so wrong about GameStop,positive,0.45965765544572895,GME,youtube,130,3
2024-09-12,rip to everyone who bought AAPL at the top,negative,-0.7248143948006613,AAPL,youtube,17,4
2023-01-28,should i buy Meta or wait?,neutral,-0.04708119401561506,META,youtube,13,3
2024-06-26,biggest regret buying MSFT smh,negative,-0.6366420338502214,MSFT,youtube,0,3
2024-04-20,should i buy Nvidia or wait?,neutral,0.1771508588613961,NVDA,youtube,41,8
2023-04-21,what do yall think about Google?,neutral,-0.18734901972614004,GOOGL,youtube,23,4
2023-06-24,should i buy Apple or wait?,neutral,-0.003033754348581219,AAPL,youtube,16,7
2023-12-24,paper hands saved me from AMC disaster,negative,-0.6493095289313254,AMC,youtube,23,1
2024-07-26,AMZN looking interesting ngl,neutral,0.03667578949724354,AMZN,youtube,40,26
2024-09-28,"idk about AAPL tbh, mixed signals",neutral,-0.1353904310802955,AAPL,youtube,50,6
2024-06-19,"SPY going to zero, get out now",negative,-0.43725800002929005,SPY,youtube,53,3
2024-06-17,diamond hands 💎🙌 holding Meta forever,positive,0.44014253882804233,META,youtube,11,1
2024-01-15,what do yall think about Microsoft?,neutral,-0.13709462110106507,MSFT,youtube,23,1
2024-03-20,"AMZN is trash, worst investment ever",negative,-0.3477838116516839,AMZN,youtube,4,5
2024-04-03,Meta looking interesting ngl,neutral,0.14414133900147824,META,youtube,102,1
2023-02-24,why did i buy SPY?? down so bad rn,negative,-0.5270023792778307,SPY,youtube,47,3
2023-08-13,told yall AAPL was gonna pump,positive,0.3971320940139522,AAPL,youtube,32,12
2024-07-12,"new to investing, is AMC good?",neutral,-0.03006432075629184,AMC,youtube,26,10
2024-08-18,anyone still holding Google?,neutral,0.08753589928226668,GOOGL,youtube,40,2
2024-06-19,paper hands saved me from Nvidia disaster,negative,-0.7105394644648977,NVDA,youtube,52,0
2024-08-30,"never selling my TSLA shares, generational wealth",positive,0.8902050038086882,TSLA,youtube,123,3
2023-04-20,🚀🚀🚀 Tesla to the moon!!!,positive,0.7874371450476283,TSLA,youtube,31,1
2024-10-04,apes together strong 🦍 GOOGL,positive,0.39662770732895375,GOOGL,youtube,25,9
2023-02-19,told yall MSFT was gonna pump,positive,0.37898436952695597,MSFT,youtube,18,1
2023-10-01,who else is buying the dip? Nvidia gang,positive,0.3061566170426972,NVDA,youtube,6,2
2023-12-04,"Amazon going to zero, get out now",negative,-0.8530560645394343,AMZN,youtube,30,4
2023-08-15,"idk about GOOGL tbh, mixed signals",neutral,-0.03584864984441602,GOOGL,youtube,16,0
2024-05-22,TSLA making me rich fr fr,positive,0.718845221238952,TSLA,youtube,6,2
2023-08-12,"this is gonna be huge, AMZN will 10x easy",positive,0.4364853879877748,AMZN,youtube,41,3
2024-04-19,anyone still holding AAPL?,neutral,-0.11015323341671923,AAPL,youtube,61,3
2024-06-21,who else is buying the dip? GOOGL gang,positive,0.8193450376182727,GOOGL,youtube,32,2
2024-02-20,"idk about Meta tbh, mixed signals",neutral,0.16171233466480245,META,youtube,28,12
2023-06-18,who else got rekt by SPY? 😭,negative,-0.7617794019451103,SPY,youtube,53,0
2024-02-25,🚀🚀🚀 AMC to the moon!!!,positive,0.5654188794979154,AMC,youtube,1,3
2023-05-08,what do yall think about Nvidia?,neutral,-0.1741910355609421,NVDA,youtube,36,3
2024-02-29,diamond hands 💎🙌 holding Microsoft forever,positive,0.7454258297235828,MSFT,youtube,67,6
2023-10-05,"idk about AMC tbh, mixed signals",neutral,-0.09938744383400966,AMC,youtube,73,9
2024-03-14,just bought more GME let's gooo,positive,0.37044243741815996,GME,youtube,10,11
2024-04-12,my portfolio up 500% thanks to AAPL 😂,positive,0.8340855860879326,AAPL,youtube,15,7
2024-04-05,"AMC is trash, worst investment ever",negative,-0.3465611835404946,AMC,youtube,43,8
2023-05-13,"new to investing, is AAPL good?",neutral,-0.05675351339829199,AAPL,youtube,381,4
2024-05-11,who else is buying the dip? Meta gang,positive,0.7709472926704375,META,youtube,71,9
2023-03-04,"SPY scam, dont buy this garbage",negative,-0.8411583780561873,SPY,youtube,13,6
2023-10-28,whats the PT for GameStop?,neutral,-0.15019381246655183,GME,youtube,22,7
2024-08-07,🚀🚀🚀 GME to the moon!!!,positive,0.8982681804076436,GME,youtube,26,10
2023-01-26,"sold all my Google, this thing is done",negative,-0.39589422130619756,GOOGL,youtube,101,2
2024-03-07,"this is gonna be huge, AMC will 10x easy",positive,0.5989010494124072,AMC,youtube,8,6
2024-09-18,should i buy GameStop or wait?,neutral,-0.1286505346091884,GME,youtube,19,2
2023-03-21,apes together strong 🦍 SPY,positive,0.4431745462478381,SPY,youtube,30,5
2023-04-13,AMZN looking interesting ngl,neutral,-0.1509036214164069,AMZN,youtube,0,2
2024-10-31,"TSLA scam, dont buy this garbage",negative,-0.5085251109072277,TSLA,youtube,195,1
2023-03-16,rip to everyone who bought AMZN at the top,negative,-0.8511635471952635,AMZN,youtube,34,0
2024-11-03,anyone still holding AMZN?,neutral,-0.06839576907703973,AMZN,youtube,34,1
2023-01-26,"never selling my Tesla shares, generational wealth",positive,0.3950243383794838,TSLA,youtube,24,5
2023-07-07,just bought more AMC let's gooo,positive,0.6937053785798502,AMC,youtube,7,2
2024-03-08,lol bears are so wrong about SPY,positive,0.3640140423295628,SPY,youtube,119,6
2024-02-02,"best stock ever, Nvidia is the future",positive,0.3788432230832782,NVDA,youtube,37,3
2023-09-29,what do yall think about AMC?,neutral,0.10221909033654403,AMC,youtube,3,3
2023-09-02,"SPY scam, dont buy this garbage",negative,-0.3417337549918813,SPY,youtube,33,10
2023-07-30,"new to investing, is Google good?",neutral,0.07235490400017203,GOOGL,youtube,104,11
2024-08-20,"META going to zero, get out now",negative,-0.3235926972251648,META,youtube,54,1
2023-12-08,what do yall think about AAPL?,neutral,-0.1476555734701358,AAPL,youtube,33,9
2023-12-21,🚀🚀🚀 SPY to the moon!!!,positive,0.8341977152054214,SPY,youtube,7,1
2023-12-17,told yall NVDA was gonna pump,positive,0.6228633951355391,NVDA,youtube,14,5
2023-04-24,lmao META bagholders in shambles,negative,-0.3196756190365857,META,youtube,110,4
2023-07-15,waiting for NVDA to dip more,neutral,0.06634024379719794,NVDA,youtube,5,2
2023-08-09,"never selling my Amazon shares, generational wealth",positive,0.686396683712519,AMZN,youtube,2,4
2024-09-09,"SPY scam, dont buy this garbage",negative,-0.5047091410751678,SPY,youtube,36,0
2024-09-16,my portfolio up 500% thanks to GME 😂,positive,0.7167750026292566,GME,youtube,277,1
2023-07-12,should i buy AMZN or wait?,neutral,0.08104038671590508,AMZN,youtube,79,0
2023-04-09,"TSLA going to zero, get out now",negative,-0.4822668509970798,TSLA,youtube,16,2
2023-04-17,"this is gonna be huge, Meta will 10x easy",positive,0.5174360712082868,META,youtube,4,0
2023-04-25,my portfolio up 500% thanks to META 😂,positive,0.6480702198252185,META,youtube,20,16
2023-12-12,lol bears are so wrong about Nvidia,positive,0.698146574045228,NVDA,youtube,52,4
2023-02-20,"idk about META tbh, mixed signals",neutral,0.07478438199473786,META,youtube,18,1
2024-08-05,why did i buy Amazon?? down so bad rn,negative,-0.5530929110024261,AMZN,youtube,6,6
2024-05-14,"MSFT going to zero, get out now",negative,-0.5227141189235354,MSFT,youtube,56,1
2024-05-03,should i buy META or wait?,neutral,0.07943117149006607,META,youtube,185,15
2024-06-11,just bought more AAPL let's gooo,positive,0.40028207351060185,AAPL,youtube,22,4
2023-08-06,"SPY going to zero, get out now",negative,-0.7903199818526214,SPY,youtube,22,20
2023-06-04,"new to investing, is GameStop good?",neutral,-0.05725793874481733,GME,youtube,12,7
2023-10-02,"META going to zero, get out now",negative,-0.524927109748442,META,youtube,11,0
2023-11-30,🚀🚀🚀 Google to the moon!!!,positive,0.6923528219554509,GOOGL,youtube,92,2
2023-09-10,"GameStop is trash, worst investment ever",negative,-0.5331981918282281,GME,youtube,27,5
2024-02-01,paper hands saved me from AMC disaster,negative,-0.6264460357797749,AMC,youtube,111,14
2023-01-25,"sold all my Tesla, this thing is done",negative,-0.6895699695047005,TSLA,youtube,34,8
2023-12-23,should i buy Google or wait?,neutral,0.01002128312062664,GOOGL,youtube,146,6
2024-08-26,🚀🚀🚀 AMZN to the moon!!!,positive,0.6317040052584317,AMZN,youtube,33,4
2023-01-31,my portfolio up 500% thanks to NVDA 😂,positive,0.6619904681336639,NVDA,youtube,28,1
2024-10-01,"idk about META tbh, mixed signals",neutral,0.07949428206012021,META,youtube,54,1
2023-04-30,META looking interesting ngl,neutral,0.11074956488752868,META,youtube,19,2
2024-10-14,lol bears are so wrong about Microsoft,positive,0.59820178350619,MSFT,youtube,12,3
2023-01-26,Tesla making me rich fr fr,positive,0.36591928669162205,TSLA,youtube,47,4
2024-11-06,"new to investing, is AAPL good?",neutral,0.19359439545775764,AAPL,youtube,24,3
2023-10-02,my portfolio up 500% thanks to Tesla 😂,positive,0.42272637452696105,TSLA,youtube,73,5
2023-05-27,why did i buy GME?? down so bad rn,negative,-0.3775832986463077,GME,youtube,25,0
2024-04-04,"this is gonna be huge, AMZN will 10x easy",positive,0.6552118002252794,AMZN,youtube,58,0
2024-08-18,anyone still holding GME?,neutral,0.06019999380557617,GME,youtube,22,2
2023-02-18,"new to investing, is SPY good?",neutral,-0.19370401110048682,SPY,youtube,58,1
2024-04-24,paper hands saved me from AAPL disaster,negative,-0.4683865009496861,AAPL,youtube,45,3
2023-08-07,whats the PT for SPY?,neutral,-0.17613045586515713,SPY,youtube,14,2
2024-09-20,"this is gonna be huge, Amazon will 10x easy",positive,0.42549761005935904,AMZN,youtube,12,1
2024-06-13,why did i buy Google?? down so bad rn,negative,-0.4902373213803923,GOOGL,youtube,8,12
2024-11-09,anyone still holding NVDA?,neutral,0.1880407057326246,NVDA,youtube,41,2
2024-09-15,"sold all my Apple, this thing is done",negative,-0.7324013888817956,AAPL,youtube,103,0
2023-08-30,whats the PT for META?,neutral,0.10153530367415065,META,youtube,30,1
2023-06-16,"best stock ever, AAPL is the future",positive,0.7576034543859325,AAPL,youtube,6,4
2024-07-29,paper hands saved me from AMC disaster,negative,-0.8732021796855408,AMC,youtube,23,5
2023-09-04,my portfolio up 500% thanks to Tesla 😂,positive,0.6556870775635855,TSLA,youtube,10,1
2024-09-23,who else is buying the dip? GameStop gang,positive,0.7236457895017891,GME,youtube,4,1
2024-04-21,"best stock ever, MSFT is the future",positive,0.6074436860760898,MSFT,youtube,43,3
2023-04-11,Tesla making me rich fr fr,positive,0.30952465307630866,TSLA,youtube,4,1
2023-05-05,"this is gonna be huge, MSFT will 10x easy",positive,0.6176423780140361,MSFT,youtube,1,4
2023-12-24,who else is buying the dip? GME gang,positive,0.8215200528388844,GME,youtube,54,4
2023-05-04,"sold all my AMC, this thing is done",negative,-0.6502282177489858,AMC,youtube,25,1
2023-08-24,"new to investing, is META good?",neutral,-0.12265772566264364,META,youtube,216,5
2023-09-12,"idk about AMC tbh, mixed signals",neutral,0.1807349741667234,AMC,youtube,67,12
2023-07-11,"new to investing, is Amazon good?",neutral,0.08021284623679892,AMZN,youtube,0,0
2023-01-14,"sold all my GameStop, this thing is done",negative,-0.32292509771326905,GME,youtube,124,2
2024-07-24,waiting for Google to dip more,neutral,-0.07443897873311708,GOOGL,youtube,61,1
2023-08-20,"best stock ever, Microsoft is the future",positive,0.544703584005066,MSFT,youtube,55,2
2024-01-04,🚀🚀🚀 TSLA to the moon!!!,positive,0.42178285621463774,TSLA,youtube,26,1
2023-11-16,"new to investing, is Amazon good?",neutral,0.06812235251630094,AMZN,youtube,78,1
2024-07-26,just bought more AMC let's gooo,positive,0.5710614704374113,AMC,youtube,136,0
2023-06-14,"sold all my META, this thing is done",negative,-0.8111409001192769,META,youtube,31,5
2024-10-06,rip to everyone who bought Tesla at the top,negative,-0.6182986606353995,TSLA,youtube,77,1
2023-11-07,rip to everyone who bought AAPL at the top,negative,-0.33503679785640317,AAPL,youtube,14,6
2023-11-25,waiting for MSFT to dip more,neutral,-0.08525822644247577,MSFT,youtube,5,3
2024-02-06,"this is gonna be huge, Nvidia will 10x easy",positive,0.3589942002551783,NVDA,youtube,5,8
2023-10-30,who else got rekt by SPY? 😭,negative,-0.6171420908206979,SPY,youtube,40,6
2023-03-15,just bought more AAPL let's gooo,positive,0.7838444725753457,AAPL,youtube,52,1
2023-02-22,who else is buying the dip? Tesla gang,positive,0.47069068752438126,TSLA,youtube,19,1
2023-07-01,diamond hands 💎🙌 holding GameStop forever,positive,0.8930922870203046,GME,youtube,55,4
2024-11-12,"new to investing, is TSLA good?",neutral,0.07040062437676292,TSLA,youtube,4,5
2024-03-26,waiting for Tesla to dip more,neutral,0.03993945328403242,TSLA,youtube,8,10
2024-09-22,waiting for Tesla to dip more,neutral,0.04500015114312336,TSLA,youtube,107,6
2024-03-15,my portfolio up 500% thanks to SPY 😂,positive,0.47743434297100484,SPY,youtube,196,0
2024-01-05,just bought more NVDA let's gooo,positive,0.6800147471838573,NVDA,youtube,129,17
2024-10-14,told yall GOOGL was gonna pump,positive,0.6551626072237787,GOOGL,youtube,64,9
2024-09-05,"never selling my Amazon shares, generational wealth",positive,0.7711086124339663,AMZN,youtube,15,1
2023-11-20,diamond hands 💎🙌 holding META forever,positive,0.7341469269846896,META,youtube,6,3
2024-10-13,"sold all my SPY, this thing is done",negative,-0.40372148902767446,SPY,youtube,40,10
2023-07-13,paper hands saved me from NVDA disaster,negative,-0.5292555455288108,NVDA,youtube,79,0
2023-05-04,who else got rekt by GameStop? 😭,negative,-0.30437930262569257,GME,youtube,25,1
2024-07-18,AMZN making me rich fr fr,positive,0.42917897839286767,AMZN,youtube,162,1
2024-09-28,who else is buying the dip? GameStop gang,positive,0.476387178454841,GME,youtube,14,0
2024-09-01,anyone still holding GameStop?,neutral,0.18473326651652788,GME,youtube,84,4
2023-09-19,just bought more AMC let's gooo,positive,0.7077602350950503,AMC,youtube,15,13
2024-03-31,diamond hands 💎🙌 holding Amazon forever,positive,0.7842960469753106,AMZN,youtube,72,6
2024-11-20,waiting for SPY to dip more,neutral,-0.14684460431805296,SPY,youtube,3,2
2024-05-07,rip to everyone who bought Tesla at the top,negative,-0.40807385290435305,TSLA,youtube,1,6
2024-01-13,MSFT looking interesting ngl,neutral,-0.1665590875902344,MSFT,youtube,70,1
2023-10-21,"Nvidia is trash, worst investment ever",negative,-0.6483498426618646,NVDA,youtube,4,1
2023-11-09,should i buy NVDA or wait?,neutral,0.09780281465908786,NVDA,youtube,37,1
2023-02-26,anyone still holding NVDA?,neutral,0.187270561611792,NVDA,youtube,11,5
2023-08-06,waiting for Google to dip more,neutral,0.03887974106365516,GOOGL,youtube,72,6
2024-10-19,"SPY going to zero, get out now",negative,-0.4885667362415344,SPY,youtube,15,0
2024-05-30,"Amazon going to zero, get out now",negative,-0.7138239484279356,AMZN,youtube,42,0
2024-08-23,anyone still holding AAPL?,neutral,-0.19815987884293929,AAPL,youtube,6,0
2023-03-06,"idk about Nvidia tbh, mixed signals",neutral,0.004907500313780788,NVDA,youtube,111,0
2024-11-13,Nvidia making me rich fr fr,positive,0.7132134905587005,NVDA,youtube,41,1
2024-10-11,diamond hands 💎🙌 holding AMC forever,positive,0.43841767406919174,AMC,youtube,49,0
2023-10-27,my portfolio up 500% thanks to Nvidia 😂,positive,0.3074348783887015,NVDA,youtube,24,2
2023-09-05,whats the PT for AAPL?,neutral,0.14828787066237764,AAPL,youtube,92,0
2023-11-15,"sold all my Nvidia, this thing is done",negative,-0.843581551119464,NVDA,youtube,4,2
2024-01-16,"TSLA scam, dont buy this garbage",negative,-0.8970358169970257,TSLA,youtube,0,3
2023-07-29,Amazon looking interesting ngl,neutral,-0.09367178371095007,AMZN,youtube,34,2
2024-01-07,apes together strong 🦍 META,positive,0.4526332849698294,META,youtube,5,10
2024-02-11,who else is buying the dip? AMC gang,positive,0.5154578301218347,AMC,youtube,51,5
2024-02-16,told yall TSLA was gonna pump,positive,0.6892098269425402,TSLA,youtube,22,0
2023-11-04,my portfolio up 500% thanks to GameStop 😂,positive,0.5101931232637335,GME,youtube,128,1
2023-07-30,"this is gonna be huge, Amazon will 10x easy",positive,0.45160452717454613,AMZN,youtube,20,1
2024-11-09,"idk about Tesla tbh, mixed signals",neutral,-0.04192350227497804,TSLA,youtube,24,3
2023-11-08,anyone still holding AMC?,neutral,0.061258395237788754,AMC,youtube,185,4
2023-02-11,"idk about AMC tbh, mixed signals",neutral,-0.07247124155757648,AMC,youtube,95,3
2024-03-11,"sold all my SPY, this thing is done",negative,-0.61014384101139,SPY,youtube,61,0
2024-07-11,waiting for SPY to dip more,neutral,0.17470725334884096,SPY,youtube,55,0
2023-02-16,my portfolio up 500% thanks to AMZN 😂,positive,0.744452280775179,AMZN,youtube,53,12
2024-10-12,"GOOGL is trash, worst investment ever",negative,-0.6222158009125727,GOOGL,youtube,27,19
2024-07-08,rip to everyone who bought NVDA at the top,negative,-0.4999083190224909,NVDA,youtube,30,6
2023-02-18,my portfolio up 500% thanks to AMC 😂,positive,0.8508568759203234,AMC,youtube,12,2
2024-03-08,what do yall think about Nvidia?,neutral,-0.15419648563509672,NVDA,youtube,32,13
2023-09-30,"this is gonna be huge, AMC will 10x easy",positive,0.30114942370739944,AMC,youtube,116,3
2024-01-12,"GameStop is trash, worst investment ever",negative,-0.46229148093847666,GME,youtube,7,1
2023-05-11,my portfolio up 500% thanks to GOOGL 😂,positive,0.5922872176684854,GOOGL,youtube,19,12
2023-01-26,"this is gonna be huge, AAPL will 10x easy",positive,0.4342633749485121,AAPL,youtube,7,0
2023-04-18,"Apple is trash, worst investment ever",negative,-0.5435576073889838,AAPL,youtube,19,3
2023-10-16,whats the PT for SPY?,neutral,-0.03188469173545977,SPY,youtube,35,17
2023-10-09,"Amazon going to zero, get out now",negative,-0.7927448979173614,AMZN,youtube,93,12
2024-04-21,told yall GME was gonna pump,positive,0.8416027021650221,GME,youtube,17,10
2024-10-15,"idk about Google tbh, mixed signals",neutral,-0.1456771577723231,GOOGL,youtube,33,0
2023-08-04,why did i buy NVDA?? down so bad rn,negative,-0.4529780795390447,NVDA,youtube,41,6
2024-04-08,why did i buy Tesla?? down so bad rn,negative,-0.5933458793061488,TSLA,youtube,14,4
2024-07-22,lmao AAPL bagholders in shambles,negative,-0.7873153334654586,AAPL,youtube,47,1
2024-09-11,who else got rekt by NVDA? 😭,negative,-0.3320964027615254,NVDA,youtube,41,4
2023-03-22,"Meta going to zero, get out now",negative,-0.6488606411175848,META,youtube,4,0
2023-01-24,anyone still holding GameStop?,neutral,0.05587524085817164,GME,youtube,4,1
2024-07-09,"this is gonna be huge, Tesla will 10x easy",positive,0.776640605935167,TSLA,youtube,8,3
2024-10-26,rip to everyone who bought MSFT at the top,negative,-0.6112492305770567,MSFT,youtube,67,3
2024-01-07,🚀🚀🚀 Tesla to the moon!!!,positive,0.6932565006618625,TSLA,youtube,110,3
2023-05-09,biggest regret buying Amazon smh,negative,-0.4862416258033601,AMZN,youtube,85,5
2023-07-28,"Tesla going to zero, get out now",negative,-0.6622316890563773,TSLA,youtube,5,8
2024-05-16,anyone still holding SPY?,neutral,-0.035028203994896534,SPY,youtube,25,3
2024-10-28,who else got rekt by AMC? 😭,negative,-0.3596532416621012,AMC,youtube,8,2
2023-05-03,"best stock ever, Microsoft is the future",positive,0.6477236060962352,MSFT,youtube,8,1
2023-03-11,"best stock ever, GOOGL is the future",positive,0.5927049860866667,GOOGL,youtube,7,5
2023-05-13,rip to everyone who bought Amazon at the top,negative,-0.790048268563348,AMZN,youtube,41,1
2023-07-18,apes together strong 🦍 MSFT,positive,0.5760763300000766,MSFT,youtube,10,6
2023-10-21,told yall SPY was gonna pump,positive,0.8324895102409033,SPY,youtube,43,0
2024-02-08,whats the PT for Microsoft?,neutral,0.05961447036740869,MSFT,youtube,126,0
2024-07-05,🚀🚀🚀 Nvidia to the moon!!!,positive,0.44292843169748863,NVDA,youtube,136,2
2023-12-05,whats the PT for AAPL?,neutral,-0.09038087672082584,AAPL,youtube,68,11
2024-10-30,"new to investing, is SPY good?",neutral,0.004313196206191888,SPY,youtube,114,0
2024-06-09,anyone still holding Tesla?,neutral,0.11892565763465007,TSLA,youtube,119,12
2024-05-03,why did i buy META?? down so bad rn,negative,-0.6991226754158046,META,youtube,33,4
2023-05-18,rip to everyone who bought MSFT at the top,negative,-0.8707482736283386,MSFT,youtube,81,11
2024-07-27,"this is gonna be huge, GameStop will 10x easy",positive,0.49097109186988097,GME,youtube,285,10
2023-01-16,who else got rekt by AAPL? 😭,negative,-0.7045092725365901,AAPL,youtube,176,8
2023-11-08,"new to investing, is Meta good?",neutral,-0.04639506979228317,META,youtube,10,0
2023-11-18,anyone still holding SPY?,neutral,-0.02641043073883856,SPY,youtube,52,11
2023-05-04,lol bears are so wrong about SPY,positive,0.7625374099677492,SPY,youtube,127,0
2023-09-04,my portfolio up 500% thanks to Amazon 😂,positive,0.7077854784427953,AMZN,youtube,14,3
2024-07-31,lmao AAPL bagholders in shambles,negative,-0.5852273390283751,AAPL,youtube,18,0
2024-09-29,"SPY scam, dont buy this garbage",negative,-0.3802991329247616,SPY,youtube,45,13
2024-02-03,"never selling my Amazon shares, generational wealth",positive,0.7250126634857819,AMZN,youtube,62,6
2023-01-20,rip to everyone who bought GOOGL at the top,negative,-0.6414379609292113,GOOGL,youtube,25,34
2023-01-28,lol bears are so wrong about Meta,positive,0.5860623123638556,META,youtube,74,0
2024-05-23,TSLA making me rich fr fr,positive,0.7159122022724367,TSLA,youtube,3,11
2024-08-03,whats the PT for GOOGL?,neutral,-0.11541619624524531,GOOGL,youtube,25,2
2023-01-04,anyone still holding Nvidia?,neutral,0.16013598554971797,NVDA,youtube,42,3
2023-09-03,lmao AMC bagholders in shambles,negative,-0.6143734902674391,AMC,youtube,19,5
2024-03-19,diamond hands 💎🙌 holding MSFT forever,positive,0.4392474529128133,MSFT,youtube,13,1
2023-08-27,what do yall think about Tesla?,neutral,0.11795533192049923,TSLA,youtube,55,2
2024-07-25,anyone still holding NVDA?,neutral,0.04071466754065428,NVDA,youtube,171,20
2023-03-29,paper hands saved me from SPY disaster,negative,-0.5411391498059919,SPY,youtube,53,7
2024-07-01,told yall AMC was gonna pump,positive,0.4386791163753617,AMC,youtube,96,2
2023-08-03,anyone still holding TSLA?,neutral,0.11868934532374592,TSLA,youtube,26,1
2024-05-03,who else got rekt by SPY? 😭,negative,-0.7293019295665715,SPY,youtube,93,1
2023-09-03,🚀🚀🚀 AMC to the moon!!!,positive,0.68598148709651,AMC,youtube,98,12
2023-03-12,diamond hands 💎🙌 holding MSFT forever,positive,0.6709011297997749,MSFT,youtube,113,2
2023-06-15,biggest regret buying Microsoft smh,negative,-0.6959944398552568,MSFT,youtube,39,1
2024-06-03,biggest regret buying SPY smh,negative,-0.6911686278054395,SPY,youtube,144,0
2023-03-04,what do yall think about AMZN?,neutral,-0.0018159467310558952,AMZN,youtube,12,1
2023-01-19,who else is buying the dip? AMZN gang,positive,0.7414972182303471,AMZN,youtube,30,3
2024-05-08,what do yall think about Microsoft?,neutral,0.15169626700660416,MSFT,youtube,3,2
2023-04-18,"AMZN going to zero, get out now",negative,-0.3209998743139685,AMZN,youtube,2,4
2024-09-09,anyone still holding MSFT?,neutral,0.017934061875597707,MSFT,youtube,195,3
2023-02-02,"never selling my AMZN shares, generational wealth",positive,0.38501695035613903,AMZN,youtube,29,22
2023-08-03,lmao Nvidia bagholders in shambles,negative,-0.3279294261976835,NVDA,youtube,16,11
2024-01-04,my portfolio up 500% thanks to NVDA 😂,positive,0.8557045545639741,NVDA,youtube,88,1
2023-08-27,🚀🚀🚀 GOOGL to the moon!!!,positive,0.7023804569009159,GOOGL,youtube,69,17
2024-02-14,"AMZN scam, dont buy this garbage",negative,-0.8913347374589128,AMZN,youtube,23,6
2023-08-26,diamond hands 💎🙌 holding Amazon forever,positive,0.5563048738038057,AMZN,youtube,8,4
2023-08-22,biggest regret buying Amazon smh,negative,-0.30401568341532115,AMZN,youtube,12,1
2023-07-26,"never selling my SPY shares, generational wealth",positive,0.5373232486426425,SPY,youtube,34,2
2024-09-09,rip to everyone who bought NVDA at the top,negative,-0.482921370588949,NVDA,youtube,66,11
2024-07-28,diamond hands 💎🙌 holding Microsoft forever,positive,0.8493562518106077,MSFT,youtube,54,16
2023-09-30,"sold all my META, this thing is done",negative,-0.8485662189424307,META,youtube,252,3
2023-04-04,paper hands saved me from Google disaster,negative,-0.6429413134603885,GOOGL,youtube,19,3
2024-01-18,"this is gonna be huge, AMZN will 10x easy",positive,0.4544429330876194,AMZN,youtube,41,2
2024-07-17,"this is gonna be huge, GameStop will 10x easy",positive,0.837420661146911,GME,youtube,30,3
2024-04-17,told yall GOOGL was gonna pump,positive,0.7773344990368706,GOOGL,youtube,55,2
2023-07-08,why did i buy GameStop?? down so bad rn,negative,-0.765694566861961,GME,youtube,3,10
2023-05-07,should i buy SPY or wait?,neutral,0.1752795661702441,SPY,youtube,115,3
2024-01-21,lol bears are so wrong about Microsoft,positive,0.6020704164012214,MSFT,youtube,18,0
2024-06-21,Microsoft making me rich fr fr,positive,0.3176197796808286,MSFT,youtube,18,0
2023-10-20,"this is gonna be huge, GME will 10x easy",positive,0.4182095277690116,GME,youtube,55,1
2024-03-18,should i buy NVDA or wait?,neutral,0.09409916238745558,NVDA,youtube,57,1
2024-11-21,whats the PT for AMC?,neutral,0.13816833565860365,AMC,youtube,63,7
2023-03-14,"idk about META tbh, mixed signals",neutral,-0.13408964526915274,META,youtube,63,1
2023-12-17,Nvidia looking interesting ngl,neutral,0.18378511799570507,NVDA,youtube,49,1
2023-03-21,diamond hands 💎🙌 holding Google forever,positive,0.5556264620785571,GOOGL,youtube,64,4
2023-12-09,"this is gonna be huge, Microsoft will 10x easy",positive,0.3413473079567288,MSFT,youtube,36,3
2023-09-15,what do yall think about META?,neutral,0.09365893586418872,META,youtube,1,7
2023-10-21,my portfolio up 500% thanks to NVDA 😂,positive,0.41069336131276335,NVDA,youtube,74,5
2024-11-14,"idk about SPY tbh, mixed signals",neutral,-0.05037459304597114,SPY,youtube,13,1
2023-08-07,apes together strong 🦍 AMC,positive,0.7931917966114328,AMC,youtube,61,17
2023-04-09,my portfolio up 500% thanks to Nvidia 😂,positive,0.493196337796059,NVDA,youtube,10,4
2024-07-12,"AMC is trash, worst investment ever",negative,-0.544445791533323,AMC,youtube,10,1
2023-03-28,biggest regret buying AMC smh,negative,-0.5530071608144995,AMC,youtube,83,8
2024-08-10,just bought more META let's gooo,positive,0.7762171103024282,META,youtube,27,0
2023-04-05,my portfolio up 500% thanks to NVDA 😂,positive,0.8111185047084899,NVDA,youtube,17,0
2023-11-07,who else is buying the dip? SPY gang,positive,0.735524606097171,SPY,youtube,29,0
2023-04-14,"this is gonna be huge, Amazon will 10x easy",positive,0.8214454890406215,AMZN,youtube,6,4
2024-04-17,SPY making me rich fr fr,positive,0.6338726271575039,SPY,youtube,18,1
2023-03-18,diamond hands 💎🙌 holding MSFT forever,positive,0.8357630505723361,MSFT,youtube,58,13
2023-06-07,lol bears are so wrong about Nvidia,positive,0.4201611637070538,NVDA,youtube,64,0
2024-07-19,apes together strong 🦍 SPY,positive,0.39672917925581586,SPY,youtube,10,0
2024-02-01,"best stock ever, Nvidia is the future",positive,0.4363468967328368,NVDA,youtube,2,1
2023-07-13,whats the PT for AMZN?,neutral,0.008127443297535286,AMZN,youtube,13,0
2024-08-14,should i buy AMZN or wait?,neutral,-0.1734477570882596,AMZN,youtube,76,0
2023-06-22,my portfolio up 500% thanks to Meta 😂,positive,0.5888443279693784,META,youtube,16,7
2024-05-08,anyone still holding AMZN?,neutral,0.0905299992535874,AMZN,youtube,76,5
2024-05-11,what do yall think about GameStop?,neutral,0.10059542294838247,GME,youtube,29,2
2023-12-27,"Microsoft scam, dont buy this garbage",negative,-0.4290251860472518,MSFT,youtube,13,2
2024-02-24,"best stock ever, AMZN is the future",positive,0.5679490662573027,AMZN,youtube,2,5
2024-01-04,just bought more TSLA let's gooo,positive,0.613371288181992,TSLA,youtube,53,1
2023-02-05,waiting for GME to dip more,neutral,-0.0225963592879542,GME,youtube,119,11
2023-12-18,rip to everyone who bought GOOGL at the top,negative,-0.6862782416941741,GOOGL,youtube,18,1
2024-09-02,"NVDA scam, dont buy this garbage",negative,-0.32245824757342056,NVDA,youtube,83,6
2024-05-06,"idk about Tesla tbh, mixed signals",neutral,0.054302533747007664,TSLA,youtube,2,12
2023-01-21,whats the PT for Meta?,neutral,0.14363725368279456,META,youtube,19,0
2023-02-02,lmao Nvidia bagholders in shambles,negative,-0.8929486442412093,NVDA,youtube,12,1
2024-08-26,who else got rekt by Amazon? 😭,negative,-0.37553936219006034,AMZN,youtube,28,1
2024-05-15,"NVDA going to zero, get out now",negative,-0.8203043373346708,NVDA,youtube,68,0
2023-11-25,"never selling my Nvidia shares, generational wealth",positive,0.3464976129970453,NVDA,youtube,11,9
2024-01-12,"this is gonna be huge, MSFT will 10x easy",positive,0.61918137646751,MSFT,youtube,10,3
2023-08-01,"NVDA scam, dont buy this garbage",negative,-0.7132566787994677,NVDA,youtube,11,1
2024-09-16,anyone still holding GME?,neutral,0.0772351035078292,GME,youtube,69,5
2024-01-09,anyone still holding GameStop?,neutral,-0.09227273545628623,GME,youtube,20,14
2024-02-25,biggest regret buying SPY smh,negative,-0.46720294614617913,SPY,youtube,3,4
2024-08-28,who else is buying the dip? GameStop gang,positive,0.3127932440884276,GME,youtube,8,9
2023-03-18,diamond hands 💎🙌 holding AAPL forever,positive,0.8272848593967204,AAPL,youtube,30,2
2024-09-28,lol bears are so wrong about GOOGL,positive,0.420006353666018,GOOGL,youtube,6,2
2024-10-15,"idk about AMC tbh, mixed signals",neutral,0.1713487374884204,AMC,youtube,45,2
2024-03-13,who else is buying the dip? Microsoft gang,positive,0.5246616944094087,MSFT,youtube,30,1
2023-10-05,whats the PT for GOOGL?,neutral,-0.014141599543684491,GOOGL,youtube,14,2
2024-02-17,"idk about TSLA tbh, mixed signals",neutral,0.1799148405232026,TSLA,youtube,2,7
2024-01-18,"sold all my AMZN, this thing is done",negative,-0.8043442758670188,AMZN,youtube,6,13
2023-01-23,who else is buying the dip? Nvidia gang,positive,0.3399050372799491,NVDA,youtube,15,4
2024-11-16,"AMC going to zero, get out now",negative,-0.46856536739180354,AMC,youtube,30,1
2023-06-09,lol bears are so wrong about SPY,positive,0.7276516531162175,SPY,youtube,19,3
2023-09-05,anyone still holding Amazon?,neutral,-0.1334962286794414,AMZN,youtube,8,1
2023-05-01,"SPY is trash, worst investment ever",negative,-0.3388853817254579,SPY,youtube,81,1
2024-05-11,"idk about GME tbh, mixed signals",neutral,0.017389968153745328,GME,youtube,74,1
2024-09-17,AMC looking interesting ngl,neutral,0.007589542377755054,AMC,youtube,160,1
2023-08-28,apes together strong 🦍 TSLA,positive,0.8142695653904204,TSLA,youtube,21,5
2024-06-12,"AMC going to zero, get out now",negative,-0.7930204314985465,AMC,youtube,186,0
2023-12-04,should i buy AMC or wait?,neutral,0.027899292465316,AMC,youtube,164,2
2023-05-29,biggest regret buying GME smh,negative,-0.8671961568134673,GME,youtube,8,19
2023-12-29,MSFT looking interesting ngl,neutral,0.12227914217522756,MSFT,youtube,3,3
2023-12-11,"Amazon going to zero, get out now",negative,-0.8883868945014887,AMZN,youtube,17,0
2024-01-24,waiting for Microsoft to dip more,neutral,0.14310943838764562,MSFT,youtube,10,8
2024-02-16,who else is buying the dip? MSFT gang,positive,0.5933358857182456,MSFT,youtube,26,2
2024-03-09,"Google is trash, worst investment ever",negative,-0.6601334713956679,GOOGL,youtube,66,1
2024-02-17,"this is gonna be huge, AMC will 10x easy",positive,0.870962441351129,AMC,youtube,64,1
2023-05-26,anyone still holding Google?,neutral,0.011158553617357014,GOOGL,youtube,21,1
2024-02-22,anyone still holding SPY?,neutral,0.18473816181073377,SPY,youtube,85,5
2023-10-15,why did i buy Apple?? down so bad rn,negative,-0.3298652366439405,AAPL,youtube,123,11
2023-02-08,just bought more META let's gooo,positive,0.8926377331838649,META,youtube,25,9
2024-10-12,diamond hands 💎🙌 holding MSFT forever,positive,0.5882049457333361,MSFT,youtube,141,4
2023-06-05,"new to investing, is AMC good?",neutral,-0.09922985185734304,AMC,youtube,46,0
2023-04-19,"AAPL going to zero, get out now",negative,-0.8716582357861717,AAPL,youtube,21,2
2024-06-11,should i buy GME or wait?,neutral,-0.05064555818106328,GME,youtube,50,1
2023-06-06,"sold all my Meta, this thing is done",negative,-0.6997928873926307,META,youtube,5,0
2024-02-06,should i buy Apple or wait?,neutral,-0.16232301716674513,AAPL,youtube,100,1
2024-06-15,apes together strong 🦍 SPY,positive,0.5622515195756557,SPY,youtube,15,8
2023-06-21,anyone still holding AMZN?,neutral,-0.1629454525248776,AMZN,youtube,69,4
2023-12-09,rip to everyone who bought Meta at the top,negative,-0.426160942007993,META,youtube,55,1
2023-12-21,lol bears are so wrong about GOOGL,positive,0.8690763865817597,GOOGL,youtube,47,5
2024-10-28,AMZN making me rich fr fr,positive,0.3351844204958694,AMZN,youtube,78,1
2024-02-03,should i buy AMZN or wait?,neutral,0.155706061929979,AMZN,youtube,148,0
2024-04-19,"NVDA scam, dont buy this garbage",negative,-0.3773512464791253,NVDA,youtube,10,19
2023-08-09,anyone still holding GameStop?,neutral,0.10944478687926817,GME,youtube,93,6
2023-11-11,should i buy GME or wait?,neutral,0.07814148259228226,GME,youtube,10,5
2023-07-20,"best stock ever, TSLA is the future",positive,0.5279650850508172,TSLA,youtube,87,2
2023-01-27,what do yall think about GOOGL?,neutral,-0.10798846804837599,GOOGL,youtube,5,2
2023-08-16,should i buy AMC or wait?,neutral,0.01225423294898248,AMC,youtube,139,20
2024-09-05,whats the PT for SPY?,neutral,0.08870200129039646,SPY,youtube,5,1
2024-09-26,told yall MSFT was gonna pump,positive,0.6525487323368914,MSFT,youtube,115,8
2023-01-26,apes together strong 🦍 GME,positive,0.5148329473394389,GME,youtube,74,0
2024-04-03,whats the PT for GameStop?,neutral,-0.09986862247918711,GME,youtube,82,3
2023-05-03,anyone still holding AAPL?,neutral,0.06261217447527445,AAPL,youtube,143,1
2024-03-25,"new to investing, is GameStop good?",neutral,0.19774098316101446,GME,youtube,46,1
2024-05-27,told yall Apple was gonna pump,positive,0.4152583020559224,AAPL,youtube,47,2
2023-02-12,"this is gonna be huge, Nvidia will 10x easy",positive,0.8031396848627288,NVDA,youtube,115,0
2024-05-27,"new to investing, is GameStop good?",neutral,-0.0969352320653259,GME,youtube,7,1
2024-11-12,waiting for Microsoft to dip more,neutral,0.11727008267368672,MSFT,youtube,88,6
2024-11-18,rip to everyone who bought GOOGL at the top,negative,-0.8822494898171918,GOOGL,youtube,25,9
2024-08-08,"best stock ever, Meta is the future",positive,0.6773038731352097,META,youtube,24,6
2024-10-06,"AMZN going to zero, get out now",negative,-0.773799778626441,AMZN,youtube,29,6
2023-03-11,my portfolio up 500% thanks to SPY 😂,positive,0.8425597850915212,SPY,youtube,0,5
2024-06-15,"NVDA is trash, worst investment ever",negative,-0.42599459038293264,NVDA,youtube,145,0
2024-04-04,"new to investing, is AMC good?",neutral,0.14554805905249818,AMC,youtube,92,15
2024-08-01,who else got rekt by AMC? 😭,negative,-0.8115092815171749,AMC,youtube,21,0
2024-01-30,"META going to zero, get out now",negative,-0.3643762115429491,META,youtube,156,0
2023-01-22,diamond hands 💎🙌 holding Nvidia forever,positive,0.3853673452114733,NVDA,youtube,18,1
2024-07-20,rip to everyone who bought TSLA at the top,negative,-0.5161008217169183,TSLA,youtube,15,4
2023-02-28,told yall TSLA was gonna pump,positive,0.870964970840137,TSLA,youtube,2,0
2024-04-18,anyone still holding Microsoft?,neutral,0.14366758124526147,MSFT,youtube,54,0
2023-09-15,diamond hands 💎🙌 holding AAPL forever,positive,0.6381072504697638,AAPL,youtube,32,6
2023-01-05,who else got rekt by Tesla? 😭,negative,-0.42494354861976946,TSLA,youtube,214,17
2023-12-01,who else got rekt by Tesla? 😭,negative,-0.8933299305993758,TSLA,youtube,17,3
2024-09-25,"best stock ever, Microsoft is the future",positive,0.5546978247163006,MSFT,youtube,7,7
2023-04-11,"new to investing, is GME good?",neutral,0.14466690347130134,GME,youtube,195,20
2023-01-19,lol bears are so wrong about SPY,positive,0.618733550329156,SPY,youtube,29,4
2023-08-09,"idk about AMZN tbh, mixed signals",neutral,0.042998519092752124,AMZN,youtube,157,1
2023-01-23,"never selling my Nvidia shares, generational wealth",positive,0.8380668701215408,NVDA,youtube,41,24
2024-08-29,should i buy META or wait?,neutral,0.1339413962147007,META,youtube,115,7
2024-05-15,diamond hands 💎🙌 holding AMZN forever,positive,0.7475800847316509,AMZN,youtube,5,2
2023-09-08,lol bears are so wrong about SPY,positive,0.836902228023751,SPY,youtube,36,3
2023-02-13,waiting for AMC to dip more,neutral,-0.08258188284201329,AMC,youtube,49,5
2023-02-18,biggest regret buying Meta smh,negative,-0.6434867072638479,META,youtube,21,12
2024-06-24,"this is gonna be huge, Nvidia will 10x easy",positive,0.6383424303635185,NVDA,youtube,288,6
2024-05-16,lol bears are so wrong about NVDA,positive,0.530650924037861,NVDA,youtube,2,4
2023-09-30,"idk about AMC tbh, mixed signals",neutral,0.13453727831433498,AMC,youtube,8,1
2023-01-11,rip to everyone who bought META at the top,negative,-0.4699968790302374,META,youtube,244,8
2024-08-24,🚀🚀🚀 SPY to the moon!!!,positive,0.403837169520423,SPY,youtube,65,1
2024-06-09,waiting for Google to dip more,neutral,-0.15177239321795397,GOOGL,youtube,148,2
2023-01-24,"Microsoft scam, dont buy this garbage",negative,-0.6342013819473269,MSFT,youtube,137,0
2024-07-23,SPY making me rich fr fr,positive,0.8054167647398114,SPY,youtube,58,7
2023-03-30,should i buy NVDA or wait?,neutral,-0.11935466230079378,NVDA,youtube,23,15
2023-01-16,should i buy TSLA or wait?,neutral,0.14031975132784552,TSLA,youtube,54,0
2024-01-27,"idk about AMC tbh, mixed signals",neutral,-0.15639073571220274,AMC,youtube,41,8
2024-02-10,Nvidia making me rich fr fr,positive,0.7700880891052866,NVDA,youtube,72,3
2024-08-04,who else got rekt by Nvidia? 😭,negative,-0.46549317891572806,NVDA,youtube,78,3
2024-01-20,rip to everyone who bought Apple at the top,negative,-0.7409738827731944,AAPL,youtube,91,0
2024-09-09,"idk about GOOGL tbh, mixed signals",neutral,-0.1960797892264116,GOOGL,youtube,179,4
2023-12-01,GOOGL making me rich fr fr,positive,0.7573795922891495,GOOGL,youtube,66,2
2024-03-13,"best stock ever, AMC is the future",positive,0.37527485372458913,AMC,youtube,1,3
2023-05-20,lmao Amazon bagholders in shambles,negative,-0.5173423679716573,AMZN,youtube,6,7
2024-10-21,lmao AMZN bagholders in shambles,negative,-0.875495734230007,AMZN,youtube,13,12
2024-11-11,should i buy TSLA or wait?,neutral,-0.04739177912427189,TSLA,youtube,61,1
2024-02-29,told yall Apple was gonna pump,positive,0.40751419773090963,AAPL,youtube,21,1
2023-01-21,"AMZN scam, dont buy this garbage",negative,-0.3776426197642293,AMZN,youtube,196,1
2024-03-15,apes together strong 🦍 META,positive,0.7673535934868354,META,youtube,92,1
2024-08-29,"idk about Amazon tbh, mixed signals",neutral,0.015295779298853562,AMZN,youtube,54,1
2023-01-20,diamond hands 💎🙌 holding NVDA forever,positive,0.792843486850314,NVDA,youtube,89,1
2024-05-23,SPY looking interesting ngl,neutral,-0.011864154149607176,SPY,youtube,110,20
2024-06-05,biggest regret buying SPY smh,negative,-0.389930840546191,SPY,youtube,67,4
2023-02-02,paper hands saved me from Apple disaster,negative,-0.5742791160130719,AAPL,youtube,3,4
2024-09-16,"this is gonna be huge, GME will 10x easy",positive,0.5234904195024652,GME,youtube,12,0
2023-12-03,lmao AMC bagholders in shambles,negative,-0.6878291824785028,AMC,youtube,17,5
2024-10-01,AMZN making me rich fr fr,positive,0.5670580121235269,AMZN,youtube,35,0
2024-05-12,rip to everyone who bought Google at the top,negative,-0.6944892669951075,GOOGL,youtube,7,5
2024-11-03,whats the PT for SPY?,neutral,-0.10826574595943393,SPY,youtube,13,10
2023-11-21,"Amazon going to zero, get out now",negative,-0.5098538949200597,AMZN,youtube,76,4
2024-06-21,whats the PT for Google?,neutral,0.16059103258800655,GOOGL,youtube,157,0
2024-11-11,my portfolio up 500% thanks to Tesla 😂,positive,0.5924126225271815,TSLA,youtube,0,8
2023-02-28,"best stock ever, Microsoft is the future",positive,0.44090162948851974,MSFT,youtube,4,9
2024-09-20,"new to investing, is GOOGL good?",neutral,0.13043282785200927,GOOGL,youtube,0,1
2023-01-24,rip to everyone who bought Amazon at the top,negative,-0.762637547124746,AMZN,youtube,62,1
2024-01-19,told yall META was gonna pump,positive,0.3262510200040532,META,youtube,28,5
2023-07-30,"this is gonna be huge, GameStop will 10x easy",positive,0.6908299026936088,GME,youtube,7,2
2024-02-06,biggest regret buying Microsoft smh,negative,-0.6858599195521768,MSFT,youtube,0,1
2023-03-30,lmao META bagholders in shambles,negative,-0.3644497341662277,META,youtube,14,3
2024-11-23,who else is buying the dip? AAPL gang,positive,0.6507059370670359,AAPL,youtube,30,0
2023-09-17,"idk about MSFT tbh, mixed signals",neutral,0.1517204186357436,MSFT,youtube,18,1
2024-04-05,whats the PT for MSFT?,neutral,-0.19087170799406109,MSFT,youtube,12,5
2023-10-08,told yall Amazon was gonna pump,positive,0.6341152534423571,AMZN,youtube,93,3
2023-08-19,should i buy SPY or wait?,neutral,0.08999290368383867,SPY,youtube,3,0
2023-05-04,SPY making me rich fr fr,positive,0.6311801566373352,SPY,youtube,23,2
2024-10-05,Apple looking interesting ngl,neutral,-0.11968069427245567,AAPL,youtube,55,18
2024-05-05,"AAPL going to zero, get out now",negative,-0.5233125425579968,AAPL,youtube,43,7
2023-02-11,paper hands saved me from SPY disaster,negative,-0.80686714332049,SPY,youtube,0,9
2023-05-30,biggest regret buying GOOGL smh,negative,-0.3675806906382194,GOOGL,youtube,16,9
2024-09-17,"idk about Microsoft tbh, mixed signals",neutral,-0.08517735755233771,MSFT,youtube,20,8
2023-11-29,"idk about SPY tbh, mixed signals",neutral,0.125244107388311,SPY,youtube,46,3
2023-07-16,who else got rekt by AMZN? 😭,negative,-0.7035077946761215,AMZN,youtube,10,4
2024-08-18,Nvidia making me rich fr fr,positive,0.336452237752812,NVDA,youtube,34,0
2023-03-30,🚀🚀🚀 Tesla to the moon!!!,positive,0.50271427748217,TSLA,youtube,21,1
2023-07-01,rip to everyone who bought Tesla at the top,negative,-0.8170422095665287,TSLA,youtube,30,13
2024-09-23,just bought more AMZN let's gooo,positive,0.42117448463141394,AMZN,youtube,133,3
2023-09-25,"never selling my GOOGL shares, generational wealth",positive,0.8463313504929579,GOOGL,youtube,20,7
2024-05-12,"this is gonna be huge, AMZN will 10x easy",positive,0.7773653548916839,AMZN,youtube,6,15
2023-01-12,paper hands saved me from Meta disaster,negative,-0.32415826534656755,META,youtube,19,6
2024-05-22,diamond hands 💎🙌 holding GameStop forever,positive,0.3328559587137768,GME,youtube,50,3
2023-09-10,why did i buy GOOGL?? down so bad rn,negative,-0.39234788293657985,GOOGL,youtube,4,13
2024-08-31,who else is buying the dip? GME gang,positive,0.558236875126551,GME,youtube,28,6
2024-02-10,lol bears are so wrong about TSLA,positive,0.467190204313691,TSLA,youtube,96,3
2024-04-12,"best stock ever, Nvidia is the future",positive,0.8724524118214285,NVDA,youtube,212,2
2024-08-05,diamond hands 💎🙌 holding Tesla forever,positive,0.8703538654514409,TSLA,youtube,11,13
2024-09-20,🚀🚀🚀 NVDA to the moon!!!,positive,0.82245837667329,NVDA,youtube,38,4
2024-11-15,"idk about Google tbh, mixed signals",neutral,0.19550136687810427,GOOGL,youtube,11,3
2023-11-10,what do yall think about META?,neutral,-0.07592014415433153,META,youtube,146,5
2024-08-11,"idk about TSLA tbh, mixed signals",neutral,-0.16833319980985517,TSLA,youtube,5,3
2024-09-30,"AMZN is trash, worst investment ever",negative,-0.6918064088108337,AMZN,youtube,25,0
2024-07-15,apes together strong 🦍 Meta,positive,0.602375182610807,META,youtube,28,4
2023-06-30,"this is gonna be huge, SPY will 10x easy",positive,0.8304985051160898,SPY,youtube,16,0
2023-02-12,paper hands saved me from Apple disaster,negative,-0.49521337794851866,AAPL,youtube,51,1
2023-06-13,SPY looking interesting ngl,neutral,-0.05568614336338845,SPY,youtube,45,9
2024-06-19,told yall TSLA was gonna pump,positive,0.8079061622307642,TSLA,youtube,1,3
2023-09-28,paper hands saved me from AMC disaster,negative,-0.6373563608294184,AMC,youtube,15,13
2024-08-15,paper hands saved me from AMC disaster,negative,-0.739945723055711,AMC,youtube,6,6
2024-02-06,TSLA looking interesting ngl,neutral,-0.12612077823545137,TSLA,youtube,1,2
2023-07-25,apes together strong 🦍 Meta,positive,0.8566056955116825,META,youtube,107,22
2023-03-04,anyone still holding Google?,neutral,-0.04820126675455447,GOOGL,youtube,31,7
2023-05-03,who else got rekt by AMC? 😭,negative,-0.494487157423713,AMC,youtube,120,18
2024-02-24,"best stock ever, SPY is the future",positive,0.8697817221731796,SPY,youtube,1,2
2024-01-24,anyone still holding Apple?,neutral,0.1368179753264342,AAPL,youtube,16,0
2023-11-04,told yall AMC was gonna pump,positive,0.5853357328698803,AMC,youtube,11,6
2023-02-15,paper hands saved me from Microsoft disaster,negative,-0.7486358223630237,MSFT,youtube,17,13
2024-05-17,"MSFT is trash, worst investment ever",negative,-0.6061961606900629,MSFT,youtube,18,8
2024-11-20,"GME is trash, worst investment ever",negative,-0.43517587919066303,GME,youtube,19,1
2023-12-09,why did i buy Nvidia?? down so bad rn,negative,-0.3338216060198491,NVDA,youtube,48,0
2023-02-07,just bought more SPY let's gooo,positive,0.7681365384399448,SPY,youtube,296,7
2024-02-06,"idk about Google tbh, mixed signals",neutral,0.016257299180940155,GOOGL,youtube,42,10
2023-02-21,who else is buying the dip? Nvidia gang,positive,0.4548482768147525,NVDA,youtube,147,6
2023-05-17,who else got rekt by GOOGL? 😭,negative,-0.5834326011849706,GOOGL,youtube,21,0
2024-04-24,what do yall think about GME?,neutral,0.02696063276948174,GME,youtube,48,1
2024-06-03,lmao TSLA bagholders in shambles,negative,-0.7285732285007701,TSLA,youtube,51,1
2024-08-30,"best stock ever, MSFT is the future",positive,0.4231529990698535,MSFT,youtube,31,1
2023-03-24,told yall SPY was gonna pump,positive,0.7200385034959205,SPY,youtube,1,1
2023-11-24,"idk about AMC tbh, mixed signals",neutral,-0.04233201978871076,AMC,youtube,11,2
2023-09-26,lmao GME bagholders in shambles,negative,-0.5625612014791211,GME,youtube,67,0
2023-04-15,"sold all my Amazon, this thing is done",negative,-0.5254017660413604,AMZN,youtube,118,5
2024-08-09,apes together strong 🦍 META,positive,0.6458223659133266,META,youtube,9,13
2023-05-17,should i buy NVDA or wait?,neutral,-0.17211812691730619,NVDA,youtube,18,0
2023-03-04,diamond hands 💎🙌 holding SPY forever,positive,0.3283371837992805,SPY,youtube,144,0
2024-09-18,rip to everyone who bought AAPL at the top,negative,-0.32484389177082285,AAPL,youtube,28,5
2024-05-10,"this is gonna be huge, Nvidia will 10x easy",positive,0.7851190054633719,NVDA,youtube,9,1
2024-10-23,whats the PT for AMZN?,neutral,-0.1083383251898285,AMZN,youtube,138,0
2024-05-21,paper hands saved me from GameStop disaster,negative,-0.6725208294290757,GME,youtube,70,1
2023-04-23,what do yall think about Meta?,neutral,0.06659869636172061,META,youtube,67,6
2024-10-04,Microsoft looking interesting ngl,neutral,0.1201248963020014,MSFT,youtube,91,1
2023-10-18,waiting for TSLA to dip more,neutral,-0.1777334428782687,TSLA,youtube,101,5
2023-08-25,lol bears are so wrong about Microsoft,positive,0.5343089836671828,MSFT,youtube,41,2
2024-07-23,lmao Google bagholders in shambles,negative,-0.562589202684612,GOOGL,youtube,61,7
2023-01-22,"sold all my Google, this thing is done",negative,-0.5565759015928216,GOOGL,youtube,51,16
2023-12-08,"new to investing, is Apple good?",neutral,0.057910093579139954,AAPL,youtube,74,2
2024-08-30,"best stock ever, Meta is the future",positive,0.3202506352664749,META,youtube,20,8
2024-08-16,diamond hands 💎🙌 holding Google forever,positive,0.749193716421093,GOOGL,youtube,41,11
2024-01-25,anyone still holding Microsoft?,neutral,0.0676684376460065,MSFT,youtube,54,4
2024-04-14,"idk about SPY tbh, mixed signals",neutral,-0.06043352192942658,SPY,youtube,68,0
2023-06-09,"sold all my AMZN, this thing is done",negative,-0.44589044069901185,AMZN,youtube,113,0
2023-10-29,just bought more MSFT let's gooo,positive,0.5245884949702071,MSFT,youtube,14,2
2023-01-31,whats the PT for Google?,neutral,-0.1977719977585798,GOOGL,youtube,154,2
2023-03-27,apes together strong 🦍 Tesla,positive,0.312215422850944,TSLA,youtube,8,7
2023-09-02,waiting for Tesla to dip more,neutral,-0.0032569306438303136,TSLA,youtube,71,9
2024-06-24,"this is gonna be huge, AAPL will 10x easy",positive,0.6856442560035668,AAPL,youtube,37,9
2023-06-08,"this is gonna be huge, GOOGL will 10x easy",positive,0.48380825581114817,GOOGL,youtube,45,4
2024-08-23,diamond hands 💎🙌 holding Google forever,positive,0.49111632269398453,GOOGL,youtube,136,3
2024-06-06,why did i buy GME?? down so bad rn,negative,-0.8259867771301227,GME,youtube,27,0
2024-06-06,"Nvidia going to zero, get out now",negative,-0.5580827402669974,NVDA,youtube,19,0
2024-01-09,diamond hands 💎🙌 holding AMZN forever,positive,0.3986150648193307,AMZN,youtube,68,0
2024-01-03,who else is buying the dip? Meta gang,positive,0.5605608966382026,META,youtube,7,1
2023-04-13,rip to everyone who bought Nvidia at the top,negative,-0.32510955134407105,NVDA,youtube,13,2
2024-10-09,"best stock ever, SPY is the future",positive,0.4240411833849443,SPY,youtube,57,5
2023-11-27,Nvidia making me rich fr fr,positive,0.3730407413815503,NVDA,youtube,98,0
2024-06-14,"this is gonna be huge, Amazon will 10x easy",positive,0.5029198615418422,AMZN,youtube,36,5
2024-10-10,"SPY is trash, worst investment ever",negative,-0.8964012641298225,SPY,youtube,103,0
2024-03-15,"idk about Meta tbh, mixed signals",neutral,-0.09917722858238127,META,youtube,20,3
2023-05-27,"best stock ever, MSFT is the future",positive,0.5551074042497587,MSFT,youtube,47,7
2023-08-27,apes together strong 🦍 Nvidia,positive,0.8933882802098254,NVDA,youtube,34,1
2023-08-07,"TSLA going to zero, get out now",negative,-0.3256442662985799,TSLA,youtube,53,1
2024-05-31,who else is buying the dip? Google gang,positive,0.47435738641787184,GOOGL,youtube,46,31
2024-06-01,just bought more Tesla let's gooo,positive,0.3712897483590883,TSLA,youtube,12,0
2024-08-12,apes together strong 🦍 Meta,positive,0.3544678562128114,META,youtube,76,6
2023-08-09,paper hands saved me from Amazon disaster,negative,-0.8085527844536966,AMZN,youtube,2,0
2023-10-24,"GME going to zero, get out now",negative,-0.4636919112324125,GME,youtube,75,6
2023-12-07,apes together strong 🦍 TSLA,positive,0.42869062041557904,TSLA,youtube,17,3
2024-05-09,lol bears are so wrong about SPY,positive,0.7550161933745596,SPY,youtube,13,0
2023-10-26,lmao AAPL bagholders in shambles,negative,-0.882675809598432,AAPL,youtube,25,0
2023-08-31,biggest regret buying Google smh,negative,-0.5744573704777116,GOOGL,youtube,18,2
2024-04-13,"sold all my GameStop, this thing is done",negative,-0.849141803865262,GME,youtube,17,0
2024-09-17,paper hands saved me from Tesla disaster,negative,-0.5699269077796656,TSLA,youtube,56,17
2023-05-14,lmao MSFT bagholders in shambles,negative,-0.37484303540520125,MSFT,youtube,58,1
2023-02-09,"TSLA scam, dont buy this garbage",negative,-0.8378682347191743,TSLA,youtube,186,6
2023-11-18,🚀🚀🚀 SPY to the moon!!!,positive,0.6023530906448553,SPY,youtube,38,0
2024-02-16,why did i buy GameStop?? down so bad rn,negative,-0.7922991568253992,GME,youtube,17,9
2023-04-05,"TSLA going to zero, get out now",negative,-0.6320052080514593,TSLA,youtube,19,2
2024-04-27,biggest regret buying SPY smh,negative,-0.6758645413520399,SPY,youtube,167,3
2023-05-03,"never selling my META shares, generational wealth",positive,0.600510583942493,META,youtube,166,0
2024-09-09,"idk about Nvidia tbh, mixed signals",neutral,0.12102876211801128,NVDA,youtube,47,0
2023-07-10,"sold all my SPY, this thing is done",negative,-0.4922469093632298,SPY,youtube,79,2
2024-09-29,apes together strong 🦍 GameStop,positive,0.4236164231525656,GME,youtube,68,1
2023-06-25,"new to investing, is AMZN good?",neutral,-0.11574338305808225,AMZN,youtube,7,1
2023-08-04,"this is gonna be huge, SPY will 10x easy",positive,0.43964408843449665,SPY,youtube,30,7
2023-05-26,why did i buy GOOGL?? down so bad rn,negative,-0.7151782350430591,GOOGL,youtube,18,4
2024-01-05,"idk about AAPL tbh, mixed signals",neutral,0.1589845122279916,AAPL,youtube,63,1
2024-03-29,lol bears are so wrong about AMC,positive,0.7793479006715118,AMC,youtube,112,4
2023-06-17,waiting for SPY to dip more,neutral,-0.09143993618481941,SPY,youtube,56,2
2024-02-03,told yall NVDA was gonna pump,positive,0.49589417697448124,NVDA,youtube,0,2
2023-05-26,anyone still holding GME?,neutral,0.1645128688813891,GME,youtube,11,2
2024-01-06,lmao META bagholders in shambles,negative,-0.5179962791991697,META,youtube,55,3
2024-07-18,"SPY going to zero, get out now",negative,-0.49566689272852,SPY,youtube,0,8
2024-04-09,META making me rich fr fr,positive,0.8751628867797214,META,youtube,34,2
2024-07-20,who else got rekt by MSFT? 😭,negative,-0.39189853214939674,MSFT,youtube,13,6
2023-12-27,lol bears are so wrong about Microsoft,positive,0.5985514222241216,MSFT,youtube,75,1
2023-04-07,"idk about META tbh, mixed signals",neutral,0.1543452104302641,META,youtube,68,0
2024-04-02,just bought more NVDA let's gooo,positive,0.5364687457112763,NVDA,youtube,35,12
2024-01-10,AMC looking interesting ngl,neutral,-0.002198414416437977,AMC,youtube,50,3
2023-01-24,"best stock ever, AAPL is the future",positive,0.8856510324930891,AAPL,youtube,10,4
2024-02-26,"SPY scam, dont buy this garbage",negative,-0.6621191275489597,SPY,youtube,114,1
2023-12-24,diamond hands 💎🙌 holding Amazon forever,positive,0.8065903448437941,AMZN,youtube,4,3
2024-10-01,should i buy AMC or wait?,neutral,0.151049655745012,AMC,youtube,13,9
2024-08-08,my portfolio up 500% thanks to AMC 😂,positive,0.7597728825538953,AMC,youtube,7,3
2023-10-28,biggest regret buying NVDA smh,negative,-0.3892488200194486,NVDA,youtube,196,0
2024-04-19,NVDA making me rich fr fr,positive,0.3914167706192389,NVDA,youtube,306,10
2023-11-25,lmao MSFT bagholders in shambles,negative,-0.6086190551212596,MSFT,youtube,82,0
2023-10-29,"best stock ever, TSLA is the future",positive,0.5085390735575507,TSLA,youtube,456,10
2024-04-30,"new to investing, is GOOGL good?",neutral,-0.17265164827576407,GOOGL,youtube,25,4
2023-06-29,AMC making me rich fr fr,positive,0.5511689915849132,AMC,youtube,37,6
2023-11-29,🚀🚀🚀 SPY to the moon!!!,positive,0.8343625696892301,SPY,youtube,17,20
2023-09-28,"sold all my NVDA, this thing is done",negative,-0.6441926031804035,NVDA,youtube,92,1
2023-07-31,waiting for NVDA to dip more,neutral,-0.11492510979504994,NVDA,youtube,10,4
2023-02-21,"new to investing, is MSFT good?",neutral,-0.16567418696550323,MSFT,youtube,31,0
2024-06-13,who else got rekt by MSFT? 😭,negative,-0.8414844058219146,MSFT,youtube,3,9
2024-05-10,🚀🚀🚀 SPY to the moon!!!,positive,0.8949957274487774,SPY,youtube,25,0
2024-02-07,"idk about TSLA tbh, mixed signals",neutral,-0.007169270705648462,TSLA,youtube,54,9
2023-02-17,whats the PT for Apple?,neutral,0.19304710150857318,AAPL,youtube,3,13
2023-05-27,"GOOGL going to zero, get out now",negative,-0.6447731416811124,GOOGL,youtube,42,1
2023-09-28,lmao META bagholders in shambles,negative,-0.6667998320690396,META,youtube,90,10
2024-01-15,"Google scam, dont buy this garbage",negative,-0.4977883813189415,GOOGL,youtube,67,2
2024-04-09,should i buy Amazon or wait?,neutral,0.1655948991078387,AMZN,youtube,45,31
2024-04-11,lmao META bagholders in shambles,negative,-0.36990865415521046,META,youtube,24,1
2024-06-04,anyone still holding GME?,neutral,0.16796882673224128,GME,youtube,97,4
2024-09-26,why did i buy GameStop?? down so bad rn,negative,-0.6867251997105152,GME,youtube,4,2
2024-09-21,whats the PT for GME?,neutral,0.013761692508873796,GME,youtube,11,3
2023-01-03,told yall GME was gonna pump,positive,0.7688684271754036,GME,youtube,0,0
2023-07-03,biggest regret buying GOOGL smh,negative,-0.8130025406613237,GOOGL,youtube,197,1
2023-01-23,"new to investing, is AMZN good?",neutral,0.00489141014621311,AMZN,youtube,35,5
2023-06-04,who else got rekt by TSLA? 😭,negative,-0.8059311869153936,TSLA,youtube,167,10
2024-01-29,"this is gonna be huge, NVDA will 10x easy",positive,0.6162235949505593,NVDA,youtube,75,4
2024-10-02,apes together strong 🦍 Tesla,positive,0.45158899563368116,TSLA,youtube,57,2
2024-02-08,"AMC scam, dont buy this garbage",negative,-0.7508702652313224,AMC,youtube,109,0
2024-06-03,"best stock ever, SPY is the future",positive,0.45393510374937085,SPY,youtube,29,1
2024-04-06,waiting for SPY to dip more,neutral,-0.015785351265209746,SPY,youtube,149,9
2024-07-14,anyone still holding Google?,neutral,-0.14123684397111724,GOOGL,youtube,48,18
2023-10-12,🚀🚀🚀 SPY to the moon!!!,positive,0.855600602823628,SPY,youtube,25,1
2023-08-01,should i buy AMC or wait?,neutral,-0.046917485923998914,AMC,youtube,38,2
2023-08-14,"never selling my AAPL shares, generational wealth",positive,0.33275416623071796,AAPL,youtube,35,4
2024-02-15,just bought more AMZN let's gooo,positive,0.8739509164351797,AMZN,youtube,20,0
2024-04-15,who else got rekt by MSFT? 😭,negative,-0.76212212689284,MSFT,youtube,25,5
2024-04-21,my portfolio up 500% thanks to Microsoft 😂,positive,0.3799378243661054,MSFT,youtube,70,0
2024-08-18,"idk about NVDA tbh, mixed signals",neutral,0.17066542375778787,NVDA,youtube,24,0
2024-03-14,whats the PT for NVDA?,neutral,-0.02057236086769504,NVDA,youtube,83,11
2023-12-07,"best stock ever, AAPL is the future",positive,0.5474422540419553,AAPL,youtube,125,4
2024-03-27,"new to investing, is NVDA good?",neutral,0.11828704058644018,NVDA,youtube,20,0
2023-05-28,🚀🚀🚀 Meta to the moon!!!,positive,0.6006708703986519,META,youtube,62,0
2024-09-05,rip to everyone who bought Nvidia at the top,negative,-0.460340591343952,NVDA,youtube,5,1
2023-10-11,who else is buying the dip? GME gang,positive,0.6555518144586618,GME,youtube,9,5
2023-03-28,lmao Microsoft bagholders in shambles,negative,-0.6207499857443556,MSFT,youtube,297,3
2023-03-23,biggest regret buying Nvidia smh,negative,-0.6516428603667526,NVDA,youtube,8,12
2024-01-09,why did i buy Nvidia?? down so bad rn,negative,-0.689795158730119,NVDA,youtube,208,4
2023-11-04,waiting for SPY to dip more,neutral,0.11278702522826345,SPY,youtube,41,6
2023-02-18,"META scam, dont buy this garbage",negative,-0.6131625440436115,META,youtube,147,6
2023-12-27,should i buy AMC or wait?,neutral,-0.007776258279697579,AMC,youtube,23,2
2024-01-31,diamond hands 💎🙌 holding AAPL forever,positive,0.6711467495193038,AAPL,youtube,52,0
2024-02-20,anyone still holding SPY?,neutral,0.10034522661394607,SPY,youtube,41,0
2023-01-07,diamond hands 💎🙌 holding NVDA forever,positive,0.7216147159655902,NVDA,youtube,24,0
2023-02-01,"new to investing, is SPY good?",neutral,-0.06559753476047511,SPY,youtube,73,2
2024-02-15,paper hands saved me from Apple disaster,negative,-0.4939204113323212,AAPL,youtube,112,5
2023-01-26,"GME going to zero, get out now",negative,-0.44085772267934803,GME,youtube,5,10
2023-10-07,"TSLA scam, dont buy this garbage",negative,-0.5140721981865441,TSLA,youtube,72,13
2024-08-14,my portfolio up 500% thanks to Meta 😂,positive,0.7627090176709369,META,youtube,85,5
2023-12-05,my portfolio up 500% thanks to Apple 😂,positive,0.45170209873584294,AAPL,youtube,173,5
2023-04-14,"never selling my AMZN shares, generational wealth",positive,0.5847132994680877,AMZN,youtube,41,2
2023-09-17,should i buy Meta or wait?,neutral,-0.04931419390190461,META,youtube,39,1
2023-06-04,just bought more GameStop let's gooo,positive,0.8764095924228559,GME,youtube,3,0
2023-06-04,"this is gonna be huge, NVDA will 10x easy",positive,0.5884467757152022,NVDA,youtube,152,7
2023-09-23,diamond hands 💎🙌 holding AMC forever,positive,0.5584029632455115,AMC,youtube,16,11
2024-07-26,told yall AMC was gonna pump,positive,0.4440201506245981,AMC,youtube,5,0
2024-01-20,lol bears are so wrong about Microsoft,positive,0.6375068496628598,MSFT,youtube,24,1
2024-03-05,"new to investing, is MSFT good?",neutral,-0.024617087783434577,MSFT,youtube,14,0
2023-11-26,Google making me rich fr fr,positive,0.47395618552778485,GOOGL,youtube,54,0
2024-10-19,"GOOGL going to zero, get out now",negative,-0.7248974859237208,GOOGL,youtube,10,4
2024-11-11,waiting for Meta to dip more,neutral,0.13793928250744752,META,youtube,61,1
2023-04-24,anyone still holding AMZN?,neutral,-0.031338397271264584,AMZN,youtube,13,3
2023-10-01,"sold all my AMC, this thing is done",negative,-0.6779531297656098,AMC,youtube,13,0
2023-08-20,"never selling my AMC shares, generational wealth",positive,0.8135287856777642,AMC,youtube,116,1
2023-08-05,told yall Google was gonna pump,positive,0.4176326108728214,GOOGL,youtube,41,2
2024-07-10,why did i buy Apple?? down so bad rn,negative,-0.8277799568909934,AAPL,youtube,1,2
2024-09-04,just bought more AMZN let's gooo,positive,0.7333930157272966,AMZN,youtube,87,9
2024-04-23,told yall Meta was gonna pump,positive,0.3659583709766702,META,youtube,38,6
2024-09-20,"never selling my AMC shares, generational wealth",positive,0.5549172348081173,AMC,youtube,5,6
2024-01-18,"this is gonna be huge, AMZN will 10x easy",positive,0.7636736029636397,AMZN,youtube,41,1
2023-10-24,Meta making me rich fr fr,positive,0.3151270993436573,META,youtube,67,5
2024-08-29,my portfolio up 500% thanks to AAPL 😂,positive,0.6549895965149517,AAPL,youtube,140,2
2024-06-11,lol bears are so wrong about NVDA,positive,0.5606109119075822,NVDA,youtube,47,0
2024-05-26,what do yall think about META?,neutral,0.031339931379272074,META,youtube,73,9
2023-07-31,whats the PT for AMC?,neutral,-0.16122861982362702,AMC,youtube,25,1
2023-08-01,who else is buying the dip? GameStop gang,positive,0.4507388290886773,GME,youtube,27,1
2023-01-22,"sold all my AAPL, this thing is done",negative,-0.6310125880540937,AAPL,youtube,1,10
2023-06-09,rip to everyone who bought AMZN at the top,negative,-0.8627292594840179,AMZN,youtube,60,11
2023-08-01,diamond hands 💎🙌 holding AMZN forever,positive,0.676005858372269,AMZN,youtube,197,5
2023-07-18,"best stock ever, AMC is the future",positive,0.4484007281633182,AMC,youtube,135,0
2023-08-18,"new to investing, is AMC good?",neutral,0.18370709445397454,AMC,youtube,46,3
2024-05-19,who else is buying the dip? Amazon gang,positive,0.5353317321073323,AMZN,youtube,12,0
2023-12-16,anyone still holding SPY?,neutral,-0.08385680495049508,SPY,youtube,22,1
2024-09-07,"META is trash, worst investment ever",negative,-0.7632596954749802,META,youtube,34,6
2023-12-11,should i buy Amazon or wait?,neutral,-0.05198905437457954,AMZN,youtube,45,1
2024-03-11,"new to investing, is AMC good?",neutral,-0.1813460485421705,AMC,youtube,24,0
2023-09-13,"META scam, dont buy this garbage",negative,-0.5451927705745587,META,youtube,84,14
2024-11-10,who else is buying the dip? AAPL gang,positive,0.39433855001969675,AAPL,youtube,90,0
2023-09-13,"Google going to zero, get out now",negative,-0.5105355426379773,GOOGL,youtube,51,4
2024-07-11,my portfolio up 500% thanks to SPY 😂,positive,0.3849488111478325,SPY,youtube,177,12
2024-09-19,🚀🚀🚀 MSFT to the moon!!!,positive,0.49677295828775414,MSFT,youtube,1,1
2023-02-04,🚀🚀🚀 AMZN to the moon!!!,positive,0.8439001659080443,AMZN,youtube,20,1
2024-07-29,who else is buying the dip? META gang,positive,0.7739836268193669,META,youtube,128,1
2023-09-03,told yall Tesla was gonna pump,positive,0.4918526699476359,TSLA,youtube,121,2
2024-08-03,why did i buy AMC?? down so bad rn,negative,-0.7623956236492746,AMC,youtube,53,1
2023-12-14,"this is gonna be huge, AMC will 10x easy",positive,0.31400320969838824,AMC,youtube,23,10
2023-12-27,what do yall think about AMC?,neutral,0.16358124222424125,AMC,youtube,28,9
2023-04-24,"this is gonna be huge, GME will 10x easy",positive,0.7697793976803797,GME,youtube,18,3
2023-01-30,my portfolio up 500% thanks to MSFT 😂,positive,0.7618896956626161,MSFT,youtube,3,3
2023-05-02,who else got rekt by Amazon? 😭,negative,-0.44211197390151846,AMZN,youtube,33,7
2023-03-03,"Google is trash, worst investment ever",negative,-0.7222242073383004,GOOGL,youtube,48,5
2023-12-25,who else is buying the dip? NVDA gang,positive,0.4183516666384317,NVDA,youtube,28,2
2024-08-26,should i buy NVDA or wait?,neutral,-0.03198611733468715,NVDA,youtube,9,2
2024-07-29,my portfolio up 500% thanks to GME 😂,positive,0.7424128860149167,GME,youtube,56,3
2024-07-03,diamond hands 💎🙌 holding MSFT forever,positive,0.6741392437003608,MSFT,youtube,37,4
2023-04-15,told yall MSFT was gonna pump,positive,0.5323276730500561,MSFT,youtube,71,4
2024-06-05,waiting for META to dip more,neutral,-0.16387690057374932,META,youtube,21,3
2024-08-16,what do yall think about AMZN?,neutral,-0.18985528913570873,AMZN,youtube,130,1
2024-04-06,apes together strong 🦍 META,positive,0.6953380232468074,META,youtube,35,3
2023-03-13,rip to everyone who bought SPY at the top,negative,-0.5105483879810899,SPY,youtube,15,8
2024-03-04,should i buy TSLA or wait?,neutral,0.17973019400414236,TSLA,youtube,32,1
2024-03-13,waiting for GameStop to dip more,neutral,0.15190905084905898,GME,youtube,18,10
2024-01-09,who else got rekt by GOOGL? 😭,negative,-0.8079639464838473,GOOGL,youtube,27,3
2023-08-18,what do yall think about TSLA?,neutral,-0.18294060082137303,TSLA,youtube,24,39
2023-06-18,who else is buying the dip? Google gang,positive,0.8802697965061488,GOOGL,youtube,7,3
2023-08-21,lmao SPY bagholders in shambles,negative,-0.8672426481483283,SPY,youtube,53,5
2023-10-10,AAPL looking interesting ngl,neutral,0.19715673740714107,AAPL,youtube,43,0
2023-07-01,"idk about TSLA tbh, mixed signals",neutral,-0.1661126012479659,TSLA,youtube,46,6
2024-05-28,AMC looking interesting ngl,neutral,-0.14938524663247252,AMC,youtube,43,6
2023-06-12,NVDA looking interesting ngl,neutral,-0.02189198872737541,NVDA,youtube,138,3
2024-02-13,paper hands saved me from SPY disaster,negative,-0.529670938452864,SPY,youtube,12,1
2023-09-21,waiting for Microsoft to dip more,neutral,-0.13288029313473665,MSFT,youtube,47,1
2023-08-30,who else got rekt by GameStop? 😭,negative,-0.5388450284358168,GME,youtube,2,1
2023-09-16,my portfolio up 500% thanks to Google 😂,positive,0.3743900015073184,GOOGL,youtube,58,5
2023-02-26,"this is gonna be huge, GME will 10x easy",positive,0.5654593381713491,GME,youtube,41,1
2023-04-08,"idk about GME tbh, mixed signals",neutral,-0.1631509567415706,GME,youtube,21,1
2024-02-27,who else got rekt by Amazon? 😭,negative,-0.5211788825396177,AMZN,youtube,23,4
2024-03-14,"Amazon going to zero, get out now",negative,-0.5705061262305446,AMZN,youtube,4,0
2023-10-18,apes together strong 🦍 META,positive,0.8714348390256779,META,youtube,55,13
2023-07-06,"sold all my Nvidia, this thing is done",negative,-0.398508280904581,NVDA,youtube,21,2
2023-12-06,"sold all my TSLA, this thing is done",negative,-0.39137616581164336,TSLA,youtube,41,0
2024-01-13,diamond hands 💎🙌 holding Google forever,positive,0.3831888250592986,GOOGL,youtube,60,5
2023-01-02,"never selling my AMC shares, generational wealth",positive,0.6855135000374368,AMC,youtube,252,0
2023-02-12,waiting for SPY to dip more,neutral,-0.0459354460404397,SPY,youtube,103,15
2023-07-21,"best stock ever, Amazon is the future",positive,0.6568656745255477,AMZN,youtube,43,1
2023-04-16,"idk about Google tbh, mixed signals",neutral,-0.08208631632856336,GOOGL,youtube,4,1
2024-08-01,what do yall think about TSLA?,neutral,-0.14959412958868193,TSLA,youtube,13,0
2023-07-16,my portfolio up 500% thanks to AMZN 😂,positive,0.3715914623335265,AMZN,youtube,25,4
2023-10-21,biggest regret buying MSFT smh,negative,-0.4379224384765718,MSFT,youtube,28,7
2023-11-13,waiting for META to dip more,neutral,0.16041767351319086,META,youtube,123,11
2023-03-30,"new to investing, is META good?",neutral,0.1621659253344408,META,youtube,21,5
2023-12-05,"never selling my META shares, generational wealth",positive,0.5141709417084519,META,youtube,17,0
2023-07-22,"SPY is trash, worst investment ever",negative,-0.7563019004993949,SPY,youtube,73,1
2023-10-15,lmao SPY bagholders in shambles,negative,-0.4073875972370356,SPY,youtube,58,6
2024-05-15,apes together strong 🦍 Microsoft,positive,0.6581707302964415,MSFT,youtube,29,1
2024-05-12,told yall Tesla was gonna pump,positive,0.6713964031734061,TSLA,youtube,8,10
2023-04-15,waiting for META to dip more,neutral,0.013636024289505805,META,youtube,120,2
2023-03-07,rip to everyone who bought AMC at the top,negative,-0.6310592200697598,AMC,youtube,12,6
2023-05-31,just bought more TSLA let's gooo,positive,0.7103496660184776,TSLA,youtube,44,2
2024-05-05,apes together strong 🦍 NVDA,positive,0.34852323927520856,NVDA,youtube,100,4
2023-12-03,"NVDA going to zero, get out now",negative,-0.589458168511444,NVDA,youtube,5,8
2024-06-07,"new to investing, is NVDA good?",neutral,-0.12964740338793562,NVDA,youtube,97,1
2024-05-11,apes together strong 🦍 TSLA,positive,0.40929489664741775,TSLA,youtube,25,1
2024-05-10,"never selling my AMZN shares, generational wealth",positive,0.32163585723736027,AMZN,youtube,66,8
2023-07-31,paper hands saved me from Apple disaster,negative,-0.44783181771559283,AAPL,youtube,79,1
2023-12-03,told yall GME was gonna pump,positive,0.7683520275819988,GME,youtube,115,13
2024-07-06,lmao SPY bagholders in shambles,negative,-0.4618133255349013,SPY,youtube,59,3
2023-03-31,told yall Google was gonna pump,positive,0.39149797066590586,GOOGL,youtube,87,0
2023-11-05,why did i buy GME?? down so bad rn,negative,-0.37144800272414846,GME,youtube,44,11
2024-04-24,"this is gonna be huge, TSLA will 10x easy",positive,0.7198763652748901,TSLA,youtube,167,2
2024-10-22,anyone still holding AMC?,neutral,-0.045947357153287655,AMC,youtube,52,0
2024-10-05,whats the PT for Microsoft?,neutral,0.09680924126152812,MSFT,youtube,4,4
2023-08-01,"idk about GME tbh, mixed signals",neutral,0.092985565173614,GME,youtube,48,4
2024-09-15,Meta looking interesting ngl,neutral,-0.15961447550351957,META,youtube,77,3
2023-06-07,"this is gonna be huge, NVDA will 10x easy",positive,0.37937731485133686,NVDA,youtube,128,5
2023-11-05,diamond hands 💎🙌 holding GameStop forever,positive,0.754910165757754,GME,youtube,60,16
2023-01-21,"this is gonna be huge, AMC will 10x easy",positive,0.8578831512661551,AMC,youtube,118,16
2024-06-29,what do yall think about GameStop?,neutral,0.12538103009231377,GME,youtube,46,9
2023-05-16,"this is gonna be huge, META will 10x easy",positive,0.5064650803937814,META,youtube,12,4
2023-03-14,apes together strong 🦍 META,positive,0.8802710126969895,META,youtube,79,5
2023-12-01,what do yall think about Amazon?,neutral,0.10169887379876646,AMZN,youtube,74,11
2023-11-17,why did i buy META?? down so bad rn,negative,-0.8778606963307598,META,youtube,3,1
2024-08-17,rip to everyone who bought GOOGL at the top,negative,-0.7260852971819194,GOOGL,youtube,23,3
2023-03-08,apes together strong 🦍 SPY,positive,0.8696254474541498,SPY,youtube,64,4
2024-06-12,anyone still holding AMC?,neutral,0.16987637427757268,AMC,youtube,12,2
2023-03-25,lmao GME bagholders in shambles,negative,-0.8860497388295088,GME,youtube,19,0
2024-03-28,whats the PT for Meta?,neutral,-0.10369823407287715,META,youtube,40,7
2023-08-25,anyone still holding Meta?,neutral,0.1127310850595648,META,youtube,155,4
2024-05-23,META looking interesting ngl,neutral,0.1336161638878422,META,youtube,2,12
2023-03-13,SPY looking interesting ngl,neutral,0.05897524025559997,SPY,youtube,52,7
2023-02-22,biggest regret buying GME smh,negative,-0.5176078991137407,GME,youtube,25,9
2023-11-03,what do yall think about AMC?,neutral,0.19571395764007055,AMC,youtube,10,2
2024-01-25,"NVDA scam, dont buy this garbage",negative,-0.6130367611044165,NVDA,youtube,16,0
2023-11-25,🚀🚀🚀 AAPL to the moon!!!,positive,0.6491270087349801,AAPL,youtube,130,5
2023-07-08,"sold all my Google, this thing is done",negative,-0.7596429644076649,GOOGL,youtube,30,3
2024-06-18,"META scam, dont buy this garbage",negative,-0.3256089804087826,META,youtube,22,0
2023-10-10,told yall AAPL was gonna pump,positive,0.7805910023855249,AAPL,youtube,39,10
2024-04-17,should i buy Amazon or wait?,neutral,-0.15205394806019146,AMZN,youtube,15,8
2024-01-19,whats the PT for GameStop?,neutral,-0.18445265733099991,GME,youtube,38,3
2023-12-27,paper hands saved me from TSLA disaster,negative,-0.35775483041440337,TSLA,youtube,149,1
2024-04-22,🚀🚀🚀 AMZN to the moon!!!,positive,0.30351377873905133,AMZN,youtube,28,0
2023-11-22,should i buy NVDA or wait?,neutral,-0.08898701031578918,NVDA,youtube,114,1
2024-06-10,my portfolio up 500% thanks to Nvidia 😂,positive,0.6550364756642928,NVDA,youtube,24,7
2024-04-15,"best stock ever, GME is the future",positive,0.7724382238042323,GME,youtube,3,6
2024-08-11,why did i buy AMZN?? down so bad rn,negative,-0.5324064628629761,AMZN,youtube,36,0
2024-05-08,waiting for GameStop to dip more,neutral,-0.1909538167343255,GME,youtube,43,0
2024-04-18,"new to investing, is Apple good?",neutral,-0.06713068488460575,AAPL,youtube,30,0
2024-07-08,should i buy GameStop or wait?,neutral,-0.18259116455067614,GME,youtube,35,9
2024-05-28,whats the PT for AAPL?,neutral,-0.1754784713062144,AAPL,youtube,133,2
2024-03-17,paper hands saved me from GameStop disaster,negative,-0.6624979147458625,GME,youtube,114,0
2024-09-24,whats the PT for Microsoft?,neutral,-0.05018702863193014,MSFT,youtube,33,5
2024-01-26,should i buy GOOGL or wait?,neutral,0.07591310045601779,GOOGL,youtube,6,9
2024-04-30,"best stock ever, AMC is the future",positive,0.5602676402969315,AMC,youtube,26,0
2024-10-17,what do yall think about Nvidia?,neutral,-0.14989560137922453,NVDA,youtube,45,7
2023-05-25,just bought more META let's gooo,positive,0.8542554671213507,META,youtube,225,0
2023-09-24,diamond hands 💎🙌 holding SPY forever,positive,0.492135296686065,SPY,youtube,126,0
2023-05-24,should i buy AMC or wait?,neutral,0.19416923764724386,AMC,youtube,3,0
2023-12-05,waiting for Microsoft to dip more,neutral,-0.16809208089992245,MSFT,youtube,18,3
2023-09-04,apes together strong 🦍 Google,positive,0.7197421979072458,GOOGL,youtube,86,21
2023-10-19,"AMC is trash, worst investment ever",negative,-0.6204968166484524,AMC,youtube,116,12
2023-02-12,Amazon looking interesting ngl,neutral,-0.09202014596766546,AMZN,youtube,24,3
2024-07-08,just bought more Tesla let's gooo,positive,0.6982825721464716,TSLA,youtube,33,0
2023-09-17,whats the PT for SPY?,neutral,0.19356699794190896,SPY,youtube,34,8
2023-10-31,apes together strong 🦍 Microsoft,positive,0.8723075780431149,MSFT,youtube,145,1
2023-05-22,who else is buying the dip? AMC gang,positive,0.8154303612201224,AMC,youtube,41,1
2024-03-24,"sold all my Amazon, this thing is done",negative,-0.7166312115615027,AMZN,youtube,10,1
2024-07-09,who else got rekt by AMC? 😭,negative,-0.5748211275443393,AMC,youtube,151,2
2023-07-22,rip to everyone who bought AMC at the top,negative,-0.892796919978776,AMC,youtube,24,0
2024-09-28,my portfolio up 500% thanks to Meta 😂,positive,0.8745083785929701,META,youtube,141,4
2024-04-28,waiting for Microsoft to dip more,neutral,0.15797060605580165,MSFT,youtube,1,1
2024-05-16,🚀🚀🚀 AMC to the moon!!!,positive,0.37246960778401117,AMC,youtube,149,5
2023-08-14,what do yall think about AMZN?,neutral,-0.1783196764631867,AMZN,youtube,3,4
2023-09-30,just bought more GOOGL let's gooo,positive,0.8020596661529726,GOOGL,youtube,109,5
2024-06-29,"sold all my GOOGL, this thing is done",negative,-0.45034486321733674,GOOGL,youtube,41,0
2023-01-08,"Nvidia going to zero, get out now",negative,-0.5647691471352444,NVDA,youtube,20,4
2023-05-28,my portfolio up 500% thanks to AAPL 😂,positive,0.46517003114557487,AAPL,youtube,38,5
2023-08-20,"never selling my SPY shares, generational wealth",positive,0.39607172834163185,SPY,youtube,18,3
2024-11-05,biggest regret buying Google smh,negative,-0.5193111024485928,GOOGL,youtube,17,5
2024-04-10,🚀🚀🚀 Amazon to the moon!!!,positive,0.5093338879601361,AMZN,youtube,74,5
2024-10-02,should i buy GameStop or wait?,neutral,0.10335535859875411,GME,youtube,19,0
2024-07-05,should i buy AMC or wait?,neutral,-0.08171636175800288,AMC,youtube,130,14
2023-04-08,"sold all my AAPL, this thing is done",negative,-0.5090821887809955,AAPL,youtube,11,9
2024-03-17,whats the PT for GME?,neutral,0.14584654592880936,GME,youtube,73,5
2023-11-13,what do yall think about TSLA?,neutral,-0.1552862803580232,TSLA,youtube,22,9
2024-09-01,whats the PT for GameStop?,neutral,0.0661720710309407,GME,youtube,62,2
2023-05-27,"best stock ever, GME is the future",positive,0.4746049976824915,GME,youtube,2,2
2024-06-14,"NVDA scam, dont buy this garbage",negative,-0.5137513849999811,NVDA,youtube,37,4
2024-11-16,"sold all my NVDA, this thing is done",negative,-0.4910957862339171,NVDA,youtube,40,2
2023-09-24,just bought more Google let's gooo,positive,0.8560820198638714,GOOGL,youtube,2,2
2024-01-12,"Amazon going to zero, get out now",negative,-0.6652209984101587,AMZN,youtube,23,0
2023-08-28,paper hands saved me from META disaster,negative,-0.6884131160794187,META,youtube,2,2
2024-09-24,just bought more Amazon let's gooo,positive,0.35763135815028235,AMZN,youtube,50,1
2023-04-24,"Tesla going to zero, get out now",negative,-0.8193563238673266,TSLA,youtube,33,2
2024-11-01,told yall Apple was gonna pump,positive,0.6623926522993554,AAPL,youtube,26,0
2024-10-26,"Meta scam, dont buy this garbage",negative,-0.5400995293430585,META,youtube,32,3
2023-06-04,🚀🚀🚀 SPY to the moon!!!,positive,0.8526315242619087,SPY,youtube,40,6
2023-02-09,waiting for AMC to dip more,neutral,-0.1980078465634968,AMC,youtube,62,0
2023-11-23,whats the PT for MSFT?,neutral,0.001515783182544972,MSFT,youtube,55,2
2023-10-25,my portfolio up 500% thanks to Amazon 😂,positive,0.5286645821670701,AMZN,youtube,92,1
2023-05-01,biggest regret buying Amazon smh,negative,-0.5859367746839919,AMZN,youtube,1,4
2023-11-28,what do yall think about AMC?,neutral,0.19050297588696846,AMC,youtube,108,7
2024-06-16,"never selling my GOOGL shares, generational wealth",positive,0.5306695296578396,GOOGL,youtube,67,12
2023-04-22,what do yall think about AMC?,neutral,0.06560635621133865,AMC,youtube,80,0
2023-11-03,"never selling my GME shares, generational wealth",positive,0.5433101062958369,GME,youtube,32,6
2024-03-07,lmao Tesla bagholders in shambles,negative,-0.48268125089290054,TSLA,youtube,78,5
2023-12-05,lmao Apple bagholders in shambles,negative,-0.4512856686486236,AAPL,youtube,61,2
2024-05-01,biggest regret buying Apple smh,negative,-0.5112485717039179,AAPL,youtube,6,6
2023-11-17,my portfolio up 500% thanks to Google 😂,positive,0.48842260841697527,GOOGL,youtube,7,0
2023-06-05,whats the PT for Tesla?,neutral,-0.13710623822483842,TSLA,youtube,16,14
2024-09-03,"never selling my META shares, generational wealth",positive,0.5237705523844812,META,youtube,9,2
2024-06-26,why did i buy META?? down so bad rn,negative,-0.667593161018535,META,youtube,8,0
2023-01-03,apes together strong 🦍 Apple,positive,0.5640897788075752,AAPL,youtube,116,8
2023-05-15,just bought more NVDA let's gooo,positive,0.8608684747850524,NVDA,youtube,61,2
2023-06-04,lol bears are so wrong about Amazon,positive,0.6856483706756255,AMZN,youtube,57,8
2024-05-07,"new to investing, is GME good?",neutral,-0.06274109805687736,GME,youtube,9,2
2023-10-22,apes together strong 🦍 AMZN,positive,0.5018729666163991,AMZN,youtube,35,13
2024-08-24,just bought more GOOGL let's gooo,positive,0.8403723509885401,GOOGL,youtube,14,1
2023-11-17,what do yall think about META?,neutral,0.0992340999485733,META,youtube,13,1
2023-12-31,just bought more AMC let's gooo,positive,0.8835347778281517,AMC,youtube,14,1
2023-09-23,waiting for META to dip more,neutral,0.07949596293197964,META,youtube,360,5
2023-02-23,who else got rekt by Google? 😭,negative,-0.6906073638019843,GOOGL,youtube,1,0
2023-02-27,Tesla making me rich fr fr,positive,0.6533890200560422,TSLA,youtube,3,1
2024-01-05,"this is gonna be huge, SPY will 10x easy",positive,0.514071510821789,SPY,youtube,86,0
2023-02-27,"idk about Microsoft tbh, mixed signals",neutral,0.169475651760237,MSFT,youtube,77,3
2024-05-20,NVDA looking interesting ngl,neutral,0.15209601831818198,NVDA,youtube,29,10
2024-06-09,waiting for Meta to dip more,neutral,0.14497865058208093,META,youtube,11,2
2023-04-09,told yall Meta was gonna pump,positive,0.419685411066394,META,youtube,0,7
2024-11-22,lol bears are so wrong about AMC,positive,0.685116467257812,AMC,youtube,170,4
2023-01-07,"new to investing, is Microsoft good?",neutral,-0.05570840620156556,MSFT,youtube,21,3
2023-10-08,"AAPL going to zero, get out now",negative,-0.6391180773089864,AAPL,youtube,7,13
2024-05-09,"Apple is trash, worst investment ever",negative,-0.3628550733962954,AAPL,youtube,30,2
2024-05-03,"this is gonna be huge, Google will 10x easy",positive,0.33395450856129943,GOOGL,youtube,3,3
2024-04-03,just bought more GOOGL let's gooo,positive,0.3589479045311471,GOOGL,youtube,44,7
2023-09-18,biggest regret buying SPY smh,negative,-0.43013723155538625,SPY,youtube,9,1
2023-02-02,"never selling my Microsoft shares, generational wealth",positive,0.86756774926924,MSFT,youtube,17,0
2023-09-26,"sold all my AMC, this thing is done",negative,-0.7515449127752452,AMC,youtube,95,7
2024-01-21,biggest regret buying Microsoft smh,negative,-0.49441708476524,MSFT,youtube,8,1
2024-07-30,why did i buy GME?? down so bad rn,negative,-0.5236483271887795,GME,youtube,129,6
2023-02-21,anyone still holding GameStop?,neutral,-0.1628550662746997,GME,youtube,49,0
2024-03-05,apes together strong 🦍 Microsoft,positive,0.3691369876625651,MSFT,youtube,23,0
2023-07-22,"MSFT is trash, worst investment ever",negative,-0.47649416288169993,MSFT,youtube,15,5
2023-03-30,GME making me rich fr fr,positive,0.7271101337257837,GME,youtube,74,16
2023-04-01,whats the PT for AMZN?,neutral,-0.005313191727526478,AMZN,youtube,14,1
2023-06-18,should i buy MSFT or wait?,neutral,0.04578357038934516,MSFT,youtube,19,2
2024-03-23,"Meta scam, dont buy this garbage",negative,-0.7839614595083473,META,youtube,22,23
2023-12-23,"idk about Tesla tbh, mixed signals",neutral,-0.02620514333338858,TSLA,youtube,40,1
2023-11-18,why did i buy Meta?? down so bad rn,negative,-0.6546941006800596,META,youtube,9,1
2023-05-16,paper hands saved me from GME disaster,negative,-0.6003307684046143,GME,youtube,83,1
2024-06-27,who else is buying the dip? Microsoft gang,positive,0.36258019379240075,MSFT,youtube,250,19
2023-02-15,"SPY scam, dont buy this garbage",negative,-0.4520008963399088,SPY,youtube,190,0
2023-08-20,diamond hands 💎🙌 holding AMC forever,positive,0.3613553772229423,AMC,youtube,23,4
2023-02-11,paper hands saved me from Google disaster,negative,-0.6602566447714637,GOOGL,youtube,35,0
2023-06-16,"this is gonna be huge, Tesla will 10x easy",positive,0.7761975058187197,TSLA,youtube,195,1
2023-08-07,"sold all my Google, this thing is done",negative,-0.3664301368729952,GOOGL,youtube,31,1
2024-08-11,who else got rekt by Amazon? 😭,negative,-0.7175763228656615,AMZN,youtube,10,5
2024-03-09,SPY looking interesting ngl,neutral,0.040448956810014425,SPY,youtube,163,5
2023-06-06,"idk about Meta tbh, mixed signals",neutral,-0.0012544577021040282,META,youtube,6,0
2023-11-06,who else got rekt by AMC? 😭,negative,-0.4684884877553784,AMC,youtube,133,3
2023-07-15,waiting for Apple to dip more,neutral,-0.1935530782048943,AAPL,youtube,33,3
2023-05-20,lmao Microsoft bagholders in shambles,negative,-0.7501945104314045,MSFT,youtube,87,11
2023-12-02,who else is buying the dip? Apple gang,positive,0.6892076296450313,AAPL,youtube,23,7
2023-07-26,GOOGL making me rich fr fr,positive,0.5425568083404138,GOOGL,youtube,30,8
2023-10-05,apes together strong 🦍 GameStop,positive,0.8158487373969232,GME,youtube,97,1
2024-08-21,Nvidia looking interesting ngl,neutral,-0.10725110758993117,NVDA,youtube,68,1
2023-10-09,biggest regret buying AMZN smh,negative,-0.8110987439224788,AMZN,youtube,147,1
2024-06-26,MSFT making me rich fr fr,positive,0.746292667103629,MSFT,youtube,106,1
2023-11-14,lmao NVDA bagholders in shambles,negative,-0.6977009922858649,NVDA,youtube,93,19
2023-09-04,"this is gonna be huge, GOOGL will 10x easy",positive,0.781345930793909,GOOGL,youtube,68,3
2024-08-07,my portfolio up 500% thanks to Apple 😂,positive,0.764402581293264,AAPL,youtube,24,5
2023-08-11,biggest regret buying META smh,negative,-0.7902109580737916,META,youtube,62,2
2023-11-30,whats the PT for Nvidia?,neutral,0.1974920779771745,NVDA,youtube,15,11
2023-02-24,who else got rekt by GameStop? 😭,negative,-0.6151574310076195,GME,youtube,33,0
2024-06-01,diamond hands 💎🙌 holding Apple forever,positive,0.7949128646482435,AAPL,youtube,19,0
2023-06-04,"TSLA is trash, worst investment ever",negative,-0.6455246471403757,TSLA,youtube,5,3
2023-08-11,who else got rekt by Nvidia? 😭,negative,-0.41415522578689135,NVDA,youtube,153,3
2023-05-18,"new to investing, is AMC good?",neutral,0.07656253895004694,AMC,youtube,4,22
2024-10-24,"never selling my NVDA shares, generational wealth",positive,0.6169349191383053,NVDA,youtube,123,0
2023-12-12,lmao Meta bagholders in shambles,negative,-0.8191560089045435,META,youtube,11,9
2024-03-18,just bought more MSFT let's gooo,positive,0.6264019942533126,MSFT,youtube,42,2
2024-07-30,who else is buying the dip? GameStop gang,positive,0.5322074419671736,GME,youtube,0,4
2023-05-10,"TSLA scam, dont buy this garbage",negative,-0.8817443830783733,TSLA,youtube,7,12
2024-09-22,what do yall think about AMZN?,neutral,-0.04114123899205349,AMZN,youtube,60,9
2023-06-18,diamond hands 💎🙌 holding Microsoft forever,positive,0.8070292277204585,MSFT,youtube,35,1
2024-03-23,"sold all my Nvidia, this thing is done",negative,-0.5940272963984314,NVDA,youtube,107,0
2024-05-14,Apple looking interesting ngl,neutral,-0.12706830807337105,AAPL,youtube,19,1
2023-11-18,who else is buying the dip? Meta gang,positive,0.5586987889866383,META,youtube,76,0
2024-05-02,"new to investing, is AMZN good?",neutral,0.09866352685575597,AMZN,youtube,29,1
2023-06-17,anyone still holding META?,neutral,0.10380600134245438,META,youtube,64,1
2024-06-16,apes together strong 🦍 SPY,positive,0.7816591725217825,SPY,youtube,9,0
2023-07-03,told yall SPY was gonna pump,positive,0.8047818897463845,SPY,youtube,7,14
2024-04-20,"idk about AMC tbh, mixed signals",neutral,-0.07490350702494669,AMC,youtube,13,1
2023-10-21,lol bears are so wrong about Nvidia,positive,0.8951936642800458,NVDA,youtube,6,1
2024-02-29,"sold all my GameStop, this thing is done",negative,-0.3762567194766485,GME,youtube,32,24
2023-12-12,just bought more AAPL let's gooo,positive,0.5062217263682899,AAPL,youtube,14,2
2024-09-24,should i buy GOOGL or wait?,neutral,0.006541665066598368,GOOGL,youtube,15,8
2024-10-21,"best stock ever, AAPL is the future",positive,0.5741329200036733,AAPL,youtube,51,10
2024-02-09,whats the PT for Apple?,neutral,-0.1849419835532948,AAPL,youtube,2,2
2023-03-20,"SPY going to zero, get out now",negative,-0.7394923430889848,SPY,youtube,13,4
2024-11-20,lmao SPY bagholders in shambles,negative,-0.8386084460070015,SPY,youtube,11,3
2023-03-24,"MSFT scam, dont buy this garbage",negative,-0.4283911146789401,MSFT,youtube,45,2
2024-09-17,"this is gonna be huge, Nvidia will 10x easy",positive,0.8191573374790835,NVDA,youtube,111,1
2024-03-22,waiting for AMC to dip more,neutral,0.051978784279335555,AMC,youtube,226,3
2023-07-21,"never selling my Microsoft shares, generational wealth",positive,0.4610088403491298,MSFT,youtube,30,0
2023-10-11,lol bears are so wrong about SPY,positive,0.4891669789986771,SPY,youtube,34,8
2023-06-14,"never selling my AAPL shares, generational wealth",positive,0.7178647626644219,AAPL,youtube,78,8
2024-09-28,"never selling my TSLA shares, generational wealth",positive,0.6839038593658634,TSLA,youtube,36,0
2024-03-17,"Tesla is trash, worst investment ever",negative,-0.8764482726881726,TSLA,youtube,33,0
2024-01-06,waiting for Amazon to dip more,neutral,-0.0201712009235174,AMZN,youtube,19,4
2023-06-29,"never selling my Tesla shares, generational wealth",positive,0.6768790471092268,TSLA,youtube,50,4
2024-11-03,"idk about AMC tbh, mixed signals",neutral,-0.06493771472363058,AMC,youtube,82,2
2023-11-11,anyone still holding GameStop?,neutral,0.1562816109543685,GME,youtube,0,4
2024-07-03,biggest regret buying Meta smh,negative,-0.8473341833810479,META,youtube,56,3
2024-05-01,just bought more AAPL let's gooo,positive,0.817955476359614,AAPL,youtube,13,3
2023-08-13,"sold all my GME, this thing is done",negative,-0.33212972510353844,GME,youtube,27,5
2023-08-14,"AMC is trash, worst investment ever",negative,-0.5608372757116602,AMC,youtube,80,7
2024-11-05,told yall AMC was gonna pump,positive,0.3128166443106944,AMC,youtube,126,5
2023-09-28,told yall AMZN was gonna pump,positive,0.8893212895331604,AMZN,youtube,47,8
2023-01-19,diamond hands 💎🙌 holding Apple forever,positive,0.4221208307522565,AAPL,youtube,35,1
2024-08-02,"this is gonna be huge, Microsoft will 10x easy",positive,0.6827022792060564,MSFT,youtube,45,3
2024-11-05,"sold all my GOOGL, this thing is done",negative,-0.6830250600527159,GOOGL,youtube,12,2
2024-08-09,NVDA making me rich fr fr,positive,0.39884604951181724,NVDA,youtube,42,19
2023-09-11,"idk about NVDA tbh, mixed signals",neutral,-0.12659952507857222,NVDA,youtube,46,1
2023-11-23,"AMZN is trash, worst investment ever",negative,-0.8406598433582884,AMZN,youtube,14,0
2024-08-01,waiting for NVDA to dip more,neutral,0.11420471395961757,NVDA,youtube,40,24
2023-05-08,my portfolio up 500% thanks to SPY 😂,positive,0.3590261866374487,SPY,youtube,17,1
2024-07-28,who else got rekt by SPY? 😭,negative,-0.46399396546781846,SPY,youtube,122,1
2023-05-20,should i buy TSLA or wait?,neutral,0.1895053800050867,TSLA,youtube,51,0
2024-02-11,"sold all my SPY, this thing is done",negative,-0.7252931611506509,SPY,youtube,22,2
2024-06-08,"sold all my META, this thing is done",negative,-0.7818651314752567,META,youtube,1,3
2024-10-11,lol bears are so wrong about Meta,positive,0.45415491903077765,META,youtube,95,6
2024-02-11,diamond hands 💎🙌 holding META forever,positive,0.5514471180272306,META,youtube,292,1
2024-02-29,why did i buy Google?? down so bad rn,negative,-0.6697875590169452,GOOGL,youtube,33,6
2023-09-25,who else is buying the dip? SPY gang,positive,0.4873121362321252,SPY,youtube,30,10
2024-07-19,"this is gonna be huge, Apple will 10x easy",positive,0.6638867084291327,AAPL,youtube,28,2
2023-09-27,rip to everyone who bought Meta at the top,negative,-0.7693208634577522,META,youtube,12,2
2023-01-28,told yall Apple was gonna pump,positive,0.7380474158970096,AAPL,youtube,79,2
2023-09-23,waiting for Microsoft to dip more,neutral,0.05915489966931681,MSFT,youtube,6,0
2024-11-06,diamond hands 💎🙌 holding GME forever,positive,0.37767424915586595,GME,youtube,31,4
2023-08-08,biggest regret buying Apple smh,negative,-0.7291804229402974,AAPL,youtube,23,9
2023-07-19,"Amazon scam, dont buy this garbage",negative,-0.5461373726073524,AMZN,youtube,74,1
2024-03-04,🚀🚀🚀 GOOGL to the moon!!!,positive,0.4354633576184801,GOOGL,youtube,93,4
2023-07-26,why did i buy SPY?? down so bad rn,negative,-0.6668883357727903,SPY,youtube,19,1
2024-08-08,why did i buy TSLA?? down so bad rn,negative,-0.3829820806802864,TSLA,youtube,6,3
2023-03-07,"best stock ever, GOOGL is the future",positive,0.4000539892633006,GOOGL,youtube,70,1
2023-04-13,what do yall think about Microsoft?,neutral,-0.053471317715367034,MSFT,youtube,41,5
2023-11-23,biggest regret buying Microsoft smh,negative,-0.6792368329934323,MSFT,youtube,57,2
2024-11-16,my portfolio up 500% thanks to Google 😂,positive,0.5141668912170834,GOOGL,youtube,42,3
2024-09-28,anyone still holding SPY?,neutral,-0.14070689910554332,SPY,youtube,88,0
2024-01-03,Amazon looking interesting ngl,neutral,-0.18715528370537388,AMZN,youtube,106,8
2024-11-02,waiting for Apple to dip more,neutral,0.13416235155322492,AAPL,youtube,31,8
2023-11-15,lol bears are so wrong about GME,positive,0.5906827946264148,GME,youtube,15,8
2023-02-10,"META scam, dont buy this garbage",negative,-0.7605486933933738,META,youtube,527,4
2023-09-13,"sold all my GameStop, this thing is done",negative,-0.6202511232940191,GME,youtube,89,3
2023-06-30,"new to investing, is GOOGL good?",neutral,0.13226644592937647,GOOGL,youtube,143,7
2023-05-14,just bought more GOOGL let's gooo,positive,0.38482503336286084,GOOGL,youtube,4,2
2023-08-12,"best stock ever, SPY is the future",positive,0.757257402349032,SPY,youtube,201,7
2024-06-05,who else got rekt by SPY? 😭,negative,-0.8837583881178209,SPY,youtube,27,7
2023-03-13,"Microsoft is trash, worst investment ever",negative,-0.3602537655521342,MSFT,youtube,145,0
2024-11-03,waiting for GME to dip more,neutral,0.15963895845669707,GME,youtube,149,13
2024-09-13,"sold all my AMC, this thing is done",negative,-0.45014794060466273,AMC,youtube,49,10
2023-04-10,Tesla looking interesting ngl,neutral,-0.16921366231073784,TSLA,youtube,4,4
2024-05-08,paper hands saved me from Google disaster,negative,-0.465491148699932,GOOGL,youtube,146,1
2024-10-16,should i buy AMC or wait?,neutral,0.04887943427002783,AMC,youtube,22,2
2024-02-19,"TSLA is trash, worst investment ever",negative,-0.6567370631570737,TSLA,youtube,43,0
2024-04-24,"never selling my Tesla shares, generational wealth",positive,0.5115170775470095,TSLA,youtube,36,0
2024-08-12,waiting for GameStop to dip more,neutral,0.03085155647498547,GME,youtube,19,6
2024-01-12,"idk about SPY tbh, mixed signals",neutral,-0.00016533875124311037,SPY,youtube,22,3
2024-03-19,why did i buy GameStop?? down so bad rn,negative,-0.5754382540811549,GME,youtube,248,16
2023-04-03,should i buy SPY or wait?,neutral,-0.18666789823053007,SPY,youtube,2,1
2023-02-12,paper hands saved me from Meta disaster,negative,-0.39972700122081484,META,youtube,151,2
2023-08-14,whats the PT for AMC?,neutral,-0.05788739896329412,AMC,youtube,10,5
2024-04-25,"sold all my Tesla, this thing is done",negative,-0.8437026592997492,TSLA,youtube,73,5
2024-02-20,whats the PT for TSLA?,neutral,0.0868152405301415,TSLA,youtube,0,10
2023-12-16,lmao Meta bagholders in shambles,negative,-0.7721410913109121,META,youtube,0,4
2023-10-23,who else is buying the dip? AMZN gang,positive,0.6249445237477624,AMZN,youtube,25,21
2024-07-07,rip to everyone who bought GameStop at the top,negative,-0.8022583840242069,GME,youtube,17,29
2024-07-26,why did i buy AMC?? down so bad rn,negative,-0.8456336874771645,AMC,youtube,32,3
2024-04-20,waiting for TSLA to dip more,neutral,0.1648207512626269,TSLA,youtube,103,0
2023-05-11,whats the PT for AAPL?,neutral,0.022773267522818663,AAPL,youtube,209,0
2023-04-10,rip to everyone who bought AAPL at the top,negative,-0.5306326485976257,AAPL,youtube,12,10
2023-07-02,anyone still holding AMZN?,neutral,-0.04718675360789093,AMZN,youtube,50,2
2024-11-19,told yall GME was gonna pump,positive,0.656389073395395,GME,youtube,59,5
2024-07-29,who else got rekt by AMC? 😭,negative,-0.3776169815200974,AMC,youtube,16,4
2024-03-26,"best stock ever, MSFT is the future",positive,0.3958503786266608,MSFT,youtube,27,4
2024-01-08,should i buy Google or wait?,neutral,0.08713754850749367,GOOGL,youtube,87,9
2023-06-06,Microsoft looking interesting ngl,neutral,-0.0781379412418072,MSFT,youtube,29,2
2023-01-07,"idk about Meta tbh, mixed signals",neutral,0.17079501324180035,META,youtube,54,4
2024-09-16,"idk about Meta tbh, mixed signals",neutral,-0.14458873206186046,META,youtube,6,10
2024-07-23,"new to investing, is Tesla good?",neutral,-0.08335124425302212,TSLA,youtube,1,1
2024-05-22,"Microsoft scam, dont buy this garbage",negative,-0.4035651562683514,MSFT,youtube,45,1
2023-04-06,"this is gonna be huge, AMC will 10x easy",positive,0.5011487405587352,AMC,youtube,110,0
2023-12-16,what do yall think about SPY?,neutral,-0.02368893898144292,SPY,youtube,2,2
2023-03-29,who else got rekt by AAPL? 😭,negative,-0.571389596240794,AAPL,youtube,93,2
2023-04-06,"this is gonna be huge, TSLA will 10x easy",positive,0.8257218246248892,TSLA,youtube,15,2
2024-05-03,"new to investing, is Google good?",neutral,0.002772841358393896,GOOGL,youtube,63,10
2023-07-18,whats the PT for Meta?,neutral,-0.13397535379592268,META,youtube,109,1
2024-07-17,"Tesla going to zero, get out now",negative,-0.5713998659910685,TSLA,youtube,51,1
2023-12-27,"AMZN is trash, worst investment ever",negative,-0.5707364917429382,AMZN,youtube,101,5
2023-06-04,just bought more AMC let's gooo,positive,0.7998386939328587,AMC,youtube,24,0
2023-08-03,my portfolio up 500% thanks to Amazon 😂,positive,0.32386771910201567,AMZN,youtube,76,0
2023-03-05,just bought more GameStop let's gooo,positive,0.5688416418272079,GME,youtube,37,4
2023-08-14,why did i buy TSLA?? down so bad rn,negative,-0.6876711891876417,TSLA,youtube,8,2
2024-06-15,"AAPL is trash, worst investment ever",negative,-0.46840630841331476,AAPL,youtube,27,3
2023-09-07,told yall MSFT was gonna pump,positive,0.6916109753681905,MSFT,youtube,44,3
2023-08-31,"sold all my AMC, this thing is done",negative,-0.7157748447060448,AMC,youtube,45,5
2024-07-19,lmao AMZN bagholders in shambles,negative,-0.5493016416127996,AMZN,youtube,78,2
2024-09-29,"idk about AMC tbh, mixed signals",neutral,0.08817612553684434,AMC,youtube,123,2
2023-01-08,"Nvidia scam, dont buy this garbage",negative,-0.3123109028601224,NVDA,youtube,15,4
2023-10-16,paper hands saved me from Microsoft disaster,negative,-0.8827886558160918,MSFT,youtube,10,12
2023-01-13,lol bears are so wrong about MSFT,positive,0.5805621087110671,MSFT,youtube,13,2
2023-09-23,waiting for AMC to dip more,neutral,0.19917616651365438,AMC,youtube,5,2
2023-09-02,apes together strong 🦍 Microsoft,positive,0.3621471308824766,MSFT,youtube,1,9
2024-08-20,"best stock ever, Meta is the future",positive,0.855445106866056,META,youtube,50,0
2023-04-30,anyone still holding MSFT?,neutral,0.07473861494869044,MSFT,youtube,22,0
2023-10-20,whats the PT for GME?,neutral,0.1487503471178377,GME,youtube,169,1
2023-07-03,GOOGL making me rich fr fr,positive,0.384726185566472,GOOGL,youtube,242,0
2023-10-11,"SPY going to zero, get out now",negative,-0.6637920870412134,SPY,youtube,27,6
2024-08-22,my portfolio up 500% thanks to Meta 😂,positive,0.6249024494896457,META,youtube,46,3
2023-11-09,lol bears are so wrong about NVDA,positive,0.5494088822542973,NVDA,youtube,53,2
2024-09-20,should i buy Tesla or wait?,neutral,-0.19662901697514995,TSLA,youtube,49,0
2023-08-29,just bought more Tesla let's gooo,positive,0.7521683589369614,TSLA,youtube,15,0
2023-08-02,my portfolio up 500% thanks to AMC 😂,positive,0.4863220652117167,AMC,youtube,8,2
2024-09-08,Apple making me rich fr fr,positive,0.5927000836487061,AAPL,youtube,66,3
2024-09-24,biggest regret buying Nvidia smh,negative,-0.6018667510184507,NVDA,youtube,39,4
2024-06-01,"Amazon is trash, worst investment ever",negative,-0.32299332318077756,AMZN,youtube,4,0
2024-02-11,"this is gonna be huge, Meta will 10x easy",positive,0.46912909873961345,META,youtube,12,2
2024-03-23,🚀🚀🚀 Meta to the moon!!!,positive,0.826046580777402,META,youtube,37,1
2024-06-24,should i buy Amazon or wait?,neutral,0.13076814628940947,AMZN,youtube,39,2
2023-05-19,whats the PT for Google?,neutral,0.1034879209086581,GOOGL,youtube,1,9
2023-08-17,"best stock ever, Meta is the future",positive,0.389031218099784,META,youtube,35,1
2023-01-21,told yall Google was gonna pump,positive,0.7731475301515818,GOOGL,youtube,13,14
2024-01-21,"best stock ever, Amazon is the future",positive,0.45957288566624754,AMZN,youtube,4,11
2024-03-10,anyone still holding Nvidia?,neutral,-0.012804350697910388,NVDA,youtube,26,1
2023-05-28,"idk about GME tbh, mixed signals",neutral,0.05633451731789918,GME,youtube,228,1
2023-07-29,"new to investing, is Microsoft good?",neutral,-0.13860457714809693,MSFT,youtube,15,5
2024-05-02,paper hands saved me from GOOGL disaster,negative,-0.5836908981917397,GOOGL,youtube,22,0
2024-10-28,"GOOGL going to zero, get out now",negative,-0.33151909777358346,GOOGL,youtube,22,0
2023-01-30,what do yall think about GOOGL?,neutral,-0.033625222242528535,GOOGL,youtube,108,10
2023-01-01,biggest regret buying GME smh,negative,-0.6607407679020861,GME,youtube,46,1
2024-02-28,apes together strong 🦍 Google,positive,0.37201443106374626,GOOGL,youtube,29,0
2024-06-25,paper hands saved me from Apple disaster,negative,-0.49422199512530973,AAPL,youtube,12,8
2023-05-05,my portfolio up 500% thanks to AAPL 😂,positive,0.38819942829801224,AAPL,youtube,134,1
2024-07-11,told yall AMC was gonna pump,positive,0.7802400127702973,AMC,youtube,6,3
2024-02-04,"this is gonna be huge, TSLA will 10x easy",positive,0.5846357524410384,TSLA,youtube,71,2
2023-03-26,🚀🚀🚀 GameStop to the moon!!!,positive,0.550098134918427,GME,youtube,14,2
2023-01-27,rip to everyone who bought SPY at the top,negative,-0.30258894648417656,SPY,youtube,26,2
2023-10-31,biggest regret buying SPY smh,negative,-0.5997769380544034,SPY,youtube,1,2
2024-02-16,biggest regret buying AMC smh,negative,-0.5556461838782101,AMC,youtube,25,3
2024-09-17,told yall Google was gonna pump,positive,0.7439872658999552,GOOGL,youtube,110,4
2023-08-22,told yall Google was gonna pump,positive,0.39901432528597125,GOOGL,youtube,131,3
2023-02-07,"this is gonna be huge, AMC will 10x easy",positive,0.8789243674077039,AMC,youtube,169,9
2023-02-23,"TSLA going to zero, get out now",negative,-0.8395011126826348,TSLA,youtube,139,1
2024-01-16,"AMC going to zero, get out now",negative,-0.721024392941534,AMC,youtube,4,11
2024-01-14,diamond hands 💎🙌 holding TSLA forever,positive,0.6589010831314521,TSLA,youtube,51,4
2023-06-07,"this is gonna be huge, Nvidia will 10x easy",positive,0.3387186118798615,NVDA,youtube,10,4
2023-02-21,whats the PT for Meta?,neutral,-0.19476984544562265,META,youtube,3,4
2023-01-16,anyone still holding Apple?,neutral,0.08320119985830804,AAPL,youtube,0,4
2023-02-19,AMC making me rich fr fr,positive,0.6171013724567015,AMC,youtube,39,1
2024-03-29,"new to investing, is AMZN good?",neutral,0.05414470697135265,AMZN,youtube,0,0
2023-02-25,"Google going to zero, get out now",negative,-0.4615230290819129,GOOGL,youtube,38,0
2023-08-04,biggest regret buying Nvidia smh,negative,-0.4444753813721729,NVDA,youtube,144,5
2024-05-29,"Microsoft going to zero, get out now",negative,-0.5562618829899513,MSFT,youtube,68,2
2023-12-24,why did i buy Nvidia?? down so bad rn,negative,-0.7282949365368648,NVDA,youtube,10,2
2023-03-31,"idk about Google tbh, mixed signals",neutral,0.19210066299033413,GOOGL,youtube,2,0
2023-01-26,apes together strong 🦍 GameStop,positive,0.6885633063490288,GME,youtube,34,5
2023-07-06,lol bears are so wrong about MSFT,positive,0.43942063454378916,MSFT,youtube,16,4
2024-09-04,"never selling my AMZN shares, generational wealth",positive,0.5158371721651777,AMZN,youtube,5,6
2023-09-25,"idk about Tesla tbh, mixed signals",neutral,0.15169123300544357,TSLA,youtube,115,6
2024-08-23,what do yall think about GameStop?,neutral,0.14428420931879538,GME,youtube,142,4
2024-08-29,rip to everyone who bought Meta at the top,negative,-0.6184788075883466,META,youtube,18,1
2023-11-08,anyone still holding GME?,neutral,-0.07191210253343253,GME,youtube,3,2
2024-09-02,why did i buy Meta?? down so bad rn,negative,-0.3539111427521908,META,youtube,192,3
2023-03-23,rip to everyone who bought AMC at the top,negative,-0.301730716972739,AMC,youtube,0,2
2024-03-02,"best stock ever, AMZN is the future",positive,0.7267284910128167,AMZN,youtube,91,5
2024-06-05,my portfolio up 500% thanks to Amazon 😂,positive,0.7746545474585409,AMZN,youtube,38,3
2023-05-26,whats the PT for SPY?,neutral,-0.14306041173793213,SPY,youtube,1,0
2024-11-09,"idk about NVDA tbh, mixed signals",neutral,0.12479869703957669,NVDA,youtube,133,5
2024-02-03,just bought more Meta let's gooo,positive,0.5728577496848397,META,youtube,27,5
2023-03-18,whats the PT for Google?,neutral,0.021145859135281914,GOOGL,youtube,1,7
2023-10-31,"never selling my AAPL shares, generational wealth",positive,0.466742848471237,AAPL,youtube,29,0
2023-11-15,anyone still holding META?,neutral,0.07199042806442796,META,youtube,22,0
2024-01-23,rip to everyone who bought Google at the top,negative,-0.6970042378270201,GOOGL,youtube,56,0
2023-07-22,diamond hands 💎🙌 holding NVDA forever,positive,0.49024512023653244,NVDA,youtube,44,8
2024-04-12,"GME scam, dont buy this garbage",negative,-0.4678878394084975,GME,youtube,39,5
2024-02-21,🚀🚀🚀 Apple to the moon!!!,positive,0.39095712207632066,AAPL,youtube,28,9
2023-01-24,Meta looking interesting ngl,neutral,-0.009829582811125753,META,youtube,5,3
2024-07-16,whats the PT for SPY?,neutral,-0.1323624172193561,SPY,youtube,31,0
2024-10-26,why did i buy Google?? down so bad rn,negative,-0.6150652165063494,GOOGL,youtube,16,2
2023-10-30,lmao AMC bagholders in shambles,negative,-0.327570144043249,AMC,youtube,35,1
2024-06-12,anyone still holding MSFT?,neutral,-0.01156573718970097,MSFT,youtube,4,1
2023-12-12,"AMZN going to zero, get out now",negative,-0.5672635717423352,AMZN,youtube,54,2
2023-05-01,🚀🚀🚀 Nvidia to the moon!!!,positive,0.6189491425420102,NVDA,youtube,18,6
2024-05-15,who else got rekt by AAPL? 😭,negative,-0.7490390118376915,AAPL,youtube,83,3
2023-02-08,waiting for NVDA to dip more,neutral,0.01785399495853146,NVDA,youtube,12,4
2023-09-16,lol bears are so wrong about Meta,positive,0.6046644797380661,META,youtube,73,6
2023-10-11,"new to investing, is Meta good?",neutral,-0.07960525846929195,META,youtube,77,15
2023-07-07,anyone still holding META?,neutral,-0.14841359743609306,META,youtube,5,2
2024-11-17,what do yall think about Amazon?,neutral,0.19536489433581122,AMZN,youtube,123,14
2023-04-12,waiting for GOOGL to dip more,neutral,-0.00284377233272054,GOOGL,youtube,45,0
2023-11-22,diamond hands 💎🙌 holding AMC forever,positive,0.4802067769509669,AMC,youtube,169,0
2023-08-21,what do yall think about Nvidia?,neutral,-0.13609224900761835,NVDA,youtube,21,0
2023-05-11,just bought more AMC let's gooo,positive,0.6143373019021223,AMC,youtube,21,0
2023-02-20,whats the PT for Amazon?,neutral,0.08700358096639182,AMZN,youtube,20,13
2024-02-23,"Google going to zero, get out now",negative,-0.5212177336030734,GOOGL,youtube,20,1
2024-06-02,who else got rekt by AMZN? 😭,negative,-0.5758120393754209,AMZN,youtube,127,4
2023-06-28,"new to investing, is AMZN good?",neutral,-0.046513075784520075,AMZN,youtube,22,6
2024-09-30,told yall AMZN was gonna pump,positive,0.763714628224859,AMZN,youtube,8,1
2024-07-07,"SPY is trash, worst investment ever",negative,-0.7049015079044668,SPY,youtube,94,1
2023-10-27,"never selling my TSLA shares, generational wealth",positive,0.5941882913779808,TSLA,youtube,41,0
2023-12-28,diamond hands 💎🙌 holding SPY forever,positive,0.31303764164111153,SPY,youtube,23,5
2024-04-01,"never selling my Microsoft shares, generational wealth",positive,0.3871179781380254,MSFT,youtube,42,0
2023-11-03,my portfolio up 500% thanks to GME 😂,positive,0.515783089053589,GME,youtube,15,8
2024-01-11,lol bears are so wrong about AMC,positive,0.8997548380441398,AMC,youtube,92,3
2023-12-01,apes together strong 🦍 Microsoft,positive,0.6531676481494093,MSFT,youtube,43,0
2023-06-06,"idk about AMC tbh, mixed signals",neutral,0.05897454771554156,AMC,youtube,122,5
2024-06-25,rip to everyone who bought MSFT at the top,negative,-0.7436985291275608,MSFT,youtube,74,0
2023-03-14,what do yall think about Microsoft?,neutral,0.04927318456011717,MSFT,youtube,31,22
2023-08-17,why did i buy AMC?? down so bad rn,negative,-0.5037789662175676,AMC,youtube,66,0
2023-10-05,"new to investing, is AMC good?",neutral,0.07099328618693218,AMC,youtube,3,0
2024-03-01,paper hands saved me from NVDA disaster,negative,-0.6827019937251577,NVDA,youtube,2,10
2023-08-14,anyone still holding TSLA?,neutral,-0.10300532276631254,TSLA,youtube,39,25
2024-09-09,"this is gonna be huge, SPY will 10x easy",positive,0.563005440537384,SPY,youtube,147,3
2023-08-08,my portfolio up 500% thanks to Apple 😂,positive,0.5961096817931563,AAPL,youtube,9,1
2023-05-14,what do yall think about Microsoft?,neutral,0.16023542714791528,MSFT,youtube,85,1
2023-10-08,anyone still holding GME?,neutral,0.13159693754098173,GME,youtube,25,23
2024-07-05,lol bears are so wrong about TSLA,positive,0.7862965869222542,TSLA,youtube,1,9
2023-12-02,"GOOGL scam, dont buy this garbage",negative,-0.5627872906174877,GOOGL,youtube,36,8
2023-01-21,biggest regret buying Microsoft smh,negative,-0.6011998560973528,MSFT,youtube,43,5
2023-07-29,who else got rekt by AMC? 😭,negative,-0.5157718303115424,AMC,youtube,6,3
2023-01-01,told yall GameStop was gonna pump,positive,0.6723616065563948,GME,youtube,31,11
2023-06-03,apes together strong 🦍 NVDA,positive,0.46206828418676116,NVDA,youtube,12,5
2023-05-11,should i buy SPY or wait?,neutral,0.1684076056003584,SPY,youtube,116,14
2024-09-12,whats the PT for Nvidia?,neutral,0.17993435270850305,NVDA,youtube,98,6
2023-06-11,"never selling my Apple shares, generational wealth",positive,0.8741873019234847,AAPL,youtube,23,1
2023-08-03,should i buy SPY or wait?,neutral,-0.08860107576865164,SPY,youtube,0,2
2024-11-09,biggest regret buying AMZN smh,negative,-0.5017906321564691,AMZN,youtube,139,1
2023-02-22,diamond hands 💎🙌 holding AMZN forever,positive,0.444719007402749,AMZN,youtube,99,7
2024-09-24,paper hands saved me from Google disaster,negative,-0.8193142823528321,GOOGL,youtube,3,2
2024-11-10,rip to everyone who bought GOOGL at the top,negative,-0.3668501298655571,GOOGL,youtube,66,7
2023-08-18,should i buy TSLA or wait?,neutral,-0.09534109917455652,TSLA,youtube,26,2
2023-08-28,🚀🚀🚀 AMZN to the moon!!!,positive,0.5405042822353705,AMZN,youtube,90,0
2024-11-06,rip to everyone who bought Apple at the top,negative,-0.4715930740339595,AAPL,youtube,92,1
2024-01-14,told yall NVDA was gonna pump,positive,0.8865774589816457,NVDA,youtube,187,10
2023-06-11,whats the PT for AAPL?,neutral,0.199892833718269,AAPL,youtube,89,3
2023-07-09,just bought more Meta let's gooo,positive,0.5851055837560895,META,youtube,39,3
2024-02-15,should i buy MSFT or wait?,neutral,0.07732922367379802,MSFT,youtube,16,4
2024-03-17,should i buy GME or wait?,neutral,0.0630622436074893,GME,youtube,87,2
2023-08-02,who else is buying the dip? Microsoft gang,positive,0.3941973935639759,MSFT,youtube,16,0
2023-11-01,paper hands saved me from NVDA disaster,negative,-0.3672111303428923,NVDA,youtube,73,0
2023-02-03,paper hands saved me from GME disaster,negative,-0.8148365855650432,GME,youtube,13,5
2023-06-27,"this is gonna be huge, AAPL will 10x easy",positive,0.8516148393110496,AAPL,youtube,24,15
2024-05-13,"new to investing, is Meta good?",neutral,-0.01723616716615245,META,youtube,121,10
2024-08-09,who else is buying the dip? Microsoft gang,positive,0.6998052694000748,MSFT,youtube,2,2
2024-05-23,AMZN making me rich fr fr,positive,0.5142536986595796,AMZN,youtube,54,2
2024-02-10,anyone still holding Microsoft?,neutral,0.12382392939070291,MSFT,youtube,21,5
2023-03-21,who else is buying the dip? META gang,positive,0.3370914258068515,META,youtube,130,5
2023-03-19,lol bears are so wrong about Apple,positive,0.47429093085842333,AAPL,youtube,86,2
2023-03-04,waiting for Amazon to dip more,neutral,-0.09806037820991831,AMZN,youtube,25,13
2023-06-20,apes together strong 🦍 META,positive,0.6773205571770278,META,youtube,86,5
2024-05-20,my portfolio up 500% thanks to GOOGL 😂,positive,0.8976588566179655,GOOGL,youtube,87,2
2023-08-31,waiting for META to dip more,neutral,-0.1506783177647825,META,youtube,0,2
2023-07-24,apes together strong 🦍 MSFT,positive,0.575575472120516,MSFT,youtube,9,3
2023-10-08,🚀🚀🚀 Google to the moon!!!,positive,0.5441826182568043,GOOGL,youtube,28,11
2023-07-21,"new to investing, is MSFT good?",neutral,-0.13937389739050898,MSFT,youtube,1,0
2024-08-07,"AMC going to zero, get out now",negative,-0.8664095389035961,AMC,youtube,56,1
2023-11-06,rip to everyone who bought Nvidia at the top,negative,-0.8583620027287993,NVDA,youtube,49,0
2023-06-23,anyone still holding TSLA?,neutral,-0.19087508325011876,TSLA,youtube,177,0
2023-11-25,Apple making me rich fr fr,positive,0.6926588436880874,AAPL,youtube,35,1
2023-11-29,"this is gonna be huge, SPY will 10x easy",positive,0.547591523065111,SPY,youtube,43,12
2024-09-18,told yall NVDA was gonna pump,positive,0.645496588028414,NVDA,youtube,35,0
2023-03-12,lmao MSFT bagholders in shambles,negative,-0.5526182015902525,MSFT,youtube,3,5
2024-07-24,"this is gonna be huge, Google will 10x easy",positive,0.7798661382930019,GOOGL,youtube,16,5
2023-09-27,anyone still holding Google?,neutral,0.03405057830425401,GOOGL,youtube,75,13
2023-04-12,diamond hands 💎🙌 holding META forever,positive,0.45631391846745006,META,youtube,29,0
2023-11-24,"sold all my Google, this thing is done",negative,-0.313884211312227,GOOGL,youtube,34,13
2023-03-25,waiting for SPY to dip more,neutral,0.07386866468767589,SPY,youtube,129,12
2023-11-03,waiting for Meta to dip more,neutral,0.17688395044882393,META,youtube,18,1
2024-02-12,lol bears are so wrong about TSLA,positive,0.5880849469636527,TSLA,youtube,1,2
2023-03-16,why did i buy Amazon?? down so bad rn,negative,-0.5388493931779617,AMZN,youtube,40,0
2024-05-24,my portfolio up 500% thanks to Apple 😂,positive,0.3604952016322388,AAPL,youtube,93,12
2023-06-12,who else got rekt by GameStop? 😭,negative,-0.38372955860019387,GME,youtube,18,8
2023-12-11,lol bears are so wrong about AMZN,positive,0.8712877171261146,AMZN,youtube,110,0
2024-01-18,should i buy GME or wait?,neutral,0.16157162113843532,GME,youtube,22,1
2024-01-26,"sold all my AMC, this thing is done",negative,-0.6486753565904669,AMC,youtube,96,7
2024-06-14,"new to investing, is Microsoft good?",neutral,-0.15107460636650194,MSFT,youtube,43,9
2023-06-29,"best stock ever, AMC is the future",positive,0.7499132372388977,AMC,youtube,12,3
2023-06-29,my portfolio up 500% thanks to Tesla 😂,positive,0.33301386216035267,TSLA,youtube,42,16
2024-05-13,what do yall think about Tesla?,neutral,-0.1371683662478628,TSLA,youtube,141,3
2024-06-15,diamond hands 💎🙌 holding GME forever,positive,0.5077767372170379,GME,youtube,48,4
2023-02-28,lmao AMC bagholders in shambles,negative,-0.8759282523532527,AMC,youtube,9,0
2023-12-20,"Google going to zero, get out now",negative,-0.686658987023365,GOOGL,youtube,22,1
2023-11-12,rip to everyone who bought AMZN at the top,negative,-0.31957436064061795,AMZN,youtube,43,6
2023-01-24,my portfolio up 500% thanks to SPY 😂,positive,0.8459123720388875,SPY,youtube,102,0
2024-04-12,"META going to zero, get out now",negative,-0.6074325881561546,META,youtube,16,2
2024-01-27,rip to everyone who bought AMC at the top,negative,-0.8764863641777186,AMC,youtube,0,2
2023-01-04,biggest regret buying AMC smh,negative,-0.5563533683903132,AMC,youtube,39,4
2024-01-13,just bought more NVDA let's gooo,positive,0.8215550824960778,NVDA,youtube,38,8
2024-07-18,"Google going to zero, get out now",negative,-0.8514184576939015,GOOGL,youtube,15,0
2024-10-01,just bought more META let's gooo,positive,0.5895098373863576,META,youtube,160,14
2023-08-15,anyone still holding MSFT?,neutral,0.13807467904391302,MSFT,youtube,33,0
2023-04-15,who else got rekt by Nvidia? 😭,negative,-0.6679984292548863,NVDA,youtube,42,2
2023-06-27,rip to everyone who bought Amazon at the top,negative,-0.341406435645613,AMZN,youtube,53,2
2024-04-02,just bought more GOOGL let's gooo,positive,0.5567064027502657,GOOGL,youtube,102,3
2023-07-23,Nvidia making me rich fr fr,positive,0.4887600575648117,NVDA,youtube,196,2
2024-11-18,META looking interesting ngl,neutral,-0.10298117674543593,META,youtube,0,1
2024-01-15,"sold all my META, this thing is done",negative,-0.7511351485831187,META,youtube,33,8
2024-01-03,told yall GOOGL was gonna pump,positive,0.40028301706695374,GOOGL,youtube,40,0
2023-07-03,"Microsoft going to zero, get out now",negative,-0.6274207266474163,MSFT,youtube,0,0
2024-02-12,"never selling my META shares, generational wealth",positive,0.5235909296208496,META,youtube,39,3
2023-06-10,biggest regret buying SPY smh,negative,-0.4188720288269995,SPY,youtube,7,5
2023-12-24,"best stock ever, GOOGL is the future",positive,0.5802575783894296,GOOGL,youtube,138,5
2024-05-28,🚀🚀🚀 Tesla to the moon!!!,positive,0.767062152500924,TSLA,youtube,18,14
2024-08-22,"new to investing, is Meta good?",neutral,-0.09920338794004775,META,youtube,84,0
2023-02-21,"Nvidia is trash, worst investment ever",negative,-0.6245900665312387,NVDA,youtube,12,0
2024-09-05,should i buy AAPL or wait?,neutral,-0.08296473510388727,AAPL,youtube,37,5
2024-08-08,🚀🚀🚀 Meta to the moon!!!,positive,0.7671528050284514,META,youtube,239,2
2024-11-07,"best stock ever, MSFT is the future",positive,0.5006377065727169,MSFT,youtube,9,0
2023-02-26,"never selling my GOOGL shares, generational wealth",positive,0.5016529177425127,GOOGL,youtube,71,5
2024-01-04,"NVDA scam, dont buy this garbage",negative,-0.5731765782793626,NVDA,youtube,91,4
2023-05-06,🚀🚀🚀 Apple to the moon!!!,positive,0.5972147053210233,AAPL,youtube,110,23
2023-08-02,AAPL making me rich fr fr,positive,0.3552977050189866,AAPL,youtube,11,12
2024-08-13,lmao Amazon bagholders in shambles,negative,-0.345902017262534,AMZN,youtube,98,5
2024-06-04,apes together strong 🦍 SPY,positive,0.6795045895978634,SPY,youtube,85,4
2023-02-02,who else is buying the dip? Amazon gang,positive,0.3508284698224809,AMZN,youtube,45,4
2023-03-09,lol bears are so wrong about GameStop,positive,0.776144299348587,GME,youtube,24,0
2024-09-11,"sold all my AAPL, this thing is done",negative,-0.4252867987341602,AAPL,youtube,84,8
2023-08-06,"this is gonna be huge, Amazon will 10x easy",positive,0.869669739523725,AMZN,youtube,33,1
2024-07-06,why did i buy AAPL?? down so bad rn,negative,-0.36282668621135683,AAPL,youtube,21,11
2023-12-30,lol bears are so wrong about Amazon,positive,0.4710348022939579,AMZN,youtube,33,13
2023-02-19,"never selling my GME shares, generational wealth",positive,0.7025893394311411,GME,youtube,76,3
2023-03-27,should i buy GME or wait?,neutral,0.1925712321920386,GME,youtube,22,13
2023-09-15,paper hands saved me from Apple disaster,negative,-0.4589047212483596,AAPL,youtube,23,0
2023-10-03,anyone still holding MSFT?,neutral,0.10040486910204405,MSFT,youtube,24,12
2023-08-10,paper hands saved me from Google disaster,negative,-0.6375056937770351,GOOGL,youtube,59,6
2023-08-15,🚀🚀🚀 AMC to the moon!!!,positive,0.40032894950561304,AMC,youtube,3,9
2023-12-26,whats the PT for Google?,neutral,0.06394225525981934,GOOGL,youtube,56,0
2024-09-02,"best stock ever, TSLA is the future",positive,0.8947296459481533,TSLA,youtube,74,2
2024-09-20,"new to investing, is Google good?",neutral,0.09473101609104922,GOOGL,youtube,21,1
2023-08-16,diamond hands 💎🙌 holding Meta forever,positive,0.48491645619567203,META,youtube,86,0
2023-10-18,AMZN making me rich fr fr,positive,0.3303472111000425,AMZN,youtube,56,5
2024-08-05,"never selling my AMC shares, generational wealth",positive,0.3011772109865732,AMC,youtube,43,3
2023-01-23,just bought more SPY let's gooo,positive,0.3249842109216131,SPY,youtube,9,7
2024-05-13,"sold all my GameStop, this thing is done",negative,-0.5993082223132298,GME,youtube,11,2
2023-12-14,lmao SPY bagholders in shambles,negative,-0.46906990290550615,SPY,youtube,54,2
2023-11-18,"AMZN going to zero, get out now",negative,-0.748348936523277,AMZN,youtube,16,16
2024-10-09,🚀🚀🚀 Microsoft to the moon!!!,positive,0.6237567922410173,MSFT,youtube,8,3
2024-07-15,🚀🚀🚀 SPY to the moon!!!,positive,0.5513825702296672,SPY,youtube,29,1
2023-04-28,biggest regret buying TSLA smh,negative,-0.3234247889627143,TSLA,youtube,69,0
2024-01-03,"Nvidia going to zero, get out now",negative,-0.4641291339189381,NVDA,youtube,31,11
2024-03-07,"this is gonna be huge, Google will 10x easy",positive,0.7887370989597949,GOOGL,youtube,141,7
2023-04-18,anyone still holding AAPL?,neutral,0.0928765490093636,AAPL,youtube,81,3
2023-05-05,"idk about AMC tbh, mixed signals",neutral,-0.10650578727658147,AMC,youtube,83,3
2023-06-21,who else got rekt by SPY? 😭,negative,-0.7124438395933541,SPY,youtube,33,0
2023-03-13,"best stock ever, MSFT is the future",positive,0.33886281628970205,MSFT,youtube,53,8
2023-01-21,"new to investing, is Meta good?",neutral,0.16430969765494197,META,youtube,30,0
2024-07-07,Meta looking interesting ngl,neutral,0.049924195609820254,META,youtube,77,2
2023-07-22,should i buy AMC or wait?,neutral,-0.12474212485884593,AMC,youtube,40,1
2024-04-20,whats the PT for GameStop?,neutral,-0.02227938560997217,GME,youtube,174,1
2024-01-25,who else is buying the dip? Nvidia gang,positive,0.7450655931869595,NVDA,youtube,4,1
2023-01-06,Microsoft looking interesting ngl,neutral,-0.0985456625434988,MSFT,youtube,12,1
2023-02-10,"MSFT scam, dont buy this garbage",negative,-0.8546464603784091,MSFT,youtube,42,2
2024-04-05,who else is buying the dip? AMC gang,positive,0.6571006009308248,AMC,youtube,6,14
2023-02-27,who else is buying the dip? AMZN gang,positive,0.616741275042124,AMZN,youtube,121,0
2024-05-13,"this is gonna be huge, AMC will 10x easy",positive,0.8464374407120718,AMC,youtube,106,1
2024-01-17,lol bears are so wrong about SPY,positive,0.8911015986309214,SPY,youtube,195,7
2024-04-06,lol bears are so wrong about TSLA,positive,0.5507507315928274,TSLA,youtube,61,7
2023-12-13,GME looking interesting ngl,neutral,-0.06577703998319948,GME,youtube,63,9
2023-06-16,should i buy SPY or wait?,neutral,-0.12210525759881828,SPY,youtube,153,7
2023-12-26,just bought more Microsoft let's gooo,positive,0.8868868943427617,MSFT,youtube,40,4
2023-04-30,"GameStop going to zero, get out now",negative,-0.8642266576918674,GME,youtube,75,1
2024-07-17,Nvidia making me rich fr fr,positive,0.7709102500743303,NVDA,youtube,0,3
2023-10-03,"sold all my Tesla, this thing is done",negative,-0.7983656347003868,TSLA,youtube,1,3
2023-10-22,"never selling my NVDA shares, generational wealth",positive,0.627110462173052,NVDA,youtube,54,6
2023-11-07,just bought more NVDA let's gooo,positive,0.6605249352571567,NVDA,youtube,39,0
2023-08-16,"new to investing, is AMC good?",neutral,0.1780142940334471,AMC,youtube,92,0
2024-02-05,told yall Google was gonna pump,positive,0.35386647492664697,GOOGL,youtube,49,1
2024-09-06,apes together strong 🦍 Tesla,positive,0.5391487155154181,TSLA,youtube,58,0
2023-05-15,apes together strong 🦍 Apple,positive,0.5335561783986281,AAPL,youtube,33,0
2023-12-07,"MSFT scam, dont buy this garbage",negative,-0.5846799135665172,MSFT,youtube,7,6
2023-01-29,"idk about AMC tbh, mixed signals",neutral,-0.0775003934490952,AMC,youtube,10,0
2024-04-02,lmao MSFT bagholders in shambles,negative,-0.7969137546428642,MSFT,youtube,154,7
2023-03-03,"new to investing, is Google good?",neutral,0.0008075492193928002,GOOGL,youtube,111,0
2024-03-24,anyone still holding AAPL?,neutral,0.1802685432251407,AAPL,youtube,34,2
2024-05-08,"never selling my TSLA shares, generational wealth",positive,0.505244074052881,TSLA,youtube,65,0
2023-04-13,"sold all my SPY, this thing is done",negative,-0.812100640129314,SPY,youtube,8,6
2023-06-04,waiting for Amazon to dip more,neutral,0.1431786722762602,AMZN,youtube,54,1
2023-08-28,why did i buy TSLA?? down so bad rn,negative,-0.6680226794103695,TSLA,youtube,35,4
2023-03-26,GOOGL looking interesting ngl,neutral,-0.18970776808901754,GOOGL,youtube,10,5
2023-02-11,just bought more GameStop let's gooo,positive,0.7356086125889425,GME,youtube,7,6
2023-02-15,who else is buying the dip? GME gang,positive,0.3702921000457637,GME,youtube,52,2
2023-03-09,paper hands saved me from Microsoft disaster,negative,-0.43578926220334496,MSFT,youtube,58,3
2023-06-18,NVDA making me rich fr fr,positive,0.39854184397217723,NVDA,youtube,4,2
2023-03-07,why did i buy MSFT?? down so bad rn,negative,-0.4494454965760616,MSFT,youtube,7,4
2024-01-08,"best stock ever, GOOGL is the future",positive,0.6508157251490293,GOOGL,youtube,14,11
2023-07-17,"new to investing, is Nvidia good?",neutral,0.03785946656899791,NVDA,youtube,39,9
2024-06-17,waiting for AMC to dip more,neutral,-0.15448680104780688,AMC,youtube,26,3
2024-03-14,biggest regret buying Apple smh,negative,-0.425393773114635,AAPL,youtube,26,9
2023-05-09,who else got rekt by Microsoft? 😭,negative,-0.3564930105428121,MSFT,youtube,11,6
2024-10-26,"best stock ever, Microsoft is the future",positive,0.6301520064280122,MSFT,youtube,75,4
2023-12-06,"never selling my Apple shares, generational wealth",positive,0.6210699113450404,AAPL,youtube,66,1
2024-08-26,"this is gonna be huge, AMC will 10x easy",positive,0.7619835875709917,AMC,youtube,47,9
2024-10-17,"AMC is trash, worst investment ever",negative,-0.42133322231704906,AMC,youtube,173,0
2023-07-06,"best stock ever, META is the future",positive,0.32476948007551026,META,youtube,14,8
2023-11-12,apes together strong 🦍 SPY,positive,0.6116268208286622,SPY,youtube,4,0
2023-06-13,who else is buying the dip? Google gang,positive,0.6002578419115587,GOOGL,youtube,33,2
2024-06-23,"this is gonna be huge, AMC will 10x easy",positive,0.6487307876651104,AMC,youtube,103,6
2023-08-16,biggest regret buying GME smh,negative,-0.8793901826004122,GME,youtube,13,2
2023-06-07,diamond hands 💎🙌 holding Google forever,positive,0.8021118198726351,GOOGL,youtube,166,0
2023-02-13,"new to investing, is GOOGL good?",neutral,-0.05532307284051449,GOOGL,youtube,58,6
2024-05-27,waiting for GME to dip more,neutral,-0.17338489564147452,GME,youtube,38,5
2023-09-25,biggest regret buying GameStop smh,negative,-0.7826305370999873,GME,youtube,106,13
2024-01-09,waiting for Amazon to dip more,neutral,0.15674580466097082,AMZN,youtube,23,0
2023-04-05,"new to investing, is AMZN good?",neutral,0.02926300468700735,AMZN,youtube,37,2
2023-05-27,my portfolio up 500% thanks to NVDA 😂,positive,0.320169242777196,NVDA,youtube,16,0
2023-01-06,my portfolio up 500% thanks to AMZN 😂,positive,0.813181992928238,AMZN,youtube,212,3
2024-01-15,waiting for Microsoft to dip more,neutral,0.15807679980686545,MSFT,youtube,75,11
2024-10-12,just bought more Meta let's gooo,positive,0.32021390230644226,META,youtube,31,6
2023-12-25,AMC looking interesting ngl,neutral,0.11709479770769432,AMC,youtube,10,18
2023-08-01,NVDA making me rich fr fr,positive,0.41831751871823497,NVDA,youtube,3,3
2024-06-13,lmao AMC bagholders in shambles,negative,-0.8335863753480661,AMC,youtube,16,0
2024-10-01,should i buy SPY or wait?,neutral,-0.09807696139736871,SPY,youtube,39,2
2024-02-02,anyone still holding GOOGL?,neutral,-0.14111220662541935,GOOGL,youtube,10,5
2024-10-16,told yall GME was gonna pump,positive,0.5976581113415125,GME,youtube,64,0
2023-04-03,waiting for Nvidia to dip more,neutral,0.18924075305243443,NVDA,youtube,21,1
2024-09-30,should i buy SPY or wait?,neutral,0.019003859124982536,SPY,youtube,57,4
2024-09-26,paper hands saved me from AAPL disaster,negative,-0.6471021198968219,AAPL,youtube,48,0
2024-10-01,should i buy TSLA or wait?,neutral,-0.07163107401385557,TSLA,youtube,47,0
2023-09-27,who else is buying the dip? SPY gang,positive,0.4252637809986255,SPY,youtube,42,13
2023-07-30,waiting for Tesla to dip more,neutral,0.012041510835756553,TSLA,youtube,12,9
2024-06-28,"MSFT going to zero, get out now",negative,-0.3989979516870349,MSFT,youtube,18,8
2024-05-08,"AMZN is trash, worst investment ever",negative,-0.3283441817870075,AMZN,youtube,22,5
2023-02-05,"Nvidia is trash, worst investment ever",negative,-0.8770100603752016,NVDA,youtube,161,1
2023-07-25,what do yall think about GME?,neutral,0.07868930928824369,GME,youtube,39,5
2024-05-23,just bought more Apple let's gooo,positive,0.5971750388104274,AAPL,youtube,1,13
2023-11-28,whats the PT for Google?,neutral,0.14741138847790314,GOOGL,youtube,1,3
2024-04-17,just bought more TSLA let's gooo,positive,0.5371347383481659,TSLA,youtube,0,4
2023-07-17,why did i buy SPY?? down so bad rn,negative,-0.40283376732479126,SPY,youtube,19,4
2023-05-20,who else is buying the dip? SPY gang,positive,0.5250899374976608,SPY,youtube,16,20
2023-05-26,who else got rekt by GOOGL? 😭,negative,-0.47020442740458973,GOOGL,youtube,33,3
2024-06-05,should i buy SPY or wait?,neutral,0.12440577507398437,SPY,youtube,1,2
2024-08-12,should i buy Microsoft or wait?,neutral,0.08299182008384537,MSFT,youtube,46,0
2023-08-07,"never selling my Apple shares, generational wealth",positive,0.522656766784456,AAPL,youtube,9,5
2023-02-07,waiting for GameStop to dip more,neutral,-0.09333448680097832,GME,youtube,149,3
2023-05-02,apes together strong 🦍 META,positive,0.7676122215158991,META,youtube,10,3
2023-05-05,lmao AAPL bagholders in shambles,negative,-0.49631898377034145,AAPL,youtube,24,2
2024-07-22,told yall SPY was gonna pump,positive,0.6845953181629316,SPY,youtube,25,11
2023-06-07,told yall NVDA was gonna pump,positive,0.3850707062387036,NVDA,youtube,138,2
2023-05-08,paper hands saved me from Tesla disaster,negative,-0.4066217230240537,TSLA,youtube,6,11
2024-04-05,"idk about TSLA tbh, mixed signals",neutral,-0.19730377456437315,TSLA,youtube,13,0
2023-01-05,"new to investing, is AMZN good?",neutral,-0.15531508715903258,AMZN,youtube,9,5
2024-01-18,lmao Google bagholders in shambles,negative,-0.3279904199510658,GOOGL,youtube,54,6
2024-02-26,Tesla looking interesting ngl,neutral,0.07703480090227555,TSLA,youtube,47,1
2023-03-20,rip to everyone who bought META at the top,negative,-0.5711070420202927,META,youtube,24,6
2023-09-18,"never selling my GME shares, generational wealth",positive,0.805396564356198,GME,youtube,93,0
2023-02-26,who else is buying the dip? MSFT gang,positive,0.674877600775286,MSFT,youtube,11,9
2023-06-25,rip to everyone who bought SPY at the top,negative,-0.574481346976859,SPY,youtube,68,0
2024-07-04,🚀🚀🚀 AMC to the moon!!!,positive,0.36072824579633084,AMC,youtube,6,10
2024-05-03,paper hands saved me from AMC disaster,negative,-0.4419020248731253,AMC,youtube,73,2
2023-12-24,"AMC scam, dont buy this garbage",negative,-0.35991649883410537,AMC,youtube,3,5
2023-07-08,just bought more AMZN let's gooo,positive,0.3455890694381537,AMZN,youtube,92,2
2023-08-24,"never selling my SPY shares, generational wealth",positive,0.6468581585568156,SPY,youtube,6,6
2023-12-06,whats the PT for SPY?,neutral,-0.028275280745020975,SPY,youtube,33,15
2024-08-04,"never selling my META shares, generational wealth",positive,0.47842397524471425,META,youtube,59,1
2023-08-27,"never selling my Microsoft shares, generational wealth",positive,0.7006803244303834,MSFT,youtube,60,15
2024-08-17,"new to investing, is Apple good?",neutral,-0.12616182954846655,AAPL,youtube,17,6
2023-06-16,just bought more Meta let's gooo,positive,0.6208690350521316,META,youtube,18,16
2023-07-04,waiting for MSFT to dip more,neutral,0.054256442527871984,MSFT,youtube,36,9
2024-07-09,"this is gonna be huge, MSFT will 10x easy",positive,0.3385146755329258,MSFT,youtube,108,0
2023-04-04,apes together strong 🦍 NVDA,positive,0.6516227684581135,NVDA,youtube,192,2
2024-03-08,what do yall think about GME?,neutral,0.19555502863523527,GME,youtube,85,1
2023-02-21,waiting for Apple to dip more,neutral,0.18404092196020944,AAPL,youtube,27,0
2023-09-29,my portfolio up 500% thanks to SPY 😂,positive,0.6690343580835356,SPY,youtube,88,2
2023-12-10,whats the PT for Microsoft?,neutral,0.04622783285277868,MSFT,youtube,92,1
2024-07-06,"this is gonna be huge, NVDA will 10x easy",positive,0.8244883681779975,NVDA,youtube,29,8
2024-11-18,just bought more AMC let's gooo,positive,0.40999982813755653,AMC,youtube,37,10
2024-02-02,biggest regret buying Apple smh,negative,-0.8507726678022115,AAPL,youtube,55,1
2023-11-25,waiting for AAPL to dip more,neutral,-0.1797939528119027,AAPL,youtube,12,0
2023-08-07,Amazon making me rich fr fr,positive,0.6927969771368296,AMZN,youtube,43,6
2023-04-07,rip to everyone who bought Tesla at the top,negative,-0.631466589252966,TSLA,youtube,93,11
2024-02-09,should i buy AAPL or wait?,neutral,0.09720376355076599,AAPL,youtube,112,0
2024-05-20,lmao GameStop bagholders in shambles,negative,-0.46028842003767034,GME,youtube,17,1
2024-01-28,"Nvidia is trash, worst investment ever",negative,-0.3545195546658929,NVDA,youtube,46,5
2023-04-07,paper hands saved me from GOOGL disaster,negative,-0.475256850495956,GOOGL,youtube,13,14
2023-04-11,"best stock ever, AMC is the future",positive,0.6755255836119445,AMC,youtube,64,4
2024-07-26,"best stock ever, Amazon is the future",positive,0.4991331931322792,AMZN,youtube,3,7
2023-03-22,lmao AAPL bagholders in shambles,negative,-0.8871882520472916,AAPL,youtube,33,0
2023-06-29,"GOOGL going to zero, get out now",negative,-0.43403792281333453,GOOGL,youtube,23,2
2023-03-02,should i buy SPY or wait?,neutral,-0.03644326611784346,SPY,youtube,23,9
2024-02-07,rip to everyone who bought Microsoft at the top,negative,-0.685917865569667,MSFT,youtube,31,4
2024-06-21,"new to investing, is NVDA good?",neutral,0.0546481661067858,NVDA,youtube,52,8
2024-10-18,waiting for Tesla to dip more,neutral,-0.07525911535949947,TSLA,youtube,46,3
2024-05-11,should i buy Tesla or wait?,neutral,0.024784719292155533,TSLA,youtube,20,0
2024-05-02,"this is gonna be huge, META will 10x easy",positive,0.8882860600666354,META,youtube,33,3
2023-10-02,"idk about GOOGL tbh, mixed signals",neutral,-0.1284906448208119,GOOGL,youtube,52,1
2024-05-21,lmao Nvidia bagholders in shambles,negative,-0.868297657324209,NVDA,youtube,15,0
2024-02-28,who else is buying the dip? GOOGL gang,positive,0.5237809847804312,GOOGL,youtube,43,1
2023-02-04,biggest regret buying TSLA smh,negative,-0.3868718242583993,TSLA,youtube,5,3
2023-05-14,"Tesla going to zero, get out now",negative,-0.4171349941336074,TSLA,youtube,78,14
2024-02-11,who else is buying the dip? GameStop gang,positive,0.45709023117712555,GME,youtube,80,11
2024-11-05,waiting for GME to dip more,neutral,0.019057205214339124,GME,youtube,84,0
2024-10-24,told yall Microsoft was gonna pump,positive,0.6811357529888754,MSFT,youtube,104,12
2024-10-09,apes together strong 🦍 SPY,positive,0.3660560998620427,SPY,youtube,150,2
2024-08-01,my portfolio up 500% thanks to Amazon 😂,positive,0.5825057709204289,AMZN,youtube,16,4
2023-04-23,should i buy GME or wait?,neutral,-0.16520167098374394,GME,youtube,23,0
2023-05-02,SPY making me rich fr fr,positive,0.7755609049425319,SPY,youtube,95,0
2024-04-30,Microsoft looking interesting ngl,neutral,-0.07164426150887376,MSFT,youtube,7,6
2024-08-10,"best stock ever, MSFT is the future",positive,0.7902956321087745,MSFT,youtube,124,0
2024-01-24,diamond hands 💎🙌 holding SPY forever,positive,0.41282238677466615,SPY,youtube,55,10
2023-06-30,Microsoft making me rich fr fr,positive,0.6090657356030242,MSFT,youtube,0,0
2023-11-09,Google making me rich fr fr,positive,0.4032648374929433,GOOGL,youtube,9,7
2023-11-29,"idk about Nvidia tbh, mixed signals",neutral,-0.1038598164578326,NVDA,youtube,14,1
2024-08-13,diamond hands 💎🙌 holding MSFT forever,positive,0.5983218016037792,MSFT,youtube,18,3
2024-06-17,"never selling my AMC shares, generational wealth",positive,0.38460578534312745,AMC,youtube,40,5
2023-03-14,diamond hands 💎🙌 holding AMZN forever,positive,0.3042765016971727,AMZN,youtube,2,3
2023-07-26,apes together strong 🦍 TSLA,positive,0.46025580726489856,TSLA,youtube,19,6
2023-07-25,"sold all my Meta, this thing is done",negative,-0.6993271108709651,META,youtube,88,0
2023-05-21,🚀🚀🚀 NVDA to the moon!!!,positive,0.5038418863832339,NVDA,youtube,1,3
2023-11-04,told yall Google was gonna pump,positive,0.5006272152000528,GOOGL,youtube,14,2
2024-03-18,paper hands saved me from AMC disaster,negative,-0.49126044320959367,AMC,youtube,17,8
2024-02-06,"never selling my GME shares, generational wealth",positive,0.7631842414295597,GME,youtube,9,21
2024-02-19,apes together strong 🦍 SPY,positive,0.5309523267365481,SPY,youtube,88,18
2024-03-14,paper hands saved me from Google disaster,negative,-0.4407264447301237,GOOGL,youtube,83,3
2023-04-09,"new to investing, is AAPL good?",neutral,0.1394795260918968,AAPL,youtube,1,1
2023-09-09,"never selling my Amazon shares, generational wealth",positive,0.4821217259052413,AMZN,youtube,84,3
2023-11-20,lmao NVDA bagholders in shambles,negative,-0.7018226262191235,NVDA,youtube,43,3
2023-09-04,told yall GOOGL was gonna pump,positive,0.7421793328363734,GOOGL,youtube,47,5
2023-11-15,"never selling my MSFT shares, generational wealth",positive,0.40351503247346093,MSFT,youtube,104,2
2024-03-19,lmao AMZN bagholders in shambles,negative,-0.7877806619965063,AMZN,youtube,66,1
2023-01-20,"NVDA going to zero, get out now",negative,-0.4802737420333463,NVDA,youtube,59,7
2023-08-01,"AMC scam, dont buy this garbage",negative,-0.593397525552526,AMC,youtube,9,0
2023-07-25,"new to investing, is Tesla good?",neutral,-0.042486991092129,TSLA,youtube,15,3
2024-03-30,lol bears are so wrong about Amazon,positive,0.4128411081636304,AMZN,youtube,113,1
2023-09-14,"SPY going to zero, get out now",negative,-0.49612197986237694,SPY,youtube,120,0
2023-05-16,what do yall think about Google?,neutral,0.009156245506386329,GOOGL,youtube,86,2
2024-07-09,"idk about TSLA tbh, mixed signals",neutral,-0.07962040453796733,TSLA,youtube,14,0
2024-08-05,who else is buying the dip? AMC gang,positive,0.4641731804293138,AMC,youtube,18,2
2023-07-04,apes together strong 🦍 AMC,positive,0.8287933592482399,AMC,youtube,25,5
2024-03-19,"new to investing, is AMC good?",neutral,-0.16911029960315369,AMC,youtube,16,5
2023-09-06,my portfolio up 500% thanks to Amazon 😂,positive,0.8894538398123286,AMZN,youtube,12,6
2024-03-07,should i buy Microsoft or wait?,neutral,-0.07554517861001608,MSFT,youtube,16,3
2023-06-10,"this is gonna be huge, AMC will 10x easy",positive,0.569926390053309,AMC,youtube,37,1
2024-09-13,"never selling my Apple shares, generational wealth",positive,0.781390908616282,AAPL,youtube,13,1
2024-06-20,"idk about SPY tbh, mixed signals",neutral,0.16449827098324737,SPY,youtube,9,4
2024-05-22,diamond hands 💎🙌 holding GameStop forever,positive,0.357622457541808,GME,youtube,52,0
2023-02-16,"never selling my Nvidia shares, generational wealth",positive,0.434578784469723,NVDA,youtube,43,2
2023-09-22,what do yall think about META?,neutral,0.07389408220491989,META,youtube,88,6
2024-10-18,my portfolio up 500% thanks to SPY 😂,positive,0.7163558657625778,SPY,youtube,21,1
2024-08-29,what do yall think about GameStop?,neutral,0.06540279214752315,GME,youtube,93,2
2023-04-08,"best stock ever, Tesla is the future",positive,0.4262903683521957,TSLA,youtube,32,2
2023-03-22,what do yall think about Meta?,neutral,-0.039452149040509144,META,youtube,45,5
2024-10-02,whats the PT for Apple?,neutral,0.18002393401958833,AAPL,youtube,65,1
2023-04-14,"sold all my MSFT, this thing is done",negative,-0.6958577208821172,MSFT,youtube,98,4
2024-03-16,what do yall think about Meta?,neutral,-0.03879359961019091,META,youtube,9,4
2023-10-16,whats the PT for Amazon?,neutral,-0.058660531653544096,AMZN,youtube,39,0
2023-12-12,lmao Meta bagholders in shambles,negative,-0.3761066825010918,META,youtube,99,5
2023-01-04,who else is buying the dip? Apple gang,positive,0.799239585289254,AAPL,youtube,20,1
2023-03-05,"new to investing, is GameStop good?",neutral,0.1520440659890145,GME,youtube,98,0
2024-03-29,apes together strong 🦍 GOOGL,positive,0.8676299377613275,GOOGL,youtube,31,0
2023-11-11,"Meta scam, dont buy this garbage",negative,-0.3964105513499425,META,youtube,33,2
2024-02-29,lmao Meta bagholders in shambles,negative,-0.4071841396693362,META,youtube,23,1
2023-04-16,"best stock ever, GME is the future",positive,0.5058070597702542,GME,youtube,91,7
2023-07-07,lol bears are so wrong about SPY,positive,0.6230080337524014,SPY,youtube,80,11
2023-10-22,apes together strong 🦍 NVDA,positive,0.3296021537753311,NVDA,youtube,122,0
2024-01-17,just bought more Nvidia let's gooo,positive,0.6699254525934308,NVDA,youtube,10,0
2024-06-05,"sold all my TSLA, this thing is done",negative,-0.834306174948866,TSLA,youtube,39,3
2024-05-25,"sold all my Meta, this thing is done",negative,-0.7407680965604925,META,youtube,119,0
2023-04-25,apes together strong 🦍 SPY,positive,0.5536321936338925,SPY,youtube,7,0
2023-04-28,waiting for SPY to dip more,neutral,0.10133122030436464,SPY,youtube,93,2
2023-09-16,what do yall think about GOOGL?,neutral,0.004441910535831595,GOOGL,youtube,52,1
2024-04-14,paper hands saved me from META disaster,negative,-0.41219819767094423,META,youtube,69,11
2023-07-26,who else got rekt by Apple? 😭,negative,-0.5004619098946479,AAPL,youtube,36,8
2024-05-29,"never selling my Microsoft shares, generational wealth",positive,0.8158783465482953,MSFT,youtube,19,0
2023-02-17,"sold all my Nvidia, this thing is done",negative,-0.6074835472675737,NVDA,youtube,41,9
2023-05-23,waiting for SPY to dip more,neutral,0.10921864622812116,SPY,youtube,35,9
2023-04-06,"SPY going to zero, get out now",negative,-0.6500441341900969,SPY,youtube,51,7
2023-12-27,lol bears are so wrong about AMC,positive,0.6189156453150041,AMC,youtube,4,7
2024-03-08,just bought more GOOGL let's gooo,positive,0.687421638180731,GOOGL,youtube,2,0
2024-03-07,my portfolio up 500% thanks to Google 😂,positive,0.5440928549073414,GOOGL,youtube,2,5
2023-05-02,why did i buy Microsoft?? down so bad rn,negative,-0.8363276445843568,MSFT,youtube,33,3
2023-09-28,"never selling my AMC shares, generational wealth",positive,0.3655586913726906,AMC,youtube,31,9
2024-07-09,"this is gonna be huge, GME will 10x easy",positive,0.6706850776926648,GME,youtube,1,12
2024-01-20,"idk about Meta tbh, mixed signals",neutral,-0.16294541491063372,META,youtube,20,5
2024-02-07,whats the PT for Apple?,neutral,0.012489455189522214,AAPL,youtube,43,0
2023-10-06,rip to everyone who bought AMC at the top,negative,-0.8296234591383046,AMC,youtube,1,0
2024-04-10,who else got rekt by SPY? 😭,negative,-0.6056510270394836,SPY,youtube,41,2
2023-04-08,biggest regret buying AMC smh,negative,-0.4252194978304305,AMC,youtube,84,0
2023-10-21,who else is buying the dip? AMZN gang,positive,0.6006188754081032,AMZN,youtube,40,4
2024-10-05,diamond hands 💎🙌 holding SPY forever,positive,0.7325333327773169,SPY,youtube,9,5
2023-03-05,diamond hands 💎🙌 holding GME forever,positive,0.4561236303518619,GME,youtube,4,3
2024-10-14,paper hands saved me from SPY disaster,negative,-0.8941158038795016,SPY,youtube,23,2
2024-03-17,"new to investing, is AMZN good?",neutral,-0.0350801656636687,AMZN,youtube,1,16
2024-04-25,diamond hands 💎🙌 holding AAPL forever,positive,0.8767466517954656,AAPL,youtube,15,7
2024-06-25,"Google is trash, worst investment ever",negative,-0.5495160413003994,GOOGL,youtube,4,31
2023-05-02,"GOOGL is trash, worst investment ever",negative,-0.48118517354429863,GOOGL,youtube,19,0
2024-10-07,"never selling my SPY shares, generational wealth",positive,0.705002082425176,SPY,youtube,25,0
2024-04-03,lmao Apple bagholders in shambles,negative,-0.3201512968517971,AAPL,youtube,25,12
2023-03-22,"sold all my Google, this thing is done",negative,-0.6148871172114706,GOOGL,youtube,55,12
2023-11-23,lmao Nvidia bagholders in shambles,negative,-0.7105222207415862,NVDA,youtube,114,0
2024-11-22,"Amazon scam, dont buy this garbage",negative,-0.5096329775212215,AMZN,youtube,58,2
2024-06-23,who else is buying the dip? AMC gang,positive,0.35240722508195393,AMC,youtube,12,6
2024-04-17,who else is buying the dip? NVDA gang,positive,0.3075386769146283,NVDA,youtube,46,17
2024-06-14,🚀🚀🚀 META to the moon!!!,positive,0.5918268400008313,META,youtube,39,0
2023-05-06,"best stock ever, GameStop is the future",positive,0.5980510011232574,GME,youtube,35,16
2024-10-22,told yall Tesla was gonna pump,positive,0.581653081233287,TSLA,youtube,36,8
2023-04-19,what do yall think about AMC?,neutral,0.08113064625936228,AMC,youtube,30,0
2023-12-10,lol bears are so wrong about Apple,positive,0.30615308962689824,AAPL,youtube,58,4
2024-09-11,"Meta going to zero, get out now",negative,-0.5086042983003244,META,youtube,22,9
2024-01-17,should i buy Google or wait?,neutral,0.06840863825518884,GOOGL,youtube,7,3
2024-01-20,"Meta scam, dont buy this garbage",negative,-0.4659321047729577,META,youtube,69,11
2023-05-28,diamond hands 💎🙌 holding AMC forever,positive,0.3468174672030861,AMC,youtube,41,1
2024-01-02,apes together strong 🦍 AMZN,positive,0.8464688743868629,AMZN,youtube,95,8
2024-09-07,"NVDA is trash, worst investment ever",negative,-0.46647048813235453,NVDA,youtube,57,3
2023-01-19,GOOGL making me rich fr fr,positive,0.8449496168448718,GOOGL,youtube,115,0
2023-04-11,lmao TSLA bagholders in shambles,negative,-0.8409636813605789,TSLA,youtube,8,2
2024-07-25,"idk about Meta tbh, mixed signals",neutral,0.11409947113415525,META,youtube,13,1
2024-11-19,lmao SPY bagholders in shambles,negative,-0.3711827734596598,SPY,youtube,196,1
2023-03-08,"best stock ever, AMC is the future",positive,0.8573754895807111,AMC,youtube,48,4
2023-03-24,apes together strong 🦍 AMZN,positive,0.7197933941399687,AMZN,youtube,30,5
2024-04-09,"Nvidia is trash, worst investment ever",negative,-0.6991890293381293,NVDA,youtube,139,5
2024-05-01,should i buy TSLA or wait?,neutral,0.11584642788679922,TSLA,youtube,40,8
2024-10-18,"sold all my Apple, this thing is done",negative,-0.7693567681893532,AAPL,youtube,52,9
2024-11-08,🚀🚀🚀 AAPL to the moon!!!,positive,0.8903388218160107,AAPL,youtube,20,1
2023-12-15,"sold all my Nvidia, this thing is done",negative,-0.573522462357489,NVDA,youtube,174,0
2023-02-07,just bought more GOOGL let's gooo,positive,0.7382524320483479,GOOGL,youtube,120,0
2024-03-11,whats the PT for AMZN?,neutral,0.05458613374979815,AMZN,youtube,52,9
2023-03-31,my portfolio up 500% thanks to SPY 😂,positive,0.43860899175973306,SPY,youtube,9,1
2024-03-01,diamond hands 💎🙌 holding SPY forever,positive,0.4913009538019309,SPY,youtube,18,0
2023-06-23,my portfolio up 500% thanks to AMZN 😂,positive,0.43940037451275465,AMZN,youtube,15,1
2023-03-14,apes together strong 🦍 MSFT,positive,0.33928158870424685,MSFT,youtube,12,0
2024-11-01,waiting for Google to dip more,neutral,-0.07343896696483318,GOOGL,youtube,71,0
2024-07-17,my portfolio up 500% thanks to Google 😂,positive,0.776985179526271,GOOGL,youtube,8,1
2024-08-06,"best stock ever, AMC is the future",positive,0.5489752752526621,AMC,youtube,13,9
2023-07-01,"sold all my Tesla, this thing is done",negative,-0.8014966052215482,TSLA,youtube,0,12
2023-10-13,"never selling my GME shares, generational wealth",positive,0.3168916941720328,GME,youtube,40,15
2024-09-14,"best stock ever, SPY is the future",positive,0.4853914211299709,SPY,youtube,99,1
2024-05-17,waiting for GME to dip more,neutral,-0.17799451400314129,GME,youtube,7,4
2023-02-06,"GOOGL going to zero, get out now",negative,-0.8617972001605269,GOOGL,youtube,48,1
2023-04-09,lol bears are so wrong about META,positive,0.48398401942757857,META,youtube,4,0
2023-01-06,why did i buy Meta?? down so bad rn,negative,-0.8970556244943104,META,youtube,49,2
2023-09-06,"best stock ever, SPY is the future",positive,0.7076594342862521,SPY,youtube,13,1
2023-01-17,my portfolio up 500% thanks to GME 😂,positive,0.3104977809752975,GME,youtube,3,1
2023-05-23,waiting for GameStop to dip more,neutral,0.013213153975630665,GME,youtube,131,5
2023-05-13,apes together strong 🦍 MSFT,positive,0.7727804670086675,MSFT,youtube,39,0
2024-02-17,waiting for SPY to dip more,neutral,-0.19407867841456797,SPY,youtube,20,0
2024-09-24,MSFT looking interesting ngl,neutral,0.17191558606246166,MSFT,youtube,60,1
2024-07-23,NVDA looking interesting ngl,neutral,0.16056886534481246,NVDA,youtube,0,6
2024-07-21,should i buy Amazon or wait?,neutral,0.18889063918858234,AMZN,youtube,7,3
2024-10-22,lmao SPY bagholders in shambles,negative,-0.7776036955836461,SPY,youtube,115,9
2024-02-22,who else got rekt by Amazon? 😭,negative,-0.8037817826944096,AMZN,youtube,72,13
2023-09-29,"idk about GOOGL tbh, mixed signals",neutral,-0.1482564106489475,GOOGL,youtube,162,1
2023-05-10,diamond hands 💎🙌 holding AMZN forever,positive,0.5896083711140627,AMZN,youtube,10,2
2023-01-03,should i buy GameStop or wait?,neutral,-0.13124490019870888,GME,youtube,6,5
2023-03-13,my portfolio up 500% thanks to GME 😂,positive,0.4978218221808829,GME,youtube,6,7
2023-12-05,whats the PT for Google?,neutral,-0.06174931479038054,GOOGL,youtube,121,1
2023-12-11,anyone still holding Amazon?,neutral,-0.09278651493947937,AMZN,youtube,73,0
2023-02-25,who else is buying the dip? MSFT gang,positive,0.6784849609866059,MSFT,youtube,42,0
2023-10-09,who else is buying the dip? Amazon gang,positive,0.650463301766285,AMZN,youtube,71,10
2023-10-05,apes together strong 🦍 SPY,positive,0.6783916089581125,SPY,youtube,22,12
2023-08-17,"Nvidia scam, dont buy this garbage",negative,-0.6050263616330108,NVDA,youtube,1,22
2023-07-23,anyone still holding Meta?,neutral,0.03679587302008275,META,youtube,36,1
2023-09-17,rip to everyone who bought META at the top,negative,-0.4969768699895993,META,youtube,12,5
2024-02-03,my portfolio up 500% thanks to MSFT 😂,positive,0.4023913200972605,MSFT,youtube,24,8
2023-02-08,"never selling my Tesla shares, generational wealth",positive,0.8596398427268712,TSLA,youtube,87,1
2024-11-15,META making me rich fr fr,positive,0.7306420762239698,META,youtube,8,4
2024-11-06,diamond hands 💎🙌 holding GameStop forever,positive,0.8555573342419462,GME,youtube,54,2
2023-09-02,told yall GameStop was gonna pump,positive,0.6771414414833401,GME,youtube,4,1
2024-04-21,what do yall think about SPY?,neutral,0.18040500573014534,SPY,youtube,24,13
2024-01-16,🚀🚀🚀 AMZN to the moon!!!,positive,0.5928973150054633,AMZN,youtube,26,0
2023-07-12,"sold all my MSFT, this thing is done",negative,-0.6626961461886389,MSFT,youtube,3,5
2023-12-04,lmao Apple bagholders in shambles,negative,-0.5362511640320715,AAPL,youtube,13,1
2023-03-27,should i buy MSFT or wait?,neutral,0.09624312221754278,MSFT,youtube,40,0
2024-07-07,🚀🚀🚀 SPY to the moon!!!,positive,0.5767034242041642,SPY,youtube,26,1
2023-07-18,why did i buy AMC?? down so bad rn,negative,-0.3739790665648717,AMC,youtube,18,1
2023-06-30,apes together strong 🦍 Google,positive,0.7727510156488717,GOOGL,youtube,14,3
2024-01-27,who else got rekt by GME? 😭,negative,-0.4893379414887507,GME,youtube,89,5
2023-01-29,paper hands saved me from AMC disaster,negative,-0.8089600961398746,AMC,youtube,8,0
2023-04-24,lol bears are so wrong about Microsoft,positive,0.6930476881753471,MSFT,youtube,106,6
2023-11-10,Meta looking interesting ngl,neutral,-0.10358523295032285,META,youtube,36,2
2024-02-04,"idk about SPY tbh, mixed signals",neutral,0.08803959825027508,SPY,youtube,107,2
2023-08-11,"idk about Tesla tbh, mixed signals",neutral,-0.19723496353213307,TSLA,youtube,128,5
2023-03-31,"idk about MSFT tbh, mixed signals",neutral,-0.04847384255608053,MSFT,youtube,8,2
2023-08-23,rip to everyone who bought SPY at the top,negative,-0.5316334901543605,SPY,youtube,40,5
2023-02-08,just bought more GameStop let's gooo,positive,0.3389521729181611,GME,youtube,29,1
2023-04-22,AAPL making me rich fr fr,positive,0.38217221351391584,AAPL,youtube,55,0
2024-07-03,"best stock ever, Apple is the future",positive,0.30006142351550813,AAPL,youtube,42,4
2023-01-17,"Google is trash, worst investment ever",negative,-0.5463578320784721,GOOGL,youtube,10,10
2023-07-10,waiting for Meta to dip more,neutral,0.01808976770964016,META,youtube,0,5
2024-01-19,diamond hands 💎🙌 holding GameStop forever,positive,0.6926843928901403,GME,youtube,21,3
2024-09-10,diamond hands 💎🙌 holding GameStop forever,positive,0.4940385458119507,GME,youtube,23,1
2024-06-02,"Amazon going to zero, get out now",negative,-0.45668892861034155,AMZN,youtube,53,1
2024-08-09,"never selling my Nvidia shares, generational wealth",positive,0.6032395815433522,NVDA,youtube,21,10
2024-04-13,"this is gonna be huge, GameStop will 10x easy",positive,0.40204942081084916,GME,youtube,39,6
2023-09-19,told yall GOOGL was gonna pump,positive,0.5389154116002813,GOOGL,youtube,6,1
2023-09-21,Meta making me rich fr fr,positive,0.506233310751553,META,youtube,20,4
2023-06-18,just bought more META let's gooo,positive,0.5361772105269305,META,youtube,132,6
2024-02-05,🚀🚀🚀 Nvidia to the moon!!!,positive,0.3031448020855624,NVDA,youtube,19,2
2024-07-09,lmao MSFT bagholders in shambles,negative,-0.6134996866594216,MSFT,youtube,20,5
2023-06-14,"this is gonna be huge, Meta will 10x easy",positive,0.7006796825337904,META,youtube,69,6
2023-05-23,"AMZN is trash, worst investment ever",negative,-0.8458031518248563,AMZN,youtube,21,0
2023-09-15,"new to investing, is GameStop good?",neutral,-0.1010298659629063,GME,youtube,14,6
2024-04-10,who else is buying the dip? Meta gang,positive,0.5639788380935211,META,youtube,94,9
2024-04-25,"sold all my GME, this thing is done",negative,-0.401982598676246,GME,youtube,19,6
2024-06-05,should i buy AAPL or wait?,neutral,0.12918633607096913,AAPL,youtube,76,6
2023-10-17,should i buy Nvidia or wait?,neutral,0.0769666357101162,NVDA,youtube,135,1
2024-06-20,biggest regret buying AMC smh,negative,-0.711494941626157,AMC,youtube,86,7
2024-09-22,what do yall think about Microsoft?,neutral,0.10632366459598269,MSFT,youtube,12,4
2024-06-18,who else got rekt by AMC? 😭,negative,-0.4827432104293984,AMC,youtube,37,1
2023-04-03,🚀🚀🚀 Nvidia to the moon!!!,positive,0.4725441347559471,NVDA,youtube,74,6
2023-06-07,"sold all my AMC, this thing is done",negative,-0.8651572225698837,AMC,youtube,99,2
2023-04-21,🚀🚀🚀 Meta to the moon!!!,positive,0.6154273212069505,META,youtube,176,3
2023-07-24,lol bears are so wrong about SPY,positive,0.832590676827778,SPY,youtube,6,5
2023-05-23,lol bears are so wrong about Microsoft,positive,0.48371278504611626,MSFT,youtube,160,1
2023-11-25,paper hands saved me from Tesla disaster,negative,-0.778548198443614,TSLA,youtube,30,4
2024-08-02,"TSLA scam, dont buy this garbage",negative,-0.41825451576010897,TSLA,youtube,29,9
2024-04-25,diamond hands 💎🙌 holding Google forever,positive,0.6400397399667077,GOOGL,youtube,52,7
2024-09-16,"Meta scam, dont buy this garbage",negative,-0.3538370664406364,META,youtube,36,16
2024-07-27,lmao AMC bagholders in shambles,negative,-0.45043313517466843,AMC,youtube,24,0
2024-02-28,should i buy AMC or wait?,neutral,-0.04831279605688371,AMC,youtube,9,6
2023-02-04,who else is buying the dip? AAPL gang,positive,0.7473504065476742,AAPL,youtube,19,0
2024-10-29,"idk about SPY tbh, mixed signals",neutral,0.11034022285923911,SPY,youtube,6,3
2024-05-28,lmao Meta bagholders in shambles,negative,-0.5765969731045496,META,youtube,123,27
2023-02-04,why did i buy AMZN?? down so bad rn,negative,-0.5331732368039208,AMZN,youtube,46,9
2024-11-05,"idk about AMC tbh, mixed signals",neutral,-0.045335098791263434,AMC,youtube,42,23
2023-04-23,"idk about AMC tbh, mixed signals",neutral,0.05900295193827898,AMC,youtube,105,6
2023-07-14,who else got rekt by AAPL? 😭,negative,-0.6578859288407054,AAPL,youtube,6,3
2024-09-22,my portfolio up 500% thanks to Google 😂,positive,0.4648822233416327,GOOGL,youtube,18,4
2024-10-30,just bought more Amazon let's gooo,positive,0.7596904418723198,AMZN,youtube,47,17
2024-10-17,paper hands saved me from Google disaster,negative,-0.8788421891369119,GOOGL,youtube,102,0
2024-09-08,anyone still holding AAPL?,neutral,0.19799379227327935,AAPL,youtube,6,2
2024-08-10,apes together strong 🦍 NVDA,positive,0.851534108598335,NVDA,youtube,16,2
2024-03-12,"never selling my AMC shares, generational wealth",positive,0.7889883511257487,AMC,youtube,49,0
2023-02-26,"never selling my Google shares, generational wealth",positive,0.8622698075660917,GOOGL,youtube,39,3
2024-11-22,"never selling my Meta shares, generational wealth",positive,0.47349903659264087,META,youtube,22,9
2023-11-01,diamond hands 💎🙌 holding Apple forever,positive,0.8584102180293933,AAPL,youtube,7,1
2023-08-21,"Microsoft scam, dont buy this garbage",negative,-0.5661093801578916,MSFT,youtube,41,2
2023-03-13,"new to investing, is META good?",neutral,0.12507660535109716,META,youtube,46,25
2023-03-11,🚀🚀🚀 SPY to the moon!!!,positive,0.8626647280133786,SPY,youtube,21,7
2023-09-21,"best stock ever, GME is the future",positive,0.30733750741413535,GME,youtube,65,0
2023-04-25,whats the PT for SPY?,neutral,-0.16122342277797197,SPY,youtube,39,0
2023-12-29,who else got rekt by Amazon? 😭,negative,-0.5520187239807366,AMZN,youtube,138,12
2023-01-25,Microsoft looking interesting ngl,neutral,-0.06753630153860923,MSFT,youtube,48,1
2024-03-09,my portfolio up 500% thanks to TSLA 😂,positive,0.6568953248270315,TSLA,youtube,7,3
2024-01-12,Apple looking interesting ngl,neutral,-0.19739757284799492,AAPL,youtube,112,6
2023-12-18,"idk about MSFT tbh, mixed signals",neutral,-0.16059306995369044,MSFT,youtube,124,2
2023-07-03,"best stock ever, GME is the future",positive,0.4761627212387983,GME,youtube,83,1
2023-03-01,apes together strong 🦍 Nvidia,positive,0.3940618726303945,NVDA,youtube,55,8
2024-10-26,should i buy Apple or wait?,neutral,-0.04571408495884888,AAPL,youtube,21,0
2023-06-20,who else got rekt by AMZN? 😭,negative,-0.42000378483810386,AMZN,youtube,7,1
2024-07-30,"this is gonna be huge, AMC will 10x easy",positive,0.8784170435723904,AMC,youtube,19,0
2023-04-19,"best stock ever, Nvidia is the future",positive,0.7748009588559657,NVDA,youtube,97,22
2023-01-28,"best stock ever, AAPL is the future",positive,0.6944919491522213,AAPL,youtube,11,6
2024-01-30,diamond hands 💎🙌 holding AMC forever,positive,0.8487743338441063,AMC,youtube,70,1
2023-01-10,whats the PT for Apple?,neutral,0.10413003001088533,AAPL,youtube,124,6
2023-10-09,waiting for Microsoft to dip more,neutral,-0.17957748621742986,MSFT,youtube,105,0
2023-03-17,"idk about Tesla tbh, mixed signals",neutral,-0.14408079632891588,TSLA,youtube,71,4
2023-07-17,just bought more Tesla let's gooo,positive,0.5676904694965557,TSLA,youtube,43,0
2023-10-31,TSLA looking interesting ngl,neutral,-0.06645493541017164,TSLA,youtube,16,10
2023-04-18,lmao META bagholders in shambles,negative,-0.4660545635712544,META,youtube,188,0
2023-07-06,anyone still holding GameStop?,neutral,-0.11905472221472412,GME,youtube,18,0
2023-08-10,"GameStop scam, dont buy this garbage",negative,-0.5728440558723829,GME,youtube,35,21
2023-01-11,MSFT looking interesting ngl,neutral,-0.073766885569679,MSFT,youtube,1,14
2023-07-09,Meta making me rich fr fr,positive,0.4959969695787695,META,youtube,3,1
2024-09-24,rip to everyone who bought MSFT at the top,negative,-0.4603177409305665,MSFT,youtube,53,3
2024-09-20,lmao AMC bagholders in shambles,negative,-0.5473495917166028,AMC,youtube,19,1
2023-08-30,"best stock ever, TSLA is the future",positive,0.816752467732945,TSLA,youtube,45,0
2024-10-04,apes together strong 🦍 Meta,positive,0.39387653569333586,META,youtube,1,0
2023-08-04,what do yall think about Meta?,neutral,0.13812402524695294,META,youtube,280,0
2024-02-23,should i buy SPY or wait?,neutral,0.1549619208610865,SPY,youtube,25,5
2023-07-27,Meta making me rich fr fr,positive,0.6472841389227453,META,youtube,21,2
2024-09-18,"TSLA scam, dont buy this garbage",negative,-0.3054922355003923,TSLA,youtube,9,1
2023-09-04,whats the PT for TSLA?,neutral,0.02779407882448698,TSLA,youtube,23,1
2024-06-09,my portfolio up 500% thanks to GameStop 😂,positive,0.6375969546061753,GME,youtube,87,3
2024-03-08,diamond hands 💎🙌 holding MSFT forever,positive,0.827566574449148,MSFT,youtube,5,1
2024-04-30,who else got rekt by SPY? 😭,negative,-0.6387339049232406,SPY,youtube,9,13
2023-10-11,"SPY going to zero, get out now",negative,-0.8686486872951286,SPY,youtube,6,5
2023-12-15,what do yall think about GameStop?,neutral,0.18380272411928517,GME,youtube,138,1
2024-10-11,"best stock ever, Nvidia is the future",positive,0.7083008215841387,NVDA,youtube,61,0
2024-08-24,Nvidia making me rich fr fr,positive,0.7775073347243333,NVDA,youtube,28,0
2023-05-14,why did i buy Nvidia?? down so bad rn,negative,-0.3813902237636163,NVDA,youtube,31,5
2024-04-15,"best stock ever, NVDA is the future",positive,0.3649526978707912,NVDA,youtube,49,3
2024-01-03,whats the PT for GOOGL?,neutral,0.01851437967671407,GOOGL,youtube,41,0
2023-01-02,"new to investing, is GME good?",neutral,0.13839834222991704,GME,youtube,0,7
2023-08-09,diamond hands 💎🙌 holding SPY forever,positive,0.49072918919130215,SPY,youtube,2,0
2024-01-15,lol bears are so wrong about AMC,positive,0.31037140258188767,AMC,youtube,148,0
2023-07-15,should i buy AMC or wait?,neutral,0.18208061564724792,AMC,youtube,6,3
2023-05-29,anyone still holding META?,neutral,0.011064930084040497,META,youtube,73,5
2023-03-20,"Nvidia is trash, worst investment ever",negative,-0.35542018226615646,NVDA,youtube,66,6
2023-08-29,"Apple scam, dont buy this garbage",negative,-0.31827366161810844,AAPL,youtube,6,4
2024-11-11,what do yall think about Tesla?,neutral,-0.14680195682634986,TSLA,youtube,31,6
2023-12-14,"idk about SPY tbh, mixed signals",neutral,0.0297535499901819,SPY,youtube,36,1
2023-04-28,told yall AMZN was gonna pump,positive,0.8946476654965707,AMZN,youtube,36,5
2024-10-31,just bought more AMZN let's gooo,positive,0.31556301374921325,AMZN,youtube,25,4
2024-05-13,AMC making me rich fr fr,positive,0.6861302168786528,AMC,youtube,41,4
2024-05-18,"Microsoft going to zero, get out now",negative,-0.7828351388966304,MSFT,youtube,2,3
2024-07-07,my portfolio up 500% thanks to GOOGL 😂,positive,0.4963186445133353,GOOGL,youtube,41,9
2023-06-08,just bought more AMZN let's gooo,positive,0.6395143530657652,AMZN,youtube,54,5
2024-05-23,🚀🚀🚀 MSFT to the moon!!!,positive,0.6517753321473857,MSFT,youtube,143,10
2023-02-03,my portfolio up 500% thanks to Nvidia 😂,positive,0.7086434346587547,NVDA,youtube,41,6
2023-11-29,diamond hands 💎🙌 holding AMC forever,positive,0.7044647795750043,AMC,youtube,13,0
2024-08-20,told yall Apple was gonna pump,positive,0.32308779526608455,AAPL,youtube,41,4
2024-04-26,SPY making me rich fr fr,positive,0.8347927046655392,SPY,youtube,17,2
2024-01-28,told yall Meta was gonna pump,positive,0.4546727327389944,META,youtube,13,3
2023-03-10,why did i buy GME?? down so bad rn,negative,-0.6542716731498369,GME,youtube,98,3
2023-11-01,"Amazon scam, dont buy this garbage",negative,-0.5446334025159347,AMZN,youtube,0,4
2023-05-31,"best stock ever, Google is the future",positive,0.3244243041675127,GOOGL,youtube,7,1
2023-01-26,lol bears are so wrong about AMC,positive,0.7816284496560615,AMC,youtube,35,11
2024-10-12,told yall GOOGL was gonna pump,positive,0.40235920165647604,GOOGL,youtube,67,6
2024-04-11,biggest regret buying Nvidia smh,negative,-0.48110217791780685,NVDA,youtube,13,2
2024-05-30,told yall SPY was gonna pump,positive,0.6791873918088875,SPY,youtube,22,14
2024-01-24,who else is buying the dip? SPY gang,positive,0.5566867406952714,SPY,youtube,22,2
2024-11-18,who else is buying the dip? SPY gang,positive,0.8596300584051506,SPY,youtube,6,3
2024-06-15,what do yall think about NVDA?,neutral,0.14609183834417844,NVDA,youtube,1,0
2023-05-16,"Tesla going to zero, get out now",negative,-0.8103493338532375,TSLA,youtube,232,7
2023-08-24,anyone still holding Amazon?,neutral,0.08843504347911685,AMZN,youtube,76,1
2023-11-03,diamond hands 💎🙌 holding Apple forever,positive,0.6831519301406714,AAPL,youtube,46,1
2024-05-19,"SPY going to zero, get out now",negative,-0.38313812191004015,SPY,youtube,8,11
2024-11-16,META looking interesting ngl,neutral,0.013950064405746254,META,youtube,10,1
2023-02-17,"Nvidia going to zero, get out now",negative,-0.430689962812074,NVDA,youtube,28,1
2024-08-07,"idk about Google tbh, mixed signals",neutral,0.18587902417768154,GOOGL,youtube,44,2
2024-04-04,"best stock ever, Google is the future",positive,0.837555189023123,GOOGL,youtube,21,0
2024-03-02,diamond hands 💎🙌 holding Meta forever,positive,0.5764944483454784,META,youtube,21,1
2024-11-20,"SPY going to zero, get out now",negative,-0.3230698212197871,SPY,youtube,31,0
2024-08-28,whats the PT for AMC?,neutral,0.199587896879511,AMC,youtube,7,1
2023-10-14,lmao GOOGL bagholders in shambles,negative,-0.6884274993816639,GOOGL,youtube,60,0
2023-08-31,told yall Nvidia was gonna pump,positive,0.4468910083572195,NVDA,youtube,46,3
2024-02-24,"best stock ever, NVDA is the future",positive,0.4023600319839383,NVDA,youtube,231,6
2024-07-23,"Google going to zero, get out now",negative,-0.6057774765006818,GOOGL,youtube,428,0
2023-11-17,MSFT looking interesting ngl,neutral,0.12889196218637017,MSFT,youtube,33,0
2023-04-25,lmao AAPL bagholders in shambles,negative,-0.8356312808605517,AAPL,youtube,30,1
2023-08-07,"this is gonna be huge, TSLA will 10x easy",positive,0.5925591060475646,TSLA,youtube,16,5
2023-01-08,"Meta going to zero, get out now",negative,-0.8472858145549856,META,youtube,6,2
2023-10-28,rip to everyone who bought META at the top,negative,-0.4026829071191666,META,youtube,38,5
2024-10-04,"Microsoft is trash, worst investment ever",negative,-0.4924388249729911,MSFT,youtube,49,2
2023-06-26,"idk about AAPL tbh, mixed signals",neutral,-0.1714287871374995,AAPL,youtube,34,1
2023-08-02,who else got rekt by AMC? 😭,negative,-0.8777771352033755,AMC,youtube,81,5
2024-08-04,waiting for GME to dip more,neutral,0.14214089560202664,GME,youtube,4,5
2024-07-12,"GameStop going to zero, get out now",negative,-0.4931006246275426,GME,youtube,114,1
2023-02-27,"never selling my MSFT shares, generational wealth",positive,0.4971931561128241,MSFT,youtube,20,4
2024-07-01,just bought more AAPL let's gooo,positive,0.7754842503922657,AAPL,youtube,17,13
2023-09-13,waiting for Microsoft to dip more,neutral,-0.11385064956358995,MSFT,youtube,126,2
2023-10-23,"Google is trash, worst investment ever",negative,-0.543887928873114,GOOGL,youtube,11,0
2023-06-24,"SPY going to zero, get out now",negative,-0.6616973422777258,SPY,youtube,6,2
2023-12-18,who else is buying the dip? Meta gang,positive,0.7697613075005307,META,youtube,17,8
2024-04-26,waiting for Tesla to dip more,neutral,0.03547698577444375,TSLA,youtube,59,14
2023-11-08,anyone still holding SPY?,neutral,-0.03108167187874833,SPY,youtube,56,6
2023-04-12,"AMZN is trash, worst investment ever",negative,-0.6796925800412661,AMZN,youtube,11,21
2024-11-11,waiting for META to dip more,neutral,-0.06717674949142236,META,youtube,40,4
2023-08-19,should i buy AMC or wait?,neutral,0.07483634554508434,AMC,youtube,17,14
2024-06-17,"MSFT is trash, worst investment ever",negative,-0.4626450598883554,MSFT,youtube,22,1
2023-09-03,lol bears are so wrong about AAPL,positive,0.520822724441109,AAPL,youtube,96,3
2024-03-03,MSFT making me rich fr fr,positive,0.3568359528081763,MSFT,youtube,59,2
2024-08-17,"never selling my Amazon shares, generational wealth",positive,0.7273939265557754,AMZN,youtube,6,1
2023-01-19,"Amazon is trash, worst investment ever",negative,-0.46390052952559235,AMZN,youtube,76,2
2023-09-23,my portfolio up 500% thanks to GME 😂,positive,0.5635970677638371,GME,youtube,65,3
2023-07-12,"AMZN scam, dont buy this garbage",negative,-0.42688879910938093,AMZN,youtube,6,13
2024-03-08,"Nvidia is trash, worst investment ever",negative,-0.8460822691590538,NVDA,youtube,64,12
2024-04-17,diamond hands 💎🙌 holding AAPL forever,positive,0.30142716096814237,AAPL,youtube,80,2
2024-05-05,"never selling my GOOGL shares, generational wealth",positive,0.5845742133082916,GOOGL,youtube,74,6
2023-03-09,my portfolio up 500% thanks to Meta 😂,positive,0.8974662726425564,META,youtube,38,7
2023-04-20,GME looking interesting ngl,neutral,-0.15147507845889865,GME,youtube,44,0
2024-10-13,my portfolio up 500% thanks to SPY 😂,positive,0.6447258072301366,SPY,youtube,87,3
2023-07-19,anyone still holding META?,neutral,0.14362448416735768,META,youtube,39,2
2023-08-16,"never selling my Microsoft shares, generational wealth",positive,0.7454569822368363,MSFT,youtube,82,0
2024-03-12,anyone still holding Amazon?,neutral,-0.04040783817547905,AMZN,youtube,15,1
2024-01-01,"Meta is trash, worst investment ever",negative,-0.5601074653039081,META,youtube,81,2
2023-12-09,"best stock ever, Nvidia is the future",positive,0.881195278400706,NVDA,youtube,29,1
2023-06-11,🚀🚀🚀 AMC to the moon!!!,positive,0.6389727024298146,AMC,youtube,70,0
2023-11-05,"new to investing, is META good?",neutral,-0.06893489148598442,META,youtube,77,1
2024-10-18,what do yall think about Amazon?,neutral,0.1491392287895833,AMZN,youtube,35,7
2023-02-17,diamond hands 💎🙌 holding META forever,positive,0.8681024316824864,META,youtube,14,4
2023-01-22,biggest regret buying Nvidia smh,negative,-0.49439823855627946,NVDA,youtube,26,4
2024-05-10,should i buy NVDA or wait?,neutral,0.15659345291305743,NVDA,youtube,8,3
2023-06-13,"never selling my META shares, generational wealth",positive,0.41550355988780246,META,youtube,10,14
2024-07-26,"new to investing, is Apple good?",neutral,0.1420511346750405,AAPL,youtube,44,7
2023-01-22,"new to investing, is Google good?",neutral,-0.15909048049431332,GOOGL,youtube,23,0
2023-04-26,lmao Apple bagholders in shambles,negative,-0.40968212777017216,AAPL,youtube,60,16
2024-03-22,"never selling my Amazon shares, generational wealth",positive,0.47798477515523785,AMZN,youtube,8,5
2024-01-26,who else is buying the dip? GME gang,positive,0.394388980937985,GME,youtube,17,3
2024-03-17,should i buy SPY or wait?,neutral,-0.03709609672219236,SPY,youtube,79,0
2023-11-11,just bought more AMC let's gooo,positive,0.4299574092773535,AMC,youtube,113,1
2023-09-05,waiting for Apple to dip more,neutral,0.04955970761766143,AAPL,youtube,41,5
2023-11-15,just bought more Google let's gooo,positive,0.4804267629897562,GOOGL,youtube,7,0
2024-01-07,diamond hands 💎🙌 holding Apple forever,positive,0.635779814572039,AAPL,youtube,2,4
2023-01-30,should i buy SPY or wait?,neutral,0.028929830181440547,SPY,youtube,60,1
2024-03-22,lmao Tesla bagholders in shambles,negative,-0.6235647866374451,TSLA,youtube,8,6
2024-01-27,told yall NVDA was gonna pump,positive,0.7556596474055064,NVDA,youtube,18,9
2024-05-20,diamond hands 💎🙌 holding AMC forever,positive,0.7520991225517208,AMC,youtube,75,2
2024-08-29,"new to investing, is TSLA good?",neutral,0.08357356099331564,TSLA,youtube,10,10
2023-09-02,diamond hands 💎🙌 holding SPY forever,positive,0.859857073363153,SPY,youtube,30,0
2024-06-04,"new to investing, is AMC good?",neutral,-0.045843722710001256,AMC,youtube,8,1
2024-01-27,apes together strong 🦍 AMZN,positive,0.31618192698031644,AMZN,youtube,11,1
2024-01-20,"this is gonna be huge, Google will 10x easy",positive,0.3080669726769298,GOOGL,youtube,81,4
2023-01-10,rip to everyone who bought NVDA at the top,negative,-0.4115837332184571,NVDA,youtube,108,0
2024-01-20,"SPY scam, dont buy this garbage",negative,-0.7308842353328838,SPY,youtube,25,3
2023-04-29,biggest regret buying NVDA smh,negative,-0.37937848994955903,NVDA,youtube,1,0
2023-06-08,who else got rekt by SPY? 😭,negative,-0.7283977098946424,SPY,youtube,185,0
2024-05-01,biggest regret buying Amazon smh,negative,-0.8948168662124367,AMZN,youtube,13,9
2023-09-24,anyone still holding GME?,neutral,-0.03554221885979841,GME,youtube,0,3
2023-02-04,"sold all my Nvidia, this thing is done",negative,-0.6185230129936274,NVDA,youtube,53,0
2023-11-05,should i buy Apple or wait?,neutral,-0.020974492243575865,AAPL,youtube,21,0
2023-12-11,"Nvidia scam, dont buy this garbage",negative,-0.47024204292407296,NVDA,youtube,15,0
2024-08-27,"new to investing, is AMC good?",neutral,0.04073672247566651,AMC,youtube,6,1
2023-02-28,paper hands saved me from AMC disaster,negative,-0.7074446989539919,AMC,youtube,21,10
2023-12-01,lmao AAPL bagholders in shambles,negative,-0.47678739355967337,AAPL,youtube,46,0
2024-04-14,just bought more Tesla let's gooo,positive,0.5199362847417677,TSLA,youtube,70,3
2023-02-28,paper hands saved me from Meta disaster,negative,-0.5412541948027423,META,youtube,8,3
2023-09-02,lmao Tesla bagholders in shambles,negative,-0.8391636368236757,TSLA,youtube,44,1
2023-06-30,who else is buying the dip? SPY gang,positive,0.44900689621808143,SPY,youtube,87,1
2024-09-05,paper hands saved me from Nvidia disaster,negative,-0.35590043708574093,NVDA,youtube,49,0
2023-11-23,"new to investing, is AMZN good?",neutral,0.1842161086327122,AMZN,youtube,49,2
2024-06-13,rip to everyone who bought GameStop at the top,negative,-0.7637089509979862,GME,youtube,3,4
2024-05-04,waiting for Microsoft to dip more,neutral,-0.016176637689136186,MSFT,youtube,16,6
2024-06-02,lol bears are so wrong about GOOGL,positive,0.8335382796212696,GOOGL,youtube,3,15
2024-04-10,paper hands saved me from Microsoft disaster,negative,-0.7442152596741055,MSFT,youtube,26,4
2023-01-09,told yall Nvidia was gonna pump,positive,0.45519219887423323,NVDA,youtube,23,6
2024-10-19,"this is gonna be huge, AAPL will 10x easy",positive,0.36291069860209035,AAPL,youtube,11,10
2024-03-22,Amazon making me rich fr fr,positive,0.8094009306451917,AMZN,youtube,22,2
2024-08-21,"new to investing, is AMC good?",neutral,-0.15805639424825735,AMC,youtube,63,17
2024-05-01,GameStop looking interesting ngl,neutral,-0.04426990951103066,GME,youtube,2,3
2023-03-11,"META is trash, worst investment ever",negative,-0.659727892059067,META,youtube,7,0
2024-09-05,"TSLA scam, dont buy this garbage",negative,-0.4985357203155546,TSLA,youtube,73,7
2024-07-21,GME looking interesting ngl,neutral,-0.04454091073672059,GME,youtube,75,7
2024-06-03,lmao AMC bagholders in shambles,negative,-0.44860222836764746,AMC,youtube,3,12
2023-01-24,anyone still holding TSLA?,neutral,-0.1261470571358282,TSLA,youtube,8,9
2023-12-22,"best stock ever, Amazon is the future",positive,0.45381210115280246,AMZN,youtube,91,5
2024-08-18,anyone still holding GOOGL?,neutral,-0.06164900538872484,GOOGL,youtube,49,10
2023-03-25,my portfolio up 500% thanks to AMC 😂,positive,0.3670483102574923,AMC,youtube,56,5
2024-04-04,who else got rekt by Tesla? 😭,negative,-0.5487067442497174,TSLA,youtube,15,11
2024-11-02,who else got rekt by AMZN? 😭,negative,-0.5623769416379781,AMZN,youtube,51,13
2023-11-10,biggest regret buying GME smh,negative,-0.5855029107226727,GME,youtube,7,0
2024-04-22,"idk about Tesla tbh, mixed signals",neutral,0.06958872469044591,TSLA,youtube,105,5
2023-08-23,"TSLA scam, dont buy this garbage",negative,-0.3350641592976019,TSLA,youtube,33,10
2024-03-22,anyone still holding SPY?,neutral,-0.15777567148788024,SPY,youtube,48,0
2024-01-12,"best stock ever, GameStop is the future",positive,0.5180960526328542,GME,youtube,30,0
2023-07-24,biggest regret buying TSLA smh,negative,-0.36526283183339436,TSLA,youtube,40,3
2023-10-27,who else is buying the dip? SPY gang,positive,0.5319407813778996,SPY,youtube,57,5
2023-11-12,my portfolio up 500% thanks to Meta 😂,positive,0.314561728193632,META,youtube,53,4
2024-09-16,just bought more AMC let's gooo,positive,0.5108749725872324,AMC,youtube,25,8
2023-04-26,anyone still holding TSLA?,neutral,-0.1266340584826332,TSLA,youtube,11,1
2024-08-23,biggest regret buying AMC smh,negative,-0.466209566564343,AMC,youtube,14,0
2023-01-29,lmao Google bagholders in shambles,negative,-0.30625901307357295,GOOGL,youtube,36,1
2023-05-19,"never selling my Amazon shares, generational wealth",positive,0.887711856444511,AMZN,youtube,7,1
2023-10-10,"this is gonna be huge, AMC will 10x easy",positive,0.6401026988012801,AMC,youtube,51,7
2023-12-12,whats the PT for MSFT?,neutral,0.19567577342942777,MSFT,youtube,16,0
2023-02-17,who else is buying the dip? Nvidia gang,positive,0.3085376225837685,NVDA,youtube,22,1
2023-09-15,"this is gonna be huge, GME will 10x easy",positive,0.4443221415160496,GME,youtube,96,4
2024-08-29,diamond hands 💎🙌 holding Apple forever,positive,0.7618820837892148,AAPL,youtube,44,10
2024-02-24,"idk about SPY tbh, mixed signals",neutral,-0.12052233055546191,SPY,youtube,74,0
2024-03-06,told yall GameStop was gonna pump,positive,0.87174376179934,GME,youtube,65,2
2024-06-09,should i buy NVDA or wait?,neutral,-0.15736269659831228,NVDA,youtube,128,2
2024-06-22,paper hands saved me from TSLA disaster,negative,-0.4441289279167054,TSLA,youtube,18,5
2024-07-09,who else got rekt by Meta? 😭,negative,-0.7030270123409985,META,youtube,83,15
2024-11-23,"best stock ever, META is the future",positive,0.6461372526254934,META,youtube,5,2
2023-05-29,"Apple is trash, worst investment ever",negative,-0.30188631182958603,AAPL,youtube,58,24
2024-04-22,waiting for META to dip more,neutral,-0.0943084334089464,META,youtube,48,0
2023-10-07,should i buy Microsoft or wait?,neutral,0.11755323368548543,MSFT,youtube,12,6
2024-08-13,biggest regret buying SPY smh,negative,-0.738091825218688,SPY,youtube,9,6
2024-02-04,🚀🚀🚀 META to the moon!!!,positive,0.4812316219007978,META,youtube,15,9
2024-01-01,whats the PT for SPY?,neutral,-0.12428358600567956,SPY,youtube,22,1
2023-09-25,lol bears are so wrong about META,positive,0.5129425178084597,META,youtube,55,2
2024-01-23,who else is buying the dip? Amazon gang,positive,0.4264083972024274,AMZN,youtube,66,5
2024-03-18,🚀🚀🚀 Tesla to the moon!!!,positive,0.3096194066556181,TSLA,youtube,22,14
2024-08-12,"SPY is trash, worst investment ever",negative,-0.75887404445793,SPY,youtube,169,28
2024-02-20,paper hands saved me from Amazon disaster,negative,-0.41976798206409643,AMZN,youtube,132,4
2023-04-20,"new to investing, is GOOGL good?",neutral,0.18548923888965263,GOOGL,youtube,31,4
2024-08-08,who else got rekt by MSFT? 😭,negative,-0.8552418244001248,MSFT,youtube,44,4
2024-05-03,told yall GOOGL was gonna pump,positive,0.30798587833838614,GOOGL,youtube,29,0
2023-01-27,biggest regret buying AMZN smh,negative,-0.5854418475265699,AMZN,youtube,20,19
2024-05-24,paper hands saved me from SPY disaster,negative,-0.6983996195979669,SPY,youtube,8,4
2024-09-02,who else is buying the dip? AMC gang,positive,0.8558792639854005,AMC,youtube,7,4
2023-02-22,lmao Microsoft bagholders in shambles,negative,-0.6987416092013603,MSFT,youtube,38,4
2023-03-23,biggest regret buying GME smh,negative,-0.6977617583928551,GME,youtube,37,5
2024-10-13,🚀🚀🚀 Tesla to the moon!!!,positive,0.4563236229680805,TSLA,youtube,73,10
2023-05-30,"this is gonna be huge, Google will 10x easy",positive,0.6762576666124325,GOOGL,youtube,5,0
2023-08-20,Tesla making me rich fr fr,positive,0.7256436245043336,TSLA,youtube,19,6
2024-11-25,apes together strong 🦍 Amazon,positive,0.8496276113748704,AMZN,youtube,7,25
2023-08-28,my portfolio up 500% thanks to AAPL 😂,positive,0.43201601832703096,AAPL,youtube,25,1
2024-03-06,Meta making me rich fr fr,positive,0.6102122586470768,META,youtube,13,7
2024-01-02,diamond hands 💎🙌 holding AMZN forever,positive,0.7094724768269425,AMZN,youtube,44,0
2024-08-01,"best stock ever, GME is the future",positive,0.7068406244810961,GME,youtube,48,29
2024-01-13,whats the PT for NVDA?,neutral,-0.19900454430602388,NVDA,youtube,4,3
2024-03-28,my portfolio up 500% thanks to Nvidia 😂,positive,0.7637397497633288,NVDA,youtube,24,8
2024-05-20,paper hands saved me from GameStop disaster,negative,-0.740172092621653,GME,youtube,38,1
2023-01-30,lol bears are so wrong about AMZN,positive,0.55632511630848,AMZN,youtube,137,5
2023-02-18,lmao Amazon bagholders in shambles,negative,-0.5593218018522543,AMZN,youtube,0,1
2023-01-21,"sold all my AAPL, this thing is done",negative,-0.44544497949603823,AAPL,youtube,7,9
2024-06-02,why did i buy Google?? down so bad rn,negative,-0.404752496428431,GOOGL,youtube,97,0
2024-04-09,lol bears are so wrong about META,positive,0.6338855146624842,META,youtube,54,4
2024-05-02,why did i buy Nvidia?? down so bad rn,negative,-0.8286584037487074,NVDA,youtube,21,4
2023-11-14,🚀🚀🚀 Apple to the moon!!!,positive,0.8674751098343771,AAPL,youtube,0,4
2023-09-15,"AMC scam, dont buy this garbage",negative,-0.38252224588065886,AMC,youtube,5,1
2024-04-25,diamond hands 💎🙌 holding SPY forever,positive,0.4446286349878825,SPY,youtube,65,4
2024-09-11,anyone still holding META?,neutral,0.001110960845186304,META,youtube,2,11
2024-07-30,"idk about SPY tbh, mixed signals",neutral,0.04465693353438893,SPY,youtube,28,6
2023-08-25,"this is gonna be huge, Nvidia will 10x easy",positive,0.3008534908452772,NVDA,youtube,61,6
2023-02-20,who else got rekt by Tesla? 😭,negative,-0.8026083028067835,TSLA,youtube,21,2
2024-06-25,"sold all my SPY, this thing is done",negative,-0.49322354843075217,SPY,youtube,81,3
2023-07-04,"never selling my Apple shares, generational wealth",positive,0.8922382825409247,AAPL,youtube,6,2
2024-01-12,"idk about Meta tbh, mixed signals",neutral,-0.06668792517992747,META,youtube,55,6
2024-10-25,SPY looking interesting ngl,neutral,0.14692810984442212,SPY,youtube,17,17
2024-07-06,whats the PT for Meta?,neutral,0.18924667440375292,META,youtube,20,2
2024-11-10,"sold all my Meta, this thing is done",negative,-0.767495776629169,META,youtube,35,10
2023-08-22,"this is gonna be huge, Microsoft will 10x easy",positive,0.7420397675141959,MSFT,youtube,6,1
2023-02-11,"never selling my GME shares, generational wealth",positive,0.4797407456337794,GME,youtube,167,35
2023-03-14,Tesla looking interesting ngl,neutral,0.09332842751276738,TSLA,youtube,99,15
2024-04-14,who else got rekt by SPY? 😭,negative,-0.4571403736153344,SPY,youtube,102,3
2024-01-14,my portfolio up 500% thanks to META 😂,positive,0.4391325726043358,META,youtube,9,0
2023-06-01,"sold all my AMC, this thing is done",negative,-0.7987737259458308,AMC,youtube,31,1
2024-10-12,anyone still holding Tesla?,neutral,0.1259621988019889,TSLA,youtube,33,5
2023-11-03,just bought more AMC let's gooo,positive,0.8428150848274221,AMC,youtube,47,0
2024-10-06,"new to investing, is TSLA good?",neutral,-0.012928206212233062,TSLA,youtube,26,3
2023-11-14,who else got rekt by NVDA? 😭,negative,-0.874653902974727,NVDA,youtube,9,7
2023-04-17,"best stock ever, Nvidia is the future",positive,0.4209788541326168,NVDA,youtube,42,5
2024-05-06,diamond hands 💎🙌 holding GOOGL forever,positive,0.6190936953888178,GOOGL,youtube,17,14
2023-12-05,"new to investing, is Meta good?",neutral,0.045073241221899485,META,youtube,25,8
2023-08-13,🚀🚀🚀 Microsoft to the moon!!!,positive,0.4015369154029864,MSFT,youtube,50,3
2023-10-07,should i buy AMC or wait?,neutral,-0.14492554731202334,AMC,youtube,19,2
2023-03-01,just bought more Microsoft let's gooo,positive,0.4428274061161891,MSFT,youtube,7,0
2023-12-20,who else is buying the dip? SPY gang,positive,0.4055859405531388,SPY,youtube,6,0
2024-11-11,apes together strong 🦍 TSLA,positive,0.5946011821276571,TSLA,youtube,55,1
2024-10-01,who else got rekt by MSFT? 😭,negative,-0.8214127221381475,MSFT,youtube,47,0
2024-01-20,lol bears are so wrong about Microsoft,positive,0.8254937250774175,MSFT,youtube,60,7
2024-06-05,apes together strong 🦍 TSLA,positive,0.5114372043077766,TSLA,youtube,2,8
2024-07-03,who else got rekt by AAPL? 😭,negative,-0.451019832968161,AAPL,youtube,14,0
2023-04-08,what do yall think about MSFT?,neutral,-0.1357987488270343,MSFT,youtube,12,3
2023-09-15,"AMC is trash, worst investment ever",negative,-0.613383899583425,AMC,youtube,95,0
2023-12-31,lol bears are so wrong about Microsoft,positive,0.681536670611599,MSFT,youtube,9,0
2024-04-18,"AMZN is trash, worst investment ever",negative,-0.6124049569477554,AMZN,youtube,103,4
2023-06-26,"Google is trash, worst investment ever",negative,-0.4191836801455451,GOOGL,youtube,49,0
2024-11-21,should i buy Nvidia or wait?,neutral,0.09681854424027064,NVDA,youtube,58,16
2023-12-30,"best stock ever, GameStop is the future",positive,0.6900021481582558,GME,youtube,286,0
2024-03-13,waiting for SPY to dip more,neutral,-0.11866373851330687,SPY,youtube,20,1
2023-09-03,should i buy META or wait?,neutral,-0.17270038510605557,META,youtube,95,6
2023-04-13,why did i buy SPY?? down so bad rn,negative,-0.5584961833155921,SPY,youtube,96,3
2023-02-06,"GME going to zero, get out now",negative,-0.5125547895847826,GME,youtube,123,0
2024-05-16,who else is buying the dip? Nvidia gang,positive,0.5881000593004198,NVDA,youtube,0,6
2024-02-01,"AAPL scam, dont buy this garbage",negative,-0.3817482899579493,AAPL,youtube,121,4
2023-04-06,told yall GameStop was gonna pump,positive,0.3868605016443371,GME,youtube,73,5
2024-09-17,🚀🚀🚀 Nvidia to the moon!!!,positive,0.37854595395463125,NVDA,youtube,47,4
2023-05-14,rip to everyone who bought AMC at the top,negative,-0.41112927962126017,AMC,youtube,4,0
2024-06-27,"MSFT is trash, worst investment ever",negative,-0.6125663067773041,MSFT,youtube,15,0
2024-11-18,lol bears are so wrong about Google,positive,0.46618611957711065,GOOGL,youtube,34,7
2023-09-14,why did i buy SPY?? down so bad rn,negative,-0.6081399248472636,SPY,youtube,84,3
2023-03-10,should i buy Apple or wait?,neutral,0.0737662543258869,AAPL,youtube,8,1
2023-03-09,"GameStop is trash, worst investment ever",negative,-0.5114668766974626,GME,youtube,8,0
2023-03-06,MSFT looking interesting ngl,neutral,-0.12843067891425203,MSFT,youtube,24,1
2024-03-10,what do yall think about Google?,neutral,0.1341022376834961,GOOGL,youtube,23,2
2023-09-20,"new to investing, is AAPL good?",neutral,0.06326246264975982,AAPL,youtube,31,4
2024-04-05,"TSLA going to zero, get out now",negative,-0.48389728282515504,TSLA,youtube,28,0
2024-06-25,anyone still holding AAPL?,neutral,-0.053435362513502976,AAPL,youtube,35,1
2023-03-22,"never selling my AAPL shares, generational wealth",positive,0.8197169828572906,AAPL,youtube,41,12
2024-03-20,Google looking interesting ngl,neutral,0.16511697801171005,GOOGL,youtube,94,15
2024-10-23,should i buy Meta or wait?,neutral,-0.007021232841834202,META,youtube,25,2
2023-09-21,🚀🚀🚀 AMC to the moon!!!,positive,0.6802390921694524,AMC,youtube,36,11
2023-12-24,what do yall think about AAPL?,neutral,-0.04258564895219319,AAPL,youtube,73,7
2023-06-11,paper hands saved me from MSFT disaster,negative,-0.4869794030884643,MSFT,youtube,44,0
2023-09-02,lol bears are so wrong about GOOGL,positive,0.7569609415506009,GOOGL,youtube,23,6
2023-11-02,my portfolio up 500% thanks to Tesla 😂,positive,0.8377575562714643,TSLA,youtube,23,4
2024-07-21,waiting for AMC to dip more,neutral,0.1464509846438733,AMC,youtube,12,12
2023-02-05,diamond hands 💎🙌 holding Apple forever,positive,0.3809921932245047,AAPL,youtube,68,2
2023-07-14,who else is buying the dip? Amazon gang,positive,0.37069731740103073,AMZN,youtube,251,0
2024-02-01,just bought more Nvidia let's gooo,positive,0.3593540884478033,NVDA,youtube,31,0
2023-05-18,"best stock ever, GameStop is the future",positive,0.741762860988193,GME,youtube,76,9
2024-02-02,GME making me rich fr fr,positive,0.6213849437851375,GME,youtube,63,1
2024-10-23,who else is buying the dip? Nvidia gang,positive,0.8024505653045813,NVDA,youtube,51,1
2023-10-18,lmao TSLA bagholders in shambles,negative,-0.509881172434046,TSLA,youtube,42,3
2023-04-06,biggest regret buying GME smh,negative,-0.6113400712752364,GME,youtube,69,1
2023-10-12,"sold all my Apple, this thing is done",negative,-0.8430961845899028,AAPL,youtube,0,3
2023-08-04,lmao AMC bagholders in shambles,negative,-0.7200138243603313,AMC,youtube,140,0
2023-04-24,what do yall think about GME?,neutral,0.047395107709028356,GME,youtube,26,12
2024-11-09,diamond hands 💎🙌 holding AMZN forever,positive,0.5273534736193765,AMZN,youtube,32,2
2023-05-12,who else got rekt by SPY? 😭,negative,-0.8719498888072866,SPY,youtube,9,2
2023-08-08,"AMC going to zero, get out now",negative,-0.7403983778761392,AMC,youtube,29,0
2023-09-27,whats the PT for Microsoft?,neutral,0.13040454019984843,MSFT,youtube,42,3
2023-09-27,just bought more GOOGL let's gooo,positive,0.5291013389374575,GOOGL,youtube,39,10
2024-01-09,paper hands saved me from AMC disaster,negative,-0.7976583858688413,AMC,youtube,66,0
2024-08-23,🚀🚀🚀 AAPL to the moon!!!,positive,0.8076044862670655,AAPL,youtube,20,7
2024-09-03,"best stock ever, SPY is the future",positive,0.6155601088036865,SPY,youtube,58,1
2023-11-29,whats the PT for AMC?,neutral,0.06880307976111738,AMC,youtube,8,4
2024-03-05,lmao Amazon bagholders in shambles,negative,-0.37724615203189704,AMZN,youtube,33,18
2023-03-08,"new to investing, is TSLA good?",neutral,0.055241791920809635,TSLA,youtube,63,2
2024-01-30,waiting for Microsoft to dip more,neutral,0.1623817000046885,MSFT,youtube,83,1
2023-09-21,"this is gonna be huge, GameStop will 10x easy",positive,0.609487459023158,GME,youtube,65,0
2023-01-18,"GameStop scam, dont buy this garbage",negative,-0.7353021339280819,GME,youtube,55,8
2024-02-21,biggest regret buying Microsoft smh,negative,-0.6118521761607211,MSFT,youtube,134,2
2023-02-02,rip to everyone who bought Apple at the top,negative,-0.8973979057110583,AAPL,youtube,72,1
2023-12-13,my portfolio up 500% thanks to SPY 😂,positive,0.7196942247583058,SPY,youtube,5,0
2023-07-29,"this is gonna be huge, SPY will 10x easy",positive,0.46630447620889476,SPY,youtube,85,3
2023-03-04,what do yall think about AMC?,neutral,0.05568805572586849,AMC,youtube,28,9
2024-11-23,told yall MSFT was gonna pump,positive,0.6484241220042251,MSFT,youtube,44,2
2023-07-26,🚀🚀🚀 NVDA to the moon!!!,positive,0.5218727685127953,NVDA,youtube,49,3
2024-08-03,whats the PT for AAPL?,neutral,-0.0722676771352436,AAPL,youtube,14,0
2023-11-04,apes together strong 🦍 AMZN,positive,0.6042050573767735,AMZN,youtube,76,11
2023-05-30,"Apple is trash, worst investment ever",negative,-0.4826461290743403,AAPL,youtube,14,7
2024-10-13,biggest regret buying AMC smh,negative,-0.4497955504446895,AMC,youtube,14,0
2023-04-25,what do yall think about Tesla?,neutral,0.08680524550844315,TSLA,youtube,18,1
2024-05-13,"idk about AMZN tbh, mixed signals",neutral,0.11433321002056535,AMZN,youtube,6,3
2023-11-06,"idk about MSFT tbh, mixed signals",neutral,-0.021197776529453094,MSFT,youtube,49,1
2023-07-20,"this is gonna be huge, Amazon will 10x easy",positive,0.8337114877015481,AMZN,youtube,28,3
2023-10-09,biggest regret buying AMZN smh,negative,-0.8754804951248707,AMZN,youtube,24,1
2024-01-26,biggest regret buying SPY smh,negative,-0.8109753696370587,SPY,youtube,4,5
2024-05-30,biggest regret buying Google smh,negative,-0.6778698144634729,GOOGL,youtube,25,7
2023-05-25,just bought more AAPL let's gooo,positive,0.4705719620883848,AAPL,youtube,5,13
2023-09-21,Microsoft looking interesting ngl,neutral,-0.055773534634745714,MSFT,youtube,0,4
2024-04-05,MSFT looking interesting ngl,neutral,0.08735835255076574,MSFT,youtube,144,0
2024-06-16,just bought more Microsoft let's gooo,positive,0.8028545962110021,MSFT,youtube,154,5
2024-07-26,just bought more GameStop let's gooo,positive,0.5258907980662546,GME,youtube,20,3
2024-10-15,anyone still holding GOOGL?,neutral,-0.12728706102514503,GOOGL,youtube,2,4
2024-02-25,diamond hands 💎🙌 holding SPY forever,positive,0.5289178246264488,SPY,youtube,4,6
2024-05-20,diamond hands 💎🙌 holding AMZN forever,positive,0.6152230237056939,AMZN,youtube,100,2
2024-11-06,AAPL making me rich fr fr,positive,0.40980978941349727,AAPL,youtube,35,3
2023-11-23,should i buy SPY or wait?,neutral,-0.02155756275046286,SPY,youtube,68,1
2024-03-15,my portfolio up 500% thanks to NVDA 😂,positive,0.7079716541806265,NVDA,youtube,9,8
2024-06-04,"SPY is trash, worst investment ever",negative,-0.8188907387479644,SPY,youtube,21,3
2024-04-17,lol bears are so wrong about GameStop,positive,0.40844441662612746,GME,youtube,78,11
2023-08-21,why did i buy AMZN?? down so bad rn,negative,-0.8898269871055628,AMZN,youtube,36,13
2023-12-07,waiting for Nvidia to dip more,neutral,0.015706986088791647,NVDA,youtube,27,5
2023-03-13,paper hands saved me from Meta disaster,negative,-0.7569275302407303,META,youtube,3,0
2024-01-08,rip to everyone who bought Microsoft at the top,negative,-0.6993547808497712,MSFT,youtube,38,1
2023-02-12,anyone still holding AMC?,neutral,0.16875465300323772,AMC,youtube,73,0
2024-07-09,my portfolio up 500% thanks to Amazon 😂,positive,0.7266382850406764,AMZN,youtube,14,4
2023-08-14,what do yall think about Tesla?,neutral,-0.1156407405502053,TSLA,youtube,53,2
2023-11-03,why did i buy SPY?? down so bad rn,negative,-0.5385182568315687,SPY,youtube,124,8
2023-12-23,who else is buying the dip? AMC gang,positive,0.6010601524704022,AMC,youtube,83,1
2024-05-14,who else is buying the dip? SPY gang,positive,0.7941454147877707,SPY,youtube,75,6
2023-06-08,who else got rekt by Nvidia? 😭,negative,-0.6554988112601895,NVDA,youtube,60,0
2023-03-22,what do yall think about Tesla?,neutral,-0.11217614323448229,TSLA,youtube,40,2
2023-08-26,who else got rekt by Nvidia? 😭,negative,-0.7448105792323348,NVDA,youtube,18,1
2024-02-11,Nvidia making me rich fr fr,positive,0.3221505858464058,NVDA,youtube,105,4
2023-12-02,"TSLA scam, dont buy this garbage",negative,-0.6065806456121694,TSLA,youtube,21,1
2024-06-03,"new to investing, is AAPL good?",neutral,0.12919721248088473,AAPL,youtube,45,0
2023-09-03,apes together strong 🦍 GME,positive,0.8106645927505218,GME,youtube,12,4
2024-05-06,META making me rich fr fr,positive,0.8665882120083646,META,youtube,57,8
2024-09-20,apes together strong 🦍 GME,positive,0.6801546262668334,GME,youtube,31,1
2024-06-20,apes together strong 🦍 AAPL,positive,0.7187942642525298,AAPL,youtube,35,3
2024-05-18,lmao META bagholders in shambles,negative,-0.5156265967653191,META,youtube,132,2
2023-12-31,should i buy AMC or wait?,neutral,-0.15184883551621264,AMC,youtube,4,4
2024-04-20,my portfolio up 500% thanks to Meta 😂,positive,0.5606687289664533,META,youtube,237,1
2023-12-15,🚀🚀🚀 AMZN to the moon!!!,positive,0.5198849815051975,AMZN,youtube,183,14
2023-03-14,"new to investing, is Amazon good?",neutral,0.04544471018298185,AMZN,youtube,18,4
2023-12-19,just bought more AMC let's gooo,positive,0.7672506745725758,AMC,youtube,6,18
2023-07-08,"idk about AMC tbh, mixed signals",neutral,0.11766439038829285,AMC,youtube,65,1
2024-05-27,paper hands saved me from Nvidia disaster,negative,-0.8799124019135355,NVDA,youtube,45,13
2024-09-24,lol bears are so wrong about AMC,positive,0.6026997176631486,AMC,youtube,6,9
2023-11-10,🚀🚀🚀 SPY to the moon!!!,positive,0.5804654994495908,SPY,youtube,3,5
2023-04-28,lmao GameStop bagholders in shambles,negative,-0.5927418255269197,GME,youtube,24,2
2024-02-21,apes together strong 🦍 Meta,positive,0.6085192155571637,META,youtube,3,2
2023-08-15,who else got rekt by Google? 😭,negative,-0.8957940645046905,GOOGL,youtube,44,9
2023-05-09,who else got rekt by AAPL? 😭,negative,-0.40641735178675353,AAPL,youtube,7,0
2024-04-02,what do yall think about GME?,neutral,-0.11918155008163961,GME,youtube,14,1
2023-01-23,"never selling my Microsoft shares, generational wealth",positive,0.31467819667144353,MSFT,youtube,18,0
2023-12-05,just bought more SPY let's gooo,positive,0.7138334313879954,SPY,youtube,89,6
2024-05-09,apes together strong 🦍 Amazon,positive,0.4728619258627037,AMZN,youtube,6,5
2024-04-24,AAPL making me rich fr fr,positive,0.3455700211486095,AAPL,youtube,8,3
2023-04-01,NVDA looking interesting ngl,neutral,0.09800500646409827,NVDA,youtube,45,3
2024-07-23,anyone still holding AMC?,neutral,0.19114755391766697,AMC,youtube,7,0
2023-09-14,who else is buying the dip? Meta gang,positive,0.8464465768567591,META,youtube,141,10
2023-06-27,AMZN looking interesting ngl,neutral,-0.10692938572826294,AMZN,youtube,101,1
2024-07-28,"Microsoft going to zero, get out now",negative,-0.8759544018943036,MSFT,youtube,90,12
2024-08-30,🚀🚀🚀 Google to the moon!!!,positive,0.505001268942294,GOOGL,youtube,86,3
2024-08-21,what do yall think about MSFT?,neutral,-0.03263813610141994,MSFT,youtube,244,4
2023-06-21,"never selling my GME shares, generational wealth",positive,0.36809270397169747,GME,youtube,13,4
2023-01-13,AMZN looking interesting ngl,neutral,-0.0003290444481070798,AMZN,youtube,44,5
2024-08-22,"AMC scam, dont buy this garbage",negative,-0.6344242680352064,AMC,youtube,12,14
2024-09-05,apes together strong 🦍 AMC,positive,0.8380658728583659,AMC,youtube,48,10
2023-11-20,apes together strong 🦍 Tesla,positive,0.7617893874094743,TSLA,youtube,101,2
2023-01-04,waiting for MSFT to dip more,neutral,-0.03145751613856965,MSFT,youtube,252,4
2023-09-11,apes together strong 🦍 Microsoft,positive,0.721419061280315,MSFT,youtube,36,1
2024-09-09,just bought more META let's gooo,positive,0.8128350176504322,META,youtube,5,0
2023-05-26,"Meta going to zero, get out now",negative,-0.34845349769859846,META,youtube,111,4
2023-10-13,"idk about Nvidia tbh, mixed signals",neutral,-0.027447430800681794,NVDA,youtube,65,2
2024-10-07,lmao Tesla bagholders in shambles,negative,-0.5208014370340598,TSLA,youtube,6,3
2023-03-18,anyone still holding Meta?,neutral,-0.14181400747619233,META,youtube,12,4
2024-02-20,diamond hands 💎🙌 holding AMC forever,positive,0.30247811348309744,AMC,youtube,14,2
2023-07-18,biggest regret buying TSLA smh,negative,-0.4302993219768824,TSLA,youtube,5,0
2024-02-12,"META is trash, worst investment ever",negative,-0.40165391558744395,META,youtube,163,5
2024-11-04,anyone still holding TSLA?,neutral,0.16852957628157184,TSLA,youtube,17,3
2024-06-01,just bought more NVDA let's gooo,positive,0.48597892917164587,NVDA,youtube,148,6
2023-07-07,"new to investing, is GameStop good?",neutral,-0.09326413838657,GME,youtube,26,12
2023-08-15,"TSLA scam, dont buy this garbage",negative,-0.8577257671044737,TSLA,youtube,30,4
2024-10-20,waiting for GME to dip more,neutral,-0.1391076172984263,GME,youtube,26,13
2023-01-17,"best stock ever, Nvidia is the future",positive,0.48149332113169585,NVDA,youtube,91,1
2023-05-12,"new to investing, is SPY good?",neutral,0.16371949776601152,SPY,youtube,96,2
2023-12-20,just bought more Microsoft let's gooo,positive,0.5564002521984631,MSFT,youtube,1,2
2024-07-19,Microsoft looking interesting ngl,neutral,-0.12589049586899465,MSFT,youtube,234,7
2024-03-11,"new to investing, is GOOGL good?",neutral,-0.0038309840900752623,GOOGL,youtube,7,8
2023-01-21,diamond hands 💎🙌 holding MSFT forever,positive,0.42523169827575796,MSFT,youtube,0,1
2024-09-09,whats the PT for GOOGL?,neutral,0.027236825559899536,GOOGL,youtube,34,7
2024-04-26,anyone still holding NVDA?,neutral,-0.04869999849387291,NVDA,youtube,17,4
2024-06-30,"best stock ever, NVDA is the future",positive,0.6791260506041349,NVDA,youtube,37,5
2023-05-11,AMC looking interesting ngl,neutral,0.13035827272382972,AMC,youtube,154,9
2024-03-07,whats the PT for AMZN?,neutral,0.025785167357836286,AMZN,youtube,1,1
2023-05-16,whats the PT for Microsoft?,neutral,-0.11860410503450543,MSFT,youtube,24,1
2023-11-19,lol bears are so wrong about SPY,positive,0.8232722429932378,SPY,youtube,41,7
2023-09-19,what do yall think about Google?,neutral,-0.05772961275610253,GOOGL,youtube,26,1
2023-11-20,lmao GameStop bagholders in shambles,negative,-0.7831135802580447,GME,youtube,1,5
2023-11-21,diamond hands 💎🙌 holding GME forever,positive,0.5887658697108776,GME,youtube,102,5
2023-01-04,"best stock ever, AMZN is the future",positive,0.35095703118153754,AMZN,youtube,23,3
2024-05-31,whats the PT for SPY?,neutral,-0.1454471345827032,SPY,youtube,52,2
2023-08-23,"idk about TSLA tbh, mixed signals",neutral,0.07504100433185423,TSLA,youtube,18,2
2024-04-23,🚀🚀🚀 META to the moon!!!,positive,0.8724877185819389,META,youtube,2,10
2024-09-27,biggest regret buying AMC smh,negative,-0.562939110655079,AMC,youtube,59,2
2023-01-03,waiting for Tesla to dip more,neutral,0.024114248786442305,TSLA,youtube,144,5
2023-03-02,apes together strong 🦍 GameStop,positive,0.8129824758130741,GME,youtube,64,5
2024-06-04,"this is gonna be huge, MSFT will 10x easy",positive,0.43969395232666797,MSFT,youtube,14,0
2024-06-08,why did i buy GOOGL?? down so bad rn,negative,-0.4987824423151658,GOOGL,youtube,5,2
2023-10-02,"new to investing, is Nvidia good?",neutral,-0.16968387102279892,NVDA,youtube,32,14
2024-03-08,my portfolio up 500% thanks to Apple 😂,positive,0.6532027535934457,AAPL,youtube,55,9
2024-09-30,my portfolio up 500% thanks to Microsoft 😂,positive,0.8788166895601828,MSFT,youtube,76,5
2023-10-07,paper hands saved me from SPY disaster,negative,-0.8189732831134937,SPY,youtube,127,6
2023-11-23,AMZN making me rich fr fr,positive,0.43924926230814276,AMZN,youtube,69,0
2024-04-25,told yall Google was gonna pump,positive,0.7938943368436416,GOOGL,youtube,63,0
2024-08-10,who else is buying the dip? AAPL gang,positive,0.8893174170249483,AAPL,youtube,42,19
2024-02-10,"GOOGL is trash, worst investment ever",negative,-0.8857423462691698,GOOGL,youtube,50,2
2024-08-03,why did i buy GME?? down so bad rn,negative,-0.5465574428681654,GME,youtube,25,4
2024-01-18,lol bears are so wrong about AAPL,positive,0.6464544882374885,AAPL,youtube,48,6
2023-03-19,GOOGL looking interesting ngl,neutral,-0.16629156036884518,GOOGL,youtube,10,0
2024-11-23,"Apple scam, dont buy this garbage",negative,-0.4740009236578914,AAPL,youtube,1,0
2024-02-08,what do yall think about GOOGL?,neutral,-0.1856449084709423,GOOGL,youtube,45,6
2024-11-17,"never selling my GameStop shares, generational wealth",positive,0.4041278406606692,GME,youtube,71,0
2023-04-20,who else is buying the dip? SPY gang,positive,0.4346414493549584,SPY,youtube,103,15
2024-10-16,why did i buy Nvidia?? down so bad rn,negative,-0.31199257463486074,NVDA,youtube,9,3
2024-03-17,whats the PT for Tesla?,neutral,0.004287311165145941,TSLA,youtube,0,1
2024-10-24,🚀🚀🚀 AAPL to the moon!!!,positive,0.8663690381161839,AAPL,youtube,62,8
2024-07-14,biggest regret buying META smh,negative,-0.6486189314153117,META,youtube,16,6
2024-01-08,told yall GME was gonna pump,positive,0.5640012767254508,GME,youtube,78,9
2024-05-09,lol bears are so wrong about Nvidia,positive,0.7088325423678861,NVDA,youtube,64,33
2024-01-21,rip to everyone who bought SPY at the top,negative,-0.7626171072971789,SPY,youtube,44,0
2024-04-24,"never selling my Meta shares, generational wealth",positive,0.8697968606949795,META,youtube,27,0
2024-04-22,Nvidia looking interesting ngl,neutral,-0.11863113768942064,NVDA,youtube,14,3
2024-02-23,"GameStop scam, dont buy this garbage",negative,-0.6653376188203004,GME,youtube,40,1
2023-05-03,"TSLA is trash, worst investment ever",negative,-0.8449443140221681,TSLA,youtube,62,7
2023-07-23,"idk about GME tbh, mixed signals",neutral,-0.09460928690773081,GME,youtube,66,8
2023-07-06,diamond hands 💎🙌 holding Apple forever,positive,0.8064194098515047,AAPL,youtube,21,4
2024-11-15,"new to investing, is Google good?",neutral,0.1276302007750451,GOOGL,youtube,132,0
2023-04-16,diamond hands 💎🙌 holding META forever,positive,0.32112087371414083,META,youtube,14,5
2024-10-13,"new to investing, is AMZN good?",neutral,-0.06525980365153541,AMZN,youtube,26,2
2024-10-20,rip to everyone who bought AAPL at the top,negative,-0.865310879886284,AAPL,youtube,18,3
2024-02-10,who else got rekt by Meta? 😭,negative,-0.6986726774163222,META,youtube,23,1
2023-01-08,SPY looking interesting ngl,neutral,-0.06805896928301222,SPY,youtube,24,14
2024-09-25,"never selling my GameStop shares, generational wealth",positive,0.5545664464795872,GME,youtube,1,16
2023-01-08,who else got rekt by GME? 😭,negative,-0.8829998636264519,GME,youtube,73,3
2024-03-21,whats the PT for MSFT?,neutral,-0.1754303021892231,MSFT,youtube,4,0
2023-03-27,"sold all my GME, this thing is done",negative,-0.804683421513929,GME,youtube,7,0
2023-03-24,paper hands saved me from NVDA disaster,negative,-0.4520034547711565,NVDA,youtube,16,3
2024-04-08,should i buy GOOGL or wait?,neutral,-0.10976983306919155,GOOGL,youtube,7,6
2024-01-08,"never selling my META shares, generational wealth",positive,0.31628051421729775,META,youtube,57,4
2024-04-14,should i buy Nvidia or wait?,neutral,0.16829667571154666,NVDA,youtube,18,1
2024-06-24,who else got rekt by META? 😭,negative,-0.6205068064213812,META,youtube,26,3
2023-12-05,whats the PT for Nvidia?,neutral,-0.0029296643625973395,NVDA,youtube,11,6
2023-11-06,"AMC is trash, worst investment ever",negative,-0.6101576910319848,AMC,youtube,1,2
2024-10-02,"new to investing, is TSLA good?",neutral,0.06130996482568918,TSLA,youtube,39,19
2023-04-29,who else got rekt by TSLA? 😭,negative,-0.46692274803212735,TSLA,youtube,70,5
2024-07-29,rip to everyone who bought Meta at the top,negative,-0.3406987937782171,META,youtube,57,0
2024-03-29,who else is buying the dip? Google gang,positive,0.8916399950039435,GOOGL,youtube,31,3
2023-06-04,anyone still holding GameStop?,neutral,-0.020054317385267945,GME,youtube,41,6
2023-03-10,diamond hands 💎🙌 holding GameStop forever,positive,0.6412578983070794,GME,youtube,59,3
2023-01-28,who else is buying the dip? Amazon gang,positive,0.5536829292846119,AMZN,youtube,83,2
2023-09-03,"new to investing, is AMC good?",neutral,-0.11782642600770205,AMC,youtube,103,3
2024-01-04,biggest regret buying Amazon smh,negative,-0.6164525402308443,AMZN,youtube,51,2
2024-10-09,my portfolio up 500% thanks to Google 😂,positive,0.5962918774152204,GOOGL,youtube,12,3
2024-08-12,"best stock ever, Microsoft is the future",positive,0.641670820492502,MSFT,youtube,59,3
2023-08-12,who else got rekt by GME? 😭,negative,-0.8001056006050017,GME,youtube,136,7
2024-03-19,"never selling my AMC shares, generational wealth",positive,0.6285476973628137,AMC,youtube,0,0
2024-03-26,lol bears are so wrong about GameStop,positive,0.350148190119131,GME,youtube,43,6
2023-12-25,my portfolio up 500% thanks to Amazon 😂,positive,0.5761662811268078,AMZN,youtube,53,1
2024-06-24,🚀🚀🚀 Amazon to the moon!!!,positive,0.8027491079515714,AMZN,youtube,13,2
2023-10-01,what do yall think about GameStop?,neutral,-0.17099411325601266,GME,youtube,31,0
2023-11-24,"never selling my SPY shares, generational wealth",positive,0.8951389287174392,SPY,youtube,26,0
2023-11-27,who else is buying the dip? GameStop gang,positive,0.3945305267099072,GME,youtube,21,5
2023-01-17,diamond hands 💎🙌 holding Apple forever,positive,0.8051344569493826,AAPL,youtube,27,4
2023-05-09,should i buy Meta or wait?,neutral,0.03048855362070929,META,youtube,33,3
2023-05-23,waiting for Nvidia to dip more,neutral,0.11831505319289065,NVDA,youtube,206,11
2023-01-12,lol bears are so wrong about Nvidia,positive,0.7689485283170097,NVDA,youtube,64,1
2024-07-12,told yall AAPL was gonna pump,positive,0.6695723766460464,AAPL,youtube,197,5
2024-03-07,biggest regret buying AMC smh,negative,-0.7468220879741936,AMC,youtube,74,1
2024-03-27,lol bears are so wrong about Microsoft,positive,0.6208388927197075,MSFT,youtube,7,11
2024-04-30,diamond hands 💎🙌 holding Tesla forever,positive,0.44702836868304363,TSLA,youtube,189,0
2023-07-05,who else is buying the dip? Tesla gang,positive,0.670412088978489,TSLA,youtube,75,8
2023-03-03,diamond hands 💎🙌 holding Nvidia forever,positive,0.3809434345708053,NVDA,youtube,30,0
2024-10-21,AMC looking interesting ngl,neutral,-0.03176450085905316,AMC,youtube,69,0
2023-09-15,"this is gonna be huge, Microsoft will 10x easy",positive,0.49845761648065035,MSFT,youtube,106,2
2024-02-15,"META scam, dont buy this garbage",negative,-0.8800127622652281,META,youtube,110,5
2023-11-11,my portfolio up 500% thanks to GOOGL 😂,positive,0.35327958108599744,GOOGL,youtube,16,5
2024-01-10,"best stock ever, Microsoft is the future",positive,0.353115391336862,MSFT,youtube,40,0
2024-08-26,apes together strong 🦍 GameStop,positive,0.6902739670826672,GME,youtube,64,5
2023-06-30,diamond hands 💎🙌 holding SPY forever,positive,0.7219571959849069,SPY,youtube,65,5
2024-03-23,told yall AAPL was gonna pump,positive,0.5980520760308817,AAPL,youtube,3,1
2023-02-23,just bought more Amazon let's gooo,positive,0.45115002800025683,AMZN,youtube,84,1
2024-08-20,lol bears are so wrong about Meta,positive,0.8733299657028248,META,youtube,30,0
2023-02-08,"idk about AAPL tbh, mixed signals",neutral,-0.04321330533156317,AAPL,youtube,25,0
2024-08-25,"idk about SPY tbh, mixed signals",neutral,-0.04509919406172705,SPY,youtube,81,1
2023-10-11,anyone still holding Meta?,neutral,-0.04774157530737813,META,youtube,6,3
2023-04-16,whats the PT for GameStop?,neutral,-0.13581108376487783,GME,youtube,40,4
2023-08-24,anyone still holding AAPL?,neutral,0.11930474158405524,AAPL,youtube,111,3
2023-07-16,who else got rekt by Tesla? 😭,negative,-0.3504583334447393,TSLA,youtube,11,1
2023-12-07,biggest regret buying GOOGL smh,negative,-0.558137697655259,GOOGL,youtube,103,1
2024-09-23,diamond hands 💎🙌 holding AMZN forever,positive,0.43472806178623147,AMZN,youtube,83,0
2023-07-24,"idk about MSFT tbh, mixed signals",neutral,-0.16913411129349734,MSFT,youtube,67,3
2023-06-05,Amazon looking interesting ngl,neutral,0.04716341728032111,AMZN,youtube,12,8
2024-09-19,why did i buy Amazon?? down so bad rn,negative,-0.5884396991178493,AMZN,youtube,29,1
2024-04-05,lol bears are so wrong about Tesla,positive,0.40776432973374593,TSLA,youtube,0,1
2024-10-30,"idk about Meta tbh, mixed signals",neutral,0.13120207946525225,META,youtube,44,0
2024-01-20,Microsoft looking interesting ngl,neutral,-0.07239938763165049,MSFT,youtube,5,0
2024-10-22,who else is buying the dip? GOOGL gang,positive,0.48064453928871115,GOOGL,youtube,69,18
2023-02-14,why did i buy Apple?? down so bad rn,negative,-0.5387497674441744,AAPL,youtube,9,1
2023-08-09,"idk about GME tbh, mixed signals",neutral,0.026462312722258602,GME,youtube,63,0
2023-01-11,told yall TSLA was gonna pump,positive,0.7420303948908296,TSLA,youtube,12,10
2024-05-28,"sold all my TSLA, this thing is done",negative,-0.3059346517480903,TSLA,youtube,18,4
2023-11-27,why did i buy GameStop?? down so bad rn,negative,-0.7270160445743945,GME,youtube,108,4
2023-04-07,diamond hands 💎🙌 holding Microsoft forever,positive,0.8038706956170703,MSFT,youtube,24,6
2024-07-29,just bought more Meta let's gooo,positive,0.8852163888469662,META,youtube,7,0
2023-05-18,Google making me rich fr fr,positive,0.3565976479570009,GOOGL,youtube,48,6
2024-01-13,waiting for AAPL to dip more,neutral,0.14995158508971468,AAPL,youtube,36,2
2024-01-18,"new to investing, is SPY good?",neutral,-0.17364107301827592,SPY,youtube,28,1
2023-05-08,why did i buy GME?? down so bad rn,negative,-0.7572968754375273,GME,youtube,79,6
2023-12-26,🚀🚀🚀 META to the moon!!!,positive,0.7379057161907947,META,youtube,219,0
2023-03-12,just bought more Google let's gooo,positive,0.36343873082967915,GOOGL,youtube,73,5
2023-01-21,lmao TSLA bagholders in shambles,negative,-0.5726549460850494,TSLA,youtube,88,13
2024-07-16,"idk about AMC tbh, mixed signals",neutral,0.019533888110751046,AMC,youtube,18,0
2024-01-11,NVDA looking interesting ngl,neutral,0.13447629228982078,NVDA,youtube,14,5
2024-06-19,waiting for GME to dip more,neutral,0.15509853516590127,GME,youtube,24,0
2023-05-15,anyone still holding GameStop?,neutral,0.03225842728847805,GME,youtube,6,19
2024-03-03,who else is buying the dip? MSFT gang,positive,0.40596323370267057,MSFT,youtube,120,0
2024-06-18,rip to everyone who bought Amazon at the top,negative,-0.5666415282540189,AMZN,youtube,49,5
2024-07-28,apes together strong 🦍 MSFT,positive,0.40780233359563206,MSFT,youtube,46,1
2024-04-13,"this is gonna be huge, Meta will 10x easy",positive,0.8962960215461768,META,youtube,40,2
2024-10-21,who else got rekt by Tesla? 😭,negative,-0.5037410945038419,TSLA,youtube,15,8
2024-08-04,"new to investing, is Tesla good?",neutral,-0.13905104989687977,TSLA,youtube,128,0
2023-12-30,who else is buying the dip? AMC gang,positive,0.3609713463550658,AMC,youtube,12,9
2024-09-16,"this is gonna be huge, GOOGL will 10x easy",positive,0.5877386747589508,GOOGL,youtube,7,9
2023-06-16,my portfolio up 500% thanks to NVDA 😂,positive,0.5839573651109269,NVDA,youtube,106,3
2023-04-29,my portfolio up 500% thanks to SPY 😂,positive,0.44586901745305685,SPY,youtube,117,16
2024-11-14,my portfolio up 500% thanks to Meta 😂,positive,0.6790924844188998,META,youtube,58,24
2024-08-19,"new to investing, is GameStop good?",neutral,0.021965738171181914,GME,youtube,47,3
2024-05-12,anyone still holding Meta?,neutral,0.0822695611206739,META,youtube,170,10
2024-02-02,who else got rekt by GOOGL? 😭,negative,-0.674445985528464,GOOGL,youtube,71,1
2024-02-27,"new to investing, is AAPL good?",neutral,-0.19083979497661363,AAPL,youtube,13,2
2023-10-17,waiting for MSFT to dip more,neutral,0.11225323384248548,MSFT,youtube,66,0
2024-02-10,"AMC scam, dont buy this garbage",negative,-0.7961402052568172,AMC,youtube,7,0
2024-06-22,lol bears are so wrong about Apple,positive,0.7096975022638452,AAPL,youtube,21,2
2024-02-07,"GOOGL going to zero, get out now",negative,-0.891221292296866,GOOGL,youtube,72,1
2024-10-22,"this is gonna be huge, AMC will 10x easy",positive,0.4067744361448524,AMC,youtube,21,2
2024-10-27,apes together strong 🦍 Amazon,positive,0.7902648676060626,AMZN,youtube,85,5
2023-08-08,whats the PT for AMC?,neutral,0.1510751397915434,AMC,youtube,5,15
2024-10-27,"idk about AMC tbh, mixed signals",neutral,0.09247586668728047,AMC,youtube,57,0
2023-03-27,paper hands saved me from Amazon disaster,negative,-0.8671811988823094,AMZN,youtube,30,5
2023-12-16,"idk about AMC tbh, mixed signals",neutral,-0.017003590186628392,AMC,youtube,20,0
2023-10-14,"sold all my GameStop, this thing is done",negative,-0.594770315629939,GME,youtube,23,17
2023-05-12,"idk about Nvidia tbh, mixed signals",neutral,0.11181416743731754,NVDA,youtube,65,1
2023-07-18,"best stock ever, GameStop is the future",positive,0.507957737558222,GME,youtube,45,12
2024-05-27,anyone still holding Meta?,neutral,-0.0048472078813140695,META,youtube,8,0
2023-08-15,paper hands saved me from SPY disaster,negative,-0.6638814324063395,SPY,youtube,19,3
2023-05-07,apes together strong 🦍 GOOGL,positive,0.4735599145013991,GOOGL,youtube,37,0
2024-01-03,"best stock ever, TSLA is the future",positive,0.8581438236511354,TSLA,youtube,61,9
2023-03-26,should i buy MSFT or wait?,neutral,0.03895623161629094,MSFT,youtube,17,0
2023-10-30,"idk about Microsoft tbh, mixed signals",neutral,0.156316941494683,MSFT,youtube,6,2
2024-10-02,"this is gonna be huge, SPY will 10x easy",positive,0.6782955427214412,SPY,youtube,54,0
2024-03-06,rip to everyone who bought GOOGL at the top,negative,-0.5091358610509059,GOOGL,youtube,27,4
2023-10-03,"never selling my Nvidia shares, generational wealth",positive,0.6230667488617241,NVDA,youtube,0,6
2023-12-30,biggest regret buying AAPL smh,negative,-0.43006520205880117,AAPL,youtube,6,0
2023-02-03,waiting for Tesla to dip more,neutral,0.10350237137405893,TSLA,youtube,17,10
2023-11-14,whats the PT for NVDA?,neutral,0.17441057475985733,NVDA,youtube,62,5
2023-10-12,who else is buying the dip? Meta gang,positive,0.6713376293351705,META,youtube,6,1
2023-12-10,should i buy META or wait?,neutral,-0.12300385236068655,META,youtube,70,1
2024-01-19,"Meta scam, dont buy this garbage",negative,-0.44455295215678936,META,youtube,12,27
2024-09-13,"this is gonna be huge, Apple will 10x easy",positive,0.8120127660903842,AAPL,youtube,32,1
2024-08-22,"this is gonna be huge, META will 10x easy",positive,0.3866532606348318,META,youtube,2,13
2024-03-25,apes together strong 🦍 SPY,positive,0.779782276398354,SPY,youtube,113,2
2023-01-06,"SPY going to zero, get out now",negative,-0.7849759374229573,SPY,youtube,17,2
2024-11-16,lol bears are so wrong about META,positive,0.6216812834371137,META,youtube,40,0
2023-05-16,should i buy META or wait?,neutral,-0.08278726816308124,META,youtube,0,11
2023-06-07,biggest regret buying Google smh,negative,-0.4085726522282756,GOOGL,youtube,8,6
2024-04-16,who else is buying the dip? GOOGL gang,positive,0.5053132297462662,GOOGL,youtube,19,1
2024-09-07,"idk about NVDA tbh, mixed signals",neutral,0.18274016848692176,NVDA,youtube,31,2
2023-07-18,what do yall think about META?,neutral,-0.08163977441017436,META,youtube,120,7
2024-04-26,paper hands saved me from NVDA disaster,negative,-0.8401539916627148,NVDA,youtube,82,0
2023-10-06,"new to investing, is Meta good?",neutral,-0.12052224806920342,META,youtube,14,4
2023-06-04,"never selling my Nvidia shares, generational wealth",positive,0.6030309779061356,NVDA,youtube,143,2
2023-04-13,lmao Amazon bagholders in shambles,negative,-0.3763813859354601,AMZN,youtube,59,3
2023-04-08,"AMZN going to zero, get out now",negative,-0.7045232041435169,AMZN,youtube,12,9
2024-04-04,lmao Amazon bagholders in shambles,negative,-0.5666368659226824,AMZN,youtube,145,5
2024-11-06,lmao META bagholders in shambles,negative,-0.5709015953368665,META,youtube,90,2
2024-04-30,"new to investing, is TSLA good?",neutral,-0.18295127610681325,TSLA,youtube,2,5
2024-11-17,"best stock ever, Amazon is the future",positive,0.8925859913952376,AMZN,youtube,33,2
2023-12-03,"sold all my NVDA, this thing is done",negative,-0.44946250698230017,NVDA,youtube,27,2
2023-09-24,"never selling my Microsoft shares, generational wealth",positive,0.7614137246869508,MSFT,youtube,55,16
2023-03-06,"Google is trash, worst investment ever",negative,-0.8771991913346253,GOOGL,youtube,21,2
2023-11-10,"best stock ever, AMZN is the future",positive,0.5848081744950473,AMZN,youtube,62,0
2023-01-13,waiting for Tesla to dip more,neutral,-0.062981094196364,TSLA,youtube,32,11
2024-01-18,lol bears are so wrong about META,positive,0.7477322528849857,META,youtube,49,3
2023-11-05,lmao SPY bagholders in shambles,negative,-0.604279212696951,SPY,youtube,239,6
2024-11-22,"this is gonna be huge, SPY will 10x easy",positive,0.6297165455410318,SPY,youtube,5,2
2023-09-25,just bought more Google let's gooo,positive,0.4408444504098033,GOOGL,youtube,46,5
2024-05-27,🚀🚀🚀 AMZN to the moon!!!,positive,0.5143975556532425,AMZN,youtube,92,12
2024-03-26,what do yall think about AMC?,neutral,-0.08843917971127135,AMC,youtube,44,6
2023-09-22,should i buy AMC or wait?,neutral,0.021521634063688566,AMC,youtube,64,3
2024-08-23,whats the PT for META?,neutral,-0.12860092801023248,META,youtube,43,10
2024-07-09,Apple looking interesting ngl,neutral,0.027808039180020394,AAPL,youtube,98,9
2023-01-22,should i buy Meta or wait?,neutral,0.13602689586045408,META,youtube,113,2
2024-09-11,biggest regret buying Amazon smh,negative,-0.6450689772602093,AMZN,youtube,57,0
2024-03-15,paper hands saved me from SPY disaster,negative,-0.44062031106053046,SPY,youtube,46,7
2023-09-24,why did i buy Google?? down so bad rn,negative,-0.40236004348498117,GOOGL,youtube,13,3
2024-05-04,biggest regret buying Apple smh,negative,-0.7062343794387019,AAPL,youtube,1,8
2024-07-09,Apple looking interesting ngl,neutral,-0.06995768447129241,AAPL,youtube,38,9
2024-08-21,should i buy AAPL or wait?,neutral,0.0609496391901409,AAPL,youtube,11,0
2023-05-31,biggest regret buying GME smh,negative,-0.7463527563667257,GME,youtube,218,0
2023-03-22,who else is buying the dip? SPY gang,positive,0.58864389161293,SPY,youtube,66,10
2024-05-16,AAPL making me rich fr fr,positive,0.8213511670024269,AAPL,youtube,28,1
2023-12-17,"META scam, dont buy this garbage",negative,-0.7231423631343509,META,youtube,77,1
2024-04-06,paper hands saved me from GameStop disaster,negative,-0.43619928836312627,GME,youtube,8,0
2024-03-27,lol bears are so wrong about Apple,positive,0.6155530956424027,AAPL,youtube,9,7
2024-07-24,🚀🚀🚀 NVDA to the moon!!!,positive,0.8817820914007846,NVDA,youtube,70,0
2023-11-24,"Tesla scam, dont buy this garbage",negative,-0.8148330748486469,TSLA,youtube,13,6
2024-08-30,anyone still holding Meta?,neutral,0.025345245197851446,META,youtube,12,13
2024-02-19,"new to investing, is AMZN good?",neutral,0.07198814523173314,AMZN,youtube,43,6
2024-07-23,"this is gonna be huge, AMC will 10x easy",positive,0.8074291943334928,AMC,youtube,83,1
2024-02-14,should i buy Nvidia or wait?,neutral,-0.06595246452806461,NVDA,youtube,1,3
2023-04-30,Tesla looking interesting ngl,neutral,-0.10064428527750802,TSLA,youtube,52,6
2024-06-13,"SPY scam, dont buy this garbage",negative,-0.7122725873125036,SPY,youtube,110,6
2023-11-13,"this is gonna be huge, AMC will 10x easy",positive,0.6257471189954893,AMC,youtube,30,7
2024-02-29,just bought more AMZN let's gooo,positive,0.3021042910864167,AMZN,youtube,24,4
2023-02-19,just bought more GOOGL let's gooo,positive,0.5745853433138591,GOOGL,youtube,4,0
2023-10-18,"best stock ever, Tesla is the future",positive,0.6355362700148399,TSLA,youtube,5,1
2023-05-07,"new to investing, is META good?",neutral,-0.01794150360538649,META,youtube,59,2
2024-05-23,just bought more META let's gooo,positive,0.6300129850532523,META,youtube,6,4
2024-06-02,🚀🚀🚀 META to the moon!!!,positive,0.5764961935936337,META,youtube,4,7
2023-12-17,what do yall think about META?,neutral,0.18729467438785635,META,youtube,155,1
2024-10-28,my portfolio up 500% thanks to Apple 😂,positive,0.45714837453154356,AAPL,youtube,168,7
2024-04-23,waiting for Tesla to dip more,neutral,0.1175334262993501,TSLA,youtube,7,1
2023-02-09,lol bears are so wrong about AAPL,positive,0.31405892933341756,AAPL,youtube,43,6
2023-01-05,who else got rekt by TSLA? 😭,negative,-0.380616527628724,TSLA,youtube,8,1
2024-09-09,biggest regret buying AMC smh,negative,-0.8209986190320221,AMC,youtube,21,2
2024-01-31,my portfolio up 500% thanks to GOOGL 😂,positive,0.5481300393272279,GOOGL,youtube,96,3
2024-01-25,lol bears are so wrong about SPY,positive,0.5444880507102827,SPY,youtube,59,0
2023-02-06,Tesla making me rich fr fr,positive,0.30725561688360487,TSLA,youtube,13,6
2023-03-05,"idk about AMC tbh, mixed signals",neutral,0.06327508498505574,AMC,youtube,76,0
2023-12-31,lmao GOOGL bagholders in shambles,negative,-0.7605072278663563,GOOGL,youtube,20,2
2023-03-24,biggest regret buying Microsoft smh,negative,-0.35589453137709604,MSFT,youtube,63,0
2023-10-16,biggest regret buying META smh,negative,-0.5263263314980959,META,youtube,21,3
2024-07-21,who else is buying the dip? AMC gang,positive,0.37876572094426375,AMC,youtube,101,1
2024-10-09,GameStop looking interesting ngl,neutral,0.056597111829884694,GME,youtube,88,11
2023-07-02,rip to everyone who bought Amazon at the top,negative,-0.8863952463441916,AMZN,youtube,53,4
2023-11-26,apes together strong 🦍 NVDA,positive,0.3128493232024114,NVDA,youtube,26,1
2024-03-23,"MSFT going to zero, get out now",negative,-0.5591156419007751,MSFT,youtube,0,1
2024-05-30,anyone still holding Amazon?,neutral,0.007094049783734985,AMZN,youtube,48,0
2024-03-18,who else is buying the dip? MSFT gang,positive,0.624077281238947,MSFT,youtube,10,2
2024-05-09,"TSLA scam, dont buy this garbage",negative,-0.8197811746188775,TSLA,youtube,2,23
2024-02-01,"never selling my Microsoft shares, generational wealth",positive,0.5359873207437306,MSFT,youtube,54,3
2024-01-26,who else is buying the dip? GOOGL gang,positive,0.7782390118763796,GOOGL,youtube,6,2
2023-12-26,"new to investing, is Google good?",neutral,0.07690216581764919,GOOGL,youtube,26,0
2023-10-08,waiting for AMZN to dip more,neutral,-0.06450749583620405,AMZN,youtube,31,7
2023-01-15,"GameStop going to zero, get out now",negative,-0.8043183928075053,GME,youtube,27,1
2023-06-18,"idk about MSFT tbh, mixed signals",neutral,-0.06684021728079906,MSFT,youtube,94,2
2024-01-21,"GameStop is trash, worst investment ever",negative,-0.48988892715549615,GME,youtube,29,6
2024-03-06,waiting for Apple to dip more,neutral,-0.16380711138482687,AAPL,youtube,8,9
2023-02-17,who else got rekt by Tesla? 😭,negative,-0.8207749369024435,TSLA,youtube,147,1
2023-09-12,"sold all my AMZN, this thing is done",negative,-0.43119285594231754,AMZN,youtube,7,11
2023-05-09,"sold all my NVDA, this thing is done",negative,-0.656303104077455,NVDA,youtube,51,6
2023-08-08,lol bears are so wrong about Google,positive,0.8777620469278125,GOOGL,youtube,15,2
2023-07-19,Nvidia making me rich fr fr,positive,0.685856414440235,NVDA,youtube,74,1
2023-07-16,who else got rekt by AMC? 😭,negative,-0.6153306572625155,AMC,youtube,13,0
2023-02-10,"idk about GOOGL tbh, mixed signals",neutral,0.1053079342403816,GOOGL,youtube,89,10
2024-05-28,who else got rekt by GOOGL? 😭,negative,-0.3895315709142434,GOOGL,youtube,58,7
2023-05-08,just bought more Amazon let's gooo,positive,0.6964689241147863,AMZN,youtube,108,2
2023-08-20,apes together strong 🦍 Microsoft,positive,0.6050212010764224,MSFT,youtube,57,5
2023-12-27,SPY looking interesting ngl,neutral,0.10888258067662532,SPY,youtube,120,3
2024-07-20,my portfolio up 500% thanks to MSFT 😂,positive,0.7339910111764634,MSFT,youtube,2,2
2023-03-16,who else got rekt by MSFT? 😭,negative,-0.756254314556633,MSFT,youtube,100,14
2023-11-04,"Amazon going to zero, get out now",negative,-0.546449841562862,AMZN,youtube,2,6
2023-06-12,just bought more GameStop let's gooo,positive,0.3123726459161425,GME,youtube,29,15
2024-03-31,rip to everyone who bought Tesla at the top,negative,-0.5688383716520045,TSLA,youtube,271,1
2023-06-16,should i buy TSLA or wait?,neutral,0.003569734131464719,TSLA,youtube,3,2
2024-04-22,why did i buy GME?? down so bad rn,negative,-0.368693737454063,GME,youtube,62,2
2024-08-07,anyone still holding Nvidia?,neutral,0.1024492679789451,NVDA,youtube,46,6
2024-10-24,should i buy GameStop or wait?,neutral,-0.09909955900257593,GME,youtube,7,4
2024-11-25,"new to investing, is SPY good?",neutral,0.1442419610843017,SPY,youtube,78,3
2024-01-12,should i buy Amazon or wait?,neutral,-0.0924354595207761,AMZN,youtube,17,2
2024-02-21,🚀🚀🚀 AAPL to the moon!!!,positive,0.8032219599525099,AAPL,youtube,76,4
2023-02-26,🚀🚀🚀 AMC to the moon!!!,positive,0.6329818215746108,AMC,youtube,69,2
2023-01-02,why did i buy MSFT?? down so bad rn,negative,-0.6939606823445026,MSFT,youtube,17,13
2023-02-27,"Meta scam, dont buy this garbage",negative,-0.7188458293529618,META,youtube,102,2
2024-08-24,whats the PT for AMC?,neutral,0.11662564621036758,AMC,youtube,7,1
2024-03-08,biggest regret buying GameStop smh,negative,-0.41985495416579716,GME,youtube,22,11
2024-09-19,lmao NVDA bagholders in shambles,negative,-0.5417645207526824,NVDA,youtube,33,1
2024-05-18,my portfolio up 500% thanks to TSLA 😂,positive,0.823257730575768,TSLA,youtube,75,4
2023-08-14,why did i buy GameStop?? down so bad rn,negative,-0.36861787487784914,GME,youtube,4,0
2023-08-17,told yall Apple was gonna pump,positive,0.7005303879342833,AAPL,youtube,44,11
2024-07-22,who else got rekt by Nvidia? 😭,negative,-0.4514756216213439,NVDA,youtube,1,6
2024-08-08,"best stock ever, GOOGL is the future",positive,0.8210517692126893,GOOGL,youtube,34,20
2024-11-07,"this is gonna be huge, AMZN will 10x easy",positive,0.8756670949074037,AMZN,youtube,20,2
2023-02-22,waiting for Nvidia to dip more,neutral,-0.07745903143678023,NVDA,youtube,39,2
2023-06-26,whats the PT for GameStop?,neutral,-0.09753544631847624,GME,youtube,49,2
2023-02-03,what do yall think about NVDA?,neutral,-0.1371287892377051,NVDA,youtube,3,8
2023-08-09,my portfolio up 500% thanks to Nvidia 😂,positive,0.6651858052744959,NVDA,youtube,11,4
2024-03-10,"Amazon going to zero, get out now",negative,-0.8041470346692092,AMZN,youtube,91,0
2024-07-15,diamond hands 💎🙌 holding AMC forever,positive,0.6440064261737105,AMC,youtube,5,0
2024-08-23,told yall SPY was gonna pump,positive,0.681541297938784,SPY,youtube,21,0
2023-06-21,🚀🚀🚀 Nvidia to the moon!!!,positive,0.7474001022936292,NVDA,youtube,173,10
2023-07-25,"SPY going to zero, get out now",negative,-0.4074649589752022,SPY,youtube,41,24
2024-05-27,anyone still holding Meta?,neutral,-0.03120128228379962,META,youtube,4,2
2024-05-13,"this is gonna be huge, Google will 10x easy",positive,0.8753358020124467,GOOGL,youtube,122,3
2024-02-10,biggest regret buying GameStop smh,negative,-0.6001637892092098,GME,youtube,36,1
2023-01-15,told yall GOOGL was gonna pump,positive,0.7354931344074997,GOOGL,youtube,100,1
2023-05-21,"Nvidia going to zero, get out now",negative,-0.7930255443993252,NVDA,youtube,9,10
2024-04-07,anyone still holding Apple?,neutral,0.14233180747662,AAPL,youtube,89,2
2024-05-08,"idk about Apple tbh, mixed signals",neutral,0.1360172854111295,AAPL,youtube,93,2
2024-04-26,lol bears are so wrong about NVDA,positive,0.7706813089476039,NVDA,youtube,21,4
2024-10-26,what do yall think about GME?,neutral,-0.1101139668471983,GME,youtube,118,2
2023-04-18,anyone still holding MSFT?,neutral,-0.03050632112727189,MSFT,youtube,119,4
2023-10-16,rip to everyone who bought AMC at the top,negative,-0.48901953816827676,AMC,youtube,93,2
2024-07-27,lol bears are so wrong about AMZN,positive,0.8853583533587479,AMZN,youtube,62,1
2024-05-04,Tesla looking interesting ngl,neutral,-0.10370128303373871,TSLA,youtube,48,0
2024-03-22,lmao AAPL bagholders in shambles,negative,-0.5578269328742484,AAPL,youtube,3,4
2023-04-11,"GameStop is trash, worst investment ever",negative,-0.8563944303376967,GME,youtube,27,1
2023-05-16,told yall Meta was gonna pump,positive,0.7714335072789522,META,youtube,15,2
2023-12-11,should i buy AMC or wait?,neutral,0.09813627241468353,AMC,youtube,9,3
2023-01-11,Google making me rich fr fr,positive,0.5309291707757963,GOOGL,youtube,65,3
2023-02-23,should i buy Nvidia or wait?,neutral,0.1354548195686917,NVDA,youtube,11,0
2024-07-01,"idk about MSFT tbh, mixed signals",neutral,-0.054422768911511404,MSFT,youtube,17,0
2023-02-28,just bought more SPY let's gooo,positive,0.7001161919798773,SPY,youtube,37,0
2023-08-17,who else is buying the dip? GME gang,positive,0.7666140335821096,GME,youtube,24,1
2023-07-06,what do yall think about Tesla?,neutral,0.057292401064386655,TSLA,youtube,4,17
2024-02-18,waiting for AMZN to dip more,neutral,0.048544134443263054,AMZN,youtube,28,16
2024-08-11,anyone still holding Google?,neutral,0.1959047804768272,GOOGL,youtube,17,14
2024-04-04,anyone still holding SPY?,neutral,0.139282409402206,SPY,youtube,2,1
2023-03-20,whats the PT for GameStop?,neutral,0.0986727542606941,GME,youtube,40,0
2023-05-01,"this is gonna be huge, AMC will 10x easy",positive,0.4623121750125919,AMC,youtube,241,2
2023-07-29,should i buy SPY or wait?,neutral,0.026523721826251873,SPY,youtube,21,5
2024-09-27,why did i buy Microsoft?? down so bad rn,negative,-0.7417855228562993,MSFT,youtube,28,6
2024-01-24,anyone still holding Google?,neutral,-0.0895871588837614,GOOGL,youtube,7,8
2023-08-19,biggest regret buying Microsoft smh,negative,-0.32298951145441246,MSFT,youtube,117,3
2023-09-18,"never selling my GME shares, generational wealth",positive,0.8539061426664025,GME,youtube,39,4
2023-07-25,anyone still holding Meta?,neutral,-0.1224743542165887,META,youtube,1,2
2023-10-06,"AMZN scam, dont buy this garbage",negative,-0.8573028951912592,AMZN,youtube,14,3
2023-04-19,"new to investing, is AMZN good?",neutral,0.09081582311734249,AMZN,youtube,56,0
2023-01-08,lmao AAPL bagholders in shambles,negative,-0.31592461036934283,AAPL,youtube,28,7
2024-03-27,"AMC is trash, worst investment ever",negative,-0.5063523366185846,AMC,youtube,111,4
2024-03-16,diamond hands 💎🙌 holding NVDA forever,positive,0.886342634600662,NVDA,youtube,43,0
2024-05-16,diamond hands 💎🙌 holding Tesla forever,positive,0.30947801700164373,TSLA,youtube,21,2
2023-08-05,Apple looking interesting ngl,neutral,-0.08357248283041022,AAPL,youtube,148,13
2023-04-21,SPY making me rich fr fr,positive,0.38242086025380173,SPY,youtube,2,8
2023-04-19,"this is gonna be huge, AMC will 10x easy",positive,0.5657612033213851,AMC,youtube,32,9
2024-02-05,my portfolio up 500% thanks to AMC 😂,positive,0.4910646107757952,AMC,youtube,26,1
2023-03-10,"never selling my GOOGL shares, generational wealth",positive,0.38571258936092584,GOOGL,youtube,234,6
2023-03-28,who else got rekt by META? 😭,negative,-0.5278904210887134,META,youtube,193,7
2023-01-24,AAPL making me rich fr fr,positive,0.4785079476309757,AAPL,youtube,11,0
2023-04-17,biggest regret buying NVDA smh,negative,-0.5544405275785248,NVDA,youtube,35,3
2024-04-04,"idk about AAPL tbh, mixed signals",neutral,0.1831301539711797,AAPL,youtube,10,0
2023-04-03,diamond hands 💎🙌 holding SPY forever,positive,0.3138087100745072,SPY,youtube,56,4
2023-04-21,what do yall think about Nvidia?,neutral,0.19386639174970777,NVDA,youtube,16,15
2023-01-14,told yall AMC was gonna pump,positive,0.696501533775617,AMC,youtube,32,0
2024-02-14,🚀🚀🚀 AMC to the moon!!!,positive,0.777418057144428,AMC,youtube,123,3
2024-08-18,"never selling my GameStop shares, generational wealth",positive,0.8309718316505021,GME,youtube,12,1
2024-07-28,"this is gonna be huge, GME will 10x easy",positive,0.3181987635682961,GME,youtube,20,8
2024-01-07,rip to everyone who bought Amazon at the top,negative,-0.4461620720724122,AMZN,youtube,88,8
2024-04-28,"this is gonna be huge, GOOGL will 10x easy",positive,0.8631333591350867,GOOGL,youtube,42,5
2024-05-08,whats the PT for AMC?,neutral,0.014794553749452849,AMC,youtube,47,2
2023-07-20,what do yall think about AAPL?,neutral,0.027906698486598464,AAPL,youtube,29,16
2024-04-30,NVDA looking interesting ngl,neutral,-0.11321352871786444,NVDA,youtube,37,1
2024-11-15,whats the PT for Nvidia?,neutral,0.13218749106346322,NVDA,youtube,6,5
2023-09-05,who else got rekt by GME? 😭,negative,-0.880604121379335,GME,youtube,36,1
2024-03-04,lol bears are so wrong about GameStop,positive,0.5724676118136486,GME,youtube,37,13
2024-10-13,waiting for META to dip more,neutral,0.1567971480258023,META,youtube,11,0
2024-01-20,biggest regret buying GME smh,negative,-0.742940089362472,GME,youtube,28,5
2024-03-08,rip to everyone who bought Nvidia at the top,negative,-0.3488817289285291,NVDA,youtube,61,0
2024-02-19,told yall GameStop was gonna pump,positive,0.8129507708883368,GME,youtube,83,0
2023-05-21,should i buy Amazon or wait?,neutral,0.16833567443751835,AMZN,youtube,17,0
2024-02-25,what do yall think about AMZN?,neutral,0.043159182219818654,AMZN,youtube,35,0
2024-09-27,"Apple is trash, worst investment ever",negative,-0.5770610166227412,AAPL,youtube,6,1
2023-08-09,"new to investing, is TSLA good?",neutral,-0.16333343372587442,TSLA,youtube,51,3
2024-07-29,"this is gonna be huge, Nvidia will 10x easy",positive,0.5261354504875273,NVDA,youtube,36,2
2024-06-08,paper hands saved me from Google disaster,negative,-0.5833392649134915,GOOGL,youtube,22,2
2023-08-03,diamond hands 💎🙌 holding META forever,positive,0.4302405942830056,META,youtube,186,3
2024-04-10,who else got rekt by AMC? 😭,negative,-0.5712366574200485,AMC,youtube,81,9
2023-10-19,"Tesla scam, dont buy this garbage",negative,-0.5069934035500423,TSLA,youtube,66,0
2023-09-05,lol bears are so wrong about AAPL,positive,0.8047271021436087,AAPL,youtube,26,0
2024-06-25,waiting for TSLA to dip more,neutral,-0.1692772015608337,TSLA,youtube,5,4
2024-11-03,rip to everyone who bought MSFT at the top,negative,-0.6038542793656829,MSFT,youtube,10,1
2023-07-02,"this is gonna be huge, TSLA will 10x easy",positive,0.6404793964619404,TSLA,youtube,269,2
2023-05-18,"this is gonna be huge, AAPL will 10x easy",positive,0.5903309464182337,AAPL,youtube,17,7
2024-01-30,who else got rekt by AMC? 😭,negative,-0.37947496243955847,AMC,youtube,16,0
2023-09-04,whats the PT for Nvidia?,neutral,0.04014339209621559,NVDA,youtube,107,0
2024-02-06,"AMZN going to zero, get out now",negative,-0.5671505359381339,AMZN,youtube,16,10
2024-08-31,rip to everyone who bought SPY at the top,negative,-0.7868552030456504,SPY,youtube,24,8
2023-07-30,"never selling my Microsoft shares, generational wealth",positive,0.4296482098709128,MSFT,youtube,9,5
2023-11-15,lol bears are so wrong about AMC,positive,0.4574619382609846,AMC,youtube,23,14
2023-07-27,who else is buying the dip? AMC gang,positive,0.5927651273552306,AMC,youtube,34,8
2023-05-27,why did i buy Google?? down so bad rn,negative,-0.32177490082207794,GOOGL,youtube,2,4
2023-07-18,SPY making me rich fr fr,positive,0.6513421040887661,SPY,youtube,59,0
2023-10-21,what do yall think about AAPL?,neutral,-0.1880037448959201,AAPL,youtube,5,1
2023-04-06,why did i buy GameStop?? down so bad rn,negative,-0.34154285817541374,GME,youtube,178,0
2024-11-04,waiting for AAPL to dip more,neutral,0.008774929946976456,AAPL,youtube,77,0
2023-09-24,diamond hands 💎🙌 holding Google forever,positive,0.3450013872152069,GOOGL,youtube,5,13
2023-04-07,my portfolio up 500% thanks to SPY 😂,positive,0.49716538841696434,SPY,youtube,1,3
2023-03-28,"new to investing, is Tesla good?",neutral,-0.04545510914914183,TSLA,youtube,24,6
2023-10-20,🚀🚀🚀 META to the moon!!!,positive,0.7697184372563992,META,youtube,95,3
2023-08-30,🚀🚀🚀 Google to the moon!!!,positive,0.704005900288368,GOOGL,youtube,2,4
2024-08-27,"Meta going to zero, get out now",negative,-0.5316863583475951,META,youtube,16,5
2023-07-05,waiting for META to dip more,neutral,-0.0375483952355907,META,youtube,23,2
2023-10-11,apes together strong 🦍 Amazon,positive,0.3754713061068288,AMZN,youtube,14,6
2024-07-03,🚀🚀🚀 AMZN to the moon!!!,positive,0.44707924102473184,AMZN,youtube,15,2
2023-12-07,anyone still holding Microsoft?,neutral,0.18416072754432744,MSFT,youtube,14,3
2024-09-12,waiting for AMC to dip more,neutral,-0.1516205193933181,AMC,youtube,7,0
2023-01-14,"sold all my Nvidia, this thing is done",negative,-0.5522222968194647,NVDA,youtube,63,0
2024-08-29,diamond hands 💎🙌 holding GOOGL forever,positive,0.7097736335778823,GOOGL,youtube,94,3
2023-10-21,biggest regret buying Google smh,negative,-0.3163489741637139,GOOGL,youtube,16,1
2023-10-09,my portfolio up 500% thanks to Google 😂,positive,0.810592713305208,GOOGL,youtube,22,1
2023-05-19,"this is gonna be huge, AMZN will 10x easy",positive,0.7556391314608444,AMZN,youtube,20,0
2024-09-29,"Nvidia is trash, worst investment ever",negative,-0.31468569283086345,NVDA,youtube,45,4
2023-04-14,anyone still holding Amazon?,neutral,0.09203540457439341,AMZN,youtube,54,15
2023-12-01,paper hands saved me from AMZN disaster,negative,-0.5142676585918569,AMZN,youtube,46,2
2024-07-18,rip to everyone who bought GOOGL at the top,negative,-0.34638389193424013,GOOGL,youtube,38,1
2023-09-23,who else is buying the dip? AMC gang,positive,0.5413390716006611,AMC,youtube,133,6
2023-06-26,AMZN looking interesting ngl,neutral,0.16745140817252785,AMZN,youtube,13,0
2023-05-17,diamond hands 💎🙌 holding Amazon forever,positive,0.47703909612990214,AMZN,youtube,48,1
2024-08-25,apes together strong 🦍 Nvidia,positive,0.5460897328035501,NVDA,youtube,107,8
2024-10-01,my portfolio up 500% thanks to META 😂,positive,0.8734187646002571,META,youtube,54,2
2024-11-09,Tesla making me rich fr fr,positive,0.5688338084438413,TSLA,youtube,20,3
2023-08-20,"idk about AMC tbh, mixed signals",neutral,0.1664890554166189,AMC,youtube,38,0
2024-03-20,lmao Meta bagholders in shambles,negative,-0.6900947914209843,META,youtube,80,32
2023-12-19,my portfolio up 500% thanks to Meta 😂,positive,0.4564754893317964,META,youtube,119,3
2023-12-22,"MSFT scam, dont buy this garbage",negative,-0.581868784279655,MSFT,youtube,25,5
2023-04-11,paper hands saved me from TSLA disaster,negative,-0.7332845009580109,TSLA,youtube,146,10
2024-09-22,apes together strong 🦍 Apple,positive,0.8071215211675307,AAPL,youtube,133,5
2023-03-30,SPY looking interesting ngl,neutral,0.10723081210009566,SPY,youtube,5,17
2024-10-30,"idk about SPY tbh, mixed signals",neutral,-0.02198356997698725,SPY,youtube,5,4
2024-06-20,who else is buying the dip? AAPL gang,positive,0.6489219355619784,AAPL,youtube,22,21
2024-09-28,whats the PT for AMZN?,neutral,-0.08605066469476741,AMZN,youtube,12,0
2024-09-21,anyone still holding Meta?,neutral,0.03743239626916545,META,youtube,134,2
2023-04-06,SPY making me rich fr fr,positive,0.4230189500158928,SPY,youtube,14,1
2023-09-29,paper hands saved me from AMC disaster,negative,-0.5352636426100241,AMC,youtube,34,12
2023-07-31,who else got rekt by SPY? 😭,negative,-0.7398183648367532,SPY,youtube,1,0
2023-10-15,"Meta scam, dont buy this garbage",negative,-0.34571570893973946,META,youtube,2,3
2023-01-13,"new to investing, is Nvidia good?",neutral,-0.05560230591876364,NVDA,youtube,15,0
2024-03-01,who else is buying the dip? AMC gang,positive,0.7315799621888599,AMC,youtube,5,8
2023-06-15,waiting for SPY to dip more,neutral,-0.07253034325119798,SPY,youtube,28,0
2023-11-21,waiting for GOOGL to dip more,neutral,-0.08339396962953045,GOOGL,youtube,131,13
2024-05-05,diamond hands 💎🙌 holding GME forever,positive,0.5651071939542575,GME,youtube,17,0
2023-01-23,🚀🚀🚀 GOOGL to the moon!!!,positive,0.4414478792678734,GOOGL,youtube,87,1
2023-11-12,who else got rekt by SPY? 😭,negative,-0.6626320285187368,SPY,youtube,64,0
2023-02-07,apes together strong 🦍 Google,positive,0.5116422039861208,GOOGL,youtube,41,0
2023-01-05,should i buy Amazon or wait?,neutral,-0.11572346126156621,AMZN,youtube,50,4
2024-11-17,"this is gonna be huge, AMC will 10x easy",positive,0.41801582301243756,AMC,youtube,0,5
2024-06-22,told yall Microsoft was gonna pump,positive,0.6700280978039779,MSFT,youtube,80,1
2023-09-17,rip to everyone who bought GOOGL at the top,negative,-0.30956875273904394,GOOGL,youtube,4,5
2023-01-07,"MSFT going to zero, get out now",negative,-0.8034868720551591,MSFT,youtube,32,2
2023-08-08,anyone still holding TSLA?,neutral,0.10185420128784134,TSLA,youtube,4,4
2023-11-03,"sold all my META, this thing is done",negative,-0.6258752868053737,META,youtube,20,15
2023-04-06,paper hands saved me from AMC disaster,negative,-0.7398782115223469,AMC,youtube,3,7
2023-09-09,who else is buying the dip? AAPL gang,positive,0.5004941355651698,AAPL,youtube,24,4
2023-01-07,"idk about Google tbh, mixed signals",neutral,-0.15849825770812884,GOOGL,youtube,62,2
2023-09-18,lmao Google bagholders in shambles,negative,-0.7239539355668062,GOOGL,youtube,52,1
2023-10-05,AAPL looking interesting ngl,neutral,0.1096473158527344,AAPL,youtube,33,7
2024-07-06,"idk about Nvidia tbh, mixed signals",neutral,-0.11994497940101323,NVDA,youtube,68,3
2024-07-08,what do yall think about Google?,neutral,-0.08089927371771172,GOOGL,youtube,23,2
2024-01-17,"SPY is trash, worst investment ever",negative,-0.6975897030015766,SPY,youtube,53,0
2023-10-08,whats the PT for AMZN?,neutral,-0.047190144904232595,AMZN,youtube,52,16
2023-06-22,should i buy AMC or wait?,neutral,0.15468686224586053,AMC,youtube,162,14
2024-06-15,"new to investing, is AMC good?",neutral,0.016798395665342664,AMC,youtube,105,5
2023-11-12,"AMZN going to zero, get out now",negative,-0.33553482432158355,AMZN,youtube,0,5
2023-01-18,anyone still holding SPY?,neutral,0.07946860216905999,SPY,youtube,7,2
2024-11-25,what do yall think about NVDA?,neutral,-0.17183540802484185,NVDA,youtube,32,9
2024-08-05,lmao AMC bagholders in shambles,negative,-0.8559375758440494,AMC,youtube,32,2
2024-07-22,"this is gonna be huge, AMC will 10x easy",positive,0.5273486912379272,AMC,youtube,16,2
2023-11-23,why did i buy META?? down so bad rn,negative,-0.86494565194609,META,youtube,30,2
2023-09-04,Microsoft making me rich fr fr,positive,0.7458063501200216,MSFT,youtube,18,2
2024-07-25,MSFT looking interesting ngl,neutral,-0.002125018912560561,MSFT,youtube,40,0
2024-02-20,"idk about Nvidia tbh, mixed signals",neutral,-0.0143296080832164,NVDA,youtube,14,14
2024-03-25,rip to everyone who bought AMC at the top,negative,-0.6551417326223968,AMC,youtube,45,4
2024-06-03,who else got rekt by AMZN? 😭,negative,-0.6144741165455532,AMZN,youtube,1,2
2024-02-16,diamond hands 💎🙌 holding SPY forever,positive,0.4659879321017885,SPY,youtube,17,1
2023-07-03,lmao AMC bagholders in shambles,negative,-0.5778135046168777,AMC,youtube,22,0
2024-07-21,my portfolio up 500% thanks to GOOGL 😂,positive,0.398576855394858,GOOGL,youtube,2,6
2023-08-05,🚀🚀🚀 META to the moon!!!,positive,0.42709008866800513,META,youtube,10,1
2024-10-31,what do yall think about Meta?,neutral,0.006785240993415181,META,youtube,27,0
2023-03-17,why did i buy Nvidia?? down so bad rn,negative,-0.4061196555106889,NVDA,youtube,6,2
2023-10-12,anyone still holding GameStop?,neutral,0.17183872669710065,GME,youtube,57,1
2023-09-14,Tesla making me rich fr fr,positive,0.5954380591750793,TSLA,youtube,7,6
2024-02-07,just bought more NVDA let's gooo,positive,0.5520959384199888,NVDA,youtube,180,2
2023-08-22,told yall AAPL was gonna pump,positive,0.5684529433894312,AAPL,youtube,30,0
2024-04-24,"best stock ever, Amazon is the future",positive,0.618877525411688,AMZN,youtube,31,0
2024-02-11,diamond hands 💎🙌 holding GME forever,positive,0.632823800932514,GME,youtube,92,6
2024-03-13,why did i buy Nvidia?? down so bad rn,negative,-0.7528562788795908,NVDA,youtube,100,4
2024-04-30,"never selling my Apple shares, generational wealth",positive,0.7862828035036371,AAPL,youtube,0,4
2024-05-04,why did i buy Tesla?? down so bad rn,negative,-0.5733374902262849,TSLA,youtube,93,0
2024-03-03,diamond hands 💎🙌 holding NVDA forever,positive,0.3171171053578672,NVDA,youtube,50,6
2023-10-23,who else is buying the dip? Meta gang,positive,0.833098529129727,META,youtube,0,9
2024-02-13,waiting for AMZN to dip more,neutral,0.08567263673305564,AMZN,youtube,127,4
2023-10-21,AMC making me rich fr fr,positive,0.5074409135527579,AMC,youtube,108,3
2023-05-12,"new to investing, is Amazon good?",neutral,0.006454174425968684,AMZN,youtube,8,0
2024-11-18,apes together strong 🦍 TSLA,positive,0.8187594878389663,TSLA,youtube,11,7
2024-11-07,"sold all my GameStop, this thing is done",negative,-0.7280735149152736,GME,youtube,2,5
2024-04-09,"sold all my NVDA, this thing is done",negative,-0.5831540720593255,NVDA,youtube,91,2
2024-07-06,should i buy NVDA or wait?,neutral,-0.05730192059107461,NVDA,youtube,7,0
2023-06-16,who else got rekt by Nvidia? 😭,negative,-0.7815921621263248,NVDA,youtube,126,8
2024-07-05,whats the PT for Amazon?,neutral,0.036780433343556546,AMZN,youtube,1,7
2023-05-25,who else is buying the dip? SPY gang,positive,0.4393347686533917,SPY,youtube,15,12
2024-02-12,"best stock ever, AMC is the future",positive,0.7225601087486316,AMC,youtube,35,1
2023-09-07,my portfolio up 500% thanks to Amazon 😂,positive,0.37014423868982366,AMZN,youtube,23,2
2023-04-05,should i buy AMC or wait?,neutral,-0.15267085937909722,AMC,youtube,159,3
2023-02-22,"SPY scam, dont buy this garbage",negative,-0.6256410448594959,SPY,youtube,66,1
2023-08-31,"new to investing, is MSFT good?",neutral,0.1730158872494149,MSFT,youtube,13,1
2024-11-19,what do yall think about MSFT?,neutral,0.04740927593971089,MSFT,youtube,13,0
2024-07-02,diamond hands 💎🙌 holding TSLA forever,positive,0.36196372383198083,TSLA,youtube,13,2
2024-05-31,what do yall think about Nvidia?,neutral,0.11093001271595998,NVDA,youtube,10,6
2024-09-25,🚀🚀🚀 GME to the moon!!!,positive,0.32194360057792754,GME,youtube,56,3
2024-01-14,paper hands saved me from AMZN disaster,negative,-0.7228960348370449,AMZN,youtube,3,8
2023-06-24,"best stock ever, GME is the future",positive,0.4130898926991251,GME,youtube,71,1
2024-08-30,whats the PT for Google?,neutral,0.16678494029179575,GOOGL,youtube,24,16
2024-02-23,"idk about AAPL tbh, mixed signals",neutral,0.016339620444438874,AAPL,youtube,4,0
2024-09-23,biggest regret buying SPY smh,negative,-0.4647911364244927,SPY,youtube,2,0
2023-08-16,whats the PT for NVDA?,neutral,0.06108423410505115,NVDA,youtube,0,3
2024-01-24,rip to everyone who bought GME at the top,negative,-0.5998727936532819,GME,youtube,60,1
2024-10-26,rip to everyone who bought AMC at the top,negative,-0.6000426421093858,AMC,youtube,59,7
2024-10-20,diamond hands 💎🙌 holding SPY forever,positive,0.47827185483293366,SPY,youtube,27,2
2024-03-20,🚀🚀🚀 Meta to the moon!!!,positive,0.8698472088238614,META,youtube,151,1
2023-02-10,what do yall think about Apple?,neutral,-0.12503455942378655,AAPL,youtube,129,8
2024-10-25,Nvidia making me rich fr fr,positive,0.4018360336151263,NVDA,youtube,0,3
2024-09-08,"sold all my Tesla, this thing is done",negative,-0.3626628713335538,TSLA,youtube,45,0
2023-01-09,🚀🚀🚀 Apple to the moon!!!,positive,0.5778728151577597,AAPL,youtube,20,5
2023-08-19,diamond hands 💎🙌 holding Amazon forever,positive,0.7773449429619139,AMZN,youtube,11,4
2023-11-04,"TSLA is trash, worst investment ever",negative,-0.6472557276936148,TSLA,youtube,78,5
2024-02-04,my portfolio up 500% thanks to AAPL 😂,positive,0.40616737238735595,AAPL,youtube,18,0
2024-01-16,who else got rekt by Apple? 😭,negative,-0.35701602616420014,AAPL,youtube,6,5
2024-09-30,my portfolio up 500% thanks to Amazon 😂,positive,0.6805972388806096,AMZN,youtube,52,9
2024-06-12,what do yall think about AMZN?,neutral,-0.015071965691255462,AMZN,youtube,21,3
2023-05-02,told yall Microsoft was gonna pump,positive,0.3965772193220366,MSFT,youtube,35,0
2024-06-06,lmao Microsoft bagholders in shambles,negative,-0.44482284781963816,MSFT,youtube,11,2
2023-05-31,🚀🚀🚀 Google to the moon!!!,positive,0.41561807563450137,GOOGL,youtube,14,7
2024-08-30,paper hands saved me from Nvidia disaster,negative,-0.804779818089305,NVDA,youtube,5,1
2024-06-09,rip to everyone who bought Tesla at the top,negative,-0.3522674740978494,TSLA,youtube,18,3
2024-04-23,why did i buy AMC?? down so bad rn,negative,-0.5159849710708722,AMC,youtube,24,7
2024-04-21,who else got rekt by Meta? 😭,negative,-0.8868139842759145,META,youtube,1,25
2023-11-15,diamond hands 💎🙌 holding SPY forever,positive,0.8236901676065078,SPY,youtube,13,3
2023-05-16,just bought more Microsoft let's gooo,positive,0.7084943848592583,MSFT,youtube,15,4
2023-12-31,"best stock ever, Google is the future",positive,0.5897645608383659,GOOGL,youtube,15,2
2023-05-06,"NVDA is trash, worst investment ever",negative,-0.460157177899489,NVDA,youtube,16,1
2024-11-17,diamond hands 💎🙌 holding META forever,positive,0.8403744435029081,META,youtube,26,2
2023-03-25,should i buy META or wait?,neutral,0.17131184023457124,META,youtube,27,1
2023-08-23,"AMC scam, dont buy this garbage",negative,-0.6572227874279306,AMC,youtube,101,0
2023-01-06,"new to investing, is GOOGL good?",neutral,-0.16101071638393957,GOOGL,youtube,135,0
2024-10-21,biggest regret buying AAPL smh,negative,-0.3630048736068092,AAPL,youtube,21,1
2023-01-26,"this is gonna be huge, AMC will 10x easy",positive,0.3440193956283241,AMC,youtube,50,8
2024-07-28,what do yall think about Apple?,neutral,0.09231014447325941,AAPL,youtube,24,14
2023-05-17,waiting for Nvidia to dip more,neutral,-0.15763101816982378,NVDA,youtube,34,7
2023-09-22,"NVDA going to zero, get out now",negative,-0.4917812653277058,NVDA,youtube,11,5
2024-02-07,"best stock ever, SPY is the future",positive,0.5056765259906246,SPY,youtube,60,4
2024-02-14,biggest regret buying GameStop smh,negative,-0.607774323382196,GME,youtube,54,1
2024-01-18,"Tesla scam, dont buy this garbage",negative,-0.5143017762458382,TSLA,youtube,16,3
2024-05-16,waiting for META to dip more,neutral,0.10949435383234052,META,youtube,110,11
2023-06-22,"sold all my NVDA, this thing is done",negative,-0.5415867418015348,NVDA,youtube,74,21
2024-02-11,rip to everyone who bought Nvidia at the top,negative,-0.5768687736417686,NVDA,youtube,3,1
2023-10-07,AMZN making me rich fr fr,positive,0.45252212675394365,AMZN,youtube,4,5
2023-07-10,"idk about Microsoft tbh, mixed signals",neutral,0.10712910452617475,MSFT,youtube,20,1
2023-06-19,why did i buy Amazon?? down so bad rn,negative,-0.8534555372494472,AMZN,youtube,3,2
2024-09-27,whats the PT for Nvidia?,neutral,0.15574938070708272,NVDA,youtube,37,1
2024-11-09,"Microsoft going to zero, get out now",negative,-0.43387210414165556,MSFT,youtube,26,3
2024-01-23,who else is buying the dip? GOOGL gang,positive,0.8548200949583975,GOOGL,youtube,17,5
2023-01-03,apes together strong 🦍 Apple,positive,0.4793472247226499,AAPL,youtube,4,2
2023-09-24,"new to investing, is GME good?",neutral,-0.09781598841460225,GME,youtube,18,11
2024-02-17,"SPY scam, dont buy this garbage",negative,-0.8021189312545169,SPY,youtube,4,0
2023-11-26,lmao Tesla bagholders in shambles,negative,-0.3027116412469446,TSLA,youtube,6,5
2024-10-11,whats the PT for Nvidia?,neutral,0.13181169975299417,NVDA,youtube,93,10
2023-04-25,diamond hands 💎🙌 holding Google forever,positive,0.6469294088238227,GOOGL,youtube,6,7
2023-01-03,who else is buying the dip? AMZN gang,positive,0.6012382378024469,AMZN,youtube,12,0
2023-10-01,"new to investing, is Microsoft good?",neutral,-0.19961452591837442,MSFT,youtube,17,5
2023-04-13,"never selling my Tesla shares, generational wealth",positive,0.7679157349086922,TSLA,youtube,0,2
2024-05-27,who else is buying the dip? SPY gang,positive,0.8516617088556768,SPY,youtube,27,0
2024-02-26,biggest regret buying META smh,negative,-0.6999268030366552,META,youtube,77,2
2023-01-17,"never selling my META shares, generational wealth",positive,0.8406539169958769,META,youtube,111,0
2023-10-10,"idk about GME tbh, mixed signals",neutral,-0.1411391215327397,GME,youtube,54,11
2023-03-08,"AAPL going to zero, get out now",negative,-0.7692563204540811,AAPL,youtube,64,1
2023-12-14,"Tesla scam, dont buy this garbage",negative,-0.43632731647712353,TSLA,youtube,96,3
2023-04-08,who else got rekt by Amazon? 😭,negative,-0.7543911219161401,AMZN,youtube,80,10
2023-11-24,should i buy AMC or wait?,neutral,0.1611612946611149,AMC,youtube,108,2
2024-02-11,"sold all my AMC, this thing is done",negative,-0.4319266361634071,AMC,youtube,138,1
2024-10-10,"never selling my TSLA shares, generational wealth",positive,0.4273919079388997,TSLA,youtube,8,0
2023-01-18,biggest regret buying AMC smh,negative,-0.3018639252869224,AMC,youtube,51,0
2024-02-05,diamond hands 💎🙌 holding AMC forever,positive,0.8358890178093328,AMC,youtube,176,0
2023-01-25,"sold all my GME, this thing is done",negative,-0.32633942241812286,GME,youtube,32,0
2024-11-07,anyone still holding Meta?,neutral,0.12577805691842253,META,youtube,121,5
2024-06-30,"best stock ever, Apple is the future",positive,0.7051639187721748,AAPL,youtube,7,4
2023-07-05,paper hands saved me from Amazon disaster,negative,-0.7164937157312041,AMZN,youtube,34,1
2023-10-11,just bought more GME let's gooo,positive,0.44328904620790754,GME,youtube,10,1
2023-05-30,waiting for Apple to dip more,neutral,0.14014191310944124,AAPL,youtube,14,1
2023-01-03,lol bears are so wrong about Amazon,positive,0.5227245167638844,AMZN,youtube,170,4
2024-10-07,anyone still holding Tesla?,neutral,-0.03337304350729081,TSLA,youtube,71,7
2023-01-19,should i buy MSFT or wait?,neutral,0.19563631160636913,MSFT,youtube,36,8
2023-03-31,SPY looking interesting ngl,neutral,0.1777798276383014,SPY,youtube,8,9
2023-06-02,"new to investing, is AMC good?",neutral,-0.06669240948532204,AMC,youtube,65,5
2024-07-04,who else got rekt by AAPL? 😭,negative,-0.7386851499486868,AAPL,youtube,0,2
2024-06-13,META making me rich fr fr,positive,0.5555139310859554,META,youtube,52,0
2024-07-02,apes together strong 🦍 NVDA,positive,0.6695557594449808,NVDA,youtube,40,1
2023-06-28,should i buy SPY or wait?,neutral,0.16816259281190898,SPY,youtube,113,10
2023-03-15,rip to everyone who bought Tesla at the top,negative,-0.5135256479135386,TSLA,youtube,38,5
2023-02-13,lol bears are so wrong about AMC,positive,0.4631290769694143,AMC,youtube,57,2
2024-01-16,biggest regret buying NVDA smh,negative,-0.8484797681441749,NVDA,youtube,38,0
2023-12-18,"new to investing, is Amazon good?",neutral,-0.029853748382610956,AMZN,youtube,3,4
2023-09-07,diamond hands 💎🙌 holding AMZN forever,positive,0.7400939748203446,AMZN,youtube,104,2
2024-02-25,should i buy SPY or wait?,neutral,-0.1551641341663689,SPY,youtube,45,0
2024-02-09,who else got rekt by AMC? 😭,negative,-0.5223735367336266,AMC,youtube,145,7
2024-08-02,"GME scam, dont buy this garbage",negative,-0.6306529478076524,GME,youtube,25,0
2024-04-05,"META scam, dont buy this garbage",negative,-0.8215444797984481,META,youtube,58,1
2024-07-03,Nvidia looking interesting ngl,neutral,0.17533273253951376,NVDA,youtube,212,5
2023-03-20,my portfolio up 500% thanks to MSFT 😂,positive,0.48436976734006304,MSFT,youtube,46,2
2023-11-19,should i buy Microsoft or wait?,neutral,0.04006041369862451,MSFT,youtube,176,8
2024-07-20,lmao AMC bagholders in shambles,negative,-0.7038469621079152,AMC,youtube,24,4
2024-04-09,"never selling my GameStop shares, generational wealth",positive,0.44601200663355167,GME,youtube,45,0
2023-07-09,"Nvidia going to zero, get out now",negative,-0.71359076923082,NVDA,youtube,60,13
2024-11-03,should i buy Apple or wait?,neutral,-0.11117895273015904,AAPL,youtube,5,8
2023-07-31,who else is buying the dip? Tesla gang,positive,0.48180987408664583,TSLA,youtube,56,3
2023-12-09,"new to investing, is SPY good?",neutral,-0.058452487309516826,SPY,youtube,17,0
2023-11-17,"this is gonna be huge, SPY will 10x easy",positive,0.5794298617371451,SPY,youtube,75,4
2024-08-23,"this is gonna be huge, Apple will 10x easy",positive,0.6593540676066316,AAPL,youtube,47,5
2023-04-17,"META scam, dont buy this garbage",negative,-0.8086355953513927,META,youtube,41,4
2023-01-31,META looking interesting ngl,neutral,0.14360011317734822,META,youtube,1,10
2024-04-30,biggest regret buying AMZN smh,negative,-0.5194331054015577,AMZN,youtube,59,0
2024-09-19,"SPY going to zero, get out now",negative,-0.7617875640510423,SPY,youtube,67,0
2024-09-30,lmao AMC bagholders in shambles,negative,-0.48518226377292534,AMC,youtube,73,2
2024-11-02,lmao NVDA bagholders in shambles,negative,-0.4560717300918753,NVDA,youtube,16,5
2023-11-24,should i buy MSFT or wait?,neutral,-0.007313472298980661,MSFT,youtube,66,2
2023-09-04,"new to investing, is META good?",neutral,-0.15715142735667312,META,youtube,99,0
2023-07-13,rip to everyone who bought NVDA at the top,negative,-0.5328851998670328,NVDA,youtube,7,27
2024-10-18,"idk about NVDA tbh, mixed signals",neutral,0.029125653594140433,NVDA,youtube,92,1
2024-02-20,why did i buy Microsoft?? down so bad rn,negative,-0.6654787745838006,MSFT,youtube,23,11
2023-04-21,lol bears are so wrong about Nvidia,positive,0.5720772179290785,NVDA,youtube,119,1
2023-07-02,"META scam, dont buy this garbage",negative,-0.6252327991353871,META,youtube,116,10
2024-02-26,told yall TSLA was gonna pump,positive,0.7138139682914963,TSLA,youtube,25,20
2023-07-16,Apple looking interesting ngl,neutral,0.09905581335449726,AAPL,youtube,26,2
2024-01-04,just bought more Tesla let's gooo,positive,0.6436701406154605,TSLA,youtube,115,7
2024-06-13,🚀🚀🚀 Amazon to the moon!!!,positive,0.7810435996772747,AMZN,youtube,13,10
2023-07-15,"best stock ever, SPY is the future",positive,0.3190385859336812,SPY,youtube,115,5
2023-03-12,diamond hands 💎🙌 holding AMC forever,positive,0.5559799670719872,AMC,youtube,84,12
2024-01-17,my portfolio up 500% thanks to GameStop 😂,positive,0.8389963939826299,GME,youtube,30,2
2023-05-28,"Microsoft is trash, worst investment ever",negative,-0.4460288290873164,MSFT,youtube,18,7
2024-06-14,paper hands saved me from AAPL disaster,negative,-0.5476117112840714,AAPL,youtube,18,3
2023-02-12,"AMC scam, dont buy this garbage",negative,-0.5917510932260084,AMC,youtube,112,1
2024-07-31,"new to investing, is META good?",neutral,-0.14144032716554866,META,youtube,8,10
2023-05-09,"this is gonna be huge, Microsoft will 10x easy",positive,0.36582404818281505,MSFT,youtube,4,1
2023-11-23,should i buy SPY or wait?,neutral,-0.08013282938399424,SPY,youtube,34,3
2024-06-06,who else got rekt by TSLA? 😭,negative,-0.6752294932356684,TSLA,youtube,15,14
2024-01-22,"new to investing, is GME good?",neutral,-0.08240936410847839,GME,youtube,43,2
2023-04-13,"this is gonna be huge, AMZN will 10x easy",positive,0.5713765982635661,AMZN,youtube,0,1
2023-07-28,anyone still holding GME?,neutral,0.11737202598655844,GME,youtube,77,1
2024-04-22,paper hands saved me from Microsoft disaster,negative,-0.5277733882909397,MSFT,youtube,79,5
2023-04-29,who else is buying the dip? SPY gang,positive,0.8084701876600342,SPY,youtube,11,1
2024-05-23,biggest regret buying Google smh,negative,-0.7502346288721135,GOOGL,youtube,19,3
2023-02-20,who else is buying the dip? AMZN gang,positive,0.45923731521419553,AMZN,youtube,10,0
2023-02-10,who else is buying the dip? Microsoft gang,positive,0.8357516010028072,MSFT,youtube,27,1
2024-06-21,why did i buy AMZN?? down so bad rn,negative,-0.8894937111510552,AMZN,youtube,2,1
2024-09-01,"idk about TSLA tbh, mixed signals",neutral,0.03591221257602126,TSLA,youtube,89,9
2024-07-04,told yall GOOGL was gonna pump,positive,0.37194670349824016,GOOGL,youtube,19,8
2024-05-03,told yall GOOGL was gonna pump,positive,0.5410427172344555,GOOGL,youtube,93,3
2024-01-26,why did i buy AMC?? down so bad rn,negative,-0.47518529923743785,AMC,youtube,61,15
2023-05-30,biggest regret buying Microsoft smh,negative,-0.7564049390393098,MSFT,youtube,124,5
2024-09-22,lmao GME bagholders in shambles,negative,-0.7695100241173615,GME,youtube,47,0
2024-08-31,paper hands saved me from Meta disaster,negative,-0.8027843031492947,META,youtube,38,2
2024-01-21,anyone still holding SPY?,neutral,0.16872496246261082,SPY,youtube,143,1
2024-01-27,waiting for SPY to dip more,neutral,-0.09939598429640428,SPY,youtube,17,4
2023-04-13,waiting for AMC to dip more,neutral,-0.14932041830288437,AMC,youtube,141,14
2023-12-07,"idk about Tesla tbh, mixed signals",neutral,-0.06335448614322106,TSLA,youtube,22,19
2024-11-06,what do yall think about Apple?,neutral,0.02114768150506871,AAPL,youtube,71,0
2024-01-30,diamond hands 💎🙌 holding Microsoft forever,positive,0.894321491280698,MSFT,youtube,10,1
2023-02-10,my portfolio up 500% thanks to GameStop 😂,positive,0.44689940287692553,GME,youtube,2,1
2023-10-02,diamond hands 💎🙌 holding TSLA forever,positive,0.6216171497375167,TSLA,youtube,183,0
2024-02-11,"new to investing, is GOOGL good?",neutral,-0.11205037974835884,GOOGL,youtube,48,0
2024-07-22,apes together strong 🦍 AAPL,positive,0.7347544309265494,AAPL,youtube,12,0
2024-03-08,"never selling my GameStop shares, generational wealth",positive,0.8725450158976298,GME,youtube,23,3
2024-06-15,apes together strong 🦍 Amazon,positive,0.4504236034687148,AMZN,youtube,10,7
2023-12-28,"idk about SPY tbh, mixed signals",neutral,0.13124707999722307,SPY,youtube,84,3
2024-01-06,"Google going to zero, get out now",negative,-0.3622240714004842,GOOGL,youtube,59,12
2024-02-08,lol bears are so wrong about AAPL,positive,0.7971840233916583,AAPL,youtube,84,7
2023-05-10,what do yall think about NVDA?,neutral,-0.1647523946682027,NVDA,youtube,80,8
2023-07-01,just bought more AMC let's gooo,positive,0.5862195641891308,AMC,youtube,28,2
2023-02-26,lol bears are so wrong about Apple,positive,0.3170779330101395,AAPL,youtube,30,8
2023-02-26,why did i buy AMC?? down so bad rn,negative,-0.3476100427033968,AMC,youtube,70,4
2023-06-15,just bought more Microsoft let's gooo,positive,0.7447217039053246,MSFT,youtube,34,11
2024-09-09,waiting for GameStop to dip more,neutral,-0.08456415569406653,GME,youtube,69,1
2023-10-31,diamond hands 💎🙌 holding MSFT forever,positive,0.32567947128395097,MSFT,youtube,76,3
2024-01-11,why did i buy NVDA?? down so bad rn,negative,-0.4039436199462539,NVDA,youtube,28,7
2023-05-12,just bought more Nvidia let's gooo,positive,0.7314612041819124,NVDA,youtube,10,1
2023-11-09,"best stock ever, Amazon is the future",positive,0.533690935341405,AMZN,youtube,53,14
2023-12-05,rip to everyone who bought Meta at the top,negative,-0.542586481642493,META,youtube,22,13
2024-05-04,who else got rekt by AMZN? 😭,negative,-0.8128166477363855,AMZN,youtube,52,0
2023-01-16,lol bears are so wrong about AAPL,positive,0.4282460971397684,AAPL,youtube,68,2
2023-01-16,what do yall think about MSFT?,neutral,0.03999095858271637,MSFT,youtube,6,9
2024-04-21,paper hands saved me from META disaster,negative,-0.39137476906552826,META,youtube,109,3
2023-02-17,should i buy Meta or wait?,neutral,-0.02766847933401015,META,youtube,85,13
2024-03-02,paper hands saved me from Apple disaster,negative,-0.30768241534878826,AAPL,youtube,8,2
2024-08-22,who else is buying the dip? TSLA gang,positive,0.8731274431134435,TSLA,youtube,28,0
2023-11-14,should i buy Tesla or wait?,neutral,0.057652200096352524,TSLA,youtube,73,20
2024-02-12,waiting for Amazon to dip more,neutral,-0.0005924748321963769,AMZN,youtube,43,0
2023-07-11,"best stock ever, AMC is the future",positive,0.40832154754292327,AMC,youtube,23,8
2023-07-23,biggest regret buying Google smh,negative,-0.6745204868664011,GOOGL,youtube,105,3
2023-02-09,just bought more AMC let's gooo,positive,0.8297036268713449,AMC,youtube,25,7
2024-10-04,rip to everyone who bought Microsoft at the top,negative,-0.34281494197047013,MSFT,youtube,50,1
2023-03-02,apes together strong 🦍 Google,positive,0.7093074355354974,GOOGL,youtube,12,14
2023-06-21,who else got rekt by Amazon? 😭,negative,-0.7569641435592849,AMZN,youtube,106,0
2024-02-28,"AMC is trash, worst investment ever",negative,-0.5577246903943563,AMC,youtube,57,4
2024-03-18,"new to investing, is GME good?",neutral,0.18541795931588678,GME,youtube,52,4
2023-06-05,paper hands saved me from SPY disaster,negative,-0.3716310217880219,SPY,youtube,17,5
2023-02-10,"NVDA is trash, worst investment ever",negative,-0.45546525550923994,NVDA,youtube,10,3
2023-05-17,should i buy AAPL or wait?,neutral,0.13931746005484957,AAPL,youtube,32,4
2023-01-28,lol bears are so wrong about AAPL,positive,0.31056667401776905,AAPL,youtube,14,10
2024-06-29,"idk about AAPL tbh, mixed signals",neutral,-0.004030554492162247,AAPL,youtube,13,1
2023-07-18,"idk about Apple tbh, mixed signals",neutral,0.1960135435073837,AAPL,youtube,10,4
2024-02-12,who else is buying the dip? TSLA gang,positive,0.8544053535586194,TSLA,youtube,26,3
2023-10-11,Microsoft looking interesting ngl,neutral,0.01747762698654398,MSFT,youtube,12,1
2023-02-16,should i buy AMZN or wait?,neutral,-0.008321818321772229,AMZN,youtube,86,1
2023-10-03,lol bears are so wrong about Meta,positive,0.8382497353223735,META,youtube,38,3
2024-08-08,just bought more AMC let's gooo,positive,0.5619689918948128,AMC,youtube,86,1
2023-01-10,what do yall think about AMC?,neutral,-0.16866987235902428,AMC,youtube,70,1
2023-08-14,what do yall think about MSFT?,neutral,-0.09451343884816948,MSFT,youtube,93,2
2023-10-30,lmao META bagholders in shambles,negative,-0.885402707653051,META,youtube,51,8
2024-10-02,"sold all my AMZN, this thing is done",negative,-0.72327733214406,AMZN,youtube,97,0
2024-08-20,should i buy SPY or wait?,neutral,0.17917205993373514,SPY,youtube,1,1
2023-03-29,"best stock ever, SPY is the future",positive,0.5889590118482855,SPY,youtube,156,26
2023-09-20,🚀🚀🚀 SPY to the moon!!!,positive,0.3600396419661008,SPY,youtube,312,5
2023-04-18,what do yall think about Google?,neutral,0.1605164950375365,GOOGL,youtube,47,6
2023-06-13,paper hands saved me from GOOGL disaster,negative,-0.8842008231216195,GOOGL,youtube,39,6
2024-06-08,TSLA making me rich fr fr,positive,0.5314888348851026,TSLA,youtube,22,1
2023-06-02,"new to investing, is NVDA good?",neutral,0.14748622788299393,NVDA,youtube,9,1
2024-07-08,lmao MSFT bagholders in shambles,negative,-0.3295315651110542,MSFT,youtube,79,0
2024-04-10,"new to investing, is AMZN good?",neutral,-0.06893084145067749,AMZN,youtube,5,5
2023-04-20,paper hands saved me from NVDA disaster,negative,-0.6505595199668086,NVDA,youtube,6,0
2024-07-04,anyone still holding AMC?,neutral,-0.06854247544796191,AMC,youtube,86,22
2023-02-21,who else is buying the dip? Meta gang,positive,0.3554880465307284,META,youtube,27,2
2024-05-24,"this is gonna be huge, GME will 10x easy",positive,0.44380960884902143,GME,youtube,26,11
2024-03-12,why did i buy Microsoft?? down so bad rn,negative,-0.5965574006813784,MSFT,youtube,3,6
2024-11-17,"never selling my AMC shares, generational wealth",positive,0.5594445892759774,AMC,youtube,40,3
2023-03-03,Apple making me rich fr fr,positive,0.5714382115326895,AAPL,youtube,24,12
2023-12-14,rip to everyone who bought MSFT at the top,negative,-0.7945047506707374,MSFT,youtube,30,10
2023-04-02,lol bears are so wrong about SPY,positive,0.4267569638969808,SPY,youtube,25,9
2024-03-01,"Nvidia going to zero, get out now",negative,-0.6411495604082288,NVDA,youtube,76,6
2024-04-27,apes together strong 🦍 AMZN,positive,0.7391410885551639,AMZN,youtube,7,0
2024-07-16,lmao GOOGL bagholders in shambles,negative,-0.6863718986059419,GOOGL,youtube,74,1
2024-10-17,"idk about AMC tbh, mixed signals",neutral,-0.14675668891733964,AMC,youtube,8,3
2023-02-21,paper hands saved me from META disaster,negative,-0.5759767696300817,META,youtube,6,6
2024-02-25,paper hands saved me from SPY disaster,negative,-0.8169026495116187,SPY,youtube,208,10
2024-06-15,told yall GOOGL was gonna pump,positive,0.3022228777932053,GOOGL,youtube,25,8
2023-12-30,lmao AMC bagholders in shambles,negative,-0.8783016861759028,AMC,youtube,23,0
2023-11-16,rip to everyone who bought NVDA at the top,negative,-0.7761705212270147,NVDA,youtube,23,5
2023-01-15,"best stock ever, TSLA is the future",positive,0.8665187835785324,TSLA,youtube,16,1
2023-05-02,"Meta going to zero, get out now",negative,-0.6705677639871775,META,youtube,35,0
2024-07-09,should i buy SPY or wait?,neutral,0.13726236082381366,SPY,youtube,344,0
2024-07-04,"AMZN scam, dont buy this garbage",negative,-0.7457312493742594,AMZN,youtube,75,11
2023-02-28,should i buy NVDA or wait?,neutral,-0.14445921661991923,NVDA,youtube,39,4
2023-05-16,lmao TSLA bagholders in shambles,negative,-0.3916786920138088,TSLA,youtube,100,7
2023-05-09,"new to investing, is AAPL good?",neutral,-0.16918988219282888,AAPL,youtube,56,29
2024-08-19,anyone still holding TSLA?,neutral,0.17164399832156962,TSLA,youtube,81,17
2023-01-08,"sold all my SPY, this thing is done",negative,-0.8567445648930645,SPY,youtube,26,19
2023-08-04,"idk about META tbh, mixed signals",neutral,-0.0824109530618296,META,youtube,133,1
2023-10-12,"idk about Apple tbh, mixed signals",neutral,-0.1771766465272692,AAPL,youtube,56,5
2024-08-08,SPY looking interesting ngl,neutral,0.06397202162916221,SPY,youtube,56,0
2024-08-20,waiting for AAPL to dip more,neutral,0.0467652765211608,AAPL,youtube,43,0
2024-04-12,"AMC is trash, worst investment ever",negative,-0.8563190916663715,AMC,youtube,31,12
2023-11-12,waiting for MSFT to dip more,neutral,-0.07135250010907954,MSFT,youtube,30,4
2024-10-22,what do yall think about META?,neutral,-0.040355759444096195,META,youtube,57,11
2023-11-27,anyone still holding AMC?,neutral,0.034482374135803434,AMC,youtube,70,1
2023-04-05,"idk about MSFT tbh, mixed signals",neutral,0.1559167295569177,MSFT,youtube,17,1
2024-11-15,rip to everyone who bought META at the top,negative,-0.32786407096021675,META,youtube,14,2
2024-08-16,"never selling my META shares, generational wealth",positive,0.32444630270351893,META,youtube,9,4
2023-01-18,biggest regret buying META smh,negative,-0.5673374541036595,META,youtube,78,4
2024-11-10,should i buy MSFT or wait?,neutral,-0.021171872827193988,MSFT,youtube,13,3
2023-03-02,should i buy NVDA or wait?,neutral,0.10435750884438594,NVDA,youtube,5,0
2023-07-06,"GameStop going to zero, get out now",negative,-0.5853874443477834,GME,youtube,5,0
2023-08-31,waiting for Nvidia to dip more,neutral,-0.11491518855661736,NVDA,youtube,61,30
2023-12-01,who else is buying the dip? NVDA gang,positive,0.3220224176933289,NVDA,youtube,103,11
2023-10-25,lmao AMZN bagholders in shambles,negative,-0.7167397248858075,AMZN,youtube,0,0
2023-09-14,apes together strong 🦍 META,positive,0.792986732479458,META,youtube,6,5
2024-06-10,whats the PT for SPY?,neutral,0.08629630272009875,SPY,youtube,35,3
2024-09-14,rip to everyone who bought GameStop at the top,negative,-0.86769717481983,GME,youtube,71,11
2023-07-30,"Apple scam, dont buy this garbage",negative,-0.41746844863492705,AAPL,youtube,142,19
2023-10-19,Apple making me rich fr fr,positive,0.650337722883791,AAPL,youtube,53,2
2024-07-31,should i buy SPY or wait?,neutral,-0.04796222178576848,SPY,youtube,22,9
2023-08-11,waiting for Amazon to dip more,neutral,-0.17565823710080683,AMZN,youtube,43,2
2024-06-29,should i buy Tesla or wait?,neutral,0.1401008178410703,TSLA,youtube,51,1
2023-06-04,"sold all my Nvidia, this thing is done",negative,-0.37110066125784524,NVDA,youtube,136,0
2023-08-08,lmao AMC bagholders in shambles,negative,-0.44330039331523685,AMC,youtube,10,11
2023-07-18,paper hands saved me from TSLA disaster,negative,-0.6564045213629952,TSLA,youtube,61,10
2024-10-17,"Google going to zero, get out now",negative,-0.49352507591141015,GOOGL,youtube,7,4
2024-06-28,diamond hands 💎🙌 holding SPY forever,positive,0.36264852847788553,SPY,youtube,34,5
2024-06-20,who else is buying the dip? GME gang,positive,0.3610792443951586,GME,youtube,0,5
2024-01-09,"sold all my TSLA, this thing is done",negative,-0.45148830309540827,TSLA,youtube,15,10
2024-09-24,what do yall think about GOOGL?,neutral,0.09685777022046815,GOOGL,youtube,95,9
2024-06-11,my portfolio up 500% thanks to AMC 😂,positive,0.6091245519155173,AMC,youtube,55,1
2024-07-08,lol bears are so wrong about SPY,positive,0.7853157141226368,SPY,youtube,2,7
2023-04-09,should i buy GameStop or wait?,neutral,0.120225307936356,GME,youtube,15,10
2023-06-08,"best stock ever, MSFT is the future",positive,0.5052939322860158,MSFT,youtube,13,0
2024-08-22,who else is buying the dip? Amazon gang,positive,0.6751074988051442,AMZN,youtube,30,7
2023-01-13,diamond hands 💎🙌 holding GOOGL forever,positive,0.4963294879240213,GOOGL,youtube,57,1
2024-09-12,whats the PT for Meta?,neutral,0.1683620463859905,META,youtube,53,0
2023-01-17,lmao MSFT bagholders in shambles,negative,-0.6408176193000501,MSFT,youtube,121,2
2024-06-13,"GameStop scam, dont buy this garbage",negative,-0.6477407641789756,GME,youtube,19,0
2024-04-11,"TSLA scam, dont buy this garbage",negative,-0.6098263896732989,TSLA,youtube,13,1
2023-11-13,anyone still holding SPY?,neutral,0.14150153153806888,SPY,youtube,87,0
2024-04-20,TSLA making me rich fr fr,positive,0.8457219009298986,TSLA,youtube,33,7
2024-11-15,should i buy Apple or wait?,neutral,-0.10408353048183608,AAPL,youtube,12,0
2023-03-02,"Microsoft scam, dont buy this garbage",negative,-0.3344448685075846,MSFT,youtube,140,0
2023-03-22,whats the PT for Apple?,neutral,0.19865705632852437,AAPL,youtube,22,1
2023-03-21,who else is buying the dip? Google gang,positive,0.4504259683448555,GOOGL,youtube,92,15
2023-11-16,"never selling my SPY shares, generational wealth",positive,0.5833171190043343,SPY,youtube,60,3
2023-12-29,"best stock ever, MSFT is the future",positive,0.5837015731773535,MSFT,youtube,16,0
2024-07-30,"best stock ever, Microsoft is the future",positive,0.32505696487622093,MSFT,youtube,18,5
2024-07-02,biggest regret buying Amazon smh,negative,-0.3616527126694433,AMZN,youtube,81,6
2024-01-28,"new to investing, is AAPL good?",neutral,0.11670752578786198,AAPL,youtube,53,0
2024-01-01,"new to investing, is Microsoft good?",neutral,0.13529157528392072,MSFT,youtube,36,6
2023-05-12,rip to everyone who bought AMZN at the top,negative,-0.47175591107803916,AMZN,youtube,108,0
2023-06-17,lol bears are so wrong about AMC,positive,0.8624691364440931,AMC,youtube,21,0
2023-04-09,who else got rekt by Amazon? 😭,negative,-0.6639795536200391,AMZN,youtube,65,0
2024-08-02,paper hands saved me from Nvidia disaster,negative,-0.7235992810737467,NVDA,youtube,13,1
2023-06-19,should i buy Meta or wait?,neutral,-0.19686593075485592,META,youtube,92,8
2023-06-21,biggest regret buying AMZN smh,negative,-0.8856050559269628,AMZN,youtube,1,3
2023-07-04,apes together strong 🦍 AMC,positive,0.5663096043444914,AMC,youtube,3,2
2023-07-29,just bought more GME let's gooo,positive,0.4871827606460339,GME,youtube,4,12
2023-09-13,told yall AAPL was gonna pump,positive,0.7755725629244432,AAPL,youtube,59,1
2024-03-03,my portfolio up 500% thanks to Apple 😂,positive,0.42968169508759435,AAPL,youtube,142,3
2024-09-24,"never selling my SPY shares, generational wealth",positive,0.6711381734622266,SPY,youtube,40,3
2024-05-19,"this is gonna be huge, META will 10x easy",positive,0.6073335839444205,META,youtube,0,1
2024-02-22,why did i buy SPY?? down so bad rn,negative,-0.8803594726288976,SPY,youtube,95,1
2023-04-26,my portfolio up 500% thanks to AMC 😂,positive,0.37323476868461164,AMC,youtube,28,14
2024-04-16,why did i buy Nvidia?? down so bad rn,negative,-0.8532467368037764,NVDA,youtube,54,1
2024-01-23,why did i buy MSFT?? down so bad rn,negative,-0.37862452816500314,MSFT,youtube,4,8
2024-09-27,who else is buying the dip? Google gang,positive,0.38760121444984424,GOOGL,youtube,0,7
2023-11-25,paper hands saved me from SPY disaster,negative,-0.5252042436720538,SPY,youtube,16,19
2024-08-12,"sold all my Meta, this thing is done",negative,-0.33253355211605706,META,youtube,94,0
2024-10-12,told yall Nvidia was gonna pump,positive,0.3505633361599998,NVDA,youtube,49,0
2023-03-03,"NVDA going to zero, get out now",negative,-0.7022914680849195,NVDA,youtube,78,3
2024-11-15,🚀🚀🚀 GameStop to the moon!!!,positive,0.691723894474434,GME,youtube,12,5
2023-03-07,who else got rekt by GOOGL? 😭,negative,-0.5253905831049391,GOOGL,youtube,40,4
2024-04-24,"never selling my AMZN shares, generational wealth",positive,0.524504092520961,AMZN,youtube,334,11
2024-10-10,anyone still holding TSLA?,neutral,0.07581920221522104,TSLA,youtube,81,17
2023-08-18,waiting for Nvidia to dip more,neutral,-0.0634590832278002,NVDA,youtube,18,0
2024-05-05,"Apple going to zero, get out now",negative,-0.432077905257855,AAPL,youtube,2,0
2024-11-14,whats the PT for Amazon?,neutral,-0.005067577041173443,AMZN,youtube,16,3
2024-04-14,"this is gonna be huge, AMC will 10x easy",positive,0.5218442822723177,AMC,youtube,90,0
2023-08-26,biggest regret buying Tesla smh,negative,-0.645126157501968,TSLA,youtube,2,8
2023-12-24,told yall TSLA was gonna pump,positive,0.5028957108186966,TSLA,youtube,3,4
2023-10-13,"SPY scam, dont buy this garbage",negative,-0.7397384403545875,SPY,youtube,50,4
2024-09-09,rip to everyone who bought GameStop at the top,negative,-0.42557386488030446,GME,youtube,46,5
2024-11-17,GameStop looking interesting ngl,neutral,0.13855387195631325,GME,youtube,3,2
2023-09-26,"idk about Apple tbh, mixed signals",neutral,-0.1708017603091482,AAPL,youtube,11,5
2023-09-24,"idk about Google tbh, mixed signals",neutral,-0.030293096284955162,GOOGL,youtube,8,3
2024-02-02,"new to investing, is AAPL good?",neutral,-0.09462335812523462,AAPL,youtube,7,1
2023-07-12,🚀🚀🚀 META to the moon!!!,positive,0.8380287498318151,META,youtube,27,1
2023-08-12,should i buy Microsoft or wait?,neutral,-0.013118754457662807,MSFT,youtube,73,10
2023-07-16,why did i buy GME?? down so bad rn,negative,-0.5701723178149021,GME,youtube,10,1
2024-02-04,lol bears are so wrong about GameStop,positive,0.6048210547823248,GME,youtube,39,0
2023-11-01,why did i buy AMC?? down so bad rn,negative,-0.7769336035485775,AMC,youtube,68,4
2024-03-18,"Meta going to zero, get out now",negative,-0.8080325173437295,META,youtube,160,12
2023-04-11,Google looking interesting ngl,neutral,0.15699843896461635,GOOGL,youtube,24,0
2024-02-06,GameStop looking interesting ngl,neutral,-0.14774551807048797,GME,youtube,8,6
2024-07-17,who else is buying the dip? GME gang,positive,0.3600019292529726,GME,youtube,2,5
2023-12-18,diamond hands 💎🙌 holding SPY forever,positive,0.6942353126652487,SPY,youtube,6,3
2023-04-29,waiting for Microsoft to dip more,neutral,0.04654582592300088,MSFT,youtube,57,0
2024-05-10,"SPY scam, dont buy this garbage",negative,-0.5831165243698453,SPY,youtube,113,1
2024-08-18,apes together strong 🦍 Nvidia,positive,0.44193642117172127,NVDA,youtube,2,0
2023-05-28,should i buy Amazon or wait?,neutral,0.1332371565801807,AMZN,youtube,126,0
2024-08-30,lmao TSLA bagholders in shambles,negative,-0.7995652017414506,TSLA,youtube,24,0
2024-06-07,paper hands saved me from NVDA disaster,negative,-0.417717617639616,NVDA,youtube,68,0
2024-02-16,diamond hands 💎🙌 holding GameStop forever,positive,0.8544686900413805,GME,youtube,65,6
2023-08-26,anyone still holding Meta?,neutral,-0.07496006185853599,META,youtube,8,3
2023-10-24,whats the PT for Meta?,neutral,0.14808407466351642,META,youtube,33,12
2023-01-04,"new to investing, is Meta good?",neutral,-0.00048761704198199696,META,youtube,19,21
2023-01-02,"Nvidia scam, dont buy this garbage",negative,-0.6616067133229119,NVDA,youtube,7,4
2023-10-11,🚀🚀🚀 Meta to the moon!!!,positive,0.41754078282386436,META,youtube,61,1
2023-12-08,my portfolio up 500% thanks to Meta 😂,positive,0.6818477169464396,META,youtube,16,2
2024-01-11,lmao Microsoft bagholders in shambles,negative,-0.7371503745864573,MSFT,youtube,9,8
2023-08-28,NVDA making me rich fr fr,positive,0.7777913738223994,NVDA,youtube,86,9
2023-02-15,my portfolio up 500% thanks to Amazon 😂,positive,0.7721493192817508,AMZN,youtube,3,1
2023-02-28,apes together strong 🦍 Amazon,positive,0.42773472354966574,AMZN,youtube,63,9
2023-09-21,who else got rekt by Nvidia? 😭,negative,-0.8935995535828374,NVDA,youtube,151,4
2023-03-03,biggest regret buying Meta smh,negative,-0.4701511722338944,META,youtube,0,33
2023-05-19,"idk about SPY tbh, mixed signals",neutral,-0.15065486213537982,SPY,youtube,4,0
2023-02-08,what do yall think about GOOGL?,neutral,-0.1892758169796978,GOOGL,youtube,34,18
2023-07-30,SPY making me rich fr fr,positive,0.4593226060636603,SPY,youtube,17,0
2024-07-04,lmao MSFT bagholders in shambles,negative,-0.7628036969499405,MSFT,youtube,41,5
2023-03-02,"new to investing, is TSLA good?",neutral,-0.06085897762311224,TSLA,youtube,4,15
2024-01-04,apes together strong 🦍 GME,positive,0.6231692362867063,GME,youtube,131,7
2024-09-04,apes together strong 🦍 Meta,positive,0.5631339183595332,META,youtube,46,6
2023-07-26,lol bears are so wrong about SPY,positive,0.8071779149786025,SPY,youtube,52,1
2024-01-08,what do yall think about Amazon?,neutral,-0.033400875267024344,AMZN,youtube,93,1
2024-01-31,anyone still holding Amazon?,neutral,-0.18005742748670392,AMZN,youtube,2,4
2023-06-19,should i buy SPY or wait?,neutral,0.0455698511933921,SPY,youtube,9,5
2024-07-31,biggest regret buying AMC smh,negative,-0.7302756064256192,AMC,youtube,101,4
2024-01-15,whats the PT for Apple?,neutral,0.08002490934278439,AAPL,youtube,42,4
2023-09-17,should i buy Google or wait?,neutral,0.09254637382432629,GOOGL,youtube,7,1
2024-01-21,"SPY is trash, worst investment ever",negative,-0.3445738554862593,SPY,youtube,49,1
2024-05-13,"sold all my GameStop, this thing is done",negative,-0.864581653897408,GME,youtube,39,15
2024-03-16,apes together strong 🦍 META,positive,0.6094509298535501,META,youtube,36,27
2023-04-20,lol bears are so wrong about SPY,positive,0.585624457137584,SPY,youtube,31,5
2024-01-20,waiting for AMC to dip more,neutral,0.03663072830790298,AMC,youtube,23,0
2023-01-31,anyone still holding AMC?,neutral,0.061248553433156605,AMC,youtube,70,4
2024-04-15,🚀🚀🚀 Google to the moon!!!,positive,0.8322759675069773,GOOGL,youtube,7,5
2023-02-13,my portfolio up 500% thanks to AMC 😂,positive,0.8034873752765466,AMC,youtube,142,14
2024-08-30,"GOOGL scam, dont buy this garbage",negative,-0.32142085888994254,GOOGL,youtube,3,4
2023-08-24,anyone still holding AMC?,neutral,-0.16423569970755275,AMC,youtube,122,5
2023-01-01,diamond hands 💎🙌 holding AMC forever,positive,0.5291200681177524,AMC,youtube,79,8
2024-03-23,"this is gonna be huge, SPY will 10x easy",positive,0.6814212288621502,SPY,youtube,42,3
2024-10-23,why did i buy Apple?? down so bad rn,negative,-0.8831073445424846,AAPL,youtube,1,0
2024-11-09,diamond hands 💎🙌 holding AMZN forever,positive,0.6686195039070466,AMZN,youtube,32,4
2023-05-17,lmao META bagholders in shambles,negative,-0.4134380296532738,META,youtube,71,2
2023-12-22,diamond hands 💎🙌 holding Amazon forever,positive,0.648173294186809,AMZN,youtube,55,6
2024-02-15,why did i buy AMC?? down so bad rn,negative,-0.6792465688317726,AMC,youtube,18,2
2023-11-04,should i buy GOOGL or wait?,neutral,0.0007036693474207212,GOOGL,youtube,27,2
2023-09-27,"Tesla is trash, worst investment ever",negative,-0.513759511802905,TSLA,youtube,2,11
2023-10-28,lol bears are so wrong about AMZN,positive,0.7463046603489033,AMZN,youtube,122,14
2024-01-26,why did i buy AMC?? down so bad rn,negative,-0.6869673724985725,AMC,youtube,15,11
2023-06-24,lol bears are so wrong about Tesla,positive,0.44251698294543146,TSLA,youtube,19,0
2024-03-31,what do yall think about AMC?,neutral,0.0046079534989055815,AMC,youtube,136,2
2023-11-09,rip to everyone who bought TSLA at the top,negative,-0.7583599663661567,TSLA,youtube,13,3
2023-06-12,paper hands saved me from SPY disaster,negative,-0.5515088533606594,SPY,youtube,193,0
2023-05-30,GameStop looking interesting ngl,neutral,-0.011840556766304688,GME,youtube,18,3
2024-06-08,"sold all my MSFT, this thing is done",negative,-0.8460322821579671,MSFT,youtube,109,9
2024-02-26,"sold all my MSFT, this thing is done",negative,-0.4167938414707728,MSFT,youtube,50,3
2024-09-03,🚀🚀🚀 TSLA to the moon!!!,positive,0.4135821218948693,TSLA,youtube,66,2
2023-03-03,what do yall think about Google?,neutral,-0.04234479835691568,GOOGL,youtube,6,6
2024-01-20,"idk about SPY tbh, mixed signals",neutral,0.09177306677915731,SPY,youtube,24,11
2024-04-10,"Google scam, dont buy this garbage",negative,-0.3391911670728138,GOOGL,youtube,113,8
2023-06-14,lol bears are so wrong about Meta,positive,0.892171011781163,META,youtube,189,2
2024-05-16,GOOGL looking interesting ngl,neutral,-0.030071746825815898,GOOGL,youtube,9,2
2024-10-17,told yall GOOGL was gonna pump,positive,0.8612683377898269,GOOGL,youtube,7,2
2024-01-09,"best stock ever, META is the future",positive,0.33688489622398193,META,youtube,3,1
2024-01-21,"idk about Amazon tbh, mixed signals",neutral,-0.02878302748224959,AMZN,youtube,42,5
2024-10-19,my portfolio up 500% thanks to Microsoft 😂,positive,0.5907656630241604,MSFT,youtube,103,8
2024-10-20,"new to investing, is Nvidia good?",neutral,0.1170188762072954,NVDA,youtube,203,1
2024-04-26,lol bears are so wrong about Apple,positive,0.32387617370725036,AAPL,youtube,12,0
2023-08-30,"sold all my Nvidia, this thing is done",negative,-0.47585952611527116,NVDA,youtube,119,16
2024-02-02,my portfolio up 500% thanks to AAPL 😂,positive,0.4350497301455165,AAPL,youtube,8,0
2023-03-12,NVDA making me rich fr fr,positive,0.76969357770871,NVDA,youtube,72,6
2023-12-23,anyone still holding Nvidia?,neutral,-0.1395458962335194,NVDA,youtube,35,1
2024-11-25,"this is gonna be huge, GameStop will 10x easy",positive,0.6262442452199519,GME,youtube,35,2
2024-08-23,"TSLA scam, dont buy this garbage",negative,-0.3697050559032571,TSLA,youtube,65,1
2023-09-04,waiting for Google to dip more,neutral,-0.07637268774606416,GOOGL,youtube,15,1
2023-12-08,GameStop looking interesting ngl,neutral,-0.10258089246788932,GME,youtube,224,11
2023-02-19,lmao Amazon bagholders in shambles,negative,-0.3392001976013055,AMZN,youtube,25,4
2023-04-25,told yall Google was gonna pump,positive,0.7202345604392141,GOOGL,youtube,20,3
2024-07-17,Meta looking interesting ngl,neutral,-0.08281883714472915,META,youtube,8,8
2024-01-03,what do yall think about Microsoft?,neutral,-0.018953900148550973,MSFT,youtube,51,2
2023-12-02,what do yall think about Nvidia?,neutral,0.1885578319397488,NVDA,youtube,36,4
2023-11-09,whats the PT for SPY?,neutral,0.08110218063423474,SPY,youtube,64,30
2023-10-16,GME looking interesting ngl,neutral,0.09944768760312706,GME,youtube,87,7
2023-04-15,who else is buying the dip? AAPL gang,positive,0.32910714113650774,AAPL,youtube,25,2
2024-02-16,🚀🚀🚀 GOOGL to the moon!!!,positive,0.4413126145413643,GOOGL,youtube,54,20
2024-10-24,my portfolio up 500% thanks to NVDA 😂,positive,0.6201142275446913,NVDA,youtube,142,8
2023-03-19,"GME scam, dont buy this garbage",negative,-0.7851758728547664,GME,youtube,81,15
2023-04-25,should i buy Tesla or wait?,neutral,0.13557241105539192,TSLA,youtube,44,0
2024-05-18,lol bears are so wrong about AMZN,positive,0.6283956463820207,AMZN,youtube,13,3
2024-02-02,"sold all my Microsoft, this thing is done",negative,-0.7232790270572425,MSFT,youtube,189,2
2024-07-09,"best stock ever, AAPL is the future",positive,0.8587951713812598,AAPL,youtube,47,6
2023-03-07,diamond hands 💎🙌 holding AAPL forever,positive,0.5819968978102645,AAPL,youtube,49,5
2024-01-24,biggest regret buying GME smh,negative,-0.8227560210138974,GME,youtube,7,11
2024-06-12,TSLA making me rich fr fr,positive,0.6289009568787258,TSLA,youtube,2,0
2024-11-11,"best stock ever, Amazon is the future",positive,0.6856235587108184,AMZN,youtube,51,0
2023-03-30,just bought more AMC let's gooo,positive,0.7434679540025999,AMC,youtube,12,3
2024-08-13,apes together strong 🦍 AMC,positive,0.662476932360287,AMC,youtube,35,2
2024-10-14,who else is buying the dip? SPY gang,positive,0.5538650513868059,SPY,youtube,77,0
2024-02-28,🚀🚀🚀 Nvidia to the moon!!!,positive,0.3959149053796359,NVDA,youtube,75,0
2023-01-18,biggest regret buying AMC smh,negative,-0.4202786150075421,AMC,youtube,13,0
2023-11-13,told yall AMZN was gonna pump,positive,0.7501555236832051,AMZN,youtube,52,4
2023-02-11,"idk about NVDA tbh, mixed signals",neutral,-0.07006594521609669,NVDA,youtube,55,15
2024-05-24,"new to investing, is Nvidia good?",neutral,-0.18042572057482953,NVDA,youtube,98,8
2024-08-28,apes together strong 🦍 AMZN,positive,0.5809436664770204,AMZN,youtube,10,0
2023-08-25,who else is buying the dip? AMZN gang,positive,0.7335475236730873,AMZN,youtube,3,0
2024-06-21,why did i buy GameStop?? down so bad rn,negative,-0.6658344555788797,GME,youtube,6,5
2024-01-01,"never selling my Meta shares, generational wealth",positive,0.758779390424462,META,youtube,13,0
2024-02-18,"Amazon going to zero, get out now",negative,-0.7349292756206817,AMZN,youtube,0,0
2023-02-05,diamond hands 💎🙌 holding Microsoft forever,positive,0.8312010062694286,MSFT,youtube,228,3
2023-10-18,should i buy Meta or wait?,neutral,0.05605396941673413,META,youtube,61,2
2024-02-13,"META going to zero, get out now",negative,-0.5861080359196529,META,youtube,56,9
2023-08-13,paper hands saved me from GME disaster,negative,-0.6981321231476935,GME,youtube,0,1
2024-02-13,lol bears are so wrong about Tesla,positive,0.42899206494341113,TSLA,youtube,87,5
2024-02-09,anyone still holding SPY?,neutral,-0.06676625328541302,SPY,youtube,70,12
2024-08-23,"GOOGL is trash, worst investment ever",negative,-0.31716530582660396,GOOGL,youtube,35,1
2024-05-15,why did i buy META?? down so bad rn,negative,-0.6171404330309181,META,youtube,32,5
2024-01-21,paper hands saved me from Apple disaster,negative,-0.6361335916777171,AAPL,youtube,42,3
2024-02-08,lol bears are so wrong about Nvidia,positive,0.5470852435648825,NVDA,youtube,8,3
2023-02-08,what do yall think about TSLA?,neutral,-0.03710891042571199,TSLA,youtube,5,5
2024-09-20,apes together strong 🦍 AMC,positive,0.8561370197630909,AMC,youtube,35,0
2023-06-15,just bought more GameStop let's gooo,positive,0.4672880970079034,GME,youtube,65,9
2023-05-31,biggest regret buying AMC smh,negative,-0.549116911390391,AMC,youtube,43,4
2023-09-26,Google looking interesting ngl,neutral,-0.08769983930808034,GOOGL,youtube,53,1
2024-08-31,my portfolio up 500% thanks to Microsoft 😂,positive,0.7665523210306073,MSFT,youtube,20,0
2024-02-10,biggest regret buying GameStop smh,negative,-0.8169439064294167,GME,youtube,68,1
2023-08-24,🚀🚀🚀 MSFT to the moon!!!,positive,0.5854622699229396,MSFT,youtube,1,0
2023-09-02,"never selling my TSLA shares, generational wealth",positive,0.5530373203674169,TSLA,youtube,125,7
2023-05-19,who else is buying the dip? GameStop gang,positive,0.749503466967814,GME,youtube,6,12
2024-01-13,anyone still holding SPY?,neutral,-0.18761612751800963,SPY,youtube,77,6
2024-08-04,"NVDA scam, dont buy this garbage",negative,-0.7915915871165496,NVDA,youtube,55,2
2023-08-14,lmao Apple bagholders in shambles,negative,-0.6799178767577858,AAPL,youtube,11,1
2024-01-17,"idk about AMC tbh, mixed signals",neutral,0.01080158782167881,AMC,youtube,24,1
2024-05-20,lol bears are so wrong about TSLA,positive,0.3954305571617647,TSLA,youtube,4,1
2023-01-17,diamond hands 💎🙌 holding GOOGL forever,positive,0.3361308321451187,GOOGL,youtube,73,10
2023-06-25,waiting for AMC to dip more,neutral,-0.040341917776869574,AMC,youtube,96,8
2023-07-05,lmao META bagholders in shambles,negative,-0.7761601202402102,META,youtube,28,11
2023-04-09,waiting for SPY to dip more,neutral,0.1917030113511114,SPY,youtube,30,1
2024-10-13,apes together strong 🦍 META,positive,0.4929951799916742,META,youtube,17,15
2024-02-21,🚀🚀🚀 GameStop to the moon!!!,positive,0.4801475450754411,GME,youtube,7,12
2023-04-26,should i buy AMZN or wait?,neutral,0.1862637425941835,AMZN,youtube,37,1
2024-04-07,"AAPL scam, dont buy this garbage",negative,-0.5619712076238014,AAPL,youtube,116,9
2023-07-07,what do yall think about TSLA?,neutral,0.1112377580180916,TSLA,youtube,125,4
2023-10-15,diamond hands 💎🙌 holding Meta forever,positive,0.6495352763458446,META,youtube,21,2
2024-06-29,my portfolio up 500% thanks to Tesla 😂,positive,0.38781371999906333,TSLA,youtube,23,3
2024-10-17,who else is buying the dip? TSLA gang,positive,0.4889859264056582,TSLA,youtube,46,0
2024-08-15,"best stock ever, Microsoft is the future",positive,0.691888828389185,MSFT,youtube,25,6
2023-04-22,rip to everyone who bought NVDA at the top,negative,-0.8727944184441983,NVDA,youtube,183,8
2024-08-04,"sold all my Apple, this thing is done",negative,-0.8785664342928537,AAPL,youtube,119,6
2023-05-30,waiting for Nvidia to dip more,neutral,0.04996561445484721,NVDA,youtube,5,8
2024-10-18,anyone still holding AMZN?,neutral,0.08422082337913911,AMZN,youtube,84,3
2023-02-02,who else is buying the dip? AMZN gang,positive,0.3099583097009858,AMZN,youtube,13,3
2024-07-18,who else is buying the dip? MSFT gang,positive,0.6969704698373287,MSFT,youtube,128,1
2023-08-13,paper hands saved me from Amazon disaster,negative,-0.5609623075517427,AMZN,youtube,4,2
2023-08-02,paper hands saved me from Google disaster,negative,-0.3237777775884595,GOOGL,youtube,17,12
2023-03-15,what do yall think about Tesla?,neutral,-0.18850507933275826,TSLA,youtube,28,6
2023-07-27,"best stock ever, AMC is the future",positive,0.7502465391907605,AMC,youtube,16,4
2023-07-20,should i buy Nvidia or wait?,neutral,0.05172736426278901,NVDA,youtube,0,10
2024-10-22,"TSLA is trash, worst investment ever",negative,-0.4022022071023809,TSLA,youtube,49,2
2024-05-19,rip to everyone who bought NVDA at the top,negative,-0.7615559536076206,NVDA,youtube,10,4
2024-03-12,"new to investing, is AMC good?",neutral,-0.13268594575317827,AMC,youtube,22,12
2023-08-18,"sold all my Apple, this thing is done",negative,-0.6200178298241195,AAPL,youtube,43,9
2024-02-17,"new to investing, is META good?",neutral,0.15093779132960544,META,youtube,86,0
2024-10-11,should i buy AMZN or wait?,neutral,0.07323162839428254,AMZN,youtube,70,9
2023-04-03,biggest regret buying Meta smh,negative,-0.6683202820841796,META,youtube,58,6
2024-10-17,GameStop looking interesting ngl,neutral,-0.17041828309553916,GME,youtube,56,5
2024-04-25,anyone still holding Tesla?,neutral,-0.01629664567422942,TSLA,youtube,20,1
2023-08-13,biggest regret buying GME smh,negative,-0.7218219881568185,GME,youtube,11,1
2023-10-22,who else is buying the dip? SPY gang,positive,0.3605539300487115,SPY,youtube,58,28
2023-09-07,who else is buying the dip? NVDA gang,positive,0.8372080728726201,NVDA,youtube,60,3
2024-06-20,"never selling my SPY shares, generational wealth",positive,0.7280393080595089,SPY,youtube,16,5
2023-04-26,who else is buying the dip? Nvidia gang,positive,0.8228385126186606,NVDA,youtube,19,2
2023-08-10,"SPY going to zero, get out now",negative,-0.6345453390504885,SPY,youtube,59,10
2024-07-28,"SPY going to zero, get out now",negative,-0.8729065127354398,SPY,youtube,92,1
2023-10-23,my portfolio up 500% thanks to AMC 😂,positive,0.42056323208840607,AMC,youtube,34,0
2023-10-13,"sold all my SPY, this thing is done",negative,-0.6357992603016867,SPY,youtube,170,3
2023-11-17,what do yall think about Meta?,neutral,-0.1418627650978074,META,youtube,16,3
2023-12-25,rip to everyone who bought Microsoft at the top,negative,-0.31899504257468414,MSFT,youtube,54,2
2024-11-24,"new to investing, is SPY good?",neutral,0.05128746664263739,SPY,youtube,71,3
2024-03-26,just bought more MSFT let's gooo,positive,0.8435146153180584,MSFT,youtube,8,14
2023-01-23,🚀🚀🚀 GameStop to the moon!!!,positive,0.30229528466803596,GME,youtube,3,11
2024-09-02,why did i buy AAPL?? down so bad rn,negative,-0.5958053832559286,AAPL,youtube,26,1
2023-05-21,🚀🚀🚀 AAPL to the moon!!!,positive,0.5329173180709661,AAPL,youtube,16,1
2024-11-19,just bought more SPY let's gooo,positive,0.7604372306633582,SPY,youtube,165,1
2023-04-18,whats the PT for Nvidia?,neutral,-0.0883245443508399,NVDA,youtube,21,3
2023-08-04,"TSLA is trash, worst investment ever",negative,-0.8939875299658756,TSLA,youtube,125,1
2023-04-08,waiting for TSLA to dip more,neutral,-0.04250976590564021,TSLA,youtube,24,4
2023-03-06,why did i buy GameStop?? down so bad rn,negative,-0.6963575158906614,GME,youtube,228,5
2024-07-20,lol bears are so wrong about SPY,positive,0.8158569617203184,SPY,youtube,2,5
2024-04-20,Amazon looking interesting ngl,neutral,-0.18581619372892566,AMZN,youtube,5,0
2024-09-01,anyone still holding Meta?,neutral,-0.13282514565697615,META,youtube,30,3
2023-02-15,waiting for Google to dip more,neutral,0.1636560648393352,GOOGL,youtube,4,3
2023-06-08,TSLA making me rich fr fr,positive,0.3796145330739932,TSLA,youtube,23,8
2024-09-03,"new to investing, is AMC good?",neutral,-0.1983822261919893,AMC,youtube,4,6
2023-12-12,apes together strong 🦍 TSLA,positive,0.3572589208584139,TSLA,youtube,162,7
2024-03-26,diamond hands 💎🙌 holding Amazon forever,positive,0.39665909018191525,AMZN,youtube,60,0
2023-05-19,waiting for Microsoft to dip more,neutral,-0.12692859165010661,MSFT,youtube,39,2
2024-04-23,"best stock ever, AMZN is the future",positive,0.33149694075898867,AMZN,youtube,79,1
2024-08-12,biggest regret buying Amazon smh,negative,-0.4162923198884714,AMZN,youtube,46,2
2023-04-07,waiting for AAPL to dip more,neutral,0.023817895086253704,AAPL,youtube,79,1
2024-05-02,what do yall think about SPY?,neutral,-0.1805132960051976,SPY,youtube,73,0
2023-08-17,waiting for Apple to dip more,neutral,-0.10669362113053925,AAPL,youtube,67,0
2023-09-16,"this is gonna be huge, Nvidia will 10x easy",positive,0.388627213269065,NVDA,youtube,20,2
2024-10-06,"Amazon is trash, worst investment ever",negative,-0.42009513810040355,AMZN,youtube,27,8
2023-06-14,AAPL making me rich fr fr,positive,0.49809387286267537,AAPL,youtube,29,3
2023-06-07,🚀🚀🚀 Microsoft to the moon!!!,positive,0.42060073545677973,MSFT,youtube,65,3
2024-08-01,rip to everyone who bought Amazon at the top,negative,-0.7369593592043732,AMZN,youtube,78,1
2024-03-07,"best stock ever, TSLA is the future",positive,0.8607770437011915,TSLA,youtube,4,2
2023-11-17,anyone still holding Nvidia?,neutral,0.07956203110733368,NVDA,youtube,55,2
2023-05-06,lmao MSFT bagholders in shambles,negative,-0.5958821134603507,MSFT,youtube,90,10
2023-12-12,whats the PT for META?,neutral,-0.12295830589640439,META,youtube,66,0
2023-11-24,waiting for Meta to dip more,neutral,0.18815325601881583,META,youtube,21,0
2023-06-05,"idk about META tbh, mixed signals",neutral,0.09240820746432554,META,youtube,69,7
2024-08-11,apes together strong 🦍 AMZN,positive,0.8673656102869733,AMZN,youtube,33,13
2024-03-23,why did i buy NVDA?? down so bad rn,negative,-0.6873957590001564,NVDA,youtube,8,0
2023-03-13,my portfolio up 500% thanks to Google 😂,positive,0.7557674746035443,GOOGL,youtube,36,8
2023-03-12,"sold all my NVDA, this thing is done",negative,-0.40980727594928096,NVDA,youtube,39,18
2023-10-21,"GME scam, dont buy this garbage",negative,-0.4969676829999474,GME,youtube,94,1
2023-02-11,just bought more TSLA let's gooo,positive,0.718444964429917,TSLA,youtube,47,2
2024-07-01,lol bears are so wrong about META,positive,0.7583294718009228,META,youtube,7,5
2023-05-27,"idk about NVDA tbh, mixed signals",neutral,-0.12295817227701403,NVDA,youtube,61,1
2024-08-01,diamond hands 💎🙌 holding SPY forever,positive,0.3012148025893462,SPY,youtube,28,3
2023-11-28,my portfolio up 500% thanks to NVDA 😂,positive,0.6879420330686122,NVDA,youtube,33,3
2024-11-01,what do yall think about Microsoft?,neutral,-0.15364630770934326,MSFT,youtube,13,0
2024-01-22,diamond hands 💎🙌 holding META forever,positive,0.8866865863842637,META,youtube,18,4
2023-11-23,what do yall think about AMZN?,neutral,-0.09896055265606424,AMZN,youtube,5,6
2023-06-19,who else is buying the dip? META gang,positive,0.4489995304664215,META,youtube,11,10
2023-01-07,apes together strong 🦍 GME,positive,0.6975653185017368,GME,youtube,10,1
2023-03-14,just bought more META let's gooo,positive,0.3535904108884924,META,youtube,88,5
2024-05-29,told yall SPY was gonna pump,positive,0.8826547591349909,SPY,youtube,17,0
2024-05-11,SPY looking interesting ngl,neutral,0.08326866034787311,SPY,youtube,6,11
2023-02-10,my portfolio up 500% thanks to Tesla 😂,positive,0.5078684931566574,TSLA,youtube,34,21
2023-10-31,rip to everyone who bought AMC at the top,negative,-0.7190840392027688,AMC,youtube,43,0
2023-02-22,should i buy SPY or wait?,neutral,0.12382340498997485,SPY,youtube,9,10
2023-03-09,Nvidia looking interesting ngl,neutral,0.08621077547787748,NVDA,youtube,5,11
2023-04-12,why did i buy GOOGL?? down so bad rn,negative,-0.8307691698228636,GOOGL,youtube,13,1
2023-09-01,told yall GameStop was gonna pump,positive,0.5633904983381071,GME,youtube,21,0
2023-12-18,who else got rekt by AAPL? 😭,negative,-0.8081024129048555,AAPL,youtube,19,4
2024-07-01,rip to everyone who bought Tesla at the top,negative,-0.571845125410637,TSLA,youtube,9,1
2024-09-16,🚀🚀🚀 Apple to the moon!!!,positive,0.6547386973835096,AAPL,youtube,6,1
2023-10-09,should i buy Meta or wait?,neutral,-0.06111462251118291,META,youtube,1,1
2024-10-31,"best stock ever, AMZN is the future",positive,0.40629495737325294,AMZN,youtube,34,3
2023-01-05,told yall Google was gonna pump,positive,0.3762213264003436,GOOGL,youtube,37,4
2023-01-13,"never selling my MSFT shares, generational wealth",positive,0.5012038915876064,MSFT,youtube,77,8
2024-04-20,"best stock ever, Tesla is the future",positive,0.4781408683351345,TSLA,youtube,32,12
2023-08-15,"NVDA is trash, worst investment ever",negative,-0.6191773705996321,NVDA,youtube,164,52
2023-10-05,TSLA looking interesting ngl,neutral,0.011427403185114121,TSLA,youtube,61,15
2023-05-06,waiting for META to dip more,neutral,0.002264747527138955,META,youtube,71,2
2024-09-19,anyone still holding GameStop?,neutral,-0.08491210209006367,GME,youtube,147,0
2023-02-18,"sold all my AMZN, this thing is done",negative,-0.32913466515329837,AMZN,youtube,0,9
2023-12-02,"never selling my Microsoft shares, generational wealth",positive,0.4324093128983586,MSFT,youtube,50,1
2024-05-17,"this is gonna be huge, Nvidia will 10x easy",positive,0.7469200112558595,NVDA,youtube,128,0
2024-01-12,"GameStop going to zero, get out now",negative,-0.7682613648751488,GME,youtube,68,12
2024-08-09,waiting for SPY to dip more,neutral,-0.09731921074679631,SPY,youtube,85,3
2024-08-29,just bought more Meta let's gooo,positive,0.7501731129893754,META,youtube,70,3
2024-01-27,my portfolio up 500% thanks to Tesla 😂,positive,0.5887571634081042,TSLA,youtube,19,1
2023-11-03,apes together strong 🦍 MSFT,positive,0.45548309233146766,MSFT,youtube,0,2
2023-12-07,lmao SPY bagholders in shambles,negative,-0.36927028721322686,SPY,youtube,14,11
2024-05-03,🚀🚀🚀 Microsoft to the moon!!!,positive,0.8990842107210173,MSFT,youtube,0,2
2023-10-23,told yall SPY was gonna pump,positive,0.8120974831131185,SPY,youtube,7,0
2023-08-26,"never selling my AMC shares, generational wealth",positive,0.338821103369001,AMC,youtube,39,2
2023-03-29,my portfolio up 500% thanks to GME 😂,positive,0.7384840808912775,GME,youtube,58,1
2024-05-02,why did i buy GameStop?? down so bad rn,negative,-0.7256469201405675,GME,youtube,19,6
2023-05-26,"sold all my Nvidia, this thing is done",negative,-0.40698971318284755,NVDA,youtube,81,0
2024-11-12,should i buy Meta or wait?,neutral,-0.1415014656571379,META,youtube,23,9
2023-02-05,"Amazon is trash, worst investment ever",negative,-0.5525962524285128,AMZN,youtube,133,4
2023-10-20,apes together strong 🦍 MSFT,positive,0.5710252305719958,MSFT,youtube,105,10
2023-08-21,my portfolio up 500% thanks to Microsoft 😂,positive,0.3666990395280589,MSFT,youtube,10,2
2024-09-26,waiting for Google to dip more,neutral,-0.16769342699298423,GOOGL,youtube,220,3
2024-10-12,why did i buy Nvidia?? down so bad rn,negative,-0.7814717680338112,NVDA,youtube,61,13
2023-08-05,should i buy SPY or wait?,neutral,0.16619304267226903,SPY,youtube,5,10
2024-09-08,"never selling my TSLA shares, generational wealth",positive,0.7442390824514848,TSLA,youtube,73,0
2023-04-16,"idk about GameStop tbh, mixed signals",neutral,0.1568558348648032,GME,youtube,25,5
2023-03-12,what do yall think about AMC?,neutral,-0.028743542931090216,AMC,youtube,6,2
2024-04-17,who else is buying the dip? SPY gang,positive,0.3554038518218152,SPY,youtube,46,0
2023-07-04,"best stock ever, SPY is the future",positive,0.7539063606006465,SPY,youtube,18,24
2024-11-18,"GameStop scam, dont buy this garbage",negative,-0.8740894581258004,GME,youtube,18,4
2024-05-01,AMZN looking interesting ngl,neutral,-0.03914621857889822,AMZN,youtube,10,15
2023-12-07,waiting for GOOGL to dip more,neutral,0.06423530363252528,GOOGL,youtube,82,13
2024-02-14,Microsoft looking interesting ngl,neutral,0.17122398910751402,MSFT,youtube,71,17
2023-12-19,my portfolio up 500% thanks to Microsoft 😂,positive,0.3203166872203745,MSFT,youtube,7,5
2023-09-28,"idk about META tbh, mixed signals",neutral,0.19375048458661998,META,youtube,1,1
2023-06-25,biggest regret buying TSLA smh,negative,-0.3057812842958053,TSLA,youtube,8,3
2024-03-06,anyone still holding SPY?,neutral,-0.011309050719519764,SPY,youtube,66,4
2023-04-21,lmao AMZN bagholders in shambles,negative,-0.3849891805010992,AMZN,youtube,33,5
2023-06-05,told yall Meta was gonna pump,positive,0.39287468160407457,META,youtube,24,6
2023-10-14,lmao Apple bagholders in shambles,negative,-0.5861378971640343,AAPL,youtube,2,10
2023-08-29,what do yall think about TSLA?,neutral,0.14018590129753167,TSLA,youtube,34,3
2023-11-13,biggest regret buying AAPL smh,negative,-0.8607439776085184,AAPL,youtube,48,3
2024-01-11,META looking interesting ngl,neutral,-0.13464264373660922,META,youtube,57,1
2023-03-10,lol bears are so wrong about GOOGL,positive,0.5296057003140837,GOOGL,youtube,71,13
2023-07-04,"this is gonna be huge, GME will 10x easy",positive,0.7321428455670723,GME,youtube,51,0
2024-05-12,just bought more MSFT let's gooo,positive,0.7566172940044902,MSFT,youtube,47,10
2023-12-28,"new to investing, is Amazon good?",neutral,-0.10605048689880384,AMZN,youtube,26,7
2023-04-30,"sold all my AAPL, this thing is done",negative,-0.3480612784567221,AAPL,youtube,16,2
2023-10-03,anyone still holding META?,neutral,0.15503876704328817,META,youtube,43,15
2024-07-05,should i buy Tesla or wait?,neutral,-0.02055398051819593,TSLA,youtube,38,2
2024-04-20,🚀🚀🚀 SPY to the moon!!!,positive,0.4301033492583909,SPY,youtube,53,16
2023-12-15,apes together strong 🦍 AMC,positive,0.8920512068078104,AMC,youtube,11,1
2023-12-18,"sold all my MSFT, this thing is done",negative,-0.675028852409285,MSFT,youtube,22,0
2024-05-13,"this is gonna be huge, Amazon will 10x easy",positive,0.7653882908309488,AMZN,youtube,18,1
2024-02-02,lol bears are so wrong about TSLA,positive,0.5712438951923478,TSLA,youtube,6,9
2023-10-15,"new to investing, is META good?",neutral,-0.1500960575896213,META,youtube,38,2
2024-09-21,Apple making me rich fr fr,positive,0.6568760830037359,AAPL,youtube,59,13
2024-03-12,"best stock ever, GME is the future",positive,0.3616623361495842,GME,youtube,44,8
2023-07-22,"Microsoft is trash, worst investment ever",negative,-0.5897917217004166,MSFT,youtube,3,11
2023-05-14,"never selling my AMZN shares, generational wealth",positive,0.4975602422828843,AMZN,youtube,3,2
2023-03-24,"never selling my GameStop shares, generational wealth",positive,0.7014467084324368,GME,youtube,95,0
2023-01-19,anyone still holding AMC?,neutral,0.024552319268138806,AMC,youtube,14,0
2023-07-29,"idk about Tesla tbh, mixed signals",neutral,0.004148416963682594,TSLA,youtube,44,6
2023-07-08,"idk about Tesla tbh, mixed signals",neutral,-0.02664445767002102,TSLA,youtube,13,12
2023-04-26,my portfolio up 500% thanks to AMC 😂,positive,0.6357279562149443,AMC,youtube,5,2
2024-05-18,"Nvidia is trash, worst investment ever",negative,-0.6887579337209648,NVDA,youtube,1,8
2023-11-24,what do yall think about TSLA?,neutral,-0.16236772884143624,TSLA,youtube,43,7
2023-10-21,"best stock ever, AMC is the future",positive,0.45319777464506383,AMC,youtube,34,14
2023-03-05,🚀🚀🚀 META to the moon!!!,positive,0.3824128521947879,META,youtube,2,2
2023-10-27,just bought more AMC let's gooo,positive,0.8163246709300804,AMC,youtube,68,2
2023-10-16,paper hands saved me from Tesla disaster,negative,-0.5291851330583082,TSLA,youtube,51,9
2024-11-17,lmao SPY bagholders in shambles,negative,-0.7618472814698011,SPY,youtube,26,1
2024-08-02,just bought more MSFT let's gooo,positive,0.5991495338607498,MSFT,youtube,19,4
2024-02-08,diamond hands 💎🙌 holding Amazon forever,positive,0.5874904699703807,AMZN,youtube,7,2
2023-05-30,who else got rekt by GOOGL? 😭,negative,-0.7671493073494029,GOOGL,youtube,1,0
2024-04-13,"Microsoft is trash, worst investment ever",negative,-0.8383093834625395,MSFT,youtube,46,1
2024-07-31,"SPY going to zero, get out now",negative,-0.44515993009677846,SPY,youtube,36,4
2023-08-11,apes together strong 🦍 Meta,positive,0.8308497452077697,META,youtube,49,2
2023-07-09,why did i buy GME?? down so bad rn,negative,-0.7032325242221682,GME,youtube,15,0
2023-10-25,whats the PT for NVDA?,neutral,0.03613729517199871,NVDA,youtube,2,7
2024-10-23,who else got rekt by GOOGL? 😭,negative,-0.6068881796067278,GOOGL,youtube,4,5
2023-03-04,who else is buying the dip? GameStop gang,positive,0.7134210618671274,GME,youtube,76,2
2023-08-24,waiting for AAPL to dip more,neutral,0.04753071785692575,AAPL,youtube,13,6
2023-06-13,just bought more SPY let's gooo,positive,0.5623634090659797,SPY,youtube,33,6
2023-06-17,Microsoft making me rich fr fr,positive,0.641452057351459,MSFT,youtube,30,3
2024-02-10,🚀🚀🚀 Apple to the moon!!!,positive,0.7426161995741514,AAPL,youtube,70,1
2024-05-20,what do yall think about GOOGL?,neutral,0.13102750783073824,GOOGL,youtube,56,4
2024-06-11,told yall META was gonna pump,positive,0.3576317596441244,META,youtube,87,7
2023-01-09,who else is buying the dip? Meta gang,positive,0.3092136668251983,META,youtube,44,2
2024-01-09,biggest regret buying Apple smh,negative,-0.7071401166014858,AAPL,youtube,37,9
2024-11-16,waiting for AMC to dip more,neutral,-0.19702256457913056,AMC,youtube,34,3
2024-11-13,"GameStop scam, dont buy this garbage",negative,-0.7239289204249832,GME,youtube,4,0
2023-01-25,why did i buy SPY?? down so bad rn,negative,-0.4089805190772227,SPY,youtube,2,3
2024-07-05,"idk about SPY tbh, mixed signals",neutral,-0.1786915346347028,SPY,youtube,24,0
2023-06-27,"never selling my GOOGL shares, generational wealth",positive,0.38116559293522523,GOOGL,youtube,147,8
2024-11-21,why did i buy MSFT?? down so bad rn,negative,-0.77809784689114,MSFT,youtube,141,0
2024-09-08,apes together strong 🦍 META,positive,0.5640640120345723,META,youtube,32,6
2024-06-17,"this is gonna be huge, GameStop will 10x easy",positive,0.6339866864392361,GME,youtube,79,9
2024-09-08,MSFT making me rich fr fr,positive,0.5647083067057451,MSFT,youtube,40,10
2024-10-03,just bought more SPY let's gooo,positive,0.4641646563975409,SPY,youtube,84,6
2023-07-13,paper hands saved me from AAPL disaster,negative,-0.3070681030126813,AAPL,youtube,79,14
2023-08-26,"sold all my Amazon, this thing is done",negative,-0.6487182084382368,AMZN,youtube,0,1
2023-08-24,rip to everyone who bought GME at the top,negative,-0.5081959667191409,GME,youtube,15,8
2024-10-14,"best stock ever, AMC is the future",positive,0.6340494146512656,AMC,youtube,13,4
2024-10-30,"Apple going to zero, get out now",negative,-0.604230826688712,AAPL,youtube,50,6
2023-08-22,my portfolio up 500% thanks to NVDA 😂,positive,0.5964300521281936,NVDA,youtube,37,1
2023-04-20,who else got rekt by AAPL? 😭,negative,-0.3112746023436239,AAPL,youtube,128,0
2024-02-03,AMC making me rich fr fr,positive,0.7409280880184668,AMC,youtube,54,3
2024-08-23,should i buy Tesla or wait?,neutral,-0.11723859322812116,TSLA,youtube,6,14
2024-06-20,should i buy Nvidia or wait?,neutral,0.15669467182381663,NVDA,youtube,65,19
2024-10-11,told yall Tesla was gonna pump,positive,0.795148885637605,TSLA,youtube,48,8
2023-06-04,paper hands saved me from Amazon disaster,negative,-0.817295611618444,AMZN,youtube,3,8
2024-01-28,"Microsoft scam, dont buy this garbage",negative,-0.8927776304983703,MSFT,youtube,43,3
2023-04-19,"this is gonna be huge, META will 10x easy",positive,0.40392373742864124,META,youtube,30,0
2023-08-10,"best stock ever, Amazon is the future",positive,0.6942265644436207,AMZN,youtube,29,1
2023-02-17,Amazon making me rich fr fr,positive,0.5573036637724447,AMZN,youtube,44,1
2024-06-29,why did i buy GameStop?? down so bad rn,negative,-0.6939730952730446,GME,youtube,31,2
2023-11-01,"never selling my Apple shares, generational wealth",positive,0.6372627312779767,AAPL,youtube,23,6
2024-10-30,who else got rekt by Google? 😭,negative,-0.8255330835030861,GOOGL,youtube,19,6
2024-07-14,"this is gonna be huge, Amazon will 10x easy",positive,0.769625956220783,AMZN,youtube,2,9
2023-03-29,"never selling my AAPL shares, generational wealth",positive,0.36112216025735655,AAPL,youtube,201,0
2023-10-19,"Amazon is trash, worst investment ever",negative,-0.4559283741277115,AMZN,youtube,3,11
2023-06-07,my portfolio up 500% thanks to AMC 😂,positive,0.3520312635261434,AMC,youtube,322,2
2024-01-19,what do yall think about TSLA?,neutral,-0.09592559948864934,TSLA,youtube,9,1
2023-04-01,anyone still holding SPY?,neutral,0.13241560472768982,SPY,youtube,42,0
2024-02-25,"idk about Google tbh, mixed signals",neutral,-0.16840101111496236,GOOGL,youtube,14,2
2023-09-18,biggest regret buying Amazon smh,negative,-0.6132131121875676,AMZN,youtube,18,2
2024-07-14,"best stock ever, Nvidia is the future",positive,0.6237026393485392,NVDA,youtube,10,0
2024-04-02,waiting for GameStop to dip more,neutral,0.06034465084547913,GME,youtube,14,2
2023-11-27,🚀🚀🚀 AMZN to the moon!!!,positive,0.8189212095865577,AMZN,youtube,69,4
2024-08-25,"new to investing, is Google good?",neutral,0.015940225252138174,GOOGL,youtube,21,2
2023-01-25,"Apple is trash, worst investment ever",negative,-0.4988441202031451,AAPL,youtube,112,1
2023-10-31,should i buy AMC or wait?,neutral,0.05759078841209575,AMC,youtube,34,8
2024-06-29,"new to investing, is GME good?",neutral,0.12863960973475103,GME,youtube,9,2
2023-03-02,"idk about Apple tbh, mixed signals",neutral,0.1287698988727386,AAPL,youtube,196,3
2024-02-10,should i buy AMZN or wait?,neutral,0.013565189116810872,AMZN,youtube,16,0
2024-09-28,anyone still holding Apple?,neutral,-0.05990721182416184,AAPL,youtube,28,2
2024-03-21,who else got rekt by Microsoft? 😭,negative,-0.4230752780746596,MSFT,youtube,63,4
2024-11-02,Tesla looking interesting ngl,neutral,-0.06776127757358053,TSLA,youtube,54,0
2024-04-17,biggest regret buying Google smh,negative,-0.5328787488002974,GOOGL,youtube,77,0
2024-07-16,NVDA making me rich fr fr,positive,0.8572465053721277,NVDA,youtube,12,5
2023-03-09,"GOOGL is trash, worst investment ever",negative,-0.6083217915319129,GOOGL,youtube,0,0
2024-08-19,lmao SPY bagholders in shambles,negative,-0.7434882384170731,SPY,youtube,12,2
2023-09-14,"sold all my AMC, this thing is done",negative,-0.43920571900653227,AMC,youtube,2,3
2023-10-17,🚀🚀🚀 TSLA to the moon!!!,positive,0.6102678642307883,TSLA,youtube,42,0
2024-11-05,"Apple scam, dont buy this garbage",negative,-0.6083615750915989,AAPL,youtube,62,8
2024-02-25,🚀🚀🚀 AMC to the moon!!!,positive,0.5660313510173217,AMC,youtube,79,0
2024-10-17,"Nvidia scam, dont buy this garbage",negative,-0.559984785335246,NVDA,youtube,6,4
2023-06-04,who else got rekt by SPY? 😭,negative,-0.374458844132072,SPY,youtube,35,6
2024-11-10,just bought more MSFT let's gooo,positive,0.8283558327923006,MSFT,youtube,75,6
2023-10-24,whats the PT for Microsoft?,neutral,0.1651862836743383,MSFT,youtube,0,16
2024-06-05,diamond hands 💎🙌 holding Meta forever,positive,0.5123843388268431,META,youtube,76,22
2023-07-20,should i buy AAPL or wait?,neutral,-0.10209548491388337,AAPL,youtube,68,5
2023-11-22,"sold all my Apple, this thing is done",negative,-0.41770324103679585,AAPL,youtube,37,3
2024-10-14,told yall META was gonna pump,positive,0.36105703793817373,META,youtube,68,10
2023-05-22,who else got rekt by META? 😭,negative,-0.5243651146201664,META,youtube,0,5
2023-08-04,anyone still holding Tesla?,neutral,-0.16952889257738268,TSLA,youtube,4,0
2024-01-23,anyone still holding NVDA?,neutral,-0.09998494468682582,NVDA,youtube,12,7
2024-01-29,why did i buy Tesla?? down so bad rn,negative,-0.345381353055942,TSLA,youtube,29,16
2023-07-08,waiting for MSFT to dip more,neutral,0.02263808512428503,MSFT,youtube,95,6
2024-09-06,"never selling my NVDA shares, generational wealth",positive,0.5196043133036528,NVDA,youtube,71,2
2023-03-09,"this is gonna be huge, MSFT will 10x easy",positive,0.6800668369732468,MSFT,youtube,33,0
2024-11-07,"never selling my AMC shares, generational wealth",positive,0.35308759118913824,AMC,youtube,56,1
2024-09-04,waiting for AMC to dip more,neutral,-0.09437770451510225,AMC,youtube,61,1
2024-03-09,told yall Nvidia was gonna pump,positive,0.8103379779396251,NVDA,youtube,234,6
2023-05-04,anyone still holding Nvidia?,neutral,0.1873146606083525,NVDA,youtube,4,7
2024-07-13,paper hands saved me from Nvidia disaster,negative,-0.5175148453754101,NVDA,youtube,23,17
2023-04-05,whats the PT for Amazon?,neutral,0.1118819988398857,AMZN,youtube,39,9
2023-01-03,should i buy GOOGL or wait?,neutral,0.15196729893068472,GOOGL,youtube,15,8
2024-10-22,apes together strong 🦍 AMC,positive,0.7012696346479633,AMC,youtube,22,1
2024-07-24,rip to everyone who bought Microsoft at the top,negative,-0.3389142851436209,MSFT,youtube,126,7
2023-09-04,who else got rekt by Microsoft? 😭,negative,-0.7404787502284802,MSFT,youtube,44,2
2024-08-23,"idk about AAPL tbh, mixed signals",neutral,-0.18701359230651904,AAPL,youtube,71,5
2024-08-14,🚀🚀🚀 TSLA to the moon!!!,positive,0.7983864434768719,TSLA,youtube,19,9
2024-01-04,"SPY is trash, worst investment ever",negative,-0.8710914767049137,SPY,youtube,52,7
2023-02-21,anyone still holding AMC?,neutral,-0.13074860211258,AMC,youtube,17,7
2023-05-02,what do yall think about AMC?,neutral,0.055910529617496485,AMC,youtube,73,7
2023-09-03,who else is buying the dip? AAPL gang,positive,0.7904128202421854,AAPL,youtube,21,1
2024-03-25,my portfolio up 500% thanks to Amazon 😂,positive,0.6059812476282191,AMZN,youtube,2,7
2023-04-29,lol bears are so wrong about TSLA,positive,0.531737948732736,TSLA,youtube,41,3
2023-12-28,"idk about NVDA tbh, mixed signals",neutral,0.07231622965355067,NVDA,youtube,72,13
2023-01-13,rip to everyone who bought GameStop at the top,negative,-0.6055373905515005,GME,youtube,73,14
2023-06-30,waiting for META to dip more,neutral,-0.09621038965799543,META,youtube,25,3
2023-05-03,diamond hands 💎🙌 holding Meta forever,positive,0.4381857462517821,META,youtube,61,2
2024-11-16,whats the PT for GOOGL?,neutral,-0.15476428223370353,GOOGL,youtube,3,5
2024-11-09,just bought more AMC let's gooo,positive,0.3703961663194917,AMC,youtube,81,2
2024-06-01,waiting for Amazon to dip more,neutral,0.13412502727582531,AMZN,youtube,38,4
2024-02-25,anyone still holding TSLA?,neutral,0.03680512504814831,TSLA,youtube,32,1
2023-12-01,AMC looking interesting ngl,neutral,0.1515476940746016,AMC,youtube,6,9
2024-05-30,should i buy GME or wait?,neutral,0.02063015111086669,GME,youtube,21,6
2023-12-17,just bought more TSLA let's gooo,positive,0.7005856939341323,TSLA,youtube,91,10
2023-09-15,my portfolio up 500% thanks to GME 😂,positive,0.42312116823521967,GME,youtube,32,1
2024-09-29,lmao META bagholders in shambles,negative,-0.41119384202083764,META,youtube,2,1
2023-06-08,lol bears are so wrong about MSFT,positive,0.702891154490922,MSFT,youtube,74,1
2023-05-04,"sold all my NVDA, this thing is done",negative,-0.4927423704728464,NVDA,youtube,8,3
2024-07-03,biggest regret buying META smh,negative,-0.32135957895565026,META,youtube,0,10
2023-07-18,SPY looking interesting ngl,neutral,-0.0852711819512714,SPY,youtube,195,0
2024-11-10,told yall AMC was gonna pump,positive,0.7267514360477174,AMC,youtube,208,3
2023-03-27,diamond hands 💎🙌 holding Amazon forever,positive,0.7567388012439842,AMZN,youtube,85,1
2024-10-21,diamond hands 💎🙌 holding META forever,positive,0.4858737082034825,META,youtube,0,0
2023-06-06,diamond hands 💎🙌 holding GME forever,positive,0.6980059629284086,GME,youtube,50,0
2024-03-22,"idk about NVDA tbh, mixed signals",neutral,0.15027436002964628,NVDA,youtube,33,0
2023-11-09,lmao GameStop bagholders in shambles,negative,-0.3490731338979409,GME,youtube,42,8
2023-07-30,lmao NVDA bagholders in shambles,negative,-0.6083737643627577,NVDA,youtube,45,4
2024-01-06,should i buy AAPL or wait?,neutral,-0.09668894411218926,AAPL,youtube,42,0
2024-01-24,told yall MSFT was gonna pump,positive,0.43351726291548365,MSFT,youtube,7,8
2024-09-27,"this is gonna be huge, Tesla will 10x easy",positive,0.3500321076038054,TSLA,youtube,113,9
2023-08-15,"new to investing, is GOOGL good?",neutral,-0.17240683394214273,GOOGL,youtube,17,1
2023-01-21,who else is buying the dip? MSFT gang,positive,0.5739068147943478,MSFT,youtube,132,6
2024-08-13,my portfolio up 500% thanks to TSLA 😂,positive,0.38466363156173194,TSLA,youtube,63,0
2024-02-12,"idk about SPY tbh, mixed signals",neutral,0.07558750775706441,SPY,youtube,119,0
2024-04-15,"this is gonna be huge, AAPL will 10x easy",positive,0.371590340226903,AAPL,youtube,77,11
2024-06-19,"new to investing, is MSFT good?",neutral,0.19755370031108926,MSFT,youtube,66,6
2023-01-12,"Nvidia going to zero, get out now",negative,-0.71002300435834,NVDA,youtube,31,2
2024-09-11,"idk about Apple tbh, mixed signals",neutral,0.18568648343516397,AAPL,youtube,37,14
2023-01-05,"new to investing, is Apple good?",neutral,-0.13744520062659038,AAPL,youtube,40,7
2023-01-21,waiting for SPY to dip more,neutral,-0.09351825182644675,SPY,youtube,28,1
2024-07-03,"Google scam, dont buy this garbage",negative,-0.42180445834492003,GOOGL,youtube,20,4
2023-06-29,"GameStop going to zero, get out now",negative,-0.7799831592014719,GME,youtube,1,1
2024-01-08,"Google going to zero, get out now",negative,-0.8218341548046997,GOOGL,youtube,26,12
2023-07-31,"SPY is trash, worst investment ever",negative,-0.8587366966056617,SPY,youtube,18,1
2023-02-23,diamond hands 💎🙌 holding Microsoft forever,positive,0.8655701414925836,MSFT,youtube,33,5
2023-01-08,told yall TSLA was gonna pump,positive,0.5250450141025387,TSLA,youtube,28,8
2023-03-11,who else is buying the dip? Microsoft gang,positive,0.8259527454025868,MSFT,youtube,11,13
2023-11-13,biggest regret buying GME smh,negative,-0.6467594883101956,GME,youtube,34,7
2024-02-21,lol bears are so wrong about MSFT,positive,0.6651098628727989,MSFT,youtube,86,4
2024-04-17,"MSFT scam, dont buy this garbage",negative,-0.42817909839335466,MSFT,youtube,14,7
2023-01-31,"Microsoft going to zero, get out now",negative,-0.722447442437106,MSFT,youtube,279,0
2023-07-04,what do yall think about GME?,neutral,-0.10495940042505324,GME,youtube,11,4
2023-07-13,should i buy AMC or wait?,neutral,0.04261909555246546,AMC,youtube,15,5
2024-02-16,why did i buy Apple?? down so bad rn,negative,-0.3541246256730536,AAPL,youtube,41,4
2024-04-07,anyone still holding Microsoft?,neutral,0.028117825727952322,MSFT,youtube,7,8
2023-11-07,why did i buy META?? down so bad rn,negative,-0.8106317618664483,META,youtube,49,3
2024-10-16,why did i buy META?? down so bad rn,negative,-0.4994616014269157,META,youtube,30,1
2024-04-29,lol bears are so wrong about Microsoft,positive,0.7048988456440901,MSFT,youtube,105,7
2024-10-30,diamond hands 💎🙌 holding AAPL forever,positive,0.5793554332030022,AAPL,youtube,0,0
2023-07-03,lmao META bagholders in shambles,negative,-0.7785120939662713,META,youtube,195,11
2024-01-25,should i buy AMC or wait?,neutral,0.14018698620957815,AMC,youtube,18,3
2024-03-30,what do yall think about GME?,neutral,0.016019296613105055,GME,youtube,2,2
2024-04-03,what do yall think about Microsoft?,neutral,0.17067551543149895,MSFT,youtube,6,2
2024-01-29,lmao Google bagholders in shambles,negative,-0.8925381800238705,GOOGL,youtube,0,1
2024-10-07,whats the PT for NVDA?,neutral,-0.17558557256059426,NVDA,youtube,18,11
2023-09-16,my portfolio up 500% thanks to Meta 😂,positive,0.3911804336205619,META,youtube,82,7
2024-02-10,should i buy GME or wait?,neutral,0.018682305332399812,GME,youtube,13,4
2023-05-11,"NVDA going to zero, get out now",negative,-0.32627273292124614,NVDA,youtube,64,11
2023-08-25,"new to investing, is Google good?",neutral,-0.19162359128987771,GOOGL,youtube,3,8
2024-06-08,"new to investing, is AMC good?",neutral,-0.013815106367798202,AMC,youtube,62,5
2023-07-03,whats the PT for SPY?,neutral,-0.138249931122142,SPY,youtube,6,2
2023-07-02,paper hands saved me from Tesla disaster,negative,-0.6760477012275328,TSLA,youtube,1,4
2023-02-25,lmao GOOGL bagholders in shambles,negative,-0.5881475075151703,GOOGL,youtube,35,2
2023-09-21,anyone still holding Microsoft?,neutral,0.09295610833520312,MSFT,youtube,44,8
2023-05-10,waiting for META to dip more,neutral,-0.03653176928222304,META,youtube,116,0
2024-11-24,"new to investing, is Apple good?",neutral,-0.19923032924677428,AAPL,youtube,40,6
2024-11-06,biggest regret buying AAPL smh,negative,-0.8024430876317675,AAPL,youtube,47,2
2024-03-11,"best stock ever, AAPL is the future",positive,0.7765608876302774,AAPL,youtube,42,1
2023-03-07,whats the PT for Meta?,neutral,-0.1769976304924463,META,youtube,39,7
2023-04-25,why did i buy AAPL?? down so bad rn,negative,-0.7708821116763026,AAPL,youtube,36,0
2023-03-13,rip to everyone who bought Apple at the top,negative,-0.5042355621615628,AAPL,youtube,24,3
2023-08-10,my portfolio up 500% thanks to Meta 😂,positive,0.34026992295625547,META,youtube,114,2
2023-06-01,"new to investing, is TSLA good?",neutral,0.00830809127653423,TSLA,youtube,2,3
2024-11-18,anyone still holding AMZN?,neutral,-0.17871831925692022,AMZN,youtube,12,3
2023-12-02,rip to everyone who bought Apple at the top,negative,-0.8358780433753266,AAPL,youtube,22,1
2024-04-22,paper hands saved me from TSLA disaster,negative,-0.636766489677135,TSLA,youtube,40,2
2023-09-30,NVDA looking interesting ngl,neutral,-0.17573468242608015,NVDA,youtube,8,17
2024-04-23,"best stock ever, AAPL is the future",positive,0.36752881006870697,AAPL,youtube,30,4
2023-09-21,lol bears are so wrong about GOOGL,positive,0.40066819904389217,GOOGL,youtube,103,2
2023-08-16,paper hands saved me from AAPL disaster,negative,-0.5039803207304638,AAPL,youtube,33,0
2024-08-22,"idk about SPY tbh, mixed signals",neutral,0.09458933809970216,SPY,youtube,117,5
2024-09-04,"new to investing, is GME good?",neutral,0.19136740882221065,GME,youtube,2,12
2024-05-06,"AAPL scam, dont buy this garbage",negative,-0.6557572794857738,AAPL,youtube,47,2
2023-09-13,"best stock ever, MSFT is the future",positive,0.8722005715740926,MSFT,youtube,24,4
2023-03-18,whats the PT for AMZN?,neutral,-0.07230830411703323,AMZN,youtube,106,5
2024-03-29,lol bears are so wrong about AMC,positive,0.7151425022506919,AMC,youtube,91,4
2024-08-29,AMC looking interesting ngl,neutral,-0.1381087699394566,AMC,youtube,18,3
2023-05-11,Google making me rich fr fr,positive,0.5671920950039469,GOOGL,youtube,14,5
2023-02-13,"idk about AMC tbh, mixed signals",neutral,-0.03441636261230241,AMC,youtube,60,2
2023-04-26,"best stock ever, AMZN is the future",positive,0.8393066052318368,AMZN,youtube,24,0
2023-09-07,🚀🚀🚀 NVDA to the moon!!!,positive,0.7213388936583275,NVDA,youtube,10,5
2023-02-22,"never selling my SPY shares, generational wealth",positive,0.8016016249678393,SPY,youtube,51,0
2023-02-01,why did i buy SPY?? down so bad rn,negative,-0.8642567073383616,SPY,youtube,13,6
2023-09-02,"best stock ever, Tesla is the future",positive,0.8850028960105569,TSLA,youtube,60,11
2024-02-02,"Apple going to zero, get out now",negative,-0.5873170829665395,AAPL,youtube,25,11
2024-09-12,what do yall think about MSFT?,neutral,0.14275703976342763,MSFT,youtube,156,4
2024-09-27,anyone still holding TSLA?,neutral,0.05663884242093864,TSLA,youtube,1,0
2024-06-28,"sold all my AMC, this thing is done",negative,-0.3524855487688642,AMC,youtube,34,3
2024-05-16,who else got rekt by SPY? 😭,negative,-0.3847726389297823,SPY,youtube,60,3
2023-12-22,"best stock ever, GOOGL is the future",positive,0.8326948586009497,GOOGL,youtube,43,5
2024-08-30,"new to investing, is GME good?",neutral,-0.06673382489265084,GME,youtube,15,3
2023-05-02,diamond hands 💎🙌 holding AMC forever,positive,0.3816770334833592,AMC,youtube,76,0
2023-04-11,"sold all my Meta, this thing is done",negative,-0.7646345811293819,META,youtube,45,2
2023-05-05,lol bears are so wrong about Apple,positive,0.44969722753518315,AAPL,youtube,79,10
2023-11-23,"Tesla is trash, worst investment ever",negative,-0.39680414745051007,TSLA,youtube,17,3
2024-03-12,"sold all my AMC, this thing is done",negative,-0.5973090054073524,AMC,youtube,116,1
2023-09-04,🚀🚀🚀 AMZN to the moon!!!,positive,0.8691329718411467,AMZN,youtube,34,17
2024-05-11,"best stock ever, AMZN is the future",positive,0.6526783774675948,AMZN,youtube,11,6
2024-09-28,who else got rekt by NVDA? 😭,negative,-0.506982011648631,NVDA,youtube,44,4
2023-07-19,"idk about META tbh, mixed signals",neutral,0.026613186238173187,META,youtube,18,3
2024-10-02,lol bears are so wrong about AMC,positive,0.8851013713103615,AMC,youtube,255,4
2024-09-18,"SPY is trash, worst investment ever",negative,-0.6121818941545751,SPY,youtube,27,4
2024-08-20,should i buy SPY or wait?,neutral,0.03665596917703681,SPY,youtube,15,5
2023-03-24,"TSLA going to zero, get out now",negative,-0.36645437286796456,TSLA,youtube,10,7
2024-01-17,my portfolio up 500% thanks to MSFT 😂,positive,0.8548166710740448,MSFT,youtube,94,12
2024-07-08,paper hands saved me from TSLA disaster,negative,-0.5889003431396109,TSLA,youtube,99,4
2023-04-26,waiting for AMC to dip more,neutral,0.0561647857658934,AMC,youtube,39,14
2023-08-05,"never selling my Google shares, generational wealth",positive,0.3410294855471003,GOOGL,youtube,19,5
2023-04-07,"GOOGL is trash, worst investment ever",negative,-0.8261900484099719,GOOGL,youtube,58,4
2023-03-29,"idk about Apple tbh, mixed signals",neutral,-0.07631847225020644,AAPL,youtube,23,9
2024-08-14,apes together strong 🦍 AAPL,positive,0.3502602206159441,AAPL,youtube,4,2
2023-01-01,paper hands saved me from Microsoft disaster,negative,-0.7004356836041412,MSFT,youtube,74,11
2023-08-23,just bought more GOOGL let's gooo,positive,0.7157774208876639,GOOGL,youtube,67,6
2024-11-15,"Tesla scam, dont buy this garbage",negative,-0.32777793998314986,TSLA,youtube,133,12
2023-03-31,🚀🚀🚀 Meta to the moon!!!,positive,0.507827392380275,META,youtube,86,1
2023-09-06,just bought more Microsoft let's gooo,positive,0.5230266634760576,MSFT,youtube,51,3
2023-12-24,"never selling my SPY shares, generational wealth",positive,0.6409214803262033,SPY,youtube,42,1
2024-11-04,should i buy MSFT or wait?,neutral,-0.03519992666995847,MSFT,youtube,3,0
2024-08-21,who else got rekt by SPY? 😭,negative,-0.5810451259591138,SPY,youtube,48,1
2024-09-09,told yall Google was gonna pump,positive,0.5469044782971303,GOOGL,youtube,47,4
2024-05-31,who else got rekt by AMZN? 😭,negative,-0.6655808382214945,AMZN,youtube,26,5
2023-12-27,"never selling my TSLA shares, generational wealth",positive,0.6849917582269747,TSLA,youtube,15,7
2023-09-18,waiting for NVDA to dip more,neutral,-0.03968362200620254,NVDA,youtube,4,6
2024-09-22,"best stock ever, Amazon is the future",positive,0.8646604143930348,AMZN,youtube,134,13
2023-05-31,"this is gonna be huge, Amazon will 10x easy",positive,0.6409501151332629,AMZN,youtube,19,5
2024-01-03,"best stock ever, Nvidia is the future",positive,0.8896694422705944,NVDA,youtube,54,5
2024-08-10,just bought more AMC let's gooo,positive,0.7902607921050957,AMC,youtube,7,0
2023-05-23,anyone still holding Nvidia?,neutral,-0.11716226313367734,NVDA,youtube,142,11
2023-02-05,🚀🚀🚀 Google to the moon!!!,positive,0.7011904064610937,GOOGL,youtube,12,3
2024-10-28,"best stock ever, GOOGL is the future",positive,0.53839287837435,GOOGL,youtube,2,0
2023-05-08,"new to investing, is META good?",neutral,-0.15478086073877934,META,youtube,29,1
2023-05-23,diamond hands 💎🙌 holding GameStop forever,positive,0.3759076397068042,GME,youtube,111,5
2024-10-13,who else got rekt by GameStop? 😭,negative,-0.4726045205711485,GME,youtube,13,4
2023-01-19,lol bears are so wrong about AMC,positive,0.7529804385635781,AMC,youtube,6,17
2023-03-14,whats the PT for META?,neutral,0.03982956173590649,META,youtube,28,8
2023-03-05,diamond hands 💎🙌 holding AMC forever,positive,0.6862704452691569,AMC,youtube,58,2
2023-06-06,should i buy SPY or wait?,neutral,-0.12758727527331226,SPY,youtube,106,0
2024-02-26,Microsoft making me rich fr fr,positive,0.3287554012834299,MSFT,youtube,64,0
2023-01-10,waiting for Meta to dip more,neutral,0.12568836833284147,META,youtube,40,0
2023-09-18,apes together strong 🦍 AAPL,positive,0.690143736020076,AAPL,youtube,54,2
2024-11-08,apes together strong 🦍 AMC,positive,0.602383295570349,AMC,youtube,107,9
2023-08-02,what do yall think about NVDA?,neutral,0.12515982770856587,NVDA,youtube,38,2
2023-05-05,"new to investing, is AMC good?",neutral,-0.15910705703472386,AMC,youtube,156,6
2024-06-10,told yall MSFT was gonna pump,positive,0.37087302291967683,MSFT,youtube,88,6
2023-04-04,my portfolio up 500% thanks to MSFT 😂,positive,0.8494217534230024,MSFT,youtube,21,5
2024-06-18,biggest regret buying AMZN smh,negative,-0.508068987967302,AMZN,youtube,7,12
2023-07-31,GME looking interesting ngl,neutral,0.09829234048541619,GME,youtube,37,5
2023-06-18,apes together strong 🦍 Google,positive,0.6352532937894353,GOOGL,youtube,27,6
2024-05-17,"new to investing, is MSFT good?",neutral,0.0676424238644463,MSFT,youtube,28,15
2023-04-12,what do yall think about Google?,neutral,-0.16532838314111875,GOOGL,youtube,35,3
2023-09-23,biggest regret buying SPY smh,negative,-0.6554614126571218,SPY,youtube,0,2
2023-10-02,"this is gonna be huge, AAPL will 10x easy",positive,0.8002950527579751,AAPL,youtube,116,6
2023-11-26,🚀🚀🚀 Tesla to the moon!!!,positive,0.7109545368893566,TSLA,youtube,15,2
2023-06-18,AAPL looking interesting ngl,neutral,-0.06779929004905352,AAPL,youtube,24,14
2024-11-15,who else is buying the dip? NVDA gang,positive,0.6793530545313426,NVDA,youtube,25,1
2023-01-31,"TSLA is trash, worst investment ever",negative,-0.3340548817566209,TSLA,youtube,10,0
2024-10-15,Nvidia looking interesting ngl,neutral,-0.13971412072031525,NVDA,youtube,8,0
2023-02-04,paper hands saved me from AMC disaster,negative,-0.3615314175600911,AMC,youtube,18,31
2023-07-25,Meta making me rich fr fr,positive,0.36101192499399815,META,youtube,60,4
2023-12-08,"Microsoft scam, dont buy this garbage",negative,-0.8255944150648937,MSFT,youtube,55,1
2024-10-10,"META going to zero, get out now",negative,-0.5630075127804234,META,youtube,0,0
2023-01-30,SPY making me rich fr fr,positive,0.7643586421286879,SPY,youtube,10,2
2024-02-12,who else is buying the dip? GOOGL gang,positive,0.8140352014831018,GOOGL,youtube,82,5
2023-05-29,lmao AMC bagholders in shambles,negative,-0.7289993879483668,AMC,youtube,35,4
2023-10-13,rip to everyone who bought Microsoft at the top,negative,-0.37337128942469133,MSFT,youtube,42,0
2023-05-20,"never selling my AAPL shares, generational wealth",positive,0.5621821019659591,AAPL,youtube,3,2
2024-06-28,just bought more TSLA let's gooo,positive,0.6834409574839988,TSLA,youtube,5,1
2023-03-12,🚀🚀🚀 Tesla to the moon!!!,positive,0.6679062423262134,TSLA,youtube,75,10
2024-04-12,"Meta scam, dont buy this garbage",negative,-0.5655208612733786,META,youtube,128,10
2023-07-06,"AMZN going to zero, get out now",negative,-0.6739242641649624,AMZN,youtube,201,1
2024-10-14,diamond hands 💎🙌 holding Google forever,positive,0.7242436251796004,GOOGL,youtube,18,3
2023-05-23,"SPY is trash, worst investment ever",negative,-0.6387066626768647,SPY,youtube,92,1
2023-12-14,why did i buy AMZN?? down so bad rn,negative,-0.8505894997882412,AMZN,youtube,15,16
2024-03-19,whats the PT for NVDA?,neutral,0.034006243100384526,NVDA,youtube,34,7
2024-03-05,waiting for GameStop to dip more,neutral,-0.05838138192654202,GME,youtube,108,1
2024-08-24,"idk about AMC tbh, mixed signals",neutral,-0.17510427715037613,AMC,youtube,162,5
2024-05-13,paper hands saved me from GameStop disaster,negative,-0.5049327582598337,GME,youtube,40,3
2023-10-03,anyone still holding SPY?,neutral,0.05354702293003755,SPY,youtube,70,9
2023-03-03,SPY looking interesting ngl,neutral,0.18705246350372734,SPY,youtube,46,2
2023-09-03,waiting for Tesla to dip more,neutral,0.0065286190165783076,TSLA,youtube,35,4
2024-07-26,paper hands saved me from SPY disaster,negative,-0.835131805464355,SPY,youtube,12,11
2024-09-26,"new to investing, is MSFT good?",neutral,0.006240311586021452,MSFT,youtube,37,1
2023-08-19,waiting for AMC to dip more,neutral,-0.05881300537519915,AMC,youtube,57,1
2024-07-31,"best stock ever, GME is the future",positive,0.3239189757528188,GME,youtube,31,0
2024-08-08,"this is gonna be huge, Google will 10x easy",positive,0.5210721034363207,GOOGL,youtube,100,10
2024-10-04,lmao SPY bagholders in shambles,negative,-0.3217839278923096,SPY,youtube,80,20
2024-02-21,"this is gonna be huge, MSFT will 10x easy",positive,0.47012833590682135,MSFT,youtube,160,2
2024-06-17,lol bears are so wrong about NVDA,positive,0.775348940586055,NVDA,youtube,26,1
2024-03-24,"new to investing, is Nvidia good?",neutral,0.14493949977966286,NVDA,youtube,85,3
2024-05-26,should i buy Nvidia or wait?,neutral,0.15783276306374966,NVDA,youtube,0,2
2024-07-16,"Meta going to zero, get out now",negative,-0.41446176495749704,META,youtube,20,13
2024-08-10,AAPL looking interesting ngl,neutral,0.025853078497957288,AAPL,youtube,86,3
2024-02-01,"never selling my Google shares, generational wealth",positive,0.6773527110876891,GOOGL,youtube,22,5
2023-10-11,"SPY is trash, worst investment ever",negative,-0.7259244751092802,SPY,youtube,19,1
2024-04-05,told yall SPY was gonna pump,positive,0.634673521118645,SPY,youtube,34,8
2024-10-30,anyone still holding MSFT?,neutral,-0.09800441524328685,MSFT,youtube,1,10
2024-01-27,lol bears are so wrong about Tesla,positive,0.6857240220089034,TSLA,youtube,53,15
2023-01-16,anyone still holding GME?,neutral,-0.09671415581828297,GME,youtube,5,1
2024-05-17,who else is buying the dip? SPY gang,positive,0.3032845319902248,SPY,youtube,19,2
2024-01-31,biggest regret buying Apple smh,negative,-0.5602332572300024,AAPL,youtube,33,4
2023-10-03,"this is gonna be huge, AMZN will 10x easy",positive,0.5876694923621917,AMZN,youtube,52,7
2024-08-24,AAPL looking interesting ngl,neutral,0.15307312693694342,AAPL,youtube,93,5
2023-01-01,anyone still holding GME?,neutral,-0.0748316080645531,GME,youtube,23,5
2023-03-13,"best stock ever, MSFT is the future",positive,0.7581040253046178,MSFT,youtube,33,15
2023-11-04,anyone still holding Amazon?,neutral,-0.0010015692025976963,AMZN,youtube,136,4
2024-06-06,"GameStop going to zero, get out now",negative,-0.8363694417033233,GME,youtube,75,5
2023-01-12,anyone still holding Nvidia?,neutral,0.0010795312038829885,NVDA,youtube,66,2
2023-04-30,"sold all my GME, this thing is done",negative,-0.3175182069488751,GME,youtube,12,2
2023-09-29,just bought more GOOGL let's gooo,positive,0.38699360910926833,GOOGL,youtube,4,2
2024-04-20,diamond hands 💎🙌 holding SPY forever,positive,0.42659605357255076,SPY,youtube,5,0
2023-03-31,why did i buy AMC?? down so bad rn,negative,-0.5129590158409054,AMC,youtube,126,2
2024-03-02,who else got rekt by GameStop? 😭,negative,-0.5928668999846308,GME,youtube,18,1
2024-06-03,paper hands saved me from Apple disaster,negative,-0.6609595907487686,AAPL,youtube,0,0
2024-04-15,"never selling my AAPL shares, generational wealth",positive,0.5866208968708109,AAPL,youtube,65,3
2024-07-20,who else got rekt by TSLA? 😭,negative,-0.5321734858422102,TSLA,youtube,23,0
2023-08-30,biggest regret buying AMC smh,negative,-0.491870969729171,AMC,youtube,157,2
2023-11-17,AMC making me rich fr fr,positive,0.8332117967802091,AMC,youtube,15,11
2023-08-16,who else is buying the dip? GME gang,positive,0.7779709708364186,GME,youtube,55,7
2023-03-24,waiting for AMZN to dip more,neutral,0.14920056171890334,AMZN,youtube,11,2
2024-02-15,Apple making me rich fr fr,positive,0.7285038824313466,AAPL,youtube,10,1
2023-10-03,waiting for AAPL to dip more,neutral,0.06287979469625699,AAPL,youtube,76,7
2023-09-11,what do yall think about AAPL?,neutral,0.13381660619074764,AAPL,youtube,9,0
2024-11-04,diamond hands 💎🙌 holding Meta forever,positive,0.3206925518591803,META,youtube,46,13
2024-03-31,"this is gonna be huge, GME will 10x easy",positive,0.6447176026825238,GME,youtube,2,1
2024-06-01,"AAPL is trash, worst investment ever",negative,-0.5652784923871321,AAPL,youtube,40,1
2023-07-14,who else got rekt by NVDA? 😭,negative,-0.4723836567884627,NVDA,youtube,9,5
2023-04-13,"never selling my Microsoft shares, generational wealth",positive,0.5522361377974789,MSFT,youtube,64,16
2023-12-10,"best stock ever, Nvidia is the future",positive,0.43317304325460365,NVDA,youtube,80,2
2023-05-11,apes together strong 🦍 Amazon,positive,0.8986820530765074,AMZN,youtube,68,3
2023-06-11,rip to everyone who bought Google at the top,negative,-0.6137426523770724,GOOGL,youtube,0,10
2024-11-11,GOOGL looking interesting ngl,neutral,0.0639509388569397,GOOGL,youtube,2,5
2023-02-05,my portfolio up 500% thanks to AMZN 😂,positive,0.3627692558276851,AMZN,youtube,35,2
2023-03-31,diamond hands 💎🙌 holding Apple forever,positive,0.6479449596282064,AAPL,youtube,49,9
2024-03-30,lmao Amazon bagholders in shambles,negative,-0.5128556866020886,AMZN,youtube,14,1
2023-01-25,"best stock ever, GME is the future",positive,0.34394536786071395,GME,youtube,98,14
2023-12-21,apes together strong 🦍 NVDA,positive,0.775459099307134,NVDA,youtube,8,4
2023-12-12,diamond hands 💎🙌 holding Google forever,positive,0.3507728052855466,GOOGL,youtube,95,3
2024-10-01,"SPY scam, dont buy this garbage",negative,-0.6183765642242003,SPY,youtube,57,7
2023-08-28,AAPL looking interesting ngl,neutral,0.17404849221579294,AAPL,youtube,12,12
2023-08-12,just bought more Amazon let's gooo,positive,0.35390244568673074,AMZN,youtube,32,6
2023-10-07,🚀🚀🚀 Nvidia to the moon!!!,positive,0.5765209629192833,NVDA,youtube,47,4
2023-09-28,should i buy GameStop or wait?,neutral,0.07502129143588537,GME,youtube,22,4
2024-06-27,anyone still holding AMC?,neutral,-0.1515677225561104,AMC,youtube,7,0
2024-04-06,paper hands saved me from MSFT disaster,negative,-0.6029170202949381,MSFT,youtube,37,6
2023-07-20,AAPL looking interesting ngl,neutral,-0.1764087151106374,AAPL,youtube,3,0
2024-01-29,"GOOGL is trash, worst investment ever",negative,-0.6049282952935956,GOOGL,youtube,0,1
2023-01-25,why did i buy Amazon?? down so bad rn,negative,-0.6646034688306558,AMZN,youtube,33,8
2024-10-05,"this is gonna be huge, SPY will 10x easy",positive,0.42263673065117097,SPY,youtube,1,9
2023-11-06,my portfolio up 500% thanks to Nvidia 😂,positive,0.624755208195054,NVDA,youtube,63,0
2024-03-09,apes together strong 🦍 Amazon,positive,0.46702126582935394,AMZN,youtube,56,6
2023-08-04,who else is buying the dip? AMC gang,positive,0.5451765246932992,AMC,youtube,20,3
2023-04-02,"AMZN scam, dont buy this garbage",negative,-0.699713855851535,AMZN,youtube,61,5
2024-05-21,"sold all my GameStop, this thing is done",negative,-0.3965661302163387,GME,youtube,53,11
2024-03-06,who else got rekt by Amazon? 😭,negative,-0.5876489280672501,AMZN,youtube,14,1
2023-08-11,"idk about NVDA tbh, mixed signals",neutral,0.17561336166659364,NVDA,youtube,176,0
2023-11-19,told yall AAPL was gonna pump,positive,0.7181983925274615,AAPL,youtube,11,12
2024-11-10,Meta looking interesting ngl,neutral,-0.11192043313087902,META,youtube,18,7
2024-03-26,waiting for GOOGL to dip more,neutral,0.12879884245141454,GOOGL,youtube,45,8
2024-01-12,"Nvidia going to zero, get out now",negative,-0.365923131916176,NVDA,youtube,37,3
2024-08-15,whats the PT for AMC?,neutral,-0.0622880032187661,AMC,youtube,0,0
2024-05-31,diamond hands 💎🙌 holding Microsoft forever,positive,0.33879139777292844,MSFT,youtube,77,3
2023-03-05,GOOGL making me rich fr fr,positive,0.43886698101956645,GOOGL,youtube,12,0
2023-11-23,"MSFT going to zero, get out now",negative,-0.5253701147015306,MSFT,youtube,42,3
2024-08-15,anyone still holding Meta?,neutral,0.05809733694669417,META,youtube,20,6
2023-04-15,rip to everyone who bought AAPL at the top,negative,-0.4276484577553068,AAPL,youtube,13,1
2024-11-04,who else got rekt by GOOGL? 😭,negative,-0.30153574274618944,GOOGL,youtube,48,3
2023-08-14,Google looking interesting ngl,neutral,-0.139452403256362,GOOGL,youtube,16,1
2024-08-06,diamond hands 💎🙌 holding AAPL forever,positive,0.4364172949760425,AAPL,youtube,7,5
2024-04-05,lol bears are so wrong about Tesla,positive,0.8657561522103434,TSLA,youtube,24,1
2024-08-11,just bought more SPY let's gooo,positive,0.4764644583944093,SPY,youtube,76,4
2024-08-07,should i buy Tesla or wait?,neutral,0.15590530396556196,TSLA,youtube,54,7
2024-10-29,paper hands saved me from Apple disaster,negative,-0.6855557887853584,AAPL,youtube,30,3
2024-06-20,who else got rekt by Tesla? 😭,negative,-0.492178606259974,TSLA,youtube,264,8
2023-02-26,🚀🚀🚀 SPY to the moon!!!,positive,0.6310053201761001,SPY,youtube,33,7
2023-12-06,🚀🚀🚀 Microsoft to the moon!!!,positive,0.6052954211037127,MSFT,youtube,111,1
2024-05-24,"best stock ever, Meta is the future",positive,0.5104513126289247,META,youtube,26,2
2023-01-13,rip to everyone who bought Meta at the top,negative,-0.3566292630411302,META,youtube,36,3
2024-08-05,apes together strong 🦍 Apple,positive,0.7559322458171935,AAPL,youtube,33,1
2023-02-22,"sold all my NVDA, this thing is done",negative,-0.5250943725113739,NVDA,youtube,45,3
2024-11-21,"AMC scam, dont buy this garbage",negative,-0.894309137943556,AMC,youtube,179,6
2023-08-14,Apple looking interesting ngl,neutral,0.1999827817475081,AAPL,youtube,1,1
2023-07-28,told yall AMZN was gonna pump,positive,0.3908933555943655,AMZN,youtube,164,5
2024-03-02,GME looking interesting ngl,neutral,0.10452256470688276,GME,youtube,0,1
2024-06-15,should i buy Tesla or wait?,neutral,0.18692426403795998,TSLA,youtube,246,2
2024-09-11,waiting for Google to dip more,neutral,-0.188362462790521,GOOGL,youtube,0,4
2024-07-03,"never selling my NVDA shares, generational wealth",positive,0.550648871590886,NVDA,youtube,50,0
2023-10-02,"idk about AMZN tbh, mixed signals",neutral,-0.11579153299074632,AMZN,youtube,31,1
2023-12-05,lmao SPY bagholders in shambles,negative,-0.6188408947626988,SPY,youtube,248,11
2023-10-06,"GameStop scam, dont buy this garbage",negative,-0.43160233299555334,GME,youtube,84,1
2023-12-09,should i buy Meta or wait?,neutral,-0.1316894374677237,META,youtube,179,3
2023-12-27,waiting for Microsoft to dip more,neutral,-0.04841733166111331,MSFT,youtube,94,0
2024-09-18,GOOGL making me rich fr fr,positive,0.3779979511342842,GOOGL,youtube,0,2
2023-04-28,told yall Nvidia was gonna pump,positive,0.5066728130647075,NVDA,youtube,63,2
2024-06-26,biggest regret buying TSLA smh,negative,-0.8313940548361939,TSLA,youtube,0,12
2023-07-18,"sold all my Amazon, this thing is done",negative,-0.8185806252499495,AMZN,youtube,3,4
2024-01-20,why did i buy AAPL?? down so bad rn,negative,-0.5196003009867627,AAPL,youtube,108,9
2023-04-25,waiting for Meta to dip more,neutral,-0.06637540387315558,META,youtube,71,0
2023-11-17,why did i buy Tesla?? down so bad rn,negative,-0.594907050095568,TSLA,youtube,163,0
2023-05-03,🚀🚀🚀 AMC to the moon!!!,positive,0.586818313754059,AMC,youtube,58,2
2023-12-01,"MSFT scam, dont buy this garbage",negative,-0.7406993602995086,MSFT,youtube,53,4
2023-03-12,"this is gonna be huge, Nvidia will 10x easy",positive,0.8405509675909897,NVDA,youtube,5,6
2023-08-25,why did i buy NVDA?? down so bad rn,negative,-0.8677654291446368,NVDA,youtube,69,0
2023-07-04,anyone still holding Tesla?,neutral,0.13145249615332583,TSLA,youtube,16,3
2023-05-12,"this is gonna be huge, Meta will 10x easy",positive,0.8708580272228037,META,youtube,4,13
2023-03-12,"sold all my META, this thing is done",negative,-0.45726829055022855,META,youtube,2,0
2023-02-05,told yall SPY was gonna pump,positive,0.396523255653425,SPY,youtube,22,4
2024-05-11,"never selling my AMC shares, generational wealth",positive,0.3732570333204708,AMC,youtube,92,9
2023-07-04,should i buy SPY or wait?,neutral,-0.06469054771978239,SPY,youtube,15,1
2024-01-22,"this is gonna be huge, GameStop will 10x easy",positive,0.8424055278763063,GME,youtube,35,4
2023-09-30,"never selling my GameStop shares, generational wealth",positive,0.8084462054442274,GME,youtube,16,4
2023-11-07,"Meta going to zero, get out now",negative,-0.6241151201400776,META,youtube,10,2
2023-07-01,"new to investing, is SPY good?",neutral,-0.008401648462164235,SPY,youtube,27,0
2023-06-06,biggest regret buying SPY smh,negative,-0.3329690242104312,SPY,youtube,20,20
2023-03-05,should i buy TSLA or wait?,neutral,0.1322191352063417,TSLA,youtube,25,15
2024-05-14,diamond hands 💎🙌 holding Meta forever,positive,0.3457079357774604,META,youtube,2,1
2024-06-14,why did i buy SPY?? down so bad rn,negative,-0.5350778854217193,SPY,youtube,74,6
2024-07-06,"best stock ever, Tesla is the future",positive,0.5992006440713742,TSLA,youtube,94,1
2024-11-25,anyone still holding AAPL?,neutral,-0.12044219942807831,AAPL,youtube,10,0
2024-09-13,"GOOGL going to zero, get out now",negative,-0.8042525999896423,GOOGL,youtube,54,1
2024-07-13,why did i buy AMZN?? down so bad rn,negative,-0.40657817945449687,AMZN,youtube,13,0
2023-02-23,"best stock ever, SPY is the future",positive,0.3285119796882246,SPY,youtube,93,0
2023-06-02,lol bears are so wrong about Apple,positive,0.7435300978489641,AAPL,youtube,3,0
2023-12-08,"Nvidia is trash, worst investment ever",negative,-0.6204914064280401,NVDA,youtube,20,2
2023-09-22,paper hands saved me from Google disaster,negative,-0.38879466385665373,GOOGL,youtube,27,5
2024-04-09,"this is gonna be huge, Tesla will 10x easy",positive,0.7826374809203664,TSLA,youtube,64,3
2024-10-25,"idk about Microsoft tbh, mixed signals",neutral,-0.14395293173498258,MSFT,youtube,46,25
2023-12-16,who else is buying the dip? GameStop gang,positive,0.674740211065674,GME,youtube,7,2
2024-01-30,"best stock ever, SPY is the future",positive,0.492435502996421,SPY,youtube,37,7
2024-07-30,rip to everyone who bought MSFT at the top,negative,-0.748936059566741,MSFT,youtube,29,3
2023-05-03,"Amazon going to zero, get out now",negative,-0.7889386861673733,AMZN,youtube,61,2
2023-11-02,anyone still holding Nvidia?,neutral,0.05659883268206223,NVDA,youtube,39,1
2023-01-26,my portfolio up 500% thanks to AMZN 😂,positive,0.30856869875839726,AMZN,youtube,22,1
2023-07-17,anyone still holding Meta?,neutral,-0.19854809997611522,META,youtube,144,1
2023-04-17,anyone still holding NVDA?,neutral,0.07380513968087388,NVDA,youtube,93,1
2024-01-03,"new to investing, is NVDA good?",neutral,0.11042099959154283,NVDA,youtube,72,3
2023-02-15,"new to investing, is GOOGL good?",neutral,-0.19978886252566708,GOOGL,youtube,75,6
2023-08-03,why did i buy Meta?? down so bad rn,negative,-0.38153231548574496,META,youtube,0,2
2024-04-12,my portfolio up 500% thanks to AMZN 😂,positive,0.7672491398994631,AMZN,youtube,138,9
2023-02-25,"best stock ever, Meta is the future",positive,0.5488725871843498,META,youtube,54,6
2023-03-04,who else is buying the dip? Google gang,positive,0.38226146841237535,GOOGL,youtube,17,11
2023-04-08,diamond hands 💎🙌 holding GOOGL forever,positive,0.6171217237986046,GOOGL,youtube,76,2
2024-11-09,my portfolio up 500% thanks to AMC 😂,positive,0.5925175280813413,AMC,youtube,171,6
2023-05-29,"new to investing, is Meta good?",neutral,0.10169283662330991,META,youtube,16,3
2023-03-01,"idk about NVDA tbh, mixed signals",neutral,-0.11201080024472532,NVDA,youtube,8,1
2023-05-15,"new to investing, is META good?",neutral,-0.06429748897579388,META,youtube,83,0
2024-09-28,waiting for SPY to dip more,neutral,-0.13706301177562374,SPY,youtube,28,5
2023-11-20,anyone still holding NVDA?,neutral,-0.03196192648099161,NVDA,youtube,32,21
2023-06-04,rip to everyone who bought AMC at the top,negative,-0.31162356514456735,AMC,youtube,26,0
2024-02-10,why did i buy Tesla?? down so bad rn,negative,-0.46006782967782806,TSLA,youtube,25,4
2023-10-24,why did i buy Google?? down so bad rn,negative,-0.38585301178782283,GOOGL,youtube,88,0
2024-04-14,rip to everyone who bought Apple at the top,negative,-0.7020557733896307,AAPL,youtube,20,0
2023-04-15,whats the PT for SPY?,neutral,0.17278124908492315,SPY,youtube,38,6
2024-02-26,"GOOGL scam, dont buy this garbage",negative,-0.8087283958617429,GOOGL,youtube,103,0
2023-11-06,"SPY is trash, worst investment ever",negative,-0.8168544763398167,SPY,youtube,58,4
2024-05-03,anyone still holding AAPL?,neutral,0.17966813314720204,AAPL,youtube,10,7
2023-10-29,"this is gonna be huge, Google will 10x easy",positive,0.680671596003593,GOOGL,youtube,13,3
2023-02-26,told yall Tesla was gonna pump,positive,0.4610845264849217,TSLA,youtube,4,1
2023-05-03,who else got rekt by META? 😭,negative,-0.5113996819830987,META,youtube,54,0
2023-04-07,"never selling my GOOGL shares, generational wealth",positive,0.5473350814491555,GOOGL,youtube,54,1
2023-10-13,anyone still holding AAPL?,neutral,-0.08320906044123025,AAPL,youtube,78,13
2023-03-18,TSLA looking interesting ngl,neutral,-0.15442997744488013,TSLA,youtube,48,5
2024-11-08,paper hands saved me from GME disaster,negative,-0.6285724168892195,GME,youtube,136,3
2023-12-11,🚀🚀🚀 AMZN to the moon!!!,positive,0.6348965934943485,AMZN,youtube,22,1
2024-01-15,what do yall think about SPY?,neutral,-0.15839583456485262,SPY,youtube,25,4
2024-02-17,whats the PT for NVDA?,neutral,-0.1331322849137344,NVDA,youtube,6,7
2023-04-26,just bought more GOOGL let's gooo,positive,0.5202317458983298,GOOGL,youtube,26,8
2024-03-21,"AMC going to zero, get out now",negative,-0.7969286877251563,AMC,youtube,159,2
2023-06-28,lmao Google bagholders in shambles,negative,-0.7720908452041005,GOOGL,youtube,11,14
2023-01-03,MSFT looking interesting ngl,neutral,-0.09895762452759822,MSFT,youtube,3,0
2024-04-23,"idk about GME tbh, mixed signals",neutral,-0.08404245351714312,GME,youtube,33,0
2023-10-21,META looking interesting ngl,neutral,-0.18722536258988579,META,youtube,14,3
2024-09-09,Google making me rich fr fr,positive,0.7502461043083035,GOOGL,youtube,25,0
2024-10-31,anyone still holding AMZN?,neutral,-0.08788815250063764,AMZN,youtube,58,0
2024-04-30,lol bears are so wrong about TSLA,positive,0.4697611151666121,TSLA,youtube,0,3
2023-10-24,"this is gonna be huge, MSFT will 10x easy",positive,0.367080125914231,MSFT,youtube,5,1
2023-12-24,🚀🚀🚀 GameStop to the moon!!!,positive,0.34515818088981715,GME,youtube,11,1
2023-01-17,should i buy SPY or wait?,neutral,0.03615122582950278,SPY,youtube,2,9
2024-09-07,whats the PT for TSLA?,neutral,-0.06897802545590057,TSLA,youtube,13,4
2023-10-13,"MSFT is trash, worst investment ever",negative,-0.4668897358951561,MSFT,youtube,7,0
2023-01-27,"sold all my AAPL, this thing is done",negative,-0.4744335966352328,AAPL,youtube,21,12
2023-04-20,who else is buying the dip? SPY gang,positive,0.5628095291307773,SPY,youtube,17,12
2024-10-26,should i buy Amazon or wait?,neutral,-0.1602187510896846,AMZN,youtube,34,7
2023-02-24,just bought more GME let's gooo,positive,0.5797365301602575,GME,youtube,57,0
2023-05-25,who else is buying the dip? Meta gang,positive,0.8420004382884028,META,youtube,19,27
2023-08-05,waiting for MSFT to dip more,neutral,-0.136103411712477,MSFT,youtube,110,5
2023-04-02,waiting for Google to dip more,neutral,0.025102393747951007,GOOGL,youtube,10,7
2023-09-18,whats the PT for TSLA?,neutral,-0.034523382052876306,TSLA,youtube,8,15
2023-12-23,"best stock ever, AMZN is the future",positive,0.581101398206181,AMZN,youtube,37,6
2024-05-25,🚀🚀🚀 Google to the moon!!!,positive,0.3691967592990719,GOOGL,youtube,65,8
2023-03-31,just bought more Amazon let's gooo,positive,0.4184600074054126,AMZN,youtube,79,11
2024-05-17,lmao Amazon bagholders in shambles,negative,-0.76376788359735,AMZN,youtube,49,0
2023-07-06,rip to everyone who bought AAPL at the top,negative,-0.6894782979120835,AAPL,youtube,17,0
2024-07-17,"new to investing, is SPY good?",neutral,-0.060438424008610964,SPY,youtube,4,1
2023-08-14,rip to everyone who bought Meta at the top,negative,-0.32992744570228005,META,youtube,94,10
2024-09-05,"sold all my AMZN, this thing is done",negative,-0.8779062343983637,AMZN,youtube,24,0
2023-11-27,biggest regret buying GME smh,negative,-0.7951248742962265,GME,youtube,55,2
2024-02-12,apes together strong 🦍 AMZN,positive,0.751651746407983,AMZN,youtube,22,0
2023-03-02,lmao Meta bagholders in shambles,negative,-0.30716722564602694,META,youtube,12,15
2023-04-27,🚀🚀🚀 META to the moon!!!,positive,0.4484117793858938,META,youtube,17,1
2023-06-04,"this is gonna be huge, META will 10x easy",positive,0.4150290249315377,META,youtube,70,6
2024-11-21,"this is gonna be huge, TSLA will 10x easy",positive,0.7162387455255266,TSLA,youtube,60,3
2023-03-02,told yall AMC was gonna pump,positive,0.8619121134304721,AMC,youtube,40,1
2023-01-27,told yall AMZN was gonna pump,positive,0.3377684605127305,AMZN,youtube,72,7
2024-06-13,"this is gonna be huge, MSFT will 10x easy",positive,0.4673091746001625,MSFT,youtube,2,3
2023-05-13,"best stock ever, Apple is the future",positive,0.8673988580579182,AAPL,youtube,5,1
2023-11-26,"idk about AMZN tbh, mixed signals",neutral,0.13847262034479274,AMZN,youtube,205,6
2023-04-02,"sold all my MSFT, this thing is done",negative,-0.4081813951358616,MSFT,youtube,7,3
2023-11-10,"Amazon scam, dont buy this garbage",negative,-0.31780225423213315,AMZN,youtube,204,8
2024-05-12,what do yall think about Apple?,neutral,-0.16359796991748193,AAPL,youtube,7,1
2024-01-21,anyone still holding AAPL?,neutral,0.0321695396740207,AAPL,youtube,64,3
2024-04-21,"this is gonna be huge, Meta will 10x easy",positive,0.44588005787495166,META,youtube,55,9
2024-07-03,told yall AAPL was gonna pump,positive,0.62369723338711,AAPL,youtube,164,6
2023-03-02,"sold all my AMC, this thing is done",negative,-0.5395856407149311,AMC,youtube,14,20
2023-12-22,waiting for Apple to dip more,neutral,0.021266821700431565,AAPL,youtube,4,2
2024-06-15,"Microsoft is trash, worst investment ever",negative,-0.7797387129640946,MSFT,youtube,22,2
2024-06-06,what do yall think about Nvidia?,neutral,0.0784841809316209,NVDA,youtube,43,1
2023-10-25,"Microsoft is trash, worst investment ever",negative,-0.32797828499016046,MSFT,youtube,25,5
2023-01-15,"new to investing, is SPY good?",neutral,-0.11784210427330377,SPY,youtube,108,7
2024-02-01,who else got rekt by Nvidia? 😭,negative,-0.38428586376166085,NVDA,youtube,85,11
2024-01-22,"new to investing, is META good?",neutral,0.010507095443098663,META,youtube,84,5
2024-04-08,diamond hands 💎🙌 holding Nvidia forever,positive,0.6261883784194171,NVDA,youtube,16,5
2024-09-05,"this is gonna be huge, SPY will 10x easy",positive,0.743564701893098,SPY,youtube,43,9
2024-11-18,"sold all my Meta, this thing is done",negative,-0.705931082288622,META,youtube,4,2
2024-03-18,"this is gonna be huge, Amazon will 10x easy",positive,0.8976390479667731,AMZN,youtube,190,2
2024-06-21,why did i buy Microsoft?? down so bad rn,negative,-0.3393188642070931,MSFT,youtube,14,2
2023-02-18,"MSFT is trash, worst investment ever",negative,-0.44472982948100653,MSFT,youtube,36,20
2024-06-02,who else got rekt by GME? 😭,negative,-0.6187131765595548,GME,youtube,163,6
2023-02-08,"this is gonna be huge, AMC will 10x easy",positive,0.5877570016794602,AMC,youtube,48,9
2024-10-30,just bought more SPY let's gooo,positive,0.5233089607279775,SPY,youtube,65,5
2023-02-18,"best stock ever, AAPL is the future",positive,0.4974434888578775,AAPL,youtube,30,2
2024-07-09,"new to investing, is GameStop good?",neutral,-0.04391510357511469,GME,youtube,18,0
2024-08-23,rip to everyone who bought AMC at the top,negative,-0.6400661781657044,AMC,youtube,42,0
2023-04-20,who else is buying the dip? META gang,positive,0.32152199251546665,META,youtube,27,1
2023-11-14,"new to investing, is AMC good?",neutral,0.09495253755482697,AMC,youtube,12,3
2024-10-28,whats the PT for TSLA?,neutral,-0.03433846840220797,TSLA,youtube,320,5
2023-04-09,should i buy SPY or wait?,neutral,0.11598731728893913,SPY,youtube,211,0
2023-07-28,"SPY is trash, worst investment ever",negative,-0.8618935103470714,SPY,youtube,112,5
2023-03-14,"best stock ever, SPY is the future",positive,0.6436767014331637,SPY,youtube,67,0
2023-01-04,"this is gonna be huge, GME will 10x easy",positive,0.5875020784487357,GME,youtube,108,11
2023-09-24,GOOGL making me rich fr fr,positive,0.7183611059353299,GOOGL,youtube,32,4
2023-07-28,diamond hands 💎🙌 holding SPY forever,positive,0.48829830362670945,SPY,youtube,108,4
2023-03-23,told yall NVDA was gonna pump,positive,0.7379955190202083,NVDA,youtube,19,2
2024-03-29,diamond hands 💎🙌 holding GME forever,positive,0.3672778306090645,GME,youtube,382,10
2023-09-15,why did i buy GME?? down so bad rn,negative,-0.5410821515212053,GME,youtube,26,15
2024-05-26,"idk about AMC tbh, mixed signals",neutral,0.09084993763384802,AMC,youtube,47,1
2023-01-17,"new to investing, is MSFT good?",neutral,-0.18160021427604525,MSFT,youtube,47,3
2023-02-14,paper hands saved me from GOOGL disaster,negative,-0.38058724853809134,GOOGL,youtube,47,8
2023-07-22,"new to investing, is TSLA good?",neutral,-0.17083704411098447,TSLA,youtube,2,1
2024-10-22,paper hands saved me from Google disaster,negative,-0.6206136395181063,GOOGL,youtube,170,6
2023-05-30,"Nvidia going to zero, get out now",negative,-0.8067582901025466,NVDA,youtube,16,4
2024-11-07,Microsoft looking interesting ngl,neutral,-0.08474136560721024,MSFT,youtube,55,0
2023-04-20,Microsoft making me rich fr fr,positive,0.3721519034035224,MSFT,youtube,13,3
2023-08-02,"best stock ever, META is the future",positive,0.3708879736677192,META,youtube,33,7
2023-02-11,anyone still holding GOOGL?,neutral,0.061699054284483856,GOOGL,youtube,47,1
2023-12-26,who else is buying the dip? SPY gang,positive,0.5160963303200244,SPY,youtube,66,15
2024-05-23,"never selling my SPY shares, generational wealth",positive,0.7313470882035468,SPY,youtube,149,10
2023-03-11,"never selling my Google shares, generational wealth",positive,0.4014971071558449,GOOGL,youtube,29,3
2023-09-19,"never selling my META shares, generational wealth",positive,0.43351616036615515,META,youtube,108,3
2024-05-30,who else got rekt by GME? 😭,negative,-0.469855442928595,GME,youtube,17,6
2024-11-25,"GameStop going to zero, get out now",negative,-0.4410741086452941,GME,youtube,98,0
2023-10-05,apes together strong 🦍 GME,positive,0.43441240056672126,GME,youtube,9,11
2024-11-15,just bought more SPY let's gooo,positive,0.5570581754391266,SPY,youtube,21,0
2024-03-16,waiting for GOOGL to dip more,neutral,-0.05691211218495204,GOOGL,youtube,19,1
2024-05-13,"never selling my MSFT shares, generational wealth",positive,0.39938538592050576,MSFT,youtube,33,0
2023-03-12,AMC looking interesting ngl,neutral,0.07263764475138962,AMC,youtube,13,15
2023-06-05,told yall Amazon was gonna pump,positive,0.48945765472215863,AMZN,youtube,22,0
2023-03-31,should i buy AMC or wait?,neutral,0.14299829668107922,AMC,youtube,123,3
2024-03-24,"GameStop going to zero, get out now",negative,-0.4427017092553211,GME,youtube,6,1
2023-08-09,"never selling my Apple shares, generational wealth",positive,0.8309357553878005,AAPL,youtube,26,2
2024-05-12,lol bears are so wrong about Tesla,positive,0.7865075681152178,TSLA,youtube,144,1
2023-06-27,AMC looking interesting ngl,neutral,0.12927103202426043,AMC,youtube,1,5
2023-06-13,should i buy GameStop or wait?,neutral,0.19348336240779435,GME,youtube,10,0
2023-10-29,my portfolio up 500% thanks to Nvidia 😂,positive,0.8794218245356558,NVDA,youtube,39,9
2023-07-07,"META is trash, worst investment ever",negative,-0.8945690149464822,META,youtube,70,3
2023-09-30,"sold all my Amazon, this thing is done",negative,-0.3536606488632662,AMZN,youtube,284,18
2024-09-20,whats the PT for AMZN?,neutral,0.18364203683187547,AMZN,youtube,21,0
2024-04-04,what do yall think about GME?,neutral,-0.10395731498044475,GME,youtube,5,0
2023-03-01,"best stock ever, AMC is the future",positive,0.7241397764751298,AMC,youtube,72,1
2023-09-22,just bought more Amazon let's gooo,positive,0.7932554402223012,AMZN,youtube,17,0
2023-12-31,"AMC is trash, worst investment ever",negative,-0.635315448743273,AMC,youtube,41,7
2023-03-14,told yall NVDA was gonna pump,positive,0.8373470039043116,NVDA,youtube,42,1
2023-04-26,"TSLA is trash, worst investment ever",negative,-0.6438401569291516,TSLA,youtube,32,8
2023-06-08,biggest regret buying AAPL smh,negative,-0.6820406965308022,AAPL,youtube,66,0
2023-10-09,apes together strong 🦍 AMZN,positive,0.4762027831453005,AMZN,youtube,42,21
2024-03-31,just bought more Microsoft let's gooo,positive,0.3937162160070404,MSFT,youtube,61,4
2023-05-25,"sold all my Nvidia, this thing is done",negative,-0.3992247762415312,NVDA,youtube,5,1
2023-09-15,who else got rekt by AMZN? 😭,negative,-0.582032643558001,AMZN,youtube,59,16
2023-03-21,"this is gonna be huge, AMC will 10x easy",positive,0.5808196994085582,AMC,youtube,19,7
2023-11-10,anyone still holding Apple?,neutral,-0.050724842579768475,AAPL,youtube,2,0
2023-05-25,told yall TSLA was gonna pump,positive,0.556707178625433,TSLA,youtube,16,2
2024-01-17,just bought more SPY let's gooo,positive,0.7270652823610668,SPY,youtube,3,5
2023-11-30,"META is trash, worst investment ever",negative,-0.8883599822870385,META,youtube,96,12
2024-07-14,who else got rekt by Meta? 😭,negative,-0.6861378999558142,META,youtube,17,24
2023-05-27,waiting for META to dip more,neutral,0.15387118649611525,META,youtube,19,1
2024-05-18,"this is gonna be huge, META will 10x easy",positive,0.7504312382305638,META,youtube,33,1
2023-09-18,"best stock ever, Meta is the future",positive,0.41469343934140385,META,youtube,24,3
2024-09-08,told yall TSLA was gonna pump,positive,0.44243748969652597,TSLA,youtube,13,2
2023-01-21,just bought more Nvidia let's gooo,positive,0.3158009452913301,NVDA,youtube,43,16
2023-11-26,told yall Tesla was gonna pump,positive,0.3589056295062356,TSLA,youtube,18,9
2023-09-24,biggest regret buying NVDA smh,negative,-0.3298805658624,NVDA,youtube,36,6
2023-08-28,rip to everyone who bought META at the top,negative,-0.4423575193817714,META,youtube,57,3
2024-06-09,apes together strong 🦍 Tesla,positive,0.4420819336299885,TSLA,youtube,20,0
2024-03-11,who else is buying the dip? AMC gang,positive,0.6095338695962232,AMC,youtube,197,4
2023-03-28,"MSFT scam, dont buy this garbage",negative,-0.524329298420729,MSFT,youtube,8,2
2023-02-13,"idk about Tesla tbh, mixed signals",neutral,-0.0634848849230484,TSLA,youtube,32,6
2024-10-16,"GME going to zero, get out now",negative,-0.7347734569130563,GME,youtube,11,1
2024-04-26,biggest regret buying NVDA smh,negative,-0.7756802066381628,NVDA,youtube,10,6
2024-11-14,told yall AMC was gonna pump,positive,0.44344256160227047,AMC,youtube,133,1
2023-03-13,"this is gonna be huge, AAPL will 10x easy",positive,0.462464277672751,AAPL,youtube,1,6
2024-08-26,"Tesla is trash, worst investment ever",negative,-0.5709919589621999,TSLA,youtube,77,15
2023-07-24,"never selling my SPY shares, generational wealth",positive,0.6308862295144633,SPY,youtube,8,6
2024-09-12,just bought more Nvidia let's gooo,positive,0.3297968893341414,NVDA,youtube,29,9
2024-08-31,"GOOGL is trash, worst investment ever",negative,-0.44664028848980625,GOOGL,youtube,15,3
2023-11-25,my portfolio up 500% thanks to Microsoft 😂,positive,0.4691527502711952,MSFT,youtube,25,1
2023-06-08,just bought more GOOGL let's gooo,positive,0.6241914842419338,GOOGL,youtube,36,1
2024-03-25,AMC making me rich fr fr,positive,0.3626431198210807,AMC,youtube,47,11
2024-05-21,waiting for GameStop to dip more,neutral,0.16650848321152195,GME,youtube,22,18
2024-09-09,"new to investing, is META good?",neutral,-0.15306182968005688,META,youtube,13,0
2024-06-27,"new to investing, is AMZN good?",neutral,-0.07952099526535639,AMZN,youtube,13,9
2024-01-25,who else is buying the dip? NVDA gang,positive,0.8695676217335953,NVDA,youtube,145,8
2023-04-11,"AMZN going to zero, get out now",negative,-0.6329188806342387,AMZN,youtube,27,3
2023-03-25,just bought more Microsoft let's gooo,positive,0.4372203975728942,MSFT,youtube,9,6
2023-10-17,who else got rekt by AMZN? 😭,negative,-0.8448500515675355,AMZN,youtube,80,1
2023-07-23,"Tesla is trash, worst investment ever",negative,-0.6058144600203772,TSLA,youtube,9,3
2023-01-17,paper hands saved me from GameStop disaster,negative,-0.7338247998615128,GME,youtube,67,2
2023-11-28,"never selling my NVDA shares, generational wealth",positive,0.34026205516094965,NVDA,youtube,4,0
2024-06-06,just bought more GOOGL let's gooo,positive,0.5797858424290031,GOOGL,youtube,29,12
2023-01-06,lol bears are so wrong about Tesla,positive,0.8052197426734642,TSLA,youtube,45,2
2023-03-03,"new to investing, is GameStop good?",neutral,-0.17268878619358505,GME,youtube,2,1
2024-09-26,paper hands saved me from SPY disaster,negative,-0.8124882280434893,SPY,youtube,80,0
2023-09-04,waiting for Microsoft to dip more,neutral,-0.14641600734344334,MSFT,youtube,208,0
2023-03-03,lmao GME bagholders in shambles,negative,-0.3162525679412548,GME,youtube,14,1
2023-04-09,lol bears are so wrong about NVDA,positive,0.8898331436144951,NVDA,youtube,21,9
2023-08-23,what do yall think about Nvidia?,neutral,-0.1810570078884383,NVDA,youtube,26,0
2024-03-14,lol bears are so wrong about AAPL,positive,0.8664599282951764,AAPL,youtube,39,0
2023-12-04,just bought more AMC let's gooo,positive,0.7570112510834206,AMC,youtube,22,5
2023-09-04,"new to investing, is AMZN good?",neutral,-0.020054693219481917,AMZN,youtube,21,0
2023-04-29,diamond hands 💎🙌 holding Microsoft forever,positive,0.5144687728595623,MSFT,youtube,116,5
2023-07-27,anyone still holding AMC?,neutral,-0.06097942232975645,AMC,youtube,83,0
2023-04-30,just bought more Meta let's gooo,positive,0.6851772743672152,META,youtube,8,1
2023-11-13,what do yall think about SPY?,neutral,-0.024292915670112686,SPY,youtube,58,3
2023-07-04,🚀🚀🚀 Microsoft to the moon!!!,positive,0.829293805844747,MSFT,youtube,105,1
2024-02-07,"NVDA scam, dont buy this garbage",negative,-0.6991859366575135,NVDA,youtube,132,2
2023-10-12,diamond hands 💎🙌 holding AMC forever,positive,0.7566437443345,AMC,youtube,12,3
2023-06-12,should i buy TSLA or wait?,neutral,0.13516867597013826,TSLA,youtube,32,3
2024-05-12,paper hands saved me from AAPL disaster,negative,-0.8664933041933502,AAPL,youtube,63,10
2024-06-19,lol bears are so wrong about Google,positive,0.7907021453365971,GOOGL,youtube,228,4
2024-04-10,paper hands saved me from Microsoft disaster,negative,-0.4923115340800654,MSFT,youtube,27,2
2023-07-01,"new to investing, is Tesla good?",neutral,-0.025799719160503054,TSLA,youtube,240,10
2024-02-25,my portfolio up 500% thanks to Nvidia 😂,positive,0.6012571400483506,NVDA,youtube,62,3
2024-09-19,diamond hands 💎🙌 holding GameStop forever,positive,0.32856736431521144,GME,youtube,11,13
2024-04-07,META looking interesting ngl,neutral,-0.11252217635964118,META,youtube,13,4
2023-03-29,AMC making me rich fr fr,positive,0.44728035017509116,AMC,youtube,21,0
2023-12-31,waiting for META to dip more,neutral,0.09618334394665407,META,youtube,65,1
2023-11-19,"Google scam, dont buy this garbage",negative,-0.778581705526564,GOOGL,youtube,45,1
2023-09-11,diamond hands 💎🙌 holding GME forever,positive,0.6110602474952385,GME,youtube,110,6
2023-05-25,"GOOGL is trash, worst investment ever",negative,-0.7792437092665521,GOOGL,youtube,7,1
2023-01-08,"idk about Microsoft tbh, mixed signals",neutral,0.021141965661723383,MSFT,youtube,52,1
2023-01-04,waiting for TSLA to dip more,neutral,-0.18953494994235714,TSLA,youtube,1,0
2023-11-29,"idk about AMZN tbh, mixed signals",neutral,-0.17761146925526372,AMZN,youtube,71,12
2023-08-03,told yall AMC was gonna pump,positive,0.8632653307716707,AMC,youtube,32,0
2024-08-18,"this is gonna be huge, SPY will 10x easy",positive,0.7818806140795939,SPY,youtube,3,9
2024-01-25,anyone still holding Nvidia?,neutral,-0.0607984924960602,NVDA,youtube,64,2
2023-02-03,"idk about Nvidia tbh, mixed signals",neutral,-0.04005894447434999,NVDA,youtube,1,3
2023-01-09,"Meta is trash, worst investment ever",negative,-0.5257053592089901,META,youtube,12,2
2024-09-19,"AMC scam, dont buy this garbage",negative,-0.6467683273830644,AMC,youtube,3,4
2024-01-30,"idk about GOOGL tbh, mixed signals",neutral,-0.06177772661856959,GOOGL,youtube,19,11
2024-01-09,told yall Apple was gonna pump,positive,0.37089109151443017,AAPL,youtube,33,5
2024-08-24,should i buy GOOGL or wait?,neutral,-0.19697686344233512,GOOGL,youtube,3,4
2023-08-19,why did i buy SPY?? down so bad rn,negative,-0.5599253384526989,SPY,youtube,77,11
2023-07-24,diamond hands 💎🙌 holding NVDA forever,positive,0.6583338095098907,NVDA,youtube,2,2
2024-10-25,"new to investing, is Microsoft good?",neutral,0.1551479166915289,MSFT,youtube,2,9
2024-10-27,who else got rekt by AMC? 😭,negative,-0.5670309737629339,AMC,youtube,122,0
2023-02-07,told yall AMC was gonna pump,positive,0.7470515583916495,AMC,youtube,20,2
2024-05-10,why did i buy MSFT?? down so bad rn,negative,-0.7505735748107791,MSFT,youtube,5,3
2024-02-07,waiting for AMC to dip more,neutral,0.0013274279614075846,AMC,youtube,60,5
2023-06-17,rip to everyone who bought AMC at the top,negative,-0.7895607663005192,AMC,youtube,68,1
2024-03-11,"sold all my NVDA, this thing is done",negative,-0.5527200527495502,NVDA,youtube,19,3
2024-09-13,"TSLA is trash, worst investment ever",negative,-0.6170070312904823,TSLA,youtube,20,3
2024-02-22,lmao GME bagholders in shambles,negative,-0.7608329031788426,GME,youtube,0,1
2023-01-23,GameStop looking interesting ngl,neutral,0.10570338707290416,GME,youtube,51,4
2023-12-26,anyone still holding GOOGL?,neutral,-0.10447247604120583,GOOGL,youtube,21,21
2024-06-13,diamond hands 💎🙌 holding AMZN forever,positive,0.6387723934123896,AMZN,youtube,20,12
2024-05-04,who else is buying the dip? Meta gang,positive,0.49193198085531337,META,youtube,29,1
2023-01-10,diamond hands 💎🙌 holding Tesla forever,positive,0.6962196150680526,TSLA,youtube,45,6
2024-04-16,lol bears are so wrong about AMC,positive,0.5306877127965346,AMC,youtube,43,4
2024-11-19,whats the PT for AAPL?,neutral,-0.1999581156807426,AAPL,youtube,2,4
2023-11-05,biggest regret buying SPY smh,negative,-0.8255960329671309,SPY,youtube,16,5
2024-03-12,anyone still holding Amazon?,neutral,-0.1995983035651837,AMZN,youtube,62,7
2024-09-18,"AMZN going to zero, get out now",negative,-0.734602240549454,AMZN,youtube,9,1
2024-05-10,Microsoft making me rich fr fr,positive,0.35851308865810955,MSFT,youtube,35,3
2023-09-14,TSLA making me rich fr fr,positive,0.45708923311833,TSLA,youtube,6,5
2023-03-25,"idk about AMC tbh, mixed signals",neutral,0.16000326779572005,AMC,youtube,19,2
2023-05-20,diamond hands 💎🙌 holding NVDA forever,positive,0.5931108275561592,NVDA,youtube,3,4
2023-01-18,"this is gonna be huge, Meta will 10x easy",positive,0.5991411315333712,META,youtube,32,9
2023-12-25,apes together strong 🦍 Amazon,positive,0.6801993106474318,AMZN,youtube,17,3
2023-03-18,diamond hands 💎🙌 holding GOOGL forever,positive,0.6919634307642334,GOOGL,youtube,2,6
2024-07-29,told yall Google was gonna pump,positive,0.4179889522600608,GOOGL,youtube,5,4
2023-11-10,who else got rekt by GameStop? 😭,negative,-0.5844586155132407,GME,youtube,9,2
2023-10-16,why did i buy AMC?? down so bad rn,negative,-0.7909816556266398,AMC,youtube,40,11
2024-08-14,just bought more Tesla let's gooo,positive,0.6838610712413852,TSLA,youtube,86,9
2023-04-03,who else is buying the dip? AAPL gang,positive,0.4930187218180601,AAPL,youtube,6,0
2023-07-03,why did i buy TSLA?? down so bad rn,negative,-0.7830483794480226,TSLA,youtube,68,0
2024-05-18,whats the PT for TSLA?,neutral,0.025473533536091553,TSLA,youtube,118,5
2024-01-25,🚀🚀🚀 Meta to the moon!!!,positive,0.8368655135941814,META,youtube,128,3
2023-05-04,"sold all my Amazon, this thing is done",negative,-0.8817824115779247,AMZN,youtube,90,5
2023-07-28,what do yall think about AAPL?,neutral,-0.016908186915138262,AAPL,youtube,28,2
2024-10-28,whats the PT for Google?,neutral,-0.11859666851899511,GOOGL,youtube,26,3
2023-10-09,who else got rekt by NVDA? 😭,negative,-0.48042482984946416,NVDA,youtube,27,6
2023-07-11,who else got rekt by SPY? 😭,negative,-0.3683374800630831,SPY,youtube,63,2
2023-11-28,"SPY is trash, worst investment ever",negative,-0.6423103505513215,SPY,youtube,3,3
2023-09-08,"this is gonna be huge, GOOGL will 10x easy",positive,0.4215284272053608,GOOGL,youtube,159,6
2024-06-12,"this is gonna be huge, TSLA will 10x easy",positive,0.5784425684761387,TSLA,youtube,10,10
2024-01-08,anyone still holding Google?,neutral,0.04414081788421051,GOOGL,youtube,104,4
2023-02-21,"Nvidia going to zero, get out now",negative,-0.5835612210509005,NVDA,youtube,6,1
2024-07-02,"sold all my GameStop, this thing is done",negative,-0.4501835904170657,GME,youtube,30,3
2023-10-19,apes together strong 🦍 AAPL,positive,0.797674874198978,AAPL,youtube,36,2
2024-06-19,"idk about Amazon tbh, mixed signals",neutral,0.1774352278330124,AMZN,youtube,60,0
2023-05-13,should i buy GameStop or wait?,neutral,0.09956305731740583,GME,youtube,45,0
2024-03-13,"this is gonna be huge, NVDA will 10x easy",positive,0.6435532561711532,NVDA,youtube,3,0
2023-10-03,"idk about Google tbh, mixed signals",neutral,0.04736310672081312,GOOGL,youtube,6,10
2024-06-29,🚀🚀🚀 Nvidia to the moon!!!,positive,0.4342595026588927,NVDA,youtube,32,7
2023-01-30,"new to investing, is AAPL good?",neutral,-0.19615192477317908,AAPL,youtube,34,10
2023-09-20,"idk about SPY tbh, mixed signals",neutral,-0.19987166916563961,SPY,youtube,26,7
2024-04-05,rip to everyone who bought GameStop at the top,negative,-0.6693531548106711,GME,youtube,53,27
2024-01-04,whats the PT for GME?,neutral,-0.10436358440664471,GME,youtube,23,6
2023-05-27,why did i buy SPY?? down so bad rn,negative,-0.33089886834191684,SPY,youtube,49,15
2023-07-01,should i buy Apple or wait?,neutral,0.04160723701560437,AAPL,youtube,96,3
2024-06-29,"best stock ever, AMC is the future",positive,0.43275510496701136,AMC,youtube,18,5
2023-06-08,"best stock ever, AAPL is the future",positive,0.4571755379505623,AAPL,youtube,6,2
2024-02-25,apes together strong 🦍 GOOGL,positive,0.3881211672733603,GOOGL,youtube,72,1
2024-05-14,"best stock ever, META is the future",positive,0.7441980067936875,META,youtube,71,3
2023-01-05,"new to investing, is MSFT good?",neutral,0.17116299744587604,MSFT,youtube,133,4
2024-10-11,"GOOGL going to zero, get out now",negative,-0.8571367711486165,GOOGL,youtube,63,1
2024-09-21,paper hands saved me from Amazon disaster,negative,-0.8937825926394588,AMZN,youtube,18,1
2023-01-01,who else got rekt by Apple? 😭,negative,-0.722666447666115,AAPL,youtube,27,3
2023-10-03,Tesla making me rich fr fr,positive,0.7528719346647377,TSLA,youtube,58,1
2024-10-27,anyone still holding TSLA?,neutral,-0.14150559768486662,TSLA,youtube,38,1
2023-01-17,whats the PT for Tesla?,neutral,-0.04417016592893014,TSLA,youtube,45,10
2024-11-20,"best stock ever, Google is the future",positive,0.7966364940886079,GOOGL,youtube,65,5
2023-11-20,rip to everyone who bought SPY at the top,negative,-0.5196180263153898,SPY,youtube,26,2
2024-01-12,who else is buying the dip? Amazon gang,positive,0.33309136458598787,AMZN,youtube,17,14
2023-02-05,"META is trash, worst investment ever",negative,-0.6433622191116684,META,youtube,187,1
2023-08-10,"this is gonna be huge, SPY will 10x easy",positive,0.7462384731964709,SPY,youtube,5,6
2024-11-16,anyone still holding GME?,neutral,0.15810574035869912,GME,youtube,11,2
2023-03-15,should i buy GOOGL or wait?,neutral,-0.04438663778823834,GOOGL,youtube,12,4
2023-06-14,biggest regret buying AMC smh,negative,-0.8130303985124898,AMC,youtube,31,0
2023-03-02,should i buy AMC or wait?,neutral,-0.1275602232778183,AMC,youtube,25,20
2023-06-19,told yall SPY was gonna pump,positive,0.5525255761602593,SPY,youtube,9,8
2024-10-06,"never selling my AMC shares, generational wealth",positive,0.7056279509427472,AMC,youtube,1,5
2023-04-06,lol bears are so wrong about MSFT,positive,0.402472335329726,MSFT,youtube,134,3
2024-06-16,"never selling my TSLA shares, generational wealth",positive,0.46365727331822604,TSLA,youtube,31,6
2023-09-12,what do yall think about MSFT?,neutral,-0.1911679178792897,MSFT,youtube,20,6
2023-02-26,"sold all my AAPL, this thing is done",negative,-0.872284956263342,AAPL,youtube,42,0
2024-09-27,who else got rekt by SPY? 😭,negative,-0.7399375077969308,SPY,youtube,47,4
2024-03-24,"sold all my SPY, this thing is done",negative,-0.6010223388141063,SPY,youtube,157,6
2023-12-06,"GOOGL going to zero, get out now",negative,-0.46952011163982776,GOOGL,youtube,5,4
2024-03-03,paper hands saved me from Tesla disaster,negative,-0.475576895585206,TSLA,youtube,18,0
2023-09-09,apes together strong 🦍 MSFT,positive,0.5187999176849136,MSFT,youtube,37,5
2024-07-31,anyone still holding GameStop?,neutral,-0.16463812243714948,GME,youtube,0,6
2023-09-13,paper hands saved me from Nvidia disaster,negative,-0.48940039513812506,NVDA,youtube,33,0
2023-07-30,lmao Apple bagholders in shambles,negative,-0.44470488454635454,AAPL,youtube,23,4
2024-01-10,diamond hands 💎🙌 holding AMC forever,positive,0.5773318622954129,AMC,youtube,47,10
2023-08-26,"never selling my Apple shares, generational wealth",positive,0.6534163157291389,AAPL,youtube,18,7
2023-08-29,whats the PT for AMZN?,neutral,0.14849430468275437,AMZN,youtube,21,4
2024-01-23,Microsoft making me rich fr fr,positive,0.4864035860246664,MSFT,youtube,83,1
2024-02-23,anyone still holding AMC?,neutral,0.05980322530820459,AMC,youtube,91,0
2024-03-20,"GOOGL is trash, worst investment ever",negative,-0.5259872173960511,GOOGL,youtube,40,7
2023-09-22,lol bears are so wrong about Amazon,positive,0.3829476267006975,AMZN,youtube,1,7
2023-12-05,"this is gonna be huge, TSLA will 10x easy",positive,0.37546858345316136,TSLA,youtube,21,15
2024-01-30,lol bears are so wrong about AMC,positive,0.3122478559350956,AMC,youtube,10,1
2024-10-26,"sold all my NVDA, this thing is done",negative,-0.45394558280864755,NVDA,youtube,59,3
2024-02-18,lol bears are so wrong about SPY,positive,0.7421179149914818,SPY,youtube,73,0
2023-06-30,"never selling my MSFT shares, generational wealth",positive,0.7178002168307349,MSFT,youtube,240,4
2023-08-15,MSFT looking interesting ngl,neutral,0.07834470312091707,MSFT,youtube,89,4
2023-12-16,lol bears are so wrong about GOOGL,positive,0.7684891852888718,GOOGL,youtube,32,5
2023-08-26,rip to everyone who bought NVDA at the top,negative,-0.8037594460979482,NVDA,youtube,17,14
2023-10-03,what do yall think about Tesla?,neutral,0.026900549541634206,TSLA,youtube,82,1
2023-03-11,who else got rekt by AMZN? 😭,negative,-0.7848874169638141,AMZN,youtube,41,0
2023-01-14,🚀🚀🚀 Nvidia to the moon!!!,positive,0.30029838903187384,NVDA,youtube,2,4
2023-06-14,paper hands saved me from META disaster,negative,-0.4414026108524519,META,youtube,139,5
2023-08-06,why did i buy GOOGL?? down so bad rn,negative,-0.8354953305376851,GOOGL,youtube,62,7
2024-04-11,"never selling my SPY shares, generational wealth",positive,0.7263083820204019,SPY,youtube,24,1
2024-10-09,who else is buying the dip? SPY gang,positive,0.6127787692473545,SPY,youtube,109,6
2023-06-14,just bought more AMC let's gooo,positive,0.5127615001965845,AMC,youtube,0,0
2024-08-28,whats the PT for Microsoft?,neutral,0.01699493070008265,MSFT,youtube,5,2
2023-12-14,"AMC is trash, worst investment ever",negative,-0.6741773929476688,AMC,youtube,60,1
2024-10-19,just bought more MSFT let's gooo,positive,0.722067678016785,MSFT,youtube,44,13
2023-03-12,just bought more TSLA let's gooo,positive,0.8016539117511685,TSLA,youtube,85,0
2024-01-08,"idk about MSFT tbh, mixed signals",neutral,-0.07019680854570765,MSFT,youtube,54,0
2023-05-20,"GameStop is trash, worst investment ever",negative,-0.6880868207862041,GME,youtube,107,1
2023-08-17,should i buy AMC or wait?,neutral,-0.15770165682520393,AMC,youtube,17,1
2024-11-18,should i buy NVDA or wait?,neutral,-0.15144628983765243,NVDA,youtube,40,0
2023-09-13,waiting for SPY to dip more,neutral,0.04999700701738491,SPY,youtube,71,1
2023-08-07,"best stock ever, AMC is the future",positive,0.45533795410722855,AMC,youtube,64,2
2024-03-26,lol bears are so wrong about Apple,positive,0.7003638999442354,AAPL,youtube,54,6
2024-03-22,🚀🚀🚀 AAPL to the moon!!!,positive,0.5278845814120556,AAPL,youtube,36,5
2023-08-19,SPY making me rich fr fr,positive,0.7319191345636029,SPY,youtube,35,0
2023-07-27,"sold all my AAPL, this thing is done",negative,-0.3546111344959877,AAPL,youtube,8,7
2023-01-16,my portfolio up 500% thanks to AMZN 😂,positive,0.8970295846358478,AMZN,youtube,105,8
2023-01-17,rip to everyone who bought AMZN at the top,negative,-0.30971578310508285,AMZN,youtube,17,2
2023-03-16,told yall AMZN was gonna pump,positive,0.35570056895070745,AMZN,youtube,33,0
2023-02-04,whats the PT for Microsoft?,neutral,-0.07730717585037686,MSFT,youtube,1,3
2023-12-19,apes together strong 🦍 GameStop,positive,0.41005527683060194,GME,youtube,42,6
2023-06-23,Amazon making me rich fr fr,positive,0.3475646867816669,AMZN,youtube,13,5
2023-10-31,should i buy Tesla or wait?,neutral,-0.03009079973740797,TSLA,youtube,16,2
2023-05-22,SPY making me rich fr fr,positive,0.3024376126147724,SPY,youtube,73,9
2024-09-18,GOOGL making me rich fr fr,positive,0.3623662654043285,GOOGL,youtube,30,5
2023-06-30,apes together strong 🦍 AMZN,positive,0.500832615574868,AMZN,youtube,29,2
2024-11-10,"new to investing, is GOOGL good?",neutral,0.1252801313290654,GOOGL,youtube,2,1
2024-07-21,who else is buying the dip? META gang,positive,0.42257259844899847,META,youtube,54,9
2024-08-31,whats the PT for Apple?,neutral,0.08042198570945241,AAPL,youtube,16,2
2023-09-03,"idk about Meta tbh, mixed signals",neutral,0.011765802630716277,META,youtube,4,5
2024-10-08,rip to everyone who bought AMC at the top,negative,-0.3104546128508998,AMC,youtube,21,6
2024-08-25,just bought more Tesla let's gooo,positive,0.6972263483461867,TSLA,youtube,10,3
2023-02-12,"new to investing, is Microsoft good?",neutral,0.11570472752291405,MSFT,youtube,34,4
2024-11-14,rip to everyone who bought Apple at the top,negative,-0.6046448006473183,AAPL,youtube,58,16
2024-06-24,my portfolio up 500% thanks to Microsoft 😂,positive,0.44526423754000977,MSFT,youtube,2,9
2024-11-02,anyone still holding GME?,neutral,0.18797261594910242,GME,youtube,38,2
2023-02-22,rip to everyone who bought Meta at the top,negative,-0.5237973216356606,META,youtube,35,14
2024-07-19,just bought more GameStop let's gooo,positive,0.7543118166544414,GME,youtube,6,16
2023-11-09,"idk about Google tbh, mixed signals",neutral,-0.08208864909791314,GOOGL,youtube,38,6
2024-09-28,anyone still holding GME?,neutral,-0.117749229255924,GME,youtube,18,5
2024-08-23,"Tesla is trash, worst investment ever",negative,-0.4005337701199885,TSLA,youtube,125,2
2024-08-09,rip to everyone who bought AAPL at the top,negative,-0.6550910893529334,AAPL,youtube,10,7
2023-03-15,"never selling my Meta shares, generational wealth",positive,0.6996447114417541,META,youtube,72,10
2024-10-15,lmao AAPL bagholders in shambles,negative,-0.8423559568462701,AAPL,youtube,30,3
2023-07-21,"META scam, dont buy this garbage",negative,-0.8743510835442665,META,youtube,137,1
2023-05-29,diamond hands 💎🙌 holding META forever,positive,0.5189753404737489,META,youtube,18,0
2023-10-25,"idk about Nvidia tbh, mixed signals",neutral,-0.1029136253209217,NVDA,youtube,42,6
2023-04-16,who else got rekt by Tesla? 😭,negative,-0.7532922566754323,TSLA,youtube,22,0
2023-12-05,just bought more MSFT let's gooo,positive,0.8521166130802902,MSFT,youtube,28,3
2024-10-08,Microsoft looking interesting ngl,neutral,-0.09288424013176809,MSFT,youtube,30,1
2024-04-29,waiting for AMC to dip more,neutral,0.16559419608693604,AMC,youtube,2,4
2024-11-12,who else is buying the dip? AMC gang,positive,0.703859084333375,AMC,youtube,1,2
2023-02-15,my portfolio up 500% thanks to GME 😂,positive,0.7095425729821319,GME,youtube,20,5
2023-08-19,"AAPL going to zero, get out now",negative,-0.5949672891595404,AAPL,youtube,90,1
2023-12-08,should i buy GOOGL or wait?,neutral,-0.012676143262603468,GOOGL,youtube,68,1
2023-03-19,"never selling my Tesla shares, generational wealth",positive,0.5080188207776497,TSLA,youtube,25,3
2024-10-30,waiting for Nvidia to dip more,neutral,0.03474151165067388,NVDA,youtube,53,6
2024-11-22,waiting for Nvidia to dip more,neutral,-0.09147731849753984,NVDA,youtube,9,0
2024-02-07,why did i buy TSLA?? down so bad rn,negative,-0.813479253367221,TSLA,youtube,21,6
2023-05-30,"this is gonna be huge, Meta will 10x easy",positive,0.38122070987442963,META,youtube,63,6
2024-05-02,SPY making me rich fr fr,positive,0.31534621262268325,SPY,youtube,91,4
2023-08-13,"Google is trash, worst investment ever",negative,-0.5431716202523211,GOOGL,youtube,17,30
2024-11-05,lmao AMZN bagholders in shambles,negative,-0.7176251999612894,AMZN,youtube,207,4
2024-07-16,who else got rekt by AAPL? 😭,negative,-0.835881071018973,AAPL,youtube,30,0
2023-04-26,rip to everyone who bought GOOGL at the top,negative,-0.6187370529085674,GOOGL,youtube,13,0
2024-02-27,who else is buying the dip? SPY gang,positive,0.5567746292822594,SPY,youtube,69,3
2023-12-20,what do yall think about GameStop?,neutral,0.01476358024632049,GME,youtube,66,2
2024-03-14,biggest regret buying SPY smh,negative,-0.5757559166926861,SPY,youtube,195,2
2024-02-02,lmao MSFT bagholders in shambles,negative,-0.5233439187513134,MSFT,youtube,19,8
2023-07-03,biggest regret buying Microsoft smh,negative,-0.6901846810148972,MSFT,youtube,55,0
2023-01-16,what do yall think about SPY?,neutral,0.1582797545786538,SPY,youtube,19,5
2023-05-18,apes together strong 🦍 NVDA,positive,0.8870696678514558,NVDA,youtube,111,1
2023-09-14,rip to everyone who bought AAPL at the top,negative,-0.47752270537217073,AAPL,youtube,34,4
2023-08-20,diamond hands 💎🙌 holding Nvidia forever,positive,0.6735817181037745,NVDA,youtube,58,1
2023-07-31,waiting for Meta to dip more,neutral,0.0592783116554812,META,youtube,13,2
2024-03-30,lol bears are so wrong about MSFT,positive,0.617130876535954,MSFT,youtube,4,10
2024-07-10,who else is buying the dip? Tesla gang,positive,0.4671461283645095,TSLA,youtube,100,3
2023-10-09,"TSLA scam, dont buy this garbage",negative,-0.7908514237565357,TSLA,youtube,52,0
2023-08-20,"this is gonna be huge, MSFT will 10x easy",positive,0.7788819250681784,MSFT,youtube,5,14
2023-07-11,lol bears are so wrong about Microsoft,positive,0.7724534943776135,MSFT,youtube,46,1
2023-10-22,lol bears are so wrong about AMC,positive,0.39697387854233235,AMC,youtube,16,1
2024-02-20,"NVDA going to zero, get out now",negative,-0.7976223877791386,NVDA,youtube,54,1
2023-04-05,who else is buying the dip? TSLA gang,positive,0.8291903780419216,TSLA,youtube,116,15
2023-07-09,just bought more Amazon let's gooo,positive,0.5464776964101998,AMZN,youtube,8,1
2024-06-02,why did i buy GOOGL?? down so bad rn,negative,-0.7113263094819976,GOOGL,youtube,13,0
2023-02-07,what do yall think about AMC?,neutral,0.03275139953397574,AMC,youtube,43,0
2024-04-19,🚀🚀🚀 TSLA to the moon!!!,positive,0.3417831845773814,TSLA,youtube,58,4
2024-08-30,who else is buying the dip? NVDA gang,positive,0.6773074523771733,NVDA,youtube,46,2
2023-08-29,lol bears are so wrong about GameStop,positive,0.6323054787850526,GME,youtube,21,0
2023-07-22,Google making me rich fr fr,positive,0.6273826045481801,GOOGL,youtube,0,5
2023-11-30,"this is gonna be huge, Google will 10x easy",positive,0.6152939698878472,GOOGL,youtube,53,6
2024-05-27,who else got rekt by Nvidia? 😭,negative,-0.6457562277772795,NVDA,youtube,11,4
2023-11-28,"this is gonna be huge, TSLA will 10x easy",positive,0.7989168199100398,TSLA,youtube,40,4
2023-07-18,lmao Amazon bagholders in shambles,negative,-0.38420141608974523,AMZN,youtube,73,2
2023-08-17,🚀🚀🚀 Amazon to the moon!!!,positive,0.47694008604166604,AMZN,youtube,17,5
2024-09-06,should i buy GOOGL or wait?,neutral,-0.09953277100958187,GOOGL,youtube,96,1
2023-05-28,AAPL looking interesting ngl,neutral,-0.1639476733425949,AAPL,youtube,108,1
2023-04-28,should i buy Nvidia or wait?,neutral,0.06443791972198498,NVDA,youtube,4,1
2023-01-25,what do yall think about GME?,neutral,-0.12263246419398324,GME,youtube,0,1
2024-06-14,"Google is trash, worst investment ever",negative,-0.6858338139635879,GOOGL,youtube,3,11
2023-02-12,"this is gonna be huge, NVDA will 10x easy",positive,0.3904131839421474,NVDA,youtube,4,1
2023-01-30,"idk about AAPL tbh, mixed signals",neutral,-0.10929325265786655,AAPL,youtube,31,10
2024-11-18,my portfolio up 500% thanks to MSFT 😂,positive,0.39295283813708237,MSFT,youtube,62,6
2024-03-11,why did i buy MSFT?? down so bad rn,negative,-0.4886097296618987,MSFT,youtube,82,8
2023-12-23,my portfolio up 500% thanks to Apple 😂,positive,0.5258795429166967,AAPL,youtube,34,3
2023-03-29,"SPY scam, dont buy this garbage",negative,-0.560822043647874,SPY,youtube,50,15
2024-11-19,"best stock ever, SPY is the future",positive,0.6793702203847575,SPY,youtube,59,5
2024-04-25,told yall GameStop was gonna pump,positive,0.44145494221442494,GME,youtube,66,7
2023-10-17,"sold all my MSFT, this thing is done",negative,-0.6944930291532007,MSFT,youtube,33,25
2023-05-06,"SPY going to zero, get out now",negative,-0.7649285867487006,SPY,youtube,80,10
2023-11-12,lmao Amazon bagholders in shambles,negative,-0.4920165076331669,AMZN,youtube,34,0
2023-12-24,whats the PT for TSLA?,neutral,0.08793194055979225,TSLA,youtube,34,1
2024-11-22,anyone still holding GOOGL?,neutral,0.08830810468975775,GOOGL,youtube,0,1
2023-11-18,rip to everyone who bought Apple at the top,negative,-0.7935647061338331,AAPL,youtube,17,1
2024-05-10,"META scam, dont buy this garbage",negative,-0.5941346699978702,META,youtube,0,12
2023-12-27,SPY making me rich fr fr,positive,0.5564295327777328,SPY,youtube,108,10
2023-08-08,AMC looking interesting ngl,neutral,-0.02656705998640002,AMC,youtube,26,19
2023-12-30,AMC looking interesting ngl,neutral,-0.16745139903870296,AMC,youtube,1,2
2023-12-06,Tesla making me rich fr fr,positive,0.3631489415114283,TSLA,youtube,2,0
2024-07-11,why did i buy AMC?? down so bad rn,negative,-0.7036112092982789,AMC,youtube,54,2
2023-05-10,waiting for SPY to dip more,neutral,-0.03767212511329765,SPY,youtube,1,2
2024-05-23,waiting for Amazon to dip more,neutral,-0.05486552724414745,AMZN,youtube,115,1
2023-01-15,AMC looking interesting ngl,neutral,0.1014154643709968,AMC,youtube,53,6
2024-02-14,whats the PT for SPY?,neutral,-0.12415963198358311,SPY,youtube,121,9
2024-10-23,lol bears are so wrong about SPY,positive,0.6585353844450725,SPY,youtube,74,0
2024-10-08,anyone still holding Google?,neutral,-0.07454882817166225,GOOGL,youtube,11,2
2023-07-28,rip to everyone who bought MSFT at the top,negative,-0.4664669653234372,MSFT,youtube,46,4
2023-01-14,just bought more AMC let's gooo,positive,0.5964732142952955,AMC,youtube,3,0
2023-03-26,rip to everyone who bought Google at the top,negative,-0.6463167556088181,GOOGL,youtube,36,2
2023-11-08,what do yall think about AMC?,neutral,0.15265669365263473,AMC,youtube,18,0
2024-11-16,waiting for AAPL to dip more,neutral,0.18315836244976547,AAPL,youtube,2,10
2023-09-07,just bought more AMC let's gooo,positive,0.49052666775926024,AMC,youtube,3,0
2024-08-02,my portfolio up 500% thanks to GOOGL 😂,positive,0.6571413455726052,GOOGL,youtube,9,5
2023-08-07,"best stock ever, AAPL is the future",positive,0.3620772419530215,AAPL,youtube,116,0
2023-08-17,apes together strong 🦍 AAPL,positive,0.7304253105628276,AAPL,youtube,54,8
2023-07-27,lol bears are so wrong about META,positive,0.5667767858999195,META,youtube,319,11
2024-04-03,"this is gonna be huge, GOOGL will 10x easy",positive,0.303102782502046,GOOGL,youtube,44,8
2024-07-03,paper hands saved me from Tesla disaster,negative,-0.4210107803549656,TSLA,youtube,5,0
2023-02-25,why did i buy META?? down so bad rn,negative,-0.691837965074397,META,youtube,8,0
2023-02-22,told yall AMC was gonna pump,positive,0.3976161260576135,AMC,youtube,77,4
2023-10-25,told yall SPY was gonna pump,positive,0.365728942201119,SPY,youtube,127,17
2023-06-06,"new to investing, is AAPL good?",neutral,-0.0904737716433302,AAPL,youtube,2,1
2023-05-24,"SPY scam, dont buy this garbage",negative,-0.5350900033154065,SPY,youtube,1,2
2024-04-11,"sold all my GOOGL, this thing is done",negative,-0.3660838875508461,GOOGL,youtube,43,6
2023-06-01,AMC looking interesting ngl,neutral,-0.0894980913311728,AMC,youtube,102,2
2023-09-30,"AAPL going to zero, get out now",negative,-0.6440016080797004,AAPL,youtube,49,2
2023-08-16,apes together strong 🦍 GameStop,positive,0.7805219829040806,GME,youtube,7,15
2024-07-26,"AMZN is trash, worst investment ever",negative,-0.33506713453986725,AMZN,youtube,17,6
2024-02-10,lmao Nvidia bagholders in shambles,negative,-0.7507141865206848,NVDA,youtube,45,0
2023-07-16,biggest regret buying GOOGL smh,negative,-0.31835329735914897,GOOGL,youtube,65,8
2023-08-25,my portfolio up 500% thanks to Apple 😂,positive,0.834819022739852,AAPL,youtube,57,0
2023-06-28,Tesla making me rich fr fr,positive,0.6805067793560818,TSLA,youtube,40,11
2023-11-06,diamond hands 💎🙌 holding NVDA forever,positive,0.5470248996690142,NVDA,youtube,19,8
2024-07-13,anyone still holding Apple?,neutral,0.16173978669342398,AAPL,youtube,38,0
2024-10-30,"idk about Amazon tbh, mixed signals",neutral,-0.1135271749813795,AMZN,youtube,22,6
2023-07-23,"new to investing, is MSFT good?",neutral,0.17913494199888141,MSFT,youtube,74,4
2023-08-08,"best stock ever, META is the future",positive,0.529034593668004,META,youtube,68,0
2023-08-01,"idk about Apple tbh, mixed signals",neutral,0.12621459957079195,AAPL,youtube,11,12
2024-08-30,diamond hands 💎🙌 holding SPY forever,positive,0.6518390490941982,SPY,youtube,40,5
2023-05-30,diamond hands 💎🙌 holding META forever,positive,0.4506385495091043,META,youtube,47,0
2024-09-02,who else got rekt by TSLA? 😭,negative,-0.7729483868111194,TSLA,youtube,19,0
2024-03-21,waiting for AMC to dip more,neutral,0.14466288258426702,AMC,youtube,23,5
2023-03-28,should i buy GME or wait?,neutral,-0.11588088897217702,GME,youtube,68,0
2023-01-24,waiting for AMC to dip more,neutral,-0.1128068314777647,AMC,youtube,40,0
2023-09-04,"idk about Google tbh, mixed signals",neutral,-0.049109174056788246,GOOGL,youtube,28,7
2024-09-22,"best stock ever, Amazon is the future",positive,0.6167388484860307,AMZN,youtube,22,19
2023-02-24,"this is gonna be huge, Tesla will 10x easy",positive,0.6900620941905669,TSLA,youtube,40,0
2024-09-01,"AMC going to zero, get out now",negative,-0.48363627253870245,AMC,youtube,83,2
2024-08-23,lol bears are so wrong about TSLA,positive,0.41743513973416824,TSLA,youtube,28,4
2023-04-01,anyone still holding AMC?,neutral,-0.07029709211676521,AMC,youtube,14,2
2023-03-28,lmao TSLA bagholders in shambles,negative,-0.5552896437754471,TSLA,youtube,52,5
2024-09-18,anyone still holding MSFT?,neutral,-0.06675625175220135,MSFT,youtube,4,7
2024-04-09,"never selling my Meta shares, generational wealth",positive,0.3758239275979928,META,youtube,17,4
2024-03-17,waiting for GME to dip more,neutral,-0.1933524756434719,GME,youtube,37,1
2024-11-09,who else is buying the dip? Nvidia gang,positive,0.8350719727754992,NVDA,youtube,13,0
2024-02-26,just bought more Microsoft let's gooo,positive,0.7506766410360086,MSFT,youtube,33,8
2024-10-20,whats the PT for AMZN?,neutral,-0.0503633024181008,AMZN,youtube,29,4
2024-06-25,should i buy GameStop or wait?,neutral,-0.02722429646113972,GME,youtube,38,17
2023-08-23,whats the PT for AMZN?,neutral,0.14425602748590227,AMZN,youtube,28,8
2024-07-18,"best stock ever, NVDA is the future",positive,0.7776822812077961,NVDA,youtube,66,10
2023-09-20,"Nvidia going to zero, get out now",negative,-0.3906831363877883,NVDA,youtube,89,2
2023-11-29,anyone still holding Meta?,neutral,-0.18465402145436968,META,youtube,22,17
2023-08-12,"new to investing, is Google good?",neutral,0.16686586825840694,GOOGL,youtube,60,4
2023-01-27,diamond hands 💎🙌 holding GME forever,positive,0.35187380273276503,GME,youtube,35,2
2023-05-01,Microsoft looking interesting ngl,neutral,0.032808313942604916,MSFT,youtube,61,0
2024-08-13,"never selling my GOOGL shares, generational wealth",positive,0.30044658893344867,GOOGL,youtube,50,2
2023-07-03,lmao GameStop bagholders in shambles,negative,-0.3096717834216013,GME,youtube,85,5
2023-09-02,should i buy NVDA or wait?,neutral,-0.04898404583521643,NVDA,youtube,10,1
2023-11-26,"never selling my TSLA shares, generational wealth",positive,0.31073084525207567,TSLA,youtube,56,13
2024-02-29,who else is buying the dip? Google gang,positive,0.5107753656703312,GOOGL,youtube,147,4
2024-05-03,why did i buy AMZN?? down so bad rn,negative,-0.5491429187929131,AMZN,youtube,93,0
2023-05-26,"GameStop scam, dont buy this garbage",negative,-0.6884452233863863,GME,youtube,14,0
2023-05-08,Meta looking interesting ngl,neutral,-0.18458259028149615,META,youtube,37,2
2023-10-09,rip to everyone who bought GameStop at the top,negative,-0.43172009864694433,GME,youtube,20,13
2024-10-14,waiting for AAPL to dip more,neutral,-0.17214553459782472,AAPL,youtube,227,5
2024-01-04,lmao Meta bagholders in shambles,negative,-0.8300689144134406,META,youtube,81,2
2024-08-30,who else got rekt by AMC? 😭,negative,-0.793471338575926,AMC,youtube,5,3
2023-07-08,should i buy Amazon or wait?,neutral,-0.13664164224314734,AMZN,youtube,110,4
2023-11-10,what do yall think about AMC?,neutral,-0.19505323644193528,AMC,youtube,54,6
2024-09-04,lol bears are so wrong about AMC,positive,0.7834155396428202,AMC,youtube,26,1
2024-02-19,"idk about Tesla tbh, mixed signals",neutral,0.0594882051454485,TSLA,youtube,63,1
2023-08-14,what do yall think about AMZN?,neutral,-0.09391173747050013,AMZN,youtube,54,10
2023-11-05,anyone still holding GOOGL?,neutral,0.07048073025157986,GOOGL,youtube,31,13
2024-05-04,diamond hands 💎🙌 holding Meta forever,positive,0.7648445319366977,META,youtube,43,4
2024-10-26,who else got rekt by Meta? 😭,negative,-0.8191234320703638,META,youtube,61,0
2023-03-19,🚀🚀🚀 MSFT to the moon!!!,positive,0.3362931777100231,MSFT,youtube,33,9
2024-09-27,just bought more META let's gooo,positive,0.717103009076097,META,youtube,47,0
2023-04-03,waiting for Google to dip more,neutral,0.08743717106586152,GOOGL,youtube,60,2
2024-04-24,should i buy Apple or wait?,neutral,-0.09325434987708126,AAPL,youtube,35,1
2024-04-03,🚀🚀🚀 Tesla to the moon!!!,positive,0.46878717561453254,TSLA,youtube,209,2
2023-06-21,"best stock ever, Google is the future",positive,0.5562584179183238,GOOGL,youtube,26,9
2024-09-01,"SPY going to zero, get out now",negative,-0.47974398981356703,SPY,youtube,155,6
2023-07-25,rip to everyone who bought MSFT at the top,negative,-0.5201449335895012,MSFT,youtube,44,6
2024-07-17,what do yall think about SPY?,neutral,0.02313432912973873,SPY,youtube,3,1
2024-08-03,should i buy SPY or wait?,neutral,-0.014081109479394366,SPY,youtube,191,13
2023-07-07,lol bears are so wrong about NVDA,positive,0.3264580671400397,NVDA,youtube,18,0
2023-11-02,should i buy AMC or wait?,neutral,-0.1941763999314101,AMC,youtube,92,0
2023-11-12,Apple looking interesting ngl,neutral,-0.026300252895749582,AAPL,youtube,33,1
2024-01-22,lol bears are so wrong about META,positive,0.46138322611523663,META,youtube,92,1
2023-04-11,"Google scam, dont buy this garbage",negative,-0.5989631151714075,GOOGL,youtube,36,3
2023-07-14,🚀🚀🚀 SPY to the moon!!!,positive,0.8966261398306714,SPY,youtube,9,2
2023-05-17,GME looking interesting ngl,neutral,-0.1628848231372776,GME,youtube,40,2
2023-02-04,anyone still holding GME?,neutral,-0.054940953389642694,GME,youtube,39,2
2024-02-24,"this is gonna be huge, GOOGL will 10x easy",positive,0.33831819577546335,GOOGL,youtube,65,5
2023-05-04,whats the PT for NVDA?,neutral,0.07506325564118688,NVDA,youtube,8,2
2024-05-08,"sold all my Microsoft, this thing is done",negative,-0.43568050803888014,MSFT,youtube,129,4
2024-04-30,anyone still holding TSLA?,neutral,-0.13415729152071293,TSLA,youtube,48,3
2024-06-02,who else is buying the dip? Nvidia gang,positive,0.8302132426948285,NVDA,youtube,22,12
2023-07-04,TSLA looking interesting ngl,neutral,-0.019822305609685287,TSLA,youtube,39,0
2024-06-10,Meta making me rich fr fr,positive,0.8242719227215825,META,youtube,37,0
2023-08-08,"never selling my GOOGL shares, generational wealth",positive,0.8948481476713732,GOOGL,youtube,71,3
2023-07-14,rip to everyone who bought Meta at the top,negative,-0.3692133512898633,META,youtube,107,3
2024-09-20,should i buy AMZN or wait?,neutral,0.06111271829548781,AMZN,youtube,31,3
2023-06-20,🚀🚀🚀 Nvidia to the moon!!!,positive,0.67944143377405,NVDA,youtube,50,1
2023-06-19,GOOGL looking interesting ngl,neutral,-0.015354793931793509,GOOGL,youtube,222,3
2023-02-17,"new to investing, is MSFT good?",neutral,-0.15974444323120796,MSFT,youtube,166,2
2024-03-26,biggest regret buying Apple smh,negative,-0.4753243613841442,AAPL,youtube,129,2
2023-05-09,"Nvidia going to zero, get out now",negative,-0.6996474418797288,NVDA,youtube,115,1
2024-09-24,"new to investing, is Meta good?",neutral,-0.10535519145587231,META,youtube,38,0
2023-11-16,waiting for AAPL to dip more,neutral,-0.18246985098353577,AAPL,youtube,82,1
2024-03-03,waiting for AMZN to dip more,neutral,0.0838585573022192,AMZN,youtube,60,5
2024-04-30,diamond hands 💎🙌 holding AAPL forever,positive,0.7199369279566147,AAPL,youtube,107,2
2023-03-30,who else is buying the dip? MSFT gang,positive,0.8713092363587396,MSFT,youtube,1,0
2023-10-11,"never selling my NVDA shares, generational wealth",positive,0.36203801722920925,NVDA,youtube,4,1
2024-01-19,"SPY going to zero, get out now",negative,-0.8833140144427453,SPY,youtube,94,0
2023-12-25,"GOOGL going to zero, get out now",negative,-0.5871896281356563,GOOGL,youtube,30,15
2023-10-21,biggest regret buying Tesla smh,negative,-0.8972340699053414,TSLA,youtube,5,3
2023-11-15,why did i buy TSLA?? down so bad rn,negative,-0.6174968437638197,TSLA,youtube,143,1
2023-05-11,diamond hands 💎🙌 holding TSLA forever,positive,0.44622676548578954,TSLA,youtube,38,1
2023-02-13,"sold all my Tesla, this thing is done",negative,-0.6858305307356632,TSLA,youtube,8,11
2023-11-15,waiting for Microsoft to dip more,neutral,0.06364302725540005,MSFT,youtube,0,8
2023-05-14,whats the PT for GameStop?,neutral,-0.11304646398973978,GME,youtube,22,0
2023-04-15,what do yall think about Tesla?,neutral,-0.037637737975045826,TSLA,youtube,22,3
2023-12-05,GME making me rich fr fr,positive,0.8473827147064883,GME,youtube,69,0
2024-09-24,"AMZN going to zero, get out now",negative,-0.5257989743460865,AMZN,youtube,20,7
2024-01-11,apes together strong 🦍 AMZN,positive,0.762112881716725,AMZN,youtube,15,8
2024-06-02,diamond hands 💎🙌 holding AMC forever,positive,0.5763780447460016,AMC,youtube,45,5
2024-02-05,"new to investing, is META good?",neutral,-0.09219789388014298,META,youtube,6,1
2023-12-26,just bought more SPY let's gooo,positive,0.3024182436823794,SPY,youtube,90,19
2023-11-23,"sold all my TSLA, this thing is done",negative,-0.343313395773848,TSLA,youtube,52,7
2023-10-24,GME looking interesting ngl,neutral,0.03111582566096116,GME,youtube,22,3
2024-09-26,who else got rekt by Nvidia? 😭,negative,-0.6935750696916787,NVDA,youtube,107,2
2023-12-07,"sold all my AMC, this thing is done",negative,-0.7578873205496648,AMC,youtube,40,5
2024-06-16,apes together strong 🦍 GOOGL,positive,0.7722759680013511,GOOGL,youtube,33,4
2024-05-12,NVDA looking interesting ngl,neutral,-0.17201113111349367,NVDA,youtube,22,0
2023-05-26,"this is gonna be huge, NVDA will 10x easy",positive,0.4882615712675594,NVDA,youtube,59,0
2023-08-22,diamond hands 💎🙌 holding GameStop forever,positive,0.3014970346490086,GME,youtube,57,0
2024-05-28,just bought more META let's gooo,positive,0.8284758959741068,META,youtube,65,1
2023-11-04,my portfolio up 500% thanks to AMC 😂,positive,0.8777231455169261,AMC,youtube,70,2
2024-04-19,whats the PT for Apple?,neutral,-0.05943600000634852,AAPL,youtube,50,4
2023-06-26,🚀🚀🚀 Tesla to the moon!!!,positive,0.3719259166500902,TSLA,youtube,100,2
2023-01-25,rip to everyone who bought SPY at the top,negative,-0.5089701374508202,SPY,youtube,55,2
2024-07-25,"new to investing, is AAPL good?",neutral,0.14171808447134598,AAPL,youtube,12,0
2023-10-19,"sold all my Google, this thing is done",negative,-0.4983446131171705,GOOGL,youtube,166,0
2024-02-01,"SPY going to zero, get out now",negative,-0.6525870233811619,SPY,youtube,119,0
2023-12-08,rip to everyone who bought GME at the top,negative,-0.35944193367780797,GME,youtube,38,9
2023-01-23,whats the PT for Meta?,neutral,0.17535023321765159,META,youtube,54,0
2024-01-03,"best stock ever, AAPL is the future",positive,0.466086851017144,AAPL,youtube,140,3
2023-06-27,lmao Meta bagholders in shambles,negative,-0.38499781218005014,META,youtube,131,6
2023-12-03,NVDA looking interesting ngl,neutral,-0.0036287846578753613,NVDA,youtube,19,0
2023-05-09,"AMC going to zero, get out now",negative,-0.38359912867661905,AMC,youtube,27,4
2024-03-10,"sold all my GME, this thing is done",negative,-0.4844146057497233,GME,youtube,54,4
2023-04-06,just bought more NVDA let's gooo,positive,0.771043267431422,NVDA,youtube,12,0
2023-03-02,lol bears are so wrong about GameStop,positive,0.3178055199959428,GME,youtube,6,0
2023-06-01,"idk about AAPL tbh, mixed signals",neutral,-0.15558258258476304,AAPL,youtube,53,16
2023-12-23,just bought more Google let's gooo,positive,0.6738262812864377,GOOGL,youtube,16,0
2023-06-03,"best stock ever, Nvidia is the future",positive,0.5590646014807521,NVDA,youtube,86,0
2023-11-04,why did i buy GameStop?? down so bad rn,negative,-0.40687110981960634,GME,youtube,16,3
2024-02-06,waiting for AMZN to dip more,neutral,-0.1919527528179421,AMZN,youtube,48,0
2023-11-20,lol bears are so wrong about MSFT,positive,0.8440618185464364,MSFT,youtube,39,20
2024-03-02,waiting for AMZN to dip more,neutral,0.08793652413232178,AMZN,youtube,9,14
2023-12-02,diamond hands 💎🙌 holding Apple forever,positive,0.3993154303788969,AAPL,youtube,9,4
2023-03-03,lmao Meta bagholders in shambles,negative,-0.7531505855984862,META,youtube,49,2
2023-12-29,AAPL looking interesting ngl,neutral,0.07197966937990014,AAPL,youtube,105,0
2023-08-01,anyone still holding Apple?,neutral,0.12208578820670651,AAPL,youtube,12,4
2024-01-30,"new to investing, is AMC good?",neutral,-0.1389648988218177,AMC,youtube,61,3
2023-10-30,"best stock ever, Google is the future",positive,0.5531403632509272,GOOGL,youtube,0,5
2024-03-12,what do yall think about META?,neutral,0.1340228546335283,META,youtube,122,5
2024-07-22,biggest regret buying AMC smh,negative,-0.549992007040538,AMC,youtube,1,2
2023-08-26,who else is buying the dip? META gang,positive,0.6272466654536595,META,youtube,1,12
2023-07-13,anyone still holding AMC?,neutral,0.11360951313339468,AMC,youtube,30,43
2023-08-18,should i buy GME or wait?,neutral,0.1743249345455541,GME,youtube,81,0
2023-08-01,"GameStop is trash, worst investment ever",negative,-0.552485431548063,GME,youtube,132,3
2024-03-26,why did i buy AAPL?? down so bad rn,negative,-0.41716609149427875,AAPL,youtube,19,1
2023-02-04,should i buy GOOGL or wait?,neutral,-0.0863395040720873,GOOGL,youtube,53,10
2023-10-19,should i buy GME or wait?,neutral,-0.0919707728077503,GME,youtube,45,9
2023-12-27,diamond hands 💎🙌 holding Amazon forever,positive,0.8074305969292885,AMZN,youtube,21,2
2024-05-07,"this is gonna be huge, Nvidia will 10x easy",positive,0.8697231845804865,NVDA,youtube,112,15
2023-08-18,who else got rekt by NVDA? 😭,negative,-0.36491615131886024,NVDA,youtube,132,2
2024-06-19,"best stock ever, GameStop is the future",positive,0.8731021913380173,GME,youtube,80,3
2024-07-20,who else got rekt by AMC? 😭,negative,-0.4280850213629576,AMC,youtube,3,0
2024-10-27,lol bears are so wrong about GOOGL,positive,0.6473276185924381,GOOGL,youtube,14,3
2024-07-24,lmao AMZN bagholders in shambles,negative,-0.6898669344233591,AMZN,youtube,21,3
2023-09-02,apes together strong 🦍 SPY,positive,0.4461391792154191,SPY,youtube,100,1
2023-12-14,lol bears are so wrong about Microsoft,positive,0.3002324477822667,MSFT,youtube,45,1
2024-05-22,"sold all my Nvidia, this thing is done",negative,-0.36110877464812574,NVDA,youtube,0,1
2023-07-07,"META going to zero, get out now",negative,-0.4505013237676859,META,youtube,30,5
2024-04-22,"best stock ever, Tesla is the future",positive,0.5141567854528437,TSLA,youtube,9,6
2024-02-20,"SPY is trash, worst investment ever",negative,-0.5906302306944735,SPY,youtube,58,0
2024-08-17,lol bears are so wrong about SPY,positive,0.5865007243595595,SPY,youtube,42,2
2024-11-13,"this is gonna be huge, AMC will 10x easy",positive,0.4710466007219194,AMC,youtube,96,7
2023-07-31,"SPY is trash, worst investment ever",negative,-0.3471940369088883,SPY,youtube,32,3
2023-11-18,"best stock ever, NVDA is the future",positive,0.4737082775106042,NVDA,youtube,98,9
2024-03-16,lmao GOOGL bagholders in shambles,negative,-0.8354473716420701,GOOGL,youtube,52,11
2023-11-21,"idk about TSLA tbh, mixed signals",neutral,-0.15938050899533876,TSLA,youtube,29,3
2024-01-16,lol bears are so wrong about AAPL,positive,0.8988193651317544,AAPL,youtube,84,2
2024-03-17,my portfolio up 500% thanks to Microsoft 😂,positive,0.574407660991578,MSFT,youtube,6,0
2024-05-22,just bought more Apple let's gooo,positive,0.623744315590997,AAPL,youtube,2,41
2023-07-04,should i buy Meta or wait?,neutral,-0.18379042397707734,META,youtube,0,0
2023-01-14,"best stock ever, Microsoft is the future",positive,0.4320815399307213,MSFT,youtube,139,12
2024-02-17,Microsoft looking interesting ngl,neutral,0.14142049349456437,MSFT,youtube,26,10
2023-05-29,lol bears are so wrong about AMC,positive,0.5087364081345114,AMC,youtube,139,10
2023-06-11,lmao MSFT bagholders in shambles,negative,-0.48339114900872443,MSFT,youtube,46,10
2023-05-06,waiting for AMC to dip more,neutral,-0.057566292084942905,AMC,youtube,3,5
2024-02-16,biggest regret buying Microsoft smh,negative,-0.7096784681008894,MSFT,youtube,3,7
2024-01-04,"idk about GOOGL tbh, mixed signals",neutral,-0.1307104348232532,GOOGL,youtube,116,0
2024-01-11,"Microsoft going to zero, get out now",negative,-0.751083887601508,MSFT,youtube,12,12
2023-10-13,🚀🚀🚀 Apple to the moon!!!,positive,0.882620785498933,AAPL,youtube,36,0
2024-03-13,apes together strong 🦍 AMC,positive,0.8434776803998261,AMC,youtube,21,1
2023-08-22,🚀🚀🚀 Nvidia to the moon!!!,positive,0.3596930925378926,NVDA,youtube,5,2
2024-11-02,just bought more META let's gooo,positive,0.7716585866969675,META,youtube,3,2
2024-11-03,"AMC going to zero, get out now",negative,-0.8197618530509525,AMC,youtube,15,4
2023-02-05,diamond hands 💎🙌 holding GameStop forever,positive,0.6761352849796272,GME,youtube,181,6
2023-04-09,NVDA looking interesting ngl,neutral,0.18390505650321703,NVDA,youtube,58,0
2024-11-17,"idk about TSLA tbh, mixed signals",neutral,0.19777760026072805,TSLA,youtube,156,0
2023-06-16,what do yall think about AAPL?,neutral,0.10265582736953843,AAPL,youtube,126,0
2023-08-31,"best stock ever, Amazon is the future",positive,0.6571920186669116,AMZN,youtube,8,6
2024-01-13,paper hands saved me from Apple disaster,negative,-0.6259173216209415,AAPL,youtube,7,1
2023-03-30,"best stock ever, Apple is the future",positive,0.40606526246235225,AAPL,youtube,20,0
2024-02-05,"idk about GOOGL tbh, mixed signals",neutral,-0.017972420607013012,GOOGL,youtube,73,3
2024-01-05,diamond hands 💎🙌 holding GOOGL forever,positive,0.3104966622457567,GOOGL,youtube,27,0
2024-05-09,AAPL looking interesting ngl,neutral,-0.0234053847042211,AAPL,youtube,199,0
2024-04-18,"sold all my MSFT, this thing is done",negative,-0.5637742294292276,MSFT,youtube,79,1
2023-12-02,"Nvidia going to zero, get out now",negative,-0.6753810135177886,NVDA,youtube,29,0
2024-08-18,lmao GOOGL bagholders in shambles,negative,-0.7663174555666896,GOOGL,youtube,10,2
2023-01-16,🚀🚀🚀 AMC to the moon!!!,positive,0.5417553867455029,AMC,youtube,77,0
2024-01-05,what do yall think about GOOGL?,neutral,0.050248530913690415,GOOGL,youtube,30,4
2023-08-12,"new to investing, is Apple good?",neutral,-0.10990569027418232,AAPL,youtube,13,8
2023-08-04,"this is gonna be huge, AMZN will 10x easy",positive,0.6811345736297592,AMZN,youtube,152,2
2023-01-04,who else is buying the dip? TSLA gang,positive,0.5958926322656182,TSLA,youtube,114,17
2024-03-28,"never selling my GOOGL shares, generational wealth",positive,0.40858753358508904,GOOGL,youtube,29,3
2023-05-06,should i buy Amazon or wait?,neutral,0.13702402174916906,AMZN,youtube,47,9
2024-07-08,"idk about Google tbh, mixed signals",neutral,-0.16498221420526937,GOOGL,youtube,33,2
2023-01-29,"sold all my GME, this thing is done",negative,-0.4306538289401951,GME,youtube,0,8
2023-11-18,"never selling my Apple shares, generational wealth",positive,0.5090102627488626,AAPL,youtube,53,2
2024-10-17,waiting for AMC to dip more,neutral,-0.007565661268658236,AMC,youtube,68,1
2023-08-21,"this is gonna be huge, MSFT will 10x easy",positive,0.8529941406938084,MSFT,youtube,30,4
2023-01-10,🚀🚀🚀 SPY to the moon!!!,positive,0.57792537283361,SPY,youtube,4,2
2024-09-27,told yall AMC was gonna pump,positive,0.6109132461482065,AMC,youtube,29,10
2023-09-06,"never selling my Tesla shares, generational wealth",positive,0.3340222603104873,TSLA,youtube,14,3
2023-11-29,paper hands saved me from Google disaster,negative,-0.3483786772480286,GOOGL,youtube,2,0
2023-08-19,just bought more Google let's gooo,positive,0.40146867445685674,GOOGL,youtube,11,1
2023-07-22,lmao Amazon bagholders in shambles,negative,-0.3631518541714004,AMZN,youtube,5,20
2024-11-02,why did i buy NVDA?? down so bad rn,negative,-0.33830551112583296,NVDA,youtube,29,1
2024-07-24,why did i buy Apple?? down so bad rn,negative,-0.4966709522445866,AAPL,youtube,0,4
2023-09-04,"idk about SPY tbh, mixed signals",neutral,-0.1673508365201334,SPY,youtube,87,3
2024-05-01,🚀🚀🚀 Amazon to the moon!!!,positive,0.40681955632817046,AMZN,youtube,31,3
2023-11-07,my portfolio up 500% thanks to Google 😂,positive,0.6615279838081427,GOOGL,youtube,58,13
2023-02-23,anyone still holding GOOGL?,neutral,-0.034104176779607004,GOOGL,youtube,40,1
2023-10-18,rip to everyone who bought Google at the top,negative,-0.5134175565478911,GOOGL,youtube,76,8
2024-01-24,"best stock ever, AMC is the future",positive,0.6889014449940027,AMC,youtube,66,21
2024-08-19,"new to investing, is Amazon good?",neutral,-0.18335075553951935,AMZN,youtube,40,0
2024-05-11,paper hands saved me from GME disaster,negative,-0.8959793616910515,GME,youtube,17,22
2023-06-07,"idk about Nvidia tbh, mixed signals",neutral,-0.05532480669488207,NVDA,youtube,0,3
2023-02-14,"this is gonna be huge, AMC will 10x easy",positive,0.3398956721631955,AMC,youtube,100,12
2024-09-04,who else got rekt by Amazon? 😭,negative,-0.47382208509596546,AMZN,youtube,37,0
2024-03-24,why did i buy AMC?? down so bad rn,negative,-0.34893970620281833,AMC,youtube,18,8
2024-01-15,my portfolio up 500% thanks to AMC 😂,positive,0.7188336692837768,AMC,youtube,0,3
2024-04-19,told yall SPY was gonna pump,positive,0.8188139924887239,SPY,youtube,14,9
2024-04-20,"never selling my GME shares, generational wealth",positive,0.3485656226796268,GME,youtube,24,2
2023-01-12,who else got rekt by AMC? 😭,negative,-0.3001444881052542,AMC,youtube,2,1
2024-05-15,"this is gonna be huge, Meta will 10x easy",positive,0.5261769333581692,META,youtube,0,1
2024-01-22,"new to investing, is Apple good?",neutral,0.17171176393283433,AAPL,youtube,87,4
2023-02-18,"GOOGL is trash, worst investment ever",negative,-0.5748854198806679,GOOGL,youtube,20,4
2024-04-13,waiting for GME to dip more,neutral,-0.12917204568319912,GME,youtube,19,9
2023-11-02,told yall NVDA was gonna pump,positive,0.647179150878607,NVDA,youtube,2,8
2024-05-10,should i buy SPY or wait?,neutral,-0.0381122093975689,SPY,youtube,33,2
2024-04-19,lmao TSLA bagholders in shambles,negative,-0.7923443369429748,TSLA,youtube,31,0
2023-03-19,who else is buying the dip? Microsoft gang,positive,0.8032274884819062,MSFT,youtube,22,6
2024-07-13,"SPY scam, dont buy this garbage",negative,-0.7681405379127003,SPY,youtube,76,4
2024-04-19,why did i buy Amazon?? down so bad rn,negative,-0.4981070414668003,AMZN,youtube,9,14
2023-10-08,what do yall think about AMZN?,neutral,-0.003971979140718812,AMZN,youtube,112,1
2023-12-22,apes together strong 🦍 TSLA,positive,0.7593361575427873,TSLA,youtube,107,6
2024-11-15,"best stock ever, TSLA is the future",positive,0.39954092124948126,TSLA,youtube,26,5
2023-06-06,should i buy Amazon or wait?,neutral,-0.19994841920590822,AMZN,youtube,93,1
2023-10-01,apes together strong 🦍 MSFT,positive,0.48320079743185707,MSFT,youtube,1,0
2024-06-17,rip to everyone who bought Google at the top,negative,-0.4385011417687931,GOOGL,youtube,19,3
2023-12-29,"Nvidia is trash, worst investment ever",negative,-0.4484205829784431,NVDA,youtube,35,14
2024-03-31,what do yall think about META?,neutral,-0.129102889070169,META,youtube,22,5
2024-09-24,my portfolio up 500% thanks to SPY 😂,positive,0.7500863740562125,SPY,youtube,56,2
2023-12-30,told yall Nvidia was gonna pump,positive,0.8350803869481374,NVDA,youtube,16,7
2023-02-11,diamond hands 💎🙌 holding GameStop forever,positive,0.6147050891727837,GME,youtube,87,12
2023-02-23,"never selling my Nvidia shares, generational wealth",positive,0.7979074222066885,NVDA,youtube,135,0
2024-09-28,my portfolio up 500% thanks to META 😂,positive,0.35245951344852633,META,youtube,48,1
2023-10-12,"best stock ever, AMC is the future",positive,0.46014813700548995,AMC,youtube,5,1
2023-02-19,"new to investing, is AAPL good?",neutral,0.13497124836746555,AAPL,youtube,5,7
2023-12-21,diamond hands 💎🙌 holding GME forever,positive,0.5392485259830573,GME,youtube,19,7
2023-05-03,🚀🚀🚀 NVDA to the moon!!!,positive,0.3499103122573804,NVDA,youtube,95,1
2024-01-03,biggest regret buying GME smh,negative,-0.3973515454821067,GME,youtube,87,1
2023-03-21,paper hands saved me from Apple disaster,negative,-0.3152555686101143,AAPL,youtube,122,18
2023-10-09,who else is buying the dip? Meta gang,positive,0.3479219849119479,META,youtube,17,9
2023-06-09,should i buy SPY or wait?,neutral,-0.05420212303923516,SPY,youtube,0,7
2024-08-06,Nvidia looking interesting ngl,neutral,-0.11046927354361907,NVDA,youtube,60,6
2023-08-08,NVDA looking interesting ngl,neutral,-0.03357548272371705,NVDA,youtube,41,10
2023-06-01,rip to everyone who bought Meta at the top,negative,-0.4768456762877883,META,youtube,39,5
2024-08-08,"new to investing, is SPY good?",neutral,-0.004869076859514598,SPY,youtube,31,17
2023-07-09,"Meta is trash, worst investment ever",negative,-0.5299337592042168,META,youtube,1,5
2024-05-19,diamond hands 💎🙌 holding AAPL forever,positive,0.6346319139888166,AAPL,youtube,107,0
2023-12-06,paper hands saved me from AAPL disaster,negative,-0.8245246691332463,AAPL,youtube,8,1
2024-04-12,told yall Google was gonna pump,positive,0.8560697209126138,GOOGL,youtube,17,2
2024-09-04,GameStop looking interesting ngl,neutral,-0.017995498626252188,GME,youtube,47,2
2023-09-11,told yall NVDA was gonna pump,positive,0.7872761995837128,NVDA,youtube,64,3
2023-11-16,whats the PT for Nvidia?,neutral,-0.06734159045263208,NVDA,youtube,213,8
2024-01-05,just bought more Tesla let's gooo,positive,0.381479925455792,TSLA,youtube,25,7
2023-07-29,what do yall think about Meta?,neutral,-0.1717578456136291,META,youtube,20,1
2024-03-17,TSLA looking interesting ngl,neutral,0.13454319199924236,TSLA,youtube,13,4
2024-05-30,whats the PT for NVDA?,neutral,0.16313683488101288,NVDA,youtube,16,1
2023-02-23,whats the PT for Amazon?,neutral,0.01984300273183978,AMZN,youtube,39,5
2024-05-31,🚀🚀🚀 TSLA to the moon!!!,positive,0.4519946831177406,TSLA,youtube,106,0
2023-07-22,"sold all my MSFT, this thing is done",negative,-0.5273067054147447,MSFT,youtube,1,12
2023-11-24,AMC looking interesting ngl,neutral,0.15467489087011826,AMC,youtube,86,6
2024-05-04,"this is gonna be huge, SPY will 10x easy",positive,0.6663893094766414,SPY,youtube,39,3
2024-06-10,just bought more TSLA let's gooo,positive,0.6522022533972707,TSLA,youtube,123,9
2023-03-27,🚀🚀🚀 Microsoft to the moon!!!,positive,0.3811556544536367,MSFT,youtube,52,12
2023-01-09,MSFT making me rich fr fr,positive,0.49298374515632687,MSFT,youtube,2,3
2023-08-31,"best stock ever, NVDA is the future",positive,0.7274499018550094,NVDA,youtube,1,4
2023-06-03,"this is gonna be huge, AMZN will 10x easy",positive,0.529720479155502,AMZN,youtube,2,2
2024-10-24,apes together strong 🦍 Google,positive,0.7733789090877844,GOOGL,youtube,12,2
2024-09-15,AMZN looking interesting ngl,neutral,0.06723847283394502,AMZN,youtube,46,0
2023-04-05,🚀🚀🚀 GME to the moon!!!,positive,0.5388733332224447,GME,youtube,41,4
2023-03-15,"idk about NVDA tbh, mixed signals",neutral,0.1027421418267212,NVDA,youtube,169,6
2023-04-14,"best stock ever, Meta is the future",positive,0.8952199838263419,META,youtube,9,5
2023-03-24,whats the PT for NVDA?,neutral,-0.15009054629270527,NVDA,youtube,3,3
2023-05-12,biggest regret buying Microsoft smh,negative,-0.4371766487161484,MSFT,youtube,49,0
2023-12-06,"sold all my NVDA, this thing is done",negative,-0.7541276845446466,NVDA,youtube,15,1
2024-06-10,"GOOGL going to zero, get out now",negative,-0.8907566832502052,GOOGL,youtube,4,3
2023-12-08,"never selling my Microsoft shares, generational wealth",positive,0.8707002961063293,MSFT,youtube,19,7
2023-04-19,anyone still holding GameStop?,neutral,0.17618041492939324,GME,youtube,8,0
2024-09-14,"idk about AMC tbh, mixed signals",neutral,-0.13892228488242642,AMC,youtube,106,8
2024-03-12,told yall AAPL was gonna pump,positive,0.6405143457673277,AAPL,youtube,3,1
2023-01-07,lol bears are so wrong about Microsoft,positive,0.3662923077093106,MSFT,youtube,7,1
2023-02-09,anyone still holding SPY?,neutral,-0.008655362406726402,SPY,youtube,14,4
2024-04-23,who else is buying the dip? Google gang,positive,0.8044178830307158,GOOGL,youtube,46,6
2023-07-18,"sold all my SPY, this thing is done",negative,-0.7210070978610983,SPY,youtube,43,1
2023-04-17,"new to investing, is AMZN good?",neutral,-0.05229717205789028,AMZN,youtube,46,0
2024-01-10,"this is gonna be huge, Google will 10x easy",positive,0.46124206806887835,GOOGL,youtube,2,0
2023-08-05,who else got rekt by NVDA? 😭,negative,-0.493779069881155,NVDA,youtube,7,1
2023-11-02,should i buy AMZN or wait?,neutral,-0.0169469303127546,AMZN,youtube,37,1
2023-07-11,just bought more Microsoft let's gooo,positive,0.814478308525987,MSFT,youtube,31,5
2023-05-01,biggest regret buying GME smh,negative,-0.6413765439709336,GME,youtube,0,7
2023-11-26,whats the PT for Tesla?,neutral,-0.06194883361087983,TSLA,youtube,35,8
2024-02-06,"new to investing, is META good?",neutral,-0.03899206840582603,META,youtube,1,0
2023-04-21,whats the PT for AMZN?,neutral,-0.014219843216141476,AMZN,youtube,15,4
2023-03-29,AAPL looking interesting ngl,neutral,0.13736641628462448,AAPL,youtube,98,0
2024-08-29,biggest regret buying Tesla smh,negative,-0.5151774891373386,TSLA,youtube,89,11
2023-11-18,"AMC is trash, worst investment ever",negative,-0.8872045704836905,AMC,youtube,100,20
2023-01-19,"SPY going to zero, get out now",negative,-0.6911565147556963,SPY,youtube,5,1
2023-10-08,"Amazon going to zero, get out now",negative,-0.3351645902975037,AMZN,youtube,21,4
2024-01-21,what do yall think about AMC?,neutral,-0.10002426034803912,AMC,youtube,15,2
2023-08-03,waiting for NVDA to dip more,neutral,-0.06182799787924362,NVDA,youtube,3,6
2023-04-03,who else got rekt by GME? 😭,negative,-0.46570165148947007,GME,youtube,26,1
2023-07-09,paper hands saved me from META disaster,negative,-0.7671436684894455,META,youtube,42,4
2024-07-23,"Tesla scam, dont buy this garbage",negative,-0.4344302134105251,TSLA,youtube,32,11
2024-07-15,"never selling my AMC shares, generational wealth",positive,0.44803779104611136,AMC,youtube,27,2
2024-04-01,"Meta going to zero, get out now",negative,-0.6976079731588907,META,youtube,44,10
2023-05-14,should i buy GOOGL or wait?,neutral,-0.1863305224242986,GOOGL,youtube,12,2
2024-07-24,"idk about AMC tbh, mixed signals",neutral,-0.11894089427787238,AMC,youtube,20,6
2024-08-01,diamond hands 💎🙌 holding Google forever,positive,0.5623130547780308,GOOGL,youtube,5,2
2023-02-19,who else is buying the dip? Nvidia gang,positive,0.8594231644153199,NVDA,youtube,13,1
2024-11-11,waiting for Tesla to dip more,neutral,0.16548229702465472,TSLA,youtube,47,1
2023-12-14,paper hands saved me from Google disaster,negative,-0.4554637179982598,GOOGL,youtube,84,4
2023-08-31,"best stock ever, Google is the future",positive,0.3152231360917797,GOOGL,youtube,76,0
2023-03-08,"this is gonna be huge, Amazon will 10x easy",positive,0.762424991959942,AMZN,youtube,91,20
2023-11-03,just bought more META let's gooo,positive,0.8752352886369128,META,youtube,28,4
2024-08-03,lmao AMC bagholders in shambles,negative,-0.8031197485160451,AMC,youtube,11,33
2024-11-16,"never selling my Meta shares, generational wealth",positive,0.6171606908179503,META,youtube,172,10
2024-01-15,apes together strong 🦍 Apple,positive,0.3745066643813678,AAPL,youtube,74,0
2023-06-11,"this is gonna be huge, GME will 10x easy",positive,0.4413679582783432,GME,youtube,1,3
2023-05-25,lmao SPY bagholders in shambles,negative,-0.7560582586604078,SPY,youtube,66,4
2024-10-12,told yall GME was gonna pump,positive,0.3392596929410333,GME,youtube,43,5
2024-08-11,my portfolio up 500% thanks to Google 😂,positive,0.4471878899171021,GOOGL,youtube,24,4
2024-04-27,who else is buying the dip? Tesla gang,positive,0.5905841187619243,TSLA,youtube,23,12
2024-08-13,rip to everyone who bought Apple at the top,negative,-0.5775078672198036,AAPL,youtube,128,8
2023-08-14,biggest regret buying SPY smh,negative,-0.5944433708105119,SPY,youtube,112,0
2024-02-01,NVDA making me rich fr fr,positive,0.6139916091011604,NVDA,youtube,55,0
2023-05-10,who else got rekt by NVDA? 😭,negative,-0.8704811090626613,NVDA,youtube,40,0
2024-11-13,lmao Microsoft bagholders in shambles,negative,-0.3753854574845793,MSFT,youtube,8,4
2024-08-30,paper hands saved me from AMC disaster,negative,-0.8081585634712424,AMC,youtube,59,11
2024-09-21,paper hands saved me from Microsoft disaster,negative,-0.5506619665937538,MSFT,youtube,20,3
2023-02-18,apes together strong 🦍 GME,positive,0.6815033213691031,GME,youtube,4,2
2024-10-18,"AMC scam, dont buy this garbage",negative,-0.74755266879497,AMC,youtube,19,12
2023-10-15,"new to investing, is GME good?",neutral,0.15182900529036308,GME,youtube,7,3
2024-08-27,told yall SPY was gonna pump,positive,0.44094584264411407,SPY,youtube,35,7
2023-01-24,biggest regret buying GOOGL smh,negative,-0.7985980696578244,GOOGL,youtube,138,7
2023-03-18,paper hands saved me from AAPL disaster,negative,-0.5973796801083178,AAPL,youtube,35,4
2024-06-07,"best stock ever, AMC is the future",positive,0.3925394497747602,AMC,youtube,82,6
2023-05-27,biggest regret buying GameStop smh,negative,-0.6331703038550935,GME,youtube,3,0
2023-10-29,why did i buy Meta?? down so bad rn,negative,-0.5558668000233415,META,youtube,11,1
2023-02-13,"SPY going to zero, get out now",negative,-0.6271319944314402,SPY,youtube,25,10
2024-07-06,why did i buy Meta?? down so bad rn,negative,-0.46159643131805805,META,youtube,0,0
2023-11-08,apes together strong 🦍 AMC,positive,0.5150272378018776,AMC,youtube,46,8
2024-10-26,rip to everyone who bought AMC at the top,negative,-0.358526767250269,AMC,youtube,26,1
2024-10-24,why did i buy Amazon?? down so bad rn,negative,-0.47375288376995206,AMZN,youtube,29,3
2023-08-04,Apple looking interesting ngl,neutral,-0.15072297385311784,AAPL,youtube,59,1
2024-04-13,whats the PT for NVDA?,neutral,0.12870271796957855,NVDA,youtube,397,0
2023-10-31,"idk about SPY tbh, mixed signals",neutral,-0.041685835481957534,SPY,youtube,2,2
2023-10-15,"GOOGL going to zero, get out now",negative,-0.6507401651358881,GOOGL,youtube,65,9
2024-07-01,META making me rich fr fr,positive,0.856638997527585,META,youtube,6,2
2024-09-24,"new to investing, is GOOGL good?",neutral,-0.08247723449332965,GOOGL,youtube,2,3
2024-04-06,what do yall think about SPY?,neutral,-0.03860465319818984,SPY,youtube,12,1
2023-11-30,whats the PT for Tesla?,neutral,0.0872599011377117,TSLA,youtube,98,0
2023-08-13,"NVDA is trash, worst investment ever",negative,-0.306385636721765,NVDA,youtube,20,2
2023-01-13,"Google scam, dont buy this garbage",negative,-0.715661348088641,GOOGL,youtube,25,0
2023-10-05,waiting for AMC to dip more,neutral,0.0516983217057313,AMC,youtube,9,2
2024-11-21,should i buy AMC or wait?,neutral,0.012926166101048187,AMC,youtube,16,1
2023-03-07,"never selling my Google shares, generational wealth",positive,0.426906737088387,GOOGL,youtube,55,0
2024-04-21,"new to investing, is NVDA good?",neutral,-0.06125764174537204,NVDA,youtube,108,1
2024-03-25,who else is buying the dip? Google gang,positive,0.8275643765502527,GOOGL,youtube,16,16
2023-01-04,"GameStop is trash, worst investment ever",negative,-0.7814173529859683,GME,youtube,4,1
2024-06-16,why did i buy AAPL?? down so bad rn,negative,-0.49999544829370013,AAPL,youtube,38,1
2024-03-08,"best stock ever, Amazon is the future",positive,0.5793494913300402,AMZN,youtube,92,8
2023-09-21,whats the PT for Amazon?,neutral,-0.026622584247869646,AMZN,youtube,69,0
2023-11-30,AMC making me rich fr fr,positive,0.30448535188114184,AMC,youtube,5,1
2024-07-23,"sold all my SPY, this thing is done",negative,-0.5981580472398207,SPY,youtube,23,12
2023-07-15,Tesla looking interesting ngl,neutral,0.1232029073506371,TSLA,youtube,45,5
2024-10-13,paper hands saved me from NVDA disaster,negative,-0.8410930679392977,NVDA,youtube,46,7
2024-09-24,apes together strong 🦍 Amazon,positive,0.3251930100570635,AMZN,youtube,10,4
2024-01-25,"Google is trash, worst investment ever",negative,-0.7182884450692518,GOOGL,youtube,36,1
2023-07-18,anyone still holding Meta?,neutral,-0.10551745325680445,META,youtube,101,0
2023-07-09,apes together strong 🦍 TSLA,positive,0.6370910788470474,TSLA,youtube,55,3
2023-06-10,why did i buy Amazon?? down so bad rn,negative,-0.440664322911273,AMZN,youtube,37,1
2023-04-09,my portfolio up 500% thanks to Tesla 😂,positive,0.5993990259070949,TSLA,youtube,123,2
2023-03-25,waiting for GOOGL to dip more,neutral,0.15160922077574157,GOOGL,youtube,7,1
2024-11-01,"sold all my Nvidia, this thing is done",negative,-0.48694911294903126,NVDA,youtube,74,0
2023-03-06,paper hands saved me from SPY disaster,negative,-0.5058574668607825,SPY,youtube,2,3
2024-03-21,apes together strong 🦍 Amazon,positive,0.8408796854033598,AMZN,youtube,68,12
2023-04-30,"best stock ever, Meta is the future",positive,0.7633660147813504,META,youtube,41,4
2024-07-09,"best stock ever, META is the future",positive,0.8966280405216818,META,youtube,21,3
2023-08-28,anyone still holding GME?,neutral,0.10214870545363558,GME,youtube,144,0
2023-02-18,"new to investing, is Microsoft good?",neutral,-0.028354849199210636,MSFT,youtube,53,2
2023-09-01,"META scam, dont buy this garbage",negative,-0.6946285093964053,META,youtube,38,3
2023-11-14,GME looking interesting ngl,neutral,0.08625176298498882,GME,youtube,36,0
2023-08-23,lmao Tesla bagholders in shambles,negative,-0.378476278223849,TSLA,youtube,33,6
2023-05-21,apes together strong 🦍 Google,positive,0.6934722439138071,GOOGL,youtube,2,0
2023-02-03,"NVDA scam, dont buy this garbage",negative,-0.580590794720597,NVDA,youtube,45,2
2023-10-18,rip to everyone who bought NVDA at the top,negative,-0.7960000504293365,NVDA,youtube,3,4
2023-07-11,should i buy Meta or wait?,neutral,-0.13548315817022266,META,youtube,5,2
2023-11-11,🚀🚀🚀 MSFT to the moon!!!,positive,0.4134255911555987,MSFT,youtube,76,5
2023-04-09,apes together strong 🦍 SPY,positive,0.8930101342112804,SPY,youtube,14,0
2023-11-14,just bought more Amazon let's gooo,positive,0.7760980548823257,AMZN,youtube,0,0
2024-09-26,"this is gonna be huge, GameStop will 10x easy",positive,0.6296589575077224,GME,youtube,15,1
2024-02-21,GME looking interesting ngl,neutral,-0.15005924917986802,GME,youtube,27,4
2023-03-01,my portfolio up 500% thanks to TSLA 😂,positive,0.6508407643447551,TSLA,youtube,8,1
2024-06-27,whats the PT for Amazon?,neutral,-0.04033364631193134,AMZN,youtube,9,1
2023-08-01,"META scam, dont buy this garbage",negative,-0.5499587523593219,META,youtube,1,5
2023-10-14,"SPY is trash, worst investment ever",negative,-0.6859908696742809,SPY,youtube,31,2
2023-04-28,SPY looking interesting ngl,neutral,-0.0897521753167633,SPY,youtube,13,0
2023-03-25,🚀🚀🚀 SPY to the moon!!!,positive,0.4812483596918068,SPY,youtube,86,10
2024-11-21,told yall GME was gonna pump,positive,0.8787377058323982,GME,youtube,0,0
2024-05-16,waiting for AMC to dip more,neutral,-0.05929776071272133,AMC,youtube,12,6
2024-07-04,why did i buy AMC?? down so bad rn,negative,-0.43128054165002927,AMC,youtube,115,0
2023-09-30,lmao AAPL bagholders in shambles,negative,-0.8883204441555773,AAPL,youtube,64,4
2024-09-27,who else is buying the dip? AMC gang,positive,0.8921224857308745,AMC,youtube,44,2
2023-11-17,"never selling my AMC shares, generational wealth",positive,0.7035752045218293,AMC,youtube,19,6
2024-01-18,"META is trash, worst investment ever",negative,-0.5524550616653447,META,youtube,19,3
2023-12-14,"GameStop is trash, worst investment ever",negative,-0.8397652495460027,GME,youtube,18,3
2024-10-12,lol bears are so wrong about Tesla,positive,0.6626326818778255,TSLA,youtube,64,6
2024-06-22,rip to everyone who bought Meta at the top,negative,-0.6990209871048528,META,youtube,18,10
2024-01-12,MSFT making me rich fr fr,positive,0.6844634280309347,MSFT,youtube,39,6
2023-05-11,diamond hands 💎🙌 holding Apple forever,positive,0.5579012576662258,AAPL,youtube,59,2
2023-02-21,AAPL looking interesting ngl,neutral,0.024935339460853967,AAPL,youtube,26,2
2023-08-22,"new to investing, is Microsoft good?",neutral,0.017036197811622106,MSFT,youtube,35,14
2024-01-19,what do yall think about AAPL?,neutral,0.16685949315865534,AAPL,youtube,3,3
2024-07-17,whats the PT for META?,neutral,0.11074666276072453,META,youtube,10,2
2023-10-16,just bought more Tesla let's gooo,positive,0.767651696525009,TSLA,youtube,148,7
2023-09-30,"Amazon going to zero, get out now",negative,-0.6525577573826095,AMZN,youtube,34,9
2023-07-31,lmao MSFT bagholders in shambles,negative,-0.4696920992945543,MSFT,youtube,26,6
2023-08-02,"GameStop is trash, worst investment ever",negative,-0.34558471092424914,GME,youtube,137,1
2023-03-09,who else is buying the dip? Nvidia gang,positive,0.49304901525930994,NVDA,youtube,26,11
2023-04-08,who else got rekt by GameStop? 😭,negative,-0.7821259400193699,GME,youtube,3,6
2024-02-04,"new to investing, is GOOGL good?",neutral,-0.12350940452833728,GOOGL,youtube,16,12
2023-10-23,"sold all my SPY, this thing is done",negative,-0.8682726244589207,SPY,youtube,12,0
2024-05-24,"new to investing, is Tesla good?",neutral,-0.10080101289416935,TSLA,youtube,59,0
2024-01-04,who else got rekt by GME? 😭,negative,-0.3138855326198916,GME,youtube,16,4
2024-01-20,should i buy AMC or wait?,neutral,0.07884608413759014,AMC,youtube,9,9
2024-03-22,"SPY scam, dont buy this garbage",negative,-0.35606999514387705,SPY,youtube,32,1
2023-01-23,what do yall think about Nvidia?,neutral,-0.05377015735481658,NVDA,youtube,10,0
2023-03-24,just bought more Amazon let's gooo,positive,0.6326904063084069,AMZN,youtube,7,1
2024-10-15,"GameStop scam, dont buy this garbage",negative,-0.3793438458088365,GME,youtube,60,11
2023-11-08,"SPY scam, dont buy this garbage",negative,-0.5387015304887741,SPY,youtube,78,2
2023-06-20,"best stock ever, NVDA is the future",positive,0.8145401497936946,NVDA,youtube,22,1
2024-08-25,anyone still holding Google?,neutral,-0.17284014368544776,GOOGL,youtube,5,7
2023-10-05,"never selling my MSFT shares, generational wealth",positive,0.5534960291932185,MSFT,youtube,63,11
2023-11-24,"new to investing, is GME good?",neutral,0.17955367052471638,GME,youtube,33,2
2024-02-14,paper hands saved me from Nvidia disaster,negative,-0.45852038273044193,NVDA,youtube,28,1
2023-09-21,"this is gonna be huge, AMC will 10x easy",positive,0.48254083969005623,AMC,youtube,34,2
2023-04-23,anyone still holding AMC?,neutral,-0.06985775324989776,AMC,youtube,6,5
2024-08-17,just bought more AMZN let's gooo,positive,0.6746214342962173,AMZN,youtube,6,5
2024-07-19,"META is trash, worst investment ever",negative,-0.521473443000352,META,youtube,50,1
2023-10-01,what do yall think about AMZN?,neutral,0.06718021940372798,AMZN,youtube,34,7
2023-04-22,"this is gonna be huge, Nvidia will 10x easy",positive,0.33264408415976277,NVDA,youtube,36,0
2023-02-18,lmao AAPL bagholders in shambles,negative,-0.4723759009599283,AAPL,youtube,74,5
2023-05-29,who else got rekt by AMC? 😭,negative,-0.37591479505421577,AMC,youtube,183,0
2023-08-20,lol bears are so wrong about AMZN,positive,0.569572978450521,AMZN,youtube,29,3
2023-03-24,🚀🚀🚀 NVDA to the moon!!!,positive,0.5819958165960777,NVDA,youtube,122,1
2023-10-11,should i buy GameStop or wait?,neutral,-0.12831813831078248,GME,youtube,17,7
2023-09-24,diamond hands 💎🙌 holding AMZN forever,positive,0.5499821075444843,AMZN,youtube,95,7
2023-03-02,lol bears are so wrong about META,positive,0.7226983110590862,META,youtube,38,1
2023-06-26,told yall Meta was gonna pump,positive,0.5368586239455063,META,youtube,18,7
2023-08-03,should i buy AMC or wait?,neutral,-0.12372570582505338,AMC,youtube,76,1
2023-10-25,apes together strong 🦍 SPY,positive,0.8464798684524668,SPY,youtube,132,1
2024-04-05,diamond hands 💎🙌 holding MSFT forever,positive,0.41525927014052433,MSFT,youtube,205,1
2024-03-15,GOOGL making me rich fr fr,positive,0.3551174078054207,GOOGL,youtube,142,5
2023-01-20,"sold all my AMC, this thing is done",negative,-0.8391488209554899,AMC,youtube,73,8
2024-05-04,whats the PT for Tesla?,neutral,0.021413641422880048,TSLA,youtube,18,0
2023-01-14,paper hands saved me from Apple disaster,negative,-0.7689621646643996,AAPL,youtube,16,6
2023-11-11,AMC looking interesting ngl,neutral,0.1097376332272832,AMC,youtube,1,9
2024-02-29,"sold all my Nvidia, this thing is done",negative,-0.743226277803259,NVDA,youtube,6,1
2024-01-24,NVDA making me rich fr fr,positive,0.498003618768314,NVDA,youtube,14,0
2024-08-09,"best stock ever, META is the future",positive,0.8005441212506126,META,youtube,8,6
2023-10-13,what do yall think about AAPL?,neutral,-0.009599885456391288,AAPL,youtube,160,6
2024-05-24,🚀🚀🚀 META to the moon!!!,positive,0.7863966711212087,META,youtube,6,9
2023-09-10,just bought more SPY let's gooo,positive,0.5704158303056732,SPY,youtube,10,0
2023-09-22,my portfolio up 500% thanks to Apple 😂,positive,0.6375269778131998,AAPL,youtube,195,0
2024-10-12,lol bears are so wrong about SPY,positive,0.8243179909538487,SPY,youtube,12,11
2023-12-30,diamond hands 💎🙌 holding SPY forever,positive,0.4017585029247343,SPY,youtube,19,5
2023-10-15,whats the PT for Google?,neutral,0.005552013547646922,GOOGL,youtube,165,1
2023-09-27,biggest regret buying AMZN smh,negative,-0.43080014850509135,AMZN,youtube,16,1
2023-07-29,"Tesla going to zero, get out now",negative,-0.35468902926155177,TSLA,youtube,142,1
2023-02-19,"GOOGL going to zero, get out now",negative,-0.6629303896643629,GOOGL,youtube,12,4
2023-10-19,told yall AMZN was gonna pump,positive,0.39997791641229785,AMZN,youtube,89,4
2024-08-03,🚀🚀🚀 AMC to the moon!!!,positive,0.6151310760945949,AMC,youtube,118,1
2024-10-31,META looking interesting ngl,neutral,0.15177131681333617,META,youtube,56,1
2024-01-08,lmao META bagholders in shambles,negative,-0.45241443160811284,META,youtube,8,4
2024-06-01,should i buy AMC or wait?,neutral,-0.1817342049046553,AMC,youtube,55,6
2024-01-14,anyone still holding Microsoft?,neutral,-0.00587094769408969,MSFT,youtube,27,2
2024-03-29,paper hands saved me from GME disaster,negative,-0.3493298964144519,GME,youtube,14,1
2023-10-10,who else is buying the dip? Meta gang,positive,0.34861532658507455,META,youtube,118,3
2023-04-17,what do yall think about TSLA?,neutral,0.14803395075990444,TSLA,youtube,82,3
2024-06-21,"new to investing, is Tesla good?",neutral,-0.12421668728205448,TSLA,youtube,50,0
2023-07-28,lmao SPY bagholders in shambles,negative,-0.7546582001325173,SPY,youtube,1,10
2023-03-27,"idk about Apple tbh, mixed signals",neutral,0.02910178538224567,AAPL,youtube,90,3
2024-04-11,my portfolio up 500% thanks to AAPL 😂,positive,0.5360977336794273,AAPL,youtube,70,4
2023-08-10,"best stock ever, Apple is the future",positive,0.7007587152251973,AAPL,youtube,9,7
2024-04-29,Google looking interesting ngl,neutral,-0.08517751197285338,GOOGL,youtube,6,5
2023-07-08,"sold all my AMC, this thing is done",negative,-0.7697469403315977,AMC,youtube,6,2
2023-04-04,why did i buy Tesla?? down so bad rn,negative,-0.8603124767023461,TSLA,youtube,2,0
2023-12-13,"best stock ever, AMC is the future",positive,0.5782893623814996,AMC,youtube,0,5
2023-08-17,Amazon looking interesting ngl,neutral,-0.1556853910861698,AMZN,youtube,70,0
2023-12-23,"Apple going to zero, get out now",negative,-0.4322432894004501,AAPL,youtube,15,15
2023-07-15,TSLA looking interesting ngl,neutral,0.09946309598808606,TSLA,youtube,27,1
2024-07-31,"sold all my Microsoft, this thing is done",negative,-0.807998531448888,MSFT,youtube,83,2
2023-03-26,biggest regret buying GOOGL smh,negative,-0.6202572912043134,GOOGL,youtube,43,3
2024-06-01,"new to investing, is AAPL good?",neutral,0.07712782397167983,AAPL,youtube,38,18
2024-03-28,anyone still holding NVDA?,neutral,-0.10577253927891062,NVDA,youtube,183,0
2023-07-05,anyone still holding Meta?,neutral,0.18509386744032968,META,youtube,81,1
2023-12-12,"new to investing, is AMZN good?",neutral,0.07282864425924618,AMZN,youtube,52,2
2023-09-01,anyone still holding AAPL?,neutral,0.12802196608728317,AAPL,youtube,18,0
2024-06-11,anyone still holding Amazon?,neutral,0.1957168926850278,AMZN,youtube,2,0
2023-01-05,biggest regret buying AMZN smh,negative,-0.5618314115272006,AMZN,youtube,15,0
2023-06-12,"best stock ever, AAPL is the future",positive,0.737532124089259,AAPL,youtube,131,1
2024-05-31,who else got rekt by AMZN? 😭,negative,-0.7323520302986446,AMZN,youtube,0,3
2024-10-31,"Nvidia scam, dont buy this garbage",negative,-0.42838866934472486,NVDA,youtube,73,1
2024-08-25,🚀🚀🚀 GOOGL to the moon!!!,positive,0.8405890221726386,GOOGL,youtube,33,6
2024-08-01,diamond hands 💎🙌 holding Google forever,positive,0.49585599196712926,GOOGL,youtube,33,4
2024-08-16,waiting for NVDA to dip more,neutral,0.09937435326766547,NVDA,youtube,91,0
2024-01-07,MSFT looking interesting ngl,neutral,-0.09334215282364183,MSFT,youtube,64,19
2023-02-11,whats the PT for TSLA?,neutral,-0.17633939793018533,TSLA,youtube,99,1
2024-05-09,🚀🚀🚀 Tesla to the moon!!!,positive,0.7744256826500866,TSLA,youtube,82,7
2023-07-20,"new to investing, is MSFT good?",neutral,0.0022542088317011877,MSFT,youtube,58,4
2024-04-26,"GME is trash, worst investment ever",negative,-0.44753477930974,GME,youtube,18,6
2024-10-01,🚀🚀🚀 Microsoft to the moon!!!,positive,0.8419419650921018,MSFT,youtube,36,4
2024-02-22,"Tesla going to zero, get out now",negative,-0.5065959709109209,TSLA,youtube,7,2
2024-08-28,"never selling my GameStop shares, generational wealth",positive,0.32819921512618117,GME,youtube,5,3
2023-03-09,Tesla looking interesting ngl,neutral,-0.10139879619607745,TSLA,youtube,79,1
2024-05-28,lmao Apple bagholders in shambles,negative,-0.8926291969434273,AAPL,youtube,11,5
2023-01-09,anyone still holding AMZN?,neutral,0.1191199506379072,AMZN,youtube,30,7
2023-12-08,Apple looking interesting ngl,neutral,-0.09481095420671944,AAPL,youtube,39,1
2024-07-09,diamond hands 💎🙌 holding AMC forever,positive,0.6144925470923848,AMC,youtube,97,0
2024-10-31,"best stock ever, AAPL is the future",positive,0.5825172769205987,AAPL,youtube,25,1
2023-02-13,Amazon making me rich fr fr,positive,0.8840249537982834,AMZN,youtube,7,0
2024-03-09,Google making me rich fr fr,positive,0.6309724627169602,GOOGL,youtube,64,2
2023-10-14,🚀🚀🚀 AMC to the moon!!!,positive,0.5400011789373305,AMC,youtube,1,16
2023-06-10,diamond hands 💎🙌 holding GOOGL forever,positive,0.822785012155222,GOOGL,youtube,63,3
2024-05-05,"new to investing, is TSLA good?",neutral,0.09384310653480626,TSLA,youtube,21,3
2023-03-31,who else is buying the dip? Google gang,positive,0.8177055999996075,GOOGL,youtube,97,9
2023-12-30,should i buy TSLA or wait?,neutral,0.13112955401676152,TSLA,youtube,76,1
2023-06-01,"this is gonna be huge, SPY will 10x easy",positive,0.3016442956636752,SPY,youtube,40,4
2024-05-08,apes together strong 🦍 META,positive,0.8054460274012012,META,youtube,31,13
2024-09-19,waiting for GOOGL to dip more,neutral,0.13397288958474435,GOOGL,youtube,12,2
2023-03-16,"best stock ever, Tesla is the future",positive,0.7474695425851636,TSLA,youtube,25,8
2024-08-21,just bought more GOOGL let's gooo,positive,0.3951209286939117,GOOGL,youtube,111,8
2023-07-16,biggest regret buying SPY smh,negative,-0.8903293024720594,SPY,youtube,15,2
2024-11-23,waiting for SPY to dip more,neutral,-0.03462109832650628,SPY,youtube,89,7
2023-09-04,"new to investing, is GameStop good?",neutral,0.09271546666357688,GME,youtube,21,1
2023-10-25,MSFT making me rich fr fr,positive,0.4156049809140253,MSFT,youtube,28,3
2023-09-15,lol bears are so wrong about GME,positive,0.4563663503129468,GME,youtube,14,6
2023-04-14,what do yall think about AAPL?,neutral,0.1568585399511439,AAPL,youtube,73,8
2024-01-16,who else got rekt by Amazon? 😭,negative,-0.40417513391218685,AMZN,youtube,157,16
2023-12-25,just bought more Apple let's gooo,positive,0.47907181990442727,AAPL,youtube,73,9
2023-09-09,"AMZN scam, dont buy this garbage",negative,-0.7839562407140634,AMZN,youtube,35,3
2023-03-29,whats the PT for MSFT?,neutral,0.051790420569451434,MSFT,youtube,12,3
2024-06-19,lmao Apple bagholders in shambles,negative,-0.6880233901070214,AAPL,youtube,49,1
2024-06-12,why did i buy META?? down so bad rn,negative,-0.5368358268935844,META,youtube,98,2
2024-07-29,AMC making me rich fr fr,positive,0.4807570288084897,AMC,youtube,81,10
2024-11-09,what do yall think about NVDA?,neutral,0.10269774971809614,NVDA,youtube,37,3
2024-08-15,paper hands saved me from Amazon disaster,negative,-0.5064089226276542,AMZN,youtube,107,1
2024-05-28,"best stock ever, Microsoft is the future",positive,0.32172426383029457,MSFT,youtube,10,4
2023-09-08,who else got rekt by AMC? 😭,negative,-0.7047561031826112,AMC,youtube,78,0
2023-04-09,my portfolio up 500% thanks to SPY 😂,positive,0.5554455372895879,SPY,youtube,52,4
2023-08-28,rip to everyone who bought AMC at the top,negative,-0.6099114960719401,AMC,youtube,10,4
2024-03-29,🚀🚀🚀 Meta to the moon!!!,positive,0.6395718790275586,META,youtube,43,11
2024-01-09,"new to investing, is MSFT good?",neutral,0.17182510330710976,MSFT,youtube,5,3
2024-05-01,"best stock ever, NVDA is the future",positive,0.5861943436091442,NVDA,youtube,71,5
2024-09-24,"best stock ever, SPY is the future",positive,0.7905939735408078,SPY,youtube,36,18
2023-10-24,rip to everyone who bought Microsoft at the top,negative,-0.7457022393228385,MSFT,youtube,13,1
2023-11-13,apes together strong 🦍 GOOGL,positive,0.531654751869417,GOOGL,youtube,14,2
2023-05-22,rip to everyone who bought Amazon at the top,negative,-0.3826460570853564,AMZN,youtube,20,2
2023-12-27,whats the PT for META?,neutral,0.11437826259013056,META,youtube,29,2
2023-09-05,diamond hands 💎🙌 holding AMC forever,positive,0.7679985412924399,AMC,youtube,7,1
2023-08-23,diamond hands 💎🙌 holding SPY forever,positive,0.7163080639271561,SPY,youtube,32,8
2023-04-18,should i buy GME or wait?,neutral,0.0341136176160568,GME,youtube,3,2
2023-10-06,Microsoft making me rich fr fr,positive,0.4552960387297771,MSFT,youtube,31,4
2023-04-11,"new to investing, is AMC good?",neutral,0.05168647053591785,AMC,youtube,4,0
2023-03-27,"sold all my MSFT, this thing is done",negative,-0.8699235702253755,MSFT,youtube,108,3
2023-10-02,whats the PT for GOOGL?,neutral,0.1378010511593934,GOOGL,youtube,64,7
2024-01-14,"new to investing, is Google good?",neutral,-0.036641910380982884,GOOGL,youtube,105,6
2024-10-19,lmao Apple bagholders in shambles,negative,-0.49010409614729805,AAPL,youtube,32,4
2024-08-05,biggest regret buying GME smh,negative,-0.5591824837931165,GME,youtube,1,15
2023-08-28,whats the PT for GME?,neutral,0.12003055611973457,GME,youtube,13,3
2024-03-07,should i buy AMC or wait?,neutral,-0.04296497767862059,AMC,youtube,0,0
2023-03-25,who else got rekt by NVDA? 😭,negative,-0.4262378657820195,NVDA,youtube,17,8
2023-08-22,🚀🚀🚀 SPY to the moon!!!,positive,0.31162247785942876,SPY,youtube,2,2
2023-09-07,"never selling my SPY shares, generational wealth",positive,0.3527977661596622,SPY,youtube,39,0
2023-05-22,apes together strong 🦍 META,positive,0.4184639474441168,META,youtube,176,4
2024-10-05,"TSLA is trash, worst investment ever",negative,-0.8101771963070764,TSLA,youtube,23,10
2024-07-07,Apple making me rich fr fr,positive,0.6666245696985262,AAPL,youtube,78,1
2024-11-03,my portfolio up 500% thanks to AMZN 😂,positive,0.36655481003886947,AMZN,youtube,133,2
2023-02-16,"idk about AAPL tbh, mixed signals",neutral,0.12413956133734128,AAPL,youtube,25,11
2023-11-17,paper hands saved me from GME disaster,negative,-0.3211306081250963,GME,youtube,19,3
2024-07-29,"best stock ever, NVDA is the future",positive,0.6810702136981602,NVDA,youtube,70,2
2023-07-26,"new to investing, is AAPL good?",neutral,-0.16466066526956738,AAPL,youtube,129,0
2023-05-18,"new to investing, is META good?",neutral,0.04282207463508758,META,youtube,1,7
2023-09-23,what do yall think about Apple?,neutral,0.06664404736155549,AAPL,youtube,30,7
2023-05-04,"AMZN going to zero, get out now",negative,-0.5314842227750307,AMZN,youtube,73,6
2024-10-26,"AMZN going to zero, get out now",negative,-0.7222669651447773,AMZN,youtube,3,11
2024-06-04,my portfolio up 500% thanks to AAPL 😂,positive,0.5228566703706932,AAPL,youtube,23,6
2023-08-09,who else got rekt by GME? 😭,negative,-0.3643134517178773,GME,youtube,83,9
2024-05-30,lol bears are so wrong about NVDA,positive,0.7970561631721513,NVDA,youtube,12,16
2024-06-27,"idk about MSFT tbh, mixed signals",neutral,0.04433479591721348,MSFT,youtube,106,3
2023-05-26,SPY making me rich fr fr,positive,0.7449199851950685,SPY,youtube,14,2
2023-06-23,"AMC going to zero, get out now",negative,-0.4225994734647282,AMC,youtube,8,1
2023-04-28,told yall Apple was gonna pump,positive,0.37580052645548867,AAPL,youtube,0,10
2023-05-11,biggest regret buying Microsoft smh,negative,-0.33029915026194223,MSFT,youtube,37,0
2024-03-06,"new to investing, is AMC good?",neutral,-0.17701624721277232,AMC,youtube,29,11
2023-11-09,waiting for GOOGL to dip more,neutral,-0.10412501230434251,GOOGL,youtube,156,6
2023-10-30,GME making me rich fr fr,positive,0.44318324973316825,GME,youtube,14,0
2024-07-01,my portfolio up 500% thanks to GameStop 😂,positive,0.5068594274879101,GME,youtube,45,0
2023-05-29,just bought more SPY let's gooo,positive,0.3421968411090121,SPY,youtube,78,1
2024-02-10,"SPY scam, dont buy this garbage",negative,-0.3342088684816319,SPY,youtube,73,5
2024-11-08,"new to investing, is Tesla good?",neutral,-0.02721124300349756,TSLA,youtube,50,8
2024-04-09,told yall GameStop was gonna pump,positive,0.43166059013708036,GME,youtube,10,3
2023-08-22,rip to everyone who bought GameStop at the top,negative,-0.6007183908308646,GME,youtube,14,0
2023-05-14,"META going to zero, get out now",negative,-0.40268992257174446,META,youtube,1,5
2024-07-05,rip to everyone who bought Google at the top,negative,-0.6706769937324675,GOOGL,youtube,11,1
2023-10-10,who else is buying the dip? META gang,positive,0.6165444614179525,META,youtube,7,12
2023-10-07,MSFT making me rich fr fr,positive,0.8428528093015917,MSFT,youtube,140,3
2024-02-01,waiting for GOOGL to dip more,neutral,0.16545694654121879,GOOGL,youtube,29,3
2023-03-12,just bought more SPY let's gooo,positive,0.6220309190326225,SPY,youtube,51,1
2024-02-16,what do yall think about GameStop?,neutral,0.07000854974960591,GME,youtube,9,18
2023-05-11,"best stock ever, Nvidia is the future",positive,0.39839384075643786,NVDA,youtube,72,4
2023-10-25,Google looking interesting ngl,neutral,0.04711676065422546,GOOGL,youtube,2,0
2024-04-13,what do yall think about Tesla?,neutral,0.04518615453599795,TSLA,youtube,95,2
2024-05-26,"sold all my Apple, this thing is done",negative,-0.4175748930289979,AAPL,youtube,47,0
2023-07-14,"NVDA going to zero, get out now",negative,-0.5216568790863516,NVDA,youtube,54,6
2023-02-04,why did i buy Google?? down so bad rn,negative,-0.319231928758695,GOOGL,youtube,11,0
2024-08-17,why did i buy Tesla?? down so bad rn,negative,-0.7978609364497441,TSLA,youtube,37,0
2023-11-22,waiting for SPY to dip more,neutral,-0.18538792130541518,SPY,youtube,142,0
2023-09-22,just bought more SPY let's gooo,positive,0.6369441905900246,SPY,youtube,100,5
2024-08-01,should i buy SPY or wait?,neutral,0.10084215915118289,SPY,youtube,0,2
2023-01-06,Meta looking interesting ngl,neutral,0.13451014057912636,META,youtube,135,10
2023-03-30,"sold all my Tesla, this thing is done",negative,-0.4900593310160803,TSLA,youtube,159,18
2024-11-05,"sold all my SPY, this thing is done",negative,-0.5000981638503768,SPY,youtube,92,2
2023-08-08,waiting for Apple to dip more,neutral,-0.18820092986407477,AAPL,youtube,132,4
2023-06-26,"best stock ever, NVDA is the future",positive,0.6845643582510863,NVDA,youtube,31,0
2023-03-04,whats the PT for META?,neutral,0.13417754724876446,META,youtube,56,1
2023-09-01,what do yall think about SPY?,neutral,-0.09865410844236898,SPY,youtube,13,2
2023-04-01,who else is buying the dip? SPY gang,positive,0.6613674790892319,SPY,youtube,38,8
2023-11-03,"new to investing, is GOOGL good?",neutral,-0.03048320566579593,GOOGL,youtube,18,0
2024-02-18,whats the PT for Microsoft?,neutral,0.11301698856972875,MSFT,youtube,40,6
2024-05-08,diamond hands 💎🙌 holding GOOGL forever,positive,0.8838076515954503,GOOGL,youtube,134,8
2023-12-02,META making me rich fr fr,positive,0.8861142753499716,META,youtube,16,5
2023-08-04,"never selling my GME shares, generational wealth",positive,0.38439573448857456,GME,youtube,103,17
2024-05-21,lol bears are so wrong about AMC,positive,0.547026497948268,AMC,youtube,11,0
2024-06-21,🚀🚀🚀 SPY to the moon!!!,positive,0.45952543593876594,SPY,youtube,142,5
2024-10-06,who else is buying the dip? Tesla gang,positive,0.3144979566045575,TSLA,youtube,14,0
2023-12-03,Microsoft looking interesting ngl,neutral,0.13544910682047073,MSFT,youtube,61,0
2023-12-30,what do yall think about Google?,neutral,0.09372282422004469,GOOGL,youtube,78,0
2024-10-29,apes together strong 🦍 Tesla,positive,0.8920257311837558,TSLA,youtube,34,2
2024-05-14,waiting for AMC to dip more,neutral,0.08171061295599102,AMC,youtube,71,3
2023-10-22,who else got rekt by AAPL? 😭,negative,-0.41718327644365155,AAPL,youtube,39,17
2024-05-13,"idk about Meta tbh, mixed signals",neutral,-0.16506252951622769,META,youtube,46,6
2023-06-14,what do yall think about Apple?,neutral,0.15019118169027368,AAPL,youtube,88,4
2023-06-30,AAPL looking interesting ngl,neutral,0.11699773947938896,AAPL,youtube,10,0
2024-02-04,rip to everyone who bought GME at the top,negative,-0.7445036663314077,GME,youtube,12,28
2024-05-29,my portfolio up 500% thanks to TSLA 😂,positive,0.6721238678649013,TSLA,youtube,162,6
2023-01-23,diamond hands 💎🙌 holding Microsoft forever,positive,0.4286045436207949,MSFT,youtube,108,2
2024-02-06,why did i buy Nvidia?? down so bad rn,negative,-0.5226068832618194,NVDA,youtube,33,0
2023-11-19,diamond hands 💎🙌 holding Meta forever,positive,0.4496865685186263,META,youtube,60,0
2023-05-28,biggest regret buying Nvidia smh,negative,-0.7275067145759827,NVDA,youtube,145,0
2023-07-21,"Apple is trash, worst investment ever",negative,-0.3197965276114537,AAPL,youtube,44,10
2024-03-14,lol bears are so wrong about GOOGL,positive,0.730839906453185,GOOGL,youtube,65,10
2024-11-06,why did i buy GOOGL?? down so bad rn,negative,-0.6567877444927772,GOOGL,youtube,39,2
2023-03-30,who else is buying the dip? SPY gang,positive,0.7993014839407958,SPY,youtube,17,2
2023-11-08,diamond hands 💎🙌 holding Google forever,positive,0.7160530035051387,GOOGL,youtube,32,3
2023-05-03,why did i buy Amazon?? down so bad rn,negative,-0.5212353392115172,AMZN,youtube,11,4
2024-06-16,"this is gonna be huge, Nvidia will 10x easy",positive,0.6113327684396292,NVDA,youtube,6,0
2024-07-30,why did i buy AMC?? down so bad rn,negative,-0.7247349296326208,AMC,youtube,4,0
2024-09-16,anyone still holding Microsoft?,neutral,0.07866297787014426,MSFT,youtube,91,5
2024-02-01,just bought more Apple let's gooo,positive,0.4764916776775619,AAPL,youtube,16,4
2023-05-10,who else is buying the dip? Microsoft gang,positive,0.6371942434919,MSFT,youtube,35,0
2024-06-02,"GME scam, dont buy this garbage",negative,-0.4873213345699192,GME,youtube,4,3
2023-08-19,"Amazon is trash, worst investment ever",negative,-0.3282831478949291,AMZN,youtube,25,3
2023-06-09,anyone still holding GameStop?,neutral,0.11439383268240072,GME,youtube,42,0
2023-09-13,whats the PT for GameStop?,neutral,-0.10463515783850795,GME,youtube,20,0
2024-06-05,MSFT looking interesting ngl,neutral,0.041916417895653535,MSFT,youtube,161,0
2023-11-09,🚀🚀🚀 Apple to the moon!!!,positive,0.8074234414899066,AAPL,youtube,31,0
2024-05-21,"never selling my GameStop shares, generational wealth",positive,0.3305655532082689,GME,youtube,19,0
2024-04-02,what do yall think about Nvidia?,neutral,0.015736172427201878,NVDA,youtube,12,7
2023-10-30,apes together strong 🦍 GME,positive,0.3008377251603505,GME,youtube,185,6
2023-09-15,lol bears are so wrong about Google,positive,0.5912973853710011,GOOGL,youtube,13,4
2024-10-23,waiting for SPY to dip more,neutral,0.08030452052201076,SPY,youtube,16,0
2023-10-02,who else is buying the dip? Microsoft gang,positive,0.6739513979151533,MSFT,youtube,122,6
2023-12-02,rip to everyone who bought Nvidia at the top,negative,-0.7542433738742064,NVDA,youtube,86,0
2023-06-14,paper hands saved me from SPY disaster,negative,-0.5350230675455416,SPY,youtube,0,6
2024-06-24,"AMZN scam, dont buy this garbage",negative,-0.6203921959607568,AMZN,youtube,43,6
2024-11-15,"never selling my Meta shares, generational wealth",positive,0.6037394106225688,META,youtube,55,6
2024-04-30,why did i buy TSLA?? down so bad rn,negative,-0.5755942576674675,TSLA,youtube,28,1
2024-08-08,what do yall think about Apple?,neutral,0.06103975639258408,AAPL,youtube,12,3
2024-02-21,who else is buying the dip? GOOGL gang,positive,0.7210239504699343,GOOGL,youtube,39,8
2024-09-21,whats the PT for Tesla?,neutral,0.03250098460224132,TSLA,youtube,35,0
2023-01-21,who else got rekt by SPY? 😭,negative,-0.3392269136232152,SPY,youtube,33,0
2024-09-27,🚀🚀🚀 MSFT to the moon!!!,positive,0.8438892171311725,MSFT,youtube,52,10
2023-12-25,"never selling my Tesla shares, generational wealth",positive,0.8478811266645314,TSLA,youtube,26,0
2024-05-06,lol bears are so wrong about Google,positive,0.8770630007445939,GOOGL,youtube,37,2
2023-04-27,rip to everyone who bought AMC at the top,negative,-0.6447647256684432,AMC,youtube,47,7
2023-11-21,SPY making me rich fr fr,positive,0.6090119246650292,SPY,youtube,56,4
2023-02-03,anyone still holding SPY?,neutral,-0.19567882700153488,SPY,youtube,43,0
2023-05-29,apes together strong 🦍 Google,positive,0.400252478118582,GOOGL,youtube,2,9
2024-10-27,why did i buy SPY?? down so bad rn,negative,-0.4040527391724245,SPY,youtube,63,8
2023-04-04,why did i buy GOOGL?? down so bad rn,negative,-0.508269210762407,GOOGL,youtube,12,3
2024-08-07,"never selling my META shares, generational wealth",positive,0.6779127488266502,META,youtube,12,27
2024-04-29,"MSFT is trash, worst investment ever",negative,-0.6924707300440779,MSFT,youtube,27,7
2023-05-12,whats the PT for Nvidia?,neutral,0.06887231547229067,NVDA,youtube,45,1
2024-09-05,"idk about Microsoft tbh, mixed signals",neutral,0.009704842207193115,MSFT,youtube,16,8
2023-08-09,why did i buy GME?? down so bad rn,negative,-0.5760673225593242,GME,youtube,78,10
2023-09-01,rip to everyone who bought AMZN at the top,negative,-0.7416902774310166,AMZN,youtube,212,2
2023-08-15,"NVDA is trash, worst investment ever",negative,-0.4233227883242128,NVDA,youtube,39,0
2024-06-05,apes together strong 🦍 Nvidia,positive,0.8734149611261937,NVDA,youtube,41,12
2024-01-01,waiting for AMZN to dip more,neutral,0.08166943543095168,AMZN,youtube,3,2
2024-08-03,Microsoft looking interesting ngl,neutral,-0.16084165456209704,MSFT,youtube,44,11
2023-08-25,whats the PT for META?,neutral,0.18239091785273098,META,youtube,16,0
2024-04-03,"AMC scam, dont buy this garbage",negative,-0.8706016179318564,AMC,youtube,73,1
2024-07-21,who else got rekt by SPY? 😭,negative,-0.31209104685548605,SPY,youtube,51,10
2023-06-28,TSLA looking interesting ngl,neutral,-0.08221653813261379,TSLA,youtube,1,0
2023-01-22,just bought more GameStop let's gooo,positive,0.6861249029539713,GME,youtube,18,1
2023-11-08,rip to everyone who bought AMZN at the top,negative,-0.35928134374612386,AMZN,youtube,37,11
2024-08-06,just bought more Meta let's gooo,positive,0.4246355323754901,META,youtube,11,4
2024-01-01,whats the PT for Tesla?,neutral,-0.12444484786171502,TSLA,youtube,5,0
2023-09-23,"idk about GOOGL tbh, mixed signals",neutral,0.18118308695295077,GOOGL,youtube,22,0
2024-01-01,apes together strong 🦍 AMZN,positive,0.3635448230413748,AMZN,youtube,79,5
2024-09-05,"best stock ever, Amazon is the future",positive,0.3265014925652048,AMZN,youtube,5,1
2023-02-01,apes together strong 🦍 Tesla,positive,0.3382142847933085,TSLA,youtube,48,5
2023-10-24,whats the PT for MSFT?,neutral,-0.04385045899722578,MSFT,youtube,20,3
2024-05-17,paper hands saved me from Tesla disaster,negative,-0.6709732206114467,TSLA,youtube,14,9
2024-05-01,"idk about Meta tbh, mixed signals",neutral,0.14894938473053576,META,youtube,51,4
2023-12-18,paper hands saved me from NVDA disaster,negative,-0.5862613127670117,NVDA,youtube,1,13
2023-11-09,paper hands saved me from SPY disaster,negative,-0.7900954814403691,SPY,youtube,3,5
2023-04-11,who else got rekt by GOOGL? 😭,negative,-0.847920338190359,GOOGL,youtube,14,2
2024-01-22,"best stock ever, AMC is the future",positive,0.6312274813280765,AMC,youtube,7,0
2023-02-07,whats the PT for TSLA?,neutral,0.0774718110770935,TSLA,youtube,14,8
2023-09-18,🚀🚀🚀 Tesla to the moon!!!,positive,0.7650999140563775,TSLA,youtube,197,2
2023-03-03,who else is buying the dip? META gang,positive,0.8232811301363838,META,youtube,63,2
2023-02-26,GOOGL making me rich fr fr,positive,0.45744776382614777,GOOGL,youtube,62,7
2023-04-13,should i buy GME or wait?,neutral,0.15814356730395013,GME,youtube,146,6
2024-08-03,whats the PT for SPY?,neutral,0.15291009284882723,SPY,youtube,7,0
2024-10-19,GME making me rich fr fr,positive,0.7360352409132647,GME,youtube,10,4
2024-10-01,who else is buying the dip? AMC gang,positive,0.33753366961644404,AMC,youtube,105,10
2023-01-30,apes together strong 🦍 SPY,positive,0.8867007445935102,SPY,youtube,26,1
2024-09-24,apes together strong 🦍 AMC,positive,0.39836600987846343,AMC,youtube,58,4
2023-03-23,lol bears are so wrong about META,positive,0.7772575990023509,META,youtube,12,12
2023-09-24,waiting for MSFT to dip more,neutral,-0.0018971522328902757,MSFT,youtube,24,5
2023-07-21,who else is buying the dip? MSFT gang,positive,0.8954966554733539,MSFT,youtube,87,0
2023-05-30,"GameStop scam, dont buy this garbage",negative,-0.7840317702556703,GME,youtube,7,3
2023-12-05,biggest regret buying AAPL smh,negative,-0.7139109203489916,AAPL,youtube,28,4
2023-01-24,"this is gonna be huge, Amazon will 10x easy",positive,0.8339741174751745,AMZN,youtube,18,7
2024-09-25,"sold all my Amazon, this thing is done",negative,-0.6154554467688922,AMZN,youtube,33,5
2024-05-29,"sold all my GOOGL, this thing is done",negative,-0.4506465463323937,GOOGL,youtube,3,11
2023-03-10,lmao Amazon bagholders in shambles,negative,-0.3416544582060965,AMZN,youtube,21,0
2023-07-25,my portfolio up 500% thanks to SPY 😂,positive,0.6055879709241929,SPY,youtube,4,18
2023-05-12,"this is gonna be huge, TSLA will 10x easy",positive,0.7902190348916607,TSLA,youtube,79,6
2024-01-28,"never selling my SPY shares, generational wealth",positive,0.6024058302819137,SPY,youtube,28,0
2023-08-11,told yall Microsoft was gonna pump,positive,0.3352208955788787,MSFT,youtube,5,13
2024-10-27,AMZN looking interesting ngl,neutral,0.0031613061982115054,AMZN,youtube,124,4
2023-06-20,diamond hands 💎🙌 holding Microsoft forever,positive,0.38385625943115936,MSFT,youtube,12,8
2023-05-28,anyone still holding SPY?,neutral,-0.034742559603766404,SPY,youtube,36,4
2024-02-14,Apple making me rich fr fr,positive,0.8240717669987971,AAPL,youtube,21,6
2023-01-25,told yall Amazon was gonna pump,positive,0.4489827916608508,AMZN,youtube,196,1
2023-11-02,just bought more AAPL let's gooo,positive,0.7819364800840223,AAPL,youtube,29,1
2023-11-15,"sold all my GameStop, this thing is done",negative,-0.5222874149277654,GME,youtube,103,2
2023-07-29,Tesla making me rich fr fr,positive,0.5860053203459218,TSLA,youtube,16,5
2023-04-12,whats the PT for AMZN?,neutral,-0.11894515379247723,AMZN,youtube,43,2
2023-09-16,🚀🚀🚀 SPY to the moon!!!,positive,0.34781220767320054,SPY,youtube,115,2
2024-03-13,"this is gonna be huge, Meta will 10x easy",positive,0.8164055156099228,META,youtube,123,14
2023-07-04,"this is gonna be huge, Amazon will 10x easy",positive,0.6919058201013077,AMZN,youtube,15,8
2024-05-05,whats the PT for Meta?,neutral,-0.04721632925932301,META,youtube,32,4
2024-08-10,just bought more Microsoft let's gooo,positive,0.7883839072567462,MSFT,youtube,47,13
2024-03-17,"new to investing, is Google good?",neutral,0.02862760308536258,GOOGL,youtube,6,4
2023-04-17,"never selling my Nvidia shares, generational wealth",positive,0.7973931903209017,NVDA,youtube,106,0
2023-02-08,diamond hands 💎🙌 holding AMC forever,positive,0.41380302770905614,AMC,youtube,7,1
2023-08-03,anyone still holding Nvidia?,neutral,-0.054635317162225555,NVDA,youtube,25,4
2024-11-19,"new to investing, is AAPL good?",neutral,0.1580032871558898,AAPL,youtube,110,5
2023-03-30,"never selling my GME shares, generational wealth",positive,0.48539364299338605,GME,youtube,77,3
2023-10-26,waiting for GME to dip more,neutral,-0.153651924685658,GME,youtube,68,1
2024-06-19,waiting for GME to dip more,neutral,-0.1990105825851448,GME,youtube,17,0
2023-07-02,"new to investing, is AMZN good?",neutral,0.0875497281769756,AMZN,youtube,20,6
2024-10-05,"sold all my Tesla, this thing is done",negative,-0.49019033968033,TSLA,youtube,36,0
2023-05-03,who else is buying the dip? Tesla gang,positive,0.5119685225512545,TSLA,youtube,27,17
2024-09-15,AMC looking interesting ngl,neutral,-0.09140282188303989,AMC,youtube,3,2
2023-10-08,lmao Meta bagholders in shambles,negative,-0.7694166888240384,META,youtube,7,0
2023-11-07,just bought more AMZN let's gooo,positive,0.8216252649426736,AMZN,youtube,89,17
2024-05-19,GME looking interesting ngl,neutral,-0.06309127607807116,GME,youtube,79,17
2023-04-05,"idk about GameStop tbh, mixed signals",neutral,0.06664937810195859,GME,youtube,247,0
2023-07-25,biggest regret buying SPY smh,negative,-0.7368518103344264,SPY,youtube,141,1
2024-04-16,diamond hands 💎🙌 holding AMC forever,positive,0.7879390229202935,AMC,youtube,73,2
2023-09-16,anyone still holding Microsoft?,neutral,0.14173909376827798,MSFT,youtube,14,16
2023-02-12,told yall SPY was gonna pump,positive,0.489850511267068,SPY,youtube,47,9
2023-11-26,biggest regret buying SPY smh,negative,-0.8043014799053144,SPY,youtube,70,1
2023-09-27,"never selling my Meta shares, generational wealth",positive,0.8825127520054914,META,youtube,34,5
2024-03-30,whats the PT for MSFT?,neutral,-0.12717055860046225,MSFT,youtube,148,6
2024-02-17,"best stock ever, AMZN is the future",positive,0.8168965032261155,AMZN,youtube,152,5
2023-02-20,"Tesla scam, dont buy this garbage",negative,-0.34556713919428705,TSLA,youtube,110,2
2023-11-06,anyone still holding SPY?,neutral,-0.02438238958020658,SPY,youtube,13,13
2023-06-01,paper hands saved me from AMZN disaster,negative,-0.813499511347833,AMZN,youtube,94,3
2023-12-25,lmao GOOGL bagholders in shambles,negative,-0.5793425155003731,GOOGL,youtube,21,11
2024-09-23,lmao Google bagholders in shambles,negative,-0.4867903711822922,GOOGL,youtube,76,2
2024-02-13,just bought more GameStop let's gooo,positive,0.6188639162896009,GME,youtube,31,20
2023-03-27,"idk about AMC tbh, mixed signals",neutral,-0.19690992999173595,AMC,youtube,78,5
2024-06-18,AMC making me rich fr fr,positive,0.5011300409236162,AMC,youtube,5,3
2024-05-30,"sold all my NVDA, this thing is done",negative,-0.6513448186100799,NVDA,youtube,63,5
2024-02-06,waiting for GOOGL to dip more,neutral,0.14298676159488133,GOOGL,youtube,103,17
2023-12-13,"best stock ever, Tesla is the future",positive,0.8925267524952838,TSLA,youtube,43,10
2024-07-18,"Meta scam, dont buy this garbage",negative,-0.7870608973358146,META,youtube,42,2
2023-07-14,"sold all my SPY, this thing is done",negative,-0.38153799259586996,SPY,youtube,8,1
2023-06-18,waiting for META to dip more,neutral,0.02697125576230902,META,youtube,45,6
2023-12-03,"never selling my Google shares, generational wealth",positive,0.573728885895601,GOOGL,youtube,36,8
2024-06-28,paper hands saved me from AMC disaster,negative,-0.7256038217440689,AMC,youtube,71,0
2023-03-16,my portfolio up 500% thanks to Meta 😂,positive,0.3688755886433242,META,youtube,7,3
2023-04-12,who else is buying the dip? GOOGL gang,positive,0.49025661350923977,GOOGL,youtube,72,4
2024-05-11,who else is buying the dip? AMZN gang,positive,0.4407638500882536,AMZN,youtube,43,3
2024-08-05,"never selling my TSLA shares, generational wealth",positive,0.3449631131703662,TSLA,youtube,44,9
2024-01-03,should i buy Meta or wait?,neutral,-0.0354862156027802,META,youtube,20,0
2024-11-15,"new to investing, is MSFT good?",neutral,-0.13514375038461957,MSFT,youtube,126,5
2024-10-14,🚀🚀🚀 GME to the moon!!!,positive,0.36504942984802125,GME,youtube,27,1
2024-04-15,told yall SPY was gonna pump,positive,0.49032962738645103,SPY,youtube,54,10
2024-07-16,biggest regret buying Amazon smh,negative,-0.8455319480128581,AMZN,youtube,6,1
2024-01-01,who else got rekt by MSFT? 😭,negative,-0.7080322048898621,MSFT,youtube,38,5
2023-11-26,whats the PT for Apple?,neutral,0.19460931640815032,AAPL,youtube,11,4
2023-05-26,whats the PT for GameStop?,neutral,0.16525424148674273,GME,youtube,55,8
2024-05-08,"sold all my TSLA, this thing is done",negative,-0.7208530414129931,TSLA,youtube,65,2
2023-12-29,apes together strong 🦍 Tesla,positive,0.7524656016619927,TSLA,youtube,17,3
2023-08-14,"Amazon going to zero, get out now",negative,-0.4094241591839957,AMZN,youtube,60,0
2024-07-01,whats the PT for Nvidia?,neutral,0.19431508477009285,NVDA,youtube,8,0
2023-09-06,"this is gonna be huge, AAPL will 10x easy",positive,0.7311288418966344,AAPL,youtube,85,4
2024-06-17,biggest regret buying AMZN smh,negative,-0.8689018147142583,AMZN,youtube,13,5
2023-07-04,lol bears are so wrong about TSLA,positive,0.7584756236299727,TSLA,youtube,10,8
2023-06-21,"best stock ever, GOOGL is the future",positive,0.4295813378742378,GOOGL,youtube,90,5
2024-08-02,apes together strong 🦍 TSLA,positive,0.655297807632629,TSLA,youtube,24,1
2024-11-07,"Meta going to zero, get out now",negative,-0.4797224478430304,META,youtube,80,10
2023-05-23,"never selling my GME shares, generational wealth",positive,0.7839190198509887,GME,youtube,26,0
2024-05-24,what do yall think about TSLA?,neutral,-0.10149289512159974,TSLA,youtube,78,1
2024-09-09,"new to investing, is SPY good?",neutral,-0.1488183477394725,SPY,youtube,4,0
2023-07-08,biggest regret buying AMC smh,negative,-0.7875656944266306,AMC,youtube,2,3
2024-05-05,my portfolio up 500% thanks to Apple 😂,positive,0.7383866325221726,AAPL,youtube,21,1
2024-10-21,"GameStop is trash, worst investment ever",negative,-0.7763384208669732,GME,youtube,43,6
2023-05-09,"best stock ever, Apple is the future",positive,0.48013878845485125,AAPL,youtube,88,1
2023-10-09,"never selling my MSFT shares, generational wealth",positive,0.5497231087601304,MSFT,youtube,29,2
2023-04-13,"GME scam, dont buy this garbage",negative,-0.7382683440862354,GME,youtube,74,14
2024-01-03,apes together strong 🦍 Amazon,positive,0.6101704575752949,AMZN,youtube,75,4
2024-07-17,"sold all my SPY, this thing is done",negative,-0.33653537917249354,SPY,youtube,10,2
2023-04-13,"Amazon scam, dont buy this garbage",negative,-0.8528665249829039,AMZN,youtube,15,1
2023-04-21,told yall AMC was gonna pump,positive,0.4526881902632975,AMC,youtube,79,2
2023-12-09,"idk about GOOGL tbh, mixed signals",neutral,0.08171479802028181,GOOGL,youtube,28,5
2024-06-10,waiting for GME to dip more,neutral,0.12401134012640175,GME,youtube,149,0
2023-04-28,"new to investing, is Nvidia good?",neutral,0.00796120836303671,NVDA,youtube,28,16
2023-03-20,"never selling my GME shares, generational wealth",positive,0.3746546664970244,GME,youtube,3,16
2023-02-28,biggest regret buying AAPL smh,negative,-0.43650094166159187,AAPL,youtube,21,4
2024-09-12,biggest regret buying Microsoft smh,negative,-0.585665378770255,MSFT,youtube,0,0
2024-05-10,"never selling my AAPL shares, generational wealth",positive,0.47949152489795555,AAPL,youtube,128,12
2023-09-05,"never selling my NVDA shares, generational wealth",positive,0.8476929898629746,NVDA,youtube,19,6
2023-07-14,"never selling my Google shares, generational wealth",positive,0.6778979480266948,GOOGL,youtube,14,2
2024-03-01,🚀🚀🚀 Amazon to the moon!!!,positive,0.7530189438053494,AMZN,youtube,2,1
2023-05-20,just bought more AMC let's gooo,positive,0.45173058470202,AMC,youtube,14,2
2023-10-05,lmao Meta bagholders in shambles,negative,-0.7317590729453675,META,youtube,1,1
2023-03-14,apes together strong 🦍 MSFT,positive,0.5052263846962871,MSFT,youtube,16,9
2023-03-09,"GameStop going to zero, get out now",negative,-0.39650095026978516,GME,youtube,25,8
2024-06-01,"Amazon going to zero, get out now",negative,-0.7668295746171849,AMZN,youtube,51,1
2024-01-14,"sold all my NVDA, this thing is done",negative,-0.7685363580135725,NVDA,youtube,2,2
2024-04-23,"this is gonna be huge, Nvidia will 10x easy",positive,0.7932839342531204,NVDA,youtube,149,0
2023-07-11,just bought more NVDA let's gooo,positive,0.6598366359546158,NVDA,youtube,51,1
2023-06-08,"sold all my NVDA, this thing is done",negative,-0.65975681557207,NVDA,youtube,119,0
2024-04-29,"this is gonna be huge, MSFT will 10x easy",positive,0.7102844181809527,MSFT,youtube,35,0
2023-07-31,what do yall think about NVDA?,neutral,0.1382355665039931,NVDA,youtube,7,1
2023-01-04,waiting for GOOGL to dip more,neutral,-0.140152934778339,GOOGL,youtube,33,0
2023-06-19,biggest regret buying AAPL smh,negative,-0.31471681651327443,AAPL,youtube,51,16
2024-08-05,what do yall think about Tesla?,neutral,0.022055764305118075,TSLA,youtube,20,6
2023-08-30,anyone still holding Tesla?,neutral,-0.1952789305526219,TSLA,youtube,65,5
2023-03-17,"sold all my Tesla, this thing is done",negative,-0.7026321972177192,TSLA,youtube,0,0
2024-08-03,what do yall think about Apple?,neutral,-0.1823828255144347,AAPL,youtube,54,1
2023-05-26,"best stock ever, MSFT is the future",positive,0.7817106931521609,MSFT,youtube,168,1
2023-12-07,"Nvidia is trash, worst investment ever",negative,-0.3876057739791017,NVDA,youtube,19,6
2023-07-18,paper hands saved me from GME disaster,negative,-0.5455948137322908,GME,youtube,31,10
2024-01-04,should i buy Tesla or wait?,neutral,-0.19695936007879997,TSLA,youtube,88,1
2024-04-27,"Nvidia scam, dont buy this garbage",negative,-0.555190456565402,NVDA,youtube,29,9
2023-08-12,whats the PT for NVDA?,neutral,0.03202146364162428,NVDA,youtube,32,4
2023-09-05,"AMC going to zero, get out now",negative,-0.8769627722513437,AMC,youtube,34,4
2023-09-04,"Apple scam, dont buy this garbage",negative,-0.7286879549608891,AAPL,youtube,3,0
2023-03-20,"SPY is trash, worst investment ever",negative,-0.45242414781871176,SPY,youtube,47,0
2023-02-27,why did i buy SPY?? down so bad rn,negative,-0.8950183866665908,SPY,youtube,16,6
2024-05-30,rip to everyone who bought AMC at the top,negative,-0.6238435631444821,AMC,youtube,151,5
2024-11-15,"sold all my AAPL, this thing is done",negative,-0.5162232858992039,AAPL,youtube,27,2
2023-01-26,should i buy AMC or wait?,neutral,0.007541120668577234,AMC,youtube,54,1
2023-01-27,diamond hands 💎🙌 holding META forever,positive,0.41177711798629085,META,youtube,28,6
2024-03-16,diamond hands 💎🙌 holding AMC forever,positive,0.33533725764101874,AMC,youtube,110,2
2023-10-02,"never selling my GOOGL shares, generational wealth",positive,0.6162829710785118,GOOGL,youtube,24,0
2023-07-28,"never selling my GME shares, generational wealth",positive,0.6020969786359276,GME,youtube,38,6
2023-03-21,rip to everyone who bought TSLA at the top,negative,-0.7562050009202181,TSLA,youtube,180,0
2024-04-30,"Meta going to zero, get out now",negative,-0.4873084950518048,META,youtube,217,7
2024-08-10,whats the PT for Microsoft?,neutral,-0.17001066352359648,MSFT,youtube,55,14
2023-05-18,"best stock ever, SPY is the future",positive,0.5001777451676452,SPY,youtube,75,0
2023-08-04,who else is buying the dip? GameStop gang,positive,0.5804393259675387,GME,youtube,51,6
2024-02-17,who else is buying the dip? Amazon gang,positive,0.42161745928685357,AMZN,youtube,231,6
2023-01-29,anyone still holding GameStop?,neutral,0.17098738423273036,GME,youtube,17,3
2023-02-15,waiting for MSFT to dip more,neutral,0.07862344524564813,MSFT,youtube,11,0
2023-08-12,rip to everyone who bought Meta at the top,negative,-0.8705931183232496,META,youtube,179,1
2023-04-08,rip to everyone who bought Microsoft at the top,negative,-0.6656328855107868,MSFT,youtube,2,0
2023-11-27,should i buy GOOGL or wait?,neutral,-0.14908979296555877,GOOGL,youtube,48,8
2023-06-28,"never selling my Amazon shares, generational wealth",positive,0.7507648666604958,AMZN,youtube,12,5
2023-05-14,"this is gonna be huge, SPY will 10x easy",positive,0.7211600597943209,SPY,youtube,74,5
2023-08-10,GOOGL making me rich fr fr,positive,0.4623599870001164,GOOGL,youtube,22,4
2024-10-04,apes together strong 🦍 Google,positive,0.7301776211608446,GOOGL,youtube,28,0
2023-07-02,"idk about AMC tbh, mixed signals",neutral,0.15596129427185507,AMC,youtube,81,1
2024-10-20,"this is gonna be huge, NVDA will 10x easy",positive,0.4172153983960339,NVDA,youtube,11,3
2024-06-20,GameStop making me rich fr fr,positive,0.8087364253580716,GME,youtube,19,0
2023-08-23,who else is buying the dip? GOOGL gang,positive,0.3855353968127194,GOOGL,youtube,115,0
2023-01-02,"SPY scam, dont buy this garbage",negative,-0.634421437785855,SPY,youtube,26,6
2023-03-03,anyone still holding AMZN?,neutral,0.10403083542187447,AMZN,youtube,6,3
2023-04-25,apes together strong 🦍 Tesla,positive,0.369993590891368,TSLA,youtube,53,3
2023-02-20,diamond hands 💎🙌 holding TSLA forever,positive,0.8952322472536653,TSLA,youtube,59,2
2024-06-10,diamond hands 💎🙌 holding AMC forever,positive,0.8524673617046692,AMC,youtube,58,1
2023-08-26,"idk about META tbh, mixed signals",neutral,0.02242882736031468,META,youtube,131,28
2023-02-10,"AMC scam, dont buy this garbage",negative,-0.860463936678219,AMC,youtube,11,0
2023-09-15,who else is buying the dip? GME gang,positive,0.6329881651445359,GME,youtube,22,1
2023-07-24,"new to investing, is TSLA good?",neutral,-0.1101827367088209,TSLA,youtube,121,9
2023-10-19,should i buy Amazon or wait?,neutral,-0.14978065765649481,AMZN,youtube,54,24
2023-04-17,Microsoft looking interesting ngl,neutral,0.03561732386048577,MSFT,youtube,40,17
2024-02-18,should i buy Microsoft or wait?,neutral,-0.11952132796003263,MSFT,youtube,146,17
2023-12-01,biggest regret buying GameStop smh,negative,-0.6433773789635013,GME,youtube,8,0
2024-02-09,who else got rekt by GameStop? 😭,negative,-0.8477010106147003,GME,youtube,48,0
2023-11-09,biggest regret buying AMC smh,negative,-0.825370651523383,AMC,youtube,24,0
2024-08-15,"sold all my NVDA, this thing is done",negative,-0.33241749839260437,NVDA,youtube,76,0
2023-05-16,"GME is trash, worst investment ever",negative,-0.5922117386998753,GME,youtube,17,0
2023-01-15,"this is gonna be huge, Apple will 10x easy",positive,0.7940259889841518,AAPL,youtube,5,1
2023-12-14,"SPY scam, dont buy this garbage",negative,-0.5259275479239801,SPY,youtube,0,2
2024-11-17,diamond hands 💎🙌 holding Nvidia forever,positive,0.5727874156675367,NVDA,youtube,230,12
2024-08-14,biggest regret buying SPY smh,negative,-0.45082091387806633,SPY,youtube,36,1
2023-11-05,"AMZN is trash, worst investment ever",negative,-0.43096928973981774,AMZN,youtube,113,11
2023-08-15,"never selling my GOOGL shares, generational wealth",positive,0.6587919639098067,GOOGL,youtube,247,1
2024-09-07,"Apple going to zero, get out now",negative,-0.4235594572610284,AAPL,youtube,26,14
2023-02-24,lmao Meta bagholders in shambles,negative,-0.5090874114358608,META,youtube,40,4
2023-12-23,whats the PT for Tesla?,neutral,-0.10792009902324358,TSLA,youtube,93,8
2024-11-22,diamond hands 💎🙌 holding GOOGL forever,positive,0.6879068621135533,GOOGL,youtube,0,3
2023-11-23,what do yall think about MSFT?,neutral,0.12354767518430532,MSFT,youtube,2,3
2023-07-27,who else got rekt by AAPL? 😭,negative,-0.7992123032510247,AAPL,youtube,11,14
2023-08-03,"idk about MSFT tbh, mixed signals",neutral,-0.18788394579128062,MSFT,youtube,1,14
2024-04-30,"never selling my AAPL shares, generational wealth",positive,0.758291772696576,AAPL,youtube,53,8
2023-05-05,what do yall think about SPY?,neutral,0.1744131694746195,SPY,youtube,3,6
2024-01-12,just bought more AMC let's gooo,positive,0.6701081887973914,AMC,youtube,9,0
2023-04-23,waiting for AMC to dip more,neutral,-0.094881678046242,AMC,youtube,38,6
2024-09-21,should i buy Meta or wait?,neutral,-0.1335075899939826,META,youtube,7,5
2024-01-19,Meta looking interesting ngl,neutral,0.13059341921360385,META,youtube,2,2
2024-09-22,diamond hands 💎🙌 holding AMC forever,positive,0.6532639144417862,AMC,youtube,50,3
2024-11-10,who else is buying the dip? GME gang,positive,0.8004603822344543,GME,youtube,73,1
2023-01-08,lmao AMZN bagholders in shambles,negative,-0.5269601632964103,AMZN,youtube,48,2
2023-11-19,told yall AMC was gonna pump,positive,0.6730322886811773,AMC,youtube,23,13
2024-01-17,"never selling my SPY shares, generational wealth",positive,0.6878764279634852,SPY,youtube,8,0
2023-01-02,"best stock ever, AMC is the future",positive,0.8245330410071614,AMC,youtube,53,11
2023-04-23,"Apple going to zero, get out now",negative,-0.5074866874296334,AAPL,youtube,50,1
2023-07-23,apes together strong 🦍 Amazon,positive,0.7610372192202437,AMZN,youtube,34,0
2024-07-03,whats the PT for SPY?,neutral,0.19470743676130264,SPY,youtube,10,5
2024-05-13,"never selling my AMZN shares, generational wealth",positive,0.30124133486060395,AMZN,youtube,130,3
2023-01-15,should i buy SPY or wait?,neutral,-0.14272685558864248,SPY,youtube,51,0
2023-06-10,AAPL looking interesting ngl,neutral,0.13564703306663317,AAPL,youtube,49,5
2023-11-15,diamond hands 💎🙌 holding Meta forever,positive,0.3867541227784514,META,youtube,101,5
2023-02-18,"idk about Apple tbh, mixed signals",neutral,-0.020031302652018773,AAPL,youtube,22,12
2023-01-19,anyone still holding AMZN?,neutral,0.19521966408660035,AMZN,youtube,76,1
2024-02-10,diamond hands 💎🙌 holding NVDA forever,positive,0.6551219825344984,NVDA,youtube,60,2
2023-04-10,Tesla making me rich fr fr,positive,0.4906423326486049,TSLA,youtube,94,1
2023-04-30,GOOGL looking interesting ngl,neutral,0.029089123397864347,GOOGL,youtube,75,3
2023-03-21,rip to everyone who bought AAPL at the top,negative,-0.7971548458134193,AAPL,youtube,36,14
2023-09-24,apes together strong 🦍 NVDA,positive,0.7681300447688895,NVDA,youtube,20,1
2024-08-22,what do yall think about GOOGL?,neutral,-0.03425466725152232,GOOGL,youtube,57,4
2023-04-22,"this is gonna be huge, GameStop will 10x easy",positive,0.7312265635153865,GME,youtube,33,7
2024-11-18,waiting for GOOGL to dip more,neutral,-0.06259473795936424,GOOGL,youtube,14,5
2023-01-17,"AMZN going to zero, get out now",negative,-0.4609732365897427,AMZN,youtube,89,7
2023-05-27,"GOOGL scam, dont buy this garbage",negative,-0.3600192885020923,GOOGL,youtube,42,0
2023-08-12,whats the PT for TSLA?,neutral,0.19888083631537085,TSLA,youtube,34,10
2024-08-02,diamond hands 💎🙌 holding AMC forever,positive,0.5594965881090326,AMC,youtube,70,2
2023-11-30,diamond hands 💎🙌 holding GOOGL forever,positive,0.5933131342998482,GOOGL,youtube,19,6
2024-08-29,🚀🚀🚀 AMZN to the moon!!!,positive,0.32716730437139635,AMZN,youtube,76,11
2023-12-26,"META scam, dont buy this garbage",negative,-0.7109465533210764,META,youtube,10,5
2024-10-31,"best stock ever, Microsoft is the future",positive,0.8255257666928899,MSFT,youtube,52,8
2024-11-12,"new to investing, is SPY good?",neutral,-0.1499993967223081,SPY,youtube,54,9
2024-03-13,"best stock ever, AAPL is the future",positive,0.7443858655911917,AAPL,youtube,107,3
2024-02-16,waiting for Tesla to dip more,neutral,-0.03281554866658265,TSLA,youtube,16,1
2023-10-29,told yall AMC was gonna pump,positive,0.3748554090768315,AMC,youtube,27,7
2023-10-18,"this is gonna be huge, AMZN will 10x easy",positive,0.4541932906710775,AMZN,youtube,91,8
2023-09-27,rip to everyone who bought AAPL at the top,negative,-0.35379350209037674,AAPL,youtube,54,0
2024-11-06,paper hands saved me from Apple disaster,negative,-0.6545079447756085,AAPL,youtube,83,1
2023-02-16,should i buy Google or wait?,neutral,-0.08334707709219505,GOOGL,youtube,27,3
2023-02-16,"idk about SPY tbh, mixed signals",neutral,-0.0261993442376173,SPY,youtube,29,3
2024-07-09,what do yall think about SPY?,neutral,-0.1890946306453851,SPY,youtube,21,5
2024-05-24,just bought more Meta let's gooo,positive,0.552924617682591,META,youtube,32,7
2023-08-25,🚀🚀🚀 Amazon to the moon!!!,positive,0.3599599139572849,AMZN,youtube,61,1
2023-10-09,biggest regret buying AMZN smh,negative,-0.8942678376886193,AMZN,youtube,34,0
2024-07-04,my portfolio up 500% thanks to GME 😂,positive,0.7783677806958998,GME,youtube,71,3
2024-02-26,"new to investing, is Nvidia good?",neutral,0.06678009024120823,NVDA,youtube,53,12
2024-07-03,GameStop looking interesting ngl,neutral,-0.14173243870590746,GME,youtube,25,0
2024-06-22,"best stock ever, SPY is the future",positive,0.6940917884316238,SPY,youtube,160,1
2023-12-01,"SPY going to zero, get out now",negative,-0.48657667161950285,SPY,youtube,60,2
2023-11-04,anyone still holding Nvidia?,neutral,0.18324705109530492,NVDA,youtube,12,0
2023-06-07,who else got rekt by GameStop? 😭,negative,-0.4760369446757894,GME,youtube,68,1
2023-05-15,lol bears are so wrong about TSLA,positive,0.7566455964871497,TSLA,youtube,21,0
2023-01-12,whats the PT for AMC?,neutral,-0.11161638249648904,AMC,youtube,59,11
2024-09-03,apes together strong 🦍 GOOGL,positive,0.4291918616440513,GOOGL,youtube,3,8
2023-11-19,who else got rekt by Nvidia? 😭,negative,-0.6814472679769095,NVDA,youtube,27,6
2024-10-30,just bought more SPY let's gooo,positive,0.7486870485470645,SPY,youtube,44,4
2023-02-28,"new to investing, is MSFT good?",neutral,-0.03182727262313695,MSFT,youtube,55,3
2024-04-25,lmao GOOGL bagholders in shambles,negative,-0.653959717190316,GOOGL,youtube,29,1
2023-06-06,my portfolio up 500% thanks to AMC 😂,positive,0.697317214312753,AMC,youtube,33,7
2024-01-13,should i buy MSFT or wait?,neutral,0.16483288699384685,MSFT,youtube,99,1
2023-01-18,GameStop making me rich fr fr,positive,0.5547352355303162,GME,youtube,17,1
2024-01-08,"SPY going to zero, get out now",negative,-0.7918471826603302,SPY,youtube,28,0
2024-02-27,biggest regret buying AAPL smh,negative,-0.73198387706389,AAPL,youtube,286,38
2024-06-16,rip to everyone who bought Amazon at the top,negative,-0.34391497219441847,AMZN,youtube,78,1
2023-01-15,biggest regret buying SPY smh,negative,-0.36488158486716316,SPY,youtube,100,8
2023-05-05,biggest regret buying Tesla smh,negative,-0.46841920826469075,TSLA,youtube,9,0
2023-07-10,"GME scam, dont buy this garbage",negative,-0.7646525799763539,GME,youtube,4,2
2024-07-21,lmao SPY bagholders in shambles,negative,-0.7098165764804886,SPY,youtube,60,3
2023-01-04,why did i buy GOOGL?? down so bad rn,negative,-0.7921842694344581,GOOGL,youtube,24,3
2023-09-28,paper hands saved me from Microsoft disaster,negative,-0.7856682134944678,MSFT,youtube,24,1
2024-01-03,"never selling my Tesla shares, generational wealth",positive,0.3722753727119597,TSLA,youtube,91,6
2023-01-25,"best stock ever, MSFT is the future",positive,0.5395469955644459,MSFT,youtube,2,2
2023-05-02,my portfolio up 500% thanks to Meta 😂,positive,0.8106630786475926,META,youtube,150,2
2023-08-25,why did i buy Amazon?? down so bad rn,negative,-0.7079095119764046,AMZN,youtube,35,0
2023-12-08,"idk about AMC tbh, mixed signals",neutral,0.06290049522588914,AMC,youtube,34,4
2024-01-22,biggest regret buying Amazon smh,negative,-0.40473139649614953,AMZN,youtube,30,12
2024-10-22,who else is buying the dip? GME gang,positive,0.7579027820435726,GME,youtube,60,9
2023-03-16,who else got rekt by AMC? 😭,negative,-0.8479297500552515,AMC,youtube,72,0
2023-05-30,waiting for GME to dip more,neutral,0.010546382064475834,GME,youtube,50,5
2024-06-25,whats the PT for META?,neutral,0.1588446812246595,META,youtube,31,0
2023-04-08,who else got rekt by AAPL? 😭,negative,-0.3346124685152718,AAPL,youtube,16,3
2024-02-28,GOOGL making me rich fr fr,positive,0.5643460830292675,GOOGL,youtube,11,0
2024-02-20,"Apple scam, dont buy this garbage",negative,-0.6892859614854007,AAPL,youtube,1,2
2024-04-19,"idk about Meta tbh, mixed signals",neutral,0.027697015997668967,META,youtube,17,1
2023-01-24,anyone still holding AMZN?,neutral,0.16867319180058665,AMZN,youtube,165,0
2023-11-09,waiting for Meta to dip more,neutral,0.13876172747777854,META,youtube,8,4
2023-09-17,waiting for TSLA to dip more,neutral,0.08693770060182215,TSLA,youtube,174,0
2024-06-10,should i buy AMZN or wait?,neutral,0.1750786316164224,AMZN,youtube,12,1
2023-11-16,"Google scam, dont buy this garbage",negative,-0.46967197376283504,GOOGL,youtube,22,1
2023-11-16,who else is buying the dip? SPY gang,positive,0.4314629688113917,SPY,youtube,172,4
2023-06-07,"this is gonna be huge, AMZN will 10x easy",positive,0.7272283847025447,AMZN,youtube,38,4
2024-10-26,waiting for GME to dip more,neutral,0.14468225932660833,GME,youtube,59,5
2024-05-07,lmao AMC bagholders in shambles,negative,-0.8127736168200024,AMC,youtube,31,0
2023-04-16,"Meta scam, dont buy this garbage",negative,-0.7511722178984055,META,youtube,38,3
2024-04-29,anyone still holding GameStop?,neutral,-0.18818336079320652,GME,youtube,19,5
2023-02-05,my portfolio up 500% thanks to AAPL 😂,positive,0.8950899354125792,AAPL,youtube,24,3
2023-09-18,told yall AMZN was gonna pump,positive,0.5435507640572408,AMZN,youtube,13,6
2023-02-14,"this is gonna be huge, Meta will 10x easy",positive,0.5161927443107144,META,youtube,1,0
2023-07-09,told yall NVDA was gonna pump,positive,0.6839092478380786,NVDA,youtube,12,1
2024-05-15,rip to everyone who bought AMC at the top,negative,-0.6209745013848585,AMC,youtube,125,6
2024-04-15,"NVDA is trash, worst investment ever",negative,-0.7769310919109002,NVDA,youtube,9,9
2023-08-08,whats the PT for Tesla?,neutral,0.1891211897711852,TSLA,youtube,43,6
2023-07-15,lol bears are so wrong about Meta,positive,0.8139430229054334,META,youtube,41,6
2023-08-06,waiting for SPY to dip more,neutral,0.18312897528281763,SPY,youtube,141,0
2023-11-01,SPY looking interesting ngl,neutral,0.18724013056770844,SPY,youtube,34,15
2023-01-28,"NVDA scam, dont buy this garbage",negative,-0.3834974619369087,NVDA,youtube,5,0
2024-09-04,what do yall think about AMC?,neutral,-0.07314397211295859,AMC,youtube,33,7
2024-11-18,"this is gonna be huge, Amazon will 10x easy",positive,0.7631582134146627,AMZN,youtube,9,6
2023-09-26,"MSFT going to zero, get out now",negative,-0.7015410413885719,MSFT,youtube,56,4
2023-02-15,biggest regret buying Meta smh,negative,-0.7450356714285814,META,youtube,111,4
2023-06-11,should i buy Amazon or wait?,neutral,0.009185424825621041,AMZN,youtube,70,3
2023-11-11,paper hands saved me from Microsoft disaster,negative,-0.7661420879074152,MSFT,youtube,26,1
2023-08-04,should i buy Apple or wait?,neutral,-0.16582604240681253,AAPL,youtube,50,2
2024-03-17,my portfolio up 500% thanks to AMC 😂,positive,0.6513695990187596,AMC,youtube,199,2
2024-06-28,waiting for AMC to dip more,neutral,0.02453662011196317,AMC,youtube,3,0
2023-03-11,anyone still holding NVDA?,neutral,0.038814595943669816,NVDA,youtube,88,1
2023-06-06,should i buy Apple or wait?,neutral,-0.006304061986356302,AAPL,youtube,124,10
2024-10-24,"GameStop scam, dont buy this garbage",negative,-0.33467300313503867,GME,youtube,36,6
2024-09-04,AMC looking interesting ngl,neutral,-0.13960739051497623,AMC,youtube,39,0
2024-10-10,"new to investing, is NVDA good?",neutral,-0.006080130492266134,NVDA,youtube,67,4
2024-07-22,"AMC going to zero, get out now",negative,-0.5668075361679894,AMC,youtube,8,2
2023-02-26,🚀🚀🚀 GameStop to the moon!!!,positive,0.8979502879433188,GME,youtube,23,11
2024-06-17,rip to everyone who bought SPY at the top,negative,-0.7000792236239998,SPY,youtube,182,5
2024-10-03,Google looking interesting ngl,neutral,0.08677711613055694,GOOGL,youtube,122,11
2023-04-14,"new to investing, is SPY good?",neutral,0.06738750686414124,SPY,youtube,8,12
2023-06-22,lol bears are so wrong about AAPL,positive,0.4067672477132635,AAPL,youtube,46,0
2024-02-25,apes together strong 🦍 AMC,positive,0.550463115686693,AMC,youtube,57,1
2023-11-22,"best stock ever, AMC is the future",positive,0.8081551543549883,AMC,youtube,29,22
2023-08-15,"this is gonna be huge, Nvidia will 10x easy",positive,0.3914367823324326,NVDA,youtube,104,6
2023-06-03,who else is buying the dip? GME gang,positive,0.6066757411046786,GME,youtube,69,6
2023-03-23,told yall Amazon was gonna pump,positive,0.6471973534965609,AMZN,youtube,41,6
2024-05-14,"best stock ever, Nvidia is the future",positive,0.41272754056376126,NVDA,youtube,21,9
2023-11-17,biggest regret buying SPY smh,negative,-0.733541141774866,SPY,youtube,12,2
2023-07-21,my portfolio up 500% thanks to MSFT 😂,positive,0.7485831341958642,MSFT,youtube,124,4
2024-09-01,"MSFT scam, dont buy this garbage",negative,-0.8162664474615153,MSFT,youtube,69,7
2023-03-07,anyone still holding SPY?,neutral,-0.05582569011187796,SPY,youtube,68,4
2024-07-25,"this is gonna be huge, NVDA will 10x easy",positive,0.6493038376631126,NVDA,youtube,23,0
2023-03-27,"NVDA going to zero, get out now",negative,-0.88404160074762,NVDA,youtube,38,3
2023-11-16,anyone still holding Nvidia?,neutral,0.13081720722900436,NVDA,youtube,14,4
2023-04-12,"best stock ever, AMZN is the future",positive,0.7317457018532443,AMZN,youtube,49,1
2023-05-31,waiting for GME to dip more,neutral,0.058772471839585005,GME,youtube,26,2
2023-11-25,"idk about SPY tbh, mixed signals",neutral,-0.12092935284325002,SPY,youtube,56,5
2023-08-21,"best stock ever, Tesla is the future",positive,0.7908057091263165,TSLA,youtube,36,25
2024-11-07,lmao Tesla bagholders in shambles,negative,-0.30656489365022277,TSLA,youtube,198,3
2024-05-30,"never selling my GOOGL shares, generational wealth",positive,0.7780487499696437,GOOGL,youtube,149,0
2023-03-30,"AMC going to zero, get out now",negative,-0.33646765966496417,AMC,youtube,91,12
2024-06-06,who else is buying the dip? NVDA gang,positive,0.49771060384321075,NVDA,youtube,46,1
2023-06-04,"never selling my AMC shares, generational wealth",positive,0.45037161585642044,AMC,youtube,6,6
2023-08-12,just bought more GameStop let's gooo,positive,0.5557895647652458,GME,youtube,10,0
2024-02-09,"Nvidia going to zero, get out now",negative,-0.5895244493077374,NVDA,youtube,70,3
2024-02-03,should i buy META or wait?,neutral,0.0019671196552799586,META,youtube,70,1
2023-05-26,biggest regret buying META smh,negative,-0.7781377982077156,META,youtube,124,26
2024-04-03,Microsoft making me rich fr fr,positive,0.36920149574181504,MSFT,youtube,59,4
2023-03-24,lol bears are so wrong about Amazon,positive,0.4056099597513723,AMZN,youtube,4,12
2024-01-31,"best stock ever, GameStop is the future",positive,0.3046433904548526,GME,youtube,22,8
2023-08-02,told yall Tesla was gonna pump,positive,0.33696200357941686,TSLA,youtube,140,23
2023-07-25,"Amazon is trash, worst investment ever",negative,-0.42757567801333995,AMZN,youtube,118,1
2023-06-23,AAPL making me rich fr fr,positive,0.7141659308625852,AAPL,youtube,0,14
2024-06-19,what do yall think about GOOGL?,neutral,0.0034885538278918438,GOOGL,youtube,3,8
2024-05-22,should i buy Apple or wait?,neutral,-0.12980227293145696,AAPL,youtube,21,0
2023-12-22,anyone still holding Nvidia?,neutral,0.19267267769398533,NVDA,youtube,41,4
2023-04-22,lol bears are so wrong about GameStop,positive,0.6841352088242514,GME,youtube,13,5
2024-01-09,who else got rekt by Meta? 😭,negative,-0.48703802831687326,META,youtube,3,12
2023-09-17,diamond hands 💎🙌 holding GME forever,positive,0.3483550316140229,GME,youtube,81,0
2023-03-30,why did i buy AMC?? down so bad rn,negative,-0.6861705630972919,AMC,youtube,88,0
2023-01-03,"never selling my AMZN shares, generational wealth",positive,0.4136291021723817,AMZN,youtube,26,1
2023-03-30,"never selling my SPY shares, generational wealth",positive,0.6571159125115245,SPY,youtube,47,0
2023-05-17,GME making me rich fr fr,positive,0.8914376649457869,GME,youtube,143,2
2024-05-21,"idk about Amazon tbh, mixed signals",neutral,-0.16199474372514755,AMZN,youtube,2,0
2024-11-06,rip to everyone who bought SPY at the top,negative,-0.6331389305466246,SPY,youtube,65,0
2024-07-16,rip to everyone who bought Google at the top,negative,-0.8730068865750048,GOOGL,youtube,106,3
2023-10-05,just bought more AAPL let's gooo,positive,0.44154847388794294,AAPL,youtube,3,4
2023-05-04,paper hands saved me from SPY disaster,negative,-0.4359328229691962,SPY,youtube,16,6
2024-03-30,just bought more Meta let's gooo,positive,0.5787746898268541,META,youtube,9,3
2023-08-06,just bought more SPY let's gooo,positive,0.8180087635826907,SPY,youtube,147,1
2023-01-22,"Meta is trash, worst investment ever",negative,-0.5790937393425258,META,youtube,44,4
2023-08-27,"Tesla is trash, worst investment ever",negative,-0.7801549146006621,TSLA,youtube,94,6
2024-04-10,told yall Meta was gonna pump,positive,0.32618474589906343,META,youtube,82,14
2023-04-20,rip to everyone who bought GME at the top,negative,-0.3870406695762958,GME,youtube,113,5
2024-10-06,lmao Microsoft bagholders in shambles,negative,-0.8598566171643673,MSFT,youtube,115,7
2024-01-30,whats the PT for Tesla?,neutral,0.008257935545702921,TSLA,youtube,21,4
2023-09-13,whats the PT for Apple?,neutral,-0.09346646160874919,AAPL,youtube,140,4
2023-09-24,"idk about GameStop tbh, mixed signals",neutral,0.1773418422333169,GME,youtube,101,5
2023-12-08,"new to investing, is Meta good?",neutral,-0.1424739352237172,META,youtube,40,10
2023-11-24,lmao AMC bagholders in shambles,negative,-0.6785420590804461,AMC,youtube,41,19
2023-07-13,lmao Amazon bagholders in shambles,negative,-0.32028472744407366,AMZN,youtube,45,0
2023-02-07,"AMZN going to zero, get out now",negative,-0.4778610137937197,AMZN,youtube,94,1
2023-09-08,lmao GME bagholders in shambles,negative,-0.6140429287568997,GME,youtube,5,8
2024-03-17,whats the PT for SPY?,neutral,0.1461012243231843,SPY,youtube,21,3
2023-06-08,anyone still holding GOOGL?,neutral,-0.17299299318787728,GOOGL,youtube,9,0
2023-02-20,"sold all my AAPL, this thing is done",negative,-0.3000361823725688,AAPL,youtube,157,2
2023-06-05,who else got rekt by AMZN? 😭,negative,-0.6246397353932303,AMZN,youtube,34,4
2023-01-20,who else is buying the dip? MSFT gang,positive,0.6209604820210046,MSFT,youtube,43,4
2024-07-16,apes together strong 🦍 GME,positive,0.4120290233912893,GME,youtube,37,7
2024-11-23,rip to everyone who bought MSFT at the top,negative,-0.3676233815957456,MSFT,youtube,13,12
2023-06-20,"sold all my Meta, this thing is done",negative,-0.40232267228851615,META,youtube,15,0
2023-04-08,"never selling my GME shares, generational wealth",positive,0.5293482656991949,GME,youtube,9,0
2023-08-18,waiting for Microsoft to dip more,neutral,0.12877307173004976,MSFT,youtube,151,2
2023-01-02,"new to investing, is GOOGL good?",neutral,0.11836517722937673,GOOGL,youtube,8,0
2023-01-10,biggest regret buying GameStop smh,negative,-0.7804514799893503,GME,youtube,45,12
2024-01-02,GME looking interesting ngl,neutral,-0.0168654478674429,GME,youtube,82,1
2024-03-06,"this is gonna be huge, GOOGL will 10x easy",positive,0.4407378565602261,GOOGL,youtube,41,6
2023-12-27,lmao GameStop bagholders in shambles,negative,-0.6585136121464288,GME,youtube,44,0
2023-08-21,biggest regret buying Amazon smh,negative,-0.43496962786068577,AMZN,youtube,57,0
2023-08-17,paper hands saved me from Amazon disaster,negative,-0.7007573740874997,AMZN,youtube,37,10
2023-11-07,"never selling my Microsoft shares, generational wealth",positive,0.8246555337500006,MSFT,youtube,10,2
2024-08-10,"idk about AMZN tbh, mixed signals",neutral,0.12312989973408567,AMZN,youtube,47,3
2024-05-28,who else is buying the dip? AMC gang,positive,0.7428837690707859,AMC,youtube,83,6
2023-10-22,"idk about Meta tbh, mixed signals",neutral,0.003086004989064195,META,youtube,103,14
2023-03-24,who else is buying the dip? AMZN gang,positive,0.3689619745865924,AMZN,youtube,39,9
2023-11-17,what do yall think about GameStop?,neutral,-0.16115821842756126,GME,youtube,72,7
2024-07-30,"Apple scam, dont buy this garbage",negative,-0.8693580093135929,AAPL,youtube,56,6
2024-07-08,"idk about Google tbh, mixed signals",neutral,0.07925207330916084,GOOGL,youtube,1,8
2024-07-27,lmao Nvidia bagholders in shambles,negative,-0.8064020470114366,NVDA,youtube,23,8
2024-04-01,told yall AMZN was gonna pump,positive,0.779409244790478,AMZN,youtube,10,3
2024-08-25,biggest regret buying SPY smh,negative,-0.35699564754062296,SPY,youtube,61,4
2023-05-16,should i buy SPY or wait?,neutral,-0.12949521676687584,SPY,youtube,31,7
2024-09-29,AMC looking interesting ngl,neutral,0.010171321256967625,AMC,youtube,45,4
2023-07-31,lol bears are so wrong about Tesla,positive,0.7242680623359957,TSLA,youtube,7,2
2023-08-23,my portfolio up 500% thanks to GME 😂,positive,0.4598692284691607,GME,youtube,7,4
2024-11-24,should i buy GOOGL or wait?,neutral,-0.08745416692857028,GOOGL,youtube,55,0
2024-06-17,apes together strong 🦍 Apple,positive,0.7443578670645501,AAPL,youtube,25,10
2024-06-19,"never selling my NVDA shares, generational wealth",positive,0.3329248017990263,NVDA,youtube,1,2
2023-07-11,"best stock ever, Google is the future",positive,0.4611395062001096,GOOGL,youtube,49,3
2024-09-20,biggest regret buying GME smh,negative,-0.7564442375119367,GME,youtube,136,13
2024-02-24,AMC making me rich fr fr,positive,0.3006128994303265,AMC,youtube,102,3
2024-05-23,paper hands saved me from GameStop disaster,negative,-0.7903166651304128,GME,youtube,80,6
2024-10-26,waiting for MSFT to dip more,neutral,-0.066834663487744,MSFT,youtube,21,0
2024-02-03,"sold all my AMC, this thing is done",negative,-0.6210869233831253,AMC,youtube,2,2
2023-01-11,"this is gonna be huge, MSFT will 10x easy",positive,0.6703539268873593,MSFT,youtube,3,1
2024-10-04,who else is buying the dip? NVDA gang,positive,0.5329788728390443,NVDA,youtube,144,2
2023-06-22,"sold all my NVDA, this thing is done",negative,-0.4922325287778879,NVDA,youtube,7,1
2023-04-07,who else is buying the dip? Nvidia gang,positive,0.7395437177357642,NVDA,youtube,4,0
2024-06-14,paper hands saved me from Tesla disaster,negative,-0.5384860932450821,TSLA,youtube,52,8
2023-05-29,"idk about SPY tbh, mixed signals",neutral,0.03476626262115573,SPY,youtube,1,3
2024-07-05,"never selling my AMC shares, generational wealth",positive,0.35440397910137,AMC,youtube,31,3
2024-09-04,biggest regret buying Google smh,negative,-0.7088449829120727,GOOGL,youtube,72,5
2024-07-24,apes together strong 🦍 NVDA,positive,0.5689828236335446,NVDA,youtube,69,0
2024-02-29,rip to everyone who bought Apple at the top,negative,-0.497280625041082,AAPL,youtube,71,10
2023-02-09,what do yall think about AAPL?,neutral,0.06962179859722606,AAPL,youtube,69,2
2024-02-18,"sold all my Amazon, this thing is done",negative,-0.8635835774239055,AMZN,youtube,22,0
2023-02-12,should i buy Tesla or wait?,neutral,-0.05411416381414047,TSLA,youtube,44,9
2024-08-25,just bought more AAPL let's gooo,positive,0.4359867312010658,AAPL,youtube,27,11
2023-07-15,my portfolio up 500% thanks to AMZN 😂,positive,0.6881767919678927,AMZN,youtube,3,1
2024-04-19,"sold all my Meta, this thing is done",negative,-0.6624037529303455,META,youtube,86,16
2023-04-13,apes together strong 🦍 Microsoft,positive,0.8878794738539211,MSFT,youtube,2,3
2024-09-01,"idk about Nvidia tbh, mixed signals",neutral,-0.10780323156699466,NVDA,youtube,0,3
2023-03-03,what do yall think about AMC?,neutral,-0.16755494110891986,AMC,youtube,39,3
2024-05-01,"new to investing, is Meta good?",neutral,-0.16701254667252827,META,youtube,83,4
2024-01-07,whats the PT for GME?,neutral,-0.15310086103754267,GME,youtube,2,1
2024-06-28,what do yall think about SPY?,neutral,-0.03647128372413028,SPY,youtube,15,7
2023-03-01,who else got rekt by GameStop? 😭,negative,-0.3890248282119315,GME,youtube,144,2
2023-04-22,"SPY going to zero, get out now",negative,-0.3018565100523184,SPY,youtube,204,7
2024-11-23,NVDA making me rich fr fr,positive,0.38982695044398413,NVDA,youtube,103,14
2024-01-28,"this is gonna be huge, AMZN will 10x easy",positive,0.6293353154433747,AMZN,youtube,75,2
2024-07-04,"new to investing, is META good?",neutral,-0.0496160047795946,META,youtube,2,0
2024-02-08,diamond hands 💎🙌 holding AAPL forever,positive,0.3562041149391527,AAPL,youtube,7,8
2023-11-27,who else is buying the dip? Google gang,positive,0.39416994679146033,GOOGL,youtube,9,10
2024-09-11,who else is buying the dip? Nvidia gang,positive,0.4883129404885791,NVDA,youtube,17,9
2024-10-06,told yall SPY was gonna pump,positive,0.8037532777490479,SPY,youtube,7,4
2024-05-16,anyone still holding Apple?,neutral,0.1861535656516538,AAPL,youtube,46,10
2024-08-17,who else is buying the dip? AMC gang,positive,0.6458816813358119,AMC,youtube,5,2
2024-04-15,"idk about AMC tbh, mixed signals",neutral,0.09967489531008927,AMC,youtube,22,1
2023-12-19,"sold all my Apple, this thing is done",negative,-0.464116502134981,AAPL,youtube,1,1
2023-08-01,paper hands saved me from Amazon disaster,negative,-0.36932821346762146,AMZN,youtube,7,4
2023-11-13,my portfolio up 500% thanks to NVDA 😂,positive,0.34193774396974963,NVDA,youtube,58,4
2024-11-03,biggest regret buying SPY smh,negative,-0.6269652632385778,SPY,youtube,127,14
2023-09-01,whats the PT for META?,neutral,0.12131391442762263,META,youtube,10,4
2024-01-25,apes together strong 🦍 AMC,positive,0.49720105193907405,AMC,youtube,15,4
2023-03-03,should i buy AMC or wait?,neutral,-0.13603980873869248,AMC,youtube,86,5
2024-10-31,🚀🚀🚀 Microsoft to the moon!!!,positive,0.48253382317915117,MSFT,youtube,8,0
2024-01-07,rip to everyone who bought AMZN at the top,negative,-0.3105687088172203,AMZN,youtube,31,5
2024-11-22,what do yall think about SPY?,neutral,-0.16211824428467705,SPY,youtube,72,5
2024-01-27,whats the PT for NVDA?,neutral,-0.014327990097575155,NVDA,youtube,1,3
2024-04-01,"idk about Meta tbh, mixed signals",neutral,-0.12440603731780074,META,youtube,85,1
2024-04-11,"AAPL is trash, worst investment ever",negative,-0.6060435771938123,AAPL,youtube,3,5
2023-07-12,told yall AAPL was gonna pump,positive,0.34738559654294193,AAPL,youtube,41,11
2024-05-30,AAPL making me rich fr fr,positive,0.7634183847631382,AAPL,youtube,7,1
2023-12-16,told yall Meta was gonna pump,positive,0.6128067949408693,META,youtube,58,3
2024-10-28,"idk about GameStop tbh, mixed signals",neutral,0.196599305206899,GME,youtube,14,1
2024-06-08,told yall Meta was gonna pump,positive,0.6819243320027006,META,youtube,28,1
2023-03-11,"never selling my Nvidia shares, generational wealth",positive,0.7466329591278087,NVDA,youtube,1,22
2023-03-16,"never selling my MSFT shares, generational wealth",positive,0.48411658891678133,MSFT,youtube,155,2
2023-11-10,Meta making me rich fr fr,positive,0.4419675966698231,META,youtube,37,5
2023-05-09,what do yall think about Meta?,neutral,-0.16830763705281232,META,youtube,20,4
2024-04-03,"this is gonna be huge, Amazon will 10x easy",positive,0.798141171661518,AMZN,youtube,9,13
2023-01-14,who else is buying the dip? NVDA gang,positive,0.4603782910516597,NVDA,youtube,8,3
2024-03-30,diamond hands 💎🙌 holding GME forever,positive,0.5252325568449971,GME,youtube,6,1
2024-07-21,"AMC is trash, worst investment ever",negative,-0.3538462508688095,AMC,youtube,152,5
2024-03-23,paper hands saved me from META disaster,negative,-0.5565656747261216,META,youtube,95,1
2023-09-21,"Amazon going to zero, get out now",negative,-0.40224916633768637,AMZN,youtube,105,5
2023-06-01,biggest regret buying MSFT smh,negative,-0.42975784665230704,MSFT,youtube,22,0
2023-12-26,what do yall think about GOOGL?,neutral,-0.11260394671953465,GOOGL,youtube,103,6
2023-06-18,biggest regret buying GME smh,negative,-0.4295120238012726,GME,youtube,46,1
2024-10-04,waiting for Nvidia to dip more,neutral,-0.028073866156718058,NVDA,youtube,89,0
2023-08-22,told yall Apple was gonna pump,positive,0.42639712126846446,AAPL,youtube,7,18
2024-09-30,should i buy GameStop or wait?,neutral,-0.05605791724352391,GME,youtube,18,1
2024-06-06,diamond hands 💎🙌 holding Amazon forever,positive,0.553477880635205,AMZN,youtube,106,14
2023-06-30,should i buy Meta or wait?,neutral,-0.13850740101786987,META,youtube,82,1
2023-07-04,"idk about Apple tbh, mixed signals",neutral,0.0327707538680328,AAPL,youtube,372,3
2023-12-09,AMC looking interesting ngl,neutral,-0.10420003828517076,AMC,youtube,5,7
2023-05-17,rip to everyone who bought SPY at the top,negative,-0.577193000521998,SPY,youtube,4,3
2023-08-01,just bought more Amazon let's gooo,positive,0.42260560985357537,AMZN,youtube,35,9
2023-12-06,"idk about GOOGL tbh, mixed signals",neutral,0.14151322605045003,GOOGL,youtube,29,3
2024-08-17,"never selling my GOOGL shares, generational wealth",positive,0.6442497284131171,GOOGL,youtube,212,4
2023-04-03,why did i buy META?? down so bad rn,negative,-0.7449801826164301,META,youtube,81,2
2023-03-14,should i buy TSLA or wait?,neutral,-0.10691703778012669,TSLA,youtube,27,0
2023-08-12,"never selling my Microsoft shares, generational wealth",positive,0.722418570071121,MSFT,youtube,18,0
2023-09-20,what do yall think about SPY?,neutral,0.03842091608621709,SPY,youtube,11,1
2023-05-18,"never selling my Google shares, generational wealth",positive,0.8287680137436091,GOOGL,youtube,23,2
2024-04-26,"Apple going to zero, get out now",negative,-0.33567503388384035,AAPL,youtube,84,0
2023-01-30,Nvidia making me rich fr fr,positive,0.47135036265703056,NVDA,youtube,75,0
2023-04-14,waiting for Amazon to dip more,neutral,0.09259742306841001,AMZN,youtube,61,5
2023-01-18,paper hands saved me from GameStop disaster,negative,-0.4195655418382751,GME,youtube,26,12
2023-09-08,"META scam, dont buy this garbage",negative,-0.34817152574356847,META,youtube,31,13
2024-05-29,lmao NVDA bagholders in shambles,negative,-0.43522530311316365,NVDA,youtube,37,0
2023-02-02,waiting for AMC to dip more,neutral,-0.15126644273767625,AMC,youtube,53,6
2024-10-28,my portfolio up 500% thanks to Microsoft 😂,positive,0.8321413772951198,MSFT,youtube,43,6
2023-08-29,"GameStop going to zero, get out now",negative,-0.409565721472743,GME,youtube,123,4
2023-05-20,told yall NVDA was gonna pump,positive,0.7565748718398426,NVDA,youtube,29,4
2024-11-07,"new to investing, is TSLA good?",neutral,0.048521196453805315,TSLA,youtube,7,1
2023-04-21,"META is trash, worst investment ever",negative,-0.8653361475133116,META,youtube,90,37
2023-03-14,"this is gonna be huge, Google will 10x easy",positive,0.3223714235831734,GOOGL,youtube,34,0
2023-08-04,lol bears are so wrong about SPY,positive,0.3367490205641505,SPY,youtube,99,1
2023-03-24,rip to everyone who bought AAPL at the top,negative,-0.8835201446756111,AAPL,youtube,57,6
2024-01-31,waiting for AMC to dip more,neutral,-0.020451785303065184,AMC,youtube,69,18
2024-06-05,"never selling my GOOGL shares, generational wealth",positive,0.7611999654712416,GOOGL,youtube,37,15
2024-06-16,waiting for Microsoft to dip more,neutral,0.16008852487953534,MSFT,youtube,65,1
2024-04-12,lmao AMC bagholders in shambles,negative,-0.621981783128605,AMC,youtube,256,2
2023-12-29,🚀🚀🚀 AMC to the moon!!!,positive,0.7331473781949127,AMC,youtube,41,1
2023-04-10,"Nvidia going to zero, get out now",negative,-0.691074701767509,NVDA,youtube,97,0
2024-06-21,Meta looking interesting ngl,neutral,0.1494247218554347,META,youtube,106,5
2023-05-27,"never selling my Google shares, generational wealth",positive,0.8600441058068236,GOOGL,youtube,34,0
2023-02-22,GME looking interesting ngl,neutral,-0.018576675291339745,GME,youtube,46,2
2023-11-28,who else got rekt by GME? 😭,negative,-0.6525430461392743,GME,youtube,8,6
2024-06-07,why did i buy Google?? down so bad rn,negative,-0.6669888410522904,GOOGL,youtube,45,1
2023-04-26,apes together strong 🦍 Nvidia,positive,0.8897769244550189,NVDA,youtube,309,0
2023-08-22,why did i buy MSFT?? down so bad rn,negative,-0.44238821450924193,MSFT,youtube,2,27
2023-07-31,"idk about MSFT tbh, mixed signals",neutral,0.17448270681008365,MSFT,youtube,2,4
2023-02-05,paper hands saved me from Amazon disaster,negative,-0.5848719953173538,AMZN,youtube,60,17
2023-03-25,whats the PT for Apple?,neutral,0.0695172898971102,AAPL,youtube,3,3
2023-04-23,biggest regret buying GameStop smh,negative,-0.4968747104653137,GME,youtube,49,2
2024-06-23,"this is gonna be huge, SPY will 10x easy",positive,0.8365583016678189,SPY,youtube,103,4
2024-06-13,"MSFT scam, dont buy this garbage",negative,-0.4910564673751977,MSFT,youtube,5,0
2024-11-21,my portfolio up 500% thanks to Microsoft 😂,positive,0.7152655192932171,MSFT,youtube,67,0
2024-10-15,paper hands saved me from Tesla disaster,negative,-0.7109226836181987,TSLA,youtube,2,3
2024-05-06,Nvidia looking interesting ngl,neutral,0.08636228478126518,NVDA,youtube,4,12
2023-02-26,apes together strong 🦍 TSLA,positive,0.35162732485214443,TSLA,youtube,144,1
2024-03-28,lmao Apple bagholders in shambles,negative,-0.3126316920065245,AAPL,youtube,61,1
2023-05-23,"this is gonna be huge, Amazon will 10x easy",positive,0.36634263050356913,AMZN,youtube,140,1
2023-02-13,should i buy AMZN or wait?,neutral,0.08694660700153578,AMZN,youtube,253,2
2023-10-21,"idk about SPY tbh, mixed signals",neutral,0.1738833463741653,SPY,youtube,10,0
2024-02-13,just bought more AMC let's gooo,positive,0.33552581147400484,AMC,youtube,34,8
2024-07-25,whats the PT for NVDA?,neutral,0.11651116533329203,NVDA,youtube,21,0
2024-11-14,who else got rekt by Tesla? 😭,negative,-0.8620989682017233,TSLA,youtube,133,4
2023-10-28,🚀🚀🚀 AAPL to the moon!!!,positive,0.528292654732228,AAPL,youtube,25,11
2024-09-07,"this is gonna be huge, Meta will 10x easy",positive,0.8375321562037599,META,youtube,52,4
2023-06-02,diamond hands 💎🙌 holding MSFT forever,positive,0.5967771875446073,MSFT,youtube,76,1
2024-04-30,biggest regret buying Tesla smh,negative,-0.7144773696654623,TSLA,youtube,9,0
2024-08-28,what do yall think about SPY?,neutral,-0.01948423524765705,SPY,youtube,27,3
2023-12-22,"new to investing, is Amazon good?",neutral,0.11742408445958469,AMZN,youtube,39,6
2023-07-27,"MSFT scam, dont buy this garbage",negative,-0.7788420714823758,MSFT,youtube,12,11
2023-12-09,"GOOGL scam, dont buy this garbage",negative,-0.5367722158439615,GOOGL,youtube,35,0
2023-06-08,my portfolio up 500% thanks to MSFT 😂,positive,0.47281721658673626,MSFT,youtube,47,2
2023-06-26,"AMC going to zero, get out now",negative,-0.536582684857525,AMC,youtube,69,5
2024-08-18,whats the PT for GOOGL?,neutral,-0.1995779629686165,GOOGL,youtube,21,6
2023-09-04,who else is buying the dip? SPY gang,positive,0.5668204436149082,SPY,youtube,34,6
2024-04-05,lmao TSLA bagholders in shambles,negative,-0.3515986642768897,TSLA,youtube,41,5
2024-04-29,what do yall think about SPY?,neutral,-0.01952349378096066,SPY,youtube,8,4
2024-05-04,apes together strong 🦍 AMC,positive,0.7567537973585474,AMC,youtube,44,5
2023-08-20,"sold all my GME, this thing is done",negative,-0.898687922320251,GME,youtube,24,4
2024-05-27,who else is buying the dip? Meta gang,positive,0.8985472792745488,META,youtube,9,2
2023-02-26,"never selling my SPY shares, generational wealth",positive,0.7467933754869478,SPY,youtube,63,6
2024-04-04,apes together strong 🦍 Apple,positive,0.8568189486010722,AAPL,youtube,59,4
2023-01-07,who else got rekt by AMC? 😭,negative,-0.8432488251270701,AMC,youtube,26,3
2023-04-03,diamond hands 💎🙌 holding AMC forever,positive,0.597666323806189,AMC,youtube,0,12
2023-09-25,diamond hands 💎🙌 holding SPY forever,positive,0.5322184223271947,SPY,youtube,18,3
2023-10-27,who else is buying the dip? GOOGL gang,positive,0.6338482496847058,GOOGL,youtube,22,2
2024-11-22,told yall MSFT was gonna pump,positive,0.6875607002611309,MSFT,youtube,91,2
2023-09-20,diamond hands 💎🙌 holding GME forever,positive,0.8521751423697594,GME,youtube,54,8
2024-01-23,diamond hands 💎🙌 holding GME forever,positive,0.4601536925994716,GME,youtube,199,0
2024-04-20,rip to everyone who bought AAPL at the top,negative,-0.8545972028074231,AAPL,youtube,3,3
2023-05-05,just bought more Nvidia let's gooo,positive,0.8917286354766707,NVDA,youtube,10,6
2023-02-26,AAPL making me rich fr fr,positive,0.3104987372805539,AAPL,youtube,71,8
2024-06-22,waiting for AMC to dip more,neutral,0.1729907955604723,AMC,youtube,38,15
2023-11-13,whats the PT for META?,neutral,-0.1078216040068051,META,youtube,5,0
2023-03-27,"new to investing, is Google good?",neutral,0.10494271696858432,GOOGL,youtube,98,3
2024-04-28,should i buy Meta or wait?,neutral,-0.13770177270076447,META,youtube,13,10
2024-01-10,lol bears are so wrong about AMC,positive,0.8462871311528326,AMC,youtube,28,1
2024-02-17,"this is gonna be huge, SPY will 10x easy",positive,0.46790465194844466,SPY,youtube,3,0
2023-02-23,"MSFT going to zero, get out now",negative,-0.41867577267574135,MSFT,youtube,33,3
2024-07-12,why did i buy Nvidia?? down so bad rn,negative,-0.3462070976619065,NVDA,youtube,34,1
2023-10-22,"best stock ever, Microsoft is the future",positive,0.4493369925778844,MSFT,youtube,1,2
2023-05-16,"this is gonna be huge, GOOGL will 10x easy",positive,0.3305617880724169,GOOGL,youtube,11,1
2023-07-09,biggest regret buying NVDA smh,negative,-0.5318938945734402,NVDA,youtube,149,3
2024-04-29,"Apple scam, dont buy this garbage",negative,-0.5918150053161282,AAPL,youtube,1,2
2023-06-15,AMZN looking interesting ngl,neutral,-0.02555752277856077,AMZN,youtube,79,9
2024-10-29,"new to investing, is AMC good?",neutral,0.1261577861947526,AMC,youtube,3,1
2024-06-24,"this is gonna be huge, Google will 10x easy",positive,0.5579297840879145,GOOGL,youtube,51,5
2023-10-27,whats the PT for Nvidia?,neutral,0.12913763129887412,NVDA,youtube,56,4
2024-07-28,"never selling my Meta shares, generational wealth",positive,0.6348375331060594,META,youtube,34,7
2023-06-01,anyone still holding META?,neutral,0.07047254608659997,META,youtube,57,1
2024-08-20,apes together strong 🦍 Meta,positive,0.4283102592000807,META,youtube,35,17
2024-06-13,what do yall think about Nvidia?,neutral,0.07542137967878537,NVDA,youtube,113,6
2024-08-13,told yall AMC was gonna pump,positive,0.4610842254152027,AMC,youtube,71,16
2024-01-08,just bought more GOOGL let's gooo,positive,0.7393504689003578,GOOGL,youtube,59,5
2024-05-23,paper hands saved me from AMC disaster,negative,-0.5595799626849297,AMC,youtube,75,3
2024-06-10,diamond hands 💎🙌 holding AMZN forever,positive,0.8557801911657716,AMZN,youtube,70,5
2023-05-10,apes together strong 🦍 GameStop,positive,0.8529641959984688,GME,youtube,81,8
2024-03-09,my portfolio up 500% thanks to GameStop 😂,positive,0.44972701231297174,GME,youtube,37,0
2024-11-09,why did i buy Tesla?? down so bad rn,negative,-0.45220293870435685,TSLA,youtube,111,1
2023-08-27,"AAPL going to zero, get out now",negative,-0.7041309903229009,AAPL,youtube,10,0
2023-08-30,biggest regret buying AMC smh,negative,-0.7713098114319015,AMC,youtube,2,14
2024-05-22,SPY making me rich fr fr,positive,0.5665990067899083,SPY,youtube,9,2
2024-10-03,who else is buying the dip? AMC gang,positive,0.7285679373767782,AMC,youtube,61,3
2024-09-22,who else got rekt by AAPL? 😭,negative,-0.7763468570329115,AAPL,youtube,0,11
2023-08-14,just bought more Microsoft let's gooo,positive,0.8185303992730286,MSFT,youtube,77,2
2024-09-25,diamond hands 💎🙌 holding META forever,positive,0.7237246487629537,META,youtube,3,2
2023-07-03,should i buy SPY or wait?,neutral,0.09289644192068958,SPY,youtube,16,6
2023-01-25,"sold all my SPY, this thing is done",negative,-0.8252373092797924,SPY,youtube,39,1
2024-11-23,"best stock ever, AMC is the future",positive,0.856302482908416,AMC,youtube,23,1
2024-05-08,"sold all my AMC, this thing is done",negative,-0.7963597928673902,AMC,youtube,2,7
2024-03-11,"sold all my AMC, this thing is done",negative,-0.4454103521469637,AMC,youtube,90,2
2024-04-10,why did i buy Amazon?? down so bad rn,negative,-0.48320329220209035,AMZN,youtube,15,1
2024-07-24,who else is buying the dip? Microsoft gang,positive,0.39522355984458263,MSFT,youtube,122,3
2024-02-21,whats the PT for Microsoft?,neutral,0.1676366581463617,MSFT,youtube,25,1
2023-01-17,apes together strong 🦍 SPY,positive,0.7566199938525193,SPY,youtube,47,2
2023-08-23,should i buy SPY or wait?,neutral,0.09411399917881702,SPY,youtube,41,1
2023-02-20,paper hands saved me from SPY disaster,negative,-0.6800518264353286,SPY,youtube,6,4
2024-02-21,what do yall think about SPY?,neutral,-0.00399435777692464,SPY,youtube,21,2
2023-12-25,apes together strong 🦍 SPY,positive,0.3320430711905241,SPY,youtube,25,11
2023-10-04,"best stock ever, NVDA is the future",positive,0.8715788711748453,NVDA,youtube,127,4
2023-07-18,"new to investing, is AMZN good?",neutral,0.1881775867288919,AMZN,youtube,0,4
2023-04-13,rip to everyone who bought Tesla at the top,negative,-0.5965860925648261,TSLA,youtube,119,3
2023-05-04,"this is gonna be huge, TSLA will 10x easy",positive,0.7745551314427894,TSLA,youtube,5,5
2024-11-11,waiting for SPY to dip more,neutral,0.13477546219093173,SPY,youtube,7,6
2023-10-06,Microsoft making me rich fr fr,positive,0.48665679185877253,MSFT,youtube,8,1
2023-08-27,lmao Meta bagholders in shambles,negative,-0.8257255437315877,META,youtube,47,1
2024-10-11,why did i buy AAPL?? down so bad rn,negative,-0.3098214567044305,AAPL,youtube,123,1
2024-04-14,diamond hands 💎🙌 holding AAPL forever,positive,0.6047689540919705,AAPL,youtube,16,1
2024-01-07,"Nvidia is trash, worst investment ever",negative,-0.4451812196734022,NVDA,youtube,0,1
2024-02-18,my portfolio up 500% thanks to Amazon 😂,positive,0.642164295980979,AMZN,youtube,17,8
2024-11-24,just bought more MSFT let's gooo,positive,0.34553307521961774,MSFT,youtube,89,0
2023-11-23,"Meta scam, dont buy this garbage",negative,-0.5290065971158915,META,youtube,17,12
2023-09-27,just bought more Tesla let's gooo,positive,0.5223100881611231,TSLA,youtube,29,0
2023-08-26,should i buy GameStop or wait?,neutral,0.06389205599265624,GME,youtube,143,5
2024-08-22,just bought more Tesla let's gooo,positive,0.405808209406916,TSLA,youtube,72,6
2023-03-29,"TSLA scam, dont buy this garbage",negative,-0.8511615998525729,TSLA,youtube,45,9
2023-06-26,just bought more META let's gooo,positive,0.4431167851720753,META,youtube,71,1
2023-02-24,what do yall think about SPY?,neutral,0.018845854090207392,SPY,youtube,21,2
2023-11-24,who else is buying the dip? Apple gang,positive,0.44645432827537423,AAPL,youtube,59,7
2023-03-12,"sold all my GOOGL, this thing is done",negative,-0.6997931226765435,GOOGL,youtube,12,0
2024-07-01,just bought more GME let's gooo,positive,0.357751497481615,GME,youtube,65,0
2023-05-05,"best stock ever, Microsoft is the future",positive,0.5444175166129243,MSFT,youtube,83,3
2023-10-05,"best stock ever, AMC is the future",positive,0.7181689550186363,AMC,youtube,145,0
2023-09-28,"this is gonna be huge, AMC will 10x easy",positive,0.38438316104353776,AMC,youtube,30,2
2023-09-12,"idk about META tbh, mixed signals",neutral,0.002736370180280001,META,youtube,26,0
2024-06-27,AMZN making me rich fr fr,positive,0.6042052377060456,AMZN,youtube,24,2
2024-08-29,rip to everyone who bought Microsoft at the top,negative,-0.8078174259933737,MSFT,youtube,50,2
2024-07-14,should i buy AMZN or wait?,neutral,0.19110687418133943,AMZN,youtube,39,0
2024-08-23,who else is buying the dip? Nvidia gang,positive,0.5811679860867556,NVDA,youtube,22,2
2024-02-14,anyone still holding AMC?,neutral,0.19112236950384204,AMC,youtube,55,0
2023-11-28,Tesla looking interesting ngl,neutral,0.07877518553082125,TSLA,youtube,36,1
2024-04-25,lol bears are so wrong about Apple,positive,0.814527525587672,AAPL,youtube,105,12
2023-02-13,whats the PT for GOOGL?,neutral,-0.06621506624952242,GOOGL,youtube,16,16
2023-05-03,waiting for AAPL to dip more,neutral,0.008666897024622033,AAPL,youtube,10,11
2023-09-01,should i buy GOOGL or wait?,neutral,0.01112303584311905,GOOGL,youtube,33,10
2024-06-26,"best stock ever, GOOGL is the future",positive,0.5737837068046618,GOOGL,youtube,3,5
2023-04-03,apes together strong 🦍 NVDA,positive,0.3222521363484237,NVDA,youtube,27,0
2024-10-03,diamond hands 💎🙌 holding Google forever,positive,0.8342274508120491,GOOGL,youtube,171,4
2023-12-25,"this is gonna be huge, AMC will 10x easy",positive,0.5667445939417852,AMC,youtube,7,5
2024-09-21,"GME scam, dont buy this garbage",negative,-0.8065634560523939,GME,youtube,8,3
2024-10-29,lol bears are so wrong about Nvidia,positive,0.6195759866446564,NVDA,youtube,29,0
2024-10-11,SPY making me rich fr fr,positive,0.7684661597851927,SPY,youtube,22,1
2023-11-22,just bought more GME let's gooo,positive,0.3686551087427672,GME,youtube,32,1
2024-11-17,why did i buy MSFT?? down so bad rn,negative,-0.8801552346821191,MSFT,youtube,37,1
2024-03-18,"Google is trash, worst investment ever",negative,-0.42647818728294623,GOOGL,youtube,24,7
2023-06-23,"AMZN going to zero, get out now",negative,-0.7925461844682152,AMZN,youtube,80,2
2023-01-29,whats the PT for AMZN?,neutral,-0.1739467141632267,AMZN,youtube,23,1
2023-01-29,SPY looking interesting ngl,neutral,-0.19595975907585128,SPY,youtube,63,7
2024-01-01,rip to everyone who bought AMC at the top,negative,-0.3629037136422727,AMC,youtube,102,2
2024-05-17,"new to investing, is AMC good?",neutral,-0.09009438225359263,AMC,youtube,8,1
2023-12-23,"idk about TSLA tbh, mixed signals",neutral,-0.15187593984139777,TSLA,youtube,14,18
2023-08-25,who else got rekt by GameStop? 😭,negative,-0.6851174384781766,GME,youtube,107,2
2023-02-05,lmao GameStop bagholders in shambles,negative,-0.7126872184499896,GME,youtube,87,0
2023-04-20,whats the PT for AAPL?,neutral,-0.17562510700623335,AAPL,youtube,84,2
2023-11-23,"idk about Google tbh, mixed signals",neutral,-0.09869743727497685,GOOGL,youtube,35,0
2024-09-18,"idk about GOOGL tbh, mixed signals",neutral,-0.10447750905615304,GOOGL,youtube,32,3
2023-07-20,who else is buying the dip? SPY gang,positive,0.7035845878131222,SPY,youtube,83,6
2024-07-21,🚀🚀🚀 TSLA to the moon!!!,positive,0.4832377961691403,TSLA,youtube,62,3
2024-09-02,biggest regret buying SPY smh,negative,-0.733659040702952,SPY,youtube,5,8
2024-08-08,lol bears are so wrong about Tesla,positive,0.7982258632580858,TSLA,youtube,15,0
2023-02-06,why did i buy SPY?? down so bad rn,negative,-0.7239411959447836,SPY,youtube,52,11
2023-10-25,who else is buying the dip? Microsoft gang,positive,0.49751887014713836,MSFT,youtube,3,0
2023-04-18,"AMC scam, dont buy this garbage",negative,-0.3075104814303229,AMC,youtube,15,2
2024-06-27,who else is buying the dip? Microsoft gang,positive,0.640791171222226,MSFT,youtube,76,0
2023-11-22,"best stock ever, Apple is the future",positive,0.8597444039612785,AAPL,youtube,28,4
2024-11-02,biggest regret buying SPY smh,negative,-0.6061069143740565,SPY,youtube,97,5
2024-11-12,what do yall think about GOOGL?,neutral,0.13717410490079046,GOOGL,youtube,11,1
2023-10-23,"best stock ever, AMZN is the future",positive,0.650292528613625,AMZN,youtube,14,0
2023-10-29,"sold all my Google, this thing is done",negative,-0.6513362152883944,GOOGL,youtube,68,5
2024-04-30,"Microsoft going to zero, get out now",negative,-0.7428845634980545,MSFT,youtube,32,4
2024-05-23,"never selling my TSLA shares, generational wealth",positive,0.36505217988303873,TSLA,youtube,25,2
2023-07-25,my portfolio up 500% thanks to AMZN 😂,positive,0.585525202395581,AMZN,youtube,15,3
2024-01-22,"never selling my GOOGL shares, generational wealth",positive,0.793012216246088,GOOGL,youtube,187,8
2024-03-09,"best stock ever, META is the future",positive,0.6853981737054006,META,youtube,38,7
2023-07-21,waiting for AMC to dip more,neutral,-0.18649322617874464,AMC,youtube,86,0
2024-06-18,AMC looking interesting ngl,neutral,-0.18471266278584786,AMC,youtube,27,1
2023-01-23,Nvidia looking interesting ngl,neutral,0.13378684463303964,NVDA,youtube,181,8
2024-10-13,"best stock ever, Tesla is the future",positive,0.5572036616407727,TSLA,youtube,0,0
2023-03-18,who else is buying the dip? AMZN gang,positive,0.6281194829695487,AMZN,youtube,165,6
2023-04-12,"new to investing, is NVDA good?",neutral,-0.17997031182778014,NVDA,youtube,13,5
2023-11-06,"idk about GameStop tbh, mixed signals",neutral,-0.12135586381076786,GME,youtube,0,7
2023-08-23,anyone still holding Amazon?,neutral,0.19882539778386876,AMZN,youtube,36,9
2024-10-09,"sold all my AAPL, this thing is done",negative,-0.7080033719557145,AAPL,youtube,20,17
2024-03-04,who else got rekt by GameStop? 😭,negative,-0.5389879570918481,GME,youtube,32,11
2023-08-24,Meta making me rich fr fr,positive,0.45405118923096255,META,youtube,16,5
2023-08-19,waiting for AMC to dip more,neutral,-0.1800818077746591,AMC,youtube,52,0
2024-07-07,"TSLA scam, dont buy this garbage",negative,-0.5978651523441909,TSLA,youtube,22,4
2023-04-17,lmao Amazon bagholders in shambles,negative,-0.8054984514176047,AMZN,youtube,36,11
2024-01-15,"new to investing, is AAPL good?",neutral,0.1192147827777767,AAPL,youtube,8,6
2023-03-01,"best stock ever, Nvidia is the future",positive,0.684983558304571,NVDA,youtube,55,6
2024-07-07,who else is buying the dip? Google gang,positive,0.5526669354329723,GOOGL,youtube,63,2
2023-09-04,should i buy Tesla or wait?,neutral,-0.09413627390827131,TSLA,youtube,25,5
2024-01-09,lmao SPY bagholders in shambles,negative,-0.7874940862113784,SPY,youtube,17,3
2023-08-08,"never selling my NVDA shares, generational wealth",positive,0.894323943205525,NVDA,youtube,50,2
2023-09-17,biggest regret buying META smh,negative,-0.8936257483750446,META,youtube,51,3
2023-09-11,rip to everyone who bought AMC at the top,negative,-0.33410999528369,AMC,youtube,44,3
2024-01-26,whats the PT for SPY?,neutral,-0.12794155141214936,SPY,youtube,115,0
2023-08-13,just bought more Microsoft let's gooo,positive,0.819961130571099,MSFT,youtube,54,4
2023-06-04,should i buy AMZN or wait?,neutral,-0.047270698096303354,AMZN,youtube,24,10
2024-07-31,who else got rekt by Amazon? 😭,negative,-0.33458392512292057,AMZN,youtube,13,5
2024-06-09,lmao META bagholders in shambles,negative,-0.41792831937202624,META,youtube,13,7
2023-03-12,diamond hands 💎🙌 holding SPY forever,positive,0.5829852072696227,SPY,youtube,22,2
2023-10-10,"Meta going to zero, get out now",negative,-0.5022665858327047,META,youtube,167,0
2024-06-25,just bought more GME let's gooo,positive,0.553478910401888,GME,youtube,43,0
2023-05-21,paper hands saved me from Amazon disaster,negative,-0.6960347755069803,AMZN,youtube,12,1
2023-12-22,NVDA looking interesting ngl,neutral,0.17318340258393577,NVDA,youtube,6,11
2024-03-25,waiting for GOOGL to dip more,neutral,-0.041128607675800455,GOOGL,youtube,98,7
2024-01-28,"idk about AMZN tbh, mixed signals",neutral,-0.04506184286513401,AMZN,youtube,54,11
2023-03-05,GME making me rich fr fr,positive,0.780792569291714,GME,youtube,47,10
2024-09-06,who else is buying the dip? SPY gang,positive,0.8583548563742487,SPY,youtube,73,3
2024-01-17,why did i buy AAPL?? down so bad rn,negative,-0.4293826273209247,AAPL,youtube,4,3
2024-05-25,anyone still holding Nvidia?,neutral,-0.02358516579037434,NVDA,youtube,0,2
2023-10-16,lmao GME bagholders in shambles,negative,-0.3301283934367435,GME,youtube,55,26
2023-11-03,"idk about TSLA tbh, mixed signals",neutral,-0.08121644848521657,TSLA,youtube,52,20
2024-04-09,my portfolio up 500% thanks to TSLA 😂,positive,0.6962214271134846,TSLA,youtube,16,9
2024-11-03,apes together strong 🦍 AAPL,positive,0.5633886792826341,AAPL,youtube,37,2
2024-01-30,anyone still holding AMZN?,neutral,-0.19101916350947984,AMZN,youtube,39,5
2023-08-18,🚀🚀🚀 AAPL to the moon!!!,positive,0.7668912616751247,AAPL,youtube,36,1
2024-09-25,"new to investing, is Meta good?",neutral,-0.12638061519296745,META,youtube,17,10
2023-11-18,told yall Amazon was gonna pump,positive,0.8176968660051065,AMZN,youtube,218,5
2024-09-18,"GME going to zero, get out now",negative,-0.6950645288532851,GME,youtube,5,0
2023-12-31,SPY making me rich fr fr,positive,0.4095104979839717,SPY,youtube,4,2
2024-08-06,"this is gonna be huge, SPY will 10x easy",positive,0.4820611394226418,SPY,youtube,23,6
2024-01-19,who else got rekt by AMC? 😭,negative,-0.7539333074052514,AMC,youtube,1,16
2024-03-04,"new to investing, is TSLA good?",neutral,-0.18719784732510478,TSLA,youtube,128,0
2023-09-04,Tesla looking interesting ngl,neutral,0.018560757602265332,TSLA,youtube,18,6
2024-08-13,who else got rekt by GOOGL? 😭,negative,-0.6804592783048719,GOOGL,youtube,41,6
2024-09-09,just bought more GME let's gooo,positive,0.8671652921136042,GME,youtube,121,1
2024-07-21,"Apple going to zero, get out now",negative,-0.674766474947929,AAPL,youtube,13,0
2023-09-13,just bought more SPY let's gooo,positive,0.5944869313265595,SPY,youtube,24,2
2023-07-27,"never selling my Amazon shares, generational wealth",positive,0.6467862335854196,AMZN,youtube,36,1
2023-06-16,rip to everyone who bought META at the top,negative,-0.8340652711810834,META,youtube,133,1
2023-09-11,who else is buying the dip? Apple gang,positive,0.7784741430516938,AAPL,youtube,65,7
2024-07-09,whats the PT for Google?,neutral,0.04182812618554049,GOOGL,youtube,32,1
2024-09-10,anyone still holding GameStop?,neutral,-0.1524710107515202,GME,youtube,56,0
2023-01-07,lol bears are so wrong about Meta,positive,0.7865329151862512,META,youtube,132,1
2023-06-06,what do yall think about Meta?,neutral,0.00875876508865589,META,youtube,52,6
2024-05-26,"best stock ever, AMC is the future",positive,0.544191049282783,AMC,youtube,5,2
2023-12-10,AMZN making me rich fr fr,positive,0.8515670697372288,AMZN,youtube,45,3
2023-03-23,"new to investing, is SPY good?",neutral,0.015090479090272224,SPY,youtube,16,6
2024-03-18,whats the PT for AAPL?,neutral,0.1552692521303053,AAPL,youtube,16,0
2024-09-28,GME looking interesting ngl,neutral,-0.07808722065836218,GME,youtube,57,4
2023-03-23,just bought more Amazon let's gooo,positive,0.3801252047225515,AMZN,youtube,64,6
2023-12-23,waiting for Apple to dip more,neutral,0.11350380823621825,AAPL,youtube,0,0
2024-05-24,lmao TSLA bagholders in shambles,negative,-0.6216970381070789,TSLA,youtube,322,13
2023-12-15,"best stock ever, GME is the future",positive,0.6295559888003788,GME,youtube,59,12
2024-01-14,paper hands saved me from Meta disaster,negative,-0.34440828930678546,META,youtube,17,1
2024-11-19,just bought more NVDA let's gooo,positive,0.8389751524591114,NVDA,youtube,16,0
2023-06-28,paper hands saved me from MSFT disaster,negative,-0.4523694644700554,MSFT,youtube,22,15
2023-03-15,"SPY is trash, worst investment ever",negative,-0.6166639866776576,SPY,youtube,65,10
2023-08-19,"SPY scam, dont buy this garbage",negative,-0.5124353542338789,SPY,youtube,16,16
2024-10-06,whats the PT for AMZN?,neutral,-0.01644859557386283,AMZN,youtube,31,2
2024-11-18,Meta looking interesting ngl,neutral,-0.10254292084329375,META,youtube,73,2
2024-01-01,🚀🚀🚀 SPY to the moon!!!,positive,0.7222552446152319,SPY,youtube,27,5
2024-10-12,"best stock ever, Google is the future",positive,0.4940026856449799,GOOGL,youtube,18,15
2023-03-19,waiting for GOOGL to dip more,neutral,0.07193948126925731,GOOGL,youtube,38,3
2023-10-19,who else is buying the dip? META gang,positive,0.7531691320912134,META,youtube,44,0
2023-07-07,diamond hands 💎🙌 holding TSLA forever,positive,0.3526623187332053,TSLA,youtube,25,0
2023-08-24,rip to everyone who bought MSFT at the top,negative,-0.7173963053185667,MSFT,youtube,54,1
2024-05-10,anyone still holding Apple?,neutral,0.15795426943328056,AAPL,youtube,3,4
2024-08-14,whats the PT for AMC?,neutral,0.15411749301329747,AMC,youtube,150,3
2023-05-30,who else is buying the dip? GameStop gang,positive,0.8068167703173947,GME,youtube,21,1
2024-03-01,"this is gonna be huge, META will 10x easy",positive,0.6186660795288452,META,youtube,22,1
2024-04-01,what do yall think about Amazon?,neutral,-0.15888286759085857,AMZN,youtube,14,7
2023-03-23,why did i buy NVDA?? down so bad rn,negative,-0.6420236330963592,NVDA,youtube,23,2
2024-03-23,diamond hands 💎🙌 holding META forever,positive,0.8122313713427691,META,youtube,54,1
2023-05-28,what do yall think about Apple?,neutral,-0.14269310597269302,AAPL,youtube,23,4
2023-04-30,"new to investing, is META good?",neutral,0.19782194769226724,META,youtube,44,0
2024-03-19,what do yall think about SPY?,neutral,-0.15241565854156414,SPY,youtube,2,7
2023-01-25,just bought more Apple let's gooo,positive,0.5698282628213199,AAPL,youtube,139,4
2024-01-04,lol bears are so wrong about Microsoft,positive,0.8089246931890979,MSFT,youtube,59,1
2023-05-18,just bought more Apple let's gooo,positive,0.5231768229459799,AAPL,youtube,53,1
2023-08-14,🚀🚀🚀 TSLA to the moon!!!,positive,0.5763141089159469,TSLA,youtube,156,1
2024-03-23,waiting for AMC to dip more,neutral,0.0324755142210042,AMC,youtube,1,1
2024-07-05,"best stock ever, GME is the future",positive,0.45622695286928777,GME,youtube,58,18
2024-07-08,"Amazon going to zero, get out now",negative,-0.7807598729603865,AMZN,youtube,42,7
2023-05-19,lmao SPY bagholders in shambles,negative,-0.6580616570899711,SPY,youtube,67,1
2023-11-30,META looking interesting ngl,neutral,-0.0451205705206596,META,youtube,27,0
2023-03-15,just bought more GOOGL let's gooo,positive,0.8428589651492002,GOOGL,youtube,132,1
2023-12-11,Amazon making me rich fr fr,positive,0.8643317163104915,AMZN,youtube,9,5
2023-09-05,diamond hands 💎🙌 holding GME forever,positive,0.6697828342483739,GME,youtube,59,1
2024-10-27,"Meta going to zero, get out now",negative,-0.6483977302452951,META,youtube,56,11
2023-05-03,should i buy META or wait?,neutral,-0.03937136263921043,META,youtube,124,1
2023-12-30,lol bears are so wrong about Apple,positive,0.8031090085786192,AAPL,youtube,2,11
2023-11-25,"sold all my NVDA, this thing is done",negative,-0.7233052387949939,NVDA,youtube,117,4
2024-04-03,waiting for AAPL to dip more,neutral,-0.010161406340220502,AAPL,youtube,75,5
2023-05-30,should i buy Tesla or wait?,neutral,-0.18344181863407083,TSLA,youtube,37,11
2024-01-18,"AMZN going to zero, get out now",negative,-0.7965290919851925,AMZN,youtube,14,7
2024-08-01,what do yall think about AMC?,neutral,-0.06945840778807919,AMC,youtube,162,6
2023-03-13,"idk about META tbh, mixed signals",neutral,0.14132548893224978,META,youtube,26,10
2024-02-27,GME looking interesting ngl,neutral,-0.19812565836862187,GME,youtube,127,8
2023-07-29,apes together strong 🦍 AAPL,positive,0.6593094910531203,AAPL,youtube,117,11
2023-12-20,lol bears are so wrong about SPY,positive,0.8174494750356562,SPY,youtube,44,5
2024-07-01,biggest regret buying MSFT smh,negative,-0.3270377569450379,MSFT,youtube,247,5
2023-07-28,Microsoft looking interesting ngl,neutral,0.18819271573210694,MSFT,youtube,54,5
2024-05-09,biggest regret buying GME smh,negative,-0.6923443033998327,GME,youtube,100,11
2023-01-21,what do yall think about AMC?,neutral,-0.15281903011400982,AMC,youtube,27,6
2024-10-13,"idk about Amazon tbh, mixed signals",neutral,0.16699106019977256,AMZN,youtube,25,7
2024-06-21,who else got rekt by Meta? 😭,negative,-0.42813995124533033,META,youtube,58,12
2023-11-18,🚀🚀🚀 SPY to the moon!!!,positive,0.5812870422387315,SPY,youtube,36,12
2024-10-10,what do yall think about AMZN?,neutral,-0.06037715878302041,AMZN,youtube,6,1
2023-04-11,what do yall think about Meta?,neutral,-0.029111622136111237,META,youtube,11,17
2024-05-06,anyone still holding GOOGL?,neutral,0.04973728592777968,GOOGL,youtube,16,0
2023-12-22,biggest regret buying SPY smh,negative,-0.36549623532007225,SPY,youtube,24,4
2023-04-10,my portfolio up 500% thanks to AMC 😂,positive,0.367505163025484,AMC,youtube,39,3
2023-06-08,what do yall think about TSLA?,neutral,0.017148865043056155,TSLA,youtube,31,3
2024-06-11,"AMC is trash, worst investment ever",negative,-0.826357990837661,AMC,youtube,3,1
2023-12-16,whats the PT for Amazon?,neutral,-0.0652259770806872,AMZN,youtube,31,3
2024-08-08,diamond hands 💎🙌 holding MSFT forever,positive,0.4055735947674804,MSFT,youtube,90,0
2024-01-01,"sold all my META, this thing is done",negative,-0.4588135645481334,META,youtube,151,9
2024-11-07,anyone still holding AAPL?,neutral,0.14544722000109833,AAPL,youtube,6,2
2024-11-13,"new to investing, is AMC good?",neutral,0.16041137907406533,AMC,youtube,66,3
2023-06-04,diamond hands 💎🙌 holding Amazon forever,positive,0.8708984133140922,AMZN,youtube,6,2
2023-06-25,just bought more META let's gooo,positive,0.34956193574418226,META,youtube,64,8
2024-02-04,rip to everyone who bought GME at the top,negative,-0.5091620466364958,GME,youtube,10,1
2024-09-25,MSFT looking interesting ngl,neutral,-0.0865224230657232,MSFT,youtube,83,0
2023-02-04,paper hands saved me from AMC disaster,negative,-0.7929975764405239,AMC,youtube,92,8
2024-02-28,"META is trash, worst investment ever",negative,-0.562847907543407,META,youtube,63,11
2024-06-28,diamond hands 💎🙌 holding META forever,positive,0.6422261089933325,META,youtube,9,4
2024-10-18,"never selling my Apple shares, generational wealth",positive,0.896203896218067,AAPL,youtube,79,0
2024-06-28,lol bears are so wrong about Amazon,positive,0.7127502320789736,AMZN,youtube,176,9
2023-09-03,lol bears are so wrong about AMC,positive,0.4071946118831182,AMC,youtube,25,5
2024-02-10,what do yall think about NVDA?,neutral,-0.17147304470750369,NVDA,youtube,9,10
2024-03-28,whats the PT for Tesla?,neutral,0.1812629465719795,TSLA,youtube,1,14
2024-08-12,diamond hands 💎🙌 holding TSLA forever,positive,0.3826616017893783,TSLA,youtube,62,1
2023-07-04,diamond hands 💎🙌 holding Apple forever,positive,0.780228918950046,AAPL,youtube,89,9
2023-08-31,"best stock ever, SPY is the future",positive,0.8783061826361547,SPY,youtube,13,8
2023-11-30,"this is gonna be huge, AMZN will 10x easy",positive,0.7173692537616767,AMZN,youtube,44,6
2023-07-23,"best stock ever, Tesla is the future",positive,0.3220494185101655,TSLA,youtube,4,2
2024-11-20,"new to investing, is Meta good?",neutral,0.15368286596080272,META,youtube,45,10
2024-08-17,lmao NVDA bagholders in shambles,negative,-0.46126536436027843,NVDA,youtube,44,0
2024-01-11,"never selling my Google shares, generational wealth",positive,0.474296494855759,GOOGL,youtube,86,0
2024-08-04,whats the PT for Amazon?,neutral,0.028937510112183013,AMZN,youtube,130,1
2024-02-18,who else got rekt by AMC? 😭,negative,-0.7081472855090976,AMC,youtube,16,3
2024-05-09,my portfolio up 500% thanks to Microsoft 😂,positive,0.7675724630734764,MSFT,youtube,6,4
2023-04-26,just bought more AMC let's gooo,positive,0.8889624881438036,AMC,youtube,4,6
2024-01-21,anyone still holding SPY?,neutral,-0.13283797134814657,SPY,youtube,85,28
2023-01-11,my portfolio up 500% thanks to AMZN 😂,positive,0.5552445826258368,AMZN,youtube,15,0
2024-05-03,who else got rekt by META? 😭,negative,-0.32217063607051777,META,youtube,8,4
2024-11-12,told yall Amazon was gonna pump,positive,0.8756501887494401,AMZN,youtube,20,0
2023-12-01,"this is gonna be huge, Nvidia will 10x easy",positive,0.6673943731712026,NVDA,youtube,26,11
2024-10-31,my portfolio up 500% thanks to GameStop 😂,positive,0.4097825524763907,GME,youtube,7,2
2023-11-04,anyone still holding AAPL?,neutral,-0.09956050802250638,AAPL,youtube,49,1
2023-01-04,🚀🚀🚀 Meta to the moon!!!,positive,0.4885102707454215,META,youtube,4,2
2023-12-28,just bought more AMC let's gooo,positive,0.6875878241872113,AMC,youtube,63,0
2023-07-17,anyone still holding GOOGL?,neutral,-0.014630152243646222,GOOGL,youtube,6,1
2024-08-21,"new to investing, is Tesla good?",neutral,-0.18090954278819274,TSLA,youtube,5,5
2023-10-14,NVDA making me rich fr fr,positive,0.6036684959306933,NVDA,youtube,84,0
2023-06-12,just bought more Nvidia let's gooo,positive,0.4914039225289383,NVDA,youtube,109,4
2024-05-05,"sold all my GME, this thing is done",negative,-0.870942693777232,GME,youtube,18,2
2024-02-12,why did i buy AMC?? down so bad rn,negative,-0.4467649721345725,AMC,youtube,52,7
2023-02-13,who else got rekt by Microsoft? 😭,negative,-0.5644152114797077,MSFT,youtube,7,7
2023-01-02,diamond hands 💎🙌 holding SPY forever,positive,0.6024029757153126,SPY,youtube,57,5
2023-02-14,"sold all my AMC, this thing is done",negative,-0.43198830844011016,AMC,youtube,10,6
2024-04-26,whats the PT for AMC?,neutral,0.0781117001695264,AMC,youtube,17,2
2023-09-15,diamond hands 💎🙌 holding Nvidia forever,positive,0.45428691232873347,NVDA,youtube,37,0
2023-01-07,"never selling my AAPL shares, generational wealth",positive,0.44911724683221665,AAPL,youtube,43,16
2023-01-20,who else is buying the dip? NVDA gang,positive,0.558845600737978,NVDA,youtube,27,0
2024-11-12,biggest regret buying NVDA smh,negative,-0.4082418422393594,NVDA,youtube,176,0
2023-01-23,"idk about GME tbh, mixed signals",neutral,-0.018320779107276197,GME,youtube,23,2
2024-01-08,"sold all my AMC, this thing is done",negative,-0.44015419770694136,AMC,youtube,11,20
2023-06-24,just bought more GameStop let's gooo,positive,0.4570349123434493,GME,youtube,37,3
2023-02-12,"never selling my MSFT shares, generational wealth",positive,0.4590480329252873,MSFT,youtube,1,4
2024-10-23,🚀🚀🚀 SPY to the moon!!!,positive,0.451039679049012,SPY,youtube,6,0
2024-03-26,"best stock ever, MSFT is the future",positive,0.7673441339759088,MSFT,youtube,128,1
2024-02-20,"sold all my AMZN, this thing is done",negative,-0.4765048615284305,AMZN,youtube,25,1
2023-04-13,told yall Apple was gonna pump,positive,0.87808657725134,AAPL,youtube,8,3
2023-11-29,META making me rich fr fr,positive,0.7587474791310738,META,youtube,72,14
2024-11-01,waiting for AMC to dip more,neutral,-0.05886201126999696,AMC,youtube,159,8
2024-08-12,whats the PT for GameStop?,neutral,-0.03470232258885925,GME,youtube,45,0
2024-01-14,"best stock ever, GME is the future",positive,0.5464208148638701,GME,youtube,3,6
2023-06-18,why did i buy SPY?? down so bad rn,negative,-0.3305125753495529,SPY,youtube,17,0
2024-11-05,"Tesla going to zero, get out now",negative,-0.5662455665045967,TSLA,youtube,104,2
2023-03-06,who else is buying the dip? Microsoft gang,positive,0.8102531481869717,MSFT,youtube,81,24
2023-04-23,biggest regret buying GameStop smh,negative,-0.43440582798267785,GME,youtube,46,5
2024-02-19,my portfolio up 500% thanks to NVDA 😂,positive,0.8491213554777013,NVDA,youtube,107,4
2023-04-28,"sold all my GOOGL, this thing is done",negative,-0.5919636130163304,GOOGL,youtube,62,10
2023-08-20,🚀🚀🚀 GOOGL to the moon!!!,positive,0.4990725257501331,GOOGL,youtube,26,4
2023-03-17,who else is buying the dip? TSLA gang,positive,0.622674727534692,TSLA,youtube,87,2
2024-06-03,diamond hands 💎🙌 holding AMC forever,positive,0.3327298749199636,AMC,youtube,28,0
2024-07-19,"never selling my AMZN shares, generational wealth",positive,0.881339942641298,AMZN,youtube,1,8
2023-02-25,apes together strong 🦍 GameStop,positive,0.5690933597210872,GME,youtube,10,2
2023-01-08,"new to investing, is SPY good?",neutral,-0.053611463717797125,SPY,youtube,2,1
2024-04-18,"Tesla going to zero, get out now",negative,-0.7449331641672249,TSLA,youtube,40,6
2023-01-08,"never selling my Amazon shares, generational wealth",positive,0.5158106248877647,AMZN,youtube,80,2
2023-06-09,SPY looking interesting ngl,neutral,0.14126081902467774,SPY,youtube,2,3
2024-02-21,lmao Meta bagholders in shambles,negative,-0.8721695150473872,META,youtube,3,1
2023-11-29,"Apple scam, dont buy this garbage",negative,-0.706749594442694,AAPL,youtube,10,5
2023-10-19,lmao AMC bagholders in shambles,negative,-0.46754965370665996,AMC,youtube,8,11
2024-08-16,🚀🚀🚀 Microsoft to the moon!!!,positive,0.32891052063531906,MSFT,youtube,26,0
2024-06-20,apes together strong 🦍 SPY,positive,0.6388095467139241,SPY,youtube,84,2
2023-05-25,who else got rekt by GameStop? 😭,negative,-0.40232577638646255,GME,youtube,84,2
2023-09-19,"AMC scam, dont buy this garbage",negative,-0.7295412102994995,AMC,youtube,26,2
2024-08-26,just bought more AAPL let's gooo,positive,0.3025363251481451,AAPL,youtube,111,1
2024-02-07,lmao META bagholders in shambles,negative,-0.5752836939082727,META,youtube,7,0
2024-02-04,"this is gonna be huge, SPY will 10x easy",positive,0.5626671591406942,SPY,youtube,2,2
2024-03-31,who else is buying the dip? Tesla gang,positive,0.6428777800369867,TSLA,youtube,28,5
2023-12-17,"this is gonna be huge, Microsoft will 10x easy",positive,0.4967529429847348,MSFT,youtube,13,0
2024-11-05,"GOOGL is trash, worst investment ever",negative,-0.5305326001947905,GOOGL,youtube,40,5
2024-08-29,"this is gonna be huge, Apple will 10x easy",positive,0.8829836211680075,AAPL,youtube,51,6
2024-09-14,what do yall think about TSLA?,neutral,0.19328125370356636,TSLA,youtube,14,2
2023-12-10,"best stock ever, Meta is the future",positive,0.6062504532833461,META,youtube,18,11
2023-05-14,told yall MSFT was gonna pump,positive,0.6533787318084456,MSFT,youtube,55,0
2023-11-28,whats the PT for Tesla?,neutral,0.06353608149599321,TSLA,youtube,48,14
2023-12-25,"Amazon is trash, worst investment ever",negative,-0.8001114361770596,AMZN,youtube,38,3
2023-10-24,"best stock ever, AAPL is the future",positive,0.4695087894653284,AAPL,youtube,15,2
2024-08-24,"sold all my SPY, this thing is done",negative,-0.4162666676574419,SPY,youtube,1,3
2024-05-20,diamond hands 💎🙌 holding AMC forever,positive,0.6343095900623046,AMC,youtube,6,27
2024-05-26,rip to everyone who bought GME at the top,negative,-0.7841707995490417,GME,youtube,0,1
2024-05-02,waiting for MSFT to dip more,neutral,-0.007783813479775803,MSFT,youtube,8,1
2023-08-10,should i buy GOOGL or wait?,neutral,0.09646492761135844,GOOGL,youtube,163,0
2024-07-24,paper hands saved me from AMZN disaster,negative,-0.4061832822012576,AMZN,youtube,17,21
2023-03-30,what do yall think about Tesla?,neutral,-0.12195023654035105,TSLA,youtube,14,15
2023-12-19,MSFT looking interesting ngl,neutral,0.15634851366021685,MSFT,youtube,20,1
2024-05-13,just bought more Tesla let's gooo,positive,0.41669050592580836,TSLA,youtube,1,0
2024-10-06,"this is gonna be huge, SPY will 10x easy",positive,0.4090324160643135,SPY,youtube,48,13
2024-05-14,anyone still holding Microsoft?,neutral,0.17811366698214426,MSFT,youtube,5,4
2023-04-17,whats the PT for Microsoft?,neutral,-0.15133305196569596,MSFT,youtube,31,2
2023-01-26,🚀🚀🚀 Amazon to the moon!!!,positive,0.5636567877191843,AMZN,youtube,99,1
2024-11-19,"SPY is trash, worst investment ever",negative,-0.6672439509635916,SPY,youtube,9,4
2024-03-21,whats the PT for GameStop?,neutral,-0.06033130929463329,GME,youtube,117,0
2023-11-23,Nvidia looking interesting ngl,neutral,-0.1426064442911349,NVDA,youtube,7,1
2024-10-14,"GME is trash, worst investment ever",negative,-0.6665976363064147,GME,youtube,11,0
2023-09-24,who else is buying the dip? Nvidia gang,positive,0.8477716996020412,NVDA,youtube,100,5
2024-01-15,biggest regret buying GOOGL smh,negative,-0.641811209559745,GOOGL,youtube,24,7
2024-05-19,"best stock ever, SPY is the future",positive,0.38604342278580295,SPY,youtube,56,1
2023-04-10,should i buy GOOGL or wait?,neutral,0.09810396418970557,GOOGL,youtube,27,4
2024-01-18,waiting for Microsoft to dip more,neutral,-0.1680427608739511,MSFT,youtube,3,7
2023-12-21,"sold all my Meta, this thing is done",negative,-0.5102071229915934,META,youtube,15,14
2023-09-16,lol bears are so wrong about Microsoft,positive,0.8619742188194004,MSFT,youtube,53,1
2024-10-18,my portfolio up 500% thanks to SPY 😂,positive,0.8487604625295897,SPY,youtube,34,9
2024-03-27,"Google going to zero, get out now",negative,-0.520060939454707,GOOGL,youtube,9,0
2023-09-07,diamond hands 💎🙌 holding META forever,positive,0.5602526276010522,META,youtube,138,1
2023-08-20,whats the PT for MSFT?,neutral,-0.05113897294255684,MSFT,youtube,28,0
2024-07-28,"sold all my Google, this thing is done",negative,-0.35475380702673553,GOOGL,youtube,17,1
2023-06-15,just bought more NVDA let's gooo,positive,0.6686497216194288,NVDA,youtube,10,10
2024-11-05,"this is gonna be huge, Apple will 10x easy",positive,0.7767330020074353,AAPL,youtube,59,0
2023-11-08,what do yall think about Tesla?,neutral,-0.07782541055577306,TSLA,youtube,5,3
2023-10-03,lmao AMC bagholders in shambles,negative,-0.3981748208209859,AMC,youtube,21,0
2024-08-14,"this is gonna be huge, TSLA will 10x easy",positive,0.353462422788846,TSLA,youtube,87,12
2023-08-19,why did i buy MSFT?? down so bad rn,negative,-0.8236018172745156,MSFT,youtube,3,1
2023-02-04,just bought more SPY let's gooo,positive,0.6271372308098847,SPY,youtube,84,10
2023-09-01,"NVDA is trash, worst investment ever",negative,-0.5176252209370202,NVDA,youtube,5,12
2024-07-29,who else got rekt by Apple? 😭,negative,-0.6421739554827621,AAPL,youtube,2,6
2023-01-18,my portfolio up 500% thanks to TSLA 😂,positive,0.8931950022804871,TSLA,youtube,131,1
2023-08-05,who else got rekt by Google? 😭,negative,-0.3502141235734688,GOOGL,youtube,19,1
2024-02-21,told yall AMC was gonna pump,positive,0.5865102306149885,AMC,youtube,74,0
2023-06-29,"this is gonna be huge, AAPL will 10x easy",positive,0.4208922499501088,AAPL,youtube,29,1
2024-11-11,paper hands saved me from GameStop disaster,negative,-0.7786537321120843,GME,youtube,1,1
2024-01-04,lol bears are so wrong about GOOGL,positive,0.683260239238348,GOOGL,youtube,19,2
2023-06-09,who else is buying the dip? GOOGL gang,positive,0.6434695181722021,GOOGL,youtube,173,0
2023-12-05,lmao Google bagholders in shambles,negative,-0.42577455224377003,GOOGL,youtube,18,0
2023-01-25,just bought more SPY let's gooo,positive,0.841978054775596,SPY,youtube,0,10
2024-04-25,who else is buying the dip? Amazon gang,positive,0.8862337719645592,AMZN,youtube,18,16
2024-02-11,told yall Tesla was gonna pump,positive,0.3051270311457919,TSLA,youtube,74,0
2024-03-22,waiting for NVDA to dip more,neutral,0.1482108287283634,NVDA,youtube,39,2
2024-09-30,anyone still holding SPY?,neutral,0.004812686906984387,SPY,youtube,82,8
2024-02-28,"best stock ever, Apple is the future",positive,0.6684315913646763,AAPL,youtube,77,4
2023-03-02,"best stock ever, SPY is the future",positive,0.6543892983637118,SPY,youtube,34,0
2023-05-03,lol bears are so wrong about SPY,positive,0.45640231396549313,SPY,youtube,89,5
2023-10-02,what do yall think about Amazon?,neutral,-0.00816099642680182,AMZN,youtube,162,4
2023-12-13,"new to investing, is SPY good?",neutral,-0.1697030692318446,SPY,youtube,33,1
2024-09-29,"MSFT is trash, worst investment ever",negative,-0.7131140896387214,MSFT,youtube,16,10
2023-02-14,rip to everyone who bought META at the top,negative,-0.6396175178976201,META,youtube,15,4
2024-05-29,why did i buy SPY?? down so bad rn,negative,-0.5423271326700847,SPY,youtube,153,0
2024-05-09,waiting for SPY to dip more,neutral,-0.08085143636945898,SPY,youtube,36,10
2023-06-05,should i buy SPY or wait?,neutral,-0.1649523314107961,SPY,youtube,103,1
2024-08-19,"idk about NVDA tbh, mixed signals",neutral,0.15597893622075104,NVDA,youtube,99,3
2024-08-01,Apple looking interesting ngl,neutral,-0.038837363913214684,AAPL,youtube,38,10
2023-07-09,paper hands saved me from GME disaster,negative,-0.7513755186801355,GME,youtube,188,0
2023-07-20,told yall Apple was gonna pump,positive,0.6821704333672831,AAPL,youtube,101,0
2023-04-24,anyone still holding AMC?,neutral,-0.15677214198960945,AMC,youtube,175,5
2023-09-05,anyone still holding AMZN?,neutral,0.15045543231802816,AMZN,youtube,74,4
2024-07-25,META making me rich fr fr,positive,0.8589581243858682,META,youtube,68,7
2024-02-18,lmao GOOGL bagholders in shambles,negative,-0.810873792418146,GOOGL,youtube,47,9
2024-04-18,paper hands saved me from AMC disaster,negative,-0.36168380610865647,AMC,youtube,158,8
2023-11-06,who else got rekt by GOOGL? 😭,negative,-0.5931573270113313,GOOGL,youtube,78,11
2023-05-02,my portfolio up 500% thanks to MSFT 😂,positive,0.5962668193756986,MSFT,youtube,1,0
2023-12-23,Amazon looking interesting ngl,neutral,-0.05214044800514758,AMZN,youtube,62,15
2024-08-26,"GOOGL going to zero, get out now",negative,-0.4204023395102252,GOOGL,youtube,33,8
2024-02-28,why did i buy AMZN?? down so bad rn,negative,-0.30706207409852027,AMZN,youtube,106,7
2023-05-25,just bought more Apple let's gooo,positive,0.48179365621224923,AAPL,youtube,4,6
2023-04-14,who else is buying the dip? AAPL gang,positive,0.6556786237480516,AAPL,youtube,46,16
2023-10-21,"new to investing, is TSLA good?",neutral,-0.09763049532726127,TSLA,youtube,174,0
2023-06-11,"new to investing, is Google good?",neutral,-0.013373909806859874,GOOGL,youtube,11,3
2023-09-07,lmao GOOGL bagholders in shambles,negative,-0.8885821460433619,GOOGL,youtube,3,0
2023-10-03,"best stock ever, Apple is the future",positive,0.4087024138412076,AAPL,youtube,62,1
2024-04-08,Microsoft making me rich fr fr,positive,0.8879155206434528,MSFT,youtube,2,8
2023-08-16,"best stock ever, Apple is the future",positive,0.8255774215860734,AAPL,youtube,61,2
2023-11-20,"never selling my Tesla shares, generational wealth",positive,0.5497083086802734,TSLA,youtube,12,0
2024-08-14,waiting for AMZN to dip more,neutral,-0.05721887467708622,AMZN,youtube,40,2
2024-01-25,whats the PT for Google?,neutral,0.08808014636927725,GOOGL,youtube,0,1
2023-05-07,"new to investing, is AAPL good?",neutral,-0.15780959284592877,AAPL,youtube,2,10
2023-09-19,🚀🚀🚀 Nvidia to the moon!!!,positive,0.46472205990238746,NVDA,youtube,129,11
2023-05-28,what do yall think about MSFT?,neutral,-0.01897708919522248,MSFT,youtube,48,11
2024-08-05,waiting for GME to dip more,neutral,-0.07128433979831877,GME,youtube,10,1
2023-01-21,whats the PT for Apple?,neutral,0.05218583489469919,AAPL,youtube,57,12
2024-03-02,lol bears are so wrong about GameStop,positive,0.8049060817459031,GME,youtube,212,3
2023-02-17,my portfolio up 500% thanks to Nvidia 😂,positive,0.5002092690478201,NVDA,youtube,82,5
2023-01-10,"best stock ever, SPY is the future",positive,0.7209852319290662,SPY,youtube,46,5
2024-07-30,apes together strong 🦍 GOOGL,positive,0.8040378581642595,GOOGL,youtube,46,2
2023-05-11,should i buy GOOGL or wait?,neutral,0.05878128777455771,GOOGL,youtube,25,13
2023-11-14,"idk about Apple tbh, mixed signals",neutral,-0.11113176042904596,AAPL,youtube,66,5
2024-10-15,"new to investing, is AMC good?",neutral,0.11552925055954294,AMC,youtube,25,0
2024-06-21,🚀🚀🚀 Apple to the moon!!!,positive,0.7715861846702945,AAPL,youtube,74,1
2024-08-16,paper hands saved me from SPY disaster,negative,-0.7496765357344088,SPY,youtube,9,8
2023-03-20,apes together strong 🦍 Apple,positive,0.783481952397761,AAPL,youtube,21,1
2023-05-22,AAPL looking interesting ngl,neutral,-0.10149347010667503,AAPL,youtube,187,16
2023-11-18,why did i buy SPY?? down so bad rn,negative,-0.3194159281945158,SPY,youtube,5,0
2023-12-09,Google looking interesting ngl,neutral,-0.07926321425727081,GOOGL,youtube,11,0
2023-05-13,"best stock ever, Microsoft is the future",positive,0.7741383490554153,MSFT,youtube,31,9
2024-11-08,"this is gonna be huge, META will 10x easy",positive,0.7052063830063124,META,youtube,44,5
2023-10-12,"Amazon going to zero, get out now",negative,-0.747117978720854,AMZN,youtube,122,2
2023-11-11,"sold all my AAPL, this thing is done",negative,-0.533301439160708,AAPL,youtube,180,8
2023-04-01,"idk about TSLA tbh, mixed signals",neutral,-0.025266964148508375,TSLA,youtube,135,1
2024-11-11,just bought more NVDA let's gooo,positive,0.613211728481198,NVDA,youtube,21,12
2023-08-26,paper hands saved me from NVDA disaster,negative,-0.34308092885584396,NVDA,youtube,34,7
2023-05-25,whats the PT for Nvidia?,neutral,-0.05109546244920038,NVDA,youtube,6,4
2023-09-12,"idk about Microsoft tbh, mixed signals",neutral,-0.05172770910917221,MSFT,youtube,59,8
2023-01-29,"never selling my AMC shares, generational wealth",positive,0.6542274955771388,AMC,youtube,4,0
2024-06-21,diamond hands 💎🙌 holding TSLA forever,positive,0.833832848169286,TSLA,youtube,95,5
2023-10-13,"Meta scam, dont buy this garbage",negative,-0.34861900828615733,META,youtube,49,1
2024-07-05,waiting for GameStop to dip more,neutral,-0.05305401983798333,GME,youtube,106,5
2023-01-09,who else got rekt by SPY? 😭,negative,-0.32490084467770297,SPY,youtube,0,1
2023-05-08,biggest regret buying TSLA smh,negative,-0.8137317399757008,TSLA,youtube,97,0
2023-01-18,just bought more AMC let's gooo,positive,0.7428112947506595,AMC,youtube,52,7
2023-02-25,"sold all my SPY, this thing is done",negative,-0.7317064392873085,SPY,youtube,20,0
2024-08-04,🚀🚀🚀 Tesla to the moon!!!,positive,0.7019094882077475,TSLA,youtube,0,0
2024-07-22,"this is gonna be huge, Amazon will 10x easy",positive,0.4862151103043302,AMZN,youtube,132,5
2024-09-23,"GameStop scam, dont buy this garbage",negative,-0.4954421030393458,GME,youtube,61,4
2023-06-05,"MSFT is trash, worst investment ever",negative,-0.8607795424653951,MSFT,youtube,78,2
2023-02-14,what do yall think about GME?,neutral,-0.14593822370873355,GME,youtube,26,1
2023-06-15,"Tesla going to zero, get out now",negative,-0.663762857927858,TSLA,youtube,100,8
2024-07-21,rip to everyone who bought NVDA at the top,negative,-0.8379118292740874,NVDA,youtube,3,0
2024-08-24,my portfolio up 500% thanks to Google 😂,positive,0.773055013519726,GOOGL,youtube,79,5
2024-07-17,diamond hands 💎🙌 holding GameStop forever,positive,0.6371363457995913,GME,youtube,34,4
2023-01-02,🚀🚀🚀 AMC to the moon!!!,positive,0.38312053974348587,AMC,youtube,7,2
2024-01-03,"new to investing, is MSFT good?",neutral,-0.11475983464355993,MSFT,youtube,36,1
2023-10-15,"AMZN is trash, worst investment ever",negative,-0.7968596372176192,AMZN,youtube,6,0
2024-10-10,"new to investing, is GOOGL good?",neutral,0.03000179798675115,GOOGL,youtube,142,10
2023-10-11,should i buy AMZN or wait?,neutral,0.036697100516386666,AMZN,youtube,49,9
2023-11-23,diamond hands 💎🙌 holding AMC forever,positive,0.4439691992365161,AMC,youtube,33,10
2024-01-21,"this is gonna be huge, SPY will 10x easy",positive,0.48647071615125514,SPY,youtube,18,1
2024-06-13,told yall AMZN was gonna pump,positive,0.7394234571858318,AMZN,youtube,43,12
2024-01-13,waiting for Meta to dip more,neutral,-0.08114950729430542,META,youtube,61,2
2024-05-08,whats the PT for AMZN?,neutral,-0.04337096997900769,AMZN,youtube,113,0
2024-01-23,lmao Meta bagholders in shambles,negative,-0.6399534456550804,META,youtube,57,2
2023-07-28,"AMC is trash, worst investment ever",negative,-0.5989780694961993,AMC,youtube,44,0
2023-08-27,"this is gonna be huge, Apple will 10x easy",positive,0.5735565154100701,AAPL,youtube,25,4
2023-04-15,waiting for SPY to dip more,neutral,0.11714312555652029,SPY,youtube,2,0
2024-09-04,"new to investing, is Tesla good?",neutral,0.12124208784082291,TSLA,youtube,25,0
2023-08-30,who else is buying the dip? GameStop gang,positive,0.32929507991540174,GME,youtube,5,2
2023-03-09,"AMZN scam, dont buy this garbage",negative,-0.7281896014753633,AMZN,youtube,148,11
2024-10-01,"never selling my Tesla shares, generational wealth",positive,0.6807495377823408,TSLA,youtube,19,7
2024-03-03,"sold all my AMC, this thing is done",negative,-0.8422037794510192,AMC,youtube,5,10
2024-02-06,should i buy AMC or wait?,neutral,0.02625591058550883,AMC,youtube,119,1
2024-09-03,"best stock ever, SPY is the future",positive,0.6513843509646078,SPY,youtube,17,1
2023-06-02,anyone still holding Nvidia?,neutral,0.0037759912188510825,NVDA,youtube,16,0
2023-03-09,waiting for META to dip more,neutral,-0.12801341496810614,META,youtube,16,14
2024-03-21,"best stock ever, Amazon is the future",positive,0.5460541470782982,AMZN,youtube,47,3
2023-09-22,told yall Meta was gonna pump,positive,0.7287126260656407,META,youtube,11,1
2024-02-29,whats the PT for AMC?,neutral,0.08432315365794224,AMC,youtube,58,0
2024-01-03,anyone still holding GME?,neutral,-0.084587717079136,GME,youtube,40,5
2024-07-31,AMC looking interesting ngl,neutral,0.11073260346254565,AMC,youtube,32,1
2024-07-12,GOOGL making me rich fr fr,positive,0.7750246258047246,GOOGL,youtube,118,5
2023-03-14,my portfolio up 500% thanks to GameStop 😂,positive,0.5806904016990988,GME,youtube,167,27
2023-06-04,diamond hands 💎🙌 holding SPY forever,positive,0.6876570932603074,SPY,youtube,73,4
2024-02-03,rip to everyone who bought AAPL at the top,negative,-0.5836533306383315,AAPL,youtube,65,5
2024-07-17,"AAPL is trash, worst investment ever",negative,-0.8688453223548334,AAPL,youtube,25,1
2023-06-17,my portfolio up 500% thanks to Meta 😂,positive,0.6548594475300551,META,youtube,26,16
2023-10-23,AMC looking interesting ngl,neutral,-0.12839456964791357,AMC,youtube,66,1
2023-11-10,apes together strong 🦍 AMC,positive,0.8051890790123919,AMC,youtube,63,2
2023-12-01,"GameStop is trash, worst investment ever",negative,-0.6676617559506309,GME,youtube,107,1
2023-07-02,diamond hands 💎🙌 holding Meta forever,positive,0.7754365861747043,META,youtube,14,5
2024-06-25,lmao AMZN bagholders in shambles,negative,-0.6302769265358676,AMZN,youtube,4,14
2023-04-19,AMC looking interesting ngl,neutral,0.08972946716090219,AMC,youtube,22,4
2023-05-14,"this is gonna be huge, SPY will 10x easy",positive,0.837341168251641,SPY,youtube,73,13
2024-09-09,biggest regret buying MSFT smh,negative,-0.3848402280533293,MSFT,youtube,14,5
2023-06-27,paper hands saved me from GOOGL disaster,negative,-0.67676836516836,GOOGL,youtube,150,1
2023-02-17,GOOGL making me rich fr fr,positive,0.5490128343917006,GOOGL,youtube,143,11
2024-09-06,anyone still holding META?,neutral,-0.14043836327202822,META,youtube,29,4
2023-02-06,lmao TSLA bagholders in shambles,negative,-0.6289875485399281,TSLA,youtube,2,3
2024-02-24,just bought more SPY let's gooo,positive,0.6370358402727943,SPY,youtube,82,13
2023-03-27,rip to everyone who bought SPY at the top,negative,-0.8650660606261146,SPY,youtube,10,3
2024-01-27,GME looking interesting ngl,neutral,-0.04270332549518763,GME,youtube,12,2
2024-09-12,"sold all my Meta, this thing is done",negative,-0.6756899243024751,META,youtube,90,7
2023-04-28,"idk about AMC tbh, mixed signals",neutral,-0.07375511978000962,AMC,youtube,62,0
2024-03-03,"best stock ever, MSFT is the future",positive,0.607956332690978,MSFT,youtube,91,0
2023-09-07,should i buy NVDA or wait?,neutral,-0.18706885653260685,NVDA,youtube,66,11
2023-10-17,anyone still holding AMC?,neutral,-0.12060185462835027,AMC,youtube,211,4
2023-03-09,whats the PT for MSFT?,neutral,0.09679644004867799,MSFT,youtube,68,2
2023-09-26,"sold all my NVDA, this thing is done",negative,-0.8338493004774052,NVDA,youtube,14,0
2023-09-07,"this is gonna be huge, NVDA will 10x easy",positive,0.5473290518316924,NVDA,youtube,35,1
2024-07-08,should i buy Amazon or wait?,neutral,0.03632506964421359,AMZN,youtube,3,0
2023-01-12,AAPL looking interesting ngl,neutral,-0.1381041820254689,AAPL,youtube,87,1
2024-06-30,"new to investing, is Nvidia good?",neutral,0.181651528801619,NVDA,youtube,168,5
2023-02-22,"SPY is trash, worst investment ever",negative,-0.8881153277994771,SPY,youtube,38,1
2024-09-15,told yall GOOGL was gonna pump,positive,0.7876707550079646,GOOGL,youtube,15,4
2023-03-24,diamond hands 💎🙌 holding GOOGL forever,positive,0.5833916510448671,GOOGL,youtube,64,1
2023-02-01,anyone still holding AMC?,neutral,-0.15343790896349027,AMC,youtube,36,0
2023-09-04,apes together strong 🦍 GameStop,positive,0.33835874477560307,GME,youtube,58,4
2024-02-27,should i buy NVDA or wait?,neutral,-0.18396457960263507,NVDA,youtube,5,12
2023-09-30,Microsoft looking interesting ngl,neutral,-0.1483090080705036,MSFT,youtube,201,0
2023-07-02,"SPY going to zero, get out now",negative,-0.35210631016025673,SPY,youtube,49,14
2023-04-07,why did i buy Tesla?? down so bad rn,negative,-0.6025786134725449,TSLA,youtube,35,0
2024-06-24,who else got rekt by GameStop? 😭,negative,-0.7288071523810769,GME,youtube,129,2
2024-03-21,biggest regret buying Tesla smh,negative,-0.6930208712121273,TSLA,youtube,34,2
2024-11-12,whats the PT for GameStop?,neutral,0.11625463401383929,GME,youtube,41,2
2024-10-07,"AMC scam, dont buy this garbage",negative,-0.7901241591196193,AMC,youtube,21,0
2024-08-06,why did i buy SPY?? down so bad rn,negative,-0.8463293330242051,SPY,youtube,237,3
2024-07-10,whats the PT for NVDA?,neutral,-0.18951949845134802,NVDA,youtube,80,3
2023-12-13,"never selling my Tesla shares, generational wealth",positive,0.48725563243148173,TSLA,youtube,33,0
2024-11-09,"never selling my Tesla shares, generational wealth",positive,0.5439757864271236,TSLA,youtube,43,4
2023-07-27,"idk about Apple tbh, mixed signals",neutral,-0.1976398893636958,AAPL,youtube,0,0
2024-06-28,rip to everyone who bought AAPL at the top,negative,-0.44025042149088883,AAPL,youtube,35,0
2023-01-15,who else is buying the dip? META gang,positive,0.896926935040975,META,youtube,17,3
2024-10-08,what do yall think about Amazon?,neutral,0.02592379699861294,AMZN,youtube,19,0
2023-05-06,"this is gonna be huge, NVDA will 10x easy",positive,0.3426254738958973,NVDA,youtube,0,13
2023-06-09,should i buy GME or wait?,neutral,-0.009376950330635792,GME,youtube,22,6
2023-11-27,should i buy AMZN or wait?,neutral,0.05738596882832875,AMZN,youtube,115,8
2024-07-30,"new to investing, is Google good?",neutral,0.10766726035959934,GOOGL,youtube,46,0
2023-06-05,apes together strong 🦍 Amazon,positive,0.731057618600226,AMZN,youtube,62,9
2023-01-29,waiting for NVDA to dip more,neutral,-0.10528911099521054,NVDA,youtube,18,0
2023-01-16,META making me rich fr fr,positive,0.7051677882869132,META,youtube,26,0
2023-10-24,"Apple is trash, worst investment ever",negative,-0.6825531733348286,AAPL,youtube,18,25
2024-04-26,my portfolio up 500% thanks to AMC 😂,positive,0.4345862769259138,AMC,youtube,8,5
2023-11-14,why did i buy Microsoft?? down so bad rn,negative,-0.7553737281937974,MSFT,youtube,47,7
2024-11-12,what do yall think about AMC?,neutral,-0.05840177223720677,AMC,youtube,21,3
2023-12-09,"idk about Apple tbh, mixed signals",neutral,0.14172039238894568,AAPL,youtube,19,0
2023-01-22,who else got rekt by Amazon? 😭,negative,-0.707110258291952,AMZN,youtube,141,11
2023-07-13,lol bears are so wrong about GOOGL,positive,0.4643532661913121,GOOGL,youtube,30,6
2023-12-31,lmao Google bagholders in shambles,negative,-0.7383190258483252,GOOGL,youtube,15,0
2023-05-18,what do yall think about Apple?,neutral,0.19818989105899665,AAPL,youtube,28,2
2023-01-06,anyone still holding AMC?,neutral,0.012077291789739458,AMC,youtube,24,2
2023-07-07,🚀🚀🚀 Meta to the moon!!!,positive,0.42003025350847273,META,youtube,1,2
2023-01-26,"SPY is trash, worst investment ever",negative,-0.8722682850206634,SPY,youtube,50,8
2023-05-08,lol bears are so wrong about GME,positive,0.31797978184960324,GME,youtube,83,8
2023-08-30,rip to everyone who bought Microsoft at the top,negative,-0.8830395028820458,MSFT,youtube,2,9
2023-09-25,who else got rekt by META? 😭,negative,-0.730301643117842,META,youtube,14,1
2023-12-27,rip to everyone who bought MSFT at the top,negative,-0.3731939083109128,MSFT,youtube,225,16
2024-02-21,paper hands saved me from Apple disaster,negative,-0.6885743434099124,AAPL,youtube,112,0
2024-07-12,just bought more Meta let's gooo,positive,0.5299133767123727,META,youtube,14,14
2024-06-04,"META going to zero, get out now",negative,-0.3722102485179647,META,youtube,76,4
2024-05-30,waiting for Microsoft to dip more,neutral,-0.12175370223482532,MSFT,youtube,12,0
2024-04-15,lol bears are so wrong about GameStop,positive,0.534019663879268,GME,youtube,5,2
2023-12-14,told yall SPY was gonna pump,positive,0.7303962164488214,SPY,youtube,15,6
2024-09-20,Microsoft looking interesting ngl,neutral,0.07391335041037295,MSFT,youtube,3,3
2024-11-23,told yall SPY was gonna pump,positive,0.6892818452375924,SPY,youtube,68,18
2024-01-28,"new to investing, is GOOGL good?",neutral,-0.1737797622466295,GOOGL,youtube,2,0
2024-08-07,diamond hands 💎🙌 holding TSLA forever,positive,0.5137942714623627,TSLA,youtube,132,5
2024-03-29,"idk about Amazon tbh, mixed signals",neutral,0.1501339659196348,AMZN,youtube,10,2
2024-03-20,GME making me rich fr fr,positive,0.6667260019746988,GME,youtube,182,1
2024-10-08,who else is buying the dip? Tesla gang,positive,0.6384703620504979,TSLA,youtube,134,3
2023-12-21,GameStop looking interesting ngl,neutral,-0.09176514254558397,GME,youtube,47,7
2023-11-07,why did i buy AMC?? down so bad rn,negative,-0.30185659202935955,AMC,youtube,6,0
2024-06-21,"idk about GOOGL tbh, mixed signals",neutral,-0.038217157117216294,GOOGL,youtube,19,10
2024-08-24,lmao SPY bagholders in shambles,negative,-0.8970777929797268,SPY,youtube,5,1
2023-09-29,should i buy Tesla or wait?,neutral,0.11613082473540709,TSLA,youtube,59,6
2024-05-22,diamond hands 💎🙌 holding GOOGL forever,positive,0.38493425288740074,GOOGL,youtube,0,1
2024-09-26,"idk about Amazon tbh, mixed signals",neutral,0.05528470780999928,AMZN,youtube,25,4
2023-04-27,should i buy SPY or wait?,neutral,0.12472218046722067,SPY,youtube,246,6
2023-06-11,biggest regret buying GOOGL smh,negative,-0.7475681477288294,GOOGL,youtube,156,4
2024-10-30,should i buy GameStop or wait?,neutral,-0.029656054496091377,GME,youtube,15,2
2024-07-19,TSLA making me rich fr fr,positive,0.34179577233282205,TSLA,youtube,82,6
2023-09-20,paper hands saved me from NVDA disaster,negative,-0.5347382394113879,NVDA,youtube,23,0
2023-09-15,diamond hands 💎🙌 holding NVDA forever,positive,0.6044854650204443,NVDA,youtube,0,0
2024-07-08,apes together strong 🦍 META,positive,0.5825574266452351,META,youtube,108,3
2023-05-30,"idk about AMZN tbh, mixed signals",neutral,-0.037723238058176595,AMZN,youtube,90,10
2023-11-04,"this is gonna be huge, GME will 10x easy",positive,0.7832693746093939,GME,youtube,12,2
2023-11-27,whats the PT for SPY?,neutral,0.12350444377875308,SPY,youtube,2,16
2024-04-20,"sold all my Nvidia, this thing is done",negative,-0.6904546703113248,NVDA,youtube,55,2
2023-09-26,told yall AAPL was gonna pump,positive,0.3616541456142336,AAPL,youtube,16,3
2023-01-27,"AAPL scam, dont buy this garbage",negative,-0.6203971856585353,AAPL,youtube,16,1
2024-05-16,apes together strong 🦍 SPY,positive,0.8565082539972402,SPY,youtube,16,2
2023-11-22,what do yall think about Google?,neutral,-0.06184193021226664,GOOGL,youtube,48,3
2023-02-27,diamond hands 💎🙌 holding GOOGL forever,positive,0.48213247074543286,GOOGL,youtube,4,1
2024-07-21,"META going to zero, get out now",negative,-0.48326117838539423,META,youtube,86,6
2024-04-11,biggest regret buying MSFT smh,negative,-0.41357689833810046,MSFT,youtube,50,2
2024-06-15,whats the PT for Microsoft?,neutral,0.10406775523340267,MSFT,youtube,88,6
2024-01-05,diamond hands 💎🙌 holding SPY forever,positive,0.4725861724116055,SPY,youtube,130,1
2023-11-08,my portfolio up 500% thanks to Nvidia 😂,positive,0.8136327614286543,NVDA,youtube,83,11
2024-03-21,what do yall think about AAPL?,neutral,-0.07488164271748263,AAPL,youtube,29,1
2023-06-17,rip to everyone who bought Meta at the top,negative,-0.5378610906604595,META,youtube,4,3
2023-03-11,"idk about AMZN tbh, mixed signals",neutral,0.18010590291145384,AMZN,youtube,7,8
2023-05-10,"GameStop going to zero, get out now",negative,-0.49057155909742345,GME,youtube,22,7
2023-07-09,🚀🚀🚀 META to the moon!!!,positive,0.3497082503784801,META,youtube,29,10
2023-04-05,diamond hands 💎🙌 holding AMC forever,positive,0.7596482464690363,AMC,youtube,18,5
2023-07-11,who else got rekt by Apple? 😭,negative,-0.7322617796694048,AAPL,youtube,67,2
2023-09-28,"AAPL is trash, worst investment ever",negative,-0.45349743149437177,AAPL,youtube,12,5
2023-03-21,"SPY is trash, worst investment ever",negative,-0.8074975314169578,SPY,youtube,64,0
2024-07-10,lmao AAPL bagholders in shambles,negative,-0.594850902698145,AAPL,youtube,83,2
2023-04-21,biggest regret buying Meta smh,negative,-0.8593642028765155,META,youtube,75,0
2024-07-15,"idk about AMC tbh, mixed signals",neutral,-0.169877639319924,AMC,youtube,4,15
2023-05-06,"best stock ever, Nvidia is the future",positive,0.38279263909497624,NVDA,youtube,14,14
2023-03-31,"idk about AMC tbh, mixed signals",neutral,0.14431850455573775,AMC,youtube,32,1
2023-08-25,"Amazon going to zero, get out now",negative,-0.4423075132613339,AMZN,youtube,32,0
2023-09-24,waiting for Tesla to dip more,neutral,-0.14387646426997233,TSLA,youtube,14,3
2024-04-19,told yall TSLA was gonna pump,positive,0.39356586451275855,TSLA,youtube,53,3
2024-03-28,anyone still holding Microsoft?,neutral,0.19689618118639424,MSFT,youtube,48,0
2024-03-23,paper hands saved me from AMZN disaster,negative,-0.4409207589550555,AMZN,youtube,36,2
2024-05-03,just bought more TSLA let's gooo,positive,0.7035359947766802,TSLA,youtube,11,3
2024-08-15,"new to investing, is AMC good?",neutral,0.0787389471550744,AMC,youtube,71,6
2024-01-28,whats the PT for GME?,neutral,0.12861703818409137,GME,youtube,11,10
2023-07-23,whats the PT for GOOGL?,neutral,-0.07746366977884943,GOOGL,youtube,100,4
2024-06-20,rip to everyone who bought Tesla at the top,negative,-0.3034162184591018,TSLA,youtube,18,8
2024-11-24,AMC making me rich fr fr,positive,0.3686011492493854,AMC,youtube,17,0
2023-08-13,SPY looking interesting ngl,neutral,-0.17857443293341146,SPY,youtube,4,3
2023-01-18,why did i buy GME?? down so bad rn,negative,-0.41477757831128687,GME,youtube,17,0
2023-11-25,who else got rekt by AMZN? 😭,negative,-0.4239638040181118,AMZN,youtube,2,10
2024-09-22,"idk about MSFT tbh, mixed signals",neutral,-0.12283463736723102,MSFT,youtube,15,11
2024-03-30,biggest regret buying AMZN smh,negative,-0.7940313861660505,AMZN,youtube,38,1
2023-10-19,Amazon looking interesting ngl,neutral,0.06583472231111442,AMZN,youtube,35,10
2024-01-14,"AMC going to zero, get out now",negative,-0.8415682602634055,AMC,youtube,56,7
2023-01-30,🚀🚀🚀 Tesla to the moon!!!,positive,0.72969864761992,TSLA,youtube,14,2
2023-11-01,why did i buy GameStop?? down so bad rn,negative,-0.6316691624464849,GME,youtube,65,1
2024-10-28,"this is gonna be huge, AMC will 10x easy",positive,0.7414957772358606,AMC,youtube,172,5
2024-02-27,should i buy Google or wait?,neutral,0.0038471735251608408,GOOGL,youtube,234,6
2024-08-30,rip to everyone who bought Google at the top,negative,-0.3723091149023703,GOOGL,youtube,23,7
2024-02-14,who else is buying the dip? AAPL gang,positive,0.8289326914285506,AAPL,youtube,73,0
2023-04-08,what do yall think about Microsoft?,neutral,-0.11278906031611427,MSFT,youtube,1,9
2023-03-03,whats the PT for SPY?,neutral,-0.14522910847538603,SPY,youtube,215,10
2023-09-23,🚀🚀🚀 NVDA to the moon!!!,positive,0.4333856164136557,NVDA,youtube,136,0
2023-07-16,GOOGL looking interesting ngl,neutral,-0.13161496355298521,GOOGL,youtube,13,7
2024-07-13,"Meta scam, dont buy this garbage",negative,-0.5724529224263193,META,youtube,69,1
2024-01-21,waiting for TSLA to dip more,neutral,0.11118397899787674,TSLA,youtube,30,5
2023-11-13,just bought more AMC let's gooo,positive,0.7734290198267715,AMC,youtube,1,2
2024-09-28,lmao Apple bagholders in shambles,negative,-0.33890189560141415,AAPL,youtube,22,4
2024-11-01,"Google going to zero, get out now",negative,-0.5922592081974767,GOOGL,youtube,17,10
2024-09-27,lol bears are so wrong about GME,positive,0.42317641864186284,GME,youtube,10,1
2023-09-01,my portfolio up 500% thanks to AMC 😂,positive,0.7973537041540601,AMC,youtube,20,1
2023-06-01,anyone still holding Amazon?,neutral,0.11391234315956378,AMZN,youtube,34,6
2023-07-12,"Microsoft is trash, worst investment ever",negative,-0.7761775576224537,MSFT,youtube,8,10
2024-05-07,told yall Apple was gonna pump,positive,0.5051678560974623,AAPL,youtube,19,0
2023-12-17,waiting for SPY to dip more,neutral,0.12999529965092232,SPY,youtube,30,3
2024-10-24,my portfolio up 500% thanks to AMC 😂,positive,0.7401910152616578,AMC,youtube,26,1
2023-09-17,just bought more AMZN let's gooo,positive,0.3798415690980182,AMZN,youtube,32,13
2023-08-27,anyone still holding Apple?,neutral,-0.022862231241486786,AAPL,youtube,53,0
2024-06-16,"GME is trash, worst investment ever",negative,-0.8652361888828705,GME,youtube,42,2
2023-06-22,paper hands saved me from Microsoft disaster,negative,-0.42957013204866334,MSFT,youtube,233,9
2023-11-26,whats the PT for AMC?,neutral,0.13249978495403586,AMC,youtube,30,2
2024-01-19,"sold all my GOOGL, this thing is done",negative,-0.5627229197795277,GOOGL,youtube,243,1
2024-09-13,told yall Microsoft was gonna pump,positive,0.4119069827149737,MSFT,youtube,151,8
2023-12-19,who else is buying the dip? Tesla gang,positive,0.8724137768700317,TSLA,youtube,79,2
2024-01-29,"AMC going to zero, get out now",negative,-0.5310496822180095,AMC,youtube,8,0
2023-03-20,Microsoft looking interesting ngl,neutral,0.14691277498211658,MSFT,youtube,81,19
2023-02-09,"this is gonna be huge, GME will 10x easy",positive,0.8749971217305645,GME,youtube,21,0
2023-09-20,lmao AAPL bagholders in shambles,negative,-0.42568455946551126,AAPL,youtube,18,0
2023-05-03,"this is gonna be huge, Amazon will 10x easy",positive,0.5877932847035424,AMZN,youtube,19,10
2023-12-14,AMC making me rich fr fr,positive,0.8499633798827941,AMC,youtube,13,1
2023-02-13,why did i buy Tesla?? down so bad rn,negative,-0.3359999828222653,TSLA,youtube,75,8
2023-09-20,just bought more MSFT let's gooo,positive,0.6437182358670479,MSFT,youtube,8,2
2024-08-13,lol bears are so wrong about GOOGL,positive,0.710910005178276,GOOGL,youtube,6,7
2023-07-14,lmao AMZN bagholders in shambles,negative,-0.7936168525073355,AMZN,youtube,22,2
2023-03-22,"idk about AMC tbh, mixed signals",neutral,-0.04030106468440797,AMC,youtube,34,25
2024-11-12,whats the PT for AMC?,neutral,0.13108051956156547,AMC,youtube,5,10
2024-02-21,should i buy Apple or wait?,neutral,0.14863064172369211,AAPL,youtube,30,5
2023-04-02,whats the PT for GameStop?,neutral,0.08255706558915327,GME,youtube,19,1
2023-04-02,"idk about AMZN tbh, mixed signals",neutral,-0.04359401442292349,AMZN,youtube,17,10
2024-11-01,paper hands saved me from Amazon disaster,negative,-0.4445313001476772,AMZN,youtube,41,1
2024-05-16,apes together strong 🦍 AMC,positive,0.6987649502195747,AMC,youtube,133,0
2023-10-28,"never selling my Google shares, generational wealth",positive,0.5402612896056508,GOOGL,youtube,11,1
2024-07-10,"sold all my Meta, this thing is done",negative,-0.5599521915319001,META,youtube,1,2
2023-08-06,"never selling my Apple shares, generational wealth",positive,0.8671336614072773,AAPL,youtube,22,6
2024-10-20,who else got rekt by Nvidia? 😭,negative,-0.797580116729322,NVDA,youtube,40,1
2023-09-04,AMC looking interesting ngl,neutral,0.18093134702237768,AMC,youtube,11,1
2024-09-03,whats the PT for GOOGL?,neutral,-0.11217433210535802,GOOGL,youtube,30,2
2024-07-19,rip to everyone who bought Tesla at the top,negative,-0.5094888268270105,TSLA,youtube,28,1
2023-10-08,🚀🚀🚀 AMC to the moon!!!,positive,0.6768317745699945,AMC,youtube,90,6
2023-05-25,"Amazon going to zero, get out now",negative,-0.6391296151394024,AMZN,youtube,1,11
2023-12-19,why did i buy Tesla?? down so bad rn,negative,-0.7791109700233492,TSLA,youtube,20,2
2023-11-06,rip to everyone who bought SPY at the top,negative,-0.5058377022393676,SPY,youtube,16,2
2024-10-27,biggest regret buying Amazon smh,negative,-0.41845337690100126,AMZN,youtube,19,29
2023-04-12,GameStop making me rich fr fr,positive,0.3122864292841406,GME,youtube,48,5
2023-04-06,lmao META bagholders in shambles,negative,-0.38262073289040965,META,youtube,41,2
2023-07-20,"sold all my Microsoft, this thing is done",negative,-0.7781758769787697,MSFT,youtube,2,4
2023-02-03,just bought more Apple let's gooo,positive,0.5789974097261261,AAPL,youtube,96,3
2023-11-16,diamond hands 💎🙌 holding MSFT forever,positive,0.44810713658273815,MSFT,youtube,3,2
2023-07-31,diamond hands 💎🙌 holding SPY forever,positive,0.884358736042572,SPY,youtube,4,5
2023-11-28,biggest regret buying SPY smh,negative,-0.612732658167572,SPY,youtube,37,0
2024-03-01,"AMC is trash, worst investment ever",negative,-0.6315153550422135,AMC,youtube,36,1
2024-06-02,what do yall think about GME?,neutral,-0.06469708960153361,GME,youtube,7,2
2023-01-12,diamond hands 💎🙌 holding Nvidia forever,positive,0.5885793046098022,NVDA,youtube,2,9
2024-06-30,"sold all my Microsoft, this thing is done",negative,-0.5401608513327427,MSFT,youtube,23,4
2024-10-29,my portfolio up 500% thanks to Google 😂,positive,0.8501338537463397,GOOGL,youtube,9,15
2023-12-22,🚀🚀🚀 AMZN to the moon!!!,positive,0.6377909975953038,AMZN,youtube,148,0
2023-10-28,apes together strong 🦍 MSFT,positive,0.8133506372514094,MSFT,youtube,5,2
2024-04-18,my portfolio up 500% thanks to SPY 😂,positive,0.36426706753705373,SPY,youtube,8,8
2024-04-13,"SPY is trash, worst investment ever",negative,-0.8973851960200778,SPY,youtube,126,1
2023-05-27,"this is gonna be huge, Nvidia will 10x easy",positive,0.8882404372125472,NVDA,youtube,9,0
2023-07-12,should i buy Nvidia or wait?,neutral,-0.13322355847427997,NVDA,youtube,1,18
2024-01-05,"idk about Amazon tbh, mixed signals",neutral,0.17170742726403876,AMZN,youtube,38,1
2023-03-20,"NVDA going to zero, get out now",negative,-0.8389529744625734,NVDA,youtube,136,8
2024-03-05,rip to everyone who bought GameStop at the top,negative,-0.6141967051343545,GME,youtube,66,3
2023-02-28,diamond hands 💎🙌 holding AMZN forever,positive,0.4597483366139249,AMZN,youtube,22,17
2023-09-04,"never selling my NVDA shares, generational wealth",positive,0.6701669757183268,NVDA,youtube,23,3
2023-03-14,anyone still holding AMC?,neutral,0.04610817536952344,AMC,youtube,77,2
2024-06-06,"never selling my META shares, generational wealth",positive,0.5287623949603543,META,youtube,4,8
2024-11-13,"Apple scam, dont buy this garbage",negative,-0.738066028134392,AAPL,youtube,62,4
2023-10-30,waiting for AMC to dip more,neutral,0.06649748622252799,AMC,youtube,2,5
2023-06-12,biggest regret buying Amazon smh,negative,-0.40422448864708554,AMZN,youtube,0,1
2023-05-09,diamond hands 💎🙌 holding GameStop forever,positive,0.634007111775069,GME,youtube,12,0
2023-06-26,Apple making me rich fr fr,positive,0.5358797840170754,AAPL,youtube,28,9
2024-04-28,waiting for Apple to dip more,neutral,0.1804654184142318,AAPL,youtube,102,9
2024-02-24,my portfolio up 500% thanks to Nvidia 😂,positive,0.7944683021410743,NVDA,youtube,16,8
2024-04-17,"sold all my Microsoft, this thing is done",negative,-0.5060481462679669,MSFT,youtube,16,1
2023-05-21,🚀🚀🚀 Microsoft to the moon!!!,positive,0.6416664702244064,MSFT,youtube,45,9
2024-06-07,🚀🚀🚀 TSLA to the moon!!!,positive,0.4836519975973382,TSLA,youtube,100,19
2024-11-21,lmao Tesla bagholders in shambles,negative,-0.5227232904518362,TSLA,youtube,20,0
2023-07-08,biggest regret buying AMZN smh,negative,-0.5920919590329942,AMZN,youtube,126,2
2023-10-10,who else is buying the dip? AMC gang,positive,0.8782100335397096,AMC,youtube,48,9
2024-09-07,biggest regret buying Meta smh,negative,-0.39536528310570096,META,youtube,114,5
2023-07-30,"idk about SPY tbh, mixed signals",neutral,0.1273898996192036,SPY,youtube,107,3
2024-10-06,waiting for Amazon to dip more,neutral,0.15931580430430825,AMZN,youtube,39,0
2024-07-02,should i buy AMC or wait?,neutral,0.18279316021131614,AMC,youtube,8,3
2023-04-17,told yall GameStop was gonna pump,positive,0.3919568629886584,GME,youtube,22,0
2024-08-12,why did i buy META?? down so bad rn,negative,-0.36664844987193335,META,youtube,111,15
2023-05-25,why did i buy AMZN?? down so bad rn,negative,-0.48300102008934553,AMZN,youtube,28,19
2024-01-09,diamond hands 💎🙌 holding MSFT forever,positive,0.4290580420041574,MSFT,youtube,62,0
2023-08-16,Apple looking interesting ngl,neutral,-0.003377784243334958,AAPL,youtube,87,10
2023-05-02,"sold all my Nvidia, this thing is done",negative,-0.4107729833146362,NVDA,youtube,28,7
2024-01-16,just bought more GOOGL let's gooo,positive,0.6707797264761808,GOOGL,youtube,167,5
2024-10-23,why did i buy AMC?? down so bad rn,negative,-0.5356347676922315,AMC,youtube,184,1
2024-10-12,"sold all my NVDA, this thing is done",negative,-0.8261314492720032,NVDA,youtube,15,5
2023-10-04,what do yall think about Nvidia?,neutral,-0.09211037589549056,NVDA,youtube,78,10
2024-02-14,"sold all my Meta, this thing is done",negative,-0.5659761786232815,META,youtube,130,0
2024-04-23,"this is gonna be huge, SPY will 10x easy",positive,0.6145286748429744,SPY,youtube,11,3
2023-07-21,told yall Nvidia was gonna pump,positive,0.7903368198619125,NVDA,youtube,20,1
2024-08-03,should i buy GameStop or wait?,neutral,-0.05497248017436626,GME,youtube,62,5
2024-08-26,diamond hands 💎🙌 holding AAPL forever,positive,0.8095094359367276,AAPL,youtube,22,6
2023-12-22,diamond hands 💎🙌 holding SPY forever,positive,0.46044115961064563,SPY,youtube,6,0
2024-10-06,why did i buy Meta?? down so bad rn,negative,-0.6762850520655491,META,youtube,22,3
2023-09-25,"Nvidia scam, dont buy this garbage",negative,-0.6549866343956433,NVDA,youtube,40,10
2023-12-15,rip to everyone who bought MSFT at the top,negative,-0.5567925372179845,MSFT,youtube,52,8
2024-04-21,who else is buying the dip? SPY gang,positive,0.4952181180737433,SPY,youtube,14,0
2023-11-16,who else got rekt by AMC? 😭,negative,-0.7363214465854775,AMC,youtube,6,5
2023-12-30,whats the PT for AAPL?,neutral,-0.11463386511275796,AAPL,youtube,15,1
2024-06-19,"never selling my Meta shares, generational wealth",positive,0.5216572012009982,META,youtube,9,2
2024-07-04,GME looking interesting ngl,neutral,-0.09503497805215573,GME,youtube,71,3
2024-03-19,"this is gonna be huge, AAPL will 10x easy",positive,0.8149339972753713,AAPL,youtube,83,0
2023-11-16,should i buy Apple or wait?,neutral,1.511030951525938e-05,AAPL,youtube,25,3
2023-10-16,paper hands saved me from SPY disaster,negative,-0.6939353152316596,SPY,youtube,69,3
2023-05-18,🚀🚀🚀 AMC to the moon!!!,positive,0.845451070753972,AMC,youtube,21,2
2024-07-03,lol bears are so wrong about AMZN,positive,0.3127097383522928,AMZN,youtube,7,2
2023-07-31,"idk about SPY tbh, mixed signals",neutral,0.058877677253888816,SPY,youtube,40,2
2024-06-10,should i buy AAPL or wait?,neutral,-0.04096209635733419,AAPL,youtube,13,0
2023-07-03,waiting for AMC to dip more,neutral,0.13670543530353607,AMC,youtube,6,2
2023-11-05,anyone still holding SPY?,neutral,0.026387067949463022,SPY,youtube,112,5
2023-08-13,lol bears are so wrong about AAPL,positive,0.4901119453585995,AAPL,youtube,35,1
2024-03-18,what do yall think about MSFT?,neutral,-0.14478793944726612,MSFT,youtube,11,10
2023-10-26,my portfolio up 500% thanks to GME 😂,positive,0.6306966718117949,GME,youtube,23,1
2024-11-10,"this is gonna be huge, GameStop will 10x easy",positive,0.7924570989265037,GME,youtube,85,3
2024-07-17,should i buy AMZN or wait?,neutral,0.09435281929362649,AMZN,youtube,110,4
2024-02-22,GOOGL looking interesting ngl,neutral,0.10592661167233886,GOOGL,youtube,113,0
2023-09-07,just bought more MSFT let's gooo,positive,0.4176387793237695,MSFT,youtube,20,18
2023-06-26,"idk about GME tbh, mixed signals",neutral,-0.19628505830134457,GME,youtube,94,2
2024-02-22,"never selling my AMZN shares, generational wealth",positive,0.5595367113463514,AMZN,youtube,8,1
2023-08-18,lmao GOOGL bagholders in shambles,negative,-0.4740427431194461,GOOGL,youtube,1,9
2024-06-19,just bought more SPY let's gooo,positive,0.7900414923420844,SPY,youtube,73,0
2023-10-10,told yall Nvidia was gonna pump,positive,0.6724909787052697,NVDA,youtube,146,0
2023-08-28,"AMC scam, dont buy this garbage",negative,-0.5630313352601177,AMC,youtube,147,1
2023-12-03,just bought more AMZN let's gooo,positive,0.34754510388831594,AMZN,youtube,2,0
2023-01-03,lol bears are so wrong about AMC,positive,0.6300356821973612,AMC,youtube,6,8
2024-05-01,biggest regret buying MSFT smh,negative,-0.6149617356479389,MSFT,youtube,150,3
2023-11-17,SPY looking interesting ngl,neutral,-0.13409734298262915,SPY,youtube,39,9
2023-01-24,what do yall think about Amazon?,neutral,-0.04456733876534463,AMZN,youtube,17,3
2023-06-26,diamond hands 💎🙌 holding AMC forever,positive,0.8126538997404407,AMC,youtube,8,1
2023-04-27,"best stock ever, Nvidia is the future",positive,0.884299316658774,NVDA,youtube,9,10
2023-01-12,"new to investing, is AAPL good?",neutral,0.1189528268970903,AAPL,youtube,87,0
2024-05-27,just bought more GameStop let's gooo,positive,0.6200540670079785,GME,youtube,49,2
2024-02-25,"new to investing, is META good?",neutral,0.10912496028473817,META,youtube,61,4
2023-09-24,lmao SPY bagholders in shambles,negative,-0.42418645825508805,SPY,youtube,8,8
2023-05-07,GOOGL making me rich fr fr,positive,0.5116175669824012,GOOGL,youtube,27,0
2023-01-08,lmao Microsoft bagholders in shambles,negative,-0.6224190252667479,MSFT,youtube,19,2
2023-02-21,who else is buying the dip? AMZN gang,positive,0.45603571334565185,AMZN,youtube,95,0
2024-11-01,should i buy SPY or wait?,neutral,0.09218679972870991,SPY,youtube,142,30
2023-12-24,apes together strong 🦍 AAPL,positive,0.8016541568203288,AAPL,youtube,47,3
2023-05-23,"sold all my Google, this thing is done",negative,-0.6907749993841177,GOOGL,youtube,32,5
2023-02-13,diamond hands 💎🙌 holding GME forever,positive,0.44028759234596093,GME,youtube,40,0
2023-10-17,what do yall think about Nvidia?,neutral,0.09976261314246959,NVDA,youtube,40,10
2023-12-04,"new to investing, is GOOGL good?",neutral,-0.014590416605927775,GOOGL,youtube,9,12
2023-12-25,"new to investing, is AAPL good?",neutral,0.16833880090476766,AAPL,youtube,5,10
2023-01-08,what do yall think about Meta?,neutral,-0.00556274702078835,META,youtube,61,0
2023-05-20,"new to investing, is GME good?",neutral,-0.09336688527765986,GME,youtube,48,1
2023-12-30,rip to everyone who bought NVDA at the top,negative,-0.6425328642018435,NVDA,youtube,22,9
2023-08-15,my portfolio up 500% thanks to NVDA 😂,positive,0.7394022829975109,NVDA,youtube,84,3
2024-01-27,"never selling my Apple shares, generational wealth",positive,0.8758380227495555,AAPL,youtube,53,2
2023-02-20,told yall SPY was gonna pump,positive,0.34926854058656165,SPY,youtube,109,20
2023-11-04,rip to everyone who bought Meta at the top,negative,-0.8462191853930366,META,youtube,14,0
2023-09-09,SPY making me rich fr fr,positive,0.3375255455238475,SPY,youtube,228,7
2023-06-06,Tesla looking interesting ngl,neutral,-0.011597080728553838,TSLA,youtube,5,1
2023-04-08,"new to investing, is AMZN good?",neutral,-0.127886662008912,AMZN,youtube,18,17
2024-01-04,"never selling my AMC shares, generational wealth",positive,0.5997146389787285,AMC,youtube,5,3
2023-09-28,just bought more Nvidia let's gooo,positive,0.7499214367611384,NVDA,youtube,30,6
2024-07-09,should i buy AMC or wait?,neutral,0.15952008829447717,AMC,youtube,22,18
2023-03-18,diamond hands 💎🙌 holding GameStop forever,positive,0.6967185249421564,GME,youtube,60,0
2023-11-18,apes together strong 🦍 NVDA,positive,0.6314071626759346,NVDA,youtube,80,1
2024-02-01,whats the PT for AMZN?,neutral,-0.1616124441520379,AMZN,youtube,221,4
2024-05-27,just bought more Nvidia let's gooo,positive,0.538524288168571,NVDA,youtube,113,2
2023-01-24,who else is buying the dip? GOOGL gang,positive,0.7610392211575581,GOOGL,youtube,98,2
2023-01-10,told yall GameStop was gonna pump,positive,0.8019744926937942,GME,youtube,10,6
2024-07-14,biggest regret buying META smh,negative,-0.66130038872991,META,youtube,31,2
2023-10-01,"new to investing, is META good?",neutral,-0.036247080769597595,META,youtube,85,8
2023-08-29,my portfolio up 500% thanks to GameStop 😂,positive,0.5656521411423825,GME,youtube,3,3
2024-04-30,🚀🚀🚀 Microsoft to the moon!!!,positive,0.4742096709663377,MSFT,youtube,25,23
2023-04-26,Apple making me rich fr fr,positive,0.5530526473962012,AAPL,youtube,11,1
2023-08-29,paper hands saved me from AMZN disaster,negative,-0.8535275133581781,AMZN,youtube,131,1
2024-05-25,waiting for MSFT to dip more,neutral,0.10119289289126815,MSFT,youtube,39,0
2023-02-04,anyone still holding GameStop?,neutral,0.03834528584887584,GME,youtube,39,1
2023-08-14,why did i buy AAPL?? down so bad rn,negative,-0.8177645896443922,AAPL,youtube,95,4
2024-04-12,"this is gonna be huge, NVDA will 10x easy",positive,0.8704407830642005,NVDA,youtube,42,8
2023-12-14,"new to investing, is META good?",neutral,0.1956344127393202,META,youtube,5,1
2023-11-10,"Apple scam, dont buy this garbage",negative,-0.8629725408814639,AAPL,youtube,52,6
2023-03-27,"this is gonna be huge, AMZN will 10x easy",positive,0.7425286387319475,AMZN,youtube,22,2
2023-01-14,"idk about AMC tbh, mixed signals",neutral,0.07225645576225526,AMC,youtube,58,3
2024-01-25,who else got rekt by Amazon? 😭,negative,-0.8571723498087709,AMZN,youtube,25,9
2024-04-29,"best stock ever, Meta is the future",positive,0.7819728348574219,META,youtube,37,0
2024-09-11,GOOGL looking interesting ngl,neutral,0.10706801241039549,GOOGL,youtube,68,4
2024-09-23,just bought more Amazon let's gooo,positive,0.563220066796807,AMZN,youtube,78,5
2024-06-08,"sold all my GME, this thing is done",negative,-0.7544156208886219,GME,youtube,105,0
2023-03-15,"AMC is trash, worst investment ever",negative,-0.6084794278305117,AMC,youtube,5,0
2023-10-13,told yall GameStop was gonna pump,positive,0.5242653971794695,GME,youtube,159,0
2023-08-26,diamond hands 💎🙌 holding GME forever,positive,0.3896326216355473,GME,youtube,117,0
2023-02-12,waiting for GME to dip more,neutral,0.05405717811827243,GME,youtube,28,6
2024-06-27,"this is gonna be huge, Meta will 10x easy",positive,0.4141532931575523,META,youtube,99,8
2023-11-08,why did i buy AAPL?? down so bad rn,negative,-0.32913659712699506,AAPL,youtube,1,2
2024-09-23,apes together strong 🦍 SPY,positive,0.5053802550952096,SPY,youtube,72,0
2024-10-30,"idk about MSFT tbh, mixed signals",neutral,-0.026410115967540365,MSFT,youtube,6,7
2023-01-29,🚀🚀🚀 GOOGL to the moon!!!,positive,0.7246202623652436,GOOGL,youtube,30,0
2023-06-26,lol bears are so wrong about Meta,positive,0.6733912232516694,META,youtube,1,1
2024-07-12,should i buy AAPL or wait?,neutral,-0.010377235493404774,AAPL,youtube,34,33
2023-02-22,should i buy GME or wait?,neutral,-0.05269363612111003,GME,youtube,112,0
2023-07-24,"new to investing, is MSFT good?",neutral,-0.18808410495960814,MSFT,youtube,114,3
2024-01-24,apes together strong 🦍 GameStop,positive,0.4553630962279206,GME,youtube,7,1
2024-09-24,"new to investing, is AMZN good?",neutral,0.06482976790249012,AMZN,youtube,27,1
2023-12-09,biggest regret buying Nvidia smh,negative,-0.7922153457580197,NVDA,youtube,30,7
2023-01-03,who else is buying the dip? SPY gang,positive,0.486578885924083,SPY,youtube,181,4
2023-09-14,paper hands saved me from MSFT disaster,negative,-0.8235647124153728,MSFT,youtube,64,0
2024-03-25,SPY looking interesting ngl,neutral,-0.15963204657265942,SPY,youtube,38,1
2024-01-13,whats the PT for GameStop?,neutral,-0.12301328065753592,GME,youtube,196,2
2023-06-23,"idk about SPY tbh, mixed signals",neutral,0.15463099711178646,SPY,youtube,52,0
2023-02-12,what do yall think about AAPL?,neutral,0.04986762615952514,AAPL,youtube,87,22
2023-02-25,lol bears are so wrong about AAPL,positive,0.6402265234656954,AAPL,youtube,7,7
2023-07-06,"best stock ever, GOOGL is the future",positive,0.5749981051160364,GOOGL,youtube,179,4
2023-09-19,waiting for AMC to dip more,neutral,0.052871293842045364,AMC,youtube,109,0
2023-11-29,🚀🚀🚀 AMC to the moon!!!,positive,0.6749497331695553,AMC,youtube,28,10
2023-05-30,paper hands saved me from MSFT disaster,negative,-0.5221416250330286,MSFT,youtube,34,7
2023-07-21,diamond hands 💎🙌 holding AMC forever,positive,0.49197414693620345,AMC,youtube,74,3
2024-03-23,what do yall think about Microsoft?,neutral,0.032565298444263036,MSFT,youtube,32,3
2023-08-31,should i buy Amazon or wait?,neutral,-0.17410547359968578,AMZN,youtube,2,8
2024-05-20,paper hands saved me from Nvidia disaster,negative,-0.804200563426588,NVDA,youtube,37,4
2024-06-18,"new to investing, is SPY good?",neutral,-0.1411988361272979,SPY,youtube,23,26
2024-02-07,lmao SPY bagholders in shambles,negative,-0.8325634489823702,SPY,youtube,80,2
2023-08-24,lol bears are so wrong about Tesla,positive,0.5982434381181361,TSLA,youtube,2,6
2024-11-15,anyone still holding Google?,neutral,-0.1712465180566899,GOOGL,youtube,150,8
2023-05-06,anyone still holding SPY?,neutral,-0.06526528305326798,SPY,youtube,34,4
2023-02-02,just bought more Apple let's gooo,positive,0.5101195584718163,AAPL,youtube,21,1
2023-09-21,who else got rekt by Meta? 😭,negative,-0.5628634576142598,META,youtube,7,1
2023-04-14,lol bears are so wrong about MSFT,positive,0.8676313632373251,MSFT,youtube,81,9
2024-08-12,"AMZN is trash, worst investment ever",negative,-0.8569220042595854,AMZN,youtube,37,6
2024-05-20,"sold all my Nvidia, this thing is done",negative,-0.714991524629626,NVDA,youtube,49,18
2024-08-16,why did i buy AAPL?? down so bad rn,negative,-0.6442438421692305,AAPL,youtube,110,4
2023-02-10,rip to everyone who bought Meta at the top,negative,-0.751860365687209,META,youtube,58,1
2023-03-06,"best stock ever, GameStop is the future",positive,0.7526274679832623,GME,youtube,20,1
2024-06-05,AMZN making me rich fr fr,positive,0.4415609615298758,AMZN,youtube,1,11
2023-11-06,"NVDA is trash, worst investment ever",negative,-0.6899381840436603,NVDA,youtube,83,1
2024-10-29,lol bears are so wrong about TSLA,positive,0.4003820479132705,TSLA,youtube,107,1
2023-01-12,why did i buy GME?? down so bad rn,negative,-0.5979797673662874,GME,youtube,35,1
2023-10-31,my portfolio up 500% thanks to Nvidia 😂,positive,0.7594562662851504,NVDA,youtube,12,0
2024-10-23,just bought more SPY let's gooo,positive,0.4365988686082242,SPY,youtube,8,4
2023-12-30,"never selling my SPY shares, generational wealth",positive,0.7066540462613362,SPY,youtube,128,0
2023-11-22,AMC looking interesting ngl,neutral,-0.006230179737066882,AMC,youtube,39,8
2023-05-19,"AMC scam, dont buy this garbage",negative,-0.37458380808719705,AMC,youtube,221,23
2023-07-01,lol bears are so wrong about SPY,positive,0.4667198073430836,SPY,youtube,62,3
2023-05-21,"idk about NVDA tbh, mixed signals",neutral,-0.028045432634332318,NVDA,youtube,74,3
2024-09-26,rip to everyone who bought Amazon at the top,negative,-0.44055625203377274,AMZN,youtube,156,1
2023-01-28,lmao SPY bagholders in shambles,negative,-0.7037366237849533,SPY,youtube,3,1
2023-11-03,paper hands saved me from SPY disaster,negative,-0.4815737676098468,SPY,youtube,105,12
2024-11-18,"idk about AMC tbh, mixed signals",neutral,0.06708965137448286,AMC,youtube,59,1
2023-03-04,told yall AAPL was gonna pump,positive,0.6378839342707503,AAPL,youtube,8,2
2024-09-20,Google looking interesting ngl,neutral,-0.045203765609331065,GOOGL,youtube,15,0
2023-05-24,waiting for SPY to dip more,neutral,0.17094082781575437,SPY,youtube,4,5
2024-03-21,who else is buying the dip? MSFT gang,positive,0.7642610901307008,MSFT,youtube,7,0
2023-03-09,"GME is trash, worst investment ever",negative,-0.43112858322808606,GME,youtube,28,7
2023-05-26,"AAPL scam, dont buy this garbage",negative,-0.4127778144142609,AAPL,youtube,132,0
2023-03-16,rip to everyone who bought AMC at the top,negative,-0.7697305556942061,AMC,youtube,28,1
2023-05-09,waiting for AAPL to dip more,neutral,0.12841804256166783,AAPL,youtube,25,1
2024-11-19,apes together strong 🦍 Nvidia,positive,0.6177043888274928,NVDA,youtube,84,7
2024-04-16,"GME scam, dont buy this garbage",negative,-0.6328371758191419,GME,youtube,133,0
2024-06-15,anyone still holding MSFT?,neutral,-0.19276426059161367,MSFT,youtube,72,1
2024-10-03,waiting for AMC to dip more,neutral,-0.16317725976703457,AMC,youtube,6,3
2023-11-16,"idk about SPY tbh, mixed signals",neutral,-0.15780368486984775,SPY,youtube,115,6
2024-01-07,"never selling my GameStop shares, generational wealth",positive,0.8095750218634594,GME,youtube,90,15
2023-08-26,rip to everyone who bought SPY at the top,negative,-0.46492229175077165,SPY,youtube,22,1
2024-04-29,should i buy MSFT or wait?,neutral,-0.03249396961568332,MSFT,youtube,53,0
2023-08-26,should i buy Nvidia or wait?,neutral,-0.1376092844535195,NVDA,youtube,20,2
2023-05-13,who else got rekt by AMZN? 😭,negative,-0.4689861664281467,AMZN,youtube,11,0
2024-03-23,"this is gonna be huge, SPY will 10x easy",positive,0.5403087985869819,SPY,youtube,64,5
2024-09-30,"this is gonna be huge, Google will 10x easy",positive,0.5835090729699389,GOOGL,youtube,6,1
2023-09-10,"new to investing, is SPY good?",neutral,-0.11931034439311793,SPY,youtube,102,1
2023-10-28,who else got rekt by GME? 😭,negative,-0.348547880836534,GME,youtube,58,0
2023-12-20,"Meta scam, dont buy this garbage",negative,-0.4791118113345062,META,youtube,61,9
2024-02-08,biggest regret buying META smh,negative,-0.3286780098788753,META,youtube,32,1
2024-02-17,"best stock ever, TSLA is the future",positive,0.513653828757875,TSLA,youtube,5,2
2024-01-26,🚀🚀🚀 SPY to the moon!!!,positive,0.7823834215610124,SPY,youtube,2,10
2023-01-15,"idk about GameStop tbh, mixed signals",neutral,-0.14766444632640138,GME,youtube,116,15
2023-06-20,whats the PT for AMC?,neutral,0.1902767785914654,AMC,youtube,101,5
2023-11-09,"sold all my Amazon, this thing is done",negative,-0.5619926226610354,AMZN,youtube,2,0
2023-08-18,lmao SPY bagholders in shambles,negative,-0.6236248900973782,SPY,youtube,30,1
2023-02-27,"never selling my AMZN shares, generational wealth",positive,0.8127293770896546,AMZN,youtube,34,13
2024-04-06,"AMC going to zero, get out now",negative,-0.3351854041390644,AMC,youtube,8,2
2023-06-14,lol bears are so wrong about GameStop,positive,0.8942409408939826,GME,youtube,71,12
2023-10-30,lol bears are so wrong about AMC,positive,0.768272215247934,AMC,youtube,108,20
2024-10-20,what do yall think about Meta?,neutral,0.021752929572493113,META,youtube,49,2
2023-10-28,paper hands saved me from Amazon disaster,negative,-0.8726462689807329,AMZN,youtube,14,6
2024-05-30,apes together strong 🦍 Apple,positive,0.5616166488897967,AAPL,youtube,0,2
2023-09-19,biggest regret buying Tesla smh,negative,-0.30372411513508657,TSLA,youtube,10,6
2023-02-01,🚀🚀🚀 Nvidia to the moon!!!,positive,0.43447134534851695,NVDA,youtube,123,0
2023-09-27,"never selling my SPY shares, generational wealth",positive,0.5742713720730638,SPY,youtube,103,1
2024-10-06,"NVDA is trash, worst investment ever",negative,-0.706568185817408,NVDA,youtube,92,0
2023-07-29,my portfolio up 500% thanks to Google 😂,positive,0.7484419334265098,GOOGL,youtube,15,18
2024-10-29,"sold all my GOOGL, this thing is done",negative,-0.8701519065590705,GOOGL,youtube,100,8
2023-03-04,my portfolio up 500% thanks to GME 😂,positive,0.7753053478136456,GME,youtube,9,1
2024-10-12,apes together strong 🦍 Apple,positive,0.8726007188243552,AAPL,youtube,5,3
2024-09-09,"MSFT going to zero, get out now",negative,-0.8912083053708911,MSFT,youtube,29,10
2024-07-14,lmao GOOGL bagholders in shambles,negative,-0.5095720616100197,GOOGL,youtube,53,5
2023-01-09,🚀🚀🚀 Nvidia to the moon!!!,positive,0.39964963761875727,NVDA,youtube,58,0
2024-09-23,Meta looking interesting ngl,neutral,0.18944071597101048,META,youtube,193,2
2024-10-23,paper hands saved me from Tesla disaster,negative,-0.3905497276953669,TSLA,youtube,57,0
2023-03-19,waiting for Tesla to dip more,neutral,0.1032456126531372,TSLA,youtube,14,1
2024-06-13,"AAPL scam, dont buy this garbage",negative,-0.7237351852045966,AAPL,youtube,66,4
2023-08-31,"SPY is trash, worst investment ever",negative,-0.566303009374559,SPY,youtube,93,5
2024-04-26,who else got rekt by Google? 😭,negative,-0.45176569969834435,GOOGL,youtube,48,9
2024-08-17,"SPY scam, dont buy this garbage",negative,-0.32146629496615076,SPY,youtube,35,1
2024-02-02,SPY looking interesting ngl,neutral,0.08803801541157463,SPY,youtube,98,2
2024-04-26,paper hands saved me from AMC disaster,negative,-0.5123270190066664,AMC,youtube,14,2
2024-04-18,who else is buying the dip? Meta gang,positive,0.8563705569859164,META,youtube,20,1
2024-11-24,lmao AMZN bagholders in shambles,negative,-0.5097530331619775,AMZN,youtube,4,6
2024-03-28,lol bears are so wrong about GameStop,positive,0.7151667606652039,GME,youtube,14,11
2024-08-25,"Google going to zero, get out now",negative,-0.39982514679713066,GOOGL,youtube,50,6
2023-06-01,"new to investing, is MSFT good?",neutral,-0.19201361810255696,MSFT,youtube,75,0
2023-07-22,waiting for MSFT to dip more,neutral,0.12629362236423897,MSFT,youtube,73,0
2024-03-24,whats the PT for Google?,neutral,-0.07329068861480889,GOOGL,youtube,6,11
2023-12-28,Meta making me rich fr fr,positive,0.42429375986273454,META,youtube,77,4
2023-07-04,apes together strong 🦍 GOOGL,positive,0.6447966527653743,GOOGL,youtube,58,11
2024-03-02,apes together strong 🦍 Nvidia,positive,0.6518307545510603,NVDA,youtube,129,0
2024-09-21,should i buy SPY or wait?,neutral,0.026825190709625524,SPY,youtube,128,2
2023-02-23,"new to investing, is Amazon good?",neutral,0.04817754956535811,AMZN,youtube,21,3
2024-10-20,🚀🚀🚀 AAPL to the moon!!!,positive,0.8422820021091995,AAPL,youtube,187,0
2024-04-29,"new to investing, is Meta good?",neutral,-0.1592131184908645,META,youtube,7,4
2024-06-02,apes together strong 🦍 Amazon,positive,0.7888262275653863,AMZN,youtube,162,1
2024-04-01,anyone still holding Microsoft?,neutral,-0.15944720024637535,MSFT,youtube,9,5
2024-02-22,"this is gonna be huge, SPY will 10x easy",positive,0.8635614553453501,SPY,youtube,73,7
2024-05-19,waiting for Amazon to dip more,neutral,0.11273723260973773,AMZN,youtube,79,13
2023-02-25,"never selling my META shares, generational wealth",positive,0.562242596360672,META,youtube,84,0
2023-07-14,"this is gonna be huge, TSLA will 10x easy",positive,0.4762161465023468,TSLA,youtube,49,7
2023-09-27,who else is buying the dip? Tesla gang,positive,0.47569423752145856,TSLA,youtube,17,2
2023-03-25,anyone still holding Meta?,neutral,0.0756746849679758,META,youtube,137,8
2023-01-31,told yall Apple was gonna pump,positive,0.6363765261541003,AAPL,youtube,42,1
2024-03-01,"never selling my SPY shares, generational wealth",positive,0.38442644441168683,SPY,youtube,67,22
2024-08-24,told yall AMZN was gonna pump,positive,0.8514860337833561,AMZN,youtube,114,6
2023-06-12,TSLA looking interesting ngl,neutral,-0.15073598815257705,TSLA,youtube,52,3
2024-11-13,SPY looking interesting ngl,neutral,-0.06821594120208077,SPY,youtube,62,4
2023-02-06,"never selling my AMC shares, generational wealth",positive,0.8592858127552847,AMC,youtube,1,3
2023-02-13,anyone still holding MSFT?,neutral,0.09976939735824009,MSFT,youtube,17,0
2024-03-29,apes together strong 🦍 AMZN,positive,0.7411368457098773,AMZN,youtube,7,8
2024-02-22,"this is gonna be huge, AMC will 10x easy",positive,0.46253074764331803,AMC,youtube,87,2
2023-04-18,"this is gonna be huge, AMC will 10x easy",positive,0.3714365582370354,AMC,youtube,14,3
2024-03-31,lol bears are so wrong about META,positive,0.5516655647434094,META,youtube,213,1
2023-02-02,what do yall think about META?,neutral,0.16737110289194707,META,youtube,151,5
2023-10-29,"new to investing, is Meta good?",neutral,0.03960003831786696,META,youtube,83,0
2023-08-02,"this is gonna be huge, AMC will 10x easy",positive,0.319955743702179,AMC,youtube,21,0
2024-09-07,"sold all my AMZN, this thing is done",negative,-0.6500804102405464,AMZN,youtube,21,3
2024-08-31,🚀🚀🚀 AMC to the moon!!!,positive,0.3434734393082048,AMC,youtube,32,0
2023-02-22,AMZN making me rich fr fr,positive,0.37677635738152226,AMZN,youtube,147,0
2023-02-11,anyone still holding AMC?,neutral,-0.10928213862941011,AMC,youtube,87,5
2024-06-23,"AMC going to zero, get out now",negative,-0.3739452915226532,AMC,youtube,6,0
2023-02-07,waiting for Apple to dip more,neutral,0.07312827146123108,AAPL,youtube,1,8
2023-08-07,"sold all my META, this thing is done",negative,-0.3627280187400247,META,youtube,10,3
2024-11-02,"best stock ever, Tesla is the future",positive,0.5466391219670093,TSLA,youtube,33,8
2023-05-16,"never selling my Nvidia shares, generational wealth",positive,0.8317479424263319,NVDA,youtube,72,5
2023-03-03,apes together strong 🦍 GOOGL,positive,0.6169043972956401,GOOGL,youtube,24,3
2024-07-30,anyone still holding SPY?,neutral,0.14986335158066394,SPY,youtube,10,9
2023-02-15,"sold all my MSFT, this thing is done",negative,-0.7105554801724836,MSFT,youtube,74,0
2024-05-02,"SPY scam, dont buy this garbage",negative,-0.632158292445181,SPY,youtube,8,12
2024-03-20,"AMC scam, dont buy this garbage",negative,-0.3715652348762848,AMC,youtube,85,3
2023-10-15,"sold all my Amazon, this thing is done",negative,-0.859817012649799,AMZN,youtube,17,0
2024-02-25,"idk about Tesla tbh, mixed signals",neutral,-0.15568541213120457,TSLA,youtube,177,4
2023-08-04,"this is gonna be huge, Tesla will 10x easy",positive,0.49153029174885565,TSLA,youtube,76,0
2023-04-18,"MSFT going to zero, get out now",negative,-0.7703749164022329,MSFT,youtube,7,39
2023-01-06,my portfolio up 500% thanks to AMZN 😂,positive,0.8280848715406239,AMZN,youtube,42,2
2023-11-05,biggest regret buying TSLA smh,negative,-0.43602317271061447,TSLA,youtube,0,0
2023-06-30,should i buy AAPL or wait?,neutral,0.12577278825940552,AAPL,youtube,85,0
2024-11-20,META looking interesting ngl,neutral,-0.08607994703539329,META,youtube,46,8
2023-10-22,"Microsoft going to zero, get out now",negative,-0.31773917527430084,MSFT,youtube,44,5
2023-01-13,why did i buy MSFT?? down so bad rn,negative,-0.41427440583626296,MSFT,youtube,139,4
2024-01-30,"this is gonna be huge, AMC will 10x easy",positive,0.7533262090056669,AMC,youtube,86,7
2023-08-20,"TSLA scam, dont buy this garbage",negative,-0.643702052072745,TSLA,youtube,65,10
2023-02-12,"sold all my AMC, this thing is done",negative,-0.8196762631592658,AMC,youtube,49,1
2024-03-07,lol bears are so wrong about Amazon,positive,0.7612301199784381,AMZN,youtube,19,1
2024-02-09,GOOGL looking interesting ngl,neutral,0.023236905351125353,GOOGL,youtube,17,4
2024-11-06,whats the PT for GOOGL?,neutral,-0.021875050280757813,GOOGL,youtube,17,9
2023-02-22,"Meta is trash, worst investment ever",negative,-0.7942523679399134,META,youtube,39,4
2023-10-15,paper hands saved me from AMC disaster,negative,-0.5786802869506389,AMC,youtube,61,2
2024-07-07,diamond hands 💎🙌 holding META forever,positive,0.5874606616469917,META,youtube,22,3
2023-01-30,"MSFT going to zero, get out now",negative,-0.7165067250801457,MSFT,youtube,65,7
2024-09-13,"sold all my GME, this thing is done",negative,-0.630704710375722,GME,youtube,9,7
2024-04-21,waiting for MSFT to dip more,neutral,-0.05008410927341897,MSFT,youtube,50,3
2023-07-24,GameStop looking interesting ngl,neutral,-0.09762546506254886,GME,youtube,53,0
2024-11-13,whats the PT for Microsoft?,neutral,0.10224057279472298,MSFT,youtube,20,13
2024-09-27,should i buy Nvidia or wait?,neutral,-0.07681813858268671,NVDA,youtube,57,27
2023-08-09,who else got rekt by Apple? 😭,negative,-0.5519958432712201,AAPL,youtube,9,0
2023-01-17,"new to investing, is AMC good?",neutral,0.01077065862797727,AMC,youtube,103,3
2023-12-16,diamond hands 💎🙌 holding Meta forever,positive,0.30305191192398534,META,youtube,59,3
2024-09-06,"best stock ever, GOOGL is the future",positive,0.4223712101583882,GOOGL,youtube,46,16
2023-04-19,anyone still holding AMC?,neutral,-0.0657068414534499,AMC,youtube,17,4
2023-03-28,"best stock ever, SPY is the future",positive,0.31258172985318916,SPY,youtube,43,3
2023-12-11,biggest regret buying GOOGL smh,negative,-0.4326177614285434,GOOGL,youtube,3,2
2023-02-14,"Amazon going to zero, get out now",negative,-0.7436654959030005,AMZN,youtube,242,4
2024-01-20,🚀🚀🚀 Tesla to the moon!!!,positive,0.8616744890882091,TSLA,youtube,45,0
2024-03-26,whats the PT for TSLA?,neutral,-0.1603868838518149,TSLA,youtube,1,9
2023-10-15,🚀🚀🚀 GameStop to the moon!!!,positive,0.6140495230540137,GME,youtube,3,1
2023-10-11,whats the PT for MSFT?,neutral,-0.1881434391429956,MSFT,youtube,25,2
2024-10-02,"sold all my TSLA, this thing is done",negative,-0.37828621882616675,TSLA,youtube,24,5
2024-05-26,whats the PT for Google?,neutral,-0.029861050831056696,GOOGL,youtube,95,1
2023-07-18,whats the PT for GOOGL?,neutral,-0.08065660574255254,GOOGL,youtube,8,3
2024-03-25,diamond hands 💎🙌 holding Nvidia forever,positive,0.7984433038478093,NVDA,youtube,53,2
2023-09-20,what do yall think about AMC?,neutral,0.18693536096816155,AMC,youtube,22,6
2024-01-29,🚀🚀🚀 Nvidia to the moon!!!,positive,0.3716347971010088,NVDA,youtube,30,19
2024-08-08,"best stock ever, SPY is the future",positive,0.51593880512206,SPY,youtube,22,2
2023-12-04,"best stock ever, GOOGL is the future",positive,0.5759427336611749,GOOGL,youtube,17,0
2024-08-28,just bought more GOOGL let's gooo,positive,0.7723463592644676,GOOGL,youtube,140,0
2023-12-05,"GameStop is trash, worst investment ever",negative,-0.3185107915395212,GME,youtube,27,5
2023-07-10,GME looking interesting ngl,neutral,-0.05515854323993749,GME,youtube,42,4
2024-11-20,told yall AAPL was gonna pump,positive,0.4430135716843558,AAPL,youtube,71,0
2024-09-09,"idk about Apple tbh, mixed signals",neutral,0.182240351211908,AAPL,youtube,128,9
2023-09-11,paper hands saved me from AMC disaster,negative,-0.42564187670754894,AMC,youtube,32,2
2024-07-18,waiting for Google to dip more,neutral,0.07505824703984432,GOOGL,youtube,88,4
2023-07-17,anyone still holding Meta?,neutral,-0.021425823172389113,META,youtube,43,0
2024-02-08,"Google scam, dont buy this garbage",negative,-0.6715901747466964,GOOGL,youtube,53,26
2023-07-03,why did i buy AMC?? down so bad rn,negative,-0.5198440945956753,AMC,youtube,30,7
2024-06-29,whats the PT for AMZN?,neutral,0.07675617782223398,AMZN,youtube,125,3
2024-02-16,why did i buy Google?? down so bad rn,negative,-0.6522596344451602,GOOGL,youtube,26,1
2023-07-15,lmao TSLA bagholders in shambles,negative,-0.3176385264063043,TSLA,youtube,28,2
2024-08-30,"Tesla going to zero, get out now",negative,-0.8882248132000301,TSLA,youtube,7,0
2023-06-13,whats the PT for GameStop?,neutral,-0.16818946506765348,GME,youtube,52,3
2023-07-16,just bought more AAPL let's gooo,positive,0.785996120201887,AAPL,youtube,3,0
2024-03-06,why did i buy Nvidia?? down so bad rn,negative,-0.5259626891905465,NVDA,youtube,11,0
2023-05-02,"Nvidia going to zero, get out now",negative,-0.7186311001708255,NVDA,youtube,13,0
2023-12-28,"idk about AMC tbh, mixed signals",neutral,0.1946057447386808,AMC,youtube,11,0
2023-10-21,my portfolio up 500% thanks to AMC 😂,positive,0.8162462162645765,AMC,youtube,29,3
2024-02-22,what do yall think about AMZN?,neutral,-0.03558564446944734,AMZN,youtube,19,1
2024-09-17,paper hands saved me from TSLA disaster,negative,-0.42842113583587876,TSLA,youtube,6,25
2024-09-23,"sold all my Meta, this thing is done",negative,-0.7782927952495804,META,youtube,1,2
2023-01-21,🚀🚀🚀 AAPL to the moon!!!,positive,0.6381086633218211,AAPL,youtube,22,0
