date,timestamp,headline,description,source,url,author,sentiment,sentiment_score,category,search_keyword
2025-12-04,2025-12-04T15:33:45Z,"Paramount Calls Warner Bros. Sales Process ""Unfair"" In Blistering Letter - The Hollywood Reporter","The David Ellison-led studio questions whether the bidding has been ""tilted"" and suggests Netflix has been receiving more favorable treatment so far in the auction.",Hollywood Reporter,http://www.hollywoodreporter.com/business/business-news/paramount-calls-warner-bros-sale-process-unfair-in-blistering-letter-1236442302/,"Alex Weprin, Erik Hayden",neutral,0.033,Business,
2025-12-04,2025-12-04T15:00:01Z,Tesla gains in 2026 Consumer Reports' auto brand rankings - CNBC,"Tesla made notable strides in Consumer Reports' influential annual auto brand rankings, cracking the top 10 overall U.S. automotive brands.",CNBC,https://www.cnbc.com/2025/12/04/consumer-reports-auto-brand-rankings-tesla.html,Michael Wayland,positive,0.333,Business,
2025-12-04,2025-12-04T14:42:00Z,"Dow opens higher as rate cut bets strengthen, Salesforce rises: Live updates - CNBC",Investors took job layoff numbers Thursday and Wednesday's ADP report as signs the Fed will cut rates at its final meeting of the year next week.,CNBC,https://www.cnbc.com/2025/12/03/stock-market-today-live-updates.html,"Sean Conlon, Pia Singh",neutral,0.097,Business,
2025-12-04,2025-12-04T14:06:44Z,Meta’s Zuckerberg Plans Deep Cuts for Metaverse Efforts - Bloomberg.com,"Meta Platforms Inc.’s Mark Zuckerberg is expected to meaningfully cut resources for building the so-called metaverse, an effort that he once framed as the future of the company and the reason for changing its name from Facebook Inc.",Bloomberg,https://www.bloomberg.com/news/articles/2025-12-04/meta-s-zuckerberg-plans-deep-cuts-for-metaverse-efforts,Kurt Wagner,neutral,0.1,Business,
2025-12-04,2025-12-04T13:51:00Z,"US filings for jobless benefits fall to 191,000, lowest since September of 2022 - AP News","U.S. applications for unemployment benefits fell to their lowest level in more than three years last week, potentially complicating the Federal Reserve’s upcoming decision on interest rates. The number of Americans applying for jobless benefits for the week e…",Associated Press,https://apnews.com/article/unemployment-benefits-jobless-claims-layoffs-labor-43cb18bdeaad154d3bc87a5e0025b64a,Matt Ott,positive,0.167,Business,
2025-12-04,2025-12-04T13:42:19Z,Nvidia Gets a Win in Washington - Yahoo Finance,AI chip export limits quietly dropped,Yahoo Entertainment,https://finance.yahoo.com/news/nvidia-gets-win-washington-134219160.html,Moz Farooque ACCA,positive,0.4,Business,
2025-12-04,2025-12-04T13:07:00Z,"Baby seal waddles into New Zealand bar and heads to the bathroom: ""Everyone was in shock"" - CBS News",Officials confirmed they received numerous reports from the public about a seal spotted in Richmond on Sunday before the fugitive turned up at the pub.,CBS News,https://www.cbsnews.com/news/baby-seal-bar-new-zealand-bar-heads-to-bathroom/,,positive,0.134,Business,
2025-12-04,2025-12-04T12:48:45Z,"Layoff announcements this year top 1.1 million, the most since 2020 when pandemic hit, Challenger says - CNBC","The firm said layoff plans totaled  71,321 in November, a step down from October but still enough to bring the 2025 total up to 1.17 million.",CNBC,https://www.cnbc.com/2025/12/04/layoff-announcements-this-year-top-1point1-million-the-most-since-2020-when-pandemic-hit-challenger-says.html,Jeff Cox,positive,0.107,Business,
2025-12-04,2025-12-04T12:37:00Z,They ‘Bought More’—BlackRock CEO Reveals Sovereign Fund Bitcoin Price Bombshell Alongside A Stark Trump Warning - Forbes,The chief executive of the world’s largest asset manager BlackRock has predicted the “enormous growth” of crypto-based tokenization in coming years...,Forbes,https://www.forbes.com/sites/digital-assets/2025/12/04/faster-than-most-expect-blackrock-ceo-issues-enormous-price-prediction-as-bitcoin-suddenly-soars-toward-2-trillion/,Billy Bambrough,neutral,0.1,Business,
2025-12-04,2025-12-04T12:13:00Z,"Strategist who nailed stocks, bonds and oil this year warns of ‘optimism shakeout’ in early 2026 - MarketWatch",Warren Pies says ultimately market will broaden out with AI adoption,MarketWatch,https://www.marketwatch.com/story/strategist-who-nailed-stocks-bonds-and-oil-this-year-warns-of-optimism-shakeout-in-early-2026-fcde8107,Barbara Kollmeyer,neutral,0.05,Business,
2025-12-04,2025-12-04T11:47:00Z,Two months into the new fiscal year and the U.S. government is already spending more than $10 billion a week servicing national debt - Fortune,"Tariffs will bring in $300 billion to $400 billion a year, which would help to pay a fraction of the interest payments of more than $1 trillion in 2025.",Fortune,https://fortune.com/2025/12/04/national-debt-interest-payments-fiscal-year-2026/,Eleanor Pringle,positive,0.379,Business,
2025-12-04,2025-12-04T11:00:00Z,Cava Keeps No-Discounting Stance as Restaurant Deals Abound - The Wall Street Journal,,The Wall Street Journal,https://www.wsj.com/articles/cava-keeps-no-discounting-stance-as-restaurant-deals-abound-1a0c88f9,The Wall Street Journal,neutral,0.0,Business,
2025-12-04,2025-12-04T10:20:03Z,Meta faces Europe antitrust investigation over WhatsApp AI policy - CNBC,The European bloc has launched an antitrust investigation into the social media giant over its WhatsApp AI policy.,CNBC,https://www.cnbc.com/2025/12/04/meta-faces-europe-antitrust-investigation-over-whatsapp-ai-rollout.html,Kai Nicol-Schwarz,neutral,0.011,Business,
2025-12-04,2025-12-04T10:00:00Z,U.S. health care is broken. Here are 3 ways it's getting worse - NPR,"One year after UnitedHealthcare's CEO was shot and killed, the crisis in U.S. health care is intensifying — even for the companies and investors who make money from it.",NPR,https://www.npr.org/2025/12/04/nx-s1-5629211/health-care-broken-costs-united-health-investors,Maria Aspan,negative,-0.333,Business,
2025-12-04,2025-12-04T10:00:00Z,"In an era of rising prices, computers have gotten cheaper. (And why that may end) - NPR",One thing has bucked the trend of rising prices: computing. Technological advances have underpinned a consistent drop in the cost of computers. But experts say that this may be reaching a limit.,NPR,https://www.npr.org/2025/12/04/nx-s1-5609211/cost-of-living-cheaper-computers,,positive,0.25,Business,
2025-12-04,2025-12-04T09:32:16Z,"FDA to lower number of trials required for approval of drugs, other medical products - statnews.com","The FDA plans to begin requiring one clinical study, instead of the standard two, for medical products before consideration for approval.",STAT,https://www.statnews.com/2025/12/04/fda-considers-single-clinical-trial-for-new-product-approvals/,Lizzy Lawrence,neutral,-0.031,Business,
2025-12-04,2025-12-04T07:51:33Z,IndiGo: Over 300 flights cancelled as airline in India faces 'staff shortage crisis' - BBC,Indigo said the disruptions were caused by technical glitches and the impact of updated crew roster rules.,BBC News,https://www.bbc.com/news/articles/cn7kzj5485po,,neutral,0.0,Business,
2025-12-04,2025-12-04T01:20:00Z,Donald Trump Pardons Entertainment Executive Tim Leiweke Just 5 Months After POTUS’ DOJ Charged Him In Bid-Rigging Scheme - Deadline,The clemency came just five months after the DOJ charged him.,Deadline,http://deadline.com/2025/12/trump-pardons-tim-leiweke-1236635432/,Ted Johnson,neutral,0.0,Business,
2025-12-03,2025-12-03T23:28:00Z,'TIME IS OF THE ESSENCE' | Whitmer supports Michigan's biggest investment ever: Multi-billion dollar AI data center - WZZM13.com,The governor framed the project as balancing economic development with environmental protection.,WZZM13.com,https://www.wzzm13.com/article/news/local/whitmer-supports-michigans-biggest-investment-ever-multi-billion-dollar-ai-data-center/69-6e64ba8d-a277-4d2b-bc3b-d475c9253f2e,Brielle Meyer,neutral,0.05,Business,
2025-12-03,2025-12-03T22:19:00Z,"Salesforce Beats, Raises Outlook — With Informatica Deal Adding Boost - Investor's Business Daily",Salesforce stock climbed amid Q3 earnings that topped estimates while sales guidance came in above views including Informatica.,Investor's Business Daily,https://www.investors.com/news/technology/salesforce-stock-crm-salesforce-earningsq32025/,,neutral,0.0,Business,
2025-12-03,2025-12-03T21:55:00Z,'Exploitation is imminent' as 39 percent of cloud environs have max-severity React hole - theregister.com,": Finish reading this, then patch",Theregister.com,https://www.theregister.com/2025/12/03/exploitation_is_imminent_react_vulnerability/,Jessica Lyons,neutral,0.0,Business,
2025-12-03,2025-12-03T19:52:34Z,"Self-driving car company Waymo officially expands to Philadelphia, has started letting cars drive themselves - WHYY","The company will expand to more than 20 cities, including Pittsburgh and Baltimore, but no word yet on when people will get to ride.",WHYY,http://whyy.org/articles/waymo-philadelphia-autonomous-cars/,Alan Yu,positive,0.5,Business,
2025-12-03,2025-12-03T18:18:39Z,Bond investors warned US Treasury over picking Kevin Hassett as Fed chair - Financial Times,Some market participants worried candidate for top central bank job will be swayed by Trump on interest rates,Financial Times,https://www.ft.com/content/ad4bfd8b-a0f8-4f9e-a234-eed589e3d0ab,"James Politi, Amelia Pollard, Claire Jones, Kate Duguid",positive,0.167,Business,
2025-12-03,2025-12-03T18:06:00Z,Scott Bessent on well-intentioned but ‘very amorphous’ Giving Pledge: Billionaire class in panic - Fortune,"“When you see that people have a stake in the system, they don’t want to bring the system down,” the Treasury secretary argued at the DealBook Summit.",Fortune,https://fortune.com/2025/12/03/scott-bessent-giving-pledge-trump-accounts-billionaires-pitchforks/,Nick Lichtenberg,neutral,-0.002,Business,
2025-12-03,2025-12-03T16:32:03Z,Bank of America resets Fed interest rate cut forecast ahead of FOMC meeting - TheStreet,Here's what may happen to interest rates next.,TheStreet,https://www.thestreet.com/fed/bank-of-america-resets-fed-interest-rate-cut-forecast-ahead-of-fomc-meeting,"Todd Campbell, Celine Provini",neutral,0.0,Business,
2025-12-03,2025-12-03T16:24:12Z,Eric Trump’s American Bitcoin Steadies After ‘First Major Unlock' of Shares - Decrypt,The stock was volatile after insiders took profits.,Decrypt,https://decrypt.co/350775/eric-trumps-american-bitcoin-steadies-unlock,André Beganski,positive,0.104,Business,
2025-12-03,2025-12-03T15:16:37Z,China's 1st reusable rocket explodes in dramatic fireball during landing after reaching orbit on debut flight - Space,"After making a successful reentry, the rocket's first stage booster appeared to lose an engine during its landing burn.",Space.com,https://www.space.com/space-exploration/launches-spacecraft/chinas-1st-reusable-rocket-explodes-in-dramatic-fireball-during-landing-after-reaching-orbit-on-debut-flight,Brett Tingley,positive,0.189,Business,
2025-12-03,2025-12-03T14:36:00Z,"7 deaths, hundreds of injuries may be linked to diabetes glucose monitor errors, FDA says - CBS News","Patients with affected devices should stop using them. They are eligible for free replacements, Abbott said.",CBS News,https://www.cbsnews.com/news/abbott-diabetes-care-glucose-monitor-freestyle-libre-3-plus-sensor-recall/,Kerry  Breen,positive,0.4,Business,
2025-12-03,2025-12-03T11:00:00Z,"Home prices are poised to dip in 22 U.S. cities next year, a new analysis says. See where. - CBS News",A new report from Realtor.com projects that the housing market will shift in a more buyer-friendly direction in 2026.,CBS News,https://www.cbsnews.com/news/housing-market-forecast-2026-price-declines-real-estate-mortgage/,Mary  Cunningham,positive,0.193,Business,
2025-12-03,2025-12-03T09:35:16Z,"AI scribes may not save a lot of time on clinical notes, but they make clinicians happy - statnews.com","As hospitals study the impact of AI scribes, they are finding that clinicians love the tools, even if they don’t save that much time.",STAT,https://www.statnews.com/2025/12/03/ai-scribe-time-savings-study-clinician-happiness/,"Mario Aguilar, Brittany Trang",positive,0.5,Business,
2025-12-04,2025-12-04T18:06:26Z,AST SpaceMobile surges on 2 major expansion sites,"AST SpaceMobile delivered news Thursday that sent its stock climbing nearly 15%, proving that big bets on satellite manufacturing can capture Wall Street’s imagination. The space-based cellular connectivity company announced plans to establish two new product…",Rolling Out,https://rollingout.com/2025/12/04/ast-spacemobile-surges-expansion-sites/,Tega Egwabor,neutral,0.075,Business,stock market
2025-12-04,2025-12-04T18:04:29Z,"Saylor’s Bitcoin Accumulator Strategy Will Not Sell Its BTC Stockpile, Bitwise Explains Why","Revived fears that Strategy, the world’s largest corporate holder of BTC, could consider selling its holdings to cover ballooning payouts.",ZyCrypto,https://zycrypto.com/saylors-bitcoin-accumulator-strategy-will-not-sell-its-btc-stockpile-bitwise-explains-why/,Brenda Ngari,neutral,0.0,Business,stock market
2025-12-04,2025-12-04T18:03:51Z,Solmate looks beyond SOL treasury model with RockawayX acquisition,"The deal would fold RockawayX’s infrastructure, liquidity and asset-management businesses into Solmate, widening revenue streams for the SOL-focused treasury company.",Cointelegraph,https://cointelegraph.com/news/solmate-rockawayx-solana-infrastructure-treasury-abu-dhabi,Cointelegraph by Nate Kostar,neutral,0.0,Business,stock market
2025-12-04,2025-12-04T18:02:27Z,P/E Ratio Insights for NVIDIA,"In the current market session, NVIDIA Inc. (NASDAQ:NVDA) share price is at $181.48, after a 1.05% spike. Moreover, over the past month, the stock fell by 2.13%, but in the past year, went up by 29.22%. Shareholders might be interested in knowing whether the s…",Biztoc.com,https://biztoc.com/x/99710a50272390c1,benzinga.com,neutral,-0.062,Business,stock market
2025-12-04,2025-12-04T18:01:06Z,"Prediction giant Kalshi strikes a new media partnership with CNBC, days after its CNN deal","Prediction site Kalshi is partnering with CNBC, days after striking a deal with CNN. Prediction sites are popular but getting regulatory pushback.",Business Insider,https://www.businessinsider.com/kalshi-cnbc-deal-cnn-data-integration-partnership-2025-12,James Faris,positive,0.309,Business,stock market
2025-12-04,2025-12-04T18:00:54Z,Making History With Bitcoin: What’s Going On With MicroStrategy And Wall Street?,Market expert Shanaka recently explained how a historical event is unfolding with MicroStrategy and its Bitcoin strategy. This comes as the company faces a negative valuation from Wall Street while MSCI considers whether to remove MSTR from its indices.  Micr…,Bitcoinist,https://bitcoinist.com/making-history-with-bitcoin/,Scott Matherson,neutral,-0.1,Business,stock market
2025-12-04,2025-12-04T17:55:50Z,Texas is trying to become America’s next financial hub,The Lone Star State could soon have three major stock exchanges,The Week Magazine,https://theweek.com/business/economy/texas-americas-next-financial-hub,"theweek@futurenet.com (Justin Klawans, The Week US) , Justin Klawans, The Week US",neutral,0.021,Business,stock market
2025-12-04,2025-12-04T17:55:38Z,Microchip (MCHP) Climbs 12% on Higher Growth Outlook,We recently published 10 Stocks Stealing Market Spotlight. Microchip Technology Inc. (NASDAQ:MCHP) is one of the best performers on Wednesday. Microchip...,Yahoo Entertainment,https://finance.yahoo.com/news/microchip-mchp-climbs-12-higher-175538430.html,Angelica Ballesteros,positive,0.417,Business,stock market
2025-12-04,2025-12-04T17:55:15Z,Genius Sports (GENI) Soars 12% as Firm Bares 2028 Growth Targets,We recently published 10 Stocks Stealing Market Spotlight. Genius Sports Limited (NYSE:GENI) is one of the best performers on Wednesday. Genius Sports surged...,Yahoo Entertainment,https://finance.yahoo.com/news/genius-sports-geni-soars-12-175515074.html,Angelica Ballesteros,positive,0.182,Business,stock market
2025-12-04,2025-12-04T17:55:08Z,Lowes Foods Unadvertised Deals: 12/3-12/9,"Here is a list of the Lowes Foods unadvertised deals I found at my store this week. There are lots of gas rewards, plus get Club crackers for $2.22 and more. Clearance deals will vary by store. Look through the full Lowes Foods weekly ad to see all the curren…",Southernsavers.com,https://www.southernsavers.com/lowes-foods-unadvertised-deals-123-129/,Jenny,positive,0.425,Business,stock market
2025-12-04,2025-12-04T17:54:54Z,Circle Internet (CRCL) Climbs 11.4% on Bargain-Hunting,We recently published 10 Stocks Stealing Market Spotlight. Circle Internet Group (NYSE:CRCL) is one of the best performers on Wednesday. Circle Internet...,Yahoo Entertainment,https://finance.yahoo.com/news/circle-internet-crcl-climbs-11-175454863.html,Angelica Ballesteros,positive,0.5,Business,stock market
2025-12-04,2025-12-04T17:54:44Z,ON Semiconductor (ON) Soars 11% on Aggressive Expansion Plan,We recently published 10 Stocks Stealing Market Spotlight. ON Semiconductor Corp. (NASDAQ:ON) is one of the best performers on Wednesday. ON Semiconductor...,Yahoo Entertainment,https://finance.yahoo.com/news/semiconductor-soars-11-aggressive-expansion-175444480.html,Angelica Ballesteros,positive,0.5,Business,stock market
2025-12-04,2025-12-04T17:53:44Z,Ondas Holdings (ONDS) Surges 10.5% After Bagging New Govt Contract,We recently published 10 Stocks Stealing Market Spotlight. Ondas Holdings Inc. (NASDAQ:ONDS) is one of the best performers on Wednesday. Ondas Holdings...,Yahoo Entertainment,https://finance.yahoo.com/news/ondas-holdings-onds-surges-10-175344031.html,Angelica Ballesteros,positive,0.379,Business,stock market
2025-12-04,2025-12-04T17:53:34Z,Quantum Computing (QUBT) Jumps 9.7% on Bargain-Hunting,We recently published 10 Stocks Stealing Market Spotlight. Quantum Computing Inc. (NASDAQ:QUBT) is one of the best performers on Wednesday. Quantum Computing...,Yahoo Entertainment,https://finance.yahoo.com/news/quantum-computing-qubt-jumps-9-175334776.html,Angelica Ballesteros,positive,0.5,Business,stock market
2025-12-04,2025-12-04T17:52:22Z,"The Haute-Chaudière Wind Project in Quebec Reaches Financial Close, Paving the Way for Construction Start","Financing secured through National Bank of Canada, CIBC, Desjardins Group, KfW IPEX-Bank and Sumitomo Mitsui Trust Bank MONTRÉAL — EDF power solutions Canada and Énergie Renouvelable Granit Inc. are proud to announce the successful closing of non-recourse con…",Financial Post,https://financialpost.com/pmn/business-wire-news-releases-pmn/the-haute-chaudiere-wind-project-in-quebec-reaches-financial-close-paving-the-way-for-construction-start,Business Wire,positive,0.517,Business,stock market
2025-12-04,2025-12-04T17:50:46Z,"Genesco Issues Steep Guidance Cut, Blames Weak UK Market And Slower Traffic","Genesco Inc. (NYSE:GCO) stock tumbled Thursday after the company reported worse-than-expected third-quarter results.
Details
The company reported adjusted earnings per share of 79 cents, missing the street view of 88 cents.
Quarterly sales of $616.2 million (…",Biztoc.com,https://biztoc.com/x/3499602c3ac2f856,benzinga.com,negative,-0.287,Business,stock market
2025-12-04,2025-12-04T17:50:41Z,Gold Rises as Traders Await U.S. Inflation Data,,Biztoc.com,https://biztoc.com/x/ef7679829b119ab8,barrons.com,neutral,0.0,Business,stock market
2025-12-04,2025-12-04T17:49:07Z,Larry Ellison Jumps To No. 2 Richest—Passing Larry Page As Alphabet Rally Stalls,The Oracle chairman fell in the ranks among the world’s wealthiest during a weekslong rally for the Google parent’s stock.,Forbes,https://www.forbes.com/sites/tylerroush/2025/12/04/larry-ellison-jumps-to-no-2-richest-passing-larry-page-as-alphabet-rally-stalls/,"Ty Roush, Forbes Staff, 
 Ty Roush, Forbes Staff
 https://www.forbes.com/sites/tylerroush/",neutral,0.0,Business,stock market
2025-12-04,2025-12-04T17:47:38Z,"Cinemark Holdings, Inc. (CNK): A Bull Case Theory","We came across a bullish thesis on Cinemark Holdings, Inc. on Valueinvestorsclub.com by member. In this article, we will summarize the bulls’ thesis on CNK. ...",Yahoo Entertainment,https://finance.yahoo.com/news/cinemark-holdings-inc-cnk-bull-174738986.html,Ricardo Pillai,neutral,0.0,Business,stock market
2025-12-04,2025-12-04T17:47:34Z,APi Group Corporation (APG): A Bull Case Theory,"We came across a bullish thesis on APi Group Corporation on Speedwell Memos’s Substack by Speedwell Research. In this article, we will summarize the bulls...",Yahoo Entertainment,https://finance.yahoo.com/news/api-group-corporation-apg-bull-174734693.html,Ricardo Pillai,neutral,0.0,Business,stock market
2025-12-04,2025-12-04T17:46:22Z,The AES Corporation (AES): A Bull Case Theory,"We came across a bullish thesis on The AES Corporation on Value investing subreddit by RMOONU. In this article, we will summarize the bulls’ thesis on AES...",Yahoo Entertainment,https://finance.yahoo.com/news/aes-corporation-aes-bull-case-174622080.html,Ricardo Pillai,neutral,0.0,Business,stock market
2025-12-04,2025-12-04T17:46:08Z,Neogen Corporation (NEOG): A Bull Case Theory,"We came across a bullish thesis on Neogen Corporation on Valueinvestorsclub.com by Dr. Ridgewell. In this article, we will summarize the bulls’ thesis on...",Yahoo Entertainment,https://finance.yahoo.com/news/neogen-corporation-neog-bull-case-174608637.html,Ricardo Pillai,neutral,0.0,Business,stock market
2025-12-04,2025-12-04T17:46:04Z,Navient Corporation (NAVI): A Bull Case Theory,"We came across a bullish thesis on Navient Corporation on Valueinvestorsclub.com by JackBlack. In this article, we will summarize the bulls’ thesis on NAVI. ...",Yahoo Entertainment,https://finance.yahoo.com/news/navient-corporation-navi-bull-case-174604160.html,Ricardo Pillai,neutral,0.0,Business,stock market
2025-12-04,2025-12-04T17:46:03Z,"Why JPMorgan says bitcoin could rocket to $170,000 in the coming months",JPMorgan said it was eyeing two factors related to Michael Saylor's Strategy that would help bitcoin avoid further declines in the near term.,Business Insider,https://www.businessinsider.com/bitcoin-price-prediction-btc-170k-jpmorgan-gold-forecast-2025-12,jsor@businessinsider.com (Jennifer Sor),neutral,0.033,Business,stock market
2025-12-04,2025-12-04T17:46:00Z,"Limbach Holdings, Inc. (LMB): A Bear Case Theory","We came across a bearish thesis on Limbach Holdings, Inc. on Valueinvestorsclub.com by Glory_Warriors. In this article, we will summarize the bulls’ thesis...",Yahoo Entertainment,https://finance.yahoo.com/news/limbach-holdings-inc-lmb-bear-174600679.html,Ricardo Pillai,neutral,0.0,Business,stock market
2025-12-04,2025-12-04T17:45:03Z,"Donnelley Financial Solutions, Inc. (DFIN): A Bear Case Theory","We came across a bearish thesis on Donnelley Financial Solutions, Inc. on Valueinvestorsclub.com by GoBills42. In this article, we will summarize the bulls’ ...",Yahoo Entertainment,https://finance.yahoo.com/news/donnelley-financial-solutions-inc-dfin-174503925.html,Ricardo Pillai,neutral,0.0,Business,stock market
2025-12-04,2025-12-04T17:44:59Z,"Atlanta Braves Holdings, Inc. (BATRK): A Bull Case Theory","We came across a bullish thesis on Atlanta Braves Holdings, Inc. on Valueinvestorsclub.com by jwilliam903. In this article, we will summarize the bulls...",Yahoo Entertainment,https://finance.yahoo.com/news/atlanta-braves-holdings-inc-batrk-174459097.html,Ricardo Pillai,neutral,0.0,Business,stock market
2025-12-04,2025-12-04T17:44:50Z,"Axon Enterprise, Inc. (AXON): A Bull Case Theory","We came across a bullish thesis on Axon Enterprise, Inc. on Rebound Capital’s Substack. In this article, we will summarize the bulls’ thesis on AXON. Axon...",Yahoo Entertainment,https://finance.yahoo.com/news/axon-enterprise-inc-axon-bull-174450476.html,Ricardo Pillai,neutral,0.0,Business,stock market
2025-12-04,2025-12-04T17:44:42Z,"Intercontinental Exchange, Inc. (ICE): A Bull Case Theory","We came across a bullish thesis on Intercontinental Exchange, Inc. on Ridire Research’s Substack. In this article, we will summarize the bulls’ thesis on ICE...",Yahoo Entertainment,https://finance.yahoo.com/news/intercontinental-exchange-inc-ice-bull-174442729.html,Ricardo Pillai,neutral,0.0,Business,stock market
2025-12-04,2025-12-04T17:44:35Z,Trump Brothers’ American Bitcoin Boosted Bitcoin Holdings By $34 Million During November Crypto Carnage,"American Bitcoin, the Nasdaq-traded Bitcoin treasury and mining company backed by Eric Trump and Donald Trump Jr., has brought its holdings to 4,367 BTC after its latest purchase.",ZyCrypto,https://zycrypto.com/trump-brothers-american-bitcoin-boosted-bitcoin-holdings-by-34-million-during-november-crypto-carnage/,Brenda Ngari,positive,0.167,Business,stock market
2025-12-04,2025-12-04T17:44:24Z,Wix.com Ltd. (WIX): A Bull Case Theory,"We came across a bullish thesis on Wix.com Ltd. on Valueinvestorsclub.com by tyro. In this article, we will summarize the bulls’ thesis on WIX. Wix.com Ltd.’...",Yahoo Entertainment,https://finance.yahoo.com/news/wix-com-ltd-wix-bull-174424312.html,Ricardo Pillai,neutral,0.0,Business,stock market
2025-12-04,2025-12-04T17:43:04Z,Dodgers Have Discussed Teoscar Hernandez In Trade Talks,"Though the Dodgers are in the market for an outfielder, they’ve also discussed the possibility of dealing from their current group. Ken Rosenthal of The Athletic reports that Teoscar Hernandez’s name has popped up in some of the front office’s trade talks wit…",MLB Trade Rumors,https://www.mlbtraderumors.com/2025/12/dodgers-trade-rumors-teoscar-hernandez.html,Steve Adams,neutral,0.0,Business,stock market
2025-12-04,2025-12-04T17:37:24Z,CEO Says Dollar General Is in ‘Second Inning’ of Digital Journey,"Dollar General’s omnichannel push into the rural United States continues, with a strategy that emphasizes digital engagement, delivery and a boost to its brick-and-mortar footprint. Sales in the third quarter were $10.6 billion, a 4.6% gain from last year, ac…",pymnts.com,https://www.pymnts.com/earnings/2025/ceo-says-dollar-general-is-second-inning-digital-journey/,PYMNTS,neutral,0.013,Business,stock market
2025-12-04,2025-12-04T17:30:01Z,"Stock Market Today: Nasdaq, S&P 500 Lead Way After Meta Announces Job Cuts; Jobless Claims Report Lowest Since 2021","Stock Market Today: Russell Rallies As Rate Cut Bets Mount on Jobless Claims, Layoff Numbers; S&P and Nasdaq Run on Meta Layoff News
This live blog is refreshed periodically throughout the day with the latest updates from the market.To find the latest Stock M…",Biztoc.com,https://biztoc.com/x/16ee31b405130449,finance.yahoo.com,positive,0.379,Business,stock market
2025-12-04,2025-12-04T17:30:00Z,ARGAN and DECATHLON: a joint low-carbon ambition,"Press release – Neuilly-sur-Seine, Thursday, December 4, 2025 – 6.30 pm  ARGAN and DECATHLON: a lasting collaboration for low-carbon logistics assets  ......",GlobeNewswire,https://www.globenewswire.com/news-release/2025/12/04/3200182/0/en/ARGAN-and-DECATHLON-a-joint-low-carbon-ambition.html,ARGAN,neutral,0.0,Business,stock market
2025-12-04,2025-12-04T17:21:58Z,"ServiceNow, Inc. (NOW): A Bull Case Theory","We came across a bullish thesis on ServiceNow, Inc. on Compounding Your Wealth’s Substack by Sergey. In this article, we will summarize the bulls’ thesis on ...",Yahoo Entertainment,https://finance.yahoo.com/news/servicenow-inc-now-bull-case-172158384.html,Ricardo Pillai,neutral,0.0,Business,stock market
2025-12-04,2025-12-04T17:21:50Z,Ferrari N.V. (RACE): A Bull Case Theory,"We came across a bullish thesis on Ferrari N.V. on Pillars And Profits’s Substack by Soren Peterson. In this article, we will summarize the bulls’ thesis on ...",Yahoo Entertainment,https://finance.yahoo.com/news/ferrari-n-v-race-bull-172150380.html,Ricardo Pillai,neutral,0.0,Business,stock market
2025-12-04,2025-12-04T17:21:46Z,Koninklijke Philips N.V. (PHG): A Bull Case Theory,"We came across a bullish thesis on Koninklijke Philips N.V. on Pillars And Profits’s Substack by Soren Peterson. In this article, we will summarize the bulls...",Yahoo Entertainment,https://finance.yahoo.com/news/koninklijke-philips-n-v-phg-172146759.html,Ricardo Pillai,neutral,0.0,Business,stock market
2025-12-04,2025-12-04T17:21:42Z,"Hub Group, Inc. (HUBG): A Bear Case Theory","We came across a bearish thesis on Hub Group, Inc. on Quality Value Investing’s Substack by David J. Waldron. In this article, we will summarize the bulls...",Yahoo Entertainment,https://finance.yahoo.com/news/hub-group-inc-hubg-bear-172142560.html,Ricardo Pillai,neutral,0.0,Business,stock market
2025-12-04,2025-12-04T17:21:08Z,Kenvue Inc. (KVUE): A Bull Case Theory,"We came across a bullish thesis on Kenvue Inc. on The Value Road’s Substack. In this article, we will summarize the bulls’ thesis on KVUE which was published...",Yahoo Entertainment,https://finance.yahoo.com/news/kenvue-inc-kvue-bull-case-172108908.html,Ricardo Pillai,neutral,0.0,Business,stock market
2025-12-04,2025-12-04T17:21:00Z,"Gene Munster’s Innovator Deepwater Frontier Tech ETF (LOUP) Updates Strategy to Active Management, Capitalizing on Nimble Stock Selection","The ETF manages assets at the frontier of innovation, and has accomplished a 52% return year-to-date1.  WHEATON, Ill., Dec.  04, 2025  (GLOBE NEWSWIRE)...",GlobeNewswire,https://www.globenewswire.com/news-release/2025/12/04/3200180/0/en/Gene-Munster-s-Innovator-Deepwater-Frontier-Tech-ETF-LOUP-Updates-Strategy-to-Active-Management-Capitalizing-on-Nimble-Stock-Selection.html,Innovator Capital Management,neutral,0.033,Business,stock market
2025-12-04,2025-12-04T17:19:06Z,"Domino’s Pizza, Inc. (DPZ): A Bull Case Theory","We came across a bullish thesis on Domino’s Pizza, Inc. on Investing with Martin’s Substack. In this article, we will summarize the bulls’ thesis on DPZ...",Yahoo Entertainment,https://finance.yahoo.com/news/domino-pizza-inc-dpz-bull-171906443.html,Ricardo Pillai,neutral,0.0,Business,stock market
2025-12-04,2025-12-04T17:19:01Z,"Copart, Inc. (CPRT): A Bull Case Theory","We came across a bullish thesis on Copart, Inc. on Expanse Stocks’s Substack by Nikotes. In this article, we will summarize the bulls’ thesis on CPRT. Copart...",Yahoo Entertainment,https://finance.yahoo.com/news/copart-inc-cprt-bull-case-171901163.html,Ricardo Pillai,neutral,0.0,Business,stock market
2025-12-04,2025-12-04T17:18:25Z,Tencent Music Entertainment Group (TME): A Bull Case Theory,"We came across a bullish thesis on Tencent Music Entertainment Group on Brandon’s Substack’s. In this article, we will summarize the bulls’ thesis on TME...",Yahoo Entertainment,https://finance.yahoo.com/news/tencent-music-entertainment-group-tme-171825864.html,Ricardo Pillai,neutral,0.0,Business,stock market
2025-12-04,2025-12-04T17:18:19Z,uniQure N.V. (QURE): A Bear Case Theory,"We came across a bearish thesis on uniQure N.V. on augur’s substack. In this article, we will summarize the bulls’ thesis on QURE. uniQure N.V.’s share was...",Yahoo Entertainment,https://finance.yahoo.com/news/uniqure-n-v-qure-bear-171819405.html,Ricardo Pillai,neutral,0.0,Business,stock market
2025-12-04,2025-12-04T17:18:14Z,"SEBI Orders Impounding Of Rs 546-Crore 'Unlawful Gains' From Avadhut Sathe, His Academy","The Securities and Exchange Board of India issued an interim order against finfluencer Avadhut Sathe on Thursday for alleged unlawful gains of over Rs 546 crore, directing that these should be impounded from him and his academy. SEBI's order also bans Sathe f…",Ndtvprofit.com,https://www.ndtvprofit.com/markets/sebi-orders-impounding-of-rs-546-crore-unlawful-gains-from-avadhut-sathe-his-academy,Khushi Maheshwari,neutral,-0.1,Business,stock market
2025-12-04,2025-12-04T17:18:01Z,International Paper Company (IP): A Bear Case Theory,"We came across a bearish thesis on International Paper Company on Valueinvestorsclub.com by Sarelam34. In this article, we will summarize the bulls’ thesis...",Yahoo Entertainment,https://finance.yahoo.com/news/international-paper-company-ip-bear-171801722.html,Ricardo Pillai,neutral,0.0,Business,stock market
2025-12-04,2025-12-04T17:17:56Z,Electronic Arts Inc. (EA): A Bear Case Theory,"We came across a bearish thesis on Electronic Arts Inc. on CompoundingLab’s Substack. In this article, we will summarize the bulls’ thesis on EA. Electronic ...",Yahoo Entertainment,https://finance.yahoo.com/news/electronic-arts-inc-ea-bear-171756000.html,Ricardo Pillai,neutral,0.0,Business,stock market
2025-12-04,2025-12-04T17:17:44Z,"Duolingo, Inc. (DUOL): A Bull Case Theory","We came across a bullish thesis on Duolingo, Inc. on wallstreetbets subreddit by Significant_Papaya28. In this article, we will summarize the bulls’ thesis...",Yahoo Entertainment,https://finance.yahoo.com/news/duolingo-inc-duol-bull-case-171744438.html,Ricardo Pillai,neutral,0.0,Business,stock market
2025-12-04,2025-12-04T18:05:53Z,Darius Slay validly considering retirement over December in Buffalo,The Bills claimed Slay to create the hottest secondary of 2019. But the cold in Buffalo could be weighing on the 34-year-old.,USA Today,https://ftw.usatoday.com/story/sports/nfl/2025/12/04/darius-slay-considering-retirement-over-december-in-buffalo-bills/87606129007/,"Christian D'Andrea, For The Win",negative,-0.45,Business,earnings
2025-12-04,2025-12-04T18:04:01Z,Hewlett Packard Enterprise options imply 5.8% move in share price post-earnings,"See the rest of the story here.

thefly.com provides the latest financial news as it breaks. Known as a leader in market intelligence, The Fly's real-time, streaming news feed keeps individual investors, professional money managers, active traders, and corpor…",Thefly.com,https://thefly.com/permalinks/entry.php/id4250536/HPE-Hewlett-Packard-Enterprise-options-imply--move-in-share-price-postearnings,,positive,0.211,Business,earnings
2025-12-04,2025-12-04T18:03:12Z,Why Shares of Simulations Plus Soared This Week,"Key Points
-
Shares of Simulations Plus had gained more than 20% as of midday Thursday.
-
The company reported mixed results, but its guidance calls for revenue and earnings growth in fiscal 2026 despite a difficult environment.
-
Simulations Plus will lay ou…",Biztoc.com,https://biztoc.com/x/27002e74162b9d4b,finance.yahoo.com,neutral,0.0,Business,earnings
2025-12-04,2025-12-04T18:02:27Z,Caitlin Clark salary breakdown reveals how underpaid she is in the WNBA,"Amid stalled CBA talks, Clark's earnings will be affected,",Sporting News,https://www.sportingnews.com/us/wnba/indiana-fever/news/caitlin-clark-salary-breakdown-reveals-how-underpaid-she-wnba/b2faa9f4c5319c4f3df07f21,Jeremy Beren,neutral,0.0,Business,earnings
2025-12-04,2025-12-04T18:02:15Z,TriMas appoints Paul Swart as CFO,"See the rest of the story here.

thefly.com provides the latest financial news as it breaks. Known as a leader in market intelligence, The Fly's real-time, streaming news feed keeps individual investors, professional money managers, active traders, and corpor…",Thefly.com,https://thefly.com/permalinks/entry.php/id4250535/TRS-TriMas-appoints-Paul-Swart-as-CFO,,positive,0.211,Business,earnings
2025-12-04,2025-12-04T18:00:00Z,"Versant Plans MS Now DTC Offering, Unveils Pair Of Acquisitions Amid Comcast Split","Versant has set a raft of initiatives as it’s set to separate from parent Comcast in early 2026, unveiling plans for a direct-to-consumer offering for newly renamed MS NOW; a Fandango free ad-supported streaming offering, and acquisitions of Free TV Networks …",Deadline,http://deadline.com/2025/12/versant-msnow-dtc-offering-news-sports-comcast-split-1236635983/,Jillg366,positive,0.259,Business,earnings
2025-12-04,2025-12-04T17:59:56Z,"Gordon Haskett gets more bullish on Dollar General, upgrades shares","See the rest of the story here.

thefly.com provides the latest financial news as it breaks. Known as a leader in market intelligence, The Fly's real-time, streaming news feed keeps individual investors, professional money managers, active traders, and corpor…",Thefly.com,https://thefly.com/permalinks/entry.php/id4250534/DG-Gordon-Haskett-gets-more-bullish-on-Dollar-General-upgrades-shares,,positive,0.227,Business,earnings
2025-12-04,2025-12-04T17:59:00Z,Shareholders who lost money in shares of Telix Pharmaceuticals Ltd. (NASDAQ: TLX) Should Contact Wolf Haldenstein Immediately,"Lead Plaintiff Deadline is January 9, 2026 Lead Plaintiff Deadline is January 9, 2026",GlobeNewswire,https://www.globenewswire.com/news-release/2025/12/04/3200201/6819/en/Shareholders-who-lost-money-in-shares-of-Telix-Pharmaceuticals-Ltd-NASDAQ-TLX-Should-Contact-Wolf-Haldenstein-Immediately.html,Wolf Haldenstein Adler Freeman & Herz LLP,neutral,0.0,Business,earnings
2025-12-04,2025-12-04T17:57:31Z,"National Bank gets more bullish on BRP Inc., upgrades shares","See the rest of the story here.

thefly.com provides the latest financial news as it breaks. Known as a leader in market intelligence, The Fly's real-time, streaming news feed keeps individual investors, professional money managers, active traders, and corpor…",Thefly.com,https://thefly.com/permalinks/entry.php/id4250533/DOOO-National-Bank-gets-more-bullish-on-BRP-Inc-upgrades-shares,,positive,0.252,Business,earnings
2025-12-04,2025-12-04T17:57:05Z,"The WNBA's latest offer for the new CBA generates more mistrust, and Caitlin Clark and her teammates reject it","Caitlin Clark and her teammates have rejected the WNBA&apos;s latest offer for a new Collective Bargaining Agreement, citing concerns over revenue sharing and player rights as the",Marca,https://www.marca.com/en/basketball/wnba/indiana-fever/2025/12/04/6931b693e2704e2d238b45f5.html,marca.com,positive,0.355,Business,earnings
2025-12-04,2025-12-04T17:56:12Z,Mixed options sentiment in Coinbase with shares down 0.15%,"See the rest of the story here.

thefly.com provides the latest financial news as it breaks. Known as a leader in market intelligence, The Fly's real-time, streaming news feed keeps individual investors, professional money managers, active traders, and corpor…",Thefly.com,https://thefly.com/permalinks/entry.php/id4250532/COIN-Mixed-options-sentiment-in-Coinbase-with-shares-down-,,positive,0.139,Business,earnings
2025-12-04,2025-12-04T17:55:29Z,"UiPath price target raised by $2 at BofA, here's why","See the rest of the story here.

thefly.com provides the latest financial news as it breaks. Known as a leader in market intelligence, The Fly's real-time, streaming news feed keeps individual investors, professional money managers, active traders, and corpor…",Thefly.com,https://thefly.com/permalinks/entry.php/id4250531/PATH-UiPath-price-target-raised-by--at-BofA-heres-why,,positive,0.211,Business,earnings
2025-12-04,2025-12-04T17:54:38Z,"Warby Parker to finish 2025 more profitable than expected, Reuters reports","See the rest of the story here.

thefly.com provides the latest financial news as it breaks. Known as a leader in market intelligence, The Fly's real-time, streaming news feed keeps individual investors, professional money managers, active traders, and corpor…",Thefly.com,https://thefly.com/permalinks/entry.php/id4250530/WRBY-Warby-Parker-to-finish--more-profitable-than-expected-Reuters-reports,,positive,0.208,Business,earnings
2025-12-04,2025-12-04T17:51:16Z,"Server prices set to jump 15%, PCs 5%, as memory costs spike - channel sources","Major OEMs are plotting double-digit hikes as DRAM and NAND shortages bite
Exclusive Server and PC prices are climbing sharply as hardware manufacturers grapple with soaring memory component costs, multiple supply chain sources have told The Register.…",Theregister.com,https://www.theregister.com/2025/12/04/server_prices_15_percent_jump_memory_costs/,Paul Kunert,neutral,-0.021,Business,earnings
2025-12-04,2025-12-04T17:51:03Z,These Analysts Revise Their Forecasts On nCino After Q3 Results,"nCino, Inc. (NASDAQ:NCNO) reported better-than-expected third-quarter financial results and raised its FY26 guidance above estimates on Wednesday.
Ncino reported quarterly earnings of 31 cents per share which beat the analyst consensus estimate of 20 cents pe…",Biztoc.com,https://biztoc.com/x/eb2b4ecd370fdecf,benzinga.com,neutral,0.0,Business,earnings
2025-12-04,2025-12-04T17:50:54Z,"Edo gov disburses ₦200m, awards scholarships to 47 deceased workers’ families","Edo State Governor supports 47 deceased workers’ families with over ₦200m in insurance benefits and scholarships through the Group Life Insurance Scheme.

Read More: https://punchng.com/edo-gov-disburses-%e2%82%a6200m-awards-scholarships-to-47-deceased-worker…",The Punch,https://punchng.com/edo-gov-disburses-₦200m-awards-scholarships-to-47-deceased-workers-families/,Punch Newspapers,positive,0.5,Business,earnings
2025-12-04,2025-12-04T17:47:49Z,Meta Reality Labs Reportedly Facing Up To 30% Budget Cut,"Meta Reality Labs is facing up to 30% budget cuts, Bloomberg reports, higher than the 10% Mark Zuckerberg normally asks for during budget cycles.",UploadVR,https://www.uploadvr.com/meta-reality-labs-reportedly-facing-up-to-30-budget-cut/,David Heaney,positive,0.2,Business,earnings
2025-12-04,2025-12-04T17:47:13Z,TD Cowen Grows Bearish on $60 Billion Bitcoin Giant Strategy—Here's Why,"After Strategy established a $1.44 billion cash reserve and said it may need to sell Bitcoin, TD Cowen has lowed its MSTR price target.",Decrypt,https://decrypt.co/350944/td-cowen-grows-bearish-60-billion-bitcoin-giant-strategy,André Beganski,neutral,0.0,Business,earnings
2025-12-04,2025-12-04T17:44:02Z,Oracle Corporation (ORCL): A Bull Case Theory,"We came across a bullish thesis on Oracle Corporation on techcache’s Substack by Joe Albano. In this article, we will summarize the bulls’ thesis on ORCL...",Yahoo Entertainment,https://finance.yahoo.com/news/oracle-corporation-orcl-bull-case-174402723.html,Ricardo Pillai,neutral,0.0,Business,earnings
2025-12-04,2025-12-04T17:40:18Z,"IndiGo says it ‘misjudged’ new crew rules, assures full stability by 10 February","The development follows unruly, chaotic scenes at airports nationwide on Thursday, as IndiGo struggled to manage irate travellers across airports. Protests broke out across terminals and fistfights were reported in Kolkata, prompting CISF intervention in Beng…",Livemint,https://www.livemint.com/companies/news/indigo-says-it-misjudged-new-crew-rules-assures-full-stability-by-10-february-dgca-11764859597646.html,"Abhishek Law, Dipali Banka",positive,0.243,Business,earnings
2025-12-04,2025-12-04T17:40:11Z,Stock Pauses Ahead Of Earnings: What's Going On?,"GameStop Corp (NYSE:GME) shares are trading flat Thursday following recent strength. Volatility was sparked over the holiday weekend when “Big Short” investor Michael Burry published 2019 emails exchanged with Keith Gill, also know as “Roaring Kitty.” Here’s …",Biztoc.com,https://biztoc.com/x/f6f3cf53c25aa43a,benzinga.com,neutral,-0.005,Business,earnings
2025-12-04,2025-12-04T17:40:06Z,UiPath Analysts Boost Their Forecasts Following Strong Q3 Earnings,"UiPath Inc. (NYSE:PATH) posted upbeat results for the third quarter on Wednesday.
UiPath reported quarterly adjusted earnings of 16 cents per share, which beat the Street estimate of 15 cents. Quarterly revenue clocked in at $411.11 million, which beat the co…",Biztoc.com,https://biztoc.com/x/f0e8935532844eba,benzinga.com,positive,0.144,Business,earnings
2025-12-04,2025-12-04T17:40:05Z,Option traders moderately bearish in Chipotle with shares down 0.19%,"See the rest of the story here.

thefly.com provides the latest financial news as it breaks. Known as a leader in market intelligence, The Fly's real-time, streaming news feed keeps individual investors, professional money managers, active traders, and corpor…",Thefly.com,https://thefly.com/permalinks/entry.php/id4250529/CMG-Option-traders-moderately-bearish-in-Chipotle-with-shares-down-,,positive,0.139,Business,earnings
2025-12-04,2025-12-04T17:39:53Z,Ulta Beauty Earnings Are Imminent; These Most Accurate Analysts Revise Forecasts Ahead Of Earnings Call,"Ulta Beauty, Inc. (NASDAQ:ULTA) will release earnings results for the third quarter after the closing bell on Thursday, Dec. 4.
Analysts expect the Bolingbrook, Illinois-based company to report quarterly earnings at $4.60 per share, down from $5.14 per share …",Biztoc.com,https://biztoc.com/x/d4205551af39eeec,benzinga.com,positive,0.186,Business,earnings
2025-12-04,2025-12-04T17:39:52Z,Wall Street Loves CrowdStrike Stock After Q3 Earnings. Should You?,,Biztoc.com,https://biztoc.com/x/aafd5dd832058d6b,barchart.com,neutral,0.0,Business,earnings
2025-12-04,2025-12-04T17:33:00Z,Ford CEO Jim Farley celebrates $1 billion 'common sense victory',Automakers paid a steep price to satisfy the Biden administration's fuel efficiency goals. While some of that price was used to improve fuel standards...,TheStreet,https://www.thestreet.com/automotive/ford-ceo-jim-farley-celebrates-1-billion-common-sense-victory,Tony Owusu,negative,-0.3,Business,earnings
2025-12-04,2025-12-04T17:30:05Z,Future of newsletters: 6 trends changing the newsletter industry in the next year,What does the future of newsletters look like for brands and businesses like yours? Here are six trends and changes that marketers will face in 2026.,Hubspot.com,https://blog.hubspot.com/marketing/future-of-newsletters#article,rsukhraj@hubspot.com (Ramona Sukhraj),neutral,0.0,Business,earnings
2025-12-04,2025-12-04T17:29:33Z,Top Stocks to Double Up on Right Now,"Key Points
-
Shares of Nvidia, BBB Foods, and Trex are compelling right now for very different reasons.
-
Nvidia's 15% pullback along with rising profit targets find the market cap king trading at forward earnings multiple that is a big discount to its curren…",Biztoc.com,https://biztoc.com/x/9a975ce4756328d8,finance.yahoo.com,positive,0.152,Business,earnings
2025-12-04,2025-12-04T17:29:02Z,These Analysts Slash Their Forecasts On Descartes Systems Following Q3 Results,"The Descartes Systems Group Inc. (NASDAQ:DSGX) reported better-than-expected earnings for the third quarter on Wednesday.
The company posted quarterly earnings of 50 cents per share which beat the analyst consensus estimate of 45 cents per share. The company …",Biztoc.com,https://biztoc.com/x/c3db2bfaf86922a1,benzinga.com,neutral,0.0,Business,earnings
2025-12-04,2025-12-04T17:28:42Z,Five Below Analysts Increase Their Forecasts Following Upbeat Q3 Earnings,"Five Below Inc (NASDAQ:FIVE) reported better-than-expected financial results for the third quarter after the market close on Wednesday.
Five Below reported third-quarter revenue of $1.04 billion, beating estimates of $983.07 million, per Benzinga Pro. The ret…",Biztoc.com,https://biztoc.com/x/5134911bb0c6194a,benzinga.com,neutral,0.0,Business,earnings
2025-12-04,2025-12-04T17:28:13Z,Mizuho sees 'significant rally ahead' for Meta Platforms,"See the rest of the story here.

thefly.com provides the latest financial news as it breaks. Known as a leader in market intelligence, The Fly's real-time, streaming news feed keeps individual investors, professional money managers, active traders, and corpor…",Thefly.com,https://thefly.com/permalinks/entry.php/id4250527/META-Mizuho-sees-significant-rally-ahead-for-Meta-Platforms,,positive,0.235,Business,earnings
2025-12-04,2025-12-04T17:27:41Z,"General Atlantic-backed ASG Eye Hospital eyes ₹2,000 crore investment for expansion by 2030",The Jodhpur-headquartered hospital chain has over 175 hospitals and 200 vision centres across more than 95 cities in India. It is planning to grow its centres to 600-700 in the next four years.,Livemint,https://www.livemint.com/companies/general-atlantic-backed-asg-eye-hospital-eyes-2-000-crore-investment-for-expansion-by-2030-11764859847031.html,Jessica Jani,positive,0.183,Business,earnings
2025-12-04,2025-12-04T17:26:26Z,SMX (Security Matters) PLC trading resumes,"See the rest of the story here.

thefly.com provides the latest financial news as it breaks. Known as a leader in market intelligence, The Fly's real-time, streaming news feed keeps individual investors, professional money managers, active traders, and corpor…",Thefly.com,https://thefly.com/permalinks/entry.php/id4250526/SMX-SMX-Security-Matters-PLC-trading-resumes,,positive,0.211,Business,earnings
2025-12-04,2025-12-04T17:24:27Z,"UiPath price target raised by $4 at BMO Capital, here's why","See the rest of the story here.

thefly.com provides the latest financial news as it breaks. Known as a leader in market intelligence, The Fly's real-time, streaming news feed keeps individual investors, professional money managers, active traders, and corpor…",Thefly.com,https://thefly.com/permalinks/entry.php/id4250525/PATH-UiPath-price-target-raised-by--at-BMO-Capital-heres-why,,positive,0.211,Business,earnings
2025-12-04,2025-12-04T17:23:57Z,Mixed options sentiment in Kenvue Inc with shares up 0.38%,"See the rest of the story here.

thefly.com provides the latest financial news as it breaks. Known as a leader in market intelligence, The Fly's real-time, streaming news feed keeps individual investors, professional money managers, active traders, and corpor…",Thefly.com,https://thefly.com/permalinks/entry.php/id4250524/KVUE-Mixed-options-sentiment-in-Kenvue-Inc-with-shares-up-,,positive,0.181,Business,earnings
2025-12-04,2025-12-04T17:21:26Z,"SMX (Security Matters) PLC trading halted, volatility trading pause","See the rest of the story here.

thefly.com provides the latest financial news as it breaks. Known as a leader in market intelligence, The Fly's real-time, streaming news feed keeps individual investors, professional money managers, active traders, and corpor…",Thefly.com,https://thefly.com/permalinks/entry.php/id4250523/SMX-SMX-Security-Matters-PLC-trading-halted-volatility-trading-pause,,positive,0.211,Business,earnings
2025-12-04,2025-12-04T17:19:12Z,Hugo Boss price target lowered by EUR 5 at Deutsche Bank,"See the rest of the story here.

thefly.com provides the latest financial news as it breaks. Known as a leader in market intelligence, The Fly's real-time, streaming news feed keeps individual investors, professional money managers, active traders, and corpor…",Thefly.com,https://thefly.com/permalinks/entry.php/id4250522/BOSSY-Hugo-Boss-price-target-lowered-by-EUR--at-Deutsche-Bank,,positive,0.211,Business,earnings
2025-12-04,2025-12-04T17:18:52Z,Airbus price target lowered by EUR 6 at Deutsche Bank,"See the rest of the story here.

thefly.com provides the latest financial news as it breaks. Known as a leader in market intelligence, The Fly's real-time, streaming news feed keeps individual investors, professional money managers, active traders, and corpor…",Thefly.com,https://thefly.com/permalinks/entry.php/id4250521/EADSY-Airbus-price-target-lowered-by-EUR--at-Deutsche-Bank,,positive,0.211,Business,earnings
2025-12-04,2025-12-04T17:18:14Z,Marc Benioff is writing Salesforce's annual strategy document. He shared the key details early with Business Insider.,The CEO is a few weeks into drafting the company's annual strategy plan. He shared the vision so far.,Business Insider,https://www.businessinsider.com/marc-benioff-salesforce-strategy-upcoming-year-2025-12,Ashley Stewart,neutral,0.0,Business,earnings
2025-12-04,2025-12-04T17:59:55Z,Starlink on Track to Receive $661 Million From Federal Broadband Program,"Close to $1 billion from the Broadband Equity, Access, and Deployment (BEAD) program will go to SpaceX and Amazon's Leo to help bring high-speed internet to underserved areas.
SpaceX’s Starlink is poised to receive $661 million in government funds as all 50 s…",PCMag.com,https://uk.pcmag.com/networking/161844/starlink-on-track-to-receive-661-million-from-federal-broadband-program,Michael Kan,neutral,0.0,Business,federal reserve
2025-12-04,2025-12-04T17:56:51Z,"Ex-Signature Bank Execs Launch Blockchain-Powered Narrow Bank Backed by Paradigm, Winklevoss","N3XT Bank, operating under a Wyoming charter, aims to provide programmable U.S. dollar payments around the clock without lending deposits.",CoinDesk,https://www.coindesk.com/business/2025/12/04/ex-signature-bank-execs-launch-blockchain-powered-narrow-bank-backed-by-paradigm-winklevoss,Krisztian Sandor,negative,-0.2,Business,federal reserve
2025-12-04,2025-12-04T17:51:26Z,Congressional watchdog probes Trump FHFA chief Bill Pulte,"Pulte has made allegations of mortgage fraud against New York Attorney General Letitia James, Fed Gov. Lisa Cook, Sen. Adam Schiff, and Rep. Eric Swalwell.",CNBC,https://www.cnbc.com/2025/12/04/congressional-watchdog-probes-trump-fhfa-chief-bill-pulte.html,,neutral,0.093,Business,federal reserve
2025-12-04,2025-12-04T17:51:02Z,Tariffs and the $38 trillion national debt: Kevin Hassett sees ‘big reductions’ in deficit while Scott Bessent sees a ‘shrinking ice cube’,"Kevin Hassett, director of the National Economic Council and the current favorite to take over as Federal Reserve chairman, argued on Thursday President Donald Trump’s sweeping tariffs are playing a meaningful role in tackling America’s $38 trillion national …",Biztoc.com,https://biztoc.com/x/2ff005eea0f17df0,fortune.com,positive,0.24,Business,federal reserve
2025-12-04,2025-12-04T17:08:13Z,Government accountability office opens investigation into FHFA chief Bill Pulte,An independent investigative watchdog for Congress has opened an investigation into Federal Housing Finance director Bill Pulte.,NBC News,https://www.nbcnews.com/business/real-estate/trump-gao-probe-bill-pulte-rcna247412,Steve Kopack,neutral,0.0,Business,federal reserve
2025-12-04,2025-12-04T17:06:31Z,"Market doubts Hassett can deliver at Fed, PGIM’s Peters says","Kevin Hassett may not have the ability to deliver the rapid pace of interest rate cuts US President Donald Trump would like even if he is approved as the next Federal Reserve Chair, said Gregory Peters, co-chief investment officer at PGIM Fixed Income.
Peters…",Biztoc.com,https://biztoc.com/x/47542cc68bc30136,fortune.com,neutral,0.05,Business,federal reserve
2025-12-04,2025-12-04T17:00:41Z,Mortgage rates dip back toward year-to-date lows,"The average 30-year mortgage rate was 6.19% for the week through Wednesday, from 6.23% a week earlier. Since October, mortgage rates have held steady in the ...",Yahoo Entertainment,https://finance.yahoo.com/news/mortgage-rates-dip-back-toward-year-to-date-lows-170041626.html,Claire Boston,neutral,0.004,Business,federal reserve
2025-12-04,2025-12-04T17:00:25Z,"BNB Nears $910 as Volume Jumps 68%, Signaling Growing Interest Near Resistance Zone","The token is trading in a sideways range, holding above recent lows near $896, while a breakout above $920-$928 resistance could push BNB toward $1,000.",CoinDesk,https://www.coindesk.com/markets/2025/12/04/bnb-nears-usd910-as-volume-jumps-68-signaling-growing-interest-near-resistance-zone,"CD Analytics, Francisco Rodrigues",neutral,0.04,Business,federal reserve
2025-12-04,2025-12-04T16:56:02Z,Black men who were fired from key transportation boards accuse Trump of a pattern of discrimination,Two Black men who were fired by President Donald Trump from the National Transportation Safety Board and the U.S. Surface Transportation Board accused the administration Thursday of discriminating against them as part of a pattern of dismissing Black leaders.,KPRC Click2Houston,https://www.click2houston.com/news/politics/2025/12/04/black-men-who-were-fired-from-key-transportation-boards-accuse-trump-of-a-pattern-of-discrimination/,Josh Funk,negative,-0.125,Business,federal reserve
2025-12-04,2025-12-04T16:55:28Z,Bitcoin ETFs extend inflow streak as BTC price nears $93K,Bitcoin ETFs log five days of inflows as BTC climbs back above $93K. Analysts say ETF outflows overstated as broader forces drove the sellof. Vanguard’s crypto ETF reversal boosts institutional demand and sentiment. Bitcoin exchange-traded funds continued to …,Coinjournal.net,https://coinjournal.net/news/bitcoin-etfs-extend-inflow-streak-as-btc-price-nears-93k/,Utkarsh Roshan,neutral,0.0,Business,federal reserve
2025-12-04,2025-12-04T16:54:12Z,Will Home Prices Finally Fall in 2026?,"Housing prices don't fall that often.
The post Will Home Prices Finally Fall in 2026? appeared first on A Wealth of Common Sense.
...",Awealthofcommonsense.com,https://awealthofcommonsense.com/2025/12/will-home-prices-finally-fall-in-2026/,Ben Carlson,neutral,-0.012,Business,federal reserve
2025-12-04,2025-12-04T16:43:55Z,The Fed may cut interest rates next week. Here's what happened to mortgage rates the last two times it did that.,"With another Fed rate cut looming, it helps to know the recent history behind rate cuts and mortgage rate reactions.",CBS News,https://www.cbsnews.com/news/fed-december-2025-interest-rate-cut-mortgage-rates-last-two-times-it-did-that/,Matt  Richardson,neutral,-0.1,Business,federal reserve
2025-12-04,2025-12-04T16:37:00Z,"US housing market poised to crash ‘worse than 2008,’ expert warns. And 50% plunge could start in 2026. Protect yourself","This time, she argues, large investors may not step in.",Yahoo Entertainment,https://finance.yahoo.com/news/us-housing-market-poised-crash-163700554.html,Jing Pan,neutral,-0.093,Business,federal reserve
2025-12-04,2025-12-04T16:26:41Z,Ahead of Market: 10 things that will decide stock market action on Friday,"Indian markets ended slightly higher as IT stocks gained ahead of the RBI policy decision. Mixed global cues, a weak rupee and FII outflows capped gains, while analysts warned of resistance near 26,150 and possible volatility on Friday.",The Times of India,https://economictimes.indiatimes.com/markets/stocks/news/ahead-of-market-10-things-that-will-decide-stock-market-action-on-friday/articleshow/125769966.cms,Riya Sharma,neutral,0.011,Business,federal reserve
2025-12-04,2025-12-04T16:21:42Z,Has Been Fueled by Easy Money,"The Lane Kiffin saga has dominated sports headlines this past week, highlighting the sea changes that have come over college sports—an especially college football—in the past decade. Much of this change is being driven by the easy money regime of the Federal …",Biztoc.com,https://biztoc.com/x/8de382f3c693398d,mises.org,neutral,0.094,Business,federal reserve
2025-12-04,2025-12-04T16:20:57Z,U.S. filings for jobless benefits fall to lowest level since mid-2022,"The number of Americans applying for jobless benefits for the week ending Nov. 29 fell to 191,000 from the previous week’s 218,000, the Labor Department reported Thursday. That’s the lowest level since September 24, 2022, when claims came in at 189,000.",PBS,https://www.pbs.org/newshour/economy/u-s-filings-for-jobless-benefits-fall-to-lowest-level-since-mid-2022,"Matt Ott, Associated Press",negative,-0.167,Business,federal reserve
2025-12-04,2025-12-04T16:00:56Z,The U.S.’s 150-Year Job CRISIS!,"Analyst Greg Mannarino says that the United States is in an epic 150-year job crisis. ""They are admitting that we are losing jobs,"" he said, quoting Reuters. We have all felt the sting of inflation lately, and Mannarino says this is only the beginning.",Shtfplan.com,https://www.shtfplan.com/member-exclusive/the-u-s-s-150-year-job-crisis,Mac Slavo,neutral,-0.067,Business,federal reserve
2025-12-04,2025-12-04T16:00:46Z,Private Credit Profits Come Under Threat as Loan Margins Narrow,The worst bear markets in a generation brought private credit firms to prominence in 2022. This year’s bull markets have laid them low.,Financial Post,https://financialpost.com/pmn/business-pmn/private-credit-profits-come-under-threat-as-loan-margins-narrow,Bloomberg News,negative,-0.24,Business,federal reserve
2025-12-04,2025-12-04T16:00:00Z,Don’t Trust the Government to Solve the Housing Affordability Problem That It Created,"Owning a home is a cornerstone of the American Dream. But with the recent rise in home prices and mortgage rates, homeownership feels like a... Read More
The post Don’t Trust the Government to Solve the Housing Affordability Problem That It Created appeared f…",Daily Signal,https://www.dailysignal.com/2025/12/04/dont-trust-the-government-to-solve-the-housing-affordability-problem-that-it-created/,Preston Brashers,positive,0.167,Business,federal reserve
2025-12-04,2025-12-04T15:54:12Z,Wall Street drifts while Dollar General and Spam sales jump in a market hungry for affordability,The U.S. stock market is holding near its records on Thursday.,Fortune,https://fortune.com/2025/12/04/dollar-general-hormel-stock-wall-street-affordability/,"Stan Choe, The Associated Press",neutral,0.075,Business,federal reserve
2025-12-04,2025-12-04T15:22:46Z,Bitcoin rejects at key $93.5K as Fed rate-cut bets meet 'strong' bear case,"Bitcoin price action fell back toward $90,000 on strong US jobs data as BTC ignored Fed rate-cut optimism, failing to flip the yearly open to support.",Cointelegraph,https://cointelegraph.com/news/bitcoin-rejects-key-93-5k-fed-rate-cut-ignore-strong-jobs-data,Cointelegraph by William Suberg,positive,0.161,Business,federal reserve
2025-12-04,2025-12-04T15:02:44Z,"What are today's mortgage interest rates: December 4, 2025?",Looking to buy a home or refinance your current one now? Here are the mortgage interest rates you need to know.,CBS News,https://www.cbsnews.com/news/todays-mortgage-interest-rates-december-4-2025/,Matt  Richardson,neutral,0.0,Business,federal reserve
2025-12-04,2025-12-04T15:01:56Z,Wall Street hangs near its all-time high as calm continues to hold,"The market continues a calm run following weeks of sharp swings for stocks, which struggled with worries about overinvestment in AI.",Boston Herald,https://www.bostonherald.com/2025/12/04/wall-street-dollar-general-kroger/,Associated Press,positive,0.123,Business,federal reserve
2025-12-04,2025-12-04T14:55:57Z,The Anti-MAGA Economics of the Second Trump Administration,How Trump has defaulted on his MAGA promises.,Nakedcapitalism.com,https://www.nakedcapitalism.com/2025/12/the-anti-maga-economics-of-the-second-trump-administration.html,Yves Smith,neutral,0.0,Business,federal reserve
2025-12-04,2025-12-04T14:43:57Z,"BlackRock stays risk-on into 2026, Binance Launches ‘Binance Junior’ for Kids, Kalshi Partners with CNN - Daily Crypto Recap",Decrypt's daily crypto news recap with @tyler_did_it. Your crypto round-up for December 4th 2025,Decrypt,https://decrypt.co/videos/interviews/eX3XwJr8/blackrock-stays-risk-on-into-2026-binance-launches-binance-junior-for-kids-kalshi-partners-with-cnn-daily-crypto-recap,,neutral,0.0,Business,federal reserve
2025-12-04,2025-12-04T14:41:07Z,"Stock market today: Dow, S&P 500, Nasdaq waver as Wall Street cements in rate-cut hopes","US stocks inched higher on Thursday as Wall Street digested fresh jobs data, with traders increasingly baking in expectations that the Federal Reserve will deliver a December rate cut.
The Dow Jones Industrial Average (^DJI) and the S&P 500 (^GSPC) put on aro…",Biztoc.com,https://biztoc.com/x/31677f0352fafd90,finance.yahoo.com,positive,0.133,Business,federal reserve
2025-12-04,2025-12-04T14:40:14Z,Wall Street Opens Higher On Fed Rate Cut Bets; Meta Surges 4%,"The major US stock market indices S&P 500, Dow Jones Industrial Average, and Nasdaq Composite extended previous day's gains at open on Thursday after ADP Job data fuelled Fed rate cut bets.",Ndtvprofit.com,https://www.ndtvprofit.com/markets/us-stock-market-today-wall-street-opens-higher-on-fed-rate-cut-bets-meta-surges-4,Khushi Maheshwari,neutral,-0.001,Business,federal reserve
2025-12-04,2025-12-04T14:40:03Z,Stock market holds steady as rate cut hopes solidify,US stock futures were in a holding pattern Thursday as Wall Street waited for fresh data to test expectations that the Federal Reserve will deliver a December rate cut. The market seemed content to pause after recent gains while investors digested the latest …,Rolling Out,https://rollingout.com/2025/12/04/stock-market-holds-steady-rate-cut/,Vera Emoghene,positive,0.242,Business,federal reserve
2025-12-04,2025-12-04T14:37:56Z,US stocks open higher as investors mull Fed rate cuts,Wall Street's main indexes opened slightly higher on Thursday as investors parsed a fresh batch of labor market data to gauge the odds of a much-anticipated Federal Reserve interest rate cut when it meets next week.,The Times of India,https://economictimes.indiatimes.com/markets/stocks/news/us-stocks-open-higher-as-investors-mull-fed-rate-cuts/articleshow/125768914.cms,Reuters,positive,0.161,Business,federal reserve
2025-12-04,2025-12-04T14:36:42Z,"Dow, S&P 500 Inch Back Toward Record Highs","The Dow, S&P 500, and Nasdaq are slipping as the stock market remains focused on next week's Federal Reserve meeting and upcoming economic data",Barron's,https://www.barrons.com/livecoverage/stock-market-news-today-120425,Karishma Vanjani,neutral,0.025,Business,federal reserve
2025-12-04,2025-12-04T14:30:06Z,"Market Doubts Hassett Can Deliver at Fed, PGIM’s Peters Says","Kevin Hassett may not have the ability to deliver the rapid pace of interest rate cuts US President Donald Trump would like even if he is approved as the next Federal Reserve Chair, said Gregory Peters, co-chief investment officer at PGIM Fixed Income.
Peters…",Biztoc.com,https://biztoc.com/x/9645729858353f4c,finance.yahoo.com,neutral,0.05,Business,federal reserve
2025-12-04,2025-12-04T14:30:00Z,Mediacom Communications Introduces New Low-Cost Broadband Option for Military Personnel,Mediacom Communications today announced the launch of a new low-cost broadband service option for active-duty military members and veterans. ......,GlobeNewswire,https://www.globenewswire.com/news-release/2025/12/04/3199918/0/en/Mediacom-Communications-Introduces-New-Low-Cost-Broadband-Option-for-Military-Personnel.html,Mediacom Communications,neutral,0.018,Business,federal reserve
2025-12-04,2025-12-04T14:06:46Z,"Mortgage Rates Today, Thursday, December 4: Lower for Now",TL;DR: Mortgage rates stay low as markets bet on a Fed cut.,NerdWallet,https://www.nerdwallet.com/mortgages/news/mortgage-rates-today-thursday-december-4-2025#article,Kate Wood,neutral,0.0,Business,federal reserve
2025-12-04,2025-12-04T14:03:58Z,"US filings for jobless benefits fall to 191,000, lowest since September of 2022","U.S. applications for unemployment benefits fell to their lowest level in more than three years last week, potentially complicating the Federal Reserve’s upcoming decision on interest rates",ABC News,https://abcnews.go.com/Business/wireStory/us-filings-jobless-benefits-fall-191000-lowest-september-128106033,MATT OTT AP business writer,positive,0.167,Business,federal reserve
2025-12-04,2025-12-04T14:00:00Z,"US stablecoin rules split global liquidity with Europe, CertiK warns","US stablecoin rules under the GENIUS Act are splitting global liquidity with Europe, creating regional markets and potentially leading to cross-border friction, a report says.",Cointelegraph,https://cointelegraph.com/news/us-genius-act-eu-mica-stablecoin-liquidity-split,Cointelegraph by Sam Bourgi,neutral,0.0,Business,federal reserve
2025-12-04,2025-12-04T13:57:44Z,Critical minerals or political optics? The uncertain fate of New Brunswick’s Sisson mining project,"As Canada seeks to secure tungsten supply amid global demand, Sisson’s long delays raise doubts over how serious development plans really are",Financial Post,https://financialpost.com/commodities/mining/critical-minerals-political-optics-new-brunswick-sisson-mining-project,Andrew Rankin,neutral,0.044,Business,federal reserve
2025-12-04,2025-12-04T13:56:26Z,Economists double down on December Fed cut despite policymaker divide: Reuters Poll,"NOW is the time to buy the dip in crypto, Wolfe says
By Sarupya Ganguly
BENGALURU, Dec 4 (Reuters) - The U.S. Federal Reserve will reduce its key interest rate by a quarter-percentage point at the December 9-10 policy meeting to support a cooling labour marke…",Biztoc.com,https://biztoc.com/x/4456672b4a07d48e,investing.com,neutral,-0.052,Business,federal reserve
2025-12-04,2025-12-04T13:55:57Z,Chicago Fed sees November unemployment rate steady at 4.4% as alternate data shows job losses,"NOW is the time to buy the dip in crypto, Wolfe says
By Howard Schneider
WASHINGTON, Dec 4 (Reuters) - The U.S. unemployment rate was unchanged around 4.4% in November, the Chicago Federal Reserve estimated on Thursday, while closely watched data from a priva…",Biztoc.com,https://biztoc.com/x/89c5ef928c58f68a,investing.com,neutral,0.083,Business,federal reserve
2025-12-04,2025-12-04T13:22:50Z,Wolfe outlines six reasons why 10-year U.S. yields may not fall in 2026,"NOW is the time to buy the dip in crypto, Wolfe says
Investing.com - U.S. Treasury yields ticked higher on Thursday, with investors awaiting a raft of new economic data and gauging expectations for a Federal Reserve interest rate cut next week.
Get premium ne…",Biztoc.com,https://biztoc.com/x/0fd5165f52ac0595,investing.com,positive,0.147,Business,federal reserve
2025-12-04,2025-12-04T13:15:47Z,SCOTUS Delays Trump Bid to Oust Perlmutter Pending Arguments in Similar Cases,"Last week, the U.S. Supreme Court issued an order deferring a decision in Trump v. Perlmutter, a case in which President Donald Trump is asking the Court to stay an interlocutory injunction issued by the U.S. Court of Appeals for the D.C. Circuit in September…",IPWatchdog.com,https://ipwatchdog.com/2025/12/04/scotus-delays-trump-bid-oust-perlmutter-pending-arguments-similar-cases/,Eileen McDermott,neutral,0.0,Business,federal reserve
2025-12-04,2025-12-04T18:00:00Z,Acute Myeloid Leukemia Clinical Trial Pipeline Appears Robust With 100+ Key Pharma Companies Actively Working in the Domain | DelveInsight,"Acute myeloid leukemia (AML) is an aggressive cancer of the blood and bone marrow, characterized by rapid growth of abnormal white blood cells. As AML primarily affects older adults, the global rise in aging populations is significantly increasing the at-risk…",GlobeNewswire,https://www.globenewswire.com/news-release/2025/12/04/3200202/0/en/Acute-Myeloid-Leukemia-Clinical-Trial-Pipeline-Appears-Robust-With-100-Key-Pharma-Companies-Actively-Working-in-the-Domain-DelveInsight.html,DelveInsight Business Research LLP,positive,0.223,Business,interest rates
2025-12-04,2025-12-04T17:48:54Z,"Sleep tight, don't let the ₹@90 bug bite",India's chief economic adviser is unconcerned about the rupee's recent slip past 90 against the dollar. The Reserve Bank of India also maintains a calm stance. This approach allows the RBI to focus on controlling inflation and fostering economic growth. The r…,The Times of India,https://economictimes.indiatimes.com/opinion/et-editorial/sleep-tight-dont-let-the-90-bug-bite/articleshow/125771920.cms,ET Bureau,neutral,0.045,Business,interest rates
2025-12-04,2025-12-04T17:48:22Z,3 big reasons to start the credit card debt relief process before 2026,"Starting the debt relief process now, before 2026 rolls around, could save you money, stress and time.",CBS News,https://www.cbsnews.com/news/reasons-to-start-the-credit-card-debt-relief-process-before-2026/,Angelica  Leicht,neutral,0.0,Business,interest rates
2025-12-04,2025-12-04T17:38:47Z,"Average US long-term mortgage rate falls to 6.19%, near its low for the year",It’s now at the lowest level since Oct. 30.,Boston Herald,https://www.bostonherald.com/2025/12/04/mortgage-rates-dec-4/,Associated Press,neutral,-0.017,Business,interest rates
2025-12-04,2025-12-04T17:35:00Z,Residential Real Estate Expert Dennisha Denney Shares Strategies for Navigating the North Texas Real Estate Market in HelloNation,Residential real estate expert Dennisha Denney answers how sellers and buyers can make confident decisions in the North Texas real estate market. ......,GlobeNewswire,https://www.globenewswire.com/news-release/2025/12/04/3200189/0/en/Residential-Real-Estate-Expert-Dennisha-Denney-Shares-Strategies-for-Navigating-the-North-Texas-Real-Estate-Market-in-HelloNation.html,HelloNation Staff Writer,positive,0.26,Business,interest rates
2025-12-04,2025-12-04T17:30:05Z,Intent-based marketing: How to target ready buyers,"Intent-based marketing targets buyers showing active purchase signals. Get actionable strategies, AI tools, and measurement frameworks to boost conversions.",Hubspot.com,https://blog.hubspot.com/marketing/intent-based-marketing#article,esantiago@hubspot.com (Erica Santiago),neutral,0.033,Business,interest rates
2025-12-04,2025-12-04T17:13:30Z,"Stocks higher, dollar to extend losing streak, as markets weigh rate cuts","NEW YORK/LONDON, Dec 4 : Global shares edged up on Thursday, powered by expectations that a U.S. rate cut will support the world's largest economy after data showed employment is slowing, while the dollar was lower and poised for its 10th straight day of loss…",CNA,https://www.channelnewsasia.com/business/stocks-higher-dollar-extend-losing-streak-markets-weigh-rate-cuts-5538331,,positive,0.147,Business,interest rates
2025-12-04,2025-12-04T17:06:52Z,Are You Making Dave Ramsey’s Biggest Retirement Mistake? 3 Questions to Ask Before You Quit Working,"Quick Read
 
 
 Dave Ramsey says retiring with debt is the biggest mistake prospective retirees make. 
 
 Ramsey advises paying off all mortgages and debt before retirement even if interest rates are low. 
 
 A couple retiring at 65 needs roughly $345K in sav…",Biztoc.com,https://biztoc.com/x/5920aea5c29e264c,247wallst.com,neutral,0.078,Business,interest rates
2025-12-04,2025-12-04T17:02:11Z,Ski-Doo maker BRP boosts sales while keeping wary eye on ‘painful’ U.S. trade zigzags,"BRP Inc. continued to ride out dips and swerves in demand for its powersports vehicles last quarter, beating earnings expectations despite a recent trough in dealer orders and renewed trade uncertainty. The Valcourt, Que.-based Ski-Doo maker boosted its third…",Financial Post,https://financialpost.com/pmn/ski-doo-maker-brp-boosts-sales-while-keeping-wary-eye-on-painful-u-s-trade-zigzags,The Canadian Press,negative,-0.3,Business,interest rates
2025-12-04,2025-12-04T16:54:18Z,2026 IRA limits are in - see how much more you can stash in traditional and Roth accounts,"2026 IRA limits are up. Savers can now contribute $7,500 to traditional and Roth IRAs. Those 50 and older can add a catch-up $1,100, for a total of $8,600. Roth IRA contributions phase out above $153,000 for singles and $242,000 for joint filers. Traditional …",The Times of India,https://economictimes.indiatimes.com/news/international/us/2026-ira-limits-are-in-see-how-much-more-you-can-stash-in-traditional-and-roth-accounts/articleshow/125745584.cms,Piyush Shukla,neutral,0.095,Business,interest rates
2025-12-04,2025-12-04T16:47:07Z,Can creditors sue a retired person for credit card debt?,"Retirees aren't immune to debt collection, but what creditors can actually do to collect depends on a few factors.",CBS News,https://www.cbsnews.com/news/can-creditors-sue-a-retired-person-for-credit-card-debt/,Angelica  Leicht,neutral,-0.1,Business,interest rates
2025-12-04,2025-12-04T16:37:29Z,Eurasia’s Great Water Gamble,"Climate change is rapidly melting the glaciers that feed Central Asia’s rivers, pushing the region toward an ecological tipping point. Against this backdrop, a new initiative aims to revive a long-abandoned plan to redirect part of Siberia’s freshwater to its…",Project Syndicate,https://www.project-syndicate.org/commentary/plan-to-redirect-part-siberian-freshwater-to-central-asia-strategic-necessity-by-djoomart-otorbaev-2025-12,Djoomart Otorbaev,positive,0.334,Business,interest rates
2025-12-04,2025-12-04T16:26:31Z,John Hope Bryant’s blueprint to future-proofing your life,"John Hope Bryant is very clear about one thing: By 2030, the biggest issue in your life will not be who’s sitting in the Oval Office — it will be artificial intelligence and whether you were ready for it. The founder of Operation HOPE, which he calls the larg…",Rolling Out,https://rollingout.com/2025/12/04/john-hope-bryants-blueprint-to-future-proofing-your-life/,Ric Mathis,neutral,-0.09,Business,interest rates
2025-12-04,2025-12-04T16:23:06Z,Auto loan defaults continue to rise as affordability takes a bite out of consumers' pockets,"The auto market is whack: Fewer cars were produced during the pandemic, interest rates drove up prices, and tariffs hurt affordability too",Financial Post,https://financialpost.com/commodities/auto-loan-defaults-continue-to-rise,Gabriel Friedman,neutral,0.0,Business,interest rates
2025-12-04,2025-12-04T16:18:59Z,Good days for home loan borrowers: EMIs to drop further after RBI cuts repo rate,"The fastest benefit of the repo rate cut reaches to floating rate loan borrowers. These are the borrowers who have taken loans from a bank after October 1, 2019, in the EBLR regime. Most home loans these days are floating rate loans, linked to the repo rate. …",The Times of India,https://economictimes.indiatimes.com/wealth/borrow/rbi-mpc-good-days-for-home-loan-borrowers-emis-to-drop-further-after-reserve-bank-of-india-cuts-repo-rate/articleshow/125769861.cms,Shaghil Bilali,positive,0.4,Business,interest rates
2025-12-04,2025-12-04T16:15:01Z,BlackRock Warns on US Debt While Bitcoin Hyper Presale Accelerates,"What to Know: Rising U.S. debt and heavy Treasury issuance are killing the charm of long-duration bonds, so institutions are looking toward Bitcoin and other digital assets as hedges.  As Bitcoin adoption grows, demand is shifting away from simple price bets …",newsBTC,http://www.newsbtc.com/news/blackrock-warns-on-us-debt-bitcoin-hyper-presale-accelerates/,Aaron Walker,neutral,-0.081,Business,interest rates
2025-12-04,2025-12-04T16:12:00Z,Endeavour Silver Completes US$350 Million Offering of Convertible Senior Notes,"VANCOUVER, British Columbia, Dec. 04, 2025 (GLOBE NEWSWIRE) -- Endeavour Silver Corp. (“Endeavour” or the “Company”) (NYSE: EXK; TSX: EDR) announced today the closing of its previously announced offering (the “Offering”) of US$350 million aggregate principal …",GlobeNewswire,https://www.globenewswire.com/news-release/2025/12/04/3200086/0/en/Endeavour-Silver-Completes-US-350-Million-Offering-of-Convertible-Senior-Notes.html,Endeavour Silver Corporation,neutral,-0.083,Business,interest rates
2025-12-04,2025-12-04T16:05:57Z,FD rates may drop to record low as RBI cuts repo rate: Last window for FD investors to utilise current higher rates,"RBI MPC meeting 2025: After today’s repo rate cut, the total cut this year has increased to 25 bps. The RBI earlier cut the rate in 3 MPC meetings- 25 bps each in February and April and 50 bps in June. There were no rate cuts in August and October RBI MPC mee…",The Times of India,https://economictimes.indiatimes.com/wealth/invest/fd-rates-may-drop-to-record-low-as-rbi-cuts-repo-ratelast-window-for-fd-investors-to-utilise-current-higher-rates/articleshow/125769239.cms,Shaghil Bilali,neutral,0.042,Business,interest rates
2025-12-04,2025-12-04T16:01:00Z,Chicagoans erupt in ‘bill-burning’ protest after taxes soar 98%. How to invest in real estate without getting scorched,And residents are running red hot.,Yahoo Entertainment,https://finance.yahoo.com/news/chicagoans-erupt-bill-burning-protest-160100742.html,Lisa Lagace,positive,0.15,Business,interest rates
2025-12-04,2025-12-04T16:00:00Z,Big Surprise: XRP Tundra’s Last Day of Presale Is Today,"LISBON, Portugal, Dec. 04, 2025 (GLOBE NEWSWIRE) -- In an unexpected turn for the XRP community, XRP Tundra
 has officially confirmed that today marks the final day of its presale, bringing the project’s early funding phase to a close much sooner than suppor…",GlobeNewswire,https://www.globenewswire.com/news-release/2025/12/04/3200065/0/en/Big-Surprise-XRP-Tundra-s-Last-Day-of-Presale-Is-Today.html,XRP Tundra,positive,0.114,Business,interest rates
2025-12-04,2025-12-04T16:00:00Z,2025 In Review: What’s New In Web Performance?,"Find out how web performance changed in 2025, and what changes are coming up in the future.",Debugbear.com,https://www.debugbear.com/blog/2025-in-web-performance,Matt Zeunert,neutral,0.068,Business,interest rates
2025-12-04,2025-12-04T16:00:00Z,Crypto for Advisors: Crypto Yield Products,"Why systematic crypto yield is emerging as the path to cash-flow-based returns, making it the most durable bridge to mainstream portfolios.",CoinDesk,https://www.coindesk.com/coindesk-indices/2025/12/03/crypto-for-advisors-crypto-yield-products,Gregory Mall,positive,0.5,Business,interest rates
2025-12-04,2025-12-04T15:49:01Z,"RBI monetary policy on Fri; mixed expectations on rate cut, status quo",MUMBAI: RBI Governor Sanjay Malhotra will announce the bi-monthly monetary policy on Friday amid mixed expectations of a 25 basis points rate cut as well as the possibility of the central bank opting for status quo. Reserve Bank’s rate-setting panel — Monetar…,Statetimes.in,https://statetimes.in/rbi-monetary-policy-on-fri-mixed-expectations-on-rate-cut-status-quo/,statetimes_editor,neutral,0.0,Business,interest rates
2025-12-04,2025-12-04T15:39:40Z,"The top 5 economic and market risks to watch in 2026, according to Apollo's chief economist",Apollo's top economist is eyeing risks including a fresh bout of inflation and massive influx of new bond issuance pressuring markets in 2026.,Business Insider,https://www.businessinsider.com/economic-outlook-2026-inflation-debt-ai-bubble-bursts-tech-stocks-2025-12,sobrient@insider.com (Samuel O'Brient),positive,0.273,Business,interest rates
2025-12-04,2025-12-04T15:38:00Z,"INVESTOR DEADLINE APPROACHING: Faruqi & Faruqi, LLP Investigates Claims on Behalf of Investors of Stride","Faruqi & Faruqi, LLP Securities Litigation Partner James (Josh) Wilson Encourages Investors Who Suffered Losses In Stride To Contact Him Directly To Discuss Their Options",GlobeNewswire,https://www.globenewswire.com/news-release/2025/12/04/3200041/683/en/INVESTOR-DEADLINE-APPROACHING-Faruqi-Faruqi-LLP-Investigates-Claims-on-Behalf-of-Investors-of-Stride.html,Faruqi & Faruqi LLP,neutral,0.05,Business,interest rates
2025-12-04,2025-12-04T15:36:24Z,Dollar Extends Losses to Eight Days,"9 min ago
Dollar Extends Losses to Eight Days
The dollar is on pace for its longest losing streak since the summer of 2020, pressured partly by stronger expectations for lower U.S. interest rates.
The WSJ Dollar Index, which tracks the dollar against a basket…",Biztoc.com,https://biztoc.com/x/36dc8e77c326cc6b,barrons.com,neutral,0.0,Business,interest rates
2025-12-04,2025-12-04T15:32:00Z,"Alexandria Real Estate Shareholder Alert: ClaimsFiler Reminds Investors With Losses In Excess Of $100,000 Of Lead Plaintiff Deadline In Class Action Lawsuits Against Alexandria Real Estate Equities, Inc. - ARE","NEW ORLEANS, Dec. 04, 2025 (GLOBE NEWSWIRE) -- ClaimsFiler, a FREE shareholder information service, reminds investors that they have until January 26, 2026
 to file lead plaintiff applications in a securities class action lawsuit against Alexandria Real Esta…",GlobeNewswire,https://www.globenewswire.com/news-release/2025/12/04/3200034/35454/en/Alexandria-Real-Estate-Shareholder-Alert-ClaimsFiler-Reminds-Investors-With-Losses-In-Excess-Of-100-000-Of-Lead-Plaintiff-Deadline-In-Class-Action-Lawsuits-Against-Alexandria-Real-.html,"SkyMedia, LLC",positive,0.191,Business,interest rates
2025-12-04,2025-12-04T15:27:04Z,"Here’s Why Investors Might Want to Wait Until 2026 To Make Any Big Crypto Moves, According to an Expert",This expert is choosing to wait until 2026 before making any major cryptocurrency investments. Here's why.,Yahoo Entertainment,https://finance.yahoo.com/news/why-investors-might-want-wait-152704315.html,Lydia Kibet,neutral,0.031,Business,interest rates
2025-12-04,2025-12-04T15:25:15Z,US filings for jobless benefits fall to lowest level in more than 3 years,"By MATT OTT | Associated Press
WASHINGTON (AP) — U.S. applications for unemployment benefits fell to their lowest level in more than three years last week, potentially complicating the Federal Reserve’s upcoming decision on interest rates.
Related Articles
 
…",Biztoc.com,https://biztoc.com/x/f9e6c3ac2464c107,siliconvalley.com,positive,0.2,Business,interest rates
2025-12-04,2025-12-04T15:20:00Z,"Stride Shareholder Alert: ClaimsFiler Reminds Investors With Losses In Excess Of $100,000 Of Lead Plaintiff Deadline In Class Action Lawsuits Against Stride, Inc. - LRN","NEW ORLEANS, Dec. 04, 2025 (GLOBE NEWSWIRE) -- ClaimsFiler, a FREE shareholder information service, reminds investors that they have until January 12, 2026
 to file lead plaintiff applications in a securities class action lawsuit against Stride, Inc. (“Strid…",GlobeNewswire,https://www.globenewswire.com/news-release/2025/12/04/3200007/35454/en/Stride-Shareholder-Alert-ClaimsFiler-Reminds-Investors-With-Losses-In-Excess-Of-100-000-Of-Lead-Plaintiff-Deadline-In-Class-Action-Lawsuits-Against-Stride-Inc-LRN.html,"SkyMedia, LLC",positive,0.184,Business,interest rates
2025-12-04,2025-12-04T18:00:00Z,The Circular Battery Economy Set to Surge to Nearly $78 Billion,"As the global energy transition accelerates, the race to secure critical minerals is shifting from remote mines to battery recycling facilities.  A new report projects the global circular battery economy will surge from $23.29 billion in 2024 to nearly $78 bi…",OilPrice.com,https://oilprice.com/Energy/Energy-General/The-Circular-Battery-Economy-Set-to-Surge-to-Nearly-78-Billion.html,Michael Kern,neutral,0.08,Business,inflation
2025-12-04,2025-12-04T17:58:36Z,Trump to visit Pennsylvania to address the economy and inflation,President Donald Trump will travel to Pennsylvania on Tuesday to tout his economic agenda as polls consistently show Americans are concerned about their financial outlooks,NBC News,https://www.nbcnews.com/politics/donald-trump/trump-visit-pennsylvania-address-economy-inflation-rcna247425,"Jonathan Allen, Peter Alexander",positive,0.15,Business,inflation
2025-12-04,2025-12-04T17:50:00Z,Report: Newcastle United eyeing move to sign highly-rated Bundesliga midfielder,"Newcastle Plan Aggressive 2026 Move for Creative Midfield TargetTeamTalk’s latest report has placed Newcastle United firmly on the trail of Bilal El Khannouss, and it is a story that speaks to long ...",English Premier League Index - Opta Stats,https://eplindex.com/139895/report-newcastle-united-eyeing-move-to-sign-highly-rated-bundesliga-midfielder.html,EPL Index,positive,0.188,Business,inflation
2025-12-04,2025-12-04T17:47:34Z,Help Reason Be Your Antidote to Lousy Journalism!,"Make your tax-deductible gift to Reason's annual webathon today! Starting NOW, your next $50,000 are matched!",Reason,https://reason.com/2025/12/04/help-reason-be-your-antidote-to-lousy-journalism/,Matt Welch,negative,-0.26,Business,inflation
2025-12-04,2025-12-04T17:47:03Z,India's GDP data debate: Why current methods remain robust and what will change with the 2026 base revision,"India’s GDP is measured using globally accepted SNA methods, and despite an outdated base year, key economic activity is still captured. A major update with improved data and methodology will roll out in 2026.",The Times of India,https://economictimes.indiatimes.com/opinion/et-commentary/indias-gdp-data-debate-why-current-methods-remain-robust-and-what-will-change-with-the-2026-base-revision/articleshow/125771889.cms,Saurabh Garg,negative,-0.217,Business,inflation
2025-12-04,2025-12-04T17:35:33Z,We Have More Proof Trump Isn’t Fixing Inflation Mess Fast Enough,"Americans, even some of his own voters, are growing impatient with President Donald Trump's handling of the economy and his approach to stamping out inflation.",The Daily Caller,https://dailycaller.com/2025/12/04/politico-poll-donald-trump-economy-joe-biden-inflation-republicans-midterms/,John Loftus,positive,0.154,Business,inflation
2025-12-04,2025-12-04T17:34:58Z,President Trump to visit Pennsylvania to address inflation,President Donald Trump will travel to Pennsylvania on Tuesday to highlight his efforts to reduce inflation amid concerns about the job market and high prices.,WGAL Susquehanna Valley Pa.,https://www.wgal.com/article/president-donald-trump-pennsylvania-visit-inflation-affordability/69634367,Susan Shapiro,positive,0.16,Business,inflation
2025-12-04,2025-12-04T17:32:02Z,Sovereign Wealth Funds Were Buyers as Bitcoin Plunged: BlackRock's Larry Fink,"The CEO of the asset management giant, whose IBIT is the largest of the spot BTC ETFs, said the state actors were buying not for a trade, but to hold for years.",CoinDesk,https://www.coindesk.com/markets/2025/12/04/sovereign-wealth-funds-were-buyers-as-bitcoin-btc-plunged-blackrock-s-larry-fink,Helene Braun,neutral,0.0,Business,inflation
2025-12-04,2025-12-04T17:19:58Z,How the Hell Did We Get Here?,"Somalis are garbage! Deport a college student
 during a trip home for Thanksgiving! Pardon the Honduran ex-president convicted
 of drug peddling! Kill survivors
 from an unarmed boat the Navy has bombed in the Caribbean! Turn against Canada, our number one…",Common Dreams,https://www.commondreams.org/opinion/how-the-hell-did-we-get-here-with-trump,Les Leopold,neutral,0.0,Business,inflation
2025-12-04,2025-12-04T17:19:23Z,National Broadband Plan on track for completion next year,"Almost 157,000 homes, farms and businesses are now connected to high-speed fibre broadband",The Irish Times,https://www.irishtimes.com/ireland/2025/12/04/national-broadband-plan-on-track-for-completion-next-year/,Ella Sloane,neutral,0.0,Business,inflation
2025-12-04,2025-12-04T17:15:39Z,Mystery devaluation: British Airways will increase the cost of Avios redemptions Dec. 15,"The British Airways Club program has announced that it will increase the cost of redemptions beginning Dec. 15, 2025.",The Points Guy,https://thepointsguy.com/news/british-airways-2025-avios-devaluation/,Ben Smithson,neutral,0.0,Business,inflation
2025-12-04,2025-12-04T17:14:54Z,"CBK Launches 3-Year Plan to Increase Kenyans' Financial Health, Access to Money",The Central Bank of Kenya’s 2025-2028 NFIS aims to improve financial health by expanding citizens' access to affordable and reliable financial services.,Breaking NEWS in KENYA for Today Right Now & Kenyan News | TUKO,https://www.tuko.co.ke/business-economy/economy/611699-cbk-launches-3-year-plan-increase-kenyans-financial-health-access-money/,Elijah Ntongai,neutral,0.0,Business,inflation
2025-12-04,2025-12-04T17:14:40Z,President Trump will visit Pennsylvania to discuss inflation,A White House official says President Donald Trump will make a trip to Pennsylvania next week.,WTAE Pittsburgh,https://www.wtae.com/article/pennsylvania-president-donald-trump-inflation/69634072,Josh Boak Associated Press,neutral,0.0,Business,inflation
2025-12-04,2025-12-04T17:00:00Z,"JYD INVESTOR ALERT: Bronstein, Gewirtz & Grossman LLC Announces that Jayud Global Logistics Ltd. Investors with Substantial Losses Have Opportunity to Lead Class Action Lawsuit","Jayud Global Logistics Ltd. investors that lost money are encouraged to contact BG&G before the January 19, 2026 lead plaintiff deadline.......",GlobeNewswire,https://www.globenewswire.com/news-release/2025/12/04/3200137/9788/en/JYD-INVESTOR-ALERT-Bronstein-Gewirtz-Grossman-LLC-Announces-that-Jayud-Global-Logistics-Ltd-Investors-with-Substantial-Losses-Have-Opportunity-to-Lead-Class-Action-Lawsuit.html,"Bronstein, Gewirtz & Grossman, LLC",neutral,0.033,Business,inflation
2025-12-04,2025-12-04T16:45:55Z,Hawley pitches new health care tax plan,Sen. Josh Hawley is pitching his colleagues — and President Donald Trump — on a new health care plan. The Missouri Republican’s proposal comes as his party is grappling separately over what its strategy on health care should be as the Senate stares down a flo…,Freerepublic.com,https://freerepublic.com/focus/f-chat/4355920/posts,Politico,neutral,0.039,Business,inflation
2025-12-04,2025-12-04T16:44:58Z,"Euronet Worldwide, Inc. (EEFT): A Bull Case Theory","We came across a bullish thesis on Euronet Worldwide, Inc. on P14 Capital’s Substack. In this article, we will summarize the bulls’ thesis on EEFT. Euronet...",Yahoo Entertainment,https://finance.yahoo.com/news/euronet-worldwide-inc-eeft-bull-164458245.html,Ricardo Pillai,neutral,0.0,Business,inflation
2025-12-04,2025-12-04T16:44:56Z,"Layoff tsunami hits US as 71,000 jobs slashed in November: 2025 becomes first 1.1 million+ cut year since Pandemic","US layoffs surged again in November, with employers announcing 71,321 job cuts, according to new data from Challenger, Gray & Christmas. The monthly total fell sharply from October’s 153,074 reductions but remained 24% higher than the same month last year. Th…",The Times of India,https://economictimes.indiatimes.com/news/international/us/us-layoffs-2025-layoff-tsunami-hits-us-as-71000-jobs-slashed-in-november-2025-becomes-first-1-1-million-cut-year-since-pandemic/articleshow/125769872.cms,Piyush Shukla,neutral,0.073,Business,inflation
2025-12-04,2025-12-04T16:36:32Z,Independents are worth the shot,"They might be able to win in districts where Democrats can't. First, they have to get on the ballot.",Ncspin.com,https://www.ncspin.com/independents-are-worth-the-shot,by Thomas Mills,positive,0.463,Business,inflation
2025-12-04,2025-12-04T16:25:20Z,"Putin’s Ghost Train: Luxury gym, spa, bulletproof walls, and hidden secrets revealed","Putins Ghost Train: A 22-car armored convoy  coming with luxury and extreme security. Leaked 2023 documents disclose a private gym, spa, wellness suite, medical bays, and command systems, all reinforced against intrusion and surveillance.  Critics view it as …",The Times of India,https://economictimes.indiatimes.com/news/international/us/putins-ghost-train-luxury-gym-spa-bulletproof-walls-and-hidden-secrets-revealed/articleshow/125769057.cms,Advaita Suresh,neutral,-0.073,Business,inflation
2025-12-04,2025-12-04T16:25:10Z,Costco sues the Trump administration,"Costco joins growing corporate pushback, seeking refunds for tariffs it says were unlawfully imposed by Trump",Salon,https://www.salon.com/2025/12/04/costco-sues-the-trump-administration/,Francesca Giangiulio,neutral,0.0,Business,inflation
2025-12-04,2025-12-04T16:22:49Z,No Christmas for North Carolina,Because our legislature has failed to do its job and pass a budget for our state there might be some empty stockings this Christmas.,Ncspin.com,https://www.ncspin.com/no-christmas-for-north-carolina,by Public Ed Works,negative,-0.3,Business,inflation
2025-12-04,2025-12-04T16:22:10Z,4 money moves to make before the end of the year,"As Americans deck the halls and tackle gift lists, the holiday season also offers an opportune moment to reflect on personal finances.
Economic uncertainty seemed to define 2025. Rising tariffs fueled volatility, a cooling job market challenged workers, and i…",Biztoc.com,https://biztoc.com/x/edc1b294f7992162,finance.yahoo.com,positive,0.1,Business,inflation
2025-12-04,2025-12-04T16:11:00Z,"New Zealand Meat Market Assessment and Forecasts Report 2024-2029 Featuring the Top 3 Players - Bounty Agro Ventures, Hellers Limited, and Brink",New Zealand's meat sector offers key opportunities in the frozen meat category with the fastest forecasted growth. Higher per capita consumption and expenditure compared to global levels indicate a strong domestic market. Specialist retail is the main distrib…,GlobeNewswire,https://www.globenewswire.com/news-release/2025/12/04/3200083/28124/en/New-Zealand-Meat-Market-Assessment-and-Forecasts-Report-2024-2029-Featuring-the-Top-3-Players-Bounty-Agro-Ventures-Hellers-Limited-and-Brink.html,Research and Markets,positive,0.15,Business,inflation
2025-12-04,2025-12-04T16:05:00Z,Taxpayers’ Union to target Nicola Willis with major campaign on tax and debt - Matthew Hooton,OPINION: Taxpayers’ Union set to turn its guns on Coalition’s shocking economic record.,New Zealand Herald,https://www.nzherald.co.nz/business/economy/taxpayers-union-to-target-nicola-willis-with-major-campaign-on-tax-and-debt-matthew-hooton/premium/D7AVYRWXGBDV5CR73SDYG6JIZ4/,Matthew Hooton,negative,-0.246,Business,inflation
2025-12-04,2025-12-04T16:03:28Z,Over 1.1M layoffs planned for this year — the highest level since 2020 pandemic,"Layoff announcements totaled 71,321 in November, a decline from October’s more than 153,000 cuts, according to consulting firm Challenger, Gray & Christmas.",New York Post,https://nypost.com/2025/12/04/business/over-1-1-million-layoffs-planned-this-year-highest-level-since-2020-pandemic/,Taylor Herzlich,positive,0.15,Business,inflation
2025-12-04,2025-12-04T16:03:15Z,Costco’s 8% sales jump fuels talk of rare event ahead,"Costco Wholesale Corporation just delivered another month of impressive sales growth, but the real excitement on Wall Street centers on what the retail giant might do next for shareholders. Analysts are openly discussing two potential moves that could signifi…",Rolling Out,https://rollingout.com/2025/12/04/costco-stock-split-special-dividend/,David Kesiena,positive,0.214,Business,inflation
2025-12-04,2025-12-04T16:01:00Z,"Quarterly Apparel Market Review: Q3 2025 Report - Growth Driven by Economic Recovery and Price Increases, with the Middle East & Africa Experiencing the Strongest Growth","Key opportunities in the global apparel market include growth driven by economic recovery and price increases, with the Middle East & Africa experiencing the strongest growth. The online channel will outperform due to demand for convenience and variety. Key o…",GlobeNewswire,https://www.globenewswire.com/news-release/2025/12/04/3200074/28124/en/Quarterly-Apparel-Market-Review-Q3-2025-Report-Growth-Driven-by-Economic-Recovery-and-Price-Increases-with-the-Middle-East-Africa-Experiencing-the-Strongest-Growth.html,Research and Markets,neutral,0.034,Business,inflation
2025-12-04,2025-12-04T16:00:00Z,"UK Food & Grocery Markets Report 2024-2025 and 2029 with Profiles of Leading Players - Tesco, Morrisons, Aldi, Marks & Spencer","Key opportunities in the UK food & grocery market include capitalizing on the growth of the online channel, responding to health-focused consumer trends, and expanding world food offerings. Adjusting product ranges and investing in rapid delivery services are…",GlobeNewswire,https://www.globenewswire.com/news-release/2025/12/04/3200072/28124/en/UK-Food-Grocery-Markets-Report-2024-2025-and-2029-with-Profiles-of-Leading-Players-Tesco-Morrisons-Aldi-Marks-Spencer.html,Research and Markets,neutral,0.0,Business,inflation
2025-12-04,2025-12-04T15:59:15Z,America's Car-Mart Warns Inflation And SNAP Changes Could Impact Customer Base,"America’s Car-Mart, Inc. (NASDAQ:CRMT) on Thursday reported financial results for the second quarter of fiscal 2026, posting a loss per share of $2.71. Adjusted loss per share was 79 cents, missing the 49 cents loss estimate, while sales of $350.192 million b…",Biztoc.com,https://biztoc.com/x/d7b543c32e9be41e,benzinga.com,negative,-0.25,Business,inflation
2025-12-04,2025-12-04T15:59:00Z,FIRE fans carefully planned their early retirement. Then health-insurance costs exploded.,"With pandemic-era subsidies for Obamacare set to end in 2026, people in the FIRE community are adjusting their plans to account for bigger health-insurance...",MarketWatch,https://www.marketwatch.com/story/fire-fans-had-mapped-the-road-to-early-retirement-then-health-insurance-costs-exploded-03bd97f8,Venessa Wong,neutral,0.0,Business,inflation
2025-12-04,2025-12-04T15:57:21Z,"For Wall Street, pandemic-level bad news for jobs is good news for stocks—it pushes the Fed further into cutting territory","Fed rate-cut odds surge toward 90% as weak labor data, ADP losses, and Challenger layoffs fuel Wall Street hopes for a December move despite a divided FOMC.",Fortune,https://fortune.com/2025/12/04/labor-weak-news-layoffs-wall-street-cut-expectations/,Eleanor Pringle,negative,-0.195,Business,inflation
2025-12-04,2025-12-04T15:55:37Z,Raid footage threatens Latino realignment to GOP,One week of footage on Telemundo and Univision might have unraveled the greatest demographic realignment in modern politics: the Latino shift.,Ncspin.com,https://www.ncspin.com/raid-footage-threatens-latino-realignment-to-gop,by Carolina Journal,positive,0.6,Business,inflation
2025-12-04,2025-12-04T15:50:03Z,"Trump Answers His Supporters’ Calls, Will Hit The Road Again On Countrywide Tour","President Donald Trump is planning on touting his economic agenda with a year long tour across the country, Axios reported.",The Daily Caller,https://dailycaller.com/2025/12/04/donald-trump-economic-agenda-affordability-crisis-democrats-midterms-tour/,Reagan Reese,neutral,0.075,Business,inflation
