date,close,high,low,open,volume,symbol
2020-11-26,59959.1640625,59959.1640625,58195.65923713236,58283.834478400735,19023323,SAMSUNG
2020-11-27,60135.51171875,60311.86219299853,59606.4602960044,59959.16124450146,14063434,SAMSUNG
2020-11-30,58812.88671875,60488.216325431036,58812.88671875,60311.86584051724,43811016,SAMSUNG
2020-12-01,59782.81640625,60223.69263343474,59165.58968819137,59165.58968819137,22327173,SAMSUNG
2020-12-02,61281.79296875,61634.493935476625,60223.69006857015,60311.8653102518,29703942,SAMSUNG
2020-12-03,61458.13671875,62163.538574919294,61105.435790665346,61810.83764683465,23677989,SAMSUNG
2020-12-04,63045.30078125,63574.35225633741,61810.84733937937,62075.373076923075,28130533,SAMSUNG
2020-12-07,64279.7421875,64808.79356352881,63397.989894118655,63838.86604080933,28490496,SAMSUNG
2020-12-08,63221.65234375,64279.75531184623,63133.47709640865,63662.52858045676,25000338,SAMSUNG
2020-12-09,65161.50390625,65161.50390625,63486.17430649526,63574.34954858762,24077996,SAMSUNG
2020-12-10,64279.7421875,65073.31925154321,63927.04127014746,64103.39172882373,39882928,SAMSUNG
2020-12-11,64720.625,65073.325953678475,64456.09928474115,64808.80023841962,18486672,SAMSUNG
2020-12-14,65073.3359375,65690.56270113483,64544.284425813006,64896.985433604335,21510415,SAMSUNG
2020-12-15,65073.3359375,65337.8616933435,64632.45967776084,65073.3359375,20863671,SAMSUNG
2020-12-16,65073.3359375,65690.56270113483,64720.63492970867,65337.8616933435,17512081,SAMSUNG
2020-12-17,64632.44921875,64985.15016946623,64015.22255499659,64720.624456429054,24293214,SAMSUNG
2020-12-18,64367.9140625,64985.14063570205,64367.9140625,64632.43973672945,17613029,SAMSUNG
2020-12-21,64367.9140625,64720.6149614726,63486.16181506849,64456.08928724315,20367355,SAMSUNG
2020-12-22,63750.69921875,64544.27638744813,63574.34873681708,63927.04970068292,16304910,SAMSUNG
2020-12-23,65161.50390625,65249.67914834235,63750.70003277233,63838.87527486468,19411326,SAMSUNG
2020-12-24,68600.34375,69482.0962403599,65249.68428663239,65337.85953566839,32502870,SAMSUNG
2020-12-28,69393.9296875,70628.38332870077,68953.05338707117,69658.4554677573,40085044,SAMSUNG
2020-12-29,70778.7578125,71321.12377274904,69874.81454541827,71230.72944604087,30339449,SAMSUNG
2020-12-30,73219.390625,73490.57355324074,69874.80117669753,69965.1954861111,29417421,SAMSUNG
2021-01-04,75027.296875,76292.81754518072,72496.25553463855,73219.41020331325,38655276,SAMSUNG
2021-01-05,75840.84375,75840.84375,73761.77413587604,73761.77413587604,35335669,SAMSUNG
2021-01-06,74304.1328125,76383.2022220955,74213.73849034368,75298.4703562196,42089013,SAMSUNG
2021-01-07,74936.875,76112.00090470446,74756.08639927623,74846.48069963812,32644642,SAMSUNG
2021-01-08,80270.171875,81354.90392736487,75027.30028856982,75298.48330166104,59013307,SAMSUNG
2021-01-11,82258.8359375,87501.70679945055,80902.92105940935,81354.89268543957,90306177,SAMSUNG
2021-01-12,81897.25,82620.40452538632,79366.2091611479,81626.06705298013,48682416,SAMSUNG
2021-01-13,81083.703125,82439.61789297659,80541.33721780937,81174.09744286511,36068848,SAMSUNG
2021-01-14,81083.703125,81354.88607859531,80179.75994634895,80179.75994634895,26393970,SAMSUNG
2021-01-15,79547.0078125,82981.99224076705,79547.0078125,81174.10569957386,33431809,SAMSUNG
2021-01-18,76835.171875,78914.24123161765,76021.62299632352,78281.48099264706,43227951,SAMSUNG
2021-01-19,78643.0546875,79546.9978448276,75569.64795258621,76383.19679418104,39895044,SAMSUNG
2021-01-20,78823.859375,80450.95738962156,78191.0990359805,80450.95738962156,25211127,SAMSUNG
2021-01-21,79637.3984375,80089.37005178774,78191.08927177923,79095.0325003547,25318011,SAMSUNG
2021-01-22,78462.2734375,81083.70884036578,78462.2734375,80450.94857070853,30861661,SAMSUNG
2021-01-25,80812.53125,81264.50290128635,78010.30701202461,78643.0673238255,27258534,SAMSUNG
2021-01-26,78371.890625,80631.74906286044,78191.10194997117,80270.17171280277,33178936,SAMSUNG
2021-01-27,77377.53125,79275.81180636682,77377.53125,78281.47437207944,26423070,SAMSUNG
2021-01-28,75660.0625,77377.55495818399,75208.0908004779,75208.0908004779,31859808,SAMSUNG
2021-01-29,74123.34375,76835.17339939025,74123.34375,76383.20179115854,39615978,SAMSUNG
2021-02-01,75027.296875,75388.87420933734,73219.41020331325,73852.17053840362,28046832,SAMSUNG
2021-02-02,76292.828125,78100.71504739336,75660.06770216233,76021.645086641,26302077,SAMSUNG
2021-02-03,76473.59375,77196.74830082741,75388.86192375886,76654.38238770685,22112205,SAMSUNG
2021-02-04,74575.328125,75750.45450757576,74213.75077651515,75479.27149621212,24171688,SAMSUNG
2021-02-05,75479.2734375,75931.24513473055,74575.33004303892,75117.69607971556,18036835,SAMSUNG
2021-02-08,75027.296875,76112.02887801205,75027.296875,75750.4515436747,15338765,SAMSUNG
2021-02-09,74756.109375,76654.39026602176,74756.109375,75931.23564087061,20898332,SAMSUNG
2021-02-10,73761.78125,74665.72464767157,73761.78125,74665.72464767157,23025766,SAMSUNG
2021-02-15,76112.03125,76383.21425920428,75298.48222238717,75750.4539043943,23529706,SAMSUNG
2021-02-16,76744.7890625,77739.12672997644,76112.02872865136,76383.21172887221,20483100,SAMSUNG
2021-02-17,75208.0703125,76112.01346529447,75027.28168194111,75840.83051945613,18307735,SAMSUNG
2021-02-18,74213.7421875,75569.65708739343,74213.7421875,75208.07978075517,21327683,SAMSUNG
2021-02-19,74665.703125,74846.49175242131,73219.39410562954,74394.52018386804,25880879,SAMSUNG
2021-02-22,74304.1328125,76112.01925562652,74304.1328125,75750.44196700121,25419886,SAMSUNG
2021-02-23,74123.34375,74936.89264481708,73309.79485518293,73400.18917682927,20587314,SAMSUNG
2021-02-24,74123.34375,75569.65289634147,73490.58349847561,73942.55510670732,26807651,SAMSUNG
2021-02-25,77106.359375,77196.75370017585,75027.28989595546,75931.23314771395,34155986,SAMSUNG
2021-02-26,74575.328125,75388.8771590909,74123.35643939395,74846.51113636364,38520800,SAMSUNG
2021-03-02,75569.65625,77106.35978618421,75027.29029605263,76925.57113486843,33498180,SAMSUNG
2021-03-03,75931.2265625,75931.2265625,74846.4947544643,75479.25497581846,19882132,SAMSUNG
2021-03-04,74484.9296875,75208.0843446602,74304.14102320994,74665.71835179004,24348331,SAMSUNG
2021-03-05,74213.7421875,74665.7138207978,73309.79892090439,73309.79892090439,20508971,SAMSUNG
2021-03-08,74123.34375,75027.28696646342,73761.76646341463,74936.89264481708,17641256,SAMSUNG
2021-03-09,73580.984375,74032.95602349508,72857.82973740785,73580.984375,25420764,SAMSUNG
2021-03-10,73129.0078125,74575.31699049752,72948.21916525031,74484.92266687268,20038422,SAMSUNG
2021-03-11,74123.34375,74575.31535823172,73219.4005335366,73219.4005335366,23818297,SAMSUNG
2021-03-12,74846.5078125,75479.26814424818,74484.93048007246,75117.69081182065,13530573,SAMSUNG
2021-03-15,73942.5703125,74936.90805508863,73942.5703125,74846.5137148533,13735798,SAMSUNG
2021-03-16,74846.5078125,75027.29647871378,74213.74748075182,74304.1418138587,12293537,SAMSUNG
2021-03-17,74394.5390625,74936.90508239673,74123.35605255164,74846.51074574726,11625146,SAMSUNG
2021-03-18,74936.875,75750.42370325694,74665.69209891435,74846.48069963812,18585244,SAMSUNG
2021-03-19,74032.96875,74575.33482142858,73942.57440476191,74213.7574404762,15869700,SAMSUNG
2021-03-22,74123.34375,74394.52671493903,73852.16078506099,74123.34375,12670506,SAMSUNG
2021-03-23,73942.5703125,74936.90805508863,73942.5703125,74665.72503438265,13299907,SAMSUNG
2021-03-24,73219.390625,73761.75648148148,72948.20769675926,73219.390625,17926638,SAMSUNG
2021-03-25,73400.1875,74213.73637623154,73038.61022167488,73219.39886083743,14758826,SAMSUNG
2021-03-26,73671.375,73761.76932515338,73219.40337423312,73580.98067484662,12845778,SAMSUNG
2021-03-29,73761.78125,73852.17558976715,73219.41521139706,73852.17558976715,14952134,SAMSUNG
2021-03-30,74634.3125,74725.10850060827,73817.14849452555,74089.53649635037,13121698,SAMSUNG
2021-03-31,73907.9453125,75088.2933334613,73907.9453125,74815.90532862408,17240518,SAMSUNG
2021-04-01,75269.875,75360.67098914355,74452.71109770809,74906.69104342582,18676461,SAMSUNG
2021-04-02,76995.015625,77358.19966096697,76177.85154407429,76268.64755306604,22997538,SAMSUNG
2021-04-05,77539.78125,78084.55723067916,76995.00526932084,77902.96523711944,16255990,SAMSUNG
2021-04-06,78084.59375,78266.18582848836,77267.42939680233,78266.18582848836,19042023,SAMSUNG
2021-04-07,77721.3828125,78266.15886025116,77539.79079658294,78175.36285229264,17885538,SAMSUNG
2021-04-08,76904.2109375,77812.17092495573,76359.43494502657,77812.17092495573,19244259,SAMSUNG
2021-04-09,75905.453125,77085.80108029307,75723.86113187799,76904.20908717105,18193707,SAMSUNG
2021-04-12,75542.2734375,76359.43745304988,75451.47743577223,76359.43745304988,12915282,SAMSUNG
2021-04-13,76268.65625,76722.6363467262,75179.10401785714,75360.69605654762,15238206,SAMSUNG
2021-04-14,76268.65625,76541.04430803572,75723.88013392857,76268.65625,13794652,SAMSUNG
2021-04-15,76359.4375,76722.62150713436,75723.86548751486,75996.25349286564,16377412,SAMSUNG
2021-04-16,76177.8515625,76904.21963460965,75905.46353545888,76904.21963460965,15429522,SAMSUNG
2021-04-19,75633.078125,76268.65021008404,75633.078125,76087.05818577431,15287311,SAMSUNG
2021-04-20,76177.8515625,76268.6475715137,75451.48349039034,75633.07550841775,15521965,SAMSUNG
2021-04-21,74997.5,75814.66404358353,74906.70399515738,75633.07203389831,21636079,SAMSUNG
2021-04-22,74815.9140625,75360.69013577064,74815.9140625,75269.89412355886,13934746,SAMSUNG
2021-04-23,75179.09375,75269.88975694444,74089.54166666666,74361.9296875,17805080,SAMSUNG
2021-04-26,75814.6875,75814.6875,74997.5232035928,75269.91130239521,15489938,SAMSUNG
2021-04-27,75269.875,75633.05895657418,74906.69104342582,75542.26296743064,12941533,SAMSUNG
2021-04-28,74543.53125,75542.28745432399,74543.53125,75542.28745432399,15596759,SAMSUNG
2021-04-29,74180.34375,74906.71186505508,73998.75172123623,74815.91585067319,20000973,SAMSUNG
2021-04-30,73998.7578125,74543.53394363498,73998.7578125,74361.94189992332,18673197,SAMSUNG
2021-05-03,74180.34375,74815.91585067319,73544.77164932681,73544.77164932681,15710336,SAMSUNG
2021-05-04,74997.5,74997.5,74271.13196125907,74361.92796610169,12532550,SAMSUNG
2021-05-06,74725.125,74725.125,74180.34887606319,74180.34887606319,17047511,SAMSUNG
2021-05-07,74361.9375,74543.52953296703,73998.75343406593,74271.14148351649,14154882,SAMSUNG
2021-05-10,75542.2734375,75814.6614426833,74271.1294133113,74725.10942195011,19385027,SAMSUNG
2021-05-11,73726.3515625,74997.4955549569,73635.5555630388,74906.6995554957,28996680,SAMSUNG
2021-05-12,72636.8125,73726.3646875,72455.22046875,73363.18062500001,35812268,SAMSUNG
2021-05-13,71274.8671875,72273.62328821656,71184.07117834395,71638.05122412421,31490096,SAMSUNG
2021-05-14,72727.59375,72909.18574438202,71638.04178370787,71728.83778089887,16450920,SAMSUNG
2021-05-17,72273.625,73453.97314698492,71910.44095477388,73363.17713567839,17740855,SAMSUNG
2021-05-18,72273.625,72636.80904522614,71819.64494346734,72273.625,17494407,SAMSUNG
2021-05-20,72182.828125,72364.42014544025,71819.6440841195,72092.03211477988,16541828,SAMSUNG
2021-05-21,72727.59375,73998.73771067416,72455.20575842696,72727.59375,20961714,SAMSUNG
2021-05-24,72364.4296875,73000.00184284819,72182.8376431148,72727.61377627039,13398666,SAMSUNG
2021-05-25,72546.0078125,72999.98783635795,72455.21180772841,72636.80381727159,13628942,SAMSUNG
2021-05-26,72455.2265625,73090.79872532895,72364.43053923872,73000.00270206766,11984359,SAMSUNG
2021-05-27,72273.625,72636.80904522614,71819.64494346734,72636.80904522614,23198510,SAMSUNG
2021-05-28,72727.59375,72999.98174157304,72092.02176966293,72455.20575842696,12360199,SAMSUNG
2021-05-31,73090.796875,73181.59289596273,72273.6326863354,72909.20483307453,13321324,SAMSUNG
2021-06-01,73181.59375,73817.16590415633,72727.61363988834,73090.79772797767,14058401,SAMSUNG
2021-06-02,73363.1796875,73907.95577428836,72909.19961517636,72999.9956296411,16414644,SAMSUNG
2021-06-03,75179.09375,75360.68576388889,73635.56163194444,73817.15364583333,29546007,SAMSUNG
2021-06-04,74634.3125,75088.29250304136,73998.7404957421,75088.29250304136,18112259,SAMSUNG
2021-06-07,74361.9375,75179.10164835164,74089.54945054946,75088.30563186813,16496197,SAMSUNG
2021-06-08,74361.9375,74997.50961538461,74271.14148351649,74725.12156593407,12781226,SAMSUNG
2021-06-09,73635.5625,74452.72657213316,73635.5625,73998.74653205919,14908823,SAMSUNG
2021-06-10,73544.75,73907.93395061728,73453.95401234568,73817.13796296297,17586995,SAMSUNG
2021-06-11,73544.75,74180.32191358025,73272.36203703703,73726.34197530863,14087962,SAMSUNG
2021-06-14,73090.796875,73453.98095885092,73090.796875,73363.18493788819,10550078,SAMSUNG
2021-06-15,73453.9765625,73726.36460908529,73181.58851591471,73453.9765625,10075685,SAMSUNG
2021-06-16,74271.140625,74361.93664043398,73635.5685169621,73998.75257869804,14999855,SAMSUNG
2021-06-17,73453.9765625,73817.16062461372,73272.38453144314,73635.56859355686,14007385,SAMSUNG
2021-06-18,73090.796875,73635.57300077639,73090.796875,73635.57300077639,14916721,SAMSUNG
2021-06-21,72546.0078125,72636.80381727159,72273.61979818523,72364.41580295682,16063340,SAMSUNG
2021-06-22,72636.8125,72909.200546875,72546.01648437501,72818.40453125001,11773365,SAMSUNG
2021-06-23,72727.59375,73181.57373595505,72546.00175561798,73090.77773876404,13856548,SAMSUNG
2021-06-24,73726.3515625,73907.94356142242,72727.59556842672,72999.98356681035,18771080,SAMSUNG
2021-06-25,74089.5625,74361.95059742648,73726.37837009804,73998.7664675245,13481405,SAMSUNG
2021-06-28,74361.9375,74452.73351648352,74089.54945054946,74180.34546703297,11578529,SAMSUNG
2021-06-29,73870.359375,74873.53709490741,73687.96342592593,74691.14114583333,15744317,SAMSUNG
2021-06-30,73596.7734375,74235.15932853159,73596.7734375,73961.56537523234,13288643,SAMSUNG
2021-07-01,73049.5859375,73505.57586220349,72958.38795255931,73414.3778772628,13382882,SAMSUNG
2021-07-02,72958.3984375,73323.1904296875,72867.20043945312,72958.3984375,8753097,SAMSUNG
2021-07-05,73323.203125,73687.99518034825,72958.41106965175,73049.6090834888,8330969,SAMSUNG
2021-07-06,74052.765625,74052.765625,73414.37971443965,73505.57770166257,12131651,SAMSUNG
2021-07-07,73687.984375,74143.97437732054,73231.99437267946,74052.77637685643,15992202,SAMSUNG
2021-07-08,72867.1953125,74052.7692036921,72867.1953125,73961.57121206194,16660998,SAMSUNG
2021-07-09,72411.203125,72775.99508028968,72046.41116971034,72593.59910264485,22720577,SAMSUNG
2021-07-12,72684.8125,72958.40652446676,72502.41648368884,72867.20851631118,9768108,SAMSUNG
2021-07-13,72776.0078125,73140.79983161027,72776.0078125,72958.40382205513,9863450,SAMSUNG
2021-07-14,72502.40625,72593.60424528303,72137.61426886792,72411.20825471698,11575636,SAMSUNG
2021-07-15,73505.59375,73505.59375,72502.41567152606,72776.00969292804,13766279,SAMSUNG
2021-07-16,72776.0078125,73049.6018268327,72502.4137981673,73049.6018268327,10859399,SAMSUNG
2021-07-19,72046.4140625,72228.81004746836,71864.01807753164,72137.61205498417,13155414,SAMSUNG
2021-07-20,72046.4140625,72046.4140625,71499.22610759494,71590.42410007911,12456646,SAMSUNG
2021-07-21,71590.421875,72137.6098128981,71590.421875,72046.4118232484,12355296,SAMSUNG
2021-07-22,72684.8125,72776.01050815558,71955.22843475534,72046.42644291092,12618790,SAMSUNG
2021-07-23,72320.0078125,72867.19576568411,72228.80982030265,72684.7997812894,9098910,SAMSUNG
2021-07-26,71864.03125,72502.41731440354,71864.03125,72411.21930520305,10040975,SAMSUNG
2021-07-27,71590.421875,72411.20378184714,71590.421875,72228.80780254777,11427693,SAMSUNG
2021-07-28,72228.8125,72228.8125,71225.63454861111,71408.03053977272,12743417,SAMSUNG
2021-07-29,72046.4140625,72411.2060324367,71864.01807753164,71864.01807753164,14360453,SAMSUNG
2021-07-30,71590.421875,71955.21383359873,71590.421875,71955.21383359873,13823411,SAMSUNG
2021-08-02,72320.0078125,72502.40379689471,71772.81985931589,72228.80982030265,11739124,SAMSUNG
2021-08-03,74235.1640625,74235.1640625,72320.00626727579,72411.20425752457,24339360,SAMSUNG
2021-08-04,75603.1171875,75785.51312763873,74599.93951673704,74964.73139701448,25642368,SAMSUNG
2021-08-05,74873.5625,75967.93856577344,74782.36449451887,75967.93856577344,18485469,SAMSUNG
2021-08-06,74326.375,75238.35506134969,74143.97898773006,74691.16702453987,13342623,SAMSUNG
2021-08-09,74326.375,75055.95904907976,73779.18696319018,74326.375,15522581,SAMSUNG
2021-08-10,73140.796875,75147.1528990025,73049.59887390898,75055.95489791146,20362639,SAMSUNG
2021-08-11,71590.421875,72775.99574044587,71590.421875,72593.5997611465,30241137,SAMSUNG
2021-08-12,70222.4609375,71316.83695211039,70131.26293628247,70313.65893871753,42365223,SAMSUNG
2021-08-13,67851.3046875,69310.47253024194,67577.7107169859,69128.0765498992,61270643,SAMSUNG
2021-08-17,67668.90625,68489.68813173854,67486.51027628033,67486.51027628033,30944847,SAMSUNG
2021-08-18,67395.3203125,68033.70629651556,66665.73633076793,67395.3203125,29192631,SAMSUNG
2021-08-19,66665.7421875,67851.3162619699,66665.7421875,67030.53421041381,22166298,SAMSUNG
2021-08-20,66300.9453125,67395.321301152,66118.54931439133,67030.52930493467,22364803,SAMSUNG
2021-08-23,66848.140625,67486.52668826739,66574.5465978854,66848.140625,19384648,SAMSUNG
2021-08-24,68945.6875,69036.88549933862,67395.32151124338,67395.32151124338,21016913,SAMSUNG
2021-08-25,69036.890625,69857.67267998679,68307.30657612285,69492.88065554822,22319664,SAMSUNG
2021-08-26,68033.71875,69492.886980563,68033.71875,69401.68896615281,16671494,SAMSUNG
2021-08-27,67760.109375,68398.49533142665,67304.11940612382,67760.109375,15172748,SAMSUNG
2021-08-30,68033.71875,68854.5008796917,67668.92669235925,68763.3028652815,12686999,SAMSUNG
2021-08-31,69948.859375,69948.859375,67760.10758230116,68307.29553047588,24630370,SAMSUNG
2021-09-01,70040.078125,70313.67218017578,69219.29595947266,69948.88010660808,16114775,SAMSUNG
2021-09-02,69310.4609375,70040.0447368421,69036.8670127467,70040.0447368421,15347486,SAMSUNG
2021-09-03,69857.6640625,69948.86205735966,69310.47609334203,69675.26807278067,12096419,SAMSUNG
2021-09-06,70496.0625,70769.65653298836,69857.67642302717,70040.07244501941,12861180,SAMSUNG
2021-09-07,69401.671875,70313.6517945138,69219.27589109725,70313.6517945138,13239401,SAMSUNG
2021-09-08,69584.0703125,69675.26830766711,68945.68434633028,69310.47632699869,11798147,SAMSUNG
2021-09-09,68672.09375,69857.66774568394,68398.49975099602,69675.27174634795,17600770,SAMSUNG
2021-09-10,68672.09375,68945.68774900399,68216.10375166003,68672.09375,10103212,SAMSUNG
2021-09-13,69584.0703125,69584.0703125,68489.69437049476,68580.89236566186,11397775,SAMSUNG
2021-09-14,69857.6640625,70860.84200595626,69857.6640625,70313.6540367983,18167057,SAMSUNG
2021-09-15,70222.4609375,70587.25294237013,69675.2729301948,70587.25294237013,12829128,SAMSUNG
2021-09-16,69401.671875,70587.24577036794,69401.671875,70496.04777841656,13067622,SAMSUNG
2021-09-17,70404.84375,70404.84375,69219.26995628238,69584.06189281089,16289502,SAMSUNG
2021-09-23,70587.25,70769.64599483204,70040.06201550388,70678.44799741602,17055590,SAMSUNG
2021-09-24,70496.0625,70860.85454398447,70313.66647800776,70769.65653298836,12247274,SAMSUNG
2021-09-27,70860.84375,70860.84375,70222.45777027027,70496.05176158302,11699798,SAMSUNG
2021-09-28,69584.0703125,70952.04024000655,69492.87231733289,70860.84224483946,15406382,SAMSUNG
2021-09-29,67898.953125,68998.53131325911,67624.05857793523,68540.37373481781,23992458,SAMSUNG
2021-09-30,67898.953125,68540.37373481781,67532.42706224696,68082.21615637653,19919361,SAMSUNG
2021-10-01,67074.2890625,67807.34140198087,66799.39443519467,67715.70985954576,15803395,SAMSUNG
2021-10-05,66157.96875,66891.02103531855,65424.91646468144,66891.02103531855,24013921,SAMSUNG
2021-10-06,65333.30078125,66707.7741497195,65241.66922335204,66524.51103392357,18956962,SAMSUNG
2021-10-07,65608.1875,66066.34523393854,65333.29285963687,65608.1875,13683532,SAMSUNG
2021-10-08,65516.53515625,66341.21881555943,65516.53515625,66249.5872978584,14043287,SAMSUNG
2021-10-12,63225.76171875,64966.760954483696,62950.86710258152,64783.49787703805,31001484,SAMSUNG
2021-10-13,63042.4921875,63775.544422238374,62584.33454078852,62950.860658157704,24172015,SAMSUNG
2021-10-14,63592.28515625,63958.81129547911,63042.49594740634,63225.75901702089,19520641,SAMSUNG
2021-10-15,64233.71484375,65058.3987718438,64142.08329618403,64325.34639131598,18051612,SAMSUNG
2021-10-18,64325.33984375,64416.97138198896,63409.02446136039,64325.33984374999,13486391,SAMSUNG
2021-10-19,64691.8671875,65058.39334720255,64508.60410764872,64875.13026735128,9507991,SAMSUNG
2021-10-20,64416.96484375,65058.38554631934,64325.33331481152,64783.490959503906,10151638,SAMSUNG
2021-10-21,64325.33984375,64691.865996705834,64142.076767272076,64416.97138198896,10891094,SAMSUNG
2021-10-22,64508.59375,64783.4883256392,64142.06764914772,64142.06764914772,8395448,SAMSUNG
2021-10-25,64325.33984375,64691.865996705834,63683.919076077276,64050.44522903312,10029621,SAMSUNG
2021-10-26,65150.02734375,65516.553517273205,64508.60654008439,64691.86962684599,10528252,SAMSUNG
2021-10-27,64233.71484375,65058.3987718438,64142.08329618403,65058.3987718438,10295316,SAMSUNG
2021-10-28,64783.4765625,66157.94919112447,63683.89845960042,63683.89845960042,20644902,SAMSUNG
2021-10-29,63958.8046875,65608.17214362464,63867.17316215974,65241.64604226361,17016151,SAMSUNG
2021-11-01,64050.4453125,64691.866081008586,64050.4453125,64325.33992757511,11503729,SAMSUNG
2021-11-02,65516.53515625,66157.95578015734,64783.483014641606,64875.11453234265,16812570,SAMSUNG
2021-11-03,64508.59375,65699.80357776988,64233.699174360794,65699.80357776988,12770428,SAMSUNG
2021-11-04,64691.8671875,65608.18258675637,64600.235647574365,65241.65642705382,11818987,SAMSUNG
2021-11-05,64325.33984375,65608.18137909543,64325.33984374999,65608.18137909543,12667743,SAMSUNG
2021-11-08,64691.8671875,64691.8671875,63958.8148680949,64508.60410764872,11121981,SAMSUNG
2021-11-09,64600.2265625,65058.384197695035,64233.70045434397,64416.963508421984,11159589,SAMSUNG
2021-11-10,64325.33984375,64966.76061142272,64325.33984374999,64416.97138198896,9422009,SAMSUNG
2021-11-11,64050.4453125,64142.07685085837,63775.55069742489,64050.4453125,11489122,SAMSUNG
2021-11-12,64691.8671875,64966.76180727691,64050.446408020536,64325.341027797454,10087450,SAMSUNG
2021-11-15,65424.91796875,65883.0756576068,64966.760279893206,65699.81258206407,12420710,SAMSUNG
2021-11-16,65333.30078125,65974.72168653576,65333.30078125,65516.56389704593,10919239,SAMSUNG
2021-11-17,64783.4765625,65608.16013967468,64691.84505392503,65333.265613949785,11027606,SAMSUNG
2021-11-18,64325.33984375,65058.392149661675,64325.33984374999,64783.4975349448,10144957,SAMSUNG
2021-11-19,65241.65234375,65424.91541213132,64233.70546765274,64508.60007022472,11954728,SAMSUNG
2021-11-22,68632.0078125,68906.90236982644,66891.00894943258,67165.90350675902,27506623,SAMSUNG
2021-11-23,68998.546875,69639.96762948208,68265.49458416335,69639.96762948208,22029195,SAMSUNG
2021-11-24,68540.375,69823.2162433155,67898.95437834224,69639.95320855615,15652305,SAMSUNG
2021-11-25,67532.4375,68815.27891791046,67440.80597014926,68815.27891791046,12559258,SAMSUNG
2021-11-26,66249.6015625,67898.96923625519,65974.70695020746,67349.18001167012,13002242,SAMSUNG
2021-11-29,66249.6015625,66891.0223245159,65424.9177256224,65699.81233791493,16682559,SAMSUNG
2021-11-30,65333.30078125,67715.72128659712,64600.248318066275,67074.30038131136,30364841,SAMSUNG
2021-12-01,68173.8515625,68540.37764616935,65608.16897681452,65974.69506048386,21954856,SAMSUNG
2021-12-02,69456.6953125,69456.6953125,67624.06482932059,67715.69635347955,23652940,SAMSUNG
2021-12-03,69273.4375,69639.96362433862,67898.96453373016,69273.4375,18330240,SAMSUNG
2021-12-06,69914.859375,70281.38550540629,68632.01791857799,68815.28098378112,16391250,SAMSUNG
2021-12-07,70922.8046875,71197.69927931202,69273.43713662791,69731.59478964793,19232453,SAMSUNG
2021-12-08,70922.8046875,72022.38305474806,70647.91009568798,71747.48846293605,21558340,SAMSUNG
2021-12-09,71655.8515625,71655.8515625,70556.27327765345,70922.7993726023,21604528,SAMSUNG
2021-12-10,70464.65625,71106.07704811444,70373.02470741223,70922.81396293889,9155219,SAMSUNG
2021-12-13,70373.015625,71747.48858642578,70098.12103271484,70739.54174804688,15038750,SAMSUNG
2021-12-14,70556.265625,70739.52865259741,69823.2135146104,70098.1080560065,10976660,SAMSUNG
2021-12-15,71106.078125,71106.078125,69914.86805331829,70006.49959729382,9584939,SAMSUNG
2021-12-16,71289.328125,71930.74881507069,70922.80201638817,71930.74881507069,11996128,SAMSUNG
2021-12-17,71472.5859375,71472.5859375,70373.00769230768,70373.00769230768,13108479,SAMSUNG
2021-12-20,70647.8984375,71289.31904588197,70373.00389105058,71106.0560149157,11264375,SAMSUNG
2021-12-21,71564.234375,71747.49745918694,71014.44512243918,71380.97129081306,14245298,SAMSUNG
2021-12-22,72755.4453125,72755.4453125,72205.65605321158,72297.28759642632,17105892,SAMSUNG
2021-12-23,73213.59375,73305.225281602,72663.80456038799,73121.962218398,13577498,SAMSUNG
2021-12-24,73763.3984375,74038.29309006211,73488.50378493789,73488.50378493789,12086380,SAMSUNG
2021-12-27,73488.5,73855.02618453866,73121.97381546134,73855.02618453866,10783368,SAMSUNG
2021-12-28,73580.1015625,73671.73307129514,73030.31250972913,73488.47005370486,18226325,SAMSUNG
2021-12-29,72531.734375,73820.36924968274,72255.59833042513,73820.36924968274,19794795,SAMSUNG
2021-12-30,72071.5078125,73176.05199353448,71887.41711566092,72623.77990301725,14236700,SAMSUNG
2022-01-04,72439.671875,72899.89850698857,72071.49056940914,72531.71720139771,12427416,SAMSUNG
2022-01-05,71243.09375,72715.81920219638,70322.64034237726,72531.72852067184,25470640,SAMSUNG
2022-01-06,70782.8671875,71427.18457412224,70506.7311646619,70598.77650560794,12931954,SAMSUNG
2022-01-07,72071.5078125,72163.55316091955,71243.09967672413,71887.41711566092,15163757,SAMSUNG
2022-01-10,71795.359375,71887.40470753206,70966.95138221154,71887.40470753206,9947422,SAMSUNG
2022-01-11,72623.75,72715.79531051965,71795.34220532319,72163.52344740178,13221123,SAMSUNG
2022-01-12,72623.75,73268.06717363751,72347.61406844106,73176.02186311787,11000502,SAMSUNG
2022-01-13,71703.3125,72991.94712772786,71703.3125,72991.94712772786,13889401,SAMSUNG
2022-01-14,71151.0546875,71887.41747857374,70966.96398973156,71519.23608303687,10096725,SAMSUNG
2022-01-17,71335.125,71611.26096774194,70782.85306451612,71427.17032258064,8785122,SAMSUNG
2022-01-18,70874.8984375,71611.26101866884,70506.71714691559,71427.17037337663,9592788,SAMSUNG
2022-01-19,70230.5859375,70782.8579107962,70046.4952797346,70414.67659526541,10598290,SAMSUNG
2022-01-20,70414.6875,70598.7781862745,69862.41544117646,70138.55147058824,9708168,SAMSUNG
2022-01-21,69586.265625,69770.35627480158,68757.85770089286,69770.35627480158,15774888,SAMSUNG
2022-01-24,69126.0546875,69770.37210802264,68757.8733043442,69402.19072486684,13691134,SAMSUNG
2022-01-25,68113.546875,69034.00021114865,67377.18420608109,68849.90954391893,17766704,SAMSUNG
2022-01-26,68113.546875,68113.546875,68113.546875,68113.546875,0,SAMSUNG
2022-01-27,65628.34375,68113.56854838709,65628.34375,67929.47782258064,22274777,SAMSUNG
2022-01-28,67469.2265625,67837.40788071282,65536.27464188267,65628.31997143588,21367447,SAMSUNG
2022-02-03,67469.2265625,68941.9518353513,67469.2265625,68941.9518353513,17744721,SAMSUNG
2022-02-04,68113.546875,68665.81887668918,67561.27487331082,68389.68287584459,12730034,SAMSUNG
2022-02-07,67193.1015625,67745.37363013698,66640.829494863,67653.32828553082,14240838,SAMSUNG
2022-02-08,67193.1015625,67193.1015625,67193.1015625,67193.1015625,0,SAMSUNG
2022-02-09,67193.1015625,67193.1015625,67193.1015625,67193.1015625,0,SAMSUNG
2022-02-10,69402.1875,69770.36886604775,68757.87010941644,69586.27818302387,17746033,SAMSUNG
2022-02-11,68941.9453125,69494.21723756676,68665.80934996661,69033.99063334445,12205407,SAMSUNG
2022-02-14,67837.40625,68573.76886872457,67285.13428595658,68481.723541384,13993255,SAMSUNG
2022-02-15,67837.40625,68297.63288670285,67285.13428595658,68205.58755936228,9320365,SAMSUNG
2022-02-16,68849.8984375,68941.94375626672,68297.62652489974,68665.80779996657,10767386,SAMSUNG
2022-02-17,69034.0,69586.272,68573.77333333333,69034.0,13605382,SAMSUNG
2022-02-18,68389.6796875,68849.90633411844,67837.40771155787,68665.81567547107,10122226,SAMSUNG
2022-02-21,68389.6796875,68389.6796875,68389.6796875,68389.6796875,0,SAMSUNG
2022-02-22,68389.6796875,68389.6796875,68389.6796875,68389.6796875,0,SAMSUNG
2022-02-23,68389.6796875,68389.6796875,68389.6796875,68389.6796875,0,SAMSUNG
2022-02-24,65812.40625,66548.76883741259,65628.31560314685,66548.76883741259,15759283,SAMSUNG
2022-02-25,66180.59375,66824.9110744089,66180.59375,66364.68441411683,13168484,SAMSUNG
2022-02-28,66180.59375,66180.59375,66180.59375,66180.59375,0,SAMSUNG
2022-03-02,65996.5,66640.81729428173,65812.40934449094,66548.7719665272,12481430,SAMSUNG
2022-03-03,67101.0546875,67285.14537251371,66456.73728995198,66548.78263245884,13232638,SAMSUNG
2022-03-04,67101.0546875,67101.0546875,67101.0546875,67101.0546875,0,SAMSUNG
2022-03-07,64523.79296875,64984.01973742868,64339.70226127854,64431.74761501427,18617138,SAMSUNG
2022-03-08,63971.5,64431.72661870503,63235.13741007194,63327.182733812944,15828269,SAMSUNG
2022-03-10,63971.5,63971.5,63971.5,63971.5,0,SAMSUNG
2022-03-11,64431.71484375,65076.0319921875,64155.57892299107,64891.941378348216,15787655,SAMSUNG
2022-03-14,64615.82421875,64615.82421875,64063.552216880336,64431.733551460115,9040993,SAMSUNG
2022-03-15,64615.82421875,64615.82421875,64615.82421875,64615.82421875,0,SAMSUNG
2022-03-16,64799.90625,64891.95157137784,64155.58900035511,64615.815607244316,10175750,SAMSUNG
2022-03-17,64799.90625,64799.90625,64799.90625,64799.90625,0,SAMSUNG
2022-03-18,65076.03515625,65260.125779039954,64615.8085992751,64983.989844855016,14410038,SAMSUNG
2022-03-21,64339.69140625,65352.19012652003,64339.69140625,65260.14478831366,11169002,SAMSUNG
2022-03-22,64707.8671875,64891.95784806187,64339.68586637624,64339.68586637624,9402666,SAMSUNG
2022-03-23,64891.953125,65536.27039007092,64707.862477836876,64983.99844858156,12398025,SAMSUNG
2022-03-24,64247.640625,64707.86727704155,64063.54996418338,64063.54996418338,37943357,SAMSUNG
2022-03-25,64247.640625,64615.82194663324,64063.54996418338,64523.77661622493,12986010,SAMSUNG
2022-03-28,64155.609375,64339.70007621951,63695.38262195122,63971.51867378048,12619289,SAMSUNG
2022-03-29,64615.82421875,64707.86955239494,64247.64288417023,64431.733551460115,13686208,SAMSUNG
2022-03-30,64672.2734375,65227.400248122314,64579.75230239628,65042.35797791488,12670187,SAMSUNG
2022-03-31,64394.69140625,64949.81805630388,64394.69140625,64672.25473127694,12510366,SAMSUNG
2022-04-01,63932.09375,64302.17822901592,63839.572630246024,64302.17822901592,15916846,SAMSUNG
2022-04-04,64117.12890625,64117.12890625,63469.481139520205,63747.044468118685,11107905,SAMSUNG
2022-04-05,64024.625,64394.70953757226,63932.103865606936,64209.66726878613,8467248,SAMSUNG
2022-04-06,63376.9765625,63654.53996350365,63376.9765625,63469.497696167884,15517308,SAMSUNG
2022-04-07,62914.359375,63376.964958639706,62914.359375,63376.964958639706,20683327,SAMSUNG
2022-04-08,62729.32421875,63191.92985458149,62636.8030915837,63006.88760024889,15453191,SAMSUNG
2022-04-11,62821.84375,63006.88599963181,62359.23812592047,62729.32262518409,12263735,SAMSUNG
2022-04-12,61989.15625,62636.8041511194,61989.15625,62544.28302238806,13924389,SAMSUNG
2022-04-13,63562.0078125,63839.57116539301,62174.19104803493,62266.71216566594,17378619,SAMSUNG
2022-04-14,62451.7578125,63562.011284722226,62451.7578125,63562.011284722226,16409494,SAMSUNG
2022-04-15,61619.0625,62266.71030405405,61526.54138513513,62174.18918918919,13176415,SAMSUNG
2022-04-18,61711.57421875,62081.658621860945,61156.44761408358,61526.53201719453,10119203,SAMSUNG
2022-04-19,62266.71484375,62914.36269502229,61989.15147891902,62081.672600529346,12959434,SAMSUNG
2022-04-20,62359.234375,62359.234375,61526.54430174332,61989.14989799703,16693293,SAMSUNG
2022-04-21,62636.80078125,63191.92752377215,62451.75853374261,62544.27965749631,12847448,SAMSUNG
2022-04-22,61989.15625,62266.71963619403,61711.59286380597,62174.19850746269,11791478,SAMSUNG
2022-04-25,61341.50390625,61711.58839437217,61341.50390625,61526.546150311086,11016474,SAMSUNG
2022-04-26,61156.45703125,61711.5837213975,61156.45703125,61434.02037632375,12946923,SAMSUNG
2022-04-27,60138.73046875,60601.33608774038,60046.20934495192,60508.814963942306,18122084,SAMSUNG
2022-04-28,59953.6796875,60601.32746190201,59676.11635561343,60508.80635127315,16895527,SAMSUNG
2022-04-29,62359.234375,62544.27661350148,60138.727512982194,60231.248632232935,26190390,SAMSUNG
2022-05-02,62266.71484375,62544.27820858098,61526.54587086738,61619.06699247771,14106184,SAMSUNG
2022-05-03,62451.7578125,63284.447916666664,62266.71556712963,62359.23668981482,14168875,SAMSUNG
2022-05-04,62821.84375,63284.44937407953,62451.75925073637,62914.3648748159,11505248,SAMSUNG
2022-05-06,61526.54296875,62081.66967222744,61526.54296875,61989.148554981206,14356156,SAMSUNG
2022-05-10,60786.375,61341.50171232876,60416.29052511415,60971.41723744292,17235605,SAMSUNG
2022-05-11,60786.375,61341.50171232876,60323.76940639269,60601.332762557075,12330920,SAMSUNG
2022-05-12,60046.203125,60601.32981028506,60046.203125,60323.76646764253,16414188,SAMSUNG
2022-05-13,61526.54296875,61711.58520324248,60323.76844454887,60416.289561795114,14551536,SAMSUNG
2022-05-16,61341.50390625,62359.23624858598,61156.461662188914,62081.67288249435,11937555,SAMSUNG
2022-05-17,62544.26953125,62821.83285757212,61619.05844350962,61619.05844350962,15680447,SAMSUNG
2022-05-18,63006.8828125,63562.00953331497,62544.27721182085,63191.92505277166,16486319,SAMSUNG
2022-05-19,62451.7578125,62544.27893518518,61526.546585648146,61526.546585648146,17073727,SAMSUNG
2022-05-20,62914.359375,63284.443841911765,62636.796024816176,62729.31714154412,12109671,SAMSUNG
2022-05-23,62821.84375,63654.53387334315,62544.280375552284,63654.53387334315,13684088,SAMSUNG
2022-05-24,61526.54296875,62636.796375704886,61526.54296875,62451.754141212405,15482576,SAMSUNG
2022-05-25,61434.01953125,62081.66732751318,60971.41396249059,61711.58287250565,15150490,SAMSUNG
2022-05-26,60971.4140625,62174.18854324734,60601.32960688543,61341.49851811457,15970890,SAMSUNG
2022-05-27,61526.54296875,61896.62743773496,61248.97961701128,61711.58520324248,11405555,SAMSUNG
2022-05-30,62636.80078125,62729.32190500369,61896.631791220454,62451.75853374261,14255484,SAMSUNG
2022-05-31,62359.234375,62451.75549425074,61711.5865402448,62451.75549425074,24365002,SAMSUNG
2022-06-02,61711.57421875,61989.137521083205,61434.01091641679,61619.05311797226,14959443,SAMSUNG
2022-06-03,61804.10546875,62266.71104860591,61804.10546875,62174.18993263473,8222883,SAMSUNG
2022-06-07,60601.3359375,61434.02604961832,60508.8148139313,61248.983802480914,19355755,SAMSUNG
2022-06-08,60416.30078125,60786.385318960565,60416.30078125,60508.82191567764,12483180,SAMSUNG
2022-06-09,60323.765625,60323.765625,59676.11783454754,60231.244512078214,25790725,SAMSUNG
2022-06-10,59028.4765625,59583.60330133229,59028.4765625,59213.51880877743,22193552,SAMSUNG
2022-06-13,57455.61328125,58103.261096014496,57455.61328125,57733.176630434784,22157816,SAMSUNG
2022-06-14,57270.5703125,57548.13365811793,56530.40139085218,56622.92250605815,24606419,SAMSUNG
2022-06-15,56160.32421875,56900.49323646005,55697.71858268122,56715.45098203254,26811224,SAMSUNG
2022-06-16,56345.36328125,57178.05337900246,55975.27879336001,56715.44776913998,23394895,SAMSUNG
2022-06-17,55327.62890625,55420.150024822324,54957.5444319607,54957.5444319607,29053450,SAMSUNG
2022-06-20,54309.8984375,55420.15189789182,53754.771707304084,55327.6307761925,34111306,SAMSUNG
2022-06-21,54124.8515625,54772.49935897435,53847.288221153845,54309.8937900641,25148109,SAMSUNG
2022-06-22,53292.1640625,54679.98083496094,53292.1640625,54587.459716796875,23334687,SAMSUNG
2022-06-23,53107.125,53662.25174216028,52551.998257839725,53384.68837108014,28338608,SAMSUNG
2022-06-24,54032.33984375,54679.987752836045,53384.691934663955,53569.73419440282,23256103,SAMSUNG
2022-06-27,54402.421875,55420.1542570153,53939.81624681122,54587.46412627551,18122236,SAMSUNG
2022-06-28,54957.546875,55050.06799768518,54309.89901620371,54772.50462962963,13540538,SAMSUNG
2022-06-29,53990.375,54735.06982758621,53990.375,54455.80926724138,14677138,SAMSUNG
2022-06-30,53059.5078125,53618.028947368424,53059.5078125,53245.68152412281,18915142,SAMSUNG
2022-07-01,52314.81640625,53524.94561137678,52035.55582045151,52966.4244397798,24982097,SAMSUNG
2022-07-04,53152.59765625,53431.858239382665,51849.381601630914,52221.7290458078,17807126,SAMSUNG
2022-07-05,53245.68359375,54176.55218804633,53245.68359375,53618.03103146853,14216539,SAMSUNG
2022-07-06,52500.98828125,53338.77000914229,52500.98828125,53338.77000914229,16820461,SAMSUNG
2022-07-07,54176.546875,54641.98112650344,52407.89671928694,52500.98356958763,21322833,SAMSUNG
2022-07-08,54641.98046875,55200.50156383092,54176.54622284923,54548.89361956985,15339271,SAMSUNG
2022-07-11,54735.0703125,55479.765146683676,54641.98345822704,55200.5045838648,13042624,SAMSUNG
2022-07-12,54083.46484375,54641.98599532057,54083.46484375,54548.89913672548,9336061,SAMSUNG
2022-07-13,53990.375,54548.89612068966,53990.375,54269.63556034483,10841315,SAMSUNG
2022-07-14,53524.9375,54176.54543478261,53431.85065217392,53524.9375,15067012,SAMSUNG
2022-07-15,55852.109375,55852.109375,54083.459244791666,54362.71979166667,18685583,SAMSUNG
2022-07-18,57620.7578125,57713.84465872375,56317.54196536753,56410.628811591276,20832517,SAMSUNG
2022-07-19,56689.890625,57248.41171490148,56038.28268678161,57155.32486658457,15248261,SAMSUNG
2022-07-20,56317.55078125,57806.94055397727,56317.55078125,57527.67997159091,16782238,SAMSUNG
2022-07-21,57527.67578125,57620.76263526497,56503.720387085355,56876.067803145226,12291374,SAMSUNG
2022-07-22,57062.2421875,57900.023883564434,56969.15533238173,57527.67646309135,10261310,SAMSUNG
2022-07-25,56876.0625,57620.75726268412,56596.80196399345,56689.888809328964,9193681,SAMSUNG
2022-07-26,57434.5859375,57620.75963583874,56596.80429497569,56596.80429497569,6597211,SAMSUNG
2022-07-27,57527.67578125,57620.76263526497,56969.154657160194,57062.24151117516,7320997,SAMSUNG
2022-07-28,57620.7578125,58272.36573606623,57341.497273828754,57993.10519739499,10745302,SAMSUNG
2022-07-29,57155.328125,58272.37036848534,57062.24127137622,58086.19666123778,15093120,SAMSUNG
2022-08-01,57062.2421875,57434.58960797308,56131.37363631729,56782.981622145184,13154816,SAMSUNG
2022-08-02,57434.5859375,57620.75963583874,56782.977993314424,56969.15169165316,13614895,SAMSUNG
2022-08-03,57062.2421875,57341.50275285481,56782.981622145184,57341.50275285481,10053861,SAMSUNG
2022-08-04,57248.4140625,57527.674618902434,56969.15350609756,57434.58776676829,9125439,SAMSUNG
2022-08-05,57248.4140625,57620.76147103658,56969.15350609756,57434.58776676829,9567620,SAMSUNG
2022-08-08,56596.8046875,57155.3257863898,56410.63098787007,57155.3257863898,11313150,SAMSUNG
2022-08-09,55852.109375,56503.71731770833,55479.761979166666,56410.63046875,18251170,SAMSUNG
2022-08-10,55014.328125,55107.414974619285,54548.89387690355,54828.15442576142,18084349,SAMSUNG
2022-08-11,55759.0234375,55852.110287979966,55200.5023346202,55479.762886060096,15141941,SAMSUNG
2022-08-12,56038.2890625,56503.72335703904,55293.59419123754,55386.68105014535,10786658,SAMSUNG
2022-08-16,56782.97265625,57341.493698770486,56131.364773309426,56317.53845414959,15036727,SAMSUNG
2022-08-17,56224.4609375,56969.155784354305,56131.37408164321,56876.068928497516,9061518,SAMSUNG
2022-08-18,57248.4140625,57620.76147103658,55852.1112804878,56131.37183689024,16372754,SAMSUNG
2022-08-19,56689.890625,57341.49856321839,56410.63008004926,57155.32486658457,6923679,SAMSUNG
2022-08-22,55852.109375,56224.456770833334,55665.93567708333,56131.369921875004,8259865,SAMSUNG
2022-08-23,55014.328125,55479.76237309644,54921.24127538071,54921.24127538071,9041629,SAMSUNG
2022-08-24,54921.2421875,55386.67644332627,54921.2421875,55107.41588983051,8888486,SAMSUNG
2022-08-25,55572.8515625,55572.8515625,54921.243587730314,55107.41729480737,5767902,SAMSUNG
2022-08-26,55852.109375,56689.891015625,55759.02252604167,56131.369921875004,9499995,SAMSUNG
2022-08-29,54548.8984375,54828.15900970563,54548.8984375,54641.985294901875,9841329,SAMSUNG
2022-08-30,54735.0703125,54921.24402104592,54269.63604113521,54641.98345822704,9690044,SAMSUNG
2022-08-31,55572.8515625,55759.02526957705,54176.54875942211,54176.54875942211,14203512,SAMSUNG
2022-09-01,54362.71875,54828.15298587329,54269.63190282534,54641.979291523974,14905777,SAMSUNG
2022-09-02,53524.9375,54548.89282608696,53524.9375,54269.6322826087,15040310,SAMSUNG
2022-09-05,53152.59765625,53804.20568355955,52873.33707311734,53431.858239382665,11425977,SAMSUNG
2022-09-06,53152.59765625,53618.031961471104,52966.42393416156,53245.68451729423,7503086,SAMSUNG
2022-09-07,52128.64453125,52780.25258789063,52035.55766601563,52780.25258789063,17384854,SAMSUNG
2022-09-08,51756.2890625,52500.983869154676,51756.2890625,52314.81016749101,18000016,SAMSUNG
2022-09-13,54083.46484375,54455.81227813038,52873.33568201377,53059.50939920396,17166581,SAMSUNG
2022-09-14,52873.33203125,53245.67943992077,52221.72406607614,52314.810918243835,12524961,SAMSUNG
2022-09-15,52128.64453125,53152.60004882813,52128.64453125,53059.51318359375,11664819,SAMSUNG
2022-09-16,52314.81640625,52500.99013011566,51663.2083727202,51756.29523465302,13456503,SAMSUNG
2022-09-19,52500.98828125,53059.50943317819,52128.640846631206,52407.9014225953,12278653,SAMSUNG
2022-09-20,51942.4609375,53059.50310819892,51942.4609375,52500.98202284946,14041465,SAMSUNG
2022-09-21,51477.0234375,51663.19712081826,51197.7629125226,51570.11027915913,11863700,SAMSUNG
2022-09-22,50639.24609375,50918.50664206112,50546.15924431296,50825.41979262408,12786510,SAMSUNG
2022-09-23,50732.3359375,51104.68335722477,50453.07537270642,50639.24908256881,10555964,SAMSUNG
2022-09-26,50173.8203125,50453.080907931355,49894.559717068645,49987.64658221243,15008449,SAMSUNG
2022-09-27,50453.078125,50453.078125,49801.470104935426,50080.7306849631,16631289,SAMSUNG
2022-09-28,49242.953125,50639.25614366729,48870.605653355386,50173.82180411153,19991129,SAMSUNG
2022-09-29,49300.11328125,50331.10424340542,49300.11328125,49956.198438985266,13882080,SAMSUNG
2022-09-30,49768.75390625,50237.3862405838,48550.30983698211,49018.94217131591,22503249,SAMSUNG
2022-10-04,51737.0078125,51924.46073935689,51080.92256850091,51830.734275928444,19148435,SAMSUNG
2022-10-05,52486.81640625,53611.533900669645,51924.45765904018,53330.35452706473,22458970,SAMSUNG
2022-10-06,52768.0,53705.26465364121,52768.0,53142.905861456486,14944446,SAMSUNG
2022-10-07,52674.26953125,53330.354738934606,51737.004948843416,52393.09015652802,16886813,SAMSUNG
2022-10-11,51924.453125,52205.63247405234,50612.28282942238,50987.188628158845,21437877,SAMSUNG
2022-10-12,52299.359375,53424.07678091397,51737.00067204301,52205.63292450717,18408910,SAMSUNG
2022-10-13,51737.0078125,52580.54598335598,51737.0078125,51924.46073935689,13784602,SAMSUNG
2022-10-14,52768.0,52955.45293072824,52299.3676731794,52674.27353463588,12924326,SAMSUNG
2022-10-17,53049.1796875,53424.0855510159,52205.641494589225,52299.3679604682,13641878,SAMSUNG
2022-10-18,52955.453125,53517.81191924779,52299.367865044245,53142.90605641593,14820702,SAMSUNG
2022-10-19,52299.359375,53330.35033042114,52205.63292450717,53142.897429435485,12660652,SAMSUNG
2022-10-20,52018.1875,52486.81981981982,51643.28164414415,51737.00810810811,17107653,SAMSUNG
2022-10-21,52393.08984375,52767.995674474514,51643.27818230099,51643.27818230099,11456060,SAMSUNG
2022-10-24,53892.70703125,53892.70703125,53142.895455163045,53424.07479619565,16944503,SAMSUNG
2022-10-25,54080.16796875,54923.70611730935,53424.082742092716,53424.082742092716,17405678,SAMSUNG
2022-10-26,55673.51953125,55860.97245896464,54080.1696456755,54361.34903724747,20824967,SAMSUNG
2022-10-27,55767.2421875,56329.6009322479,55204.8834427521,55954.695102415964,21756712,SAMSUNG
2022-10-28,53705.2578125,55486.06042757417,53611.531359075045,55204.8810672993,20924937,SAMSUNG
2022-10-31,55673.51953125,56142.15185053661,54361.34903724747,54455.075501104795,18999514,SAMSUNG
2022-11-01,56235.87109375,56517.050449218754,55767.23883463542,56142.14464192709,17201647,SAMSUNG
2022-11-02,55860.96875,56235.87458053691,55579.78937709732,55954.69520763423,13202919,SAMSUNG
2022-11-03,55486.06640625,56048.42518739442,54455.07530748522,54923.70762510558,17492162,SAMSUNG
2022-11-04,55673.51953125,55767.24599510732,54736.25489267676,55392.340139678025,12445841,SAMSUNG
2022-11-07,56423.33203125,56517.05849641819,55673.52030990448,55954.69970540905,12437246,SAMSUNG
2022-11-08,57922.953125,58016.67958636732,56704.50912722492,56704.50912722492,18273898,SAMSUNG
2022-11-09,58110.40234375,58297.85525453629,57454.31715599798,58110.40234375,14045592,SAMSUNG
2022-11-10,56610.78515625,57641.77627664529,56610.78515625,57548.04981115481,21087633,SAMSUNG
2022-11-11,58953.94921875,59235.12862678855,58391.59040267289,59141.40215744237,20037163,SAMSUNG
2022-11-14,58016.67578125,58953.94033345113,57829.22287080977,58953.94033345113,15973416,SAMSUNG
2022-11-15,58485.31640625,58579.04287484976,57735.50465745192,58297.863469050484,12310986,SAMSUNG
2022-11-16,58766.4921875,58766.4921875,57829.2275593102,58485.31279904306,12909260,SAMSUNG
2022-11-17,57548.046875,58110.405639250814,57454.32041429153,58110.405639250814,13298296,SAMSUNG
2022-11-18,57922.953125,58485.311893203885,57548.04727953074,57922.953125,12236503,SAMSUNG
2022-11-21,57548.046875,57922.952717833876,56985.68811074918,57548.046875,9378097,SAMSUNG
2022-11-22,56798.234375,57360.593131188114,56517.054996905936,57079.41375309406,9411289,SAMSUNG
2022-11-23,57173.13671875,57454.31607966188,56891.95735783812,57360.58962602459,8765050,SAMSUNG
2022-11-24,57548.046875,57829.2262571254,57079.41457145765,57360.59395358306,8125010,SAMSUNG
2022-11-25,57173.13671875,57829.22189421106,56985.68381147541,57548.04253329918,6677933,SAMSUNG
2022-11-28,56329.609375,56704.5152610233,56048.42996048253,56704.5152610233,8589032,SAMSUNG
2022-11-29,56798.234375,56798.234375,56048.422700082505,56142.149159447195,7014160,SAMSUNG
2022-11-30,58297.859375,58297.859375,56423.330134646305,56610.78305868167,19768903,SAMSUNG
2022-12-01,58672.76171875,59235.12045726837,58391.58234949081,59141.39400084864,16631445,SAMSUNG
2022-12-02,56610.78515625,58579.04093155009,56610.78515625,58579.04093155009,15331184,SAMSUNG
2022-12-05,56517.05859375,57266.87031638682,56235.8791977612,57079.41738572761,13767787,SAMSUNG
2022-12-06,55486.06640625,56329.60457796664,55486.06640625,56048.42518739442,13888300,SAMSUNG
2022-12-07,55204.87890625,55860.9640545416,54829.97310722623,55111.152456494056,12100662,SAMSUNG
2022-12-08,55486.06640625,55486.06640625,54923.70762510558,55017.43408862965,12986815,SAMSUNG
2022-12-09,56610.78515625,56798.238087230966,55579.79403585472,55579.79403585472,10529632,SAMSUNG
2022-12-12,55767.2421875,56235.87447478992,55673.51573004202,56142.14801733193,9036472,SAMSUNG
2022-12-13,55954.6953125,56517.054059359296,55673.51593907035,55860.968854690116,9040873,SAMSUNG
2022-12-14,56704.51171875,56798.23818440083,56048.42645919422,56048.42645919422,8207485,SAMSUNG
2022-12-15,55579.7890625,56423.32717643339,55579.7890625,56048.42134801855,8716039,SAMSUNG
2022-12-16,55767.2421875,55767.2421875,54642.5246980042,54642.5246980042,13033596,SAMSUNG
2022-12-19,55767.2421875,56142.14801733193,55392.336357668064,55767.2421875,7696187,SAMSUNG
2022-12-20,54923.70703125,55392.33934380333,54829.98056873934,55298.61288129266,9284761,SAMSUNG
2022-12-21,54361.34375,55392.33475215517,54361.34375,55017.42893318965,10356971,SAMSUNG
2022-12-22,55392.34375,55392.34375,54455.07905033841,54455.07905033841,10720630,SAMSUNG
2022-12-23,54455.078125,54736.257530120485,54080.172251506025,54548.8045933735,9829407,SAMSUNG
2022-12-26,54267.62109375,54455.074016353625,54080.16817114637,54361.34755505181,6756411,SAMSUNG
2022-12-27,54455.078125,54736.257530120485,54267.62518825301,54361.35165662651,10667027,SAMSUNG
2022-12-28,53380.859375,54323.98409893993,53192.23443021201,54323.98409893993,14665410,SAMSUNG
2022-12-29,52154.79296875,53003.60515088155,52154.79296875,52814.980221518985,11295935,SAMSUNG
2023-01-02,52343.421875,52909.29670608108,52060.48445945946,52343.421875,10031448,SAMSUNG
2023-01-03,52249.09765625,52814.9723601083,51400.28560046254,52249.09765625,13547030,SAMSUNG
2023-01-04,54512.6015625,54701.22648140138,52437.727454584776,52532.03991403547,20188071,SAMSUNG
2023-01-05,54889.85546875,55455.7302673969,54323.98067010309,54889.85546875,15682826,SAMSUNG
2023-01-06,55644.3515625,56021.60140360169,54606.91449947034,54984.16434057203,17334989,SAMSUNG
2023-01-09,57247.6640625,57247.6640625,56210.226987232294,56304.539448620264,18640107,SAMSUNG
2023-01-10,56964.7265625,57624.91379087335,56493.16425651904,56776.10164010762,14859797,SAMSUNG
2023-01-11,57059.04296875,57719.23024276859,56870.41803331611,57530.605307334714,12310751,SAMSUNG
2023-01-12,57059.04296875,57719.23024276859,56493.168162448346,57624.917775051654,16102561,SAMSUNG
2023-01-13,57341.9765625,57719.22640830593,56964.72671669408,57059.03917814556,12510328,SAMSUNG
2023-01-16,57624.9140625,58096.476370703764,57341.97667757774,57813.5389857815,10039972,SAMSUNG
2023-01-17,57530.6015625,58002.16387038935,57153.351716188525,57719.22648565574,9831456,SAMSUNG
2023-01-18,56964.7265625,57530.601329677156,56493.16425651904,57247.66394608858,11584041,SAMSUNG
2023-01-19,58002.1640625,58002.1640625,56964.72698170732,57059.03944359756,12808490,SAMSUNG
2023-01-20,58285.10546875,58756.66781073018,57624.91818997775,58568.04287393811,9646327,SAMSUNG
2023-01-25,59699.79296875,60077.04284532978,59416.85556131517,59888.41790703989,39217,SAMSUNG
2023-01-26,60171.34765625,60265.66011339146,59699.78537054271,60171.34765625,54188,SAMSUNG
2023-01-27,60925.85546875,61303.10534781346,60265.66818038893,60737.230529218265,44282,SAMSUNG
2023-01-30,59699.79296875,61208.792475069116,59511.16803046011,61208.792475069116,59628,SAMSUNG
2023-01-31,57907.85546875,60077.04223712337,57530.605595989415,59888.41730074308,163847,SAMSUNG
2023-02-01,57530.6015625,59133.91340932377,57530.6015625,59039.6009477459,98585,SAMSUNG
2023-02-02,59888.41015625,60265.659984005906,59039.59804379921,59605.47278543307,65992,SAMSUNG
2023-02-03,59888.41015625,60359.97244094488,59416.84787155512,60265.659984005906,47567,SAMSUNG
2023-02-06,58096.47265625,59416.84703480113,58096.47265625,59228.222123579544,144104,SAMSUNG
2023-02-07,58473.72265625,58945.28493573589,58096.47283266129,58379.410200352824,32873,SAMSUNG
2023-02-08,59511.1640625,59699.78898821316,58850.97682250396,59228.22667393027,42558,SAMSUNG
2023-02-09,59699.79296875,59699.79296875,58756.66827730055,59416.85556131517,48035,SAMSUNG
2023-02-10,59322.5390625,59416.851525238475,58850.97674880763,59039.60167428458,44786,SAMSUNG
2023-02-13,59322.5390625,59416.851525238475,58756.66428606916,59322.5390625,59395,SAMSUNG
2023-02-14,59605.47265625,60265.659853392004,59605.47265625,59982.722483188285,70606,SAMSUNG
2023-02-15,58662.34765625,60265.65940891278,58473.722744172024,60265.65940891278,58370,SAMSUNG
2023-02-16,60077.03515625,60077.03515625,58850.97321428572,58945.28567135989,41448,SAMSUNG
2023-02-17,59039.6015625,59699.78880041933,58850.97663738019,59322.53895017971,28613,SAMSUNG
2023-02-20,59133.91015625,59416.84752541866,58285.098048744025,59322.53506902911,29846,SAMSUNG
2023-02-21,58568.03515625,59228.222348027375,58473.7227002818,59133.90989205918,60971,SAMSUNG
2023-02-22,57624.9140625,58285.10129398527,57530.60160085925,58002.16390906301,39178,SAMSUNG
2023-02-23,58473.72265625,58945.28493573589,58002.16037676411,58190.785288558465,37145,SAMSUNG
2023-02-24,57813.5390625,59039.60106545677,57813.5390625,58756.66368015906,50792,SAMSUNG
2023-02-27,57059.04296875,57341.98037190083,56776.10556559917,57341.98037190083,11155697,SAMSUNG
2023-02-28,57153.35546875,57907.855210911715,57059.043000979786,57341.98040429043,13715861,SAMSUNG
2023-03-02,57341.9765625,58285.1011770148,57059.03917814556,57436.28902395148,13095682,SAMSUNG
2023-03-03,57059.04296875,57719.23024276859,57059.04296875,57530.605307334714,10711405,SAMSUNG
2023-03-06,58002.1640625,58096.476524390244,57341.97682926829,57624.914214939025,13630602,SAMSUNG
2023-03-07,57247.6640625,57907.85129221582,57247.6640625,57907.85129221582,11473280,SAMSUNG
2023-03-08,56870.421875,57059.046823175784,56493.171978648425,56681.79692682421,14161857,SAMSUNG
2023-03-09,56681.79296875,57341.98024126456,56493.16803374584,57059.042838758316,14334499,SAMSUNG
2023-03-10,56115.91796875,56304.54290309874,55738.66810005252,56115.91796875,11902471,SAMSUNG
2023-03-13,56587.4765625,56776.101484375,55927.2893359375,56493.1641015625,12779724,SAMSUNG
2023-03-14,55644.3515625,56115.91386387712,55644.3515625,56021.60140360169,12147346,SAMSUNG
2023-03-15,56398.84765625,56870.409927623325,56210.22274770067,56587.472564799325,10482149,SAMSUNG
2023-03-16,56493.1640625,56776.10144511686,55738.6643755217,55832.97683639399,10611939,SAMSUNG
2023-03-17,57813.5390625,57813.5390625,57153.351830138665,57341.976753670475,14090110,SAMSUNG
2023-03-20,56776.10546875,57719.230144310626,56776.10546875,57624.917676754565,9618009,SAMSUNG
2023-03-21,56870.421875,57247.671771351575,56681.79692682421,57059.046823175784,8318514,SAMSUNG
2023-03-22,57624.9140625,57719.22652414075,57059.039292655485,57530.60160085925,8978591,SAMSUNG
2023-03-23,58756.6640625,58756.6640625,57153.35220204655,57153.35220204655,15381057,SAMSUNG
2023-03-24,59416.8515625,59699.78895089286,58756.664322916666,59133.91417410714,18278602,SAMSUNG
2023-03-27,58568.03515625,59228.222348027375,58473.7227002818,59039.59743609098,11039331,SAMSUNG
2023-03-28,59322.5390625,59322.5390625,58568.03936059221,58850.97674880763,11614118,SAMSUNG
2023-03-29,59133.91015625,59133.91015625,58662.347874302235,58945.2852434709,11216008,SAMSUNG
2023-03-30,59950.6484375,60424.941542227054,59855.789816554585,60424.941542227054,15684377,SAMSUNG
2023-03-31,60709.515625,60709.515625,60424.939770507815,60709.515625,14094479,SAMSUNG
2023-04-03,59855.77734375,60709.50475435817,59760.91874257132,60709.50475435817,11973133,SAMSUNG
2023-04-04,60330.08203125,60519.79927034198,59571.21307488207,60140.36479215802,11120514,SAMSUNG
2023-04-05,60614.65625,60709.514866979654,60140.36316510172,60424.939016040684,9176149,SAMSUNG
2023-04-06,59096.92578125,60330.08795646067,59096.92578125,60235.22932759832,14992747,SAMSUNG
2023-04-07,61658.09765625,61847.814879807695,60519.79431490385,60519.79431490385,27476120,SAMSUNG
2023-04-10,62322.10546875,62891.257116866436,61373.519388555935,61468.37799657534,18777166,SAMSUNG
2023-04-11,62511.828125,62796.40397382397,62037.5350436267,62796.40397382397,16323183,SAMSUNG
2023-04-12,62606.6875,62796.40473484848,61942.6771780303,62416.97026515151,15021313,SAMSUNG
2023-04-13,62701.54296875,62701.54296875,62037.532680124816,62227.2499054463,15091022,SAMSUNG
2023-04-14,61752.96484375,63175.84421802995,61658.106218798006,63175.84421802995,16176490,SAMSUNG
2023-04-17,61942.671875,62227.24770290965,61373.520219180704,61658.09604709035,13486618,SAMSUNG
2023-04-18,62227.25390625,62606.688381288106,61468.38495617378,62511.82976252858,14802060,SAMSUNG
2023-04-19,62132.39453125,62416.97038406489,61942.67729604008,62132.39453125,10255985,SAMSUNG
2023-04-20,61942.671875,61942.671875,61278.66160987749,61752.954656393566,9501169,SAMSUNG
2023-04-21,62322.10546875,62511.82268478881,62037.52964469178,62416.9640767694,10538622,SAMSUNG
2023-04-24,61847.8125,62322.105540644174,61468.378067484664,61942.67110812883,12986581,SAMSUNG
2023-04-25,60330.08203125,62037.53718307783,60140.36479215802,61942.67856353184,16193271,SAMSUNG
2023-04-26,60804.37109375,60994.08832025156,60045.50218774376,60330.0780274961,12664541,SAMSUNG
2023-04-27,61278.66796875,61658.10244533669,60045.50591984327,60804.37487301664,14779601,SAMSUNG
2023-04-28,62132.39453125,62511.82900166985,61658.10144322519,61847.81867843512,19699481,SAMSUNG
2023-05-02,62322.10546875,62891.257116866436,61752.95382063356,62606.681292808214,14396948,SAMSUNG
2023-05-03,62037.5390625,62227.25630733945,61563.245950401375,61752.96319524082,8876749,SAMSUNG
2023-05-04,61752.96484375,62322.11659346198,61373.53034394201,62227.257968509984,9791064,SAMSUNG
2023-05-08,62511.828125,62891.26259009863,62037.5350436267,62891.26259009863,9405365,SAMSUNG
2023-05-09,61942.671875,62416.964921516075,61752.954656393566,62416.964921516075,9366861,SAMSUNG
2023-05-10,61278.66796875,62132.39554107005,60994.09211130998,62132.39554107005,13057727,SAMSUNG
2023-05-11,60899.23046875,61752.95799868575,60899.23046875,61373.52354093653,11648905,SAMSUNG
2023-05-12,60804.37109375,61278.6641600039,60330.0780274961,60424.936640746884,8693913,SAMSUNG
2023-05-15,61183.80859375,61278.66721172481,60614.65688590116,60804.37412185078,8172021,SAMSUNG
2023-05-16,62037.5390625,62511.832174598625,61942.68044008027,62416.9735521789,12334657,SAMSUNG
2023-05-17,61658.09765625,62511.82516225962,61468.38043269231,62511.82516225962,10745504,SAMSUNG
2023-05-18,62796.40625,62796.40625,62322.11315143504,62606.68901057402,14431704,SAMSUNG
2023-05-19,64883.29296875,64883.29296874999,64029.5654296875,64314.141276041664,20349345,SAMSUNG
2023-05-22,64978.1640625,65452.45723083941,64503.87089416058,64883.305428832115,14470308,SAMSUNG
2023-05-23,64883.29296875,65167.868815104164,64598.71712239583,64978.15158420138,8561643,SAMSUNG
2023-05-24,64978.1640625,65167.88132983576,64503.87089416058,64598.729527828466,8192896,SAMSUNG
2023-05-25,65262.7421875,66401.04583030523,65167.88355059956,66306.1871934048,14231160,SAMSUNG
2023-05-26,66685.6015625,66780.46017069701,65926.7326969239,66211.30852151493,19549511,SAMSUNG
2023-05-30,68582.78125,68582.78125,67539.33644536653,67634.19506396957,27476897,SAMSUNG
2023-05-31,67729.0625,68772.50744047618,67349.62797619047,68677.6488095238,25666087,SAMSUNG
2023-06-01,67254.75,67918.76022566996,66970.17418899859,67254.75,14669296,SAMSUNG
2023-06-02,68487.921875,68487.921875,67918.7701696676,68013.62878722299,12161798,SAMSUNG
2023-06-05,68013.625,68962.21112273361,67729.04916317992,68962.21112273361,12686829,SAMSUNG
2023-06-07,67349.6328125,67918.78463908451,67159.91553697184,67634.20872579225,14796613,SAMSUNG
2023-06-08,67254.75,67254.75,66401.02256699577,66780.45698166432,19165568,SAMSUNG
2023-06-09,68298.203125,68582.77897135416,67159.89973958333,67444.4755859375,15050209,SAMSUNG
2023-06-12,67349.6328125,68677.65374119718,67159.91553697184,68393.07782790493,12064287,SAMSUNG
2023-06-13,68298.203125,68487.92035590278,67918.76866319444,68013.62727864583,13227285,SAMSUNG
2023-06-14,68203.3359375,68487.91174808762,67444.46710926633,68393.05314455842,12541046,SAMSUNG
2023-06-15,67823.921875,68582.79093094406,67634.20461101398,68393.07366695804,13614994,SAMSUNG
2023-06-16,68108.484375,68203.34298833566,67254.7568549791,68108.484375,15373696,SAMSUNG
2023-06-19,67539.328125,68013.62115958567,67254.7523042486,67634.18673191714,11100887,SAMSUNG
2023-06-20,67729.0625,67729.0625,66780.47619047618,67065.05208333333,11557883,SAMSUNG
2023-06-21,66875.3359375,67539.34636524823,66780.47730496454,67065.05320257093,10626603,SAMSUNG
2023-06-22,67634.203125,67823.92038481767,66495.89956609397,66590.7581960028,11411007,SAMSUNG
2023-06-23,67918.765625,68487.9172922486,67918.765625,68298.20006983241,12329484,SAMSUNG
2023-06-26,68677.6484375,68772.50706793854,67823.92076355318,68013.63802443024,10541901,SAMSUNG
2023-06-27,68867.3671875,68867.3671875,68298.215392562,68772.50855501034,9442997,SAMSUNG
2023-06-28,68962.21875,68962.21875,68298.2083906465,68867.36012723521,8783093,SAMSUNG
2023-06-29,69020.3671875,69973.68717627763,69020.3671875,69687.69117964435,12229967,SAMSUNG
2023-06-30,68829.703125,69306.36311894044,68353.04313105956,69115.69912136426,11694765,SAMSUNG
2023-07-03,69592.3515625,69783.01553938356,69211.02360873288,69306.35559717465,10722181,SAMSUNG
2023-07-04,69592.3515625,70164.34349315069,69497.01957405823,69973.67951626712,10214350,SAMSUNG
2023-07-05,68639.0390625,69878.35504557291,68543.70706380208,69592.35904947917,12310610,SAMSUNG
2023-07-06,68257.7109375,69020.36692562849,68162.37893898394,68543.70693304819,14777667,SAMSUNG
2023-07-07,66637.0703125,68067.05036212446,66541.7383091917,67781.05435219957,17308877,SAMSUNG
2023-07-10,66255.734375,67113.72230215828,65969.73839928057,66732.39433453238,11713926,SAMSUNG
2023-07-11,68162.375,68162.375,66827.7270979021,66923.0590909091,12177392,SAMSUNG
2023-07-12,68543.703125,68639.03511821975,67781.047179242,67876.37917246175,10375581,SAMSUNG
2023-07-13,68543.703125,69211.02707753825,68543.703125,69020.36309109876,14417279,SAMSUNG
2023-07-14,69973.703125,69973.703125,69020.38291893734,69115.7149395436,15882519,SAMSUNG
2023-07-17,69878.359375,70069.02338420873,69401.69935197817,69783.02737039563,10060049,SAMSUNG
2023-07-18,68639.0390625,70069.01904296875,68639.0390625,69783.023046875,11697900,SAMSUNG
2023-07-19,68353.0390625,69401.69098675034,67971.71109004533,69306.35899363668,10896412,SAMSUNG
2023-07-20,67685.7109375,68162.37087367958,67495.04696302817,67781.04292473591,9732730,SAMSUNG
2023-07-21,67018.3984375,67113.73044096728,66160.41040629445,67113.73044096728,16528926,SAMSUNG
2023-07-24,67113.71875,67590.37868430399,66637.05881569603,66827.72278941762,13418597,SAMSUNG
2023-07-25,66732.3984375,67209.05842633928,66541.73444196429,66732.3984375,14314945,SAMSUNG
2023-07-26,66541.734375,67304.39035637536,64921.09041457736,66541.734375,30016221,SAMSUNG
2023-07-27,68353.0390625,68353.0390625,66065.07122777196,66637.06318645398,24261179,SAMSUNG
2023-07-28,67304.390625,69020.36658994334,66827.73063473796,68448.3746016289,19420683,SAMSUNG
2023-07-31,66541.734375,67685.71834706304,66541.734375,67590.38634939112,13035420,SAMSUNG
2023-08-01,67781.046875,67876.37886779185,66732.39495428973,66827.72694708158,12299254,SAMSUNG
2023-08-02,66637.0703125,67685.72234889127,66541.7383091917,67399.72633896637,13835020,SAMSUNG
2023-08-03,65588.40625,66923.05405159884,65302.410292514534,66637.05809411338,20087090,SAMSUNG
2023-08-04,65111.75,65874.40592972182,65016.41800878477,65588.40995607614,12360193,SAMSUNG
2023-08-07,65302.41796875,65969.7419479927,64444.42999543796,64539.76199247263,10968505,SAMSUNG
2023-08-08,64444.43359375,65874.41362911428,64253.76958903476,65779.08162675666,14664709,SAMSUNG
2023-08-09,65683.75,66351.0740203193,64730.42997097242,64825.76197387518,17259673,SAMSUNG
2023-08-10,64825.76953125,65302.429601332726,64635.10550321691,65111.765573299635,10227311,SAMSUNG
2023-08-11,64349.08984375,65588.40564814815,64349.08984375,65207.07770833334,9781038,SAMSUNG
2023-08-14,64158.4375,64730.429513372954,63777.109491084695,64349.10150445765,9352343,SAMSUNG
2023-08-16,63872.4453125,63967.77732042911,63205.121256996266,63586.44928871269,13174578,SAMSUNG
2023-08-17,63586.4375,63681.769490254876,62919.11356821589,63205.10953898051,10778652,SAMSUNG
2023-08-18,63205.12109375,63586.44912448153,62728.461055335596,62919.12507070136,11745006,SAMSUNG
2023-08-21,63491.11328125,63967.773290868994,63205.11727547861,63491.11328125,9720067,SAMSUNG
2023-08-22,63491.11328125,64539.76530241179,63205.11727547861,64063.105292792796,10500242,SAMSUNG
2023-08-23,63967.7734375,63967.7734375,63300.44942250373,63586.4454289307,9549352,SAMSUNG
2023-08-24,65016.421875,65493.081859420825,64730.42588434751,65111.75387188417,15044463,SAMSUNG
2023-08-25,63967.7734375,64253.769443926976,63777.10943321535,63967.7734375,7032462,SAMSUNG
2023-08-28,63681.7734375,63872.43742982784,63395.77744900823,63681.7734375,5824628,SAMSUNG
2023-08-29,63681.7734375,64063.10142215568,63491.10944517215,63777.10543366392,9114352,SAMSUNG
2023-08-30,63967.7734375,64539.76545035395,63967.7734375,64158.43744178465,9181223,SAMSUNG
2023-08-31,63777.11328125,64063.10930493273,63300.45324177877,63967.77729703849,15964630,SAMSUNG
2023-09-01,67685.7109375,67685.7109375,63586.43548635564,63681.76747359155,29738235,SAMSUNG
2023-09-04,67876.3828125,69497.02678414677,67399.72282083919,69497.02678414677,26286495,SAMSUNG
2023-09-05,67399.71875,68162.37469059406,66923.05878712871,67590.38273514852,12330239,SAMSUNG
2023-09-06,66732.3984375,67495.05441964285,66446.40244419643,67399.722421875,11414620,SAMSUNG
2023-09-07,67113.71875,67304.38272372159,66351.06285511363,66732.39080255682,13741241,SAMSUNG
2023-09-08,67018.3984375,67018.3984375,66351.07441322903,66923.06643403272,10688118,SAMSUNG
2023-09-11,67495.046875,67495.046875,66732.39097810735,67113.71892655367,11785462,SAMSUNG
2023-09-12,67209.0546875,67685.7146498227,67113.72269503547,67495.05066489361,11688599,SAMSUNG
2023-09-13,67590.3828125,68257.7067612835,67018.39085639986,67781.04679786671,15955797,SAMSUNG
2023-09-14,68353.0390625,68448.37105561366,67495.05112447699,67876.37909693166,21041407,SAMSUNG
2023-09-15,68639.0390625,68925.03505859374,68067.0470703125,68353.04306640624,17823512,SAMSUNG
2023-09-18,66923.0625,68353.04246794872,66923.0625,67971.71447649573,16040727,SAMSUNG
2023-09-19,66541.734375,67495.0543517192,66351.07037965616,67113.72636103151,11820188,SAMSUNG
2023-09-20,66351.0703125,67018.39429552802,66255.73831492457,66732.39830280172,10873015,SAMSUNG
2023-09-21,65683.75,66541.73802612482,65588.41799709725,65969.74600870827,10796336,SAMSUNG
2023-09-22,65588.40625,65683.7382358285,65111.74632085756,65111.74632085756,9897840,SAMSUNG
2023-09-25,66160.4140625,66446.41008870678,65302.425983879686,65302.425983879686,13582516,SAMSUNG
2023-09-26,65739.7109375,67081.33769132654,65548.04997266764,67081.33769132654,13143470,SAMSUNG
2023-09-27,65548.0546875,66218.86811266448,65356.39370888158,65739.71566611843,14886491,SAMSUNG
2023-10-04,64685.578125,64877.23909722222,63918.93423611111,64589.74763888889,23361149,SAMSUNG
2023-10-05,63918.92578125,64589.73909529611,63918.92578125,64493.908621860945,16108313,SAMSUNG
2023-10-06,63248.12109375,64493.917418323865,63248.12109375,64302.2564453125,14386527,SAMSUNG
2023-10-10,63631.4375,64781.4032379518,63439.7765436747,63439.7765436747,19889202,SAMSUNG
2023-10-11,65356.40234375,66506.36836739369,65068.910837839074,65739.72435163123,25209349,SAMSUNG
2023-10-12,66027.2109375,66793.8548961357,65356.39747369376,65739.71945301161,19311380,SAMSUNG
2023-10-13,65164.73046875,65643.88289866727,64877.23901079963,65164.73046875,9724086,SAMSUNG
2023-10-16,64493.9140625,65643.8798407318,64014.761654903414,65068.8969516159,12599299,SAMSUNG
2023-10-17,66506.3671875,66985.51968885087,64589.757182096546,64877.24868290706,17299253,SAMSUNG
2023-10-18,67560.4921875,67560.4921875,65931.37393617022,66027.20442154256,16493184,SAMSUNG
2023-10-19,66602.1796875,67081.33205935251,66506.34921312949,66793.840636241,13985012,SAMSUNG
2023-10-20,65931.375,66314.69694767441,65260.56159156977,66027.20548691861,15204495,SAMSUNG
2023-10-23,65548.0546875,66218.86811266448,65356.39370888158,65835.54615542764,11625959,SAMSUNG
2023-10-24,65643.875,65931.36642335767,64877.23120437956,65835.53594890512,12791710,SAMSUNG
2023-10-25,65164.73046875,65931.37435661764,65068.89998276655,65931.37435661764,10610703,SAMSUNG
2023-10-26,63918.92578125,65068.89146247189,63918.92578125,64206.41720155547,15517624,SAMSUNG
2023-10-27,64493.9140625,64493.9140625,63918.9311733841,64302.25309946136,11334726,SAMSUNG
2023-10-30,64493.9140625,64973.06647009658,63918.9311733841,64014.761654903414,10139270,SAMSUNG
2023-10-31,64110.59375,65452.22052503737,64110.59375,64781.40713751869,14488892,SAMSUNG
2023-11-01,65739.7109375,66027.20238474854,64493.91466608965,64685.575630922016,13775256,SAMSUNG
2023-11-02,66793.84375,67081.33518651362,66506.35231348636,67081.33518651362,16350031,SAMSUNG
2023-11-03,66698.015625,67272.99851831897,66602.18514278017,66793.84610721983,10322234,SAMSUNG
2023-11-06,67943.8125,67943.8125,66410.52477080395,66889.67718617771,22228489,SAMSUNG
2023-11-07,67943.8125,67943.8125,67081.33815232723,67656.32105077573,17228731,SAMSUNG
2023-11-08,66985.5078125,68422.96506169527,66793.84684594063,68327.1345784156,12901310,SAMSUNG
2023-11-09,67368.8359375,67847.98839793741,66698.02249288763,66985.51396915007,12301373,SAMSUNG
2023-11-10,67560.4921875,67560.4921875,66602.1873337766,67081.3397606383,9684347,SAMSUNG
2023-11-13,67464.65625,68327.13054865056,67368.82577237216,68327.13054865056,9246919,SAMSUNG
2023-11-14,67847.984375,68135.47583421611,67656.32340218927,68039.64534781073,9567984,SAMSUNG
2023-11-15,69189.609375,69189.609375,68518.79598770777,68614.62647160665,20148677,SAMSUNG
2023-11-16,69764.59375,69956.25472184065,69285.44132039834,69477.10229223901,15860451,SAMSUNG
2023-11-17,69477.1015625,69956.25398706897,69285.44059267241,69285.44059267241,11494644,SAMSUNG
2023-11-20,69668.765625,69956.25709250344,69093.78268999312,69093.78268999312,10610157,SAMSUNG
2023-11-21,69764.59375,70339.57666552198,69668.76326407967,70052.08520776099,9712881,SAMSUNG
2023-11-22,69764.59375,69956.25472184065,68902.11937671703,69189.61083447802,11105143,SAMSUNG
2023-11-23,69381.2734375,70147.91734288674,69189.61246115332,69956.25636654005,6775614,SAMSUNG
2023-11-24,68710.4609375,69572.93534257323,68710.4609375,69381.27436366805,6676685,SAMSUNG
2023-11-27,68327.1484375,69093.79245923914,68135.48743206522,68518.80944293478,9113857,SAMSUNG
2023-11-28,69668.765625,69668.765625,68327.13877665062,68422.96926581844,13283081,SAMSUNG
2023-11-29,69668.765625,69764.59611416781,69189.61317916094,69381.27415749656,9283933,SAMSUNG
2023-11-30,69764.59375,69764.59375,69189.61083447802,69668.76326407967,15783714,SAMSUNG
2023-12-01,68997.9609375,69477.11344401042,68710.46943359375,69381.28294270833,9871284,SAMSUNG
2023-12-04,69572.921875,69860.41328770661,69381.26093319559,69764.58281680441,10229267,SAMSUNG
2023-12-05,68231.3125,69381.27844101124,68231.3125,69285.44794592696,12129682,SAMSUNG
2023-12-06,68710.4609375,69093.78289531032,68614.63044804742,68806.29142695258,8123087,SAMSUNG
2023-12-07,68518.78125,68902.10310314686,68135.45939685314,68806.27263986014,8862017,SAMSUNG
2023-12-08,69572.921875,69764.58281680441,68902.10857868458,69093.76952048898,10859463,SAMSUNG
2023-12-11,69956.25,69956.25,69189.60616438356,69764.5890410959,9861960,SAMSUNG
2023-12-12,70435.40625,70435.40625,70052.08431122449,70243.74528061225,13758646,SAMSUNG
2023-12-13,69764.59375,70435.40715144231,69764.59375,70243.74617960164,13116766,SAMSUNG
2023-12-14,70052.0859375,71202.05178052325,69477.10301598837,71010.39080668605,27567593,SAMSUNG
2023-12-15,70243.75,70914.56343792632,70147.91950886766,70722.90245566166,15419815,SAMSUNG
2023-12-18,69860.4140625,70339.56642232511,69764.58359053498,70243.73595036009,9690551,SAMSUNG
2023-12-19,70339.578125,70339.578125,69764.59519754768,69956.25617336512,8907632,SAMSUNG
2023-12-20,71681.203125,71777.03361046122,70722.8982703877,71106.22021223261,16870156,SAMSUNG
2023-12-21,71872.859375,71872.859375,71202.04602083334,71489.53745833333,13478766,SAMSUNG
2023-12-22,72735.3359375,73118.65786602437,72256.18352684453,72639.50545536891,14515608,SAMSUNG
2023-12-26,73406.1484375,73501.97891848891,72543.67410859988,72926.99603255549,13164909,SAMSUNG
2023-12-27,75101.71875,75101.71875,73657.45492788461,73850.0234375,20651042,SAMSUNG
2023-12-28,75583.15625,75583.15625,74620.31349522293,74812.88204617835,17797536,SAMSUNG
2024-01-02,76642.265625,76834.83413159547,75294.28607883166,75294.28607883166,17142847,SAMSUNG
2024-01-03,74138.8671875,75871.98356331169,74138.8671875,75583.13083400973,21753644,SAMSUNG
2024-01-04,73753.734375,74427.72411471933,73272.31313234335,73272.31313234335,15324439,SAMSUNG
2024-01-05,73753.734375,74235.15561765667,73561.16587793734,73850.01862353133,11304316,SAMSUNG
2024-01-08,73657.453125,74620.2956495098,73561.16887254902,74138.8743872549,11088724,SAMSUNG
2024-01-09,71924.3359375,74812.86348519077,71539.19893114123,74524.0107304217,26019249,SAMSUNG
2024-01-10,70865.203125,72405.75101902173,70480.06615149457,72213.18253226901,20259529,SAMSUNG
2024-01-11,70480.0859375,70865.22301912568,69998.6645854679,70191.23312628074,57691266,SAMSUNG
2024-01-12,70383.8046875,71346.64743288304,70094.95186388509,70287.52041296169,13038939,SAMSUNG
2024-01-15,71154.0546875,71250.33892929634,70480.06499492557,70480.06499492557,2957915,SAMSUNG
2024-01-16,69902.3671875,70961.49396306819,69806.08293517563,70768.92545841943,14760415,SAMSUNG
2024-01-17,68361.828125,70576.36621919014,68361.828125,70383.79768926057,22683660,SAMSUNG
2024-01-18,69035.8125,69324.66527196653,68072.96992677824,68939.52824267783,17853397,SAMSUNG
2024-01-19,71924.3359375,71924.3359375,70287.50366047524,70768.9249184237,23363427,SAMSUNG
2024-01-22,72309.46875,73176.02696404794,72213.18450399468,73079.74271804262,19673375,SAMSUNG
2024-01-23,72405.7578125,72983.46332696143,71539.19954080784,72887.1790745512,14786224,SAMSUNG
2024-01-24,71250.3359375,72405.74679054054,70768.9147487331,72405.74679054054,12860661,SAMSUNG
2024-01-25,71346.6328125,72020.62259615384,70961.49579326923,71442.91706730769,11737747,SAMSUNG
2024-01-26,70672.640625,71731.76739185967,70576.35637346731,70961.49337959809,11160062,SAMSUNG
2024-01-29,71635.484375,72405.75840053764,70768.92609627017,71057.77885584677,13976521,SAMSUNG
2024-01-30,71539.1953125,72502.03777969381,70961.48983218371,72213.18503953566,12244418,SAMSUNG
2024-01-31,69998.6484375,71250.34366403027,69806.07994111073,70672.63817486246,15703560,SAMSUNG
2024-02-01,70865.203125,71442.90858525815,70191.21342136548,70287.49766474185,19881033,SAMSUNG
2024-02-02,72405.7578125,72405.7578125,70961.49402634641,71250.34678357713,14955881,SAMSUNG
2024-02-05,71539.1953125,72020.6165460969,70768.92133874496,71442.91106578062,19026021,SAMSUNG
2024-02-06,71635.484375,71924.33713457662,70576.35758988575,71539.2001218078,14559254,SAMSUNG
2024-02-07,72213.1875,72694.60875,71539.19775,71828.0505,16566445,SAMSUNG
2024-02-08,71346.6328125,72405.75961538461,70865.21153846153,72213.19110576923,20810708,SAMSUNG
2024-02-13,72405.7578125,72405.7578125,71635.48379321808,72020.62080285903,21966745,SAMSUNG
2024-02-14,71250.3359375,71539.18865076013,70961.48322423987,70961.48322423987,12434945,SAMSUNG
2024-02-15,70480.0859375,71635.49718237705,70287.51739668717,71442.92864156421,14120600,SAMSUNG
2024-02-16,70094.9453125,70672.65090573489,69806.09251588256,70576.36664019575,13444781,SAMSUNG
2024-02-19,71057.765625,71154.04986026423,70094.92327235773,70094.92327235773,12726404,SAMSUNG
2024-02-20,70576.3671875,70961.50425264325,70094.94585607095,70961.50425264325,14681477,SAMSUNG
2024-02-21,70287.5,70961.4897260274,70191.21575342467,70672.63698630137,11503495,SAMSUNG
2024-02-22,70383.8046875,71154.07888380643,69998.66758934679,71057.79460926812,15208934,SAMSUNG
2024-02-23,70191.2265625,71442.92196073387,70191.2265625,70865.21639231824,16225166,SAMSUNG
2024-02-26,70094.9453125,70480.08237465659,69517.23971926511,69613.52398480425,14669352,SAMSUNG
2024-02-27,70191.2265625,70672.64786951304,69998.65803969478,70383.79508530522,13201981,SAMSUNG
2024-02-28,70480.0859375,71154.07583034495,70094.94885587432,70191.23312628074,11795859,SAMSUNG
2024-02-29,70672.640625,70672.640625,69324.66110354224,69902.36661273842,21176403,SAMSUNG
2024-03-04,72116.90625,72213.19050400534,71250.34796395194,71539.20072596795,23210474,SAMSUNG
2024-03-05,70961.4921875,72020.61893656716,70961.4921875,71828.05043673677,19505125,SAMSUNG
2024-03-06,70191.2265625,70768.93213091564,69998.65803969478,70480.07934670782,21547905,SAMSUNG
2024-03-07,69517.234375,70576.36121450832,69517.234375,70383.79269823407,14516963,SAMSUNG
2024-03-08,70576.3671875,70672.65145378582,69902.37732349933,70094.94585607095,19271349,SAMSUNG
2024-03-11,69709.8046875,70383.79451182665,69613.5204268819,70191.22599059046,9740504,SAMSUNG
2024-03-12,70576.3671875,70768.93572007163,69420.95599207026,69902.37732349933,13011654,SAMSUNG
2024-03-13,71346.6328125,71346.6328125,70768.92728365384,70961.49579326923,15243134,SAMSUNG
2024-03-14,71539.1953125,71731.76380593875,70865.20558546433,71635.47955921938,22545539,SAMSUNG
2024-03-15,69613.515625,70961.49518067081,69613.515625,70672.64241874135,22580555,SAMSUNG
2024-03-18,70094.9453125,70287.5138435783,69806.09251588256,69902.3767814217,11520348,SAMSUNG
2024-03-19,70094.9453125,70287.5138435783,69035.81839156937,69613.52398480425,15376066,SAMSUNG
2024-03-20,74042.59375,74331.44652145644,70672.6447496749,70961.49752113134,50106297,SAMSUNG
2024-03-21,76353.40625,76353.40625,74812.85833070618,76257.12200504413,44569799,SAMSUNG
2024-03-22,75968.2890625,76931.13176291191,74909.16209204688,76642.27895278834,26724761,SAMSUNG
2024-03-25,75294.2890625,76834.83717631074,74909.15203404732,76642.2686620844,18703996,SAMSUNG
2024-03-26,76931.109375,77123.67785904255,76257.11968085107,76738.54089095745,30551494,SAMSUNG
2024-03-27,76834.828125,77027.39661654136,76257.12265037594,76257.12265037594,17424595,SAMSUNG
2024-03-28,78151.21875,78344.66236076732,76603.66986386139,76797.11347462871,25084812,SAMSUNG
2024-03-29,79698.765625,79795.48742794296,78247.93858085558,78538.10398968446,27126366,SAMSUNG
2024-04-01,79311.8828125,80569.26632050304,79311.8828125,80472.54451219512,20116513,SAMSUNG
2024-04-02,82213.546875,82213.546875,80182.38865808822,80182.38865808822,37077944,SAMSUNG
2024-04-03,81343.0390625,82213.53531881688,80762.70822495541,81536.48267501486,30493347,SAMSUNG
2024-04-04,82503.703125,82697.14674311255,81536.48503443728,82406.98131594373,25248934,SAMSUNG
2024-04-05,81729.9296875,82213.53873890532,81052.87701553255,81729.9296875,18883752,SAMSUNG
2024-04-08,81729.9296875,83180.75684171598,81729.9296875,82406.98235946745,18953232,SAMSUNG
2024-04-09,80859.4375,82116.82109748803,80375.82842404307,81729.93383672248,23725956,SAMSUNG
2024-04-11,81343.0390625,81923.36990004459,79795.4901623811,80472.54280618312,25538009,SAMSUNG
2024-04-12,80956.1484375,82116.81006384408,80472.53942652329,81923.3664594534,17061770,SAMSUNG
2024-04-15,79505.328125,80472.54622871046,78538.11002128954,80182.38079759732,26663772,SAMSUNG
2024-04-16,77377.453125,78634.83673828126,76797.12222656251,78538.114921875,31949845,SAMSUNG
2024-04-17,76313.5,78151.21419518378,76313.5,78054.49239543726,22611631,SAMSUNG
2024-04-18,76990.5546875,77474.16369935616,75733.171256674,76216.78026853016,21370190,SAMSUNG
2024-04-19,75056.1171875,76120.05699299292,73798.73378100837,75733.1697909955,31317563,SAMSUNG
2024-04-22,73605.296875,74959.40220515769,72638.07878203022,74862.6803958607,30469477,SAMSUNG
2024-04-23,73024.9609375,74282.34437086093,73024.9609375,73895.45716059602,18717699,SAMSUNG
2024-04-24,76023.3515625,76216.79520515267,74669.24606393129,74959.4115279103,22166150,SAMSUNG
2024-04-25,73798.734375,74959.3959903342,73798.734375,74765.95238777851,15549134,SAMSUNG
2024-04-26,74185.6171875,75346.27873411016,73992.17359639831,75249.55693855933,12755629,SAMSUNG
2024-04-29,74185.6171875,75056.11334745762,73702.00820974576,74862.66975635593,14664474,SAMSUNG
2024-04-30,74959.3984375,75926.61648185484,74088.90219758064,74475.78941532258,19007007,SAMSUNG
2024-05-02,75443.0078125,76023.33864182692,74765.95517828526,75056.12059294872,18900640,SAMSUNG
2024-05-03,75056.1171875,76410.22239449098,74959.39538700064,76410.22239449098,13151889,SAMSUNG
2024-05-07,78634.828125,78634.828125,76797.11381457564,76990.55742619926,26238868,SAMSUNG
2024-05-08,78634.828125,78731.5499308118,77861.05367850553,78151.21909594096,13089576,SAMSUNG
2024-05-09,77087.28125,78828.27380018821,77087.28125,78441.38656681305,18759935,SAMSUNG
2024-05-10,76603.6640625,78441.37822561552,76313.49866832385,77764.32563920454,16976124,SAMSUNG
2024-05-13,75829.890625,77280.71761399873,75056.11623086735,76797.10861766581,18652344,SAMSUNG
2024-05-14,75733.1875,76216.7966155811,75346.30020753511,76023.35296934865,11763992,SAMSUNG
2024-05-16,75636.453125,77667.61107336957,75539.73131793478,77570.88926630435,20989778,SAMSUNG
2024-05-17,74862.6796875,76216.78500484496,74669.23607073644,76023.3413880814,15918201,SAMSUNG
2024-05-20,76313.5,76506.94359949304,75346.28200253486,75539.72560202789,19456783,SAMSUNG
2024-05-21,75829.890625,76410.22142059948,75636.44702646683,75926.61242426658,13690583,SAMSUNG
2024-05-22,75152.84375,76120.06181628056,74765.95652348777,75539.73097651223,19521506,SAMSUNG
2024-05-23,75733.1875,76506.96208492975,74572.52562260536,75152.85656130267,18728087,SAMSUNG
2024-05-24,73411.8515625,74475.79144021739,73218.40794836957,74282.34782608696,27891278,SAMSUNG
2024-05-27,74669.2265625,75636.44452315415,71574.12908840674,72831.51243725713,43825202,SAMSUNG
2024-05-28,75056.1171875,75443.00438949742,73702.01198050902,73992.17738200708,18539072,SAMSUNG
2024-05-29,72734.8046875,75636.45912982048,72734.8046875,75152.8500561004,30244875,SAMSUNG
2024-05-30,71090.5234375,72734.79404761904,71090.5234375,72347.90684523809,28551273,SAMSUNG
2024-05-31,71090.5234375,72251.18504464286,71090.5234375,72057.74144345238,26198776,SAMSUNG
2024-06-03,73218.4140625,73895.46676849405,71767.58683536988,71961.0304656539,15706268,SAMSUNG
2024-06-04,72831.515625,73605.29002739044,72444.62842380478,72444.62842380478,14098053,SAMSUNG
2024-06-05,74862.6796875,75443.0105377907,74282.3488372093,75443.0105377907,23177968,SAMSUNG
2024-06-07,74765.953125,76023.33655401036,74572.50952053687,75829.89294954723,21189349,SAMSUNG
2024-06-10,73218.4140625,74088.91039877807,73121.69224735799,73605.30132306804,14598755,SAMSUNG
2024-06-11,72734.8046875,73508.57920545213,72638.08287275599,73411.85739070812,16971175,SAMSUNG
2024-06-12,73992.1796875,74572.51050857843,72734.79624183006,72831.51804534314,19246725,SAMSUNG
2024-06-13,76023.3515625,76410.23884780535,75249.5769918893,75829.90791984733,33763804,SAMSUNG
2024-06-14,76990.5546875,77861.05090884108,76410.22387327261,77087.27648987123,22926612,SAMSUNG
2024-06-17,75539.734375,76893.8397287132,75443.0125640205,76603.67429577465,16123051,SAMSUNG
2024-06-18,77184.0,77570.88721804511,76023.33834586466,76120.06015037594,18207598,SAMSUNG
2024-06-19,78538.109375,79795.4928994766,77861.05670797413,78441.38756542487,24168863,SAMSUNG
2024-06-20,78925.0,79505.33088235294,78538.11274509804,78828.2781862745,20288913,SAMSUNG
2024-06-21,77377.453125,78151.22765625,77377.453125,78054.50583984375,17907523,SAMSUNG
2024-06-24,77957.765625,78247.93100573821,76893.82589562655,77087.26948278536,15454227,SAMSUNG
2024-06-25,78151.21875,79118.43680383662,77474.16611231436,77957.77513923268,19088458,SAMSUNG
2024-06-26,78634.828125,78731.5499308118,77280.72284363468,77474.1664552583,17783242,SAMSUNG
2024-06-27,79277.015625,79277.015625,78208.33036534926,78985.55600873163,11739720,SAMSUNG
2024-06-28,79179.875,79568.48788343558,78499.80245398774,79568.48788343558,9455929,SAMSUNG
2024-07-01,79471.328125,79762.78776360024,78985.56206066626,79179.86848639975,11317202,SAMSUNG
2024-07-02,79471.328125,80248.55382793398,79179.86848639975,80151.40061506724,14471904,SAMSUNG
2024-07-03,79471.328125,79957.09418933374,78694.10242206602,79957.09418933374,11440328,SAMSUNG
2024-07-04,82191.6171875,82288.77039930555,80054.24652777777,80540.01258680555,43857229,SAMSUNG
2024-07-05,84620.4375,84620.4375,82774.5266934558,83163.13949483352,45791193,SAMSUNG
2024-07-08,84911.90625,86077.74477974829,84426.14019593822,85397.6723040618,24035809,SAMSUNG
2024-07-09,85300.515625,85689.12845244876,84426.13676324033,85300.515625,21336201,SAMSUNG
2024-07-10,85300.515625,85494.82203872438,84620.44317696469,85106.20921127564,17813847,SAMSUNG
2024-07-11,85106.2109375,86272.04944349316,84231.83205800514,85980.58981699486,24677608,SAMSUNG
2024-07-12,81997.3046875,83648.90916580273,81705.84507368188,83454.60275659064,26344386,SAMSUNG
2024-07-15,84231.828125,84814.74735077855,81705.84481329296,82288.76403907151,25193080,SAMSUNG
2024-07-16,85203.359375,85494.81898517674,84231.82734107753,84426.13374786203,16166688,SAMSUNG
2024-07-17,84231.828125,85494.81978085352,83940.36851211073,84620.4409421857,18186490,SAMSUNG
2024-07-18,84426.1328125,84426.1328125,81414.38354070771,81414.38354070771,24721790,SAMSUNG
2024-07-19,81997.3046875,83648.90916580273,81705.84507368188,83163.14314277252,18569122,SAMSUNG
2024-07-22,80637.1640625,82483.07504706326,80248.55122364458,81997.30899849399,18987560,SAMSUNG
2024-07-23,81511.53125,82288.75681615018,81025.76527115614,81802.99083730632,15766389,SAMSUNG
2024-07-24,79665.6328125,80928.62455221037,79568.47960175305,80540.01170922257,16939083,SAMSUNG
2024-07-25,78111.171875,78694.09106809701,77819.7122784515,78111.171875,20323811,SAMSUNG
2024-07-26,78596.9453125,78985.55814470025,78111.17927224969,78402.63889639988,14508334,SAMSUNG
2024-07-29,78888.40625,79665.6319273399,78791.2530403325,79277.01908866996,12797136,SAMSUNG
2024-07-30,78694.1015625,78694.1015625,77722.56944444444,78111.18229166666,13169636,SAMSUNG
2024-07-31,81511.53125,81511.53125,78596.93537693683,78888.39496424315,20744323,SAMSUNG
2024-08-01,80734.3125,83648.90861913357,80734.3125,83551.75541516245,20900338,SAMSUNG
2024-08-02,77333.9453125,79082.70286981783,77236.79211487123,78694.09007930275,25800275,SAMSUNG
2024-08-05,69367.390625,74710.81707370449,68201.55212710083,74516.51065738796,54608790,SAMSUNG
2024-08-06,70436.0703125,73156.35992456897,70241.76391163793,72767.74712284483,47295226,SAMSUNG
2024-08-07,72573.4453125,73836.43699799197,70727.5343875502,70921.8408007028,32710428,SAMSUNG
2024-08-08,71310.453125,71796.21915446185,70436.07427196867,71116.14671321526,28414729,SAMSUNG
2024-08-09,72573.4453125,73642.13058483935,72087.67927961847,73544.97737826305,16388222,SAMSUNG
2024-08-12,73350.671875,73739.28470612582,72670.5994205298,73059.21225165563,9839259,SAMSUNG
2024-08-13,73933.59375,74419.35980617609,73350.6744825887,74322.20659494087,10716261,SAMSUNG
2024-08-14,75002.2734375,75585.19266110752,74807.96702963083,75196.57984536917,13246168,SAMSUNG
2024-08-16,77916.8671875,77916.8671875,76459.5691727712,77139.64157964464,22061478,SAMSUNG
2024-08-19,76070.9609375,77819.71866020115,75779.5013170498,77819.71866020115,14146565,SAMSUNG
2024-08-20,76653.8828125,77528.26170389734,76459.57639218948,77236.80207343155,10683836,SAMSUNG
2024-08-21,76070.9609375,76362.42055795019,75585.19490341634,75682.34811023307,7805598,SAMSUNG
2024-08-22,76070.9609375,76653.88017840037,75585.19490341634,76459.57376476692,8149101,SAMSUNG
2024-08-23,75488.0390625,76168.11148648648,75293.73265564672,75488.0390625,9420306,SAMSUNG
2024-08-26,73933.59375,75973.81118593956,73836.44053876479,75876.65797470433,15655938,SAMSUNG
2024-08-27,73642.140625,74322.2131637533,73447.8341853562,73544.98740517811,11130145,SAMSUNG
2024-08-28,74225.046875,74225.046875,73253.51484784031,73642.1276587042,9794514,SAMSUNG
2024-08-29,71893.375,72573.44746621621,71407.60895270269,71504.76216216217,16884479,SAMSUNG
2024-08-30,72184.8359375,72864.9084160498,71990.52951505719,72281.98914872139,16358520,SAMSUNG
2024-09-02,72281.984375,72573.44398941532,71407.60553175403,72379.13757980512,12641376,SAMSUNG
2024-09-03,70436.0703125,72184.82792025861,70436.0703125,71990.52151939656,16314599,SAMSUNG
2024-09-04,68007.2421875,69075.92742187499,67812.93578125,67812.93578125,27366563,SAMSUNG
2024-09-05,67035.7109375,69173.08143115941,67035.7109375,68104.3961843297,25686769,SAMSUNG
2024-09-06,66938.5625,67715.78818940494,66064.18359941946,67132.86892235123,19022299,SAMSUNG
2024-09-09,65578.4140625,66258.48650462963,64704.035208333335,64995.494826388895,23263298,SAMSUNG
2024-09-10,64315.421875,65384.107132741694,64121.11546450151,65092.64751699396,30651376,SAMSUNG
2024-09-11,63052.4296875,63635.34891419492,62372.35725635593,63246.7360963983,35809707,SAMSUNG
2024-09-12,64412.57421875,64704.03383059955,63343.888975301656,64121.114606900446,35884106,SAMSUNG
2024-09-13,62566.6640625,63635.34931822593,62469.510857434005,63149.583292895964,25045135,SAMSUNG
2024-09-19,61303.671875,62566.663530110935,60429.29303684628,62178.05071315372,49402713,SAMSUNG
2024-09-20,61206.51953125,62858.1240265377,61206.51953125,61983.74517609127,32746056,SAMSUNG
2024-09-23,60817.90625,61692.28509384984,60429.29343051118,60526.446635383385,28542376,SAMSUNG
2024-09-24,61400.82421875,61595.13062450554,60623.598595727846,61012.21140723892,26957500,SAMSUNG
2024-09-25,60429.29296875,62372.357051346466,60429.29296875,61983.74423482717,28652438,SAMSUNG
2024-09-26,62858.125,63052.43141421948,61886.592928902624,62080.8993431221,37566015,SAMSUNG
2024-09-27,62722.3203125,63894.700131425234,62722.3203125,63210.811903718844,28433030,SAMSUNG
2024-09-30,60084.46875,62820.021798780486,60084.46875,62722.32347560975,32694163,SAMSUNG
2024-10-02,59889.0703125,60475.26023399266,58521.29382901713,59107.48375050978,28473536,SAMSUNG
2024-10-04,59205.1796875,60279.86116697608,59107.481371183996,59595.97295276403,24247578,SAMSUNG
2024-10-07,59595.9765625,60475.26146260246,58130.50172899591,58814.38998463115,35066533,SAMSUNG
2024-10-08,58912.08984375,59595.97811722637,58521.29654462064,58618.99486940299,27411786,SAMSUNG
2024-10-10,57544.3125,58814.390704584046,57544.3125,58716.6923811545,45262214,SAMSUNG
2024-10-11,57935.1015625,58716.68809285413,57642.0066136172,57739.704929911466,29623969,SAMSUNG
2024-10-14,57935.1015625,59791.36957209106,58032.79987879426,58130.498195088534,20886249,SAMSUNG
2024-10-15,59595.9765625,59986.76985143443,58716.69166239754,59693.674884733606,22715239,SAMSUNG
2024-10-16,58130.5,58618.99159663866,57837.40504201681,58032.80168067227,23303268,SAMSUNG
2024-10-17,58325.8984375,58716.691726863486,57739.70850345478,58032.80347047739,23372873,SAMSUNG
2024-10-18,57837.40625,58716.691142314194,57739.70792863176,58521.29449957771,14420260,SAMSUNG
2024-10-21,57642.01171875,58228.2016684322,57153.52009401483,57642.01171875,18514905,SAMSUNG
2024-10-22,56371.9296875,57544.30950769064,56371.9296875,57446.61118934142,27582527,SAMSUNG
2024-10-23,57739.703125,58618.987944162436,55785.736860194585,56176.53011315567,27300780,SAMSUNG
2024-10-24,55297.25,57153.51810954064,55297.25,56860.423144876324,31499922,SAMSUNG
2024-10-25,54613.36328125,55590.34652420617,54515.66495695439,54711.06160554562,25829315,SAMSUNG
2024-10-28,56762.72265625,57153.51592754949,54417.9630284531,54417.9630284531,27775009,SAMSUNG
2024-10-29,58228.1953125,58228.1953125,55981.13408399749,56665.02228397651,28369314,SAMSUNG
2024-10-30,57739.703125,58423.591317681894,57251.21155879865,57739.703125,19838511,SAMSUNG
2024-10-31,57837.40625,59791.37267736487,56958.12135768581,57153.5180004223,35809196,SAMSUNG
2024-11-01,56958.1171875,58228.19527229846,56762.72055906947,57642.005387006866,19083180,SAMSUNG
2024-11-04,57348.9140625,58032.802305153324,57055.81910136286,57251.215742120956,15586947,SAMSUNG
2024-11-05,56274.2265625,56762.7181125217,55883.43332248264,56469.62318250869,17484474,SAMSUNG
2024-11-06,55981.13671875,56665.02495091623,55004.153529941104,56274.23167539267,22092218,SAMSUNG
2024-11-07,55981.13671875,56762.72326979712,55492.64512434555,55590.34344322644,17043102,SAMSUNG
2024-11-08,55688.0390625,56958.11714638158,55688.0390625,56665.02220394737,13877396,SAMSUNG
2024-11-11,53734.07421875,55492.643920454546,53734.07421875,55394.94560369318,29811326,SAMSUNG
2024-11-12,51780.109375,53343.282488207544,51780.109375,53343.282488207544,37962881,SAMSUNG
2024-11-13,49435.34765625,51780.10722887846,49337.649340723816,50803.1240736166,52527995,SAMSUNG
2024-11-14,48751.46484375,50607.733044213426,48751.46484375,49044.55982277054,48510715,SAMSUNG
2024-11-15,52268.59765625,52952.485849883175,49142.251628212616,49142.251628212616,46774485,SAMSUNG
2024-11-18,55394.9453125,56176.53184248236,54613.35878251764,55688.04026124338,48095234,SAMSUNG
2024-11-19,55004.15234375,56176.532145037745,54613.35907665409,55199.548977297956,31539632,SAMSUNG
2024-11-20,54027.171875,55199.55173485533,53538.680266726944,54808.75844823689,20864667,SAMSUNG
2024-11-21,55101.85546875,55590.34709524601,53440.983938663565,53636.38058926197,19096850,SAMSUNG
2024-11-22,54711.0625,55394.95078125,54613.36417410714,54711.0625,15281543,SAMSUNG
2024-11-25,56567.328125,56567.328125,55394.94826748705,56078.83651770294,36237325,SAMSUNG
2024-11-26,56958.1171875,57544.3070727916,56176.530673777874,56567.32393063894,23209405,SAMSUNG
2024-11-27,55004.15234375,56469.62709535968,54711.05739342806,56371.9287785857,21808387,SAMSUNG
2024-11-28,54222.56640625,55101.85126689189,53929.4714527027,54711.057995495496,20001134,SAMSUNG
2024-11-29,52952.48828125,54027.16977773293,52561.69500980166,53831.773142008766,24513531,SAMSUNG
2024-12-02,52366.30078125,53147.88736007463,51877.80916948461,53050.189037721546,22044867,SAMSUNG
2024-12-03,52366.30078125,53147.88736007463,51877.80916948461,51877.80916948461,23374603,SAMSUNG
2024-12-04,51877.8046875,52170.89962923729,50803.12323446328,50803.12323446328,29004766,SAMSUNG
2024-12-05,52463.99609375,53147.88431098696,51975.50451000931,51975.50451000931,23588277,SAMSUNG
2024-12-06,52854.79296875,53147.88793900185,51487.01644090804,52659.39632191543,22861874,SAMSUNG
2024-12-09,52170.90234375,53343.28217169944,51975.50570575843,52268.60066274578,26227680,SAMSUNG
2024-12-10,52757.09375,53245.58535879629,52463.99878472222,53245.58535879629,20783970,SAMSUNG
2024-12-11,52757.09375,52952.490393518514,52170.903819444444,52366.30046296296,14565947,SAMSUNG
2024-12-12,54613.36328125,55199.55322702371,52659.396795337656,52757.095119633275,33476698,SAMSUNG
2024-12-13,54808.7578125,55004.154453542775,54222.567889371654,54515.66285093583,15908823,SAMSUNG
2024-12-16,54320.26953125,55297.25279620054,53929.476225269784,55004.15781671538,15277277,SAMSUNG
2024-12-17,52952.48828125,53929.47145987085,52757.091645525834,53440.979870560426,20215230,SAMSUNG
2024-12-18,53636.37890625,54124.870517418036,52757.09400614754,52854.79232838115,13698937,SAMSUNG
2024-12-19,51877.8046875,52561.69288488701,51877.8046875,52268.59794314972,22481925,SAMSUNG
2024-12-20,51780.109375,51877.807694575466,50705.427859669806,51487.01441627358,24674774,SAMSUNG
2024-12-23,52268.59765625,52757.08922313084,52073.201029497664,52170.89934287383,13672650,SAMSUNG
2024-12-24,53147.88671875,53245.585039924175,52366.30014935662,52463.998470530794,11634677,SAMSUNG
2024-12-26,52366.30078125,53343.284004780784,52268.60245889692,53245.58568242771,10517075,SAMSUNG
2024-12-27,52821.7265625,53215.18448847765,52329.90415502793,52624.99759951117,10747196,SAMSUNG
2024-12-30,52329.90234375,53116.818168468046,52231.53786566024,52428.26682183975,12624702,SAMSUNG
2025-01-02,52526.6328125,52723.36177434457,51444.62352235487,51838.08144604401,16630538,SAMSUNG
2025-01-03,53510.28125,54198.83266314338,51936.44944852941,51936.44944852941,19318046,SAMSUNG
2025-01-06,54985.75,55280.84347048301,53411.91815742398,53510.28264758497,19034284,SAMSUNG
2025-01-07,54493.92578125,56362.85103367554,54493.92578125,55871.02859882671,17030235,SAMSUNG
2025-01-08,56362.84765625,56559.576618400955,53805.37114828752,53903.735629363,26593553,SAMSUNG
2025-01-09,55182.4765625,56756.30833611854,55182.4765625,56657.94385026738,24490592,SAMSUNG
2025-01-10,54395.55859375,55575.932378786165,54297.19411166365,55182.47445044078,16059223,SAMSUNG
2025-01-13,53215.1875,54100.46788354898,53215.1875,53707.00993530499,16868600,SAMSUNG
2025-01-14,53018.45703125,53707.00842126623,52821.72806267393,53313.5504841141,17465926,SAMSUNG
2025-01-15,52821.7265625,53805.371377444135,52624.99759951117,53215.18448847765,18625025,SAMSUNG
2025-01-16,53411.91796875,54100.46939744475,53215.18898912293,53313.55347893647,18627298,SAMSUNG
2025-01-17,52821.7265625,53215.18448847765,52329.90415502793,52920.09104399441,18805344,SAMSUNG
2025-01-20,52526.6328125,53018.45521711143,52428.26833157772,52723.36177434457,11822531,SAMSUNG
2025-01-21,52624.99609375,53411.911923189255,52428.26713639019,52821.72505110981,13535702,SAMSUNG
2025-01-22,53411.91796875,53510.28245856354,52231.54409098757,52526.63756042818,18341991,SAMSUNG
2025-01-23,52821.7265625,53215.18448847765,52624.99759951117,52821.7265625,15588067,SAMSUNG
2025-01-24,52821.7265625,52920.09104399441,52329.90415502793,52723.36208100559,11867631,SAMSUNG
2025-01-31,51542.98828125,52133.1751699666,50854.43691108063,51346.25931834446,42186279,SAMSUNG
2025-02-03,50165.88671875,50559.344653799024,49969.157751225495,50264.251202512256,32344897,SAMSUNG
2025-02-04,51838.08203125,52723.36236954459,50657.70824685721,50756.07272888994,27214851,SAMSUNG
2025-02-05,52034.8125,52920.09286389414,51936.44801512288,52723.36389413989,15974885,SAMSUNG
2025-02-06,53116.8203125,53116.8203125,52329.90445601852,52526.63342013889,16466025,SAMSUNG
2025-02-07,52821.7265625,53313.548969972064,52723.36208100559,53018.455525488826,14476866,SAMSUNG
2025-02-10,54690.65625,54985.74971897482,52034.815029226615,52133.17951888489,27577591,SAMSUNG
2025-02-11,54789.01953125,55379.20645618268,54100.46811882855,54592.29055627244,24596196,SAMSUNG
2025-02-12,54887.3828125,54985.74729782706,53608.64450324821,54198.831415210574,26428596,SAMSUNG
2025-02-13,54887.3828125,55477.569724462366,54690.65384184588,55182.47626848119,22448377,SAMSUNG
2025-02-14,55084.11328125,56362.851625279014,55084.11328125,55084.11328125,23979779,SAMSUNG
2025-02-17,55084.11328125,55575.93572126116,54789.0198172433,55182.47776925223,11916027,SAMSUNG
2025-02-18,55969.390625,56264.484072934974,54985.74579855009,55280.83924648506,22131007,SAMSUNG
2025-02-19,57739.953125,57936.682096465076,56362.85032474446,56461.214810477,25395151,SAMSUNG
2025-02-20,57444.859375,58133.410771618146,57149.765919306505,58133.410771618146,21589059,SAMSUNG
2025-02-21,57248.12890625,57543.222354220365,56166.11959702535,57444.857871563574,22198428,SAMSUNG
2025-02-24,56362.84765625,56756.30558055192,56264.483175174515,56362.84765625,14138471,SAMSUNG
2025-02-25,56264.484375,56854.67127403846,55575.93299278846,55674.29747596154,14625181,SAMSUNG
2025-02-26,55674.296875,56166.11928555653,55182.47446444346,56067.75480344523,18117091,SAMSUNG
2025-02-27,55379.203125,56166.11897757549,55280.83864342806,55575.932088143876,14975356,SAMSUNG
2025-02-28,53608.64453125,54789.01835579128,53608.64453125,54493.92489965596,28036698,SAMSUNG
2025-03-04,53608.64453125,54100.466958142206,52920.093133600916,53018.45761897936,18553933,SAMSUNG
2025-03-05,53116.8203125,54493.9230613426,53116.8203125,54198.82961516204,16578817,SAMSUNG
2025-03-06,53411.91796875,53608.64694837707,53116.8244993094,53215.18898912293,12258101,SAMSUNG
2025-03-07,52821.7265625,53313.548969972064,52526.633118016754,52624.99759951117,14274992,SAMSUNG
2025-03-10,52821.7265625,53903.73585893855,52624.99759951117,52624.99759951117,12921670,SAMSUNG
2025-03-11,52723.36328125,53215.18569991838,51641.35396017957,51641.35396017957,17740891,SAMSUNG
2025-03-12,54002.1015625,54395.559497381604,52723.36327413479,52920.09224157559,17973221,SAMSUNG
2025-03-13,53805.37109375,54985.744865459325,53313.54868887112,54887.38038448355,24132151,SAMSUNG
2025-03-14,53805.37109375,54198.82901765311,53510.277650822674,53608.64213179845,10845154,SAMSUNG
2025-03-17,56657.9375,56854.66644965278,54493.919053819445,54592.283528645836,35559021,SAMSUNG
2025-03-18,56657.9375,58035.040147569445,56362.844075520836,57838.31119791667,28138594,SAMSUNG
2025-03-19,57543.22265625,58231.77403846154,56461.213341346156,56461.213341346156,29421759,SAMSUNG
2025-03-20,59215.421875,59313.78636316445,57543.22557620432,58231.77699335548,34989004,SAMSUNG
2025-03-21,60690.890625,60690.890625,59412.15224878444,59903.974701175044,40155612,SAMSUNG
2025-03-24,59510.515625,60592.525,59510.515625,60199.06704545455,14088094,SAMSUNG
2025-03-25,58821.9609375,60100.69921875,58526.867487980766,59903.970252403844,17259455,SAMSUNG
2025-03-26,60395.79296875,60395.79296875,58723.59674648819,58821.96123015065,16431645,SAMSUNG
2025-03-27,60789.25390625,60985.98288329288,59805.6090210356,59903.973509557036,20389790,SAMSUNG
2025-03-28,59567.234375,60457.77442379568,59369.33658637874,60061.97884655316,16282514,SAMSUNG
2025-03-31,57192.45703125,59072.48589559905,57192.45703125,58874.58812040441,17633494,SAMSUNG
2025-04-01,58181.94921875,58973.540364583336,57291.4091796875,58083.000325520836,13841706,SAMSUNG
2025-04-02,58181.94921875,58775.642578125,57687.204752604164,58181.94921875,14402297,SAMSUNG
2025-04-03,56994.55859375,57192.45636664497,56301.916388617625,56301.916388617625,19508076,SAMSUNG
2025-04-04,55510.328125,57588.254846256685,55114.53255904635,55609.27701648841,23527139,SAMSUNG
2025-04-07,52640.80859375,53531.34858875705,52541.85970541588,52739.75748208411,31998883,SAMSUNG
2025-04-08,52937.65625,54718.736273364484,52739.75846962617,54421.889602803734,25532845,SAMSUNG
2025-04-09,52442.9140625,53729.24969044811,52343.96516804245,52739.76074587264,20576960,SAMSUNG
2025-04-10,55807.17578125,56104.0224609375,54421.891276041664,56005.073567708336,22948172,SAMSUNG
2025-04-11,54619.7890625,55114.533528645836,54223.993489583336,55015.584635416664,13930480,SAMSUNG
2025-04-14,55609.27734375,56104.02180410364,55213.48177546708,55708.22623582073,12852613,SAMSUNG
2025-04-15,56005.0703125,56499.81474988958,55609.274762588335,55708.223650066255,8998640,SAMSUNG
2025-04-16,54125.04296875,55609.27632255485,53927.145188242685,55411.37854204753,14437025,SAMSUNG
2025-04-17,54520.83984375,54718.73762902677,53927.146487919694,54125.044273196465,10867069,SAMSUNG
2025-04-18,54718.73828125,55015.58496270343,54322.94270597875,54718.73828125,5848342,SAMSUNG
2025-04-21,54817.6875,55411.38086642599,54520.84081678701,54619.78971119134,5941847,SAMSUNG
2025-04-22,54421.890625,54916.63508522727,54125.04394886364,54322.94173295455,9532469,SAMSUNG
2025-04-23,55114.53515625,55510.33074085503,54916.63736394749,55411.38184470377,11148692,SAMSUNG
2025-04-24,55114.53515625,55213.48405240126,54619.79067549372,55015.586260098746,10580377,SAMSUNG
2025-04-25,55114.53515625,55807.1774293088,55015.586260098746,55807.1774293088,12183303,SAMSUNG
2025-04-28,55213.484375,55312.43327172939,54916.63768481182,55213.484375,9341518,SAMSUNG
2025-04-29,55213.484375,55906.12665210573,55015.58658154122,55114.535478270605,10295518,SAMSUNG
2025-04-30,54916.63671875,55411.38119369369,54718.73892877252,55312.43229870495,13014189,SAMSUNG
2025-05-02,53729.25,54916.63674033149,53630.30110497237,54421.89226519337,22454204,SAMSUNG
2025-05-07,54026.09375,54421.88930860806,53729.247081043955,53927.14486034798,17136991,SAMSUNG
2025-05-08,54026.09375,54916.63375686813,53927.14486034798,54520.83819826007,16320532,SAMSUNG
2025-05-09,54223.9921875,54421.889969206204,53828.19662408759,54125.043296646894,7814322,SAMSUNG
2025-05-12,56994.55859375,56994.55859375,54421.88754611545,54619.78531901042,15414702,SAMSUNG
2025-05-13,56301.91796875,57588.25352866872,56202.96907952549,57093.50908254614,16842801,SAMSUNG
2025-05-14,56796.6640625,57291.40852297474,56400.86849412021,56895.61295459495,12468089,SAMSUNG
2025-05-15,56697.71484375,57984.0504335733,56499.81706070026,56796.663735274866,13139736,SAMSUNG
2025-05-16,56202.96875,56895.61097051056,56104.019861355635,56796.6620818662,10385352,SAMSUNG
2025-05-19,55213.484375,55807.177755376346,54916.63768481182,55807.177755376346,9802105,SAMSUNG
2025-05-20,55312.43359375,56104.024772193654,55114.53579913909,55609.28028566637,9080577,SAMSUNG
2025-05-21,55114.53515625,56005.07522161131,55114.53515625,55609.279637006286,7794181,SAMSUNG
2025-05-22,54125.04296875,54916.63409077925,53927.145188242685,54718.73631027194,15254278,SAMSUNG
2025-05-23,53630.30078125,54619.789725553506,53531.35188681965,54421.8919366928,11247115,SAMSUNG
2025-05-26,54125.04296875,54421.88963951097,53135.55406621344,53333.45184672075,10901337,SAMSUNG
2025-05-27,53333.453125,53927.14648075139,53234.50423237477,53630.29980287569,13439520,SAMSUNG
2025-05-28,55312.43359375,55510.331388360915,53630.302339557245,53729.2512368627,17516283,SAMSUNG
2025-05-29,55510.328125,55807.17479946524,55015.583667557934,55609.27701648841,12936810,SAMSUNG
2025-05-30,55609.27734375,56598.76626445729,55213.48177546708,55609.27734375,26219683,SAMSUNG
2025-06-02,56202.96875,56697.71319322183,55609.2754181338,55708.22430677817,12870515,SAMSUNG
2025-06-04,57192.45703125,57291.40591884732,56202.968155276816,56598.76370566609,19649983,SAMSUNG
2025-06-05,58478.79296875,59270.384074925976,57291.40630948604,57489.30408603003,23266027,SAMSUNG
2025-06-09,59171.4375,59765.130852842805,58874.5908235786,59765.130852842805,19609659,SAMSUNG
2025-06-10,58577.7421875,59468.28218697212,58181.94663217905,59369.333298141886,15305760,SAMSUNG
2025-06-11,59270.38671875,59468.28450412145,58775.64225532137,58874.59114800709,13610734,SAMSUNG
2025-06-12,58874.58984375,59369.33429621849,58676.69206276261,59072.4876247374,17755115,SAMSUNG
2025-06-13,57687.203125,59567.23204331047,57093.509782375644,59567.23204331047,20705979,SAMSUNG
2025-06-16,56598.765625,57489.30564357518,56301.91895214161,57390.35675262238,22200872,SAMSUNG
2025-06-17,57489.3046875,59171.43580572289,56796.6624623494,57192.45801957831,28637003,SAMSUNG
2025-06-18,59171.4375,59171.4375,57291.4085493311,57390.35744147157,17620705,SAMSUNG
2025-06-19,58577.7421875,59963.026631123306,58379.84440983953,59864.07774229307,16876278,SAMSUNG
2025-06-20,58874.58984375,59171.43651523109,58478.79428177521,58775.640953256305,18072251,SAMSUNG
2025-06-23,57390.35546875,57885.09991244612,56994.559913793106,57786.151023706894,16551694,SAMSUNG
2025-06-24,59864.08203125,59963.03092716942,58676.69528021694,58775.64417613636,23737899,SAMSUNG
2025-06-25,60655.671875,60952.518556280585,59666.18293739804,60853.56966252039,23933612,SAMSUNG
2025-06-26,59567.234375,60655.67221241695,59270.38769206811,60655.67221241695,19402300,SAMSUNG
2025-06-27,60529.9375,61326.384046052626,59733.49095394737,59833.04677220395,17340470,SAMSUNG
2025-06-30,59534.37890625,60928.16035221572,59534.37890625,60928.16035221572,17110294,SAMSUNG
2025-07-01,59932.60546875,60828.60787609012,59932.60546875,60131.71711482559,13650991,SAMSUNG
2025-07-02,60529.9375,60629.49331825657,59534.379317434206,59932.60259046053,15047951,SAMSUNG
2025-07-03,63516.61328125,63516.61328125,60828.60613611873,61027.71777649882,32040639,SAMSUNG
2025-07-04,63018.8359375,64412.617459024485,62720.1684686019,64412.617459024485,23748959,SAMSUNG
2025-07-07,61425.94140625,63018.83453834076,61425.94140625,62620.61125531807,17164708,SAMSUNG
2025-07-08,61127.2734375,62122.83163680782,60729.050157776874,61326.38507736156,20213724,SAMSUNG
2025-07-09,60131.71484375,61127.27303652732,59932.60320519454,61127.27303652732,17533415,SAMSUNG
2025-07-10,60729.05078125,60928.16242315574,60131.71585553279,60330.82749743853,14768473,SAMSUNG
2025-07-11,62321.9453125,62521.05695886581,60928.163787939295,61027.7196111222,19140650,SAMSUNG
2025-07-14,62222.38671875,62321.9425375,61525.4959875,62023.27508125,13563846,SAMSUNG
2025-07-15,63417.05859375,63516.614415718206,61724.60962029042,62023.27708619505,18442202,SAMSUNG
2025-07-16,64412.6171875,64412.6171875,62819.724026758115,63417.058962036324,23042660,SAMSUNG
2025-07-17,66403.734375,66503.29019865068,64113.95043103448,65607.2877857946,39448683,SAMSUNG
2025-07-18,66801.953125,67498.84384314455,66005.50658997764,66702.3973081222,23951531,SAMSUNG
2025-07-21,67498.84375,68494.40191740413,66901.50884955752,67100.62048303835,17723148,SAMSUNG
2025-07-22,65706.84375,68195.73934659091,65308.62045454545,67797.51605113636,20829006,SAMSUNG
2025-07-23,66105.0625,66204.61831701807,64611.725244728914,65905.95086596385,15687058,SAMSUNG
2025-07-24,65706.84375,66503.2903409091,65607.28792613636,66204.62286931818,12660193,SAMSUNG
2025-07-25,65607.2890625,66005.51236485205,65209.06576014795,65408.17741132397,8080910,SAMSUNG
2025-07-28,70087.296875,70087.296875,66901.51065340909,67897.06884765625,35332500,SAMSUNG
2025-07-29,70286.40625,70485.51788243627,68494.40155807366,70485.51788243627,28190940,SAMSUNG
2025-07-30,72277.5234375,73372.63742897728,70286.4070893595,70684.6303589876,34761444,SAMSUNG
2025-07-31,71082.859375,73671.31083683473,70684.63607317927,72675.7525822829,26568072,SAMSUNG
2025-08-01,68593.9609375,71680.19140058054,68494.4051161103,69888.18661556604,24038534,SAMSUNG
2025-08-04,69390.40625,69888.18534791966,68394.8480541607,69191.29461083213,14780072,SAMSUNG
2025-08-05,69589.515625,71182.40868651646,69390.40399231044,70684.62960479256,14392903,SAMSUNG
2025-08-06,68494.40625,69091.74118822675,67996.62713481105,68892.62954215116,12542415,SAMSUNG
2025-08-07,70186.8515625,70684.63065159574,69390.4050199468,70485.51901595746,15008213,SAMSUNG
2025-08-08,71481.078125,72078.4130396936,70385.96411472841,70684.6315720752,22241128,SAMSUNG
2025-08-11,70684.6328125,71779.74684198944,70485.52117077465,71680.19102112677,11354253,SAMSUNG
2025-08-12,70784.1875,72078.41315049227,70784.1875,70784.1875,15797656,SAMSUNG
2025-08-13,71580.6328125,71779.74444758345,71082.85372479138,71580.6328125,12305742,SAMSUNG
2025-08-14,71281.96875,71580.6362168296,70883.74546089386,71580.6362168296,11946122,SAMSUNG
2025-08-18,69689.0703125,70883.74008928571,69689.0703125,70784.18427455357,13595591,SAMSUNG
2025-08-19,69689.0703125,70385.961015625,69390.40286830357,70087.29357142857,10533082,SAMSUNG
2025-08-20,70186.8515625,70385.9631981383,69091.73756648936,69788.6282912234,17445516,SAMSUNG
2025-08-21,70286.40625,71580.6318608357,70286.40625,71182.40859596318,18843833,SAMSUNG
2025-08-22,71082.859375,71481.08267682072,70485.5244222689,71381.52685136555,9277432,SAMSUNG
2025-08-25,71182.4140625,71481.0815340909,70684.63494318182,71381.52571022727,10345178,SAMSUNG
2025-08-26,69987.7421875,70784.18875577881,69987.7421875,70485.52129267425,14712519,SAMSUNG
2025-08-27,70286.40625,70585.07369865439,69489.95972025496,69788.62716890934,10523405,SAMSUNG
2025-08-28,69290.8515625,70087.2981321839,69290.8515625,69788.63066855245,11578024,SAMSUNG
2025-08-29,69390.40625,70186.85280667145,69390.40625,69788.62952833573,11682267,SAMSUNG
2025-09-01,67299.734375,68295.29257581361,67200.17855491863,68096.18093565089,12002343,SAMSUNG
2025-09-02,68793.0703125,69191.29358493126,67498.84467709842,67498.84467709842,10604028,SAMSUNG
2025-09-03,69489.9609375,69489.9609375,68494.40275787965,68892.62602972779,10283009,SAMSUNG
2025-09-04,69788.6328125,69788.6328125,68992.18621834878,69191.2978668866,12284414,SAMSUNG
2025-09-05,69191.296875,70087.29928057553,69191.296875,69987.74345773381,11526724,SAMSUNG
2025-09-08,69788.6328125,70186.8561095756,69290.8536911555,69489.9653396933,9263135,SAMSUNG
2025-09-09,71182.4140625,71182.4140625,69689.07670454546,69788.63252840909,14870245,SAMSUNG
2025-09-10,72277.5234375,72476.63507231405,71281.96526342975,71481.0768982438,21928565,SAMSUNG
2025-09-11,73073.96875,73273.08038147139,71779.74314543596,72874.85711852861,20793501,SAMSUNG
2025-09-12,75065.0859375,75264.19757128647,73870.41613478116,74268.6394023541,28219678,SAMSUNG
2025-09-15,76160.203125,77255.31715686274,75562.86819852941,76857.09387254901,19908805,SAMSUNG
2025-09-16,79047.3203125,79146.87613153337,76359.31319859887,76558.42483666561,28218265,SAMSUNG
2025-09-17,77852.6484375,78748.65078524617,76757.53445692135,78748.65078524617,20856317,SAMSUNG
2025-09-18,79943.3203125,80142.43194466065,78250.8714391345,78748.65051953612,25619035,SAMSUNG
2025-09-22,83129.109375,83626.88847305388,80739.76970434132,81137.99298278443,27529656,SAMSUNG
2025-09-23,84323.78125,85518.45111422669,83228.66720779221,85418.8952922078,23610263,SAMSUNG
2025-09-24,85020.671875,85120.22769686769,83328.22290324942,83826.00201258782,18300997,SAMSUNG
2025-09-25,85717.5625,85817.11832171892,83726.44606562136,84025.11353077817,19665151,SAMSUNG
2025-09-26,82930.0,84921.11644657863,82033.99759903962,84622.44897959183,24071193,SAMSUNG
2025-09-29,84200.0,85000.0,83200.0,83300.0,13069094,SAMSUNG
2025-09-30,83900.0,84900.0,83400.0,84600.0,16319061,SAMSUNG
2025-10-01,86000.0,86200.0,84700.0,84900.0,22039361,SAMSUNG
2025-10-02,89750.0,90300.0,88700.0,89300.0,49883028,SAMSUNG
2025-10-10,94400.0,94500.0,92700.0,94000.0,35269748,SAMSUNG
2025-10-13,93300.0,93400.0,90700.0,91300.0,23883308,SAMSUNG
2025-10-14,91600.0,96000.0,90200.0,95300.0,35545235,SAMSUNG
2025-10-15,95000.0,95300.0,92100.0,92300.0,21050111,SAMSUNG
2025-10-16,97700.0,97700.0,95000.0,95300.0,28141060,SAMSUNG
2025-10-17,97900.0,99100.0,96700.0,97200.0,22730809,SAMSUNG
2025-10-20,98100.0,98300.0,96000.0,97900.0,17589756,SAMSUNG
2025-10-21,97500.0,99900.0,97300.0,98500.0,22803830,SAMSUNG
2025-10-22,98600.0,98600.0,95500.0,97100.0,15937611,SAMSUNG
2025-10-23,96500.0,98500.0,96300.0,96800.0,18488581,SAMSUNG
2025-10-24,98800.0,99000.0,97700.0,97900.0,18801925,SAMSUNG
2025-10-27,102000.0,102000.0,100600.0,101300.0,22169970,SAMSUNG
2025-10-28,99500.0,101000.0,99100.0,100900.0,20002282,SAMSUNG
2025-10-29,100500.0,101000.0,99100.0,100200.0,20899788,SAMSUNG
2025-10-30,104100.0,105800.0,102000.0,102400.0,34570017,SAMSUNG
2025-10-31,107500.0,108600.0,103300.0,105000.0,54824564,SAMSUNG
2025-11-03,111100.0,111500.0,106500.0,106900.0,30110066,SAMSUNG
2025-11-04,104900.0,112400.0,104900.0,111800.0,30450281,SAMSUNG
2025-11-05,100600.0,102000.0,96700.0,101000.0,44843020,SAMSUNG
2025-11-06,99200.0,103800.0,98800.0,103700.0,28655689,SAMSUNG
2025-11-07,97900.0,100300.0,96300.0,96400.0,22908083,SAMSUNG
2025-11-10,100600.0,101000.0,97900.0,98600.0,23842327,SAMSUNG
2025-11-11,103500.0,106000.0,102000.0,103700.0,27742542,SAMSUNG
2025-11-12,103100.0,103900.0,101600.0,103000.0,19413497,SAMSUNG
2025-11-13,102800.0,104200.0,102300.0,102500.0,20838741,SAMSUNG
2025-11-14,97200.0,99600.0,97200.0,99000.0,21806342,SAMSUNG
2025-11-17,100600.0,101000.0,99500.0,99800.0,17192584,SAMSUNG
2025-11-18,97800.0,100900.0,97500.0,99800.0,18684068,SAMSUNG
2025-11-19,96500.0,97500.0,94600.0,97100.0,18993346,SAMSUNG
2025-11-20,100600.0,102900.0,99500.0,100900.0,25360435,SAMSUNG
2025-11-21,94800.0,96800.0,94500.0,95600.0,23103574,SAMSUNG
2025-11-24,96700.0,99000.0,96200.0,97800.0,29831172,SAMSUNG
2025-11-25,99300.0,101400.0,97800.0,101400.0,16110054,SAMSUNG
2025-11-26,100200.0,100600.0,99300.0,100500.0,5047334,SAMSUNG
