date,daily_return,close,volume
1993-01-29 14:00:00,,24.31304931640625,1003200
1993-02-01 14:00:00,0.007112004041722627,24.485963821411133,480500
1993-02-02 14:00:00,0.0021181369212873616,24.53782844543457,201300
1993-02-03 14:00:00,0.010571097815146325,24.79722023010254,529400
1993-02-04 14:00:00,0.00418425361042729,24.900978088378906,531500
1993-02-05 14:00:00,-0.0006942782707752661,24.883689880371094,492100
1993-02-08 14:00:00,0.0,24.883689880371094,596100
1993-02-09 14:00:00,-0.006949522543694649,24.71076011657715,122100
1993-02-10 14:00:00,0.0013997084648245482,24.74534797668457,379600
1993-02-11 14:00:00,0.0048917466728237435,24.866395950317383,19500
1993-02-12 14:00:00,-0.007649369459727902,24.676183700561523,42500
1993-02-16 14:00:00,-0.025228277616561625,24.053646087646484,374800
1993-02-17 14:00:00,-0.0007188147399127653,24.03635597229004,210900
1993-02-18 14:00:00,-0.0007198872747941929,24.019052505493164,378100
1993-02-19 14:00:00,0.0036006000523628352,24.10553550720215,34900
1993-02-22 14:00:00,0.0035862579948810923,24.191984176635742,513600
1993-02-23 14:00:00,-0.0007143100990439046,24.17470359802246,373700
1993-02-24 14:00:00,0.012875451486988803,24.485963821411133,26300
1993-02-25 14:00:00,0.0021181369212873616,24.53782844543457,44500
1993-02-26 14:00:00,0.0014098061786619379,24.57242202758789,66200
1993-03-01 14:00:00,-0.002815332360580503,24.50324249267578,66500
1993-03-02 14:00:00,0.01482062864741885,24.866395950317383,182400
1993-03-03 14:00:00,0.0041723066378065825,24.97014617919922,280100
1993-03-04 14:00:00,-0.005540062947483369,24.831809997558594,89500
1993-03-05 14:00:00,-0.002785847168220035,24.762632369995117,40000
1993-03-08 14:00:00,0.022346958668467108,25.316001892089844,50800
1993-03-09 14:00:00,-0.0034158384362213585,25.22952651977539,169300
1993-03-10 14:00:00,0.002056164949214283,25.281402587890625,194400
1993-03-11 14:00:00,-0.0027352487442978872,25.212251663208008,70900
1993-03-12 14:00:00,-0.010288398492988718,24.952857971191406,643600
1993-03-15 14:00:00,0.004850531443417015,25.07389259338379,310800
1993-03-16 14:00:00,0.0,25.07389259338379,30800
1993-03-17 14:00:00,-0.006206858831939075,24.918262481689453,21800
1993-03-18 14:00:00,0.006245624541787243,25.07389259338379,59300
1993-03-19 14:00:00,-0.0015136231023705339,25.035940170288086,66900
1993-03-22 14:00:00,-0.005551330282858284,24.896957397460938,183400
1993-03-23 14:00:00,0.0020936667060951295,24.94908332824707,55200
1993-03-24 14:00:00,0.0,24.94908332824707,37200
1993-03-25 14:00:00,0.006267112775844664,25.10544204711914,110100
1993-03-26 14:00:00,-0.0055362658805535305,24.96645164489746,101500
1993-03-29 14:00:00,0.0041759071373473206,25.070709228515625,87100
1993-03-30 14:00:00,0.0027720059353610457,25.14020538330078,56000
1993-03-31 14:00:00,-0.0006916168691393512,25.122817993164062,111600
1993-04-01 14:00:00,-0.0034581241204555985,25.035940170288086,129500
1993-04-02 14:00:00,-0.020818078989989594,24.514739990234375,59400
1993-04-05 13:00:00,0.004960715125999161,24.636350631713867,172200
1993-04-06 13:00:00,-0.0028208012004450416,24.566856384277344,129700
1993-04-07 13:00:00,0.0035357622777697204,24.653718948364258,28000
1993-04-08 13:00:00,-0.001409213572177304,24.618976593017578,180800
1993-04-12 13:00:00,0.014114114393302341,24.96645164489746,348500
1993-04-13 13:00:00,0.002087991766905831,25.01858139038086,146100
1993-04-14 13:00:00,-0.0013887383202578771,24.983837127685547,119600
1993-04-15 13:00:00,0.0,24.983837127685547,148600
1993-04-16 13:00:00,0.0,24.983837127685547,47900
1993-04-19 13:00:00,-0.004173153938787635,24.879575729370117,157000
1993-04-20 13:00:00,-0.004887510892886672,24.757976531982422,279500
1993-04-21 13:00:00,-0.0007022174354849768,24.740591049194336,67900
1993-04-22 13:00:00,-0.012639930245439992,24.427871704101562,97700
1993-04-23 13:00:00,-0.004268288874105584,24.323606491088867,106000
1993-04-26 13:00:00,-0.007857236675730196,24.132490158081055,62600
1993-04-27 13:00:00,0.010800027662790583,24.39312171936035,156800
1993-04-28 13:00:00,-0.0021366764508401388,24.341001510620117,85900
1993-04-29 13:00:00,0.004282346506478959,24.44523811340332,85000
1993-04-30 13:00:00,0.0014211540029548206,24.479978561401367,88500
1993-05-03 13:00:00,0.0063877535644193155,24.636350631713867,80500
1993-05-04 13:00:00,0.0035257111751960256,24.72321128845215,149100
1993-05-05 13:00:00,0.002811430847958619,24.7927188873291,109000
1993-05-06 13:00:00,-0.003503782159898912,24.70585060119629,54700
1993-05-07 13:00:00,-0.0021100934217382085,24.653718948364258,68000
1993-05-10 13:00:00,0.0021145553310321207,24.70585060119629,113900
1993-05-11 13:00:00,0.0042191060111954155,24.810087203979492,42600
1993-05-12 13:00:00,-0.0014003318513570995,24.775344848632812,31000
1993-05-13 13:00:00,-0.011921783088631545,24.479978561401367,129100
1993-05-14 13:00:00,-0.0007091790220450894,24.462617874145508,63500
1993-05-17 13:00:00,0.0035507506672081937,24.54947853088379,34000
1993-05-18 13:00:00,-0.0007077928772728329,24.532102584838867,105200
1993-05-19 13:00:00,0.020537888414040646,25.035940170288086,50200
1993-05-20 13:00:00,0.0027760841557505182,25.10544204711914,98200
1993-05-21 13:00:00,-0.008996707459884845,24.879575729370117,221400
1993-05-24 13:00:00,0.004190642133513155,24.983837127685547,30500
1993-05-25 13:00:00,0.002085469991509098,25.035940170288086,191800
1993-05-26 13:00:00,0.012491578764445614,25.348678588867188,102400
1993-05-27 13:00:00,-0.0034270107286617133,25.261808395385742,53800
1993-05-28 13:00:00,-0.004813709698913425,25.14020538330078,79100
1993-06-01 13:00:00,0.009674594111333017,25.383426666259766,28300
1993-06-02 13:00:00,-0.0013689277594173708,25.348678588867188,20300
1993-06-03 13:00:00,-0.0034270107286617133,25.261808395385742,21600
1993-06-04 13:00:00,-0.0034382669950454013,25.174951553344727,32000
1993-06-07 13:00:00,-0.0034513416812354037,25.088064193725586,121400
1993-06-08 13:00:00,-0.009001874880591447,24.862224578857422,104500
1993-06-09 13:00:00,0.0034936032821259373,24.94908332824707,43300
1993-06-10 13:00:00,0.0006961504926606427,24.96645164489746,17900
1993-06-11 13:00:00,0.0041759071373473206,25.070709228515625,647400
1993-06-14 13:00:00,-0.0013868398341117714,25.035940170288086,64200
1993-06-15 13:00:00,-0.002081129857642551,24.983837127685547,142400
1993-06-16 13:00:00,0.002085469991509098,25.035940170288086,330900
1993-06-17 13:00:00,0.0034701242407936647,25.122817993164062,37400
1993-06-18 13:00:00,-0.008234691751763949,24.915939331054688,58500
1993-06-21 13:00:00,0.0021060040137400476,24.968412399291992,29300
1993-06-22 13:00:00,0.0007013408589145266,24.985923767089844,137500
1993-06-23 13:00:00,-0.009103254853883488,24.75847053527832,227600
1993-06-24 13:00:00,0.013427839719506902,25.090923309326172,243700
1993-06-25 13:00:00,-0.0006979924545054417,25.073410034179688,44800
1993-06-28 13:00:00,0.011166170990822238,25.353384017944336,439900
1993-06-29 13:00:00,-0.004831229699510438,25.23089599609375,207500
1993-06-30 13:00:00,0.0,25.23089599609375,437600
1993-07-01 13:00:00,-0.0027742886137069015,25.160898208618164,605700
1993-07-02 13:00:00,-0.005563710182202146,25.020910263061523,285400
1993-07-06 13:00:00,-0.010488816155127818,24.75847053527832,246400
1993-07-07 13:00:00,0.0028265324886759587,24.82845115661621,343700
1993-07-08 13:00:00,0.011276337053753022,25.10842514038086,248200
1993-07-09 13:00:00,0.0027861494862597715,25.178380966186523,378200
1993-07-12 13:00:00,-0.0006943559076271807,25.160898208618164,373700
1993-07-13 13:00:00,-0.0006959754637000014,25.143386840820312,389600
1993-07-14 13:00:00,0.003480404443023018,25.23089599609375,617300
1993-07-15 13:00:00,-0.004161621909947917,25.12589454650879,443800
1993-07-16 13:00:00,-0.002785047374575891,25.055917739868164,216400
1993-07-19 13:00:00,-0.0006982063814936639,25.038423538208008,188200
1993-07-20 13:00:00,0.0027957671562680803,25.10842514038086,68500
1993-07-21 13:00:00,-0.0006970501318515599,25.090923309326172,142700
1993-07-22 13:00:00,-0.006973995182012441,24.915939331054688,632400
1993-07-23 13:00:00,0.004915897631868876,25.038423538208008,286200
1993-07-26 13:00:00,0.00558970606775399,25.178380966186523,121300
1993-07-27 13:00:00,-0.0006943559076271807,25.160898208618164,92800
1993-07-28 13:00:00,-0.0020855005970864546,25.10842514038086,30800
1993-07-29 13:00:00,0.005574425978152917,25.248390197753906,331000
1993-07-30 13:00:00,-0.005543524013879433,25.10842514038086,75300
1993-08-02 13:00:00,0.0027861494862597715,25.178380966186523,41300
1993-08-03 13:00:00,0.0006963254967171116,25.195913314819336,81600
1993-08-04 13:00:00,0.0,25.195913314819336,434000
1993-08-05 13:00:00,-0.00208472196830941,25.143386840820312,36800
1993-08-06 13:00:00,0.0013917824829150678,25.178380966186523,402300
1993-08-09 13:00:00,0.005560225754301488,25.318378448486328,828200
1993-08-10 13:00:00,-0.0006914204947039059,25.300872802734375,604900
1993-08-11 13:00:00,0.0,25.300872802734375,542200
1993-08-12 13:00:00,-0.00276578627094091,25.23089599609375,303700
1993-08-13 13:00:00,0.001386501742935728,25.265878677368164,103500
1993-08-16 13:00:00,0.005540215347383181,25.40585708618164,241800
1993-08-17 13:00:00,0.003443171787117494,25.49333381652832,369300
1993-08-18 13:00:00,0.0054908595780185756,25.63331413269043,414300
1993-08-19 13:00:00,0.0,25.63331413269043,28500
1993-08-20 13:00:00,0.0006822558926141577,25.650802612304688,80700
1993-08-23 13:00:00,-0.0020456696435741687,25.598329544067383,15600
1993-08-24 13:00:00,0.010936228778150968,25.878278732299805,273400
1993-08-25 13:00:00,0.0006763135692190649,25.895780563354492,242300
1993-08-26 13:00:00,0.000675856478311938,25.91328239440918,120000
1993-08-27 13:00:00,-0.0006754000048432128,25.895780563354492,25700
1993-08-30 13:00:00,0.004053739428602238,26.000755310058594,183500
1993-08-31 13:00:00,0.0026916308853567124,26.07073974609375,66500
1993-09-01 13:00:00,-0.0013420564073389942,26.035751342773438,136500
1993-09-02 13:00:00,-0.003359649857965784,25.948280334472656,472400
1993-09-03 13:00:00,0.0006733864672327396,25.96575355529785,630500
1993-09-07 13:00:00,-0.0067371930563506184,25.790817260742188,196400
1993-09-08 13:00:00,-0.0033931832824821754,25.703304290771484,269900
1993-09-09 13:00:00,0.0020428268645423762,25.75581169128418,239200
1993-09-10 13:00:00,0.00883151233131827,25.983274459838867,106500
1993-09-13 13:00:00,0.0006727731813303937,26.000755310058594,66900
1993-09-14 13:00:00,-0.0040373729706033295,25.895780563354492,184500
1993-09-15 13:00:00,0.0027021001267820135,25.96575355529785,101000
1993-09-16 13:00:00,-0.0040428887930855275,25.860776901245117,54300
1993-09-17 13:00:00,-0.0019390795217315785,25.810630798339844,200900
1993-09-20 13:00:00,-0.00818514116399664,25.599367141723633,57800
1993-09-21 13:00:00,-0.0034387514723642565,25.511337280273438,318200
1993-09-22 13:00:00,0.00828154130213869,25.722610473632812,439700
1993-09-23 13:00:00,0.0054749883880061,25.863441467285156,88500
1993-09-24 13:00:00,-0.002721998080810673,25.793041229248047,53500
1993-09-27 13:00:00,0.01092118587453566,26.074731826782227,274600
1993-09-28 13:00:00,-0.0020256506832255247,26.021913528442383,158300
1993-09-29 13:00:00,-0.003382472901625503,25.933895111083984,221000
1993-09-30 13:00:00,-0.002036724736574628,25.881074905395508,99300
1993-10-01 13:00:00,0.0047608775709170005,26.004291534423828,22700
1993-10-04 13:00:00,0.0013548008623900504,26.039522171020508,1038500
1993-10-05 13:00:00,-0.0013529678603660404,26.004291534423828,436500
1993-10-06 13:00:00,-0.0006769236727301053,25.9866886138916,209200
1993-10-07 13:00:00,-0.0027096022322712692,25.916275024414062,59400
1993-10-08 13:00:00,0.0013590340363472792,25.951496124267578,54400
1993-10-11 13:00:00,0.0020343879174996903,26.004291534423828,467100
1993-10-12 13:00:00,0.0013548008623900504,26.039522171020508,26200
1993-10-13 13:00:00,0.0,26.039522171020508,139100
1993-10-14 13:00:00,0.01284619946852557,26.37403106689453,108100
1993-10-15 13:00:00,0.005340989332340535,26.514894485473633,1502500
1993-10-18 13:00:00,-0.0026562713894192694,26.4444637298584,722400
1993-10-19 13:00:00,-0.007323660438176164,26.25079345703125,880100
1993-10-20 13:00:00,0.0013422968985777495,26.286029815673828,230400
1993-10-21 13:00:00,-0.001340497552869981,26.25079345703125,56200
1993-10-22 13:00:00,-0.004695496090380453,26.127532958984375,390700
1993-10-25 13:00:00,0.002696090741426414,26.197975158691406,114500
1993-10-26 13:00:00,-0.0006723559556540659,26.180360794067383,186200
1993-10-27 13:00:00,0.0006728083223366025,26.197975158691406,118400
1993-10-28 13:00:00,0.007392639278518013,26.391647338867188,129600
1993-10-29 13:00:00,0.0,26.391647338867188,80700
1993-11-01 14:00:00,0.0026680255526846334,26.462060928344727,36400
1993-11-02 14:00:00,-0.0006649972779512029,26.4444637298584,262100
1993-11-03 14:00:00,-0.012649775343746247,26.109947204589844,479100
1993-11-04 14:00:00,-0.010789069752559914,25.828245162963867,130400
1993-11-05 14:00:00,0.004771944842789603,25.951496124267578,363200
1993-11-08 14:00:00,0.0013560871194287132,25.9866886138916,367600
1993-11-09 14:00:00,0.0006773822087827165,26.004291534423828,246900
1993-11-10 14:00:00,0.007448140781346979,26.197975158691406,46500
1993-11-11 14:00:00,-0.0026888413810737368,26.127532958984375,88900
1993-11-12 14:00:00,0.00471764778712067,26.25079345703125,108200
1993-11-15 14:00:00,-0.0006710031318807793,26.233179092407227,243300
1993-11-16 14:00:00,0.004698212653560948,26.356428146362305,492600
1993-11-17 14:00:00,-0.005343977530182853,26.215579986572266,39600
1993-11-18 14:00:00,-0.0026863809080481128,26.14515495300293,240800
1993-11-19 14:00:00,-0.0020199756470702986,26.092342376708984,106000
1993-11-22 14:00:00,-0.0060725581221268985,25.933895111083984,165300
1993-11-23 14:00:00,0.005430604045207596,26.074731826782227,89700
1993-11-24 14:00:00,0.004051008769212392,26.180360794067383,77200
1993-11-26 14:00:00,0.0006728083223366025,26.197975158691406,1019800
1993-11-29 14:00:00,-0.004032097188525552,26.092342376708984,517500
1993-11-30 14:00:00,0.0006747124358054612,26.109947204589844,230000
1993-12-01 14:00:00,0.0013484419611119243,26.14515495300293,379200
1993-12-02 14:00:00,0.002693616989301767,26.215579986572266,352000
1993-12-03 14:00:00,0.004029753252825091,26.32122230529785,306000
1993-12-06 14:00:00,0.0033447341397594083,26.409259796142578,99500
1993-12-07 14:00:00,-0.0006669046164619562,26.391647338867188,88800
1993-12-08 14:00:00,0.0,26.391647338867188,146700
1993-12-09 14:00:00,-0.00333609793692541,26.30360221862793,416500
1993-12-10 14:00:00,-0.0020076627207843453,26.25079345703125,412900
1993-12-13 14:00:00,0.006036630449693438,26.409259796142578,273200
1993-12-14 14:00:00,-0.007333784099416599,26.215579986572266,41900
1993-12-15 14:00:00,-0.0013434451010781465,26.180360794067383,82600
1993-12-16 14:00:00,0.003363021653208436,26.26840591430664,78200
1993-12-17 14:00:00,0.005495269096245265,26.412757873535156,104700
1993-12-20 14:00:00,0.0013422981635038747,26.448211669921875,68800
1993-12-21 14:00:00,-0.003350670105174493,26.35959243774414,205700
1993-12-22 14:00:00,0.006724737985145895,26.536853790283203,410300
1993-12-23 14:00:00,-0.000668082421605074,26.51912498474121,533800
1993-12-27 14:00:00,0.005347800891837178,26.66094398498535,447100
1993-12-28 14:00:00,0.001994417947672534,26.7141170501709,880600
1993-12-29 14:00:00,-0.001326798844857496,26.678672790527344,266700
1993-12-30 14:00:00,-0.003987043110797303,26.572303771972656,219900
1993-12-31 14:00:00,-0.005336739513363204,26.43049430847168,312900
1994-01-03 14:00:00,-0.002682578308980514,26.35959243774414,960900
1994-01-04 14:00:00,0.004034799375803997,26.4659481048584,164300
1994-01-05 14:00:00,0.002009256561379365,26.51912498474121,710900
1994-01-06 14:00:00,0.0,26.51912498474121,201000
1994-01-07 14:00:00,0.006016329945951637,26.678672790527344,775500
1994-01-10 14:00:00,0.011959413491144972,26.99773406982422,593700
1994-01-11 14:00:00,-0.0019691141840370062,26.94457244873047,295200
1994-01-12 14:00:00,-0.0032896534481191525,26.855934143066406,158400
1994-01-13 14:00:00,-0.0026405792399620347,26.785018920898438,244300
1994-01-14 14:00:00,0.003971141910340934,26.891386032104492,137200
1994-01-17 14:00:00,0.0,26.891386032104492,17700
1994-01-18 14:00:00,0.001318407178580976,26.92683982849121,166400
1994-01-19 14:00:00,-0.0026332717049766673,26.855934143066406,200800
1994-01-20 14:00:00,0.002640224132479522,26.92683982849121,281100
1994-01-21 14:00:00,-0.001974794401157889,26.87366485595703,85600
1994-01-24 14:00:00,-0.003957829709131739,26.767303466796875,373800
1994-01-25 14:00:00,0.0,26.767303466796875,310400
1994-01-26 14:00:00,0.0026486812957539014,26.83820152282715,145100
1994-01-27 14:00:00,0.009247138803095484,27.08637809753418,344500
1994-01-28 14:00:00,0.0026177617830439874,27.157283782958984,356500
1994-01-31 14:00:00,0.007180593553781023,27.3522891998291,313800
1994-02-01 14:00:00,-0.005185322636060153,27.210458755493164,303600
1994-02-02 14:00:00,0.006515017365972815,27.38773536682129,307600
1994-02-03 14:00:00,-0.0045310762312382406,27.263639450073242,466100
1994-02-04 14:00:00,-0.02275647283870665,26.64321517944336,1403200
1994-02-07 14:00:00,0.0046574066424706975,26.767303466796875,516400
1994-02-08 14:00:00,0.00066183185480515,26.785018920898438,188200
1994-02-09 14:00:00,0.003971141910340934,26.891386032104492,144600
1994-02-10 14:00:00,-0.008569362949311187,26.66094398498535,883900
1994-02-11 14:00:00,0.0033242922295178864,26.74957275390625,519400
1994-02-14 14:00:00,0.0013251115192862766,26.785018920898438,2742100
1994-02-15 14:00:00,0.005294784670923668,26.92683982849121,374700
1994-02-16 14:00:00,-0.0006584064693411735,26.90911102294922,287600
1994-02-17 14:00:00,-0.005928782593631868,26.74957275390625,342400
1994-02-18 14:00:00,-0.005964214002943425,26.59003257751465,313300
1994-02-22 14:00:00,0.010000046625614606,26.855934143066406,154500
1994-02-23 14:00:00,-0.0026405792399620347,26.785018920898438,391700
1994-02-24 14:00:00,-0.013235929139110952,26.43049430847168,770800
1994-02-25 14:00:00,0.004694818740681283,26.554580688476562,531300
1994-02-28 14:00:00,0.0,26.554580688476562,333000
1994-03-01 14:00:00,-0.004005674945597866,26.448211669921875,423600
1994-03-02 14:00:00,0.0013404266980517046,26.48366355895996,581500
1994-03-03 14:00:00,-0.00267733673881444,26.412757873535156,223200
1994-03-04 14:00:00,0.0026845241138506856,26.48366355895996,595800
1994-03-07 14:00:00,0.005354961556901382,26.6254825592041,539800
1994-03-08 14:00:00,-0.003994578285159535,26.51912498474121,880300
1994-03-09 14:00:00,0.004679271837722717,26.64321517944336,2500100
1994-03-10 14:00:00,-0.007984054084276023,26.43049430847168,207400
1994-03-11 14:00:00,0.00536537311205424,26.572303771972656,576600
1994-03-14 14:00:00,0.0013346693904622174,26.607769012451172,345900
1994-03-15 14:00:00,-0.0006665885790057644,26.59003257751465,748600
1994-03-16 14:00:00,0.00800002295414873,26.802753448486328,455500
1994-03-17 14:00:00,0.0,26.802753448486328,133000
1994-03-18 14:00:00,-0.00021789931116206657,26.796913146972656,365500
1994-03-21 14:00:00,-0.0026619119813798553,26.725582122802734,324800
1994-03-22 14:00:00,0.002669016668829114,26.796913146972656,435700
1994-03-23 14:00:00,-0.0006655135843066914,26.77907943725586,698500
1994-03-24 14:00:00,-0.011984159487747463,26.458154678344727,1200500
1994-03-25 14:00:00,-0.009433888134635044,26.20855140686035,100900
1994-03-28 14:00:00,0.0013606165974411005,26.244211196899414,1117200
1994-03-29 14:00:00,-0.01970147952055031,25.727161407470703,338400
1994-03-30 14:00:00,-0.013859717823600383,25.370590209960938,1123900
1994-03-31 14:00:00,0.0028111123741269405,25.441909790039062,788800
1994-04-04 13:00:00,-0.015417102235208813,25.04966926574707,2627300
1994-04-05 13:00:00,0.0206409826789899,25.56671905517578,1179000
1994-04-06 13:00:00,0.0,25.56671905517578,516500
1994-04-07 13:00:00,0.004881111498050927,25.691513061523438,666100
1994-04-08 13:00:00,-0.007633696596641126,25.495391845703125,242400
1994-04-11 13:00:00,0.004195728442615985,25.60236358642578,203300
1994-04-12 13:00:00,-0.0013922359601555895,25.56671905517578,1409200
1994-04-13 13:00:00,-0.005230625580223218,25.4329891204834,364100
1994-04-14 13:00:00,0.0003507519117554087,25.441909790039062,419900
1994-04-15 13:00:00,0.0,25.441909790039062,387300
1994-04-18 13:00:00,-0.006657601443238747,25.27252769470215,369100
1994-04-19 13:00:00,0.0014111609715954233,25.308191299438477,472200
1994-04-20 13:00:00,-0.001056464795070474,25.28145408630371,508000
1994-04-21 13:00:00,0.013398881594487958,25.620197296142578,200300
1994-04-22 13:00:00,-0.0010438968217205582,25.59345245361328,301800
1994-04-25 13:00:00,0.010449131561728203,25.860881805419922,394600
1994-04-26 13:00:00,-0.001033517595908117,25.83415412902832,399000
1994-04-28 13:00:00,-0.007246759339208125,25.646940231323242,287000
1994-04-29 13:00:00,0.0031279043591127815,25.727161407470703,481900
1994-05-02 13:00:00,0.006237117674524604,25.887624740600586,275000
1994-05-03 13:00:00,-0.0010330393556239271,25.860881805419922,183400
1994-05-04 13:00:00,-0.0017236356395042244,25.816307067871094,401900
1994-05-05 13:00:00,-0.0013810677065247746,25.78065299987793,659800
1994-05-06 13:00:00,-0.009682027586014028,25.531044006347656,216300
1994-05-09 13:00:00,-0.008728695420906913,25.308191299438477,499300
1994-05-10 13:00:00,0.00774931774064249,25.50431251525879,583400
1994-05-11 13:00:00,-0.009088063848730201,25.27252769470215,210600
1994-05-12 13:00:00,0.004938384159555831,25.3973331451416,305200
1994-05-13 13:00:00,0.0,25.3973331451416,321300
1994-05-16 13:00:00,0.0003513194418211475,25.4062557220459,450400
1994-05-17 13:00:00,0.014736420900745072,25.78065299987793,470200
1994-05-18 13:00:00,0.007261576177301099,25.96786117553711,824800
1994-05-19 13:00:00,0.004806591258614441,26.09267807006836,531000
1994-05-20 13:00:00,-0.003758311904361949,25.994613647460938,370400
1994-05-23 13:00:00,-0.0017149149762588614,25.950035095214844,262700
1994-05-24 13:00:00,0.0041220724994362485,26.057003021240234,549600
1994-05-25 13:00:00,0.0027368403793059173,26.12831687927246,738200
1994-05-26 13:00:00,0.000682689378595717,26.146154403686523,369600
1994-05-27 13:00:00,0.0010230436496921713,26.172903060913086,162000
1994-05-31 13:00:00,-0.001362907051152885,26.137231826782227,160000
1994-06-01 13:00:00,0.0044339241315883016,26.253122329711914,200500
1994-06-02 13:00:00,-0.0010185846657091583,26.226381301879883,55100
1994-06-03 13:00:00,0.005778034711844073,26.377918243408203,550400
1994-06-06 13:00:00,-0.00033825932819875245,26.368995666503906,99300
1994-06-07 13:00:00,-0.0013516868200878585,26.33335304260254,120600
1994-06-08 13:00:00,-0.008125009370748532,26.119394302368164,131900
1994-06-09 13:00:00,0.005461482092450865,26.26204490661621,80500
1994-06-10 13:00:00,0.0016962896387685996,26.30659294128418,83100
1994-06-13 13:00:00,0.001355545741657024,26.342252731323242,109700
1994-06-14 13:00:00,0.007784198700058294,26.547306060791016,161000
1994-06-15 13:00:00,-0.004029979234732873,26.44032096862793,142800
1994-06-16 13:00:00,0.0020227460826788084,26.493803024291992,44000
1994-06-17 13:00:00,-0.005581055612361444,26.34593963623047,403800
1994-06-20 13:00:00,-0.00851518078080861,26.121599197387695,137400
1994-06-21 13:00:00,-0.008588530862655137,25.897253036499023,139200
1994-06-22 13:00:00,0.003811419365943322,25.99595832824707,279900
1994-06-23 13:00:00,-0.005868063297721267,25.843412399291992,922500
1994-06-24 13:00:00,-0.0208331134587525,25.30501365661621,353800
1994-06-27 13:00:00,0.017375593714232522,25.74470329284668,371200
1994-06-28 13:00:00,-0.004879371866442717,25.61908531188965,5382300
1994-06-29 13:00:00,0.0031521513270877967,25.699840545654297,311800
1994-06-30 13:00:00,-0.006284715630366307,25.5383243560791,271900
1994-07-01 13:00:00,0.0021085277894806183,25.592172622680664,406900
1994-07-05 13:00:00,0.0052585139788438665,25.726749420166016,112000
1994-07-06 13:00:00,-0.0013946978646413547,25.690868377685547,174800
1994-07-07 13:00:00,0.004191719105226107,25.79855728149414,66700
1994-07-08 13:00:00,-0.0003478518282811151,25.789583206176758,148400
1994-07-11 13:00:00,-0.0034798026709081144,25.699840545654297,124000
1994-07-12 13:00:00,0.0013972714206599646,25.735750198364258,257300
1994-07-13 13:00:00,0.0017434296219246428,25.78061866760254,532700
1994-07-14 13:00:00,0.010789430286859683,26.05877685546875,494200
1994-07-15 13:00:00,0.00034415864264182675,26.067745208740234,49100
1994-07-18 13:00:00,0.00172115238699683,26.112611770629883,72300
1994-07-19 13:00:00,-0.0020616442213445513,26.05877685546875,609500
1994-07-20 13:00:00,-0.004476331371341173,25.942129135131836,185300
1994-07-21 13:00:00,0.00207497205934176,25.99595832824707,86300
1994-07-22 13:00:00,0.0017266389955397055,26.040843963623047,151600
1994-07-25 13:00:00,0.0013782417833219634,26.07673454284668,120900
1994-07-26 13:00:00,-0.0010321306340482861,26.049819946289062,489600
1994-07-27 13:00:00,0.0,26.049819946289062,83200
1994-07-28 13:00:00,0.0020661743989137775,26.1036434173584,828200
1994-07-29 13:00:00,0.009969364657320307,26.363880157470703,459100
1994-08-01 13:00:00,0.00476455886466083,26.489492416381836,486300
1994-08-02 13:00:00,0.0013554027423288229,26.5253963470459,505500
1994-08-03 13:00:00,0.0003389672801658049,26.534387588500977,144100
1994-08-04 13:00:00,-0.0057495650591255784,26.381826400756836,231700
1994-08-05 13:00:00,-0.003401829496427584,26.29207992553711,138400
1994-08-08 13:00:00,0.00238969193351838,26.354909896850586,328600
1994-08-09 13:00:00,0.0017023262350965942,26.3997745513916,105900
1994-08-10 13:00:00,0.003738868737530331,26.49847984313965,840300
1994-08-11 13:00:00,-0.003724941669572841,26.3997745513916,876200
1994-08-12 13:00:00,0.00781810096535062,26.606170654296875,184100
1994-08-15 13:00:00,-0.00033714963106381857,26.597200393676758,325900
1994-08-16 13:00:00,0.00708482492102853,26.78563690185547,1089500
1994-08-17 13:00:00,-0.0006701374340721769,26.76768684387207,133700
1994-08-18 13:00:00,-0.0033530053526523522,26.677934646606445,620000
1994-08-19 13:00:00,-0.0006721279114967476,26.660003662109375,103200
1994-08-22 13:00:00,-0.0010099788803736285,26.63307762145996,79700
1994-08-23 13:00:00,0.005728188178769889,26.78563690185547,268600
1994-08-24 13:00:00,0.010720347540066542,27.07278823852539,254700
1994-08-25 13:00:00,-0.002651836298002711,27.000995635986328,147400
1994-08-26 13:00:00,0.014290459271202118,27.386852264404297,339500
1994-08-29 13:00:00,-0.0006556350418056137,27.368896484375,350300
1994-08-30 13:00:00,0.0026229366074056893,27.440683364868164,36000
1994-08-31 13:00:00,-0.0026160748090213954,27.368896484375,356200
1994-09-01 13:00:00,-0.003278444265541511,27.2791690826416,294600
1994-09-02 13:00:00,-0.0042760031522553164,27.16252326965332,99600
1994-09-06 13:00:00,0.00032982269133771295,27.17148208618164,229800
1994-09-07 13:00:00,-0.0009911775371652968,27.144550323486328,27900
1994-09-08 13:00:00,0.004959329130562056,27.2791690826416,284800
1994-09-09 13:00:00,-0.010526256173813418,26.992021560668945,488400
1994-09-12 13:00:00,-0.002992030649835676,26.9112606048584,129400
1994-09-13 13:00:00,0.0030010097630271087,26.992021560668945,389200
1994-09-14 13:00:00,0.0009973435499452254,27.01894187927246,423500
1994-09-15 13:00:00,0.012620196083400568,27.359926223754883,779800
1994-09-16 13:00:00,-0.0071166046370029,27.16521644592285,571300
1994-09-19 13:00:00,0.0009968827578672327,27.192296981811523,167300
1994-09-20 13:00:00,-0.018924645050238154,26.677692413330078,355600
1994-09-21 13:00:00,0.0,26.677692413330078,397500
1994-09-22 13:00:00,-0.0023687343933141503,26.614500045776367,266400
1994-09-23 13:00:00,-0.0033917258858838714,26.52423095703125,176600
1994-09-26 13:00:00,0.0051055864032049855,26.659652709960938,223000
1994-09-27 13:00:00,-0.0006780261989838407,26.641576766967773,479500
1994-09-28 13:00:00,0.007794752223658615,26.849241256713867,324000
1994-09-29 13:00:00,-0.005044280509649432,26.71380615234375,195900
1994-09-30 13:00:00,-0.0013518754612398584,26.677692413330078,5200
1994-10-03 13:00:00,-0.0023687343933141503,26.614500045776367,72600
1994-10-04 13:00:00,-0.014925184877977919,26.217273712158203,84200
1994-10-05 13:00:00,0.0003442605752818288,26.226299285888672,461900
1994-10-06 13:00:00,-0.0030983698049779004,26.14504051208496,345200
1994-10-07 13:00:00,0.00448906517154694,26.262407302856445,188700
1994-10-10 13:00:00,0.010656714889500485,26.542278289794922,213600
1994-10-11 13:00:00,0.014966227592553442,26.939516067504883,461400
1994-10-12 13:00:00,0.0013406197153581494,26.975631713867188,162400
1994-10-13 13:00:00,0.0033460369087180935,27.065893173217773,1564500
1994-10-14 13:00:00,0.004336687755451374,27.183269500732422,72800
1994-10-17 13:00:00,-0.001992160743627745,27.12911605834961,282300
1994-10-18 13:00:00,-0.0023304439774541655,27.065893173217773,132100
1994-10-19 13:00:00,0.004670224913132703,27.192296981811523,136700
1994-10-20 13:00:00,-0.00664022510283837,27.011734008789062,290300
1994-10-21 13:00:00,-0.004010823949959356,26.90339469909668,87800
1994-10-24 13:00:00,-0.008389360833121176,26.677692413330078,149600
1994-10-25 13:00:00,0.0010148144027859421,26.70476531982422,91800
1994-10-26 13:00:00,0.0037194517986873497,26.804092407226562,201000
1994-10-27 13:00:00,0.006063304059527517,26.96661376953125,210300
1994-10-28 13:00:00,0.021090271852175428,27.53534698486328,192100
1994-10-31 14:00:00,-0.003606357019023788,27.436044692993164,36300
1994-11-01 14:00:00,-0.011187058414507562,27.12911605834961,435200
1994-11-02 14:00:00,-0.005657550513341681,26.975631713867188,115600
1994-11-03 14:00:00,0.005354663084211271,27.12007713317871,87000
1994-11-04 14:00:00,-0.012982593172344284,26.767988204956055,124400
1994-11-07 14:00:00,0.0030354560505510314,26.849241256713867,115000
1994-11-08 14:00:00,0.007733682562042973,27.056884765625,308300
1994-11-09 14:00:00,0.0016678885630498535,27.102012634277344,318500
1994-11-10 14:00:00,-0.006995438186084286,26.91242218017578,172100
1994-11-11 14:00:00,-0.0036900436999374904,26.813114166259766,302200
1994-11-14 14:00:00,0.009427439326540138,27.065893173217773,181400
1994-11-15 14:00:00,-0.0033348782828974367,26.975631713867188,316900
1994-11-16 14:00:00,0.0033460369087180935,27.065893173217773,106900
1994-11-17 14:00:00,-0.006669967977473099,26.885364532470703,104700
1994-11-18 14:00:00,-0.0013436037184174378,26.849241256713867,269300
1994-11-21 14:00:00,-0.010087637509692412,26.57839584350586,283100
1994-11-22 14:00:00,-0.021739345724145147,26.000598907470703,483600
1994-11-23 14:00:00,0.005555318365099493,26.14504051208496,601600
1994-11-25 14:00:00,0.00483413096056467,26.27142906188965,77300
1994-11-28 14:00:00,0.004467686646998884,26.38880157470703,79900
1994-11-29 14:00:00,-0.0003418060368916337,26.37978172302246,105500
1994-11-30 14:00:00,-0.0013692100047987784,26.34366226196289,218800
1994-12-01 14:00:00,-0.009938048024039968,26.081857681274414,439000
1994-12-02 14:00:00,0.009346000794915757,26.325618743896484,318500
1994-12-05 14:00:00,0.0010286036884248793,26.352697372436523,139200
1994-12-06 14:00:00,0.0006849829148729955,26.37074851989746,249900
1994-12-07 14:00:00,-0.007189494879416966,26.181156158447266,531900
1994-12-08 14:00:00,-0.009655216426427603,25.92837142944336,261500
1994-12-09 14:00:00,0.0038303113727049137,26.027685165405273,235900
1994-12-12 14:00:00,0.00659079438865725,26.199228286743164,151100
1994-12-13 14:00:00,0.0037901298498588484,26.298526763916016,70900
1994-12-14 14:00:00,0.005149912220784418,26.433961868286133,203300
1994-12-15 14:00:00,0.0030730913011168402,26.515195846557617,130100
1994-12-16 14:00:00,0.004885265356884485,26.644729614257812,266100
1994-12-19 14:00:00,0.0013650441046186867,26.681100845336914,1120200
1994-12-20 14:00:00,-0.003069503618701568,26.59920310974121,675600
1994-12-21 14:00:00,0.010605534646197382,26.881301879882812,544500
1994-12-22 14:00:00,-0.0030464303371813364,26.799409866333008,222000
1994-12-23 14:00:00,0.001018318850093971,26.82670021057129,125800
1994-12-27 14:00:00,0.0054281159284480665,26.972318649291992,95200
1994-12-28 14:00:00,-0.005061570525914128,26.835796356201172,358200
1994-12-29 14:00:00,0.0006781956612251333,26.85399627685547,220100
1994-12-30 14:00:00,-0.01185967014668702,26.5355167388916,2209500
1995-01-03 14:00:00,0.004800660252512659,26.662904739379883,324300
1995-01-04 14:00:00,0.004778510915019135,26.790313720703125,351800
1995-01-05 14:00:00,0.0,26.790313720703125,89800
1995-01-06 14:00:00,0.0010185222101348158,26.81760025024414,448400
1995-01-09 14:00:00,0.0010177703702365537,26.844894409179688,36800
1995-01-10 14:00:00,0.00101737502323358,26.87220573425293,229800
1995-01-11 14:00:00,0.0006772767682073139,26.890405654907227,222400
1995-01-12 14:00:00,0.00033826732651847735,26.89950180053711,40300
1995-01-13 14:00:00,0.011840883619372385,27.218015670776367,170600
1995-01-16 14:00:00,0.006018046571431034,27.38181495666504,105100
1995-01-17 14:00:00,0.0003317786477070111,27.390899658203125,89500
1995-01-18 14:00:00,-0.000996955584399668,27.36359214782715,84500
1995-01-19 14:00:00,-0.00565347286006116,27.208892822265625,139100
1995-01-20 14:00:00,-0.0036779468158249225,27.10881996154785,78700
1995-01-23 14:00:00,0.0030209327080484823,27.19071388244629,53700
1995-01-24 14:00:00,0.001338405901051259,27.22710609436035,32400
1995-01-25 14:00:00,0.0026734440899358275,27.299896240234375,15700
1995-01-26 14:00:00,0.0010002789071311914,27.32720375061035,9800
1995-01-27 14:00:00,0.003995861055709981,27.436399459838867,91200
1995-01-30 14:00:00,-0.00431177146352951,27.318099975585938,26600
1995-01-31 14:00:00,0.003997541778867342,27.427305221557617,127500
1995-02-01 14:00:00,-0.00033171516140654737,27.4182071685791,380200
1995-02-02 14:00:00,0.005974036797261809,27.58200454711914,131700
1995-02-03 14:00:00,0.01418672429695661,27.973302841186523,405100
1995-02-06 14:00:00,0.0042290138180876985,28.091602325439453,405400
1995-02-07 14:00:00,0.0012954836642090047,28.127994537353516,702900
1995-02-08 14:00:00,0.0,28.127994537353516,521500
1995-02-09 14:00:00,0.0,28.127994537353516,390700
1995-02-10 14:00:00,0.0012947568923393437,28.164413452148438,148300
1995-02-13 14:00:00,0.00032316908325626575,28.17351531982422,79700
1995-02-14 14:00:00,0.00129144631425988,28.20989990234375,170200
1995-02-15 14:00:00,0.00548413696934817,28.364606857299805,431500
1995-02-16 14:00:00,-0.0012826786337613255,28.328224182128906,99300
1995-02-17 14:00:00,-0.0038554019257012523,28.21900749206543,49100
1995-02-21 14:00:00,-0.0003227466353747751,28.20989990234375,168000
1995-02-22 14:00:00,0.007419416431734932,28.419200897216797,386400
1995-02-23 14:00:00,0.0016010903736857415,28.464702606201172,402800
1995-02-24 14:00:00,0.002557207320274822,28.537492752075195,307600
1995-02-27 14:00:00,-0.00797139928745514,28.310009002685547,280900
1995-02-28 14:00:00,0.008356825402129736,28.54659080505371,493500
1995-03-01 14:00:00,-0.006374980080692821,28.364606857299805,242600
1995-03-02 14:00:00,0.0012831493415168343,28.401002883911133,488600
1995-03-03 14:00:00,0.00032020835033264933,28.410097122192383,290000
1995-03-06 14:00:00,0.0006406816535910901,28.428298950195312,85700
1995-03-07 14:00:00,-0.0076824522013851275,28.20989990234375,180900
1995-03-08 14:00:00,0.0025809811311773706,28.2827091217041,155900
1995-03-09 14:00:00,-0.0003219522689238843,28.273603439331055,63500
1995-03-10 14:00:00,0.014804724737614456,28.69218635559082,192100
1995-03-13 14:00:00,-0.0009507431677882205,28.664907455444336,261300
1995-03-14 14:00:00,0.007301312884236506,28.87419891357422,223300
1995-03-15 14:00:00,-0.0018907551368057753,28.819604873657227,278500
1995-03-16 14:00:00,0.005999295952361428,28.992502212524414,20400
1995-03-17 14:00:00,0.0009947092912755509,29.02134132385254,89900
1995-03-20 14:00:00,0.0,29.02134132385254,91700
1995-03-21 14:00:00,-0.0025216980454391994,28.948158264160156,104400
1995-03-22 14:00:00,0.0009475414787418894,28.975587844848633,74900
1995-03-23 14:00:00,0.0006314035174678981,28.99388313293457,220500
1995-03-24 14:00:00,0.014200443453437225,29.405609130859375,134000
1995-03-27 14:00:00,0.004045207734211463,29.524560928344727,132100
1995-03-28 14:00:00,0.0,29.524560928344727,121900
1995-03-29 14:00:00,-0.0003106068960286699,29.515390396118164,246100
1995-03-30 14:00:00,-0.001859696863853685,29.460500717163086,298400
1995-03-31 14:00:00,-0.004037670595871871,29.341548919677734,541300
1995-04-03 13:00:00,0.002494438493593948,29.41473960876465,193300
1995-04-04 13:00:00,0.006532508051105595,29.606891632080078,66900
1995-04-05 13:00:00,0.0,29.606891632080078,107200
1995-04-06 13:00:00,0.0037080276434175905,29.7166748046875,352500
1995-04-07 13:00:00,-0.0009236785190540547,29.689226150512695,361400
1995-04-10 13:00:00,0.0018492577111027095,29.744129180908203,285400
1995-04-11 13:00:00,-0.003383695138475192,29.643484115600586,250300
1995-04-12 13:00:00,0.0033951834040537206,29.744129180908203,150900
1995-04-13 13:00:00,0.005536506804647026,29.9088077545166,243400
1995-04-17 13:00:00,-0.005811363672162996,29.734996795654297,178900
1995-04-18 13:00:00,-0.003385183372972748,29.63433837890625,329500
1995-04-19 13:00:00,-0.0009261805165087976,29.606891632080078,223000
1995-04-20 13:00:00,0.0015455591089549917,29.652650833129883,207900
1995-04-21 13:00:00,0.004936535994626196,29.79903221130371,145000
1995-04-24 13:00:00,0.011666952031504278,30.146696090698242,169000
1995-04-25 13:00:00,-0.0027320148471888135,30.064334869384766,293200
1995-04-26 13:00:00,0.0009133144317764397,30.091793060302734,204400
1995-04-27 13:00:00,0.0024321207527575675,30.164979934692383,502200
1995-04-28 13:00:00,0.0015176599481876128,30.21076011657715,130800
1995-05-01 13:00:00,-0.0027261582842350207,30.128400802612305,518700
1995-05-02 13:00:00,0.002125353705969989,30.192434310913086,228400
1995-05-03 13:00:00,0.013939389612996114,30.613298416137695,724700
1995-05-04 13:00:00,-0.0005979370331245403,30.594993591308594,311400
1995-05-05 13:00:00,-0.0011960908166209368,30.558399200439453,314900
1995-05-08 13:00:00,0.0071865121416964635,30.77800750732422,183100
1995-05-09 13:00:00,-0.000892384612810429,30.75054168701172,180600
1995-05-10 13:00:00,0.0011901025546236417,30.787137985229492,330300
1995-05-11 13:00:00,0.0026746252027482005,30.869482040405273,351700
1995-05-12 13:00:00,0.0005925422838235524,30.887773513793945,94600
1995-05-15 13:00:00,0.0047395071127495966,31.03416633605957,147200
1995-05-16 13:00:00,0.0005901354453651166,31.052480697631836,221600
1995-05-17 13:00:00,-0.0038301783311424633,30.933544158935547,189200
1995-05-18 13:00:00,-0.014493387197478173,30.485212326049805,577800
1995-05-19 13:00:00,0.0006004493140256063,30.503517150878906,363900
1995-05-22 13:00:00,0.011096987937192061,30.84201431274414,216000
1995-05-23 13:00:00,0.009196975800641407,31.125667572021484,136800
1995-05-24 13:00:00,-0.0005882780452059812,31.107357025146484,370800
1995-05-25 13:00:00,0.0008827525348554504,31.134817123413086,379900
1995-05-26 13:00:00,-0.011460148125313695,30.77800750732422,518600
1995-05-30 13:00:00,-0.0002984530760621546,30.768821716308594,61500
1995-05-31 13:00:00,0.020815258183192322,31.409282684326172,564500
1995-06-01 13:00:00,-0.002621586384341045,31.326940536499023,810100
1995-06-02 13:00:00,0.0008766867269361647,31.35440444946289,112900
1995-06-05 13:00:00,0.0061275385008265236,31.54652976989746,257200
1995-06-06 13:00:00,-0.0017407453335709065,31.491615295410156,165800
1995-06-07 13:00:00,-0.005229162028253719,31.326940536499023,41900
1995-06-08 13:00:00,-0.002336288845474999,31.253751754760742,141100
1995-06-09 13:00:00,-0.005854887904998222,31.070764541625977,304900
1995-06-12 13:00:00,0.005595201825607554,31.244611740112305,378500
1995-06-13 13:00:00,0.010834326597451038,31.583126068115234,120000
1995-06-14 13:00:00,-0.0008692735532731102,31.55567169189453,389400
1995-06-15 13:00:00,0.004349484352881301,31.692922592163086,274500
1995-06-16 13:00:00,0.0029687259177313442,31.787010192871094,325100
1995-06-19 13:00:00,0.011291197865200713,32.14592361450195,134600
1995-06-20 13:00:00,-0.0025762855231621835,32.063106536865234,287800
1995-06-21 13:00:00,-0.0005744096685472991,32.0446891784668,158200
1995-06-22 13:00:00,0.013210444407911458,32.468013763427734,297000
1995-06-23 13:00:00,-0.001983951913310489,32.40359878540039,315400
1995-06-26 13:00:00,-0.011928669787386032,32.017066955566406,132900
1995-06-27 13:00:00,-0.0020113588786574467,31.952669143676758,127700
1995-06-28 13:00:00,0.005184391180702993,32.118324279785156,212600
1995-06-29 13:00:00,-0.0017191975035470697,32.063106536865234,89200
1995-06-30 13:00:00,-0.0005744096685472991,32.0446891784668,714100
1995-07-03 13:00:00,0.0037333088263391775,32.16432189941406,9500
1995-07-05 13:00:00,0.003719897472438483,32.28396987915039,409300
1995-07-06 13:00:00,0.012827528234800484,32.69809341430664,202500
1995-07-07 13:00:00,0.004503121875951178,32.8453369140625,481700
1995-07-10 13:00:00,0.0005602652107823643,32.863739013671875,400400
1995-07-11 13:00:00,-0.0047601680411633995,32.70730209350586,420500
1995-07-12 13:00:00,0.012380535951443098,33.11223602294922,203400
1995-07-13 13:00:00,-0.002223688142657048,33.038604736328125,215600
1995-07-14 13:00:00,-0.0008357126164663327,33.01099395751953,543700
1995-07-17 13:00:00,0.005575692246748591,33.19505310058594,171500
1995-07-18 13:00:00,-0.008593886105583572,32.9097785949707,221200
1995-07-19 13:00:00,-0.010906560616364639,32.550846099853516,486600
1995-07-20 13:00:00,0.00367596002769949,32.670501708984375,318900
1995-07-21 13:00:00,-0.0011271107200337771,32.6336784362793,94000
1995-07-24 13:00:00,0.007331973226953111,32.872947692871094,108400
1995-07-25 13:00:00,0.0075586200366094545,33.121421813964844,107400
1995-07-26 13:00:00,-0.000832816781920401,33.09383773803711,167800
1995-07-27 13:00:00,0.008342486661346613,33.36992263793945,187700
1995-07-28 13:00:00,-0.006343592191112546,33.15823745727539,415600
1995-07-31 13:00:00,-0.0024978621718953,33.07541275024414,342500
1995-08-01 13:00:00,-0.001668988518683018,33.02021026611328,141000
1995-08-02 13:00:00,-0.002229885455837247,32.94657897949219,240400
1995-08-03 13:00:00,-0.0002796191344242069,32.9373664855957,1193600
1995-08-04 13:00:00,0.001118094472381364,32.97419357299805,240500
1995-08-07 13:00:00,0.0022328816551899027,33.047821044921875,193100
1995-08-08 13:00:00,0.0,33.047821044921875,951900
1995-08-09 13:00:00,-0.0002788779502655343,33.038604736328125,107100
1995-08-10 13:00:00,-0.002228182104527119,32.964988708496094,280800
1995-08-11 13:00:00,-0.005583705005592731,32.780921936035156,257200
1995-08-14 13:00:00,0.008983603779772247,33.07541275024414,254800
1995-08-15 13:00:00,-0.0019476338273098006,33.01099395751953,44400
1995-08-16 13:00:00,0.002787961681762829,33.10302734375,374900
1995-08-17 13:00:00,-0.0016677114831477248,33.047821044921875,353800
1995-08-18 13:00:00,0.001113664927219319,33.084625244140625,85400
1995-08-21 13:00:00,-0.002781641649379172,32.99259567260742,266700
1995-08-22 13:00:00,0.001952407099657976,33.057010650634766,220200
1995-08-23 13:00:00,-0.003619328024046998,32.9373664855957,176500
1995-08-24 13:00:00,0.001118094472381364,32.97419357299805,167400
1995-08-25 13:00:00,0.005581452170161755,33.15823745727539,195000
1995-08-28 13:00:00,-0.0036079336575538185,33.038604736328125,293000
1995-08-29 13:00:00,0.0025066760021392764,33.121421813964844,1133100
1995-08-30 13:00:00,0.002223071431977262,33.19505310058594,437400
1995-08-31 13:00:00,0.0008323484891317788,33.22268295288086,491900
1995-09-01 13:00:00,0.0044319023020332575,33.36992263793945,629900
1995-09-05 13:00:00,0.00937638071612905,33.68281173706055,272200
1995-09-06 13:00:00,0.001912512329062203,33.747230529785156,214500
1995-09-07 13:00:00,0.0005459703656780647,33.765655517578125,258800
1995-09-08 13:00:00,0.0038155270133844524,33.89448928833008,107300
1995-09-11 13:00:00,0.002715177996940318,33.98651885986328,260700
1995-09-12 13:00:00,0.0046024619944727806,34.142940521240234,139500
1995-09-13 13:00:00,0.004582940565453908,34.299415588378906,239800
1995-09-14 13:00:00,0.009122731467651373,34.61231994628906,457600
1995-09-15 13:00:00,-0.0002761915804109854,34.602760314941406,431200
1995-09-18 13:00:00,-0.003742955775310647,34.473243713378906,307500
1995-09-19 13:00:00,0.004830609959948894,34.6397705078125,549600
1995-09-20 13:00:00,0.004808048095457925,34.80632019042969,290800
1995-09-21 13:00:00,-0.008240989852555843,34.51948165893555,508500
1995-09-22 13:00:00,0.0002683147172501057,34.528743743896484,449900
1995-09-25 13:00:00,-0.0016073573637438998,34.473243713378906,130000
1995-09-26 13:00:00,-0.0002684532863617542,34.4639892578125,466600
1995-09-27 13:00:00,-0.0008057974915789735,34.43621826171875,654400
1995-09-28 13:00:00,0.007523001472874125,34.695281982421875,456200
1995-09-29 13:00:00,-0.0018667071277470655,34.630516052246094,606600
1995-10-02 13:00:00,-0.005075906167115839,34.454734802246094,293100
1995-10-03 13:00:00,0.001073614979104532,34.49172592163086,839700
1995-10-04 13:00:00,-0.0010724635661553635,34.454734802246094,248800
1995-10-05 13:00:00,0.002953354601177002,34.55649185180664,268800
1995-10-06 13:00:00,0.0008034197110713731,34.58425521850586,75300
1995-10-09 13:00:00,-0.008293463915672252,34.29743194580078,358200
1995-10-10 13:00:00,-0.0005395475808448263,34.278926849365234,360800
1995-10-11 13:00:00,0.0032390330975410123,34.389957427978516,228100
1995-10-12 13:00:00,0.006187936911773009,34.602760314941406,199800
1995-10-13 13:00:00,0.0032083895478577334,34.71377944946289,488100
1995-10-16 13:00:00,-0.00479702822271934,34.54725646972656,443600
1995-10-17 13:00:00,0.006695076916145964,34.7785530090332,146000
1995-10-18 13:00:00,0.002926295073954789,34.88032531738281,228100
1995-10-19 13:00:00,0.004774232835225426,35.046852111816406,500600
1995-10-20 13:00:00,-0.0060713012997694,34.83407211303711,748400
1995-10-23 13:00:00,-0.002125051593142583,34.760047912597656,533000
1995-10-24 13:00:00,0.0010650628864488224,34.79706954956055,172200
1995-10-25 13:00:00,-0.008242851800891552,34.5102424621582,302700
1995-10-26 13:00:00,-0.009115304853629292,34.19567108154297,606800
1995-10-27 13:00:00,0.0075759215277677065,34.454734802246094,905800
1995-10-30 14:00:00,0.00644434706339676,34.67677307128906,488700
1995-10-31 14:00:00,-0.004268832255188713,34.528743743896484,508200
1995-11-01 14:00:00,0.00803899639651006,34.80632019042969,415700
1995-11-02 14:00:00,0.006378922670837814,35.02834701538086,326000
1995-11-03 14:00:00,0.0013209951874609785,35.07461929321289,615000
1995-11-06 14:00:00,-0.00342918632358272,34.954341888427734,311200
1995-11-07 14:00:00,-0.003706071905368844,34.824798583984375,358200
1995-11-08 14:00:00,0.009033189646484785,35.13937759399414,357200
1995-11-09 14:00:00,0.0036866651605908522,35.268924713134766,503700
1995-11-10 14:00:00,-0.0005249019067253746,35.25041198730469,795600
1995-11-13 14:00:00,-0.001050030495578033,35.21339797973633,818500
1995-11-14 14:00:00,-0.006568532640247012,34.98209762573242,341800
1995-11-15 14:00:00,0.010050001379446165,35.33366775512695,584700
1995-11-16 14:00:00,0.005499373873752781,35.52798080444336,577700
1995-11-17 14:00:00,0.0031246218505350384,35.63899230957031,267000
1995-11-20 14:00:00,-0.0051923736436783625,35.453941345214844,448800
1995-11-21 14:00:00,0.008089917428786068,35.740760803222656,119200
1995-11-22 14:00:00,-0.0031062331082631588,35.62974166870117,351600
1995-11-24 14:00:00,0.0025965396815438085,35.72225570678711,62400
1995-11-27 14:00:00,0.0002592805179203097,35.73151779174805,273000
1995-11-28 14:00:00,0.010615895306007823,36.11083984375,479000
1995-11-29 14:00:00,0.0010256448177946049,36.14787673950195,549200
1995-11-30 14:00:00,-0.002303938106885126,36.06459426879883,286200
1995-12-01 14:00:00,0.0012822984949308327,36.11083984375,465200
1995-12-04 14:00:00,0.012298335981340005,36.5549430847168,631700
1995-12-05 14:00:00,0.006580950026500995,36.795509338378906,567700
1995-12-06 14:00:00,0.0022629721238078392,36.87877655029297,272800
1995-12-07 14:00:00,-0.005268656484838454,36.68447494506836,289700
1995-12-08 14:00:00,0.00327870045748946,36.804752349853516,296900
1995-12-11 14:00:00,0.004273774906989893,36.9620475769043,186500
1995-12-12 14:00:00,-0.003003598063405302,36.85102844238281,299400
1995-12-13 14:00:00,0.0062769428119859106,37.082340240478516,390700
1995-12-14 14:00:00,-0.00723656306768716,36.81399154663086,395000
1995-12-15 14:00:00,0.0003667142044607327,36.827491760253906,416700
1995-12-18 14:00:00,-0.019211411186079788,36.1199836730957,862300
1995-12-19 14:00:00,0.010567096404688447,36.50166702270508,1022600
1995-12-20 14:00:00,-0.009690665172349034,36.14794158935547,1349800
1995-12-21 14:00:00,0.005150081796409992,36.3341064453125,857600
1995-12-22 14:00:00,0.003586754029074514,36.46442794799805,332800
1995-12-26 14:00:00,0.004851065459097885,36.641319274902344,432200
1995-12-27 14:00:00,-0.000508365067542905,36.6226921081543,151800
1995-12-28 14:00:00,-0.0010168306195802496,36.585453033447266,256200
1995-12-29 14:00:00,0.0012720713502735006,36.63199234008789,339200
1996-01-02 14:00:00,0.010673386055837342,37.022979736328125,514400
1996-01-03 14:00:00,0.0027663087335729813,37.125396728515625,610300
1996-01-04 14:00:00,-0.009529294506894638,36.7716178894043,1129700
1996-01-05 14:00:00,-0.002024594948741418,36.69717025756836,302400
1996-01-08 14:00:00,0.0038056358545991383,36.83682632446289,179900
1996-01-09 14:00:00,-0.017185635495398824,36.20376205444336,415500
1996-01-10 14:00:00,-0.013114029999581691,35.72898483276367,787700
1996-01-11 14:00:00,0.005993504901005633,35.9431266784668,513200
1996-01-12 14:00:00,-0.0015544016705095107,35.88725662231445,390400
1996-01-15 14:00:00,-0.0020756558320911677,35.812767028808594,154200
1996-01-16 14:00:00,0.012217592011676055,36.25031280517578,454600
1996-01-17 14:00:00,-0.0030818278650865294,36.13859558105469,407600
1996-01-18 14:00:00,0.003349231689691557,36.2596321105957,425600
1996-01-19 14:00:00,0.006675051511034171,36.50166702270508,169800
1996-01-22 14:00:00,0.00025520726811906284,36.510982513427734,288200
1996-01-23 14:00:00,0.002294398731184964,36.59475326538086,362200
1996-01-24 14:00:00,0.008140125788392589,36.89263916015625,1506500
1996-01-25 14:00:00,-0.0035324526965881324,36.7623176574707,298400
1996-01-26 14:00:00,0.008610025857575697,37.07884216308594,726300
1996-01-29 14:00:00,0.004017182723120462,37.2277946472168,254800
1996-01-30 14:00:00,0.008501858225237864,37.5443000793457,272100
1996-01-31 14:00:00,0.010414332921527334,37.935298919677734,498000
1996-02-01 14:00:00,0.003680824527219086,38.07493209838867,373900
1996-02-02 14:00:00,-0.004156349265588063,37.91667938232422,496200
1996-02-05 14:00:00,0.00810191123814468,38.223876953125,295300
1996-02-06 14:00:00,0.00949825152492575,38.586936950683594,301600
1996-02-07 14:00:00,0.005790317946990183,38.810367584228516,585100
1996-02-08 14:00:00,0.010793692294158438,39.22927474975586,1526600
1996-02-09 14:00:00,-0.0002369765257102027,39.21997833251953,804600
1996-02-12 14:00:00,0.007595453563086782,39.51787185668945,626500
1996-02-13 14:00:00,-0.0021198194137811237,39.43410110473633,1045900
1996-02-14 14:00:00,-0.008735164204042153,39.089637756347656,431400
1996-02-15 14:00:00,-0.006191792147525635,38.84760284423828,889500
1996-02-16 14:00:00,-0.004073876735548868,38.6893424987793,606100
1996-02-20 14:00:00,-0.009865039849917852,38.30767059326172,492300
1996-02-21 14:00:00,0.012392993276523318,38.78241729736328,434000
1996-02-22 14:00:00,0.015843285715213123,39.39685821533203,721400
1996-02-23 14:00:00,-0.0028356886610216266,39.28514099121094,1430400
1996-02-26 14:00:00,-0.014217986468530341,38.726585388183594,1408400
1996-02-27 14:00:00,-0.00312531336368943,38.605552673339844,601000
1996-02-28 14:00:00,-0.004581227234918155,38.42869186401367,865900
1996-02-29 14:00:00,-0.00969003809963042,38.05631637573242,914300
1996-03-01 14:00:00,0.0158999863174835,38.66141128540039,1452600
1996-03-04 14:00:00,0.005779262598377066,38.88484573364258,652600
1996-03-05 14:00:00,0.009336406816587432,39.24789047241211,402000
1996-03-06 14:00:00,-0.008775538827006477,38.90346908569336,624700
1996-03-07 14:00:00,0.005024949719615336,39.09895706176758,534200
1996-03-08 14:00:00,-0.03238052142155998,37.83291244506836,2289900
1996-03-11 14:00:00,0.011564509449849667,38.27043151855469,1511400
1996-03-12 14:00:00,-0.007784605901460513,37.972511291503906,1385300
1996-03-13 14:00:00,0.006864895914977558,38.23318862915039,1019300
1996-03-14 14:00:00,0.004382993995271287,38.40076446533203,725600
1996-03-15 14:00:00,-0.0006723270084130281,38.37494659423828,869200
1996-03-18 14:00:00,0.01924966018082734,39.113651275634766,917600
1996-03-19 14:00:00,-0.002151284514252772,39.02950668334961,858300
1996-03-20 14:00:00,-0.0011983754638072723,38.98273468017578,744300
1996-03-21 14:00:00,-0.0023984523083757947,38.88923645019531,650800
1996-03-22 14:00:00,0.002644346309509563,38.99207305908203,344500
1996-03-25 14:00:00,-0.0019180088162857683,38.91728591918945,802400
1996-03-26 14:00:00,0.004805461866883462,39.10430145263672,969400
1996-03-27 14:00:00,-0.00908646782086123,38.74898147583008,809600
1996-03-28 14:00:00,0.0038604766596904276,38.8985710144043,1001300
1996-03-29 14:00:00,-0.004807185466901284,38.711578369140625,457700
1996-04-01 14:00:00,0.011594098073237625,39.160404205322266,773400
1996-04-02 14:00:00,0.0019102513086098174,39.23521041870117,638800
1996-04-03 14:00:00,0.0,39.23521041870117,288000
1996-04-04 14:00:00,-0.0007150027587983792,39.207157135009766,934900
1996-04-08 13:00:00,-0.017171371525428147,38.53391647338867,2217200
1996-04-09 13:00:00,-0.0038831116569081523,38.38428497314453,1180900
1996-04-10 13:00:00,-0.017782475221646138,37.701717376708984,939500
1996-04-11 13:00:00,-0.0012403778138814052,37.65495300292969,1276000
1996-04-12 13:00:00,0.012664040798215382,38.13181686401367,411300
1996-04-15 13:00:00,0.008337612533459543,38.449745178222656,484200
1996-04-16 13:00:00,0.002918833220727089,38.561973571777344,429700
1996-04-17 13:00:00,-0.0024251171505194984,38.46845626831055,525300
1996-04-18 13:00:00,0.00145831009170218,38.52455520629883,818600
1996-04-19 13:00:00,0.002427373613238801,38.61806869506836,885100
1996-04-22 13:00:00,0.00774811465803065,38.91728591918945,828900
1996-04-23 13:00:00,0.003123133625755041,39.0388298034668,225400
1996-04-24 13:00:00,-0.003592802083684498,38.8985710144043,699000
1996-04-25 13:00:00,0.00456839037495929,39.07627487182617,475500
1996-04-26 13:00:00,0.002152951727667128,39.160404205322266,563300
1996-04-29 13:00:00,0.0,39.160404205322266,219900
1996-04-30 13:00:00,-0.0007162711816526255,39.132354736328125,184400
1996-05-01 13:00:00,0.002150256299476951,39.21649932861328,561900
1996-05-02 13:00:00,-0.01716728094416835,38.54325866699219,1299600
1996-05-03 13:00:00,-0.001455974751887492,38.48714065551758,1329300
1996-05-06 13:00:00,-0.0009716356335648125,38.449745178222656,647500
1996-05-07 13:00:00,-0.0041335916828135096,38.290809631347656,582100
1996-05-08 13:00:00,0.012453542672000953,38.76766586303711,1694700
1996-05-09 13:00:00,-0.0007233306152265867,38.7396240234375,593400
1996-05-10 13:00:00,0.009896744182382506,39.12302017211914,925100
1996-05-13 13:00:00,0.015056457938945179,39.712074279785156,867500
1996-05-14 13:00:00,0.006122600713410069,39.95521545410156,632300
1996-05-15 13:00:00,-0.0011703242880956883,39.90845489501953,466100
1996-05-16 13:00:00,0.0021082490693250335,39.992591857910156,514400
1996-05-17 13:00:00,0.005378002555939067,40.207672119140625,427700
1996-05-20 13:00:00,0.0067444640519155235,40.478851318359375,788500
1996-05-21 13:00:00,-0.0013862596133475975,40.42273712158203,352700
1996-05-22 13:00:00,0.009484288229653007,40.80611801147461,1218100
1996-05-23 13:00:00,-0.0041247708837150775,40.63780212402344,967900
1996-05-24 13:00:00,0.003911684231118574,40.7967643737793,659100
1996-05-28 13:00:00,-0.010085438229870009,40.385311126708984,456400
1996-05-29 13:00:00,-0.006713853247171681,40.11417007446289,649600
1996-05-30 13:00:00,0.0051281470952592835,40.319881439208984,895800
1996-05-31 13:00:00,-0.0074209893170186425,40.020668029785156,923500
1996-06-03 13:00:00,0.0028034030115588545,40.13286209106445,503100
1996-06-04 13:00:00,0.0069899128271240325,40.413387298583984,627100
1996-06-05 13:00:00,0.008791852315910504,40.76869583129883,428000
1996-06-06 13:00:00,-0.0073388252882939506,40.46950149536133,523300
1996-06-07 13:00:00,0.0,40.46950149536133,1422800
1996-06-10 13:00:00,-0.0032349446032585855,40.338584899902344,548800
1996-06-11 13:00:00,-0.000927323590540959,40.301177978515625,688700
1996-06-12 13:00:00,-0.0018562739807767594,40.22636795043945,1120600
1996-06-13 13:00:00,0.0,40.22636795043945,1502000
1996-06-14 13:00:00,-0.004183933373421459,40.05806350708008,1468200
1996-06-17 13:00:00,-0.0007004107521002086,40.030006408691406,1101000
1996-06-18 13:00:00,-0.008175534367243506,39.70273971557617,718000
1996-06-19 13:00:00,0.004474705834594803,39.88039779663086,552100
1996-06-20 13:00:00,-0.0007036267097693824,39.85233688354492,1234400
1996-06-21 13:00:00,0.008601183243003217,40.19511413574219,573300
1996-06-24 13:00:00,0.001871137149531912,40.27032470703125,416500
1996-06-25 13:00:00,-0.0011669450384895778,40.223331451416016,454400
1996-06-26 13:00:00,-0.006777497426335828,39.95071792602539,838200
1996-06-27 13:00:00,0.007058925080596564,40.23272705078125,1090500
1996-06-28 13:00:00,0.0035046755555825254,40.37372970581055,1060800
1996-07-01 13:00:00,0.008614353482717956,40.72152328491211,471300
1996-07-02 13:00:00,-0.0036935230231131843,40.57111740112305,389400
1996-07-03 13:00:00,-0.0020850972805633973,40.48652267456055,308300
1996-07-05 13:00:00,-0.025539938147412976,39.45249938964844,842900
1996-07-08 13:00:00,-0.004050574749986367,39.292694091796875,942000
1996-07-09 13:00:00,0.004067048634492207,39.45249938964844,716300
1996-07-10 13:00:00,0.00405096151354504,39.61231994628906,1132300
1996-07-11 13:00:00,-0.02017164265631446,38.81327438354492,1587400
1996-07-12 13:00:00,0.0007270016797601337,38.84149169921875,1312000
1996-07-15 13:00:00,-0.029525546097529932,37.69467544555664,1951300
1996-07-16 13:00:00,0.0024937678573542926,37.78867721557617,4141000
1996-07-17 13:00:00,0.011940248786729356,38.23988342285156,1340500
1996-07-18 13:00:00,0.013765971599572083,38.766292572021484,1432500
1996-07-19 13:00:00,-0.007274497800754963,38.48428726196289,1216000
1996-07-22 13:00:00,-0.007327803894066715,38.2022819519043,519800
1996-07-23 13:00:00,-0.012795248169678784,37.71347427368164,1479800
1996-07-24 13:00:00,0.001994060301864356,37.78867721557617,2463400
1996-07-25 13:00:00,0.00895490898261925,38.127071380615234,1989800
1996-07-26 13:00:00,0.005424029716302996,38.3338737487793,642300
1996-07-29 13:00:00,-0.011035033851643871,37.910858154296875,1297900
1996-07-30 13:00:00,0.009670858747302303,38.277488708496094,1868200
1996-07-31 13:00:00,0.0073670942238226135,38.55948257446289,767100
1996-08-01 13:00:00,0.016577337643919943,39.19869613647461,1168600
1996-08-02 13:00:00,0.021582270332258534,40.04469299316406,1098500
1996-08-05 13:00:00,-0.005867791457679922,39.80971908569336,710200
1996-08-06 13:00:00,0.0030693150045147132,39.931907653808594,640000
1996-08-07 13:00:00,0.0025894376241293628,40.035308837890625,917800
1996-08-08 13:00:00,-0.0016433514727371545,39.96951675415039,925100
1996-08-09 13:00:00,-0.0032922084844588576,39.837928771972656,648800
1996-08-12 13:00:00,0.007314085601890748,40.12930679321289,764200
1996-08-13 13:00:00,-0.007963947873965854,39.80971908569336,805200
1996-08-14 13:00:00,0.0035418195247376863,39.95071792602539,533800
1996-08-15 13:00:00,-0.0018830611483550642,39.87548828125,632600
1996-08-16 13:00:00,0.008487418110573686,40.21392822265625,475100
1996-08-19 13:00:00,0.0004674705743968795,40.23272705078125,436400
1996-08-20 13:00:00,-0.0007010678532039389,40.20452117919922,645700
1996-08-21 13:00:00,-0.0035077035884673985,40.06349563598633,266400
1996-08-22 13:00:00,0.009385278895643426,40.43950271606445,584800
1996-08-23 13:00:00,-0.005345547054973161,40.223331451416016,757100
1996-08-26 13:00:00,-0.004907483233840448,40.025936126708984,784700
1996-08-27 13:00:00,0.0037571387494699814,40.17631912231445,389400
1996-08-28 13:00:00,-0.0016379634562576594,40.110511779785156,227600
1996-08-29 13:00:00,-0.009842668332900607,39.71571731567383,680200
1996-08-30 13:00:00,-0.010414708646052338,39.30208969116211,1500900
1996-09-03 13:00:00,0.006458239972854,39.555912017822266,1782000
1996-09-04 13:00:00,0.0009506868563057744,39.5935173034668,930200
1996-09-05 13:00:00,-0.0121085405112512,39.114097595214844,616600
1996-09-06 13:00:00,0.014178927327048277,39.66869354248047,804900
1996-09-09 13:00:00,0.011848453347514307,40.13870620727539,719200
1996-09-10 13:00:00,-0.0004682516006040987,40.119911193847656,669900
1996-09-11 13:00:00,0.0056230777905209315,40.34550857543945,713500
1996-09-12 13:00:00,0.006989946326387416,40.62752151489258,713300
1996-09-13 13:00:00,0.01527070557237987,41.24793243408203,2008800
1996-09-16 13:00:00,0.0036465709747747553,41.398345947265625,1220200
1996-09-17 13:00:00,-0.0022706648748545013,41.304344177246094,604700
1996-09-18 13:00:00,-0.002503674376962908,41.200931549072266,225500
1996-09-19 13:00:00,0.0038789594296675077,41.360748291015625,410000
1996-09-20 13:00:00,0.0035466081904569364,41.50743865966797,948400
1996-09-23 13:00:00,-0.00022727845038188844,41.49800491333008,466800
1996-09-24 13:00:00,-0.00022778974179508797,41.48855209350586,1269800
1996-09-25 13:00:00,0.0006834329795719464,41.51690673828125,1353300
1996-09-26 13:00:00,-0.0004552801842952134,41.49800491333008,773200
1996-09-27 13:00:00,0.000910515493333473,41.535789489746094,407600
1996-09-30 13:00:00,-0.0009096872090355589,41.49800491333008,578200
1996-10-01 13:00:00,0.005464196058024059,41.72475814819336,561400
1996-10-02 13:00:00,0.006793811789197099,42.00822830200195,609000
1996-10-03 13:00:00,-0.0008996381741894562,41.970436096191406,342200
1996-10-04 13:00:00,0.01350754178808827,42.537353515625,754100
1996-10-07 13:00:00,0.001110133413302876,42.58457565307617,235100
1996-10-08 13:00:00,-0.003993177280785747,42.414527893066406,386200
1996-10-09 13:00:00,-0.00779676498559096,42.083831787109375,528800
1996-10-10 13:00:00,-0.0020210253349702647,41.998779296875,1562200
1996-10-11 13:00:00,0.012373330203979608,42.5184440612793,331300
1996-10-14 13:00:00,0.0013333985288833483,42.575138092041016,201600
1996-10-15 13:00:00,-0.0013316229448077142,42.5184440612793,776900
1996-10-16 13:00:00,0.004889217657885753,42.72632598876953,590100
1996-10-17 13:00:00,0.0026531076876375502,42.839683532714844,792500
1996-10-18 13:00:00,0.005293332262408232,43.06644821166992,695800
1996-10-21 13:00:00,-0.0013164315404667177,43.0097541809082,879200
1996-10-22 13:00:00,-0.007029247391671424,42.707427978515625,848900
1996-10-23 13:00:00,0.0033185666807437563,42.84915542602539,735900
1996-10-24 13:00:00,-0.008599841408736266,42.48065948486328,379300
1996-10-25 13:00:00,0.0008894536213468869,42.5184440612793,568300
1996-10-28 14:00:00,-0.006665916020655027,42.23501968383789,975400
1996-10-29 14:00:00,0.008052995138848683,42.575138092041016,815900
1996-10-30 14:00:00,-0.003329057362019286,42.43340301513672,495400
1996-10-31 14:00:00,0.009574544785700969,42.839683532714844,726300
1996-11-01 14:00:00,-0.0035288881749388212,42.688507080078125,821300
1996-11-04 14:00:00,0.006640075149215372,42.971961975097656,1608400
1996-11-05 14:00:00,0.005717168514214403,43.2176399230957,764000
1996-11-06 14:00:00,0.019238969587117235,44.049102783203125,1665000
1996-11-07 14:00:00,0.0023595314122686626,44.153038024902344,1446300
1996-11-08 14:00:00,0.005563804564776878,44.39869689941406,1355700
1996-11-11 14:00:00,-0.0010641083845726366,44.3514518737793,655900
1996-11-12 14:00:00,-0.002982075294240288,44.21919250488281,719900
1996-11-13 14:00:00,0.004486793935987141,44.41759490966797,481900
1996-11-14 14:00:00,0.006594235596161599,44.71049499511719,558800
1996-11-15 14:00:00,0.0012680251195588482,44.767189025878906,2250900
1996-11-18 14:00:00,0.00021115508991985821,44.776641845703125,1518200
1996-11-19 14:00:00,0.007174349680795452,45.09788513183594,1029300
1996-11-20 14:00:00,0.0016765154193741573,45.173492431640625,730000
1996-11-21 14:00:00,-0.0014639468466368744,45.10736083984375,653000
1996-11-22 14:00:00,0.007750267577218523,45.45695495605469,965100
1996-11-25 14:00:00,0.012678969623711048,46.033302307128906,2058800
1996-11-26 14:00:00,-0.0032837356059994592,45.88214111328125,2861800
1996-11-27 14:00:00,-0.001853550396217806,45.797096252441406,872000
1996-11-29 14:00:00,0.0037134850768410373,45.9671630859375,1073400
1996-12-02 14:00:00,0.00041145173583172006,45.98607635498047,1350600
1996-12-03 14:00:00,-0.017054122223739344,45.20182418823242,1777800
1996-12-04 14:00:00,0.002717862113879815,45.324676513671875,2365100
1996-12-05 14:00:00,-0.0027104953612276874,45.20182418823242,1697700
1996-12-06 14:00:00,-0.005852370253414797,44.937286376953125,3401800
1996-12-09 14:00:00,0.01471794662836459,45.598670959472656,1864600
1996-12-10 14:00:00,-0.004765666188532853,45.38136291503906,1331600
1996-12-11 14:00:00,-0.00916147099992502,44.96560287475586,1847900
1996-12-12 14:00:00,-0.016599585508773176,44.21919250488281,2540200
1996-12-13 14:00:00,0.002563795981226723,44.33256149291992,1678300
1996-12-16 14:00:00,-0.012787661505406138,43.76565170288086,1831100
1996-12-17 14:00:00,0.00798777781002768,44.11524200439453,2023200
1996-12-18 14:00:00,0.00792482471858385,44.464847564697266,1666800
1996-12-19 14:00:00,0.020612132966569788,45.38136291503906,2269300
1996-12-20 14:00:00,0.0021946039037521437,45.48095703125,1543200
1996-12-23 14:00:00,-0.0025055021740297387,45.36700439453125,1263700
1996-12-24 14:00:00,0.0073252573345908,45.6993293762207,633000
1996-12-26 14:00:00,0.007687186894945285,46.050628662109375,1384300
1996-12-27 14:00:00,0.0012375023774227347,46.10761642456055,410400
1996-12-30 14:00:00,-0.008649658905743315,45.70880126953125,694100
1996-12-31 14:00:00,-0.01827956396975269,44.87326431274414,1378100
1997-01-02 14:00:00,0.0025387526600838526,44.987186431884766,2031900
1997-01-03 14:00:00,0.014352434779563442,45.63286209106445,2123200
1997-01-06 14:00:00,-0.00873956447299246,45.23405075073242,1374100
1997-01-07 14:00:00,0.012174566436453198,45.78475570678711,939000
1997-01-08 14:00:00,-0.008709320683651387,45.38600158691406,1802200
1997-01-09 14:00:00,0.008367942356434892,45.76578903198242,1415700
1997-01-10 14:00:00,0.010788493040933543,46.2595329284668,2369500
1997-01-13 14:00:00,-0.0014367518704038764,46.19306945800781,1364600
1997-01-14 14:00:00,0.012538198115884438,46.772247314453125,2111200
1997-01-15 14:00:00,-0.0024362485996321363,46.65829849243164,1583900
1997-01-16 14:00:00,0.004070739460983078,46.84823226928711,1308400
1997-01-17 14:00:00,0.006079806478031929,47.133060455322266,1604000
1997-01-20 14:00:00,0.0012090016477483295,47.19004440307617,1889900
1997-01-21 14:00:00,0.008047880023801619,47.56982421875,2785800
1997-01-22 14:00:00,0.0071858031471007874,47.911651611328125,1201600
1997-01-23 14:00:00,-0.01387272614936983,47.246986389160156,2601100
1997-01-24 14:00:00,-0.012861073024502657,46.639339447021484,2176000
1997-01-27 14:00:00,-0.002850021629737982,46.50641632080078,2108500
1997-01-28 14:00:00,0.0028581674688456056,46.639339447021484,4376000
1997-01-29 14:00:00,0.009771292409765469,47.09506607055664,1122700
1997-01-30 14:00:00,0.012903451561107688,47.702754974365234,2126300
1997-01-31 14:00:00,-0.0011939232903086456,47.64580154418945,3208100
1997-02-03 14:00:00,0.0029890966905605984,47.7882194519043,755000
1997-02-04 14:00:00,0.006159301275324998,48.08256149291992,654100
1997-02-05 14:00:00,-0.018759726146619218,47.180545806884766,2255400
1997-02-06 14:00:00,0.006640876118613882,47.493865966796875,2483100
1997-02-07 14:00:00,0.013594927387698479,48.13954162597656,2321000
1997-02-10 14:00:00,-0.009467655274871603,47.683773040771484,1670000
1997-02-11 14:00:00,0.01154934614078463,48.23448944091797,1664300
1997-02-12 14:00:00,0.01417269740822446,48.9181022644043,2675400
1997-02-13 14:00:00,0.010869657608280741,49.449825286865234,1104800
1997-02-14 14:00:00,-0.0023036378609077005,49.33591079711914,1112900
1997-02-18 14:00:00,0.008467876218200521,49.75368118286133,833100
1997-02-19 14:00:00,-0.006679328224394023,49.42136001586914,648100
1997-02-20 14:00:00,-0.012103573204704437,48.823184967041016,1193900
1997-02-21 14:00:00,0.0003892581319750709,48.84218978881836,1844400
1997-02-24 14:00:00,0.011857990592865946,49.42136001586914,787300
1997-02-25 14:00:00,0.0007682443759656604,49.459327697753906,1653900
1997-02-26 14:00:00,-0.009790855184071285,48.97507858276367,1597800
1997-02-27 14:00:00,-0.014927573833843659,48.24399948120117,1813100
1997-02-28 14:00:00,-0.002952587101556709,48.10155487060547,2961200
1997-03-03 14:00:00,0.006712064062002608,48.424415588378906,1210400
1997-03-04 14:00:00,-0.0054909458436431845,48.15851974487305,1478700
1997-03-05 14:00:00,0.016955646523532437,48.97507858276367,1254800
1997-03-06 14:00:00,-0.00581585592049802,48.69024658203125,1528500
1997-03-07 14:00:00,0.008970094930560168,49.12700271606445,1859300
1997-03-10 14:00:00,0.010437285089882252,49.63975524902344,1074900
1997-03-11 14:00:00,-0.0053562025715674245,49.37387466430664,624600
1997-03-12 14:00:00,-0.008846049988932297,48.937110900878906,1055600
1997-03-13 14:00:00,-0.015521995046992768,48.17750930786133,2514100
1997-03-14 14:00:00,0.005124928292573426,48.424415588378906,1642700
1997-03-17 14:00:00,0.002744409441499523,48.55731201171875,3013500
1997-03-18 14:00:00,-0.010754805087717754,48.03508758544922,1352500
1997-03-19 14:00:00,-0.0033603581925507322,47.87367248535156,1510000
1997-03-20 14:00:00,-0.005156179431123821,47.626827239990234,1808200
1997-03-21 14:00:00,0.004629603301923327,47.847320556640625,2810600
1997-03-24 14:00:00,0.013944157039431429,48.51451110839844,2145600
1997-03-25 14:00:00,-0.009823406397401813,48.037933349609375,2125800
1997-03-26 14:00:00,0.00436493516641499,48.247615814208984,1335300
1997-03-27 14:00:00,-0.026471512132957585,46.970428466796875,2898500
1997-03-31 14:00:00,-0.021104008960923952,45.979164123535156,4270700
1997-04-01 14:00:00,0.006426778300996867,46.274662017822266,3210900
1997-04-02 14:00:00,-0.017920016487196662,45.44541931152344,2672700
1997-04-03 14:00:00,0.005453006754499446,45.693233489990234,2284200
1997-04-04 14:00:00,0.012515729607945496,46.26511764526367,3706700
1997-04-07 13:00:00,0.00391453813586818,46.446224212646484,2596200
1997-04-08 13:00:00,0.007181905383053433,46.7797966003418,1822700
1997-04-09 13:00:00,-0.008149690089156501,46.398555755615234,2453200
1997-04-10 13:00:00,-0.003697658401807499,46.22698974609375,1996500
1997-04-11 13:00:00,-0.031752429088057164,44.75917053222656,4221600
1997-04-14 13:00:00,0.013415267321824938,45.35962677001953,3988500
1997-04-15 13:00:00,0.017020619550282515,46.131675720214844,2760400
1997-04-16 13:00:00,0.011570111390406233,46.66542434692383,2273300
1997-04-17 13:00:00,-0.004084913824920843,46.47480010986328,1386000
1997-04-18 13:00:00,0.004922314453886493,46.70356369018555,1702100
1997-04-21 13:00:00,-0.0065307207945334575,46.398555755615234,2809400
1997-04-22 13:00:00,0.021980164107793874,47.41840362548828,3215000
1997-04-23 13:00:00,0.0010055146837001075,47.46608352661133,2047700
1997-04-24 13:00:00,-0.005019871093259323,47.22780990600586,2689900
1997-04-25 13:00:00,-0.011503747792796842,46.684513092041016,1606200
1997-04-28 13:00:00,0.009799996976646226,47.14202117919922,1666500
1997-04-29 13:00:00,0.0315402219679919,48.62889099121094,3197400
1997-04-30 13:00:00,0.00470356702331984,48.85762023925781,3372200
1997-05-01 13:00:00,-0.0011704648410819339,48.80043411254883,2149500
1997-05-02 13:00:00,0.017969565709178355,49.6773567199707,1448300
1997-05-05 13:00:00,0.02379075610048085,50.85921859741211,3636200
1997-05-06 13:00:00,-0.0007495252744077809,50.82109832763672,1721100
1997-05-07 13:00:00,-0.02175531430189321,49.71546936035156,2327200
1997-05-08 13:00:00,0.006901686323509055,50.058589935302734,2923700
1997-05-09 13:00:00,0.006854379545940696,50.401710510253906,2558200
1997-05-12 13:00:00,0.016641657532643694,51.240478515625,2357900
1997-05-13 13:00:00,-0.004092050971741129,51.030799865722656,1195100
1997-05-14 13:00:00,0.0018674754724715935,51.1260986328125,2772000
1997-05-15 13:00:00,0.006711036829224616,51.469207763671875,884100
1997-05-16 13:00:00,-0.013703104516161165,50.763919830322266,1934200
1997-05-19 13:00:00,0.0030044057253012352,50.91643524169922,1375800
1997-05-20 13:00:00,0.011980351585075728,51.526432037353516,1756400
1997-05-21 13:00:00,-0.00221945911650291,51.412071228027344,1208000
1997-05-22 13:00:00,-0.003337595788375859,51.240478515625,907600
1997-05-23 13:00:00,0.009300433936373469,51.717037200927734,644400
1997-05-27 13:00:00,0.004054786380573552,51.92673873901367,1531000
1997-05-28 13:00:00,-0.00018358419377557754,51.917205810546875,716700
1997-05-29 13:00:00,-0.005875185087434158,51.6121826171875,1282700
1997-05-30 13:00:00,0.00646349871217837,51.945777893066406,2143300
1997-06-02 13:00:00,-0.004403451087199978,51.717037200927734,1479100
1997-06-03 13:00:00,-0.00331688193919871,51.54549789428711,1562100
1997-06-04 13:00:00,-0.0011095781094366832,51.488304138183594,1063100
1997-06-05 13:00:00,0.0037018377681544896,51.67890548706055,1180800
1997-06-06 13:00:00,0.01955022083711791,52.689239501953125,1511100
1997-06-09 13:00:00,0.005064881921505733,52.95610427856445,1823400
1997-06-10 13:00:00,0.0030601943146312256,53.118160247802734,1217500
1997-06-11 13:00:00,0.0023326331579770977,53.2420654296875,1673800
1997-06-12 13:00:00,0.01933426227591314,54.271461486816406,4273300
1997-06-13 13:00:00,0.008429080101424494,54.728919982910156,2132900
1997-06-16 13:00:00,0.00034850836329459735,54.74799346923828,800400
1997-06-17 13:00:00,-0.0013920845649392573,54.67177963256836,2048100
1997-06-18 13:00:00,-0.0034874701356325992,54.48111343383789,1971900
1997-06-19 13:00:00,0.010321878109049519,55.043460845947266,2029900
1997-06-20 13:00:00,-0.0034067456988423495,54.85594177246094,1396900
1997-06-23 13:00:00,-0.024245425432102407,53.525936126708984,3991500
1997-06-24 13:00:00,0.025384308437948522,54.8846549987793,4895100
1997-06-25 13:00:00,-0.006973256222006004,54.501930236816406,4708900
1997-06-26 13:00:00,-0.004916375698397338,54.233978271484375,2569900
1997-06-27 13:00:00,0.0038820823807254245,54.44451904296875,2617900
1997-06-30 13:00:00,-0.0066781789401346835,54.080928802490234,2384900
1997-07-01 13:00:00,0.011676102495938666,54.71238327026367,1749000
1997-07-02 13:00:00,0.01644006427599942,55.61185836791992,1961800
1997-07-03 13:00:00,0.013764416532363308,56.377323150634766,2539100
1997-07-07 13:00:00,-0.010183181149818421,55.80322265625,1158600
1997-07-08 13:00:00,0.010459459902874392,56.38689422607422,3396500
1997-07-09 13:00:00,-0.011029608254542203,55.76496887207031,5390300
1997-07-10 13:00:00,0.004461142670920286,56.01374435424805,2072200
1997-07-11 13:00:00,0.003415631803690454,56.2050666809082,2258900
1997-07-14 13:00:00,0.0030647854348169424,56.377323150634766,3186400
1997-07-15 13:00:00,0.0050919627251602055,56.66439437866211,2983100
1997-07-16 13:00:00,0.013171129491657966,57.410728454589844,2621300
1997-07-17 13:00:00,-0.005000173423332734,57.12366485595703,1794800
1997-07-18 13:00:00,-0.02127258470428577,55.90849685668945,3961900
1997-07-21 13:00:00,0.00017071416860050612,55.91804122924805,3810300
1997-07-22 13:00:00,0.02652303473617736,57.40115737915039,4243400
1997-07-23 13:00:00,-0.0008340328465394847,57.3532829284668,3204300
1997-07-24 13:00:00,0.004671822121702962,57.6212272644043,4152700
1997-07-25 13:00:00,-0.0006643469581946022,57.58294677734375,2364800
1997-07-28 13:00:00,-0.0006646561144917689,57.544673919677734,2794700
1997-07-29 13:00:00,0.003325822335591715,57.73605728149414,2737100
1997-07-30 13:00:00,0.011931884966403726,58.424957275390625,4839800
1997-07-31 13:00:00,-0.0009825831601347423,58.367549896240234,2138700
1997-08-01 13:00:00,-0.0039340676046061415,58.1379280090332,7077700
1997-08-04 13:00:00,0.0026329173126698065,58.29100036621094,2339500
1997-08-05 13:00:00,0.0006571715994020144,58.329307556152344,1466700
1997-08-06 13:00:00,0.008201859982925545,58.807716369628906,2478200
1997-08-07 13:00:00,-0.007484842135716644,58.367549896240234,3641900
1997-08-08 13:00:00,-0.020327497370545653,57.18108367919922,7113100
1997-08-11 13:00:00,0.007362666496238278,57.602088928222656,6355900
1997-08-12 13:00:00,-0.015947306636630548,56.68349075317383,6132500
1997-08-13 13:00:00,-0.003038110234058451,56.51128005981445,6982300
1997-08-14 13:00:00,0.0037253040061244382,56.7218017578125,3462700
1997-08-15 13:00:00,-0.030702091829597666,54.980323791503906,4907100
1997-08-18 13:00:00,0.022276021764600012,56.2050666809082,5638900
1997-08-19 13:00:00,0.011577037619772901,56.85575485229492,3802800
1997-08-20 13:00:00,0.015146538990680266,57.716922760009766,3564600
1997-08-21 13:00:00,-0.017573195762499303,56.70265197753906,5392600
1997-08-22 13:00:00,-0.0003379246595525105,56.68349075317383,8087800
1997-08-25 13:00:00,-0.0037134477362464843,56.472999572753906,3888000
1997-08-26 13:00:00,-0.014740282698162896,55.64057159423828,4290000
1997-08-27 13:00:00,0.006018576095915477,55.97544860839844,5484300
1997-08-28 13:00:00,-0.01521389256971759,55.123844146728516,4287900
1997-08-29 13:00:00,0.003992627186057672,55.34393310546875,2652300
1997-09-02 13:00:00,0.03250361178046992,57.1428108215332,7294000
1997-09-03 13:00:00,-0.0053586717175206754,56.83660125732422,2812500
1997-09-04 13:00:00,0.00639744998682495,57.20021057128906,2473700
1997-09-05 13:00:00,-0.0028439397087982867,57.03753662109375,3663300
1997-09-08 13:00:00,0.004361676741540691,57.28631591796875,803500
1997-09-09 13:00:00,0.0005013563056492847,57.31503677368164,1885200
1997-09-10 13:00:00,-0.020701183703495947,56.12854766845703,3623700
1997-09-11 13:00:00,-0.005114123770657702,55.84149932861328,7055900
1997-09-12 13:00:00,0.01610668951780215,56.74092102050781,6708000
1997-09-15 13:00:00,-0.0016863995946832292,56.645233154296875,2060500
1997-09-16 13:00:00,0.025000188562245205,58.06137466430664,6979000
1997-09-17 13:00:00,0.0,58.06137466430664,2220000
1997-09-18 13:00:00,0.004284895555917204,58.31016159057617,5045400
1997-09-19 13:00:00,0.001691847240606375,58.4088134765625,1566400
1997-09-22 13:00:00,0.005590496567290511,58.735347747802734,3259000
1997-09-23 13:00:00,-0.004578388983029877,58.466434478759766,1872800
1997-09-24 13:00:00,-0.008213158474223776,57.98624038696289,2793100
1997-09-25 13:00:00,-0.006956040641429088,57.5828857421875,6327800
1997-09-26 13:00:00,0.008338650764544146,58.06304931640625,3995800
1997-09-29 13:00:00,0.009593663441272778,58.620086669921875,2065000
1997-09-30 13:00:00,-0.010485130902099734,58.00544738769531,4137600
1997-10-01 13:00:00,0.013244766134982882,58.77371597290039,3567500
1997-10-02 13:00:00,0.005556111934068129,59.10026931762695,2577500
1997-10-03 13:00:00,0.005037184737846614,59.39796829223633,6499900
1997-10-06 13:00:00,0.0066290659946575715,59.79172134399414,2272100
1997-10-07 13:00:00,0.009314764456721787,60.34866714477539,1832800
1997-10-08 13:00:00,-0.007001182866719498,59.92615509033203,4439400
1997-10-09 13:00:00,-0.003525431652445987,59.71488952636719,3607600
1997-10-10 13:00:00,-0.00289486964909703,59.542022705078125,2858100
1997-10-13 13:00:00,0.0009673523235675959,59.5996208190918,1760300
1997-10-14 13:00:00,0.0003224591794393166,59.618839263916016,2235700
1997-10-15 13:00:00,-0.0022547590426625443,59.484413146972656,2601700
1997-10-16 13:00:00,-0.015821802981527796,58.54326248168945,9488100
1997-10-17 13:00:00,-0.01017074282430206,57.94783401489258,8151300
1997-10-20 13:00:00,0.014252162691629872,58.77371597290039,3636400
1997-10-21 13:00:00,0.019444574434369127,59.91654586791992,5225400
1997-10-22 13:00:00,-0.0065709911074611615,59.52283477783203,4485200
1997-10-23 13:00:00,-0.019683977124698642,58.35118865966797,8054100
1997-10-24 13:00:00,-0.009875059605473545,57.774967193603516,6778700
1997-10-27 14:00:00,-0.07247308268188524,53.58783721923828,10840700
1997-10-28 14:00:00,0.057705479817735675,56.68014907836914,19548000
1997-10-29 14:00:00,-0.002710325856263689,56.526527404785156,10134400
1997-10-30 14:00:00,-0.022086719678447088,55.27804183959961,9772900
1997-10-31 14:00:00,0.02362746256989,56.58412170410156,7072700
1997-11-03 14:00:00,0.021045576985877883,57.774967193603516,5548500
1997-11-04 14:00:00,0.0,57.774967193603516,3455700
1997-11-05 14:00:00,0.003324516332096673,57.967041015625,4774900
1997-11-06 14:00:00,-0.003810614468081522,57.746150970458984,3679800
1997-11-07 14:00:00,-0.010809689937254452,57.12193298339844,10606800
1997-11-10 14:00:00,-0.006052354681113587,56.77621078491211,4347900
1997-11-11 14:00:00,0.0003378899768690829,56.79539489746094,3212400
1997-11-12 14:00:00,-0.02062897637194487,55.62376403808594,6775300
1997-11-13 14:00:00,0.01450316690345176,56.430484771728516,8589600
1997-11-14 14:00:00,0.013614357091128704,57.19874954223633,5827900
1997-11-17 14:00:00,0.018468606989491813,58.255130767822266,5149900
1997-11-18 14:00:00,-0.006264327183011352,57.890201568603516,3433600
1997-11-19 14:00:00,0.0049770786189302025,58.17832565307617,4387900
1997-11-20 14:00:00,0.01518611871839531,59.06182861328125,4822700
1997-11-21 14:00:00,0.0068299439167731945,59.46521759033203,5436500
1997-11-24 14:00:00,-0.018088328217366063,58.389591217041016,4337200
1997-11-25 14:00:00,0.0026318263485905088,58.54326248168945,4525000
1997-11-26 14:00:00,0.002952804711611861,58.716129302978516,2681100
1997-11-28 14:00:00,0.0009807640695238026,58.77371597290039,1564700
1997-12-01 14:00:00,0.02581692934403233,60.291072845458984,4850900
1997-12-02 14:00:00,-0.0060526001264288014,59.92615509033203,1974900
1997-12-03 14:00:00,0.0028846003273733326,60.09901809692383,3302500
1997-12-04 14:00:00,-0.0009584504129175757,60.04141616821289,2872500
1997-12-05 14:00:00,0.012795326305535685,60.80966567993164,3458800
1997-12-08 14:00:00,-0.00284237598041113,60.63682174682617,2289200
1997-12-09 14:00:00,-0.006018654620885467,60.27186965942383,1703000
1997-12-10 14:00:00,-0.008604226771179505,59.75327682495117,3558400
1997-12-11 14:00:00,-0.017035535643183018,58.735347747802734,5072800
1997-12-12 14:00:00,0.001961535791208732,58.85055923461914,4478400
1997-12-15 14:00:00,0.010117051431029405,59.445953369140625,4674700
1997-12-16 14:00:00,0.006139225072833913,59.81090545654297,2885800
1997-12-17 14:00:00,-0.005138187405247888,59.50358581542969,2236300
1997-12-18 14:00:00,-0.009683362024111537,58.927391052246094,4658300
1997-12-19 14:00:00,-0.007474496457735257,58.4869384765625,8556000
1997-12-22 14:00:00,0.006429689538220715,58.86299133300781,5136800
1997-12-23 14:00:00,-0.017854805198508416,57.81200408935547,4436500
1997-12-24 14:00:00,-0.003001635756218876,57.63847351074219,2019200
1997-12-26 14:00:00,0.004015134768802309,57.86989974975586,941800
1997-12-29 14:00:00,0.01966006222575018,59.007625579833984,2080000
1997-12-30 14:00:00,0.015685688879234858,59.93320083618164,3616000
1997-12-31 14:00:00,-0.0006438111481358214,59.894615173339844,4359500
1998-01-02 14:00:00,0.005151896559037524,60.20318603515625,2360900
1998-01-05 14:00:00,0.0022419981771527693,60.33816146850586,4191800
1998-01-06 14:00:00,-0.01597928898931909,59.374000549316406,3154900
1998-01-07 14:00:00,0.0025979569711609813,59.52825164794922,4424200
1998-01-08 14:00:00,-0.00874586526065343,59.007625579833984,3831000
1998-01-09 14:00:00,-0.03464105590104273,56.963539123535156,10258800
1998-01-12 14:00:00,0.018280345417591652,58.004852294921875,12097900
1998-01-13 14:00:00,0.013962662762146427,58.814754486083984,5224900
1998-01-14 14:00:00,0.0045904980141633755,59.08474349975586,3770400
1998-01-15 14:00:00,-0.008322448523960451,58.593013763427734,2875400
1998-01-16 14:00:00,0.014316065299518411,59.43183517456055,4374800
1998-01-20 14:00:00,0.0162238050940522,60.39604568481445,5091700
1998-01-21 14:00:00,-0.009578611941630552,59.817535400390625,4699400
1998-01-22 14:00:00,-0.008865295716904384,59.287235260009766,4543400
1998-01-23 14:00:00,-0.0014637950717783978,59.2004508972168,6350300
1998-01-26 14:00:00,-0.0006517154440515437,59.161869049072266,4362900
1998-01-27 14:00:00,0.010104824130666922,59.75968933105469,7044200
1998-01-28 14:00:00,0.00903461102524735,60.29959487915039,4268600
1998-01-29 14:00:00,0.005436138280731594,60.62739181518555,8007700
1998-01-30 14:00:00,0.0006367540343118561,60.66599655151367,3649100
1998-02-02 14:00:00,0.01652953831319895,61.66877746582031,5756300
1998-02-03 14:00:00,0.0075037887925968536,62.131526947021484,2759600
1998-02-04 14:00:00,-0.0012406517501527407,62.054443359375,3374000
1998-02-05 14:00:00,-0.0006224795908330874,62.01581573486328,5076200
1998-02-06 14:00:00,0.011194326851191056,62.71004104614258,5701200
1998-02-09 14:00:00,-0.0033824924671792384,62.4979248046875,2322200
1998-02-10 14:00:00,0.00956495381682595,63.0957145690918,3660400
1998-02-11 14:00:00,-0.0009172823750285895,63.037837982177734,4073200
1998-02-12 14:00:00,0.004283633195322164,63.30786895751953,5024700
1998-02-13 14:00:00,-0.0057882191482677104,62.941429138183594,2101300
1998-02-17 14:00:00,0.004902265602357568,63.24998474121094,3055500
1998-02-18 14:00:00,0.009145867062502668,63.828460693359375,3007400
1998-02-19 14:00:00,-0.00528655802854464,63.49102783203125,3387800
1998-02-20 14:00:00,0.0074415734106746826,63.9635009765625,3707000
1998-02-23 14:00:00,0.003918379011773148,64.2141342163086,3227800
1998-02-24 14:00:00,-0.007807536824220966,63.7127799987793,3386800
1998-02-25 14:00:00,0.01240893039681718,64.50338745117188,3481800
1998-02-26 14:00:00,0.005680111201160837,64.8697738647461,3187600
1998-02-27 14:00:00,0.0,64.8697738647461,3442900
1998-03-02 14:00:00,-0.002080184545664855,64.73483276367188,4252300
1998-03-03 14:00:00,0.00565968534308616,65.10121154785156,3349200
1998-03-04 14:00:00,-0.0065165067258131015,64.6769790649414,4404100
1998-03-05 14:00:00,-0.009243228507618132,64.07915496826172,7268000
1998-03-06 14:00:00,0.020163036405717216,65.37118530273438,6896300
1998-03-09 14:00:00,-0.0035397788040892907,65.13978576660156,3362800
1998-03-10 14:00:00,0.009473176511319627,65.75686645507812,5481900
1998-03-11 14:00:00,0.0046914426508118685,66.06536102294922,3439600
1998-03-12 14:00:00,0.004086464536068021,66.33533477783203,3191300
1998-03-13 14:00:00,-0.003779426674050471,66.08462524414062,2879400
1998-03-16 14:00:00,0.010797123568607332,66.79814910888672,3223600
1998-03-17 14:00:00,0.002886572316157621,66.990966796875,4581900
1998-03-18 14:00:00,0.0037425517957688733,67.24168395996094,1944100
1998-03-19 14:00:00,0.002580926401332864,67.41522979736328,2554800
1998-03-20 14:00:00,0.008610667263903495,67.99571990966797,3123300
1998-03-23 14:00:00,-0.0022754979475075837,67.84099578857422,4453100
1998-03-24 14:00:00,0.008551791458779776,68.42115783691406,3333600
1998-03-25 14:00:00,-0.003673911681161379,68.16978454589844,4597600
1998-03-26 14:00:00,-0.0005677576761442169,68.1310806274414,3333500
1998-03-27 14:00:00,-0.004257746041831443,67.84099578857422,2611300
1998-03-30 14:00:00,-0.0005703968317784809,67.80229949951172,3108700
1998-03-31 14:00:00,0.0034230964546685867,68.03439331054688,5926500
1998-04-01 14:00:00,0.0081009002171484,68.58553314208984,2929000
1998-04-02 14:00:00,0.0108560484548719,69.3301010131836,3920900
1998-04-03 14:00:00,0.00502099923684157,69.67820739746094,3787600
1998-04-06 13:00:00,-0.008049065013793048,69.11736297607422,4550500
1998-04-07 13:00:00,-0.0067152713257274165,68.6532211303711,5583700
1998-04-08 13:00:00,-0.005634151857278673,68.26641845703125,4854800
1998-04-09 13:00:00,0.007932997281124243,68.80797576904297,4481200
1998-04-13 13:00:00,-0.0028112390574399097,68.61454010009766,4350200
1998-04-14 13:00:00,0.008455602941920477,69.19471740722656,3279100
1998-04-15 13:00:00,0.0027949752411657106,69.38811492919922,3867200
1998-04-16 13:00:00,-0.011705979622069176,68.57585906982422,7177900
1998-04-17 13:00:00,0.013254676178953371,69.48480987548828,5688800
1998-04-20 13:00:00,-0.0002782318290404856,69.4654769897461,3688300
1998-04-21 13:00:00,0.0047324656102995955,69.79421997070312,4573200
1998-04-22 13:00:00,0.002771076909353975,69.98762512207031,2386100
1998-04-23 13:00:00,-0.009671313353430532,69.31075286865234,5062000
1998-04-24 13:00:00,-0.010602882935361975,68.57585906982422,11039700
1998-04-27 13:00:00,-0.018893960254217253,67.28018951416016,14510200
1998-04-28 13:00:00,-0.0014379916696046027,67.18344116210938,6511400
1998-04-29 13:00:00,0.00690868861536421,67.64759063720703,7703100
1998-04-30 13:00:00,0.018582776803784496,68.90467071533203,8684500
1998-05-01 13:00:00,0.011226186470357604,69.67820739746094,4008800
1998-05-04 13:00:00,-0.0024974646501830424,69.50418853759766,4537200
1998-05-05 13:00:00,-0.006957039657178724,69.02064514160156,5146400
1998-05-06 13:00:00,-0.011767860762972116,68.20841979980469,5526100
1998-05-07 13:00:00,-0.007938736142110246,67.66693115234375,6940400
1998-05-08 13:00:00,0.016290234563502624,68.76924133300781,7951000
1998-05-11 13:00:00,-0.0033740778781506686,68.5372085571289,6336300
1998-05-12 13:00:00,0.010722329600373314,69.27208709716797,6045200
1998-05-13 13:00:00,0.0025122166308300413,69.44611358642578,4441500
1998-05-14 13:00:00,-0.005012391730965353,69.0980224609375,4187500
1998-05-15 13:00:00,-0.0055982146485034035,68.71119689941406,6716100
1998-05-18 13:00:00,-0.003939656993016078,68.44049835205078,4847200
1998-05-19 13:00:00,0.006782130090485254,68.90467071533203,5918700
1998-05-20 13:00:00,0.009542075805353125,69.56216430664062,5716600
1998-05-21 13:00:00,-0.006394299760508517,69.11736297607422,6301500
1998-05-22 13:00:00,-0.00391705763470253,68.84662628173828,4862200
1998-05-26 13:00:00,-0.01601187517765392,67.7442626953125,6899300
1998-05-27 13:00:00,0.0014279156553343387,67.84099578857422,10202600
1998-05-28 13:00:00,0.004561037915307541,68.15042114257812,4907600
1998-05-29 13:00:00,-0.009932145267252177,67.47354125976562,4772600
1998-06-01 13:00:00,0.004586216113900984,67.78298950195312,6092200
1998-06-02 13:00:00,0.000855764654927507,67.84099578857422,6701100
1998-06-03 13:00:00,-0.015963464013661634,66.75801849365234,6445100
1998-06-04 13:00:00,0.01854011613800837,67.99571990966797,6566300
1998-06-05 13:00:00,0.019339937289161595,69.31075286865234,8463200
1998-06-08 13:00:00,-0.001116492687319635,69.23336791992188,4159900
1998-06-09 13:00:00,0.003072877615169271,69.44611358642578,2725300
1998-06-10 13:00:00,-0.006404435909005068,69.00135040283203,6186900
1998-06-11 13:00:00,-0.018778004996602773,67.70564270019531,8056600
1998-06-12 13:00:00,0.009425517285054372,68.34380340576172,9779000
1998-06-15 13:00:00,-0.026315592647834177,66.54529571533203,10234200
1998-06-16 13:00:00,0.01540260655967944,67.57026672363281,7471500
1998-06-17 13:00:00,0.02089296420623334,68.98200988769531,12057700
1998-06-18 13:00:00,-0.004485484332989368,68.67259216308594,3844600
1998-06-19 13:00:00,-0.005010746519240969,68.3284912109375,3549100
1998-06-22 13:00:00,0.004826622563408111,68.65828704833984,5438300
1998-06-23 13:00:00,0.011867860390375611,69.47311401367188,5004600
1998-06-24 13:00:00,0.013403938950008675,70.40432739257812,8291900
1998-06-25 13:00:00,-0.0016526810255183227,70.28797149658203,5854800
1998-06-26 13:00:00,0.004140116153801484,70.57897186279297,4833100
1998-06-29 13:00:00,0.0035729392308468115,70.83114624023438,5953400
1998-06-30 13:00:00,-0.006847278861005732,70.34614562988281,4284800
1998-07-01 13:00:00,0.011582673655509896,71.16094207763672,3489500
1998-07-02 13:00:00,0.0019081810878647809,71.2967300415039,3503900
1998-07-06 13:00:00,0.0100680523980458,72.0145492553711,3144400
1998-07-07 13:00:00,-0.001885668863664944,71.87875366210938,4920700
1998-07-08 13:00:00,0.007287535509991623,72.40257263183594,6875000
1998-07-09 13:00:00,-0.006698981554170464,71.91754913330078,6942500
1998-07-10 13:00:00,0.0053957103561633486,72.30559539794922,7849700
1998-07-13 13:00:00,0.0002679050301464382,72.32496643066406,6555100
1998-07-14 13:00:00,0.011266086610888989,73.13978576660156,6983600
1998-07-15 13:00:00,-0.0018566583404422308,73.00399017333984,4977500
1998-07-16 13:00:00,0.006909031967401483,73.50837707519531,6315600
1998-07-17 13:00:00,0.0013198905228809048,73.60540008544922,3539500
1998-07-20 13:00:00,0.0,73.60540008544922,2338400
1998-07-21 13:00:00,-0.0173959200452506,72.32496643066406,5518600
1998-07-22 13:00:00,0.0,72.32496643066406,10417300
1998-07-23 13:00:00,-0.019850148389550893,70.8893051147461,15110900
1998-07-24 13:00:00,-0.0008204181775738805,70.83114624023438,11540500
1998-07-27 13:00:00,0.007121406982781092,71.33556365966797,9600000
1998-07-28 13:00:00,-0.016862181614197502,70.1326904296875,13693000
1998-07-29 13:00:00,-0.0038723158354611706,69.86111450195312,7462400
1998-07-30 13:00:00,0.014995572706554971,70.90872192382812,6821600
1998-07-31 13:00:00,-0.021340525242335283,69.39549255371094,7680500
1998-08-03 13:00:00,-0.004193141322495225,69.10450744628906,10486500
1998-08-04 13:00:00,-0.038742651804559804,66.42721557617188,15091600
1998-08-05 13:00:00,0.013726939151104407,67.33905792236328,21718400
1998-08-06 13:00:00,0.00432153351389291,67.63006591796875,13084400
1998-08-07 13:00:00,0.0017211527267246725,67.74646759033203,12083800
1998-08-10 13:00:00,-0.0057269052379791355,67.35848999023438,6273000
1998-08-11 13:00:00,-0.014977553038845997,66.34962463378906,14287100
1998-08-12 13:00:00,0.016958854390773014,67.47483825683594,11158400
1998-08-13 13:00:00,-0.0120758990608614,66.66001892089844,9073900
1998-08-14 13:00:00,-0.011641518819053382,65.88399505615234,8628500
1998-08-17 13:00:00,0.02120213114467445,67.28087615966797,11290000
1998-08-18 13:00:00,0.018453641202457658,68.52245330810547,7603900
1998-08-19 13:00:00,-0.0025478281443542888,68.34786987304688,6258600
1998-08-20 13:00:00,-0.0059610479085096015,67.94044494628906,7402800
1998-08-21 13:00:00,-0.007995539629582632,67.39722442626953,16685400
1998-08-24 13:00:00,0.006333337446282152,67.8240737915039,7201700
1998-08-25 13:00:00,0.0022889058595787527,67.97931671142578,9688300
1998-08-26 13:00:00,-0.005708411217051049,67.59126281738281,9339700
1998-08-27 13:00:00,-0.04707245091667286,64.40957641601562,24887800
1998-08-28 13:00:00,-0.0036147766507010183,64.17675018310547,23735900
1998-08-31 13:00:00,-0.07134160150503312,59.5982780456543,22563100
1998-09-01 13:00:00,0.04231760819763724,62.12033462524414,24748500
1998-09-02 13:00:00,-0.007182608856915419,61.67414855957031,13843200
1998-09-03 13:00:00,-0.007864229911004219,61.18912887573242,17311300
1998-09-04 13:00:00,-0.00824389073987914,60.6846923828125,17783800
1998-09-08 13:00:00,0.053708330735080835,63.943965911865234,14746500
1998-09-09 13:00:00,-0.024271877384597202,62.39192581176758,12109700
1998-09-10 13:00:00,-0.01990050055427265,61.15029525756836,19889300
1998-09-11 13:00:00,0.0323602044967297,63.12913131713867,20379800
1998-09-14 13:00:00,0.01720939785628346,64.21554565429688,10686800
1998-09-15 13:00:00,0.006042752285294041,64.60358428955078,8337900
1998-09-16 13:00:00,0.00900868132051115,65.18557739257812,11024900
1998-09-17 13:00:00,-0.028571206193255528,63.32314682006836,12945200
1998-09-18 13:00:00,0.004454034128036493,63.60519027709961,7019200
1998-09-21 13:00:00,-0.0006116811732283601,63.5662841796875,8834600
1998-09-22 13:00:00,0.008269921361152986,64.09197235107422,7270100
1998-09-23 13:00:00,0.04009671617585422,66.66184997558594,13688500
1998-09-24 13:00:00,-0.024532984370132332,65.02643585205078,11129500
1998-09-25 13:00:00,-0.0011972106540484762,64.9485855102539,10247400
1998-09-28 13:00:00,0.008992896814391173,65.53266143798828,8847800
1998-09-29 13:00:00,-0.0023767398719622347,65.37690734863281,10618100
1998-09-30 13:00:00,-0.030375365762633617,63.39105987548828,7908400
1998-10-01 13:00:00,-0.028869957405365618,61.56096267700195,13335600
1998-10-02 13:00:00,0.019291556854862273,62.74856948852539,14351800
1998-10-05 13:00:00,-0.020166925231019383,61.483123779296875,12807200
1998-10-06 13:00:00,-0.0009500272748164844,61.424713134765625,12621000
1998-10-07 13:00:00,-0.014897355130877176,60.509647369384766,14348500
1998-10-08 13:00:00,-0.005469781980994993,60.178672790527344,20625000
1998-10-09 13:00:00,0.02005809269297577,61.3857421875,12708500
1998-10-12 13:00:00,0.014589945353887272,62.28135681152344,9508500
1998-10-13 13:00:00,-0.003439155189136998,62.067161560058594,6256800
1998-10-14 13:00:00,0.009410938817373787,62.65127182006836,8176900
1998-10-15 13:00:00,0.05375934893907598,66.01936340332031,20541100
1998-10-16 13:00:00,0.00029491673109302937,66.03883361816406,16573900
1998-10-19 13:00:00,0.003538303957026942,66.27249908447266,7915900
1998-10-20 13:00:00,0.00587499938122153,66.66184997558594,14611600
1998-10-21 13:00:00,-0.0035046630032244913,66.42822265625,9178400
1998-10-22 13:00:00,0.01494726009776177,67.421142578125,8277500
1998-10-23 13:00:00,-0.012705861158688717,66.56449890136719,6237200
1998-10-26 14:00:00,0.007312078683816668,67.05122375488281,5838600
1998-10-27 14:00:00,-0.005807109214297076,66.66184997558594,10089700
1998-10-28 14:00:00,-0.0017522170524252813,66.5450439453125,5650600
1998-10-29 14:00:00,0.024283574587672458,68.16099548339844,9625600
1998-10-30 14:00:00,0.005426685790616922,68.5308837890625,9872800
1998-11-02 14:00:00,0.017045515269725066,69.69902801513672,6501400
1998-11-03 14:00:00,-0.0072624748634215345,69.19284057617188,6866000
1998-11-04 14:00:00,0.010691850390175851,69.9326400756836,8233600
1998-11-05 14:00:00,0.013640968989258484,70.88658905029297,6841500
1998-11-06 14:00:00,0.0030217687679597797,71.10079193115234,5224800
1998-11-09 14:00:00,-0.00711950857374511,70.59458923339844,6188700
1998-11-10 14:00:00,-0.0027575998808599266,70.39991760253906,14015200
1998-11-11 14:00:00,-0.006637472638726722,69.9326400756836,10922400
1998-11-12 14:00:00,-0.00111321897346679,69.85478973388672,5457400
1998-11-13 14:00:00,0.009754798134164817,70.53620910644531,5524600
1998-11-16 14:00:00,0.007452201232147458,71.06185913085938,6023700
1998-11-17 14:00:00,0.0,71.06185913085938,9058900
1998-11-18 14:00:00,0.006027128412255669,71.49015808105469,4567700
1998-11-19 14:00:00,0.008715035220639383,72.11319732666016,5249300
1998-11-20 14:00:00,0.007559018330577132,72.6583023071289,5562000
1998-11-23 14:00:00,0.023579853097647506,74.37157440185547,7151300
1998-11-24 14:00:00,-0.006282499511952722,73.90433502197266,5323700
1998-11-25 14:00:00,0.0,73.90433502197266,4393500
1998-11-27 14:00:00,0.0073757155234825495,74.44943237304688,4557900
1998-11-30 14:00:00,-0.028242399548442976,72.3468017578125,8705400
1998-12-01 14:00:00,0.012917288856267875,73.28132629394531,8950600
1998-12-02 14:00:00,-0.002922084344511735,73.06719207763672,7495500
1998-12-03 14:00:00,-0.016520618064222822,71.86007690429688,12145300
1998-12-04 14:00:00,0.026279976608594432,73.7485580444336,10339500
1998-12-07 14:00:00,0.004752041898660832,74.09901428222656,4290000
1998-12-08 14:00:00,-0.004467116254368427,73.76800537109375,10102600
1998-12-09 14:00:00,0.0018480864460560227,73.90433502197266,5327900
1998-12-10 14:00:00,-0.014620944050706587,72.82378387451172,5966600
1998-12-11 14:00:00,0.0020054144724042837,72.9698257446289,8198200
1998-12-14 14:00:00,-0.028815487927450215,70.8671646118164,9521400
1998-12-15 14:00:00,0.02582384770486207,72.69722747802734,9631500
1998-12-16 14:00:00,-0.0013386057573585798,72.59991455078125,7260000
1998-12-17 14:00:00,0.015955962158158584,73.75831604003906,6914700
1998-12-18 14:00:00,0.00424911948612124,74.07172393798828,4802400
1998-12-21 14:00:00,0.013977009761009912,75.10702514648438,8580700
1998-12-22 14:00:00,0.004420673298641628,75.43904876708984,5461100
1998-12-23 14:00:00,0.02097391905518911,77.02130126953125,7791000
1998-12-24 14:00:00,-0.004311594978116627,76.68921661376953,1507100
1998-12-28 14:00:00,-0.002547601133288545,76.49384307861328,4203600
1998-12-29 14:00:00,0.01583281643765171,77.7049560546875,3935800
1998-12-30 14:00:00,-0.008044226850928194,77.07987976074219,6810700
1998-12-31 14:00:00,0.0,77.07987976074219,6790500
1999-01-04 14:00:00,-0.0022804085988597064,76.90410614013672,9450400
1999-01-05 14:00:00,0.01142949263267022,77.7830810546875,8031000
1999-01-06 14:00:00,0.024108343704243102,79.6583023071289,7737700
1999-01-07 14:00:00,-0.004904332192028463,79.26763153076172,5504900
1999-01-08 14:00:00,0.0073932360562079975,79.85367584228516,6224400
1999-01-11 14:00:00,-0.009539982540621432,79.09187316894531,7578300
1999-01-12 14:00:00,-0.01802911815008204,77.6659164428711,7768800
1999-01-13 14:00:00,-0.007042359364260316,77.11896514892578,10810600
1999-01-14 14:00:00,-0.017477206729588253,75.7711410522461,11400700
1999-01-15 14:00:00,0.02603752212032956,77.74403381347656,7817700
1999-01-19 14:00:00,0.006533225594417151,78.251953125,6535100
1999-01-20 14:00:00,0.007987606077623862,78.87699890136719,6534400
1999-01-21 14:00:00,-0.02649825904288854,76.78689575195312,6937500
1999-01-22 14:00:00,-0.002289507037131685,76.61109161376953,7522300
1999-01-25 14:00:00,0.010199202933326455,77.39246368408203,5700300
1999-01-26 14:00:00,0.01817273980590468,78.79889678955078,6047000
1999-01-27 14:00:00,-0.011651642777839474,77.8807601928711,7399400
1999-01-28 14:00:00,0.016804684410354362,79.18952178955078,5961700
1999-01-29 14:00:00,0.007647264148498453,79.79510498046875,6456800
1999-02-01 14:00:00,-0.005875759066150717,79.32624816894531,9426800
1999-02-02 14:00:00,-0.006156124819066213,78.83790588378906,9194500
1999-02-03 14:00:00,0.010158957683219201,79.6388168334961,10290700
1999-02-04 14:00:00,-0.014962610717197691,78.44721221923828,7761100
1999-02-05 14:00:00,-0.01145344595867454,77.54872131347656,7516100
1999-02-08 14:00:00,0.002014665600731017,77.7049560546875,8528400
1999-02-09 14:00:00,-0.02237233704966861,75.96651458740234,8985700
1999-02-10 14:00:00,0.006428187853812206,76.45484161376953,6936700
1999-02-11 14:00:00,0.022993908147108562,78.21283721923828,9181800
1999-02-12 14:00:00,-0.011987596367482537,77.27525329589844,10676600
1999-02-16 14:00:00,-0.0060667680164192125,76.80644226074219,6915500
1999-02-17 14:00:00,-0.0010176639442210892,76.72827911376953,7858100
1999-02-18 14:00:00,0.007891971793775217,77.33381652832031,9048900
1999-02-19 14:00:00,0.004294368614655962,77.6659164428711,5312200
1999-02-22 14:00:00,0.02665919568181267,79.7364273071289,10695800
1999-02-23 14:00:00,-0.0004901823357728906,79.69734191894531,7770700
1999-02-24 14:00:00,-0.01764621978175566,78.29098510742188,7271000
1999-02-25 14:00:00,-0.009480833494774188,77.54872131347656,11633000
1999-02-26 14:00:00,-0.004030413402927414,77.23616790771484,9621300
1999-03-01 14:00:00,0.002782140838854234,77.4510498046875,7607200
1999-03-02 14:00:00,-0.00882781384411462,76.76732635498047,9651500
1999-03-03 14:00:00,0.0053439424403404195,77.17756652832031,7881400
1999-03-04 14:00:00,0.012654834240790018,78.15423583984375,8256400
1999-03-05 14:00:00,0.020120302636747654,79.72672271728516,10703100
1999-03-08 14:00:00,0.006492285458836562,80.24433135986328,4802200
1999-03-09 14:00:00,-0.002434257783364083,80.04899597167969,7893400
1999-03-10 14:00:00,0.008785303190508895,80.75225067138672,3950000
1999-03-11 14:00:00,0.01112707911740333,81.65078735351562,6583700
1999-03-12 14:00:00,-0.009569214806918845,80.86945343017578,5286500
1999-03-15 14:00:00,0.014250846791156107,82.02191162109375,5394400
1999-03-16 14:00:00,-0.003810422615074484,81.7093734741211,4547500
1999-03-17 14:00:00,-0.0043034372875487715,81.35774230957031,4524100
1999-03-18 14:00:00,0.01608715981155548,82.66655731201172,3506300
1999-03-19 14:00:00,-0.016997821281996547,81.26140594482422,5526700
1999-03-22 14:00:00,0.0019272196896187668,81.41801452636719,4603800
1999-03-23 14:00:00,-0.028859717857322907,79.06831359863281,9713800
1999-03-24 14:00:00,0.005695391639348407,79.51863861083984,6280900
1999-03-25 14:00:00,0.02043881858645201,81.14390563964844,6639600
1999-03-26 14:00:00,-0.007239489966522166,80.55646514892578,6159700
1999-03-29 14:00:00,0.02017550082173965,82.18173217773438,5863900
1999-03-30 14:00:00,-0.005242800502500807,81.75086975097656,5401400
1999-03-31 14:00:00,-0.016047875691187794,80.4389419555664,7413600
1999-04-01 14:00:00,0.007546408887621732,81.04596710205078,7683600
1999-04-05 13:00:00,0.023677152012871867,82.96490478515625,5791100
1999-04-06 13:00:00,-0.002359399748546491,82.76915740966797,5381300
1999-04-07 13:00:00,0.008042977239985661,83.43486785888672,6248600
1999-04-08 13:00:00,0.012673218437313545,84.49225616455078,5909100
1999-04-09 13:00:00,0.00023206320715505948,84.5118637084961,4365800
1999-04-12 13:00:00,0.010657625583645742,85.41255950927734,8213200
1999-04-13 13:00:00,-0.006418825219212349,84.86431121826172,10071400
1999-04-14 13:00:00,-0.016843869217280608,83.43486785888672,11551700
1999-04-15 13:00:00,-0.00375485496263479,83.12158203125,11150000
1999-04-16 13:00:00,-0.008481023068382746,82.4166259765625,6476200
1999-04-19 13:00:00,-0.015442519295512007,81.14390563964844,12487200
1999-04-20 13:00:00,0.012547935282831567,82.16209411621094,9049600
1999-04-21 13:00:00,0.02859919306537656,84.5118637084961,5772200
1999-04-22 13:00:00,0.009499384272419078,85.3146743774414,6897400
1999-04-23 13:00:00,-0.002525047250738104,85.09925079345703,4593100
1999-04-26 13:00:00,0.005752667913379879,85.58879852294922,3606500
1999-04-27 13:00:00,0.004804740827371717,86.00003051757812,5147200
1999-04-28 13:00:00,-0.01366157934088442,84.82513427734375,5544300
1999-04-29 13:00:00,-0.007617779856451584,84.178955078125,9824300
1999-04-30 13:00:00,-0.008141656539935092,83.49359893798828,10991900
1999-05-03 13:00:00,0.01829321837375806,85.02096557617188,10709700
1999-05-04 13:00:00,-0.014279153342448062,83.80693817138672,10509300
1999-05-05 13:00:00,0.007944018353456244,84.47270202636719,10032300
1999-05-06 13:00:00,-0.0061431505727146465,83.95377349853516,13507200
1999-05-07 13:00:00,0.007580069373024636,84.59014892578125,8680700
1999-05-10 13:00:00,-0.004976459765138806,84.169189453125,5580100
1999-05-11 13:00:00,0.010119809024907398,85.02096557617188,7000600
1999-05-12 13:00:00,0.007830315290884637,85.68670654296875,13865800
1999-05-13 13:00:00,0.004342039374851751,86.05876159667969,4485700
1999-05-14 13:00:00,-0.025938807580993227,83.82649993896484,8370100
1999-05-17 13:00:00,0.0030372319622997703,84.08110046386719,6268100
1999-05-18 13:00:00,-0.0018635877030433155,83.92440795898438,8218600
1999-05-19 13:00:00,0.00723336248447747,84.53146362304688,5052400
1999-05-20 13:00:00,-0.006023263428964013,84.02230834960938,4670400
1999-05-21 13:00:00,-0.005593131445353716,83.55236053466797,6418200
1999-05-24 13:00:00,-0.01663946308111995,82.16209411621094,7952000
1999-05-25 13:00:00,-0.016205921544411583,80.83058166503906,15406400
1999-05-26 13:00:00,0.011143668497594912,81.73133087158203,12575900
1999-05-27 13:00:00,-0.014374728884596575,80.55646514892578,14515400
1999-05-28 13:00:00,0.012761517827436472,81.58448791503906,8748000
1999-06-01 13:00:00,-0.0034806379461355848,81.30052185058594,6705300
1999-06-02 13:00:00,0.0009635685142445418,81.37886047363281,6981900
1999-06-03 13:00:00,0.005534810420297586,81.82927703857422,6076600
1999-06-04 13:00:00,0.02009999135706805,83.47404479980469,9787200
1999-06-07 13:00:00,0.002580268363995975,83.6894302368164,5299100
1999-06-08 13:00:00,-0.009826843745672598,82.86702728271484,4895700
1999-06-09 13:00:00,-0.0009450771607396257,82.78871154785156,7409700
1999-06-10 13:00:00,-0.009224255714670396,82.0250473022461,7040700
1999-06-11 13:00:00,-0.00835517045699233,81.33971405029297,12824800
1999-06-14 13:00:00,0.0009626352512845689,81.41801452636719,6823500
1999-06-15 13:00:00,0.0067344964055136135,81.96632385253906,5700900
1999-06-16 13:00:00,0.019110828976431307,83.53276824951172,7865800
1999-06-17 13:00:00,0.009376820689231256,84.3160400390625,8162800
1999-06-18 13:00:00,0.001155140238332052,84.41343688964844,2875100
1999-06-21 13:00:00,0.0023271372145103894,84.60987854003906,4646400
1999-06-22 13:00:00,-0.006964030432500095,84.0206527709961,5862400
1999-06-23 13:00:00,-0.004908581004480713,83.60823059082031,9629200
1999-06-24 13:00:00,-0.00751713387849542,82.979736328125,9176900
1999-06-25 13:00:00,-0.0024854914162143076,82.77349090576172,4087000
1999-06-28 13:00:00,0.012219697017877765,83.78495788574219,5028900
1999-06-29 13:00:00,0.009376278813192153,84.57054901123047,6956200
1999-06-30 13:00:00,0.01811475520014694,86.10252380371094,16856100
1999-07-01 13:00:00,0.007527537230974257,86.75066375732422,9939500
1999-07-02 13:00:00,0.009961318606090822,87.61481475830078,3772800
1999-07-06 13:00:00,-0.00022466335111163513,87.59513092041016,11221100
1999-07-07 13:00:00,0.0013455829664821893,87.71299743652344,3230700
1999-07-08 13:00:00,0.000783440978547095,87.7817153930664,7101500
1999-07-09 13:00:00,0.005929569844577373,88.3022232055664,2976800
1999-07-12 13:00:00,-0.004448611273472866,87.9094009399414,4436300
1999-07-13 13:00:00,-0.0035749307374527022,87.59513092041016,6477600
1999-07-14 13:00:00,0.0056056521278266365,88.0861587524414,4382500
1999-07-15 13:00:00,0.006354266190261267,88.64588165283203,3348600
1999-07-16 13:00:00,0.0054286115844979,89.12710571289062,2281500
1999-07-19 13:00:00,-0.006610901426014641,88.53789520263672,4287000
1999-07-20 13:00:00,-0.02051928510167181,86.72116088867188,7060100
1999-07-21 13:00:00,-0.0011320771980227182,86.62298583984375,4793700
1999-07-22 13:00:00,-0.01315095992125313,85.48381042480469,7804100
1999-07-23 13:00:00,-0.001952513152264967,85.31690216064453,4603000
1999-07-26 13:00:00,-0.007366585597680408,84.68840789794922,4333400
1999-07-27 13:00:00,0.008348889248639607,85.39546203613281,5908500
1999-07-28 13:00:00,0.003220150819881865,85.67044830322266,3955500
1999-07-29 13:00:00,-0.013984151923809402,84.47241973876953,7760600
1999-07-30 13:00:00,-0.012323192017607709,83.43144989013672,5994300
1999-08-02 13:00:00,0.0023537960264740786,83.6278305053711,6065500
1999-08-03 13:00:00,-0.0046969935136148035,83.23503112792969,5445400
1999-08-04 13:00:00,-0.013685424695012237,82.0959243774414,6497900
1999-08-05 13:00:00,0.009090489204149593,82.84221649169922,10322000
1999-08-06 13:00:00,-0.010905303272751386,81.93879699707031,7537700
1999-08-09 13:00:00,-0.0021572862718603424,81.76203155517578,5565900
1999-08-10 13:00:00,-0.0110499366736797,80.85856628417969,9793300
1999-08-11 13:00:00,0.012144973521210111,81.84059143066406,8003400
1999-08-12 13:00:00,-0.0006002604640062795,81.79146575927734,7036800
1999-08-13 13:00:00,0.023172366471897812,83.686767578125,5857700
1999-08-16 13:00:00,0.004459024129108673,84.05992889404297,3927000
1999-08-17 13:00:00,0.006542352024700163,84.60987854003906,4808000
1999-08-18 13:00:00,-0.007196402231707056,84.00099182128906,4355500
1999-08-19 13:00:00,-0.008183609747272023,83.31356048583984,6448100
1999-08-20 13:00:00,0.010137109864172178,84.15811920166016,3663700
1999-08-23 13:00:00,0.019136283558731558,85.76859283447266,5637800
1999-08-24 13:00:00,0.0036641620101867476,86.0828628540039,9279500
1999-08-25 13:00:00,0.010266547538153016,86.96663665771484,6005300
1999-08-26 13:00:00,-0.011968971367477765,85.92573547363281,4322300
1999-08-27 13:00:00,-0.012114229415994271,84.88481140136719,6247400
1999-08-30 13:00:00,-0.018510389427595954,83.31356048583984,4652000
1999-08-31 13:00:00,-0.0037711279455498246,82.99937438964844,11453700
1999-09-01 13:00:00,0.012304651557410156,84.0206527709961,6863900
1999-09-02 13:00:00,-0.011804675578454256,83.02881622314453,10896300
1999-09-03 13:00:00,0.029213563884064996,85.45438385009766,9160800
1999-09-07 13:00:00,-0.003677188441377249,85.14015197753906,4560800
1999-09-08 13:00:00,-0.004844486620804356,84.72769165039062,6159600
1999-09-09 13:00:00,-0.00046364714624236005,84.68840789794922,6177800
1999-09-10 13:00:00,0.008348889248639607,85.39546203613281,2934500
1999-09-13 13:00:00,-0.006784714741077289,84.81607818603516,2320500
1999-09-14 13:00:00,-0.006599524530555105,84.25633239746094,3736000
1999-09-15 13:00:00,-0.01585056239578849,82.92082214355469,6984500
1999-09-16 13:00:00,0.003907587712785035,83.24484252929688,15377600
1999-09-17 13:00:00,0.012635243406053376,84.29666137695312,8542300
1999-09-20 13:00:00,-0.0014017644420293292,84.17849731445312,2803900
1999-09-21 13:00:00,-0.021057522927564593,82.4059066772461,9335200
1999-09-22 13:00:00,-0.0010756304886156576,82.31726837158203,13009100
1999-09-23 13:00:00,-0.020935282477233166,80.59393310546875,12204100
1999-09-24 13:00:00,-0.000977506927557327,80.51515197753906,13792900
1999-09-27 13:00:00,0.00660458045184427,81.04692077636719,6970300
1999-09-28 13:00:00,-0.0019439927508114012,80.88936614990234,11063400
1999-09-29 13:00:00,-0.011930583944228869,79.92430877685547,7580300
1999-09-30 13:00:00,0.015277726204077783,81.14537048339844,7498900
1999-10-01 13:00:00,-0.002184303216488029,80.96812438964844,11127100
1999-10-04 13:00:00,0.01775738660659247,82.4059066772461,6341600
1999-10-05 13:00:00,-0.000955827953560686,82.32714080810547,11976000
1999-10-06 13:00:00,0.01531065910601668,83.5876235961914,10308200
1999-10-07 13:00:00,-0.0056554414901720034,83.11489868164062,6535600
1999-10-08 13:00:00,0.015166371765248435,84.37545013427734,9674300
1999-10-11 13:00:00,-0.0016342867094440957,84.23755645751953,4282000
1999-10-12 13:00:00,-0.015430952384187024,82.93769073486328,8686100
1999-10-13 13:00:00,-0.025884734061650795,80.7908706665039,10469300
1999-10-14 13:00:00,-0.0002434505153775641,80.77120208740234,10562200
1999-10-15 13:00:00,-0.025603477826203713,78.70317840576172,14238700
1999-10-18 13:00:00,0.007257325982913755,79.27435302734375,9758800
1999-10-19 13:00:00,0.009689386071013087,80.04247283935547,14392900
1999-10-20 13:00:00,0.009842034282221877,80.83025360107422,9759400
1999-10-21 13:00:00,0.005848177318540994,81.30296325683594,9105400
1999-10-22 13:00:00,0.00847864157059579,81.99230194091797,8309600
1999-10-25 13:00:00,-0.005044526814489208,81.57868957519531,8114300
1999-10-26 13:00:00,-0.012554287128336932,80.55452728271484,6256300
1999-10-27 13:00:00,0.018092724467044997,82.01197814941406,5433300
1999-10-28 13:00:00,0.03410176163038303,84.80873107910156,10509700
1999-10-29 13:00:00,0.01811470801228854,86.34501647949219,10988600
1999-11-01 14:00:00,-0.010493033125765303,85.43899536132812,4006500
1999-11-02 14:00:00,-0.007146033543298931,84.82844543457031,6516900
1999-11-03 14:00:00,0.006733381096994469,85.39962768554688,7222300
1999-11-04 14:00:00,0.0076106669049001655,86.04957580566406,7907500
1999-11-05 14:00:00,0.009841923131143777,86.89646911621094,7431500
1999-11-08 14:00:00,0.0009066968787747942,86.97525787353516,4649200
1999-11-09 14:00:00,-0.009397175671869377,86.1579360961914,4533700
1999-11-10 14:00:00,0.007429274323240289,86.79802703857422,6405600
1999-11-11 14:00:00,0.005672249758301792,87.29036712646484,4794100
1999-11-12 14:00:00,0.009025704457430317,88.0782241821289,11802900
1999-11-15 14:00:00,0.0023478531803947287,88.28501892089844,2187500
1999-11-16 14:00:00,0.008365672303467409,89.0235824584961,7544800
1999-11-17 14:00:00,0.0026545830787661723,89.25990295410156,9459000
1999-11-18 14:00:00,0.007060830256129464,89.89015197753906,4491000
1999-11-19 14:00:00,-0.0008758214380107013,89.8114242553711,4832100
1999-11-22 14:00:00,-0.00021925347970393219,89.79173278808594,4155400
1999-11-23 14:00:00,-0.008774271652864235,89.00387573242188,5918000
1999-11-24 14:00:00,0.005310856001363288,89.4765625,4459700
1999-11-26 14:00:00,-0.0037413436981576878,89.14179992675781,1693900
1999-11-29 14:00:00,-0.0035354348863924443,88.82664489746094,7348600
1999-11-30 14:00:00,-0.011752013238182323,87.78275299072266,7682000
1999-12-01 14:00:00,0.008077100879282307,88.49178314208984,6980200
1999-12-02 14:00:00,0.006009589789284145,89.0235824584961,6698300
1999-12-03 14:00:00,0.018362858838998915,90.65830993652344,10045400
1999-12-06 14:00:00,-0.0073864957031048156,89.98866271972656,3138900
1999-12-07 14:00:00,-0.00809835087665157,89.25990295410156,10714200
1999-12-08 14:00:00,-0.00639832183908439,88.68878936767578,4611400
1999-12-09 14:00:00,0.004885322243304876,89.12206268310547,6474700
1999-12-10 14:00:00,0.003315097231009929,89.41751098632812,5127300
1999-12-13 14:00:00,0.0017615842551943954,89.57502746582031,4210800
1999-12-14 14:00:00,-0.009674060782002692,88.7084732055664,5739000
1999-12-15 14:00:00,0.0053284553448264445,89.18115234375,6879100
1999-12-16 14:00:00,0.0044165735889138925,89.57502746582031,5854900
1999-12-17 14:00:00,0.0064220616385047054,90.15028381347656,4775400
1999-12-20 14:00:00,-0.007227294646373811,89.49874114990234,4608700
1999-12-21 14:00:00,0.015222006995443354,90.86109161376953,7981300
1999-12-22 14:00:00,0.0026073642169237685,91.0979995727539,5377500
1999-12-23 14:00:00,0.015930374844320503,92.54922485351562,5721700
1999-12-27 14:00:00,-0.0013870693415962854,92.42085266113281,2691000
1999-12-28 14:00:00,-0.0006410052150500264,92.36161041259766,4084500
1999-12-29 14:00:00,0.004275228004312895,92.75647735595703,3001000
1999-12-30 14:00:00,-0.0011706087387521585,92.64789581298828,3641300
1999-12-31 14:00:00,0.0015982153481541015,92.79596710205078,3172700
2000-01-03 14:00:00,-0.009787261366544786,91.88774871826172,8164300
2000-01-04 14:00:00,-0.03910565264057497,88.29441833496094,8089800
2000-01-05 14:00:00,0.0017884846062266363,88.45233154296875,12177900
2000-01-06 14:00:00,-0.016071333691691225,87.0307846069336,6227200
2000-01-07 14:00:00,0.05807579866189183,92.08516693115234,8066500
2000-01-10 14:00:00,0.0034306322058541712,92.40107727050781,5741700
2000-01-11 14:00:00,-0.011965624528844967,91.29544067382812,7503700
2000-01-12 14:00:00,-0.00994778993899188,90.38725280761719,6907700
2000-01-13 14:00:00,0.013543241049095156,91.61138916015625,5158300
2000-01-14 14:00:00,0.013577468035478603,92.85523986816406,7437300
2000-01-18 14:00:00,-0.00786756940138802,92.12469482421875,6488500
2000-01-19 14:00:00,0.008144203777600074,92.8749771118164,6157900
2000-01-20 14:00:00,-0.015306355897151711,91.45339965820312,5800100
2000-01-21 14:00:00,-0.002158258377005718,91.25601959228516,6244800
2000-01-24 14:00:00,-0.028343358462831498,88.66951751708984,7896900
2000-01-25 14:00:00,0.01135621808502446,89.67646789550781,9942500
2000-01-26 14:00:00,-0.007926273052220021,88.96566772460938,5158100
2000-01-27 14:00:00,-0.003994714648293255,88.61027526855469,10922700
2000-01-28 14:00:00,-0.031194061540893547,85.84616088867188,11916200
2000-01-31 14:00:00,0.027138752232042082,88.17591857910156,10768700
2000-02-01 14:00:00,0.009852567109851927,89.044677734375,8419900
2000-02-02 14:00:00,0.0008867077293427687,89.1236343383789,6205900
2000-02-03 14:00:00,0.015064272374029169,90.46621704101562,7997500
2000-02-04 14:00:00,-0.004146627459142618,90.0910873413086,4925400
2000-02-07 14:00:00,-0.0015341596533795083,89.95287322998047,5845800
2000-02-08 14:00:00,0.013608386485063191,91.17698669433594,4936400
2000-02-09 14:00:00,-0.021004623140807064,89.26184844970703,8511500
2000-02-10 14:00:00,0.001990815342816915,89.4395523071289,6690600
2000-02-11 14:00:00,-0.02030892890151779,87.62313079833984,9849800
2000-02-14 14:00:00,0.0058581939355533364,88.13644409179688,8528800
2000-02-15 14:00:00,0.011312371128666178,89.13347625732422,11078300
2000-02-16 14:00:00,-0.014730242988407933,87.82051849365234,8845400
2000-02-17 14:00:00,-0.005170356806310172,87.366455078125,7584200
2000-02-18 14:00:00,-0.021469185671211363,85.49076843261719,9409200
2000-02-22 14:00:00,-0.0025406396139876983,85.27356719970703,16415400
2000-02-23 14:00:00,0.01180900703293923,86.28056335449219,12119000
2000-02-24 14:00:00,-0.020137826924229853,84.54306030273438,17375000
2000-02-25 14:00:00,-0.003619634935767047,84.23704528808594,10559900
2000-02-28 14:00:00,0.020977132931646957,86.00409698486328,13397800
2000-02-29 14:00:00,0.0096421194903204,86.83335876464844,8242500
2000-03-01 14:00:00,0.007276067964090954,87.46516418457031,6868000
2000-03-02 14:00:00,0.0006774983832325823,87.52442169189453,7600200
2000-03-03 14:00:00,0.018722540208983594,89.16310119628906,12770300
2000-03-06 14:00:00,-0.009742627271518449,88.29441833496094,11967100
2000-03-07 14:00:00,-0.019342645066597677,86.5865707397461,20062000
2000-03-08 14:00:00,-0.0012544634694898042,86.47795104980469,11808500
2000-03-09 14:00:00,0.029224061252573704,89.00518798828125,5500900
2000-03-10 14:00:00,-0.005323892636503342,88.53133392333984,7924600
2000-03-13 14:00:00,-0.010928234185877104,87.5638427734375,10540500
2000-03-14 14:00:00,-0.014204810803501352,86.32001495361328,8263900
2000-03-15 14:00:00,0.023330016244279172,88.3338623046875,10300800
2000-03-16 14:00:00,0.04671441660183159,92.4603271484375,25601400
2000-03-17 14:00:00,0.006609478041020022,93.07144165039062,10272900
2000-03-20 14:00:00,-0.005104491657553943,92.59635925292969,12502300
2000-03-21 14:00:00,0.02052190076618282,94.49661254882812,13612600
2000-03-22 14:00:00,0.0060746690177347394,95.07064819335938,8260000
2000-03-23 14:00:00,0.017072248838385054,96.69371795654297,11654500
2000-03-24 14:00:00,0.005936401748515189,97.26773071289062,11462900
2000-03-27 14:00:00,-0.010581943350247501,96.23844909667969,8798600
2000-03-28 14:00:00,-0.005758525771739487,95.68425750732422,6334400
2000-03-29 14:00:00,0.001034004870379819,95.78319549560547,6747500
2000-03-30 14:00:00,-0.016738705937594463,94.1799087524414,9491900
2000-03-31 14:00:00,0.011348998638972376,95.2487564086914,9249100
2000-04-03 13:00:00,0.005818921065373751,95.8030014038086,8508200
2000-04-04 13:00:00,-0.007437948805181073,95.09042358398438,19585500
2000-04-05 13:00:00,-0.006244698601345412,94.49661254882812,8387200
2000-04-06 13:00:00,0.00869257362831487,95.31803131103516,6378500
2000-04-07 13:00:00,0.006333520763755625,95.9217300415039,6023600
2000-04-10 13:00:00,-0.003920811303708136,95.54563903808594,9624200
2000-04-11 13:00:00,-0.0029000209049362,95.2685546875,9006400
2000-04-12 13:00:00,-0.027425714981292603,92.65574645996094,10779200
2000-04-13 13:00:00,-0.0138854602886853,91.36917877197266,12225800
2000-04-14 13:00:00,-0.05719308403406463,86.14349365234375,29604000
2000-04-17 13:00:00,0.03492684438933664,89.15221405029297,23918200
2000-04-18 13:00:00,0.026420839958789456,91.5076904296875,11069200
2000-04-19 13:00:00,-0.009301076129455693,90.65657043457031,6553700
2000-04-20 13:00:00,0.004803266776845149,91.0920181274414,8537600
2000-04-24 13:00:00,-0.010864841264118024,90.1023178100586,12893100
2000-04-25 13:00:00,0.04151985822731133,93.84335327148438,14102000
2000-04-26 13:00:00,-0.011283767238287135,92.7844467163086,7711100
2000-04-27 13:00:00,-0.0033072555616960914,92.47758483886719,15595300
2000-04-28 13:00:00,-0.0062072124411218605,91.90355682373047,8743400
2000-05-01 13:00:00,0.013569087719947803,93.15060424804688,7328300
2000-05-02 13:00:00,-0.019974468927147822,91.28997039794922,9411900
2000-05-03 13:00:00,-0.023417209342246358,89.15221405029297,12630700
2000-05-04 13:00:00,0.007549019247076619,89.82522583007812,5963600
2000-05-05 13:00:00,0.012119516489982819,90.91386413574219,7862400
2000-05-08 13:00:00,-0.007511415912137548,90.23097229003906,5064100
2000-05-09 13:00:00,-0.00800676161861488,89.50851440429688,5620300
2000-05-10 13:00:00,-0.02255639674532861,87.4895248413086,10293900
2000-05-11 13:00:00,0.0228506359796317,89.48871612548828,7091100
2000-05-12 13:00:00,0.01083843124984814,90.45863342285156,5960800
2000-05-15 13:00:00,0.01728590858386481,92.02229309082031,4441300
2000-05-16 13:00:00,0.009679687827746128,92.91304016113281,8192200
2000-05-17 13:00:00,-0.010437993880589882,91.9432144165039,5907200
2000-05-18 13:00:00,-0.012271909284243593,90.81489562988281,4325600
2000-05-19 13:00:00,-0.01569322431025372,89.38971710205078,6518400
2000-05-22 13:00:00,-0.007528876611414904,88.71671295166016,10839400
2000-05-23 13:00:00,-0.01472539740840367,87.41032409667969,7979200
2000-05-24 13:00:00,0.01630428995397243,88.83548736572266,11081500
2000-05-25 13:00:00,-0.01715636029163906,87.31139373779297,8278900
2000-05-26 13:00:00,0.0011330750163468812,87.41032409667969,4814000
2000-05-30 13:00:00,0.03260945273327872,90.26072692871094,5362700
2000-05-31 13:00:00,0.0021926091321747723,90.45863342285156,6056500
2000-06-01 13:00:00,0.01750477413665341,92.0420913696289,8961600
2000-06-02 13:00:00,0.017419889240352877,93.64545440673828,8962200
2000-06-05 13:00:00,-0.0048617855670267714,93.19017028808594,6998100
2000-06-06 13:00:00,-0.004460228077463224,92.77452087402344,4858900
2000-06-07 13:00:00,0.006933965080341989,93.41781616210938,4919500
2000-06-08 13:00:00,-0.003920058540760474,93.0516128540039,5723100
2000-06-09 13:00:00,-0.002127010449998569,92.85369110107422,3085300
2000-06-12 13:00:00,-0.011724643788814593,91.7650146484375,3678900
2000-06-13 13:00:00,0.018766320491553586,93.48710632324219,6558700
2000-06-14 13:00:00,0.001693795965280896,93.64545440673828,6420500
2000-06-15 13:00:00,0.0021132778520839115,93.84335327148438,5881200
2000-06-16 13:00:00,-0.008216346418068727,93.07230377197266,5567900
2000-06-19 13:00:00,0.012790785080267326,94.26277160644531,5106900
2000-06-20 13:00:00,-0.003578409432134298,93.92546081542969,6480000
2000-06-21 13:00:00,-0.0004227926931675239,93.88574981689453,3115000
2000-06-22 13:00:00,-0.015214785426668561,92.4572982788086,7490500
2000-06-23 13:00:00,-0.008583856023193509,91.66365814208984,4863300
2000-06-26 13:00:00,0.012878230284158219,92.84412384033203,5201300
2000-06-27 13:00:00,-0.007371932487294837,92.15968322753906,4159500
2000-06-28 13:00:00,0.002798447691032301,92.41758728027344,5347700
2000-06-29 13:00:00,-0.009446513510126589,91.54456329345703,6345700
2000-06-30 13:00:00,0.007585260317816698,92.23895263671875,7420200
2000-07-03 13:00:00,0.013767144000005293,93.50881958007812,1436600
2000-07-05 13:00:00,-0.018035329821477583,91.82235717773438,2748200
2000-07-06 13:00:00,0.007778425869148691,92.53659057617188,5963200
2000-07-07 13:00:00,0.01608052663394937,94.02462768554688,3034800
2000-07-10 13:00:00,-0.0016876019758526374,93.86595153808594,2816100
2000-07-11 13:00:00,0.0021132716875726133,94.06431579589844,5431600
2000-07-12 13:00:00,0.006539030357043499,94.67940521240234,5883000
2000-07-13 13:00:00,0.0044004670817519576,95.09603881835938,5356000
2000-07-14 13:00:00,0.009805985481243102,96.02854919433594,5341900
2000-07-17 13:00:00,-0.0016525440359288497,95.86985778808594,4208300
2000-07-18 13:00:00,-0.008174613520099789,95.0861587524414,4262100
2000-07-19 13:00:00,-0.008033293073258545,94.32230377197266,8506800
2000-07-20 13:00:00,0.01388197197560174,95.63168334960938,4538900
2000-07-21 13:00:00,-0.019501563507707764,93.76671600341797,5656900
2000-07-24 13:00:00,-0.005713092660642947,93.23101806640625,5628500
2000-07-25 13:00:00,0.0031920684623275857,93.52861785888672,4757100
2000-07-26 13:00:00,-0.009758068838173607,92.61595916748047,12062500
2000-07-27 13:00:00,-0.0034273638336258117,92.29853057861328,7652600
2000-07-28 13:00:00,-0.022570885684308484,90.21527099609375,6229500
2000-07-31 13:00:00,0.006377838381637887,90.7906494140625,5265500
2000-08-01 13:00:00,0.006118681908203889,91.3461685180664,3946600
2000-08-02 13:00:00,0.0049956881881411605,91.80250549316406,7439800
2000-08-03 13:00:00,0.006916214746801601,92.43743133544922,4607100
2000-08-04 13:00:00,0.005365897986284041,92.93344116210938,3686600
2000-08-07 13:00:00,0.011955203574887127,94.04447937011719,4159800
2000-08-08 13:00:00,0.003797965991914395,94.40165710449219,3658700
2000-08-09 13:00:00,-0.008407380533779926,93.60798645019531,5383800
2000-08-10 13:00:00,-0.004874082533551394,93.1517333984375,4193400
2000-08-11 13:00:00,0.004685581425214815,93.58820343017578,5089400
2000-08-14 13:00:00,0.012719053790179716,94.77855682373047,2966700
2000-08-15 13:00:00,-0.0008366058739504693,94.69926452636719,5564600
2000-08-16 13:00:00,-0.003561673942442498,94.36197662353516,5191600
2000-08-17 13:00:00,0.010512674708949466,95.35397338867188,5652200
2000-08-18 13:00:00,-0.003328869770101957,95.03655242919922,4626400
2000-08-21 13:00:00,0.005427229882622356,95.55233764648438,2380600
2000-08-22 13:00:00,-0.00166006134026858,95.39371490478516,3075300
2000-08-23 13:00:00,0.0039506711950186525,95.77058410644531,5483200
2000-08-24 13:00:00,0.0031081407700343875,96.06825256347656,4529000
2000-08-25 13:00:00,-0.0004132829325108336,96.02854919433594,2822200
2000-08-28 13:00:00,0.0034093254648932115,96.35594177246094,5518700
2000-08-29 13:00:00,0.00020578696053371906,96.37577056884766,3561900
2000-08-30 13:00:00,-0.009572943355315578,95.45317077636719,3964800
2000-08-31 13:00:00,0.013302680358250718,96.72295379638672,4863100
2000-09-01 13:00:00,0.0010261348476388132,96.82220458984375,3191200
2000-09-05 13:00:00,-0.007992085530483788,96.04839324951172,3470800
2000-09-06 13:00:00,-0.011361196512422697,94.95716857910156,4322200
2000-09-07 13:00:00,0.008566130809451797,95.77058410644531,4265500
2000-09-08 13:00:00,-0.006836459823201789,95.11585235595703,3518200
2000-09-11 13:00:00,-0.0014596104523733609,94.97702026367188,3937500
2000-09-12 13:00:00,-0.007311531655831377,94.2825927734375,4769100
2000-09-13 13:00:00,0.002630563608044404,94.53060913085938,7691600
2000-09-14 13:00:00,0.005037482498428611,95.00680541992188,3397100
2000-09-15 13:00:00,-0.021878492205565814,92.9281997680664,4085700
2000-09-18 13:00:00,-0.009203397129049115,92.07294464111328,5109300
2000-09-19 13:00:00,0.009072863897926655,92.90830993652344,6588200
2000-09-20 13:00:00,-0.007385726572832686,92.22211456298828,6508100
2000-09-21 13:00:00,-0.015205906614281896,90.81979370117188,5972300
2000-09-22 13:00:00,0.018177691203209157,92.47068786621094,7791300
2000-09-25 13:00:00,-0.007097586053435231,91.81436920166016,9726300
2000-09-26 13:00:00,-0.012781889222740381,90.64080810546875,5302400
2000-09-27 13:00:00,0.005267046629123826,91.11821746826172,7186200
2000-09-28 13:00:00,0.012879125402420337,92.29174041748047,7036400
2000-09-29 13:00:00,-0.009482623718231744,91.41657257080078,9333600
2000-10-02 13:00:00,0.001522848189302874,91.5557861328125,5517800
2000-10-03 13:00:00,-0.00934143861871271,90.70052337646484,9347200
2000-10-04 13:00:00,0.008332983549623037,91.45632934570312,6148900
2000-10-05 13:00:00,0.0034794972439311928,91.77455139160156,4566900
2000-10-06 13:00:00,-0.021673073089416524,89.78551483154297,10014900
2000-10-09 13:00:00,-0.007532056061813844,89.10924530029297,4508000
2000-10-10 13:00:00,-0.01651785182992719,87.6373519897461,6104700
2000-10-11 13:00:00,-0.008397462723091883,86.90142059326172,10346000
2000-10-12 13:00:00,-0.02494911698444902,84.73330688476562,12336900
2000-10-13 13:00:00,0.03333401163534052,87.55780792236328,11778800
2000-10-16 13:00:00,0.004543245660193979,87.95560455322266,5659000
2000-10-17 13:00:00,-0.02487579278410224,85.76763916015625,7831700
2000-10-18 13:00:00,-0.0037109037251897748,85.4493637084961,10897300
2000-10-19 13:00:00,0.03770984674222427,88.67164611816406,8767300
2000-10-20 13:00:00,0.00426246970282309,89.04960632324219,7373500
2000-10-23 13:00:00,0.0044670495231714435,89.44739532470703,5290000
2000-10-24 13:00:00,-0.006670903541941867,88.85070037841797,5750700
2000-10-25 13:00:00,-0.023505562802302177,86.76221466064453,9137600
2000-10-26 13:00:00,0.002750680019700852,87.00086975097656,9345800
2000-10-27 13:00:00,0.018975780685337274,88.65177917480469,9762900
2000-10-30 14:00:00,0.008974621347796505,89.44739532470703,10154100
2000-10-31 14:00:00,0.017233977783613835,90.98892974853516,7752400
2000-11-01 14:00:00,-0.003388785655932312,90.68058776855469,6753600
2000-11-02 14:00:00,0.0016452563192397981,90.82978057861328,11395100
2000-11-03 14:00:00,0.0005476579600530556,90.87952423095703,5187100
2000-11-06 14:00:00,0.007003330573875685,91.51598358154297,4042500
2000-11-07 14:00:00,-0.00021725387599338836,91.49610137939453,5231300
2000-11-08 14:00:00,-0.022173883061163586,89.46727752685547,6123300
2000-11-09 14:00:00,-0.0037793386093476784,89.129150390625,10635300
2000-11-10 14:00:00,-0.024324929534641018,86.96109008789062,8569500
2000-11-13 14:00:00,-0.0077773051870459135,86.2847671508789,17285300
2000-11-14 14:00:00,0.026279725296845125,88.55230712890625,7668900
2000-11-15 14:00:00,0.003144813938949892,88.8307876586914,8837700
2000-11-16 14:00:00,-0.015674088347828595,87.43844604492188,6684100
2000-11-17 14:00:00,-0.0053458190977679265,86.97101593017578,6551100
2000-11-20 14:00:00,-0.01429409187185539,85.72784423828125,5458500
2000-11-21 14:00:00,0.005104605340443482,86.16545104980469,7684300
2000-11-22 14:00:00,-0.0238916163252339,84.10681915283203,5736900
2000-11-24 14:00:00,0.020456095577949626,85.82731628417969,3411600
2000-11-27 14:00:00,0.00880665711488398,86.58316802978516,5992000
2000-11-28 14:00:00,-0.01722912961556854,85.09141540527344,5336100
2000-11-29 14:00:00,-0.0018706903245393075,84.93223571777344,6914100
2000-11-30 14:00:00,-0.00866492433956227,84.19630432128906,11201600
2000-12-01 14:00:00,-0.00047264452039539034,84.15650939941406,7587200
2000-12-04 14:00:00,0.008508813966142432,84.8725814819336,6996600
2000-12-05 14:00:00,0.03281061240142069,87.65730285644531,8883400
2000-12-06 14:00:00,-0.015997677166937438,86.25498962402344,12888000
2000-12-07 14:00:00,-0.013721059289659101,85.07147979736328,6529100
2000-12-08 14:00:00,0.0023381037369751227,85.2703857421875,10276300
2000-12-11 14:00:00,0.03475604300428754,88.23404693603516,6405600
2000-12-12 14:00:00,-0.004282831329286011,87.85615539550781,5022900
2000-12-13 14:00:00,-0.01369764635123393,86.6527328491211,6070500
2000-12-14 14:00:00,-0.012738970149625625,85.54886627197266,7678400
2000-12-15 14:00:00,-0.02258669599674879,83.6166000366211,9065300
2000-12-18 14:00:00,0.013361837516121423,84.73387145996094,7235400
2000-12-19 14:00:00,-0.020367292687226764,83.00807189941406,9616600
2000-12-20 14:00:00,-0.02896323669576768,80.60388946533203,9994300
2000-12-21 14:00:00,0.00693133961443885,81.16258239746094,14331500
2000-12-22 14:00:00,0.029989917412269924,83.59664154052734,10182900
2000-12-26 14:00:00,0.010739625591587032,84.49443817138672,4665300
2000-12-27 14:00:00,0.007320005544090645,85.1129379272461,4854100
2000-12-28 14:00:00,0.003047708378768839,85.3723373413086,8358700
2000-12-29 14:00:00,-0.01892997833854621,83.75624084472656,8774600
2001-01-02 14:00:00,-0.018103682441166037,82.23994445800781,8737500
2001-01-03 14:00:00,0.04803506777864425,86.19034576416016,19431600
2001-01-04 14:00:00,-0.010763962315775292,85.2625961303711,9219000
2001-01-05 14:00:00,-0.0326428998189707,82.47937774658203,12911400
2001-01-08 14:00:00,0.007740452847941819,83.11780548095703,6625300
2001-01-09 14:00:00,-0.002640526794595801,82.89833068847656,5702400
2001-01-10 14:00:00,0.01756940449950072,84.35480499267578,8746100
2001-01-11 14:00:00,0.000946135744114825,84.43461608886719,7245100
2001-01-12 14:00:00,-0.0018903021176263082,84.27500915527344,7244000
2001-01-16 14:00:00,0.0063919427084361225,84.81369018554688,8542200
2001-01-17 14:00:00,0.004587062707458149,85.2027359008789,7851400
2001-01-18 14:00:00,0.00995183159135911,86.0506591796875,8107000
2001-01-19 14:00:00,-0.005680375414759259,85.56185913085938,7782500
2001-01-22 14:00:00,0.006645614655823341,86.1304702758789,7050900
2001-01-23 14:00:00,0.007876312537906492,86.8088607788086,8463100
2001-01-24 14:00:00,0.002987464373793033,87.06819915771484,6199900
2001-01-25 14:00:00,-0.0025208103991841016,86.84871673583984,10818300
2001-01-26 14:00:00,-0.0011485109723031756,86.74897003173828,7136800
2001-01-29 14:00:00,0.005336154234680851,87.21187591552734,6705900
2001-01-30 14:00:00,0.008784506389841339,87.97798919677734,7069100
2001-01-31 14:00:00,-0.005660432498911022,87.47999572753906,9706900
2001-02-01 14:00:00,0.006641445824406354,88.06098937988281,8239100
2001-02-02 14:00:00,-0.022692645245803923,86.06265258789062,8276600
2001-02-05 14:00:00,0.0073442405076981285,86.69471740722656,4352900
2001-02-06 14:00:00,-0.002946164169581766,86.43930053710938,7106700
2001-02-07 14:00:00,-0.005169742162507772,85.992431640625,5748700
2001-02-08 14:00:00,-0.011656256654127334,84.99008178710938,5943300
2001-02-09 14:00:00,-0.009615864529229377,84.1728286743164,9913000
2001-02-12 14:00:00,0.011453768211428916,85.13692474365234,5804400
2001-02-13 14:00:00,-0.00817451853277698,84.44097137451172,6587600
2001-02-14 14:00:00,-0.001512037526359011,84.31329345703125,8400100
2001-02-15 14:00:00,0.009692508771967924,85.13050079345703,5929800
2001-02-16 14:00:00,-0.022048668134940816,83.25348663330078,6434900
2001-02-20 14:00:00,-0.015414122228870234,81.97020721435547,5760000
2001-02-21 14:00:00,-0.021575020623140415,80.20169830322266,10910800
2001-02-22 14:00:00,0.0015124336045072215,80.322998046875,21281600
2001-02-23 14:00:00,-0.006755827454460902,79.78034973144531,20173000
2001-02-26 14:00:00,0.021286185195137787,81.47856903076172,11503700
2001-02-27 14:00:00,-0.009246074674057234,80.72521209716797,11415000
2001-02-28 14:00:00,-0.01969300096448147,79.13549041748047,14825800
2001-03-01 14:00:00,0.005244374832669668,79.55050659179688,14672000
2001-03-02 14:00:00,-0.007945357195331588,78.91844940185547,12564300
2001-03-05 14:00:00,0.009141435531847982,79.63987731933594,5293200
2001-03-06 14:00:00,0.010742575746573425,80.49541473388672,6917000
2001-03-07 14:00:00,0.0071378236220457515,81.06997680664062,6371700
2001-03-08 14:00:00,0.0011028604920532686,81.15938568115234,6055000
2001-03-09 14:00:00,-0.029578604368622873,78.75880432128906,10020300
2001-03-12 14:00:00,-0.04280139811067905,75.3878173828125,13972900
2001-03-13 14:00:00,0.01642963144676696,76.62641143798828,12888000
2001-03-14 14:00:00,-0.01974655045707321,75.1133041381836,19883400
2001-03-15 14:00:00,0.00025453896502994187,75.1324234008789,10370300
2001-03-16 14:00:00,-0.020057460800464513,73.62545776367188,58514600
2001-03-19 14:00:00,0.020346238164538153,75.12345886230469,10067800
2001-03-20 14:00:00,-0.02684241089953854,73.10696411132812,15083900
2001-03-21 14:00:00,-0.01698771774054515,71.86504364013672,19004600
2001-03-22 14:00:00,-0.010154684513341745,71.1352767944336,28624800
2001-03-23 14:00:00,0.030237639136566328,73.28623962402344,12861700
2001-03-26 14:00:00,0.012752850525111251,74.2208480834961,9943800
2001-03-27 14:00:00,0.020441650755144154,75.73804473876953,12880700
2001-03-28 14:00:00,-0.02763928814521246,73.64469909667969,10953300
2001-03-29 14:00:00,0.003824502800132356,73.92635345458984,12060300
2001-03-30 14:00:00,0.010477854004391272,74.70094299316406,9183600
2001-04-02 13:00:00,-0.021338136012309827,73.10696411132812,10561000
2001-04-03 13:00:00,-0.033362428717352746,70.66793823242188,12836000
2001-04-04 13:00:00,0.004166546110007268,70.9623794555664,14884300
2001-04-05 13:00:00,0.03788948951751396,73.65110778808594,21522800
2001-04-06 13:00:00,-0.015211219692388268,72.5307846069336,14937800
2001-04-09 13:00:00,0.011120724158769212,73.3373794555664,9034300
2001-04-10 13:00:00,0.018244204901608607,74.67536163330078,17873600
2001-04-11 13:00:00,0.0006858503844920371,74.72657775878906,12722300
2001-04-12 13:00:00,0.018161302159300233,76.08370971679688,9233200
2001-04-16 13:00:00,-0.010517281420682834,75.28351593017578,7350000
2001-04-17 13:00:00,0.01411554486463271,76.34618377685547,10924700
2001-04-18 13:00:00,0.039745386333977124,79.3805923461914,32481600
2001-04-19 13:00:00,0.013306360578180383,80.43685913085938,13809900
2001-04-20 13:00:00,-0.009152121498394198,79.70069122314453,7626700
2001-04-23 13:00:00,-0.018153302403123565,78.25386047363281,8451800
2001-04-24 13:00:00,-0.005399004961542924,77.83136749267578,10044700
2001-04-25 13:00:00,0.013077373915026134,78.84919738769531,8249000
2001-04-26 13:00:00,0.004465926303072244,79.20133209228516,10590400
2001-04-27 13:00:00,0.016650295532920138,80.52005767822266,7938700
2001-04-30 13:00:00,0.006996164933899,81.08338928222656,10766900
2001-05-01 13:00:00,0.0030788231802706912,81.3330307006836,10578000
2001-05-02 13:00:00,-0.0018096741020083237,81.18584442138672,9572900
2001-05-03 13:00:00,-0.012695289465248769,80.15516662597656,9926200
2001-05-04 13:00:00,0.017011453729062875,81.51872253417969,12145300
2001-05-07 13:00:00,-0.008638234684677011,80.81454467773438,7185200
2001-05-08 13:00:00,-0.00047505202725998074,80.77615356445312,6952600
2001-05-09 13:00:00,-0.004200428203393212,80.43685913085938,9507400
2001-05-10 13:00:00,0.0029443176623016936,80.67369079589844,6872400
2001-05-11 13:00:00,-0.006903496499263953,80.11676025390625,7734400
2001-05-14 13:00:00,0.0019976070996234286,80.27680206298828,7914000
2001-05-15 13:00:00,0.004625338373039983,80.64810943603516,9782200
2001-05-16 13:00:00,0.02357523984436616,82.54940795898438,14909000
2001-05-17 13:00:00,0.0015512135214358412,82.67745971679688,11824600
2001-05-18 13:00:00,0.004568088071091753,83.05513763427734,6683100
2001-05-21 13:00:00,0.01472184562422729,84.27786254882812,11531500
2001-05-22 13:00:00,-0.0012913629949410073,84.16902923583984,8342700
2001-05-23 13:00:00,-0.016960619742040644,82.74147033691406,12330800
2001-05-24 13:00:00,0.0029397635243229884,82.98471069335938,7902800
2001-05-25 13:00:00,-0.011802549459537084,82.00527954101562,7425000
2001-05-29 13:00:00,-0.007962807421546033,81.35228729248047,9003900
2001-05-30 13:00:00,-0.01400702447255263,80.21278381347656,10041800
2001-05-31 13:00:00,0.00518754190980297,80.62889099121094,9874200
2001-06-01 13:00:00,0.006192829614153417,81.12821197509766,8848300
2001-06-04 13:00:00,0.0048134988997649624,81.51872253417969,5623500
2001-06-05 13:00:00,0.011465141861979545,82.4533462524414,9115400
2001-06-06 13:00:00,-0.00830686594508817,81.76841735839844,12064900
2001-06-07 13:00:00,0.0036008229492747877,82.06285095214844,7355300
2001-06-08 13:00:00,-0.00928306822278843,81.30105590820312,8170600
2001-06-11 13:00:00,-0.007086236000289782,80.72493743896484,7012200
2001-06-12 13:00:00,-0.0017447675639005408,80.58409118652344,9364400
2001-06-13 13:00:00,-0.008579556116375212,79.89271545410156,7629400
2001-06-14 13:00:00,-0.022435807449756477,78.10025787353516,12603000
2001-06-15 13:00:00,0.001611057095523514,78.22608184814453,16821100
2001-06-18 13:00:00,-0.004842172466503057,77.84729766845703,11368300
2001-06-19 13:00:00,0.00437080987388668,78.18755340576172,7732300
2001-06-20 13:00:00,0.005254679383177473,78.59840393066406,8787200
2001-06-21 13:00:00,0.011353371416368586,79.49076080322266,12259100
2001-06-22 13:00:00,-0.007833851440630701,78.8680419921875,12212000
2001-06-25 13:00:00,-0.009197774448332809,78.14263153076172,8406800
2001-06-26 13:00:00,-0.0013967550877921984,78.03348541259766,8005800
2001-06-27 13:00:00,-0.0005760654203825673,77.98853302001953,10105100
2001-06-28 13:00:00,0.005515493714460014,78.4186782836914,10269300
2001-06-29 13:00:00,0.0036841003831981985,78.70758056640625,9824200
2001-07-02 13:00:00,0.01247959551624798,79.6898193359375,8522200
2001-07-03 13:00:00,-0.00024183579215678464,79.67054748535156,3303100
2001-07-05 13:00:00,-0.019500069810347596,78.1169662475586,5517900
2001-07-06 13:00:00,-0.02161413668807935,76.42853546142578,11665900
2001-07-09 13:00:00,0.005459868246426479,76.8458251953125,8339300
2001-07-10 13:00:00,-0.012030674909971232,75.92131805419922,8630700
2001-07-11 13:00:00,0.0010151581338414953,75.9983901977539,15328600
2001-07-12 13:00:00,0.023737255755069565,77.80238342285156,12002800
2001-07-13 13:00:00,0.008663412211795703,78.4764175415039,10433800
2001-07-16 13:00:00,-0.012515675339665982,77.49423217773438,6915300
2001-07-17 13:00:00,0.009361225456626175,78.21967315673828,7469800
2001-07-18 13:00:00,-0.006811667384709291,77.6868667602539,7709300
2001-07-19 13:00:00,0.008758689969617699,78.36730194091797,10082900
2001-07-20 13:00:00,-0.0059802804952881,77.89864349365234,6705800
2001-07-23 13:00:00,-0.019696423161991515,76.36431884765625,8065200
2001-07-24 13:00:00,-0.009668182068859684,75.62601470947266,12269000
2001-07-25 13:00:00,0.01103571436858263,76.46060180664062,12088500
2001-07-26 13:00:00,0.010495274123205271,77.26307678222656,12898200
2001-07-27 13:00:00,0.0038222475186693505,77.55839538574219,8478800
2001-07-30 13:00:00,0.0003315058214192895,77.5841064453125,8547700
2001-07-31 13:00:00,0.004137139319255659,77.90508270263672,11918100
2001-08-01 13:00:00,0.006262844383726652,78.39299011230469,11940800
2001-08-02 13:00:00,0.004094353684811262,78.71395874023438,11070100
2001-08-03 13:00:00,-0.005464178445383804,78.28385162353516,10816300
2001-08-06 13:00:00,-0.013449118740108613,77.23100280761719,8550100
2001-08-07 13:00:00,0.003906815708109853,77.53273010253906,8865100
2001-08-08 13:00:00,-0.01854744513336948,76.09469604492188,15183800
2001-08-09 13:00:00,0.002952611038989425,76.31937408447266,14118500
2001-08-10 13:00:00,0.003448950464810079,76.58259582519531,11173300
2001-08-13 13:00:00,0.00025184716144937246,76.60188293457031,7431600
2001-08-14 13:00:00,-0.00041960638471003335,76.56974029541016,13178100
2001-08-15 13:00:00,-0.008635483590369175,75.90852355957031,8520600
2001-08-16 13:00:00,0.003467115172428072,76.17170715332031,10734700
2001-08-17 13:00:00,-0.016012955958035965,74.95197296142578,11604600
2001-08-20 13:00:00,0.009250308297804228,75.64530181884766,10417400
2001-08-21 13:00:00,-0.0170586307729687,74.35489654541016,14480800
2001-08-22 13:00:00,0.010360825562072863,75.12527465820312,11752300
2001-08-23 13:00:00,-0.0035892806002343902,74.85562896728516,8744100
2001-08-24 13:00:00,0.02075477524943492,76.40924072265625,11687700
2001-08-27 13:00:00,-0.005965185411805679,75.95344543457031,7425100
2001-08-28 13:00:00,-0.01462296228065858,74.84278106689453,12046600
2001-08-29 13:00:00,-0.008920473653215721,74.1751480102539,16180000
2001-08-30 13:00:00,-0.019214310216168318,72.74992370605469,17692600
2001-08-31 13:00:00,0.007324121559506508,73.28275299072266,15985400
2001-09-04 13:00:00,-0.006394895660393093,72.81411743164062,24473400
2001-09-05 13:00:00,0.002468908910536708,72.99388885498047,21477100
2001-09-06 13:00:00,-0.02577017608130898,71.11282348632812,21653000
2001-09-07 13:00:00,-0.018506152839318092,69.79679870605469,33133900
2001-09-10 13:00:00,0.01223284143707658,70.6506118774414,23408700
2001-09-17 13:00:00,-0.052248751311645164,66.9592056274414,32388700
2001-09-18 13:00:00,-0.0023972033425257084,66.79869079589844,22029200
2001-09-19 13:00:00,-0.02018197147875412,65.4505615234375,42771800
2001-09-20 13:00:00,-0.031780264598421024,63.37052536010742,36210900
2001-09-21 13:00:00,-0.010789598465658046,62.68678283691406,49782100
2001-09-24 13:00:00,0.03515604366929788,64.8906021118164,25549600
2001-09-25 13:00:00,0.010427800601998204,65.56726837158203,25466200
2001-09-26 13:00:00,-0.003538850735155427,65.33523559570312,18587500
2001-09-27 13:00:00,0.008679156711764417,65.90229034423828,20536800
2001-09-28 13:00:00,0.021218704217264638,67.30065155029297,21687200
2001-10-01 13:00:00,-0.0016278907104915403,67.19109344482422,20457400
2001-10-02 13:00:00,0.012564053680359347,68.03528594970703,19833100
2001-10-03 13:00:00,0.016764524580317783,69.17586517333984,32045800
2001-10-04 13:00:00,0.0008380924314816149,69.23384094238281,32674100
2001-10-05 13:00:00,-0.001953580855965507,69.09858703613281,29796100
2001-10-08 13:00:00,-0.006528951991246443,68.64744567871094,12970300
2001-10-09 13:00:00,-0.005350332827355437,68.28015899658203,15976300
2001-10-10 13:00:00,0.02227246149192753,69.8009262084961,19987400
2001-10-11 13:00:00,0.015509325827332917,70.88349151611328,23006300
2001-10-12 13:00:00,-0.004545336638523897,70.5613021850586,31360500
2001-10-15 13:00:00,-0.0018264364238046124,70.43242645263672,16873000
2001-10-16 13:00:00,0.006313125432002425,70.8770751953125,15877100
2001-10-17 13:00:00,-0.02127491926803014,69.36917114257812,28542300
2001-10-18 13:00:00,-0.0021362999864941497,69.22097778320312,16510000
2001-10-19 13:00:00,-0.0006517187608151367,69.17586517333984,21912500
2001-10-22 13:00:00,0.019748607563301677,70.5419921875,17540600
2001-10-23 13:00:00,-0.005116005918183706,70.18109893798828,22062500
2001-10-24 13:00:00,-0.002662310435398097,69.99425506591797,16065200
2001-10-25 13:00:00,0.017952893778012395,71.2508544921875,27467900
2001-10-26 13:00:00,-0.002261914347929627,71.08969116210938,18623300
2001-10-29 14:00:00,-0.0260150712587901,69.24028778076172,18727500
2001-10-30 14:00:00,-0.012005007347834485,68.4090576171875,26178600
2001-10-31 14:00:00,-0.003391062210143699,68.17707824707031,28124200
2001-11-01 14:00:00,0.02561417691329982,69.92337799072266,29806800
2001-11-02 14:00:00,0.0068197512776054375,70.40023803710938,17575900
2001-11-05 14:00:00,0.013088702248713086,71.32168579101562,15929500
2001-11-06 14:00:00,0.015540405525040124,72.4300537109375,23245800
2001-11-07 14:00:00,-0.0013348007152644238,72.3333740234375,19716000
2001-11-08 14:00:00,0.0031185923669532784,72.55895233154297,22563500
2001-11-09 14:00:00,0.0010659856471520214,72.63629913330078,15895800
2001-11-12 14:00:00,-0.0061214725775779535,72.19165802001953,26068800
2001-11-13 14:00:00,0.022493145169173896,73.81547546386719,15296200
2001-11-14 14:00:00,0.0009612262021580665,73.88642883300781,17571300
2001-11-15 14:00:00,0.0018308747163749857,74.0217056274414,19470200
2001-11-16 14:00:00,-0.004440036268163843,73.69304656982422,18134900
2001-11-19 14:00:00,0.012329726542704053,74.6016616821289,13625400
2001-11-20 14:00:00,-0.008378749889166592,73.97659301757812,16209700
2001-11-21 14:00:00,-0.006620078256977432,73.48686218261719,11470200
2001-11-23 14:00:00,0.014381124721892595,74.54368591308594,6717100
2001-11-26 14:00:00,0.0021609749257721386,74.70477294921875,13726000
2001-11-27 14:00:00,-0.004312936747270955,74.38257598876953,19261400
2001-11-28 14:00:00,-0.01810610686341713,73.03579711914062,20195500
2001-11-29 14:00:00,0.01349897649083647,74.0217056274414,16354700
2001-11-30 14:00:00,-0.007138503920719616,73.49330139160156,13680300
2001-12-03 14:00:00,-0.005962266454366768,73.05511474609375,15220400
2001-12-04 14:00:00,0.016935861178760753,74.29236602783203,17239900
2001-12-05 14:00:00,0.0183016454998532,75.65203857421875,25204000
2001-12-06 14:00:00,-0.0005114027380770853,75.61334991455078,17972900
2001-12-07 14:00:00,-0.00664669315563346,75.11077117919922,18857800
2001-12-10 14:00:00,-0.018703353476041806,73.70594787597656,13862700
2001-12-11 14:00:00,-0.0020109129836847644,73.55773162841797,20833300
2001-12-12 14:00:00,0.0011390510404186796,73.64151763916016,16171500
2001-12-13 14:00:00,-0.019425961018161294,72.2109603881836,19026700
2001-12-14 14:00:00,0.009548819393048056,72.9004898071289,16721900
2001-12-17 14:00:00,0.010342103310517516,73.65443420410156,13925900
2001-12-18 14:00:00,0.005948808549876663,74.09259033203125,13663700
2001-12-19 14:00:00,0.007045075799076226,74.61457824707031,20143400
2001-12-20 14:00:00,-0.009845415312781892,73.87996673583984,14867900
2001-12-21 14:00:00,0.0060649996204921825,74.32804870605469,14037700
2001-12-24 14:00:00,-0.0019135060764749608,74.18582153320312,5728800
2001-12-26 14:00:00,0.005490820145944686,74.5931625366211,10304800
2001-12-27 14:00:00,0.006067867946190451,75.04578399658203,9407300
2001-12-28 14:00:00,-0.0005164490548931463,75.00702667236328,10593800
2001-12-31 14:00:00,-0.014655507637274787,73.90776062011719,14619500
2002-01-02 14:00:00,0.01076085877109657,74.70307159423828,18651900
2002-01-03 14:00:00,0.011339040539424016,75.55013275146484,15743000
2002-01-04 14:00:00,0.006676289145768844,76.05452728271484,20140700
2002-01-07 14:00:00,-0.007056945400360872,75.51781463623047,13106500
2002-01-08 14:00:00,-0.002312019947726224,75.34321594238281,12683700
2002-01-09 14:00:00,-0.00815289650450119,74.72895050048828,16610300
2002-01-10 14:00:00,0.0044130230172458595,75.05873107910156,12823400
2002-01-11 14:00:00,-0.009821105664936455,74.32157135009766,13708400
2002-01-14 14:00:00,-0.006264039837080147,73.85601806640625,12301100
2002-01-15 14:00:00,0.008142488329062185,74.45738983154297,20219900
2002-01-16 14:00:00,-0.02023458905109691,72.95077514648438,17067000
2002-01-17 14:00:00,0.007534247721455073,73.50040435791016,17283400
2002-01-18 14:00:00,-0.004574705115143538,73.1641616821289,17028000
2002-01-22 14:00:00,-0.006893906664943998,72.65977478027344,11689300
2002-01-23 14:00:00,0.007653778557029848,73.21589660644531,12438900
2002-01-24 14:00:00,0.003091005375471237,73.44220733642578,12142800
2002-01-25 14:00:00,-0.0002640705066175009,73.42281341552734,12810700
2002-01-28 14:00:00,0.002729414698646827,73.62321472167969,10589200
2002-01-29 14:00:00,-0.03144205426312407,71.308349609375,27720800
2002-01-30 14:00:00,0.014418616196303056,72.33651733398438,34711800
2002-01-31 14:00:00,0.01170948010039138,73.18354034423828,19909200
2002-02-01 14:00:00,-0.004682499413853572,72.84085845947266,15838500
2002-02-04 14:00:00,-0.024855780062356263,71.03034210205078,24243400
2002-02-05 14:00:00,-0.00619091826082436,70.5905990600586,33614000
2002-02-06 14:00:00,-0.004304697209420509,70.28672790527344,29486000
2002-02-07 14:00:00,-0.006255765188238484,69.84703063964844,23445400
2002-02-08 14:00:00,0.01916321044588798,71.1855239868164,19277800
2002-02-11 14:00:00,0.012262994552554873,72.0584716796875,18792400
2002-02-12 14:00:00,-0.0031411834261387797,71.83212280273438,13942500
2002-02-13 14:00:00,0.010621783120450166,72.59510803222656,16781100
2002-02-14 14:00:00,-0.0018702734765247888,72.45933532714844,20453800
2002-02-15 14:00:00,-0.010441289659580159,71.70276641845703,18366800
2002-02-19 14:00:00,-0.0192080951456259,70.32549285888672,15988100
2002-02-20 14:00:00,0.016826426279952827,71.50881958007812,29242800
2002-02-21 14:00:00,-0.02070639693308427,70.02812957763672,26288600
2002-02-22 14:00:00,0.012372194967777122,70.89453125,26572900
2002-02-25 14:00:00,0.016508635978566312,72.06490325927734,17458700
2002-02-26 14:00:00,-0.0020637981911540404,71.91617584228516,22346500
2002-02-27 14:00:00,0.0038664585516301007,72.1942367553711,28597900
2002-02-28 14:00:00,-0.004477924402304937,71.87095642089844,23755400
2002-03-01 14:00:00,0.02330156142021407,73.54566192626953,26273600
2002-03-04 14:00:00,0.01767167435512253,74.8453369140625,27184600
2002-03-05 14:00:00,-0.003196900183157651,74.60606384277344,22718900
2002-03-06 14:00:00,0.011874708935667343,75.49198913574219,20143200
2002-03-07 14:00:00,-0.0021419145202885613,75.33029174804688,19330800
2002-03-08 14:00:00,0.0042063293041751755,75.64715576171875,19930100
2002-03-11 14:00:00,0.002136512498356063,75.80877685546875,15621800
2002-03-12 14:00:00,-0.0005969964196317221,75.76351928710938,17153600
2002-03-13 14:00:00,-0.009644351388594062,75.03282928466797,17175300
2002-03-14 14:00:00,-0.0013784859593624738,74.92939758300781,11168100
2002-03-15 14:00:00,0.00952852141695073,75.64336395263672,21220100
2002-03-18 14:00:00,0.00017105866858462164,75.65630340576172,17548900
2002-03-19 14:00:00,0.00668557603885998,76.162109375,17912000
2002-03-20 14:00:00,-0.018816214418515196,74.7290267944336,17114500
2002-03-21 14:00:00,0.0004337979330636211,74.76144409179688,25846800
2002-03-22 14:00:00,-0.0021682532697794047,74.5993423461914,15235400
2002-03-25 14:00:00,-0.01243050005190284,73.67203521728516,17499600
2002-03-26 14:00:00,0.005809239752407253,74.10001373291016,19947600
2002-03-27 14:00:00,0.002625396694979849,74.2945556640625,19020300
2002-03-28 14:00:00,-0.00043592399867898083,74.26216888427734,17532900
2002-04-01 14:00:00,0.0004361141112862531,74.2945556640625,17711000
2002-04-02 14:00:00,-0.005498598470969618,73.88603973388672,15669500
2002-04-03 14:00:00,-0.007021711535604045,73.36723327636719,25658500
2002-04-04 14:00:00,-0.004154261630403925,73.06244659423828,23549000
2002-04-05 14:00:00,0.00017783224477653024,73.075439453125,19404900
2002-04-08 13:00:00,0.0021295357430416583,73.2310562133789,16470100
2002-04-09 13:00:00,-0.006994813065860739,72.71881866455078,15122700
2002-04-10 13:00:00,0.011324463213750004,73.54232025146484,17199300
2002-04-11 13:00:00,-0.024865397928218937,71.71366119384766,25453700
2002-04-12 13:00:00,0.007505383443410092,72.25189971923828,14950600
2002-04-15 13:00:00,-0.007628877148436448,71.70069885253906,17394900
2002-04-16 13:00:00,0.023785177071520034,73.40611267089844,15040900
2002-04-17 13:00:00,-0.002119111330619823,73.25055694580078,12920100
2002-04-18 13:00:00,-0.004338254264070033,72.93277740478516,25204800
2002-04-19 13:00:00,0.0036455045245827556,73.19865417480469,10499200
2002-04-22 13:00:00,-0.016655003484362683,71.97953033447266,13922900
2002-04-23 13:00:00,-0.004324553042073979,71.66825103759766,16967000
2002-04-24 13:00:00,-0.010043006478490215,70.948486328125,18902700
2002-04-25 13:00:00,0.0005484248378383028,70.98739624023438,25451500
2002-04-26 13:00:00,-0.01900088774630661,69.6385726928711,19769800
2002-04-29 13:00:00,-0.004934886428262556,69.29491424560547,17724400
2002-04-30 13:00:00,0.009357429015825054,69.9433364868164,19473500
2002-05-01 13:00:00,0.012238736517346445,70.79935455322266,24575600
2002-05-02 13:00:00,-0.0038473835625782546,70.52696228027344,15666800
2002-05-03 13:00:00,-0.010849286735012889,69.76179504394531,18185500
2002-05-06 13:00:00,-0.0196130325428612,68.3935546875,23630400
2002-05-07 13:00:00,-0.0035085136003426857,68.15359497070312,21910000
2002-05-08 13:00:00,0.03720239094739208,70.68907165527344,27917400
2002-05-09 13:00:00,-0.01155832294877327,69.87202453613281,18085600
2002-05-10 13:00:00,-0.01883970175140141,68.55565643310547,18958900
2002-05-13 13:00:00,0.020336584897360004,69.94984436035156,14677700
2002-05-14 13:00:00,0.02178532373899843,71.47372436523438,34201200
2002-05-15 13:00:00,-0.003900961166089039,71.19490814208984,29535300
2002-05-16 13:00:00,0.005191574188469596,71.56452178955078,28092000
2002-05-17 13:00:00,0.004892802372681329,71.9146728515625,27823700
2002-05-20 13:00:00,-0.010819966051347336,71.13655853271484,13833800
2002-05-21 13:00:00,-0.009116248361354357,70.4880599975586,16877200
2002-05-22 13:00:00,0.0022081367800081634,70.64370727539062,15844200
2002-05-23 13:00:00,0.01064765235632673,71.3958969116211,13879800
2002-05-24 13:00:00,-0.012806578497570475,70.48155975341797,11877000
2002-05-28 13:00:00,-0.005428029545713599,70.09898376464844,24236900
2002-05-29 13:00:00,-0.007400184631847535,69.58023834228516,14773300
2002-05-30 13:00:00,-0.0027961558421850125,69.38568115234375,18217900
2002-05-31 13:00:00,0.0020564031966502907,69.52836608886719,19826300
2002-06-03 13:00:00,-0.026580939211181293,67.68023681640625,26056300
2002-06-04 13:00:00,0.0024911554343914947,67.84883880615234,25856200
2002-06-05 13:00:00,0.009365818355681602,68.48429870605469,19695900
2002-06-06 13:00:00,-0.020357774754037654,67.0901107788086,22998500
2002-06-07 13:00:00,-0.0011599298811015013,67.01229095458984,24011600
2002-06-10 13:00:00,0.003870809085511534,67.27168273925781,18759900
2002-06-11 13:00:00,-0.017158279835153854,66.11741638183594,19990700
2002-06-12 13:00:00,0.006080675807066166,66.51945495605469,31266000
2002-06-13 13:00:00,-0.010040902239495676,65.8515396118164,21043900
2002-06-14 13:00:00,-0.00147706722503801,65.7542724609375,39267500
2002-06-17 13:00:00,0.026824368478016704,67.5180892944336,17647200
2002-06-18 13:00:00,0.0081634119726351,68.06926727294922,21628500
2002-06-19 13:00:00,-0.023339339103729834,66.48057556152344,21540700
2002-06-20 13:00:00,-0.012778092351139156,65.6310806274414,25691000
2002-06-21 13:00:00,-0.015636455745997306,64.60484313964844,31190700
2002-06-24 13:00:00,0.005237907076217134,64.9432373046875,37169700
2002-06-25 13:00:00,-0.022444855878123737,63.485595703125,33355000
2002-06-26 13:00:00,0.0016400911216480731,63.589717864990234,37913600
2002-06-27 13:00:00,0.01749999385110545,64.7025375366211,31616400
2002-06-28 13:00:00,-0.00472838828817133,64.39659881591797,28184200
2002-07-01 13:00:00,-0.019502781262591685,63.14068603515625,20270200
2002-07-02 13:00:00,-0.02123018481445572,61.80019760131836,34213900
2002-07-03 13:00:00,0.005686534982668182,62.15162658691406,30565800
2002-07-05 13:00:00,0.039785974998827696,64.6243896484375,19013500
2002-07-08 13:00:00,-0.012486175465571597,63.81747817993164,19118600
2002-07-09 13:00:00,-0.02518600671669087,62.21017074584961,28620400
2002-07-10 13:00:00,-0.036401775984740765,59.94561004638672,50522500
2002-07-11 13:00:00,0.008141586477915581,60.43366241455078,59476500
2002-07-12 13:00:00,-0.010982859709580451,59.769927978515625,39018600
2002-07-15 13:00:00,0.005334391774285041,60.08876419067383,77317200
2002-07-16 13:00:00,-0.01927677464363208,58.93044662475586,53282400
2002-07-17 13:00:00,0.0019879904944653,59.04759979248047,48880600
2002-07-18 13:00:00,-0.03240053249007331,57.13442611694336,32656700
2002-07-19 13:00:00,-0.0351934478552987,55.1236686706543,77572600
2002-07-22 13:00:00,-0.029631346364953792,53.49028015136719,78134000
2002-07-23 13:00:00,-0.027371040516165988,52.02619552612305,74484100
2002-07-24 13:00:00,0.0596622539888425,55.13019561767578,107022800
2002-07-25 13:00:00,-0.00849893267737103,54.66164779663086,87176600
2002-07-26 13:00:00,0.01904750871697649,55.702816009521484,41206800
2002-07-29 13:00:00,0.04871471403646543,58.41636276245117,53492900
2002-07-30 13:00:00,0.013033337449527374,59.1777229309082,47532200
2002-07-31 13:00:00,0.0024199570878390727,59.32093048095703,44669900
2002-08-01 13:00:00,-0.026108273711939314,57.77216339111328,66571900
2002-08-02 13:00:00,-0.022415145808156636,56.47719192504883,51772900
2002-08-05 13:00:00,-0.03479645639691629,54.511985778808594,47191300
2002-08-06 13:00:00,0.03366370445325714,56.34706115722656,64730000
2002-08-07 13:00:00,0.01743830700118421,57.32965850830078,43289400
2002-08-08 13:00:00,0.03234966390141055,59.18425369262695,48339800
2002-08-09 13:00:00,0.0037379154880337784,59.405479431152344,41879200
2002-08-12 13:00:00,-0.007338890462145833,58.96950912475586,25841700
2002-08-13 13:00:00,-0.018207843282108234,57.89580154418945,49690500
2002-08-14 13:00:00,0.03652847390435959,60.01064682006836,57423600
2002-08-15 13:00:00,0.013880809698748957,60.84364318847656,45551500
2002-08-16 13:00:00,-0.0029949599355377334,60.66141891479492,36517300
2002-08-19 13:00:00,0.02338557216636596,62.080020904541016,33669900
2002-08-20 13:00:00,-0.010587256101101733,61.42276382446289,30508300
2002-08-21 13:00:00,0.0144080631941814,62.30774688720703,39628900
2002-08-22 13:00:00,0.00971359532330958,62.91297912597656,38399800
2002-08-23 13:00:00,-0.021514577141034642,61.55943298339844,33716400
2002-08-26 13:00:00,0.006976449046800248,61.98889923095703,33830100
2002-08-27 13:00:00,-0.011546817978909316,61.27312469482422,35335700
2002-08-28 13:00:00,-0.02187795060533363,59.932594299316406,38970600
2002-08-29 13:00:00,0.00043409159332619184,59.95861053466797,42965700
2002-08-30 13:00:00,-0.003907037821474902,59.72434997558594,30366700
2002-09-03 13:00:00,-0.038134294134403994,57.44680404663086,76586400
2002-09-04 13:00:00,0.014272741791055183,58.266727447509766,51099500
2002-09-05 13:00:00,-0.008487932617153039,57.77216339111328,67250900
2002-09-06 13:00:00,0.01374197025400297,58.56606674194336,38622200
2002-09-09 13:00:00,0.007332956723108046,58.99552917480469,33998400
2002-09-10 13:00:00,0.011471275997838778,59.67228317260742,41416600
2002-09-11 13:00:00,-0.006215730488493346,59.30137634277344,27711200
2002-09-12 13:00:00,-0.018434852529670965,58.20816421508789,43601700
2002-09-13 13:00:00,0.002459544813162084,58.3513298034668,41131000
2002-09-16 13:00:00,0.002453444920001378,58.49449157714844,28167600
2002-09-17 13:00:00,-0.02291753347793593,57.1539421081543,47609700
2002-09-18 13:00:00,-0.010018846575182096,56.58132553100586,54719400
2002-09-19 13:00:00,-0.02587724014669183,55.117156982421875,48510500
2002-09-20 13:00:00,0.0003322805923771884,55.13547134399414,46325600
2002-09-23 13:00:00,-0.008180340269332552,54.684444427490234,46893800
2002-09-24 13:00:00,-0.01613657403709568,53.802024841308594,69507000
2002-09-25 13:00:00,0.024784318185395535,55.13547134399414,59294400
2002-09-26 13:00:00,0.016360196224661644,56.037498474121094,53638000
2002-09-27 13:00:00,-0.03475961092707681,54.089656829833984,64648300
2002-09-30 13:00:00,-0.01160178877924611,53.462120056152344,73096400
2002-10-01 13:00:00,0.04805007915218611,56.03097915649414,67198100
2002-10-02 13:00:00,-0.029981444269662996,54.35108947753906,56749100
2002-10-03 13:00:00,-0.010102182707071092,53.802024841308594,55547000
2002-10-04 13:00:00,-0.018345238096926248,52.81501388549805,68483700
2002-10-07 13:00:00,-0.02066804818644291,51.72343063354492,53188000
2002-10-08 13:00:00,0.0156699759355179,52.533935546875,79531000
2002-10-09 13:00:00,-0.02824458067469409,51.05013656616211,79956400
2002-10-10 13:00:00,0.03239450185903412,52.703880310058594,76749000
2002-10-11 13:00:00,0.043780163384410806,55.01126480102539,82308300
2002-10-14 13:00:00,0.005584890734423637,55.31849670410156,40631900
2002-10-15 13:00:00,0.04809186857114328,57.97886657714844,82320300
2002-10-16 13:00:00,-0.02423939450004382,56.57349395751953,62977800
2002-10-17 13:00:00,0.019872826104106955,57.69776916503906,68534100
2002-10-18 13:00:00,0.004191833402489791,57.93962860107422,47448700
2002-10-21 13:00:00,0.017260595267769893,58.939701080322266,45859100
2002-10-22 13:00:00,-0.007208934177627936,58.514808654785156,40966800
2002-10-23 13:00:00,0.007596236752823107,58.95930099487305,54905800
2002-10-24 13:00:00,-0.020398843749997977,57.75659942626953,54987400
2002-10-25 13:00:00,0.020823621552353528,58.95930099487305,43672100
2002-10-28 14:00:00,-0.006540445878437951,58.57368087768555,39416100
2002-10-29 14:00:00,-0.011606188812457183,57.893863677978516,59508200
2002-10-30 14:00:00,0.009709730070690077,58.455997467041016,41688600
2002-10-31 14:00:00,-0.010175289053581633,57.86119079589844,41620600
2002-11-01 14:00:00,0.019769693546213586,59.005088806152344,51878900
2002-11-04 14:00:00,0.009526611037230175,59.56720733642578,49080600
2002-11-05 14:00:00,0.007901154683652184,60.03785705566406,37270800
2002-11-06 14:00:00,0.012955502166525485,60.815677642822266,65013100
2002-11-07 14:00:00,-0.024505369778136568,59.32536697387695,51572000
2002-11-08 14:00:00,-0.012229718394456097,58.59983444213867,37905400
2002-11-11 14:00:00,-0.015505225857080597,57.69123077392578,33505100
2002-11-12 14:00:00,0.00793134617126693,58.148799896240234,37724500
2002-11-13 14:00:00,0.0010115224603711032,58.207618713378906,63891500
2002-11-14 14:00:00,0.01886579646155151,59.30575180053711,31896800
2002-11-15 14:00:00,0.007384486185349162,59.74369430541992,39152100
2002-11-18 14:00:00,-0.01006592556462361,59.14231872558594,28934800
2002-11-19 14:00:00,-0.0013258036543805636,59.063907623291016,32806600
2002-11-20 14:00:00,0.022245008137503956,60.377784729003906,36688400
2002-11-21 14:00:00,0.018619539421901157,61.501991271972656,55128200
2002-11-22 14:00:00,-0.0071204756519168575,61.06406784057617,32513800
2002-11-25 14:00:00,0.0006423832111026908,61.103294372558594,33846400
2002-11-26 14:00:00,-0.01904143012344594,59.93980026245117,42284700
2002-11-27 14:00:00,0.02813517259971594,61.626216888427734,37764000
2002-11-29 14:00:00,-0.0031817506257991747,61.430137634277344,19385700
2002-12-02 14:00:00,0.0015959842871835278,61.52817916870117,49911900
2002-12-03 14:00:00,-0.013385749101802236,60.7045783996582,34407700
2002-12-04 14:00:00,-0.004522494679150029,60.4300422668457,64040800
2002-12-05 14:00:00,-0.011033197690629468,59.7633056640625,36724900
2002-12-06 14:00:00,0.006562563191790531,60.1555061340332,49824100
2002-12-09 14:00:00,-0.027491081622927436,58.501766204833984,36789600
2002-12-10 14:00:00,0.013407962643438883,59.286155700683594,33319900
2002-12-11 14:00:00,0.0008818319455445449,59.338436126708984,39201000
2002-12-12 14:00:00,-0.00011044527510548713,59.33188247680664,34465600
2002-12-13 14:00:00,-0.015753563330484457,58.397193908691406,36862200
2002-12-16 14:00:00,0.025856071611056727,59.9071159362793,37098400
2002-12-17 14:00:00,-0.008728888174575981,59.384193420410156,32353900
2002-12-18 14:00:00,-0.011557112674653968,58.69788360595703,35612600
2002-12-19 14:00:00,-0.007127242222773615,58.2795295715332,39264200
2002-12-20 14:00:00,0.014268706223982791,59.11110305786133,31176900
2002-12-23 14:00:00,0.0003335135778036905,59.13081741333008,22599300
2002-12-24 14:00:00,-0.0074423308387721425,58.69074630737305,10937000
2002-12-26 14:00:00,0.000446721433210791,58.71696472167969,17485600
2002-12-27 14:00:00,-0.02248513867323272,57.396705627441406,22205700
2002-12-30 14:00:00,0.008354201279498973,57.8762092590332,29968000
2002-12-31 14:00:00,0.0013621892207179576,57.955047607421875,34036600
2003-01-02 14:00:00,0.03218830417609452,59.82052230834961,44516300
2003-01-03 14:00:00,0.0030746242520927882,60.00444793701172,32222600
2003-01-06 14:00:00,0.017624692891953023,61.062007904052734,40984500
2003-01-07 14:00:00,-0.0024743489411127194,60.910919189453125,38640400
2003-01-08 14:00:00,-0.014450288562368702,60.030738830566406,38702200
2003-01-09 14:00:00,0.015537821212556788,60.96348571777344,34804900
2003-01-10 14:00:00,0.0026932250194791232,61.1276741027832,37768900
2003-01-13 14:00:00,-0.0003221367011616704,61.10798263549805,31649900
2003-01-14 14:00:00,0.0032249020871408995,61.305049896240234,30733000
2003-01-15 14:00:00,-0.009964686777861222,60.69416427612305,33511800
2003-01-16 14:00:00,-0.00411285273708219,60.44453811645508,44812100
2003-01-17 14:00:00,-0.014779138100921966,59.55121994018555,35618300
2003-01-21 14:00:00,-0.015552948418726674,58.625022888183594,36826200
2003-01-22 14:00:00,-0.012100637953779617,57.91562271118164,42286500
2003-01-23 14:00:00,0.006124329668764799,58.27031707763672,55919800
2003-01-24 14:00:00,-0.02626529487573791,56.739830017089844,68633900
2003-01-27 14:00:00,-0.013659938015353765,55.96476745605469,57884400
2003-01-28 14:00:00,0.007393720381698974,56.37855529785156,46929100
2003-01-29 14:00:00,0.007572686121805498,56.80549240112305,53712200
2003-01-30 14:00:00,-0.023704573816287305,55.45894241333008,49845900
2003-01-31 14:00:00,0.01930599662448569,56.529632568359375,55317000
2003-02-03 14:00:00,0.001975584699111351,56.64131164550781,39696000
2003-02-04 14:00:00,-0.009857504421417305,56.082969665527344,43633400
2003-02-05 14:00:00,-0.006207669339307381,55.734825134277344,55270600
2003-02-06 14:00:00,-0.004713854030135758,55.47209930419922,53638000
2003-02-07 14:00:00,-0.012196941783472305,54.795509338378906,43165000
2003-02-10 14:00:00,0.0070726663312985225,55.18305969238281,45455900
2003-02-11 14:00:00,-0.006904094786168971,54.80207061767578,46861000
2003-02-12 14:00:00,-0.01594107322870042,53.928466796875,35873600
2003-02-13 14:00:00,0.003044770950378241,54.09266662597656,57934100
2003-02-14 14:00:00,0.021858498844998485,55.27505111694336,59580900
2003-02-18 14:00:00,0.01758761873600891,56.24720764160156,39492700
2003-02-19 14:00:00,-0.005256133862982022,55.95156478881836,31432000
2003-02-20 14:00:00,-0.009978069001750621,55.39327621459961,29280100
2003-02-21 14:00:00,0.010078634310342631,55.95156478881836,60955800
2003-02-24 14:00:00,-0.016199908272561802,55.0451545715332,30628600
2003-02-25 14:00:00,0.007994937128878886,55.48523712158203,56770600
2003-02-26 14:00:00,-0.01456144541104571,54.67729187011719,37787200
2003-02-27 14:00:00,0.013215008605121882,55.39985275268555,51126000
2003-02-28 14:00:00,0.006639656610230343,55.7676887512207,43666800
2003-03-03 14:00:00,-0.00954076378507254,55.23562240600586,42923100
2003-03-04 14:00:00,-0.01593473671081426,54.3554573059082,31440500
2003-03-05 14:00:00,0.008458513840697252,54.815223693847656,43974700
2003-03-06 14:00:00,-0.008387567485035299,54.3554573059082,41217700
2003-03-07 14:00:00,0.006887732203837797,54.72984313964844,63538000
2003-03-10 14:00:00,-0.02400401474862516,53.416107177734375,41014100
2003-03-11 14:00:00,-0.009837451487968902,52.890628814697266,48102700
2003-03-12 14:00:00,0.006706329718489652,53.245330810546875,62459800
2003-03-13 14:00:00,0.034542479895319826,55.084556579589844,72117800
2003-03-14 14:00:00,0.003219717666501432,55.26191329956055,63951800
2003-03-17 14:00:00,0.03149818877182805,57.0025634765625,88217500
2003-03-18 14:00:00,0.005877447988607283,57.33759307861328,50792300
2003-03-19 14:00:00,0.007675421234371825,57.77768325805664,49630800
2003-03-20 14:00:00,0.0021601638919870516,57.90249252319336,67321600
2003-03-21 14:00:00,0.021344914756386064,59.1384162902832,71165300
2003-03-24 14:00:00,-0.03323326311582419,57.17305374145508,65398900
2003-03-25 14:00:00,0.009574198571042823,57.72043991088867,61040100
2003-03-26 14:00:00,-0.005027008339861293,57.43027877807617,45740800
2003-03-27 14:00:00,0.000803387418786964,57.476417541503906,53120200
2003-03-28 14:00:00,-0.005048882007669958,57.18622589111328,32583000
2003-03-31 14:00:00,-0.022719125428773187,55.88700485229492,61119500
2003-04-01 14:00:00,0.015340560009004505,56.74434280395508,53574000
2003-04-02 14:00:00,0.024175087792161834,58.11614227294922,50431200
2003-04-03 14:00:00,-0.004765537422944498,57.83918762207031,48755500
2003-04-04 14:00:00,0.005928890511638287,58.18210983276367,36250100
2003-04-07 13:00:00,-0.0019264243833845471,58.07002639770508,69776200
2003-04-08 13:00:00,0.0015900586419933535,58.16236114501953,39712700
2003-04-09 13:00:00,-0.01315361259334184,57.397315979003906,55647300
2003-04-10 13:00:00,0.005515286685246573,57.7138786315918,41812400
2003-04-11 13:00:00,-0.004114453849197854,57.476417541503906,47730100
2003-04-14 13:00:00,0.020654806917695764,58.66358184814453,36711700
2003-04-15 13:00:00,0.009331131790458585,59.21097946166992,49709800
2003-04-16 13:00:00,-0.017041576935359893,58.20193099975586,51788000
2003-04-17 13:00:00,0.014844447771088006,59.0659065246582,37403100
2003-04-21 13:00:00,0.0010044709387046684,59.12523651123047,32052700
2003-04-22 13:00:00,0.018851142301284585,60.23981475830078,59763600
2003-04-23 13:00:00,0.009195956357804,60.79377746582031,44227100
2003-04-24 13:00:00,-0.008896182176462365,60.25294494628906,49692400
2003-04-25 13:00:00,-0.01236794195207227,59.50774002075195,43917200
2003-04-28 13:00:00,0.01728871585592884,60.53655242919922,46432900
2003-04-29 13:00:00,0.003486103414556438,60.747589111328125,52017100
2003-04-30 13:00:00,-0.002170852973785993,60.61571502685547,48709100
2003-05-01 13:00:00,-0.00010881025769214262,60.6091194152832,50240400
2003-05-02 13:00:00,0.014254813772912512,61.47309112548828,50201500
2003-05-05 13:00:00,-0.001931516130325399,61.35435485839844,35437800
2003-05-06 13:00:00,0.009459839902271098,61.934757232666016,44401000
2003-05-07 13:00:00,-0.005537630517697746,61.5917854309082,41413100
2003-05-08 13:00:00,-0.010064959456932672,60.971866607666016,40570700
2003-05-09 13:00:00,0.013844981380380117,61.81602096557617,33608100
2003-05-12 13:00:00,0.012269157236428766,62.5744514465332,35662300
2003-05-13 13:00:00,-0.0017909573904181645,62.46238327026367,39253600
2003-05-14 13:00:00,-0.0021120499832082773,62.33045959472656,32195100
2003-05-15 13:00:00,0.006348764923600128,62.72618103027344,43879200
2003-05-16 13:00:00,-0.002523582260778438,62.56788635253906,38905000
2003-05-19 13:00:00,-0.023400181297218915,61.10378646850586,41606000
2003-05-20 13:00:00,-0.002051006271635438,60.97846221923828,55404600
2003-05-21 13:00:00,0.002055221543911601,61.10378646850586,49333800
2003-05-22 13:00:00,0.009929335083282292,61.710506439208984,38421800
2003-05-23 13:00:00,0.0020305941031606585,61.8358154296875,26155900
2003-05-27 13:00:00,0.017491422519390634,62.91741180419922,43719200
2003-05-28 13:00:00,0.002830340483618257,63.095489501953125,37727100
2003-05-29 13:00:00,-0.0026137683293889808,62.930572509765625,50844200
2003-05-30 13:00:00,0.016034736767067116,63.93964767456055,52529500
2003-06-02 13:00:00,0.004126446515937366,64.2034912109375,50305500
2003-06-03 13:00:00,0.004107884704965254,64.46723175048828,38254500
2003-06-04 13:00:00,0.014424754809227952,65.39715576171875,49360700
2003-06-05 13:00:00,0.004941589428325837,65.72032165527344,46262400
2003-06-06 13:00:00,-0.003913121913923855,65.46315002441406,60356800
2003-06-09 13:00:00,-0.010175649440479717,64.7970199584961,37808500
2003-06-10 13:00:00,0.010177939085666853,65.4565200805664,29965900
2003-06-11 13:00:00,0.010579499988169497,66.14901733398438,37610200
2003-06-12 13:00:00,0.0030907868761853707,66.35346984863281,36442000
2003-06-13 13:00:00,-0.010436488928125548,65.66097259521484,48628300
2003-06-16 13:00:00,0.02109346450832906,67.04598999023438,36326300
2003-06-17 13:00:00,0.0,67.04598999023438,36801800
2003-06-18 13:00:00,-0.0008858820107575776,66.9865951538086,35521000
2003-06-19 13:00:00,-0.015260703591441842,65.9643325805664,43551700
2003-06-20 13:00:00,-0.0022070124982694465,65.8187484741211,41545000
2003-06-23 13:00:00,-0.010257453493365883,65.14361572265625,34237500
2003-06-24 13:00:00,0.0010157517054509783,65.20978546142578,36213600
2003-06-25 13:00:00,-0.010048580952518007,64.55451965332031,47743400
2003-06-26 13:00:00,0.013021891460994719,65.3951416015625,33477300
2003-06-27 13:00:00,-0.011538274872740645,64.64059448242188,54208800
2003-06-30 13:00:00,-0.0003076987719903708,64.6207046508789,33349000
2003-07-01 13:00:00,0.009218574102726517,65.21641540527344,51322800
2003-07-02 13:00:00,0.012585332367186607,66.03718566894531,34662100
2003-07-03 13:00:00,-0.010324036643912295,65.35541534423828,30792800
2003-07-07 13:00:00,0.019849957945499,66.65271759033203,31391100
2003-07-08 13:00:00,0.0044688229176980425,66.95057678222656,30952500
2003-07-09 13:00:00,-0.005635105441996247,66.57330322265625,36528500
2003-07-10 13:00:00,-0.012726486769954626,65.72605895996094,49777700
2003-07-11 13:00:00,0.009466565043646747,66.34825897216797,39976300
2003-07-14 13:00:00,0.004888115184227403,66.67257690429688,42114900
2003-07-15 13:00:00,-0.002183911307911698,66.52696990966797,42573600
2003-07-16 13:00:00,-0.005870302642610979,66.13643646240234,39894200
2003-07-17 13:00:00,-0.01421111859018173,65.19656372070312,52253500
2003-07-18 13:00:00,0.010254119036997961,65.86509704589844,35698100
2003-07-21 13:00:00,-0.0123609561836056,65.05094146728516,34786000
2003-07-22 13:00:00,0.00905568462591937,65.64002227783203,49968300
2003-07-23 13:00:00,0.0007058698547079707,65.68635559082031,37275400
2003-07-24 13:00:00,-0.007557805539417318,65.18991088867188,40896200
2003-07-25 13:00:00,0.017667239505969403,66.34163665771484,43241100
2003-07-28 13:00:00,-0.0036916664433718884,66.09672546386719,34382800
2003-07-29 13:00:00,-0.004606258722007334,65.79226684570312,53472100
2003-07-30 13:00:00,-0.002414790055666338,65.63339233398438,28363300
2003-07-31 13:00:00,0.0023202017971102095,65.78567504882812,54937200
2003-08-01 13:00:00,-0.008854460224571072,65.20317840576172,49321000
2003-08-04 13:00:00,0.0,65.20317840576172,55214100
2003-08-05 13:00:00,-0.021216054505856386,63.81982421875,61415600
2003-08-06 13:00:00,0.005807536934882902,64.19046020507812,50096900
2003-08-07 13:00:00,0.010518124763180252,64.8656234741211,43427400
2003-08-08 13:00:00,0.00285695231524287,65.05094146728516,27357300
2003-08-11 13:00:00,0.0037646793349140786,65.29583740234375,34631400
2003-08-12 13:00:00,0.009123374589996139,65.89155578613281,43285600
2003-08-13 13:00:00,-0.005123117619583217,65.55398559570312,36152000
2003-08-14 13:00:00,0.002725931567502594,65.73268127441406,35525100
2003-08-15 13:00:00,0.003122550261069483,65.93793487548828,12567000
2003-08-18 13:00:00,0.008632454729857866,66.50714111328125,22873800
2003-08-19 13:00:00,0.0037810201963377334,66.75860595703125,37437700
2003-08-20 13:00:00,-0.0040643716749270645,66.48727416992188,21295300
2003-08-21 13:00:00,0.003185107325391124,66.69904327392578,46494200
2003-08-22 13:00:00,-0.009923044956766335,66.03718566894531,52040300
2003-08-25 13:00:00,0.00160335023717522,66.14306640625,23473000
2003-08-26 13:00:00,0.0018012564501959974,66.26220703125,45065800
2003-08-27 13:00:00,0.0002991323090527247,66.28202819824219,18919500
2003-08-28 13:00:00,0.00619172951976572,66.69242858886719,27402400
2003-08-29 13:00:00,0.0067487196148033925,67.14251708984375,28706600
2003-09-02 13:00:00,0.013407073049452623,68.0427017211914,49419100
2003-09-03 13:00:00,0.005448005621577547,68.41339874267578,44912400
2003-09-04 13:00:00,0.0004834349104240276,68.44647216796875,28381000
2003-09-05 13:00:00,-0.005608702126843745,68.06257629394531,31637300
2003-09-08 13:00:00,0.008265574484217077,68.62515258789062,32632800
2003-09-09 13:00:00,-0.00655809622321074,68.17510223388672,35053200
2003-09-10 13:00:00,-0.010097084249540082,67.48673248291016,45904900
2003-09-11 13:00:00,0.002942246790813217,67.68529510498047,38396300
2003-09-12 13:00:00,0.0018573777788949448,67.8110122680664,42524800
2003-09-15 13:00:00,-0.003513676956613459,67.57274627685547,21312800
2003-09-16 13:00:00,0.014594956810484939,68.55896759033203,37892600
2003-09-17 13:00:00,-0.0019303014935966537,68.42662811279297,31885800
2003-09-18 13:00:00,0.011800890084141551,69.23412322998047,30243600
2003-09-19 13:00:00,-0.005086584558862017,68.8819580078125,34331600
2003-09-22 13:00:00,-0.01080368203076127,68.13777923583984,36677400
2003-09-23 13:00:00,0.0038031767039471143,68.39691925048828,32489200
2003-09-24 13:00:00,-0.017777624588102895,67.18098449707031,41694700
2003-09-25 13:00:00,-0.008208122471905773,66.62955474853516,52673100
2003-09-26 13:00:00,-0.0032915509644784787,66.41024017333984,42914700
2003-09-29 13:00:00,0.009805476991674328,67.0614242553711,36771600
2003-09-30 13:00:00,-0.009710263228999275,66.41024017333984,70764500
2003-10-01 13:00:00,0.02131087481760919,67.82550048828125,65797600
2003-10-02 13:00:00,0.0036247371210696394,68.07135009765625,44591500
2003-10-03 13:00:00,0.009175378223066653,68.69593048095703,48806900
2003-10-06 13:00:00,0.004546033573767899,69.00822448730469,20226500
2003-10-07 13:00:00,0.003851168916111648,69.27398681640625,42602900
2003-10-08 13:00:00,-0.002493865557694595,69.10122680664062,30920800
2003-10-09 13:00:00,0.0026927641059590365,69.28730010986328,40066500
2003-10-10 13:00:00,0.0027798989718249762,69.47991180419922,22682800
2003-10-13 13:00:00,0.003156847176159627,69.69924926757812,23825600
2003-10-14 13:00:00,0.0035270731488393782,69.94508361816406,38484400
2003-10-15 13:00:00,-0.002660277085927092,69.7590103149414,39021700
2003-10-16 13:00:00,0.004000567400521444,70.0380859375,32772200
2003-10-17 13:00:00,-0.010909765891883602,69.27398681640625,32790300
2003-10-20 13:00:00,0.007481376405855584,69.79225158691406,27657000
2003-10-21 13:00:00,-0.0017137435080090207,69.67264556884766,26729100
2003-10-22 13:00:00,-0.01258818722854781,68.79559326171875,33914500
2003-10-23 13:00:00,-0.001834831659047134,68.66936492919922,45830500
2003-10-24 13:00:00,0.0022250662203572172,68.82215881347656,51723600
2003-10-27 14:00:00,0.00048289160280768874,68.85539245605469,32460200
2003-10-28 14:00:00,0.013606183879603955,69.79225158691406,34956200
2003-10-29 14:00:00,0.001332559377599666,69.88525390625,30955400
2003-10-30 14:00:00,0.0020914847161572054,70.03141784667969,39123100
2003-10-31 14:00:00,-0.0009483440638019304,69.96500396728516,25761600
2003-11-03 14:00:00,0.0065522390224343335,70.42343139648438,37589300
2003-11-04 14:00:00,-0.0021695372101740527,70.27064514160156,31421600
2003-11-05 14:00:00,0.0007563095827225277,70.32379150390625,33558800
2003-11-06 14:00:00,0.005290925502414977,70.69586944580078,28392300
2003-11-07 14:00:00,-0.007424579244524942,70.17098236083984,31723200
2003-11-10 14:00:00,-0.004071889048389603,69.88525390625,25530800
2003-11-11 14:00:00,-0.00028482532751091704,69.86534881591797,26558600
2003-11-12 14:00:00,0.011221645990653888,70.64935302734375,28000000
2003-11-13 14:00:00,0.0002821767936422642,70.6692886352539,29714800
2003-11-14 14:00:00,-0.008461188424838588,70.07134246826172,49158500
2003-11-17 14:00:00,-0.005026245071665612,69.71914672851562,44382100
2003-11-18 14:00:00,-0.010387571857476088,68.99493408203125,41155000
2003-11-19 14:00:00,0.008474004633704672,69.57959747314453,29827000
2003-11-20 14:00:00,-0.008976048847705856,68.95504760742188,53578700
2003-11-21 14:00:00,0.004143470358071785,69.24076080322266,30016000
2003-11-24 14:00:00,0.013242539687786657,70.15768432617188,28906400
2003-11-25 14:00:00,0.00378785407279135,70.42343139648438,37580000
2003-11-26 14:00:00,0.0035855973756681626,70.67594146728516,33053600
2003-11-28 14:00:00,0.0007517565724995485,70.72907257080078,10507500
2003-12-01 14:00:00,0.010803830301832643,71.49321746826172,38699000
2003-12-02 14:00:00,-0.002509401853147648,71.31381225585938,35352000
2003-12-03 14:00:00,-0.001583996309500426,71.20085144042969,39078600
2003-12-04 14:00:00,0.0041062153319422,71.49321746826172,36089500
2003-12-05 14:00:00,-0.006970513274324951,70.994873046875,28824400
2003-12-08 14:00:00,0.00673820904761086,71.47325134277344,32482900
2003-12-09 14:00:00,-0.007716151185581944,70.9217529296875,43596100
2003-12-10 14:00:00,-9.337494040355187e-05,70.91513061523438,36915400
2003-12-11 14:00:00,0.011243586328460026,71.71247100830078,45304000
2003-12-12 14:00:00,0.0019455296384476744,71.85198974609375,34142200
2003-12-15 14:00:00,-0.004993212840727713,71.49321746826172,38693400
2003-12-16 14:00:00,0.005204380989842978,71.86529541015625,32894200
2003-12-17 14:00:00,0.0031431511217971855,72.09117889404297,23198800
2003-12-18 14:00:00,0.01124462715370243,72.90181732177734,29353100
2003-12-19 14:00:00,-0.0027838746876500137,72.69886779785156,41465100
2003-12-22 14:00:00,0.006978643449438365,73.20620727539062,27611300
2003-12-23 14:00:00,0.0006381259793873741,73.25292205810547,24741200
2003-12-24 14:00:00,-0.0010024572440268389,73.17948913574219,8055800
2003-12-26 14:00:00,0.0007296871425976945,73.2328872680664,8308400
2003-12-29 14:00:00,0.013309710889330634,74.20759582519531,22483700
2003-12-30 14:00:00,0.00017981732040732272,74.22093963623047,19559500
2003-12-31 14:00:00,0.0008995417178790058,74.28770446777344,31501800
2004-01-02 14:00:00,-0.0004497260871324524,74.2542953491211,38072300
2004-01-05 14:00:00,0.010878527645939306,75.06207275390625,27959800
2004-01-06 14:00:00,0.000978600881269327,75.13552856445312,20472800
2004-01-07 14:00:00,0.0033754515054785846,75.38914489746094,30170400
2004-01-08 14:00:00,0.003985060425611497,75.6895751953125,36438400
2004-01-09 14:00:00,-0.00873187038443736,75.0286636352539,54084300
2004-01-12 14:00:00,0.007385584753222874,75.58279418945312,31564100
2004-01-13 14:00:00,-0.0058293364105500185,75.14219665527344,54239700
2004-01-14 14:00:00,0.008350460217535967,75.76966857910156,30112800
2004-01-15 14:00:00,0.002466851711591716,75.95658111572266,38408700
2004-01-16 14:00:00,0.003955490784700868,76.25702667236328,31922700
2004-01-20 14:00:00,-0.0002627271336599781,76.23699188232422,29863000
2004-01-21 14:00:00,0.007880883079218637,76.83780670166016,30725000
2004-01-22 14:00:00,-0.0026062215496830844,76.6375503540039,29888500
2004-01-23 14:00:00,-0.0032232832990062655,76.3905258178711,44245300
2004-01-26 14:00:00,0.012584069826007257,77.3518295288086,30460600
2004-01-27 14:00:00,-0.010269799980451064,76.55744171142578,35322800
2004-01-28 14:00:00,-0.01142324753000562,75.68290710449219,52621300
2004-01-29 14:00:00,0.000970371707001374,75.75634765625,60117100
2004-01-30 14:00:00,0.0,75.75634765625,30984400
2004-02-02 14:00:00,0.0043181272518675595,76.0834732055664,38832400
2004-02-03 14:00:00,-0.0016678009625152909,75.95658111572266,25093500
2004-02-04 14:00:00,-0.008172939923045715,75.3357925415039,39332600
2004-02-05 14:00:00,0.002924021914011496,75.55607604980469,37226800
2004-02-06 14:00:00,0.011221023001860191,76.40389251708984,37216000
2004-02-09 14:00:00,0.0002622221117148078,76.4239273071289,24851300
2004-02-10 14:00:00,0.0032319936524143815,76.67092895507812,27908100
2004-02-11 14:00:00,0.010622412535181163,77.48535919189453,42965700
2004-02-12 14:00:00,-0.003618394785194918,77.20498657226562,27814700
2004-02-13 14:00:00,-0.004496605138717546,76.85782623291016,44739900
2004-02-17 14:00:00,0.009033534053166451,77.5521240234375,23984300
2004-02-18 14:00:00,-0.004389806817806195,77.21168518066406,28618000
2004-02-19 14:00:00,-0.0037179764611488405,76.92461395263672,51146200
2004-02-20 14:00:00,-0.0030376895468984732,76.6909408569336,46728800
2004-02-23 14:00:00,-0.00252406602245217,76.49736785888672,36357000
2004-02-24 14:00:00,-0.0017454461170181943,76.36384582519531,43953000
2004-02-25 14:00:00,0.004195655940027747,76.68424224853516,31213600
2004-02-26 14:00:00,0.0006096810546288352,76.73099517822266,29683000
2004-02-27 14:00:00,0.000696410611810245,76.78443145751953,39312000
2004-03-01 14:00:00,0.009911281363243842,77.54546356201172,33130800
2004-03-02 14:00:00,-0.005854070414330366,77.09150695800781,38556400
2004-03-03 14:00:00,0.0018183909051556835,77.231689453125,31346200
2004-03-04 14:00:00,0.0025931273530778497,77.43196105957031,21060000
2004-03-05 14:00:00,0.003362543626754603,77.69232940673828,55905600
2004-03-08 14:00:00,-0.012201951648431072,76.74433135986328,39281600
2004-03-09 14:00:00,-0.004001179835079575,76.43726348876953,39746100
2004-03-10 14:00:00,-0.01676840055954889,75.15553283691406,67671800
2004-03-11 14:00:00,-0.012968812843970013,74.18085479736328,89134800
2004-03-12 14:00:00,0.013139212836159252,75.15553283691406,54012200
2004-03-15 14:00:00,-0.012257499046268999,74.23431396484375,57677200
2004-03-16 14:00:00,0.00530511693682657,74.62813568115234,59832600
2004-03-17 14:00:00,0.011181743301417479,75.46260833740234,41607300
2004-03-18 14:00:00,0.0002648863339377527,75.48259735107422,60014300
2004-03-19 14:00:00,-0.014332822399810787,74.40071868896484,48636200
2004-03-22 14:00:00,-0.01269574360805964,73.45614624023438,62752100
2004-03-23 14:00:00,-0.0017326468387556186,73.32887268066406,54080200
2004-03-24 14:00:00,0.0008220479053853137,73.38915252685547,51584300
2004-03-25 14:00:00,0.01323594125662226,74.36052703857422,49873600
2004-03-26 14:00:00,0.00027035115793914646,74.38063049316406,37409500
2004-03-29 14:00:00,0.014050255107640429,75.42569732666016,44113600
2004-03-30 14:00:00,0.003375109761620166,75.68026733398438,39059900
2004-03-31 14:00:00,0.001150655411870925,75.76734924316406,48517600
2004-04-01 14:00:00,0.006012298083834241,76.22288513183594,45103800
2004-04-02 14:00:00,0.007558740210632183,76.79903411865234,50987700
2004-04-05 13:00:00,0.005495319337390673,77.2210693359375,30251800
2004-04-06 13:00:00,-0.0032102885732577715,76.9731674194336,28420900
2004-04-07 13:00:00,-0.0023493841378360867,76.79232788085938,45890500
2004-04-08 13:00:00,-0.002268481372283694,76.61812591552734,46929700
2004-04-12 13:00:00,0.003934282838789699,76.91956329345703,23085200
2004-04-13 13:00:00,-0.014021720489811497,75.84101867675781,56210300
2004-04-14 13:00:00,0.0015902406224794113,75.96162414550781,62322300
2004-04-15 13:00:00,-0.003792117706305124,75.67356872558594,61602500
2004-04-16 13:00:00,0.007702129092502777,76.25641632080078,47059200
2004-04-19 13:00:00,0.0,76.25641632080078,28277600
2004-04-20 13:00:00,-0.016779453813330777,74.97687530517578,53299400
2004-04-21 13:00:00,0.006700572655814593,75.47926330566406,50177300
2004-04-22 13:00:00,0.01402364731071326,76.53775787353516,62071500
2004-04-23 13:00:00,0.0009625240618555283,76.6114273071289,29395700
2004-04-26 13:00:00,-0.0013990780166493171,76.50424194335938,35515200
2004-04-27 13:00:00,0.0008757859835150392,76.57124328613281,43485500
2004-04-28 13:00:00,-0.012947939419386299,75.57980346679688,50165800
2004-04-29 13:00:00,-0.008775138809310672,74.91658020019531,69687600
2004-04-30 13:00:00,-0.007779750955907379,74.33374786376953,48681400
2004-05-03 13:00:00,0.010724234540786054,75.13092041015625,33758000
2004-05-04 13:00:00,-0.0008021276336473198,75.0706558227539,51185100
2004-05-05 13:00:00,0.006424814838641291,75.55297088623047,34405000
2004-05-06 13:00:00,-0.008600529199639821,74.9031753540039,54997000
2004-05-07 13:00:00,-0.016546222749115908,73.66381072998047,60950000
2004-05-10 13:00:00,-0.0102763642999678,72.90681457519531,75279400
2004-05-11 13:00:00,0.008453709182106986,73.52314758300781,48300600
2004-05-12 13:00:00,0.0063780335973690925,73.99208068847656,90830500
2004-05-13 13:00:00,-0.004164857928562664,73.68391418457031,57393700
2004-05-14 13:00:00,0.00045496442393572596,73.71743774414062,54123100
2004-05-17 13:00:00,-0.008542486606697458,73.08770751953125,55020400
2004-05-18 13:00:00,0.005041049079349862,73.45614624023438,30193100
2004-05-19 13:00:00,-0.0034655014040234963,73.20158386230469,54804100
2004-05-20 13:00:00,0.0032029214529137925,73.43604278564453,38082900
2004-05-21 13:00:00,0.0017334328338671115,73.56333923339844,47480400
2004-05-24 13:00:00,0.004188820395237798,73.8714828491211,40961500
2004-05-25 13:00:00,0.01432845273263067,74.92994689941406,48668000
2004-05-26 13:00:00,0.0034868383941788076,75.19121551513672,35977000
2004-05-27 13:00:00,0.005613029037803703,75.61326599121094,45306900
2004-05-28 13:00:00,-8.828768506864544e-05,75.6065902709961,23367200
2004-06-01 13:00:00,-0.0013294776631102593,75.50607299804688,41044700
2004-06-02 13:00:00,0.003726583684391979,75.7874526977539,39774200
2004-06-03 13:00:00,-0.009193029766712272,75.09073638916016,38688300
2004-06-04 13:00:00,0.007940629282221124,75.68700408935547,32739500
2004-06-07 13:00:00,0.01522350756976979,76.83922576904297,31643800
2004-06-08 13:00:00,0.0013946324226123473,76.9463882446289,32846500
2004-06-09 13:00:00,-0.009315437175902832,76.22959899902344,36737600
2004-06-10 13:00:00,0.004921050413919099,76.60472869873047,21711000
2004-06-14 13:00:00,-0.009881746704798005,75.84774017333984,34633000
2004-06-15 13:00:00,0.007065220944695049,76.38362121582031,37445000
2004-06-16 13:00:00,-0.00017479454649005558,76.37026977539062,26633400
2004-06-17 13:00:00,-0.0014908085950814806,76.25641632080078,28402400
2004-06-18 13:00:00,0.0018865279831148942,76.40027618408203,31799800
2004-06-21 13:00:00,-0.0037844256459772015,76.11114501953125,25284000
2004-06-22 13:00:00,0.005035665454428811,76.49441528320312,37334000
2004-06-23 13:00:00,0.008613367515516229,77.15328979492188,35580000
2004-06-24 13:00:00,-0.003136472033602317,76.91130065917969,35272100
2004-06-25 13:00:00,-0.00480888744457598,76.54144287109375,32837900
2004-06-28 13:00:00,-0.003425786747790169,76.27922821044922,40824500
2004-06-29 13:00:00,0.004142799145955255,76.5952377319336,28418100
2004-06-30 13:00:00,0.005354554329497382,77.00537109375,52230600
2004-07-01 13:00:00,-0.013882250787853424,75.93636322021484,57734700
2004-07-02 13:00:00,-0.0005315915162776417,75.89599609375,34615100
2004-07-06 13:00:00,-0.008770145076720172,75.23037719726562,38698200
2004-07-07 13:00:00,0.0029490103843621625,75.45223236083984,29839800
2004-07-08 13:00:00,-0.006950380068101328,74.92781066894531,45291100
2004-07-09 13:00:00,0.00260280637144843,75.12283325195312,27412900
2004-07-12 13:00:00,0.00044675773117351344,75.1563949584961,35691300
2004-07-13 13:00:00,0.0007158737491877645,75.21019744873047,26752000
2004-07-14 13:00:00,-0.003039069680910364,74.98162841796875,54089400
2004-07-15 13:00:00,-0.006456456212011568,74.49751281738281,38403500
2004-07-16 13:00:00,-0.0008123272191679729,74.43699645996094,40871200
2004-07-19 13:00:00,-0.0042454312493504405,74.12097930908203,39592800
2004-07-20 13:00:00,0.012699706696269809,75.06229400634766,46679800
2004-07-21 13:00:00,-0.01845218281324563,73.67723083496094,56241100
2004-07-22 13:00:00,0.0027375934320124774,73.8789291381836,72477100
2004-07-23 13:00:00,-0.008372937810755434,73.26034545898438,49610500
2004-07-26 13:00:00,-0.0019268139773681108,73.11918640136719,49679100
2004-07-27 13:00:00,0.009379084333085208,73.80497741699219,51295100
2004-07-28 13:00:00,0.0030060681641462072,74.02684020996094,65862300
2004-07-29 13:00:00,0.004269056728304252,74.34286499023438,52200500
2004-07-30 13:00:00,0.0024415379379959584,74.52437591552734,41581700
2004-08-02 13:00:00,0.002075437914533481,74.67904663085938,38263100
2004-08-03 13:00:00,-0.007743096576617957,74.10079956054688,40948800
2004-08-04 13:00:00,-9.060451745887275e-05,74.09408569335938,40763200
2004-08-05 13:00:00,-0.016334076769573894,72.88382720947266,50772000
2004-08-06 13:00:00,-0.014299338984525222,71.84163665771484,74729000
2004-08-09 13:00:00,0.0014041419319663392,71.94251251220703,37476300
2004-08-10 13:00:00,0.012897192673873651,72.87036895751953,55870600
2004-08-11 13:00:00,-0.0020298881875856233,72.72245025634766,52933200
2004-08-12 13:00:00,-0.010909708549533319,71.92906951904297,50015900
2004-08-13 13:00:00,0.0019633243376803305,72.0702896118164,41634700
2004-08-16 13:00:00,0.010355588485218227,72.81661987304688,45731900
2004-08-17 13:00:00,0.005632204622274005,73.22673797607422,40701600
2004-08-18 13:00:00,0.01028373172466067,73.97978210449219,43165400
2004-08-19 13:00:00,-0.0029086249950756333,73.76460266113281,39881600
2004-08-20 13:00:00,0.0070186877474149485,74.28233337402344,44870900
2004-08-23 13:00:00,-0.0025342187316088377,74.09408569335938,33745100
2004-08-24 13:00:00,0.0013611473218790608,74.19493865966797,30453100
2004-08-25 13:00:00,0.006796177104105871,74.69918060302734,38551400
2004-08-26 13:00:00,0.0,74.69918060302734,26629500
2004-08-27 13:00:00,0.0031502493470770164,74.93450164794922,24902900
2004-08-30 13:00:00,-0.008254380682185522,74.31596374511719,26726500
2004-08-31 13:00:00,0.005247444188543337,74.7059326171875,44125300
2004-09-01 13:00:00,0.0018902443009782824,74.8471450805664,52778300
2004-09-02 13:00:00,0.011318335250523299,75.69429016113281,42736600
2004-09-03 13:00:00,-0.0040858136783490885,75.38501739501953,30480500
2004-09-07 13:00:00,0.0065998270394343,75.8825454711914,37338800
2004-09-08 13:00:00,-0.002480877636479187,75.69429016113281,32963100
2004-09-09 13:00:00,-0.0008879793400166629,75.6270751953125,34314800
2004-09-10 13:00:00,0.0051563708059405656,76.01703643798828,27900600
2004-09-13 13:00:00,0.0032724774569299273,76.26580047607422,44398100
2004-09-14 13:00:00,0.002027647999346959,76.42044067382812,28048900
2004-09-15 13:00:00,-0.007566354983437461,75.84221649169922,38295000
2004-09-16 13:00:00,0.0030142470553902604,76.0708236694336,23911700
2004-09-17 13:00:00,0.0042517341966581265,76.39425659179688,33683000
2004-09-20 13:00:00,-0.0060102976606357965,75.93510437011719,37149400
2004-09-21 13:00:00,0.004356892206805489,76.26594543457031,40920800
2004-09-22 13:00:00,-0.01248218096041247,75.31398010253906,49042100
2004-09-23 13:00:00,-0.005378889686466791,74.90887451171875,44068700
2004-09-24 13:00:00,0.004596547563079164,75.2531967163086,34981100
2004-09-27 13:00:00,-0.006369893629974572,74.77384185791016,39355100
2004-09-28 13:00:00,0.004785344642255695,75.13166046142578,41662900
2004-09-29 13:00:00,0.00503236455128362,75.50975036621094,33325700
2004-09-30 13:00:00,-0.0007153528255527263,75.45573425292969,43536700
2004-10-01 13:00:00,0.016911196552038626,76.73178100585938,62824300
2004-10-04 13:00:00,0.0016719052700363156,76.86006927490234,33082400
2004-10-05 13:00:00,0.0005270888426608041,76.90058135986328,36910600
2004-10-06 13:00:00,0.0068484459517042144,77.42723083496094,42297800
2004-10-07 13:00:00,-0.010725974233540148,76.59674835205078,39388800
2004-10-08 13:00:00,-0.008285216803030453,75.96212768554688,51872600
2004-10-11 13:00:00,0.0040882807506406865,76.2726821899414,20229100
2004-10-12 13:00:00,-0.0038945854209568205,75.97563171386719,41754700
2004-10-13 13:00:00,-0.008797806207057083,75.30721282958984,54212600
2004-10-14 13:00:00,-0.008068755637283681,74.69957733154297,64082200
2004-10-15 13:00:00,0.0056041130737819736,75.11820220947266,63482200
2004-10-18 13:00:00,0.003774467181392282,75.4017333984375,43535100
2004-10-19 13:00:00,-0.008417032140665802,74.76707458496094,55851900
2004-10-20 13:00:00,-0.001986454922361215,74.6185531616211,57118500
2004-10-21 13:00:00,0.0065147622240106055,75.10467529296875,53218300
2004-10-22 13:00:00,-0.011237164926880209,74.26071166992188,48752400
2004-10-25 13:00:00,-0.001181897570247085,74.17294311523438,43990900
2004-10-26 13:00:00,0.015292230114062997,75.30721282958984,54337400
2004-10-27 13:00:00,0.012013473861492846,76.2119140625,73896000
2004-10-28 13:00:00,0.003012338866749529,76.44149017333984,54413300
2004-10-29 13:00:00,-0.00017705758832992874,76.4279556274414,48820200
2004-11-01 14:00:00,0.002738889141223441,76.63728332519531,36720900
2004-11-02 14:00:00,0.00035231451422309325,76.6642837524414,56210000
2004-11-03 14:00:00,0.01259396762176718,77.62979125976562,76960200
2004-11-04 14:00:00,0.013653635760738084,78.6897201538086,55350300
2004-11-05 14:00:00,0.006263707677870285,79.18260955810547,63287200
2004-11-08 14:00:00,-0.0014495179177430378,79.06783294677734,33863800
2004-11-09 14:00:00,-0.001963607359967054,78.9125747680664,44658100
2004-11-10 14:00:00,0.0007695855907280018,78.97330474853516,45265400
2004-11-11 14:00:00,0.007609174173131222,79.57422637939453,37863200
2004-11-12 14:00:00,0.007890447828480147,80.20210266113281,55583700
2004-11-15 14:00:00,0.00245684796309068,80.3991470336914,35297900
2004-11-16 14:00:00,-0.007158801363854145,79.8235855102539,40028700
2004-11-17 14:00:00,0.005938464652840388,80.29761505126953,54494000
2004-11-18 14:00:00,0.0013490082300143594,80.40593719482422,31854300
2004-11-19 14:00:00,-0.011116554402343227,79.51210021972656,54276500
2004-11-22 14:00:00,0.004769325098039592,79.89131927490234,37560200
2004-11-23 14:00:00,0.0015250897315240441,80.0131607055664,41968800
2004-11-24 14:00:00,0.0023699676328500113,80.20278930664062,29724800
2004-11-26 14:00:00,-0.0007597737516100127,80.14185333251953,15487700
2004-11-29 14:00:00,-0.004562870269116052,79.77617645263672,61460800
2004-11-30 14:00:00,0.0006790084907620894,79.8303451538086,53685200
2004-12-01 14:00:00,0.011366534961503883,80.73773956298828,49898300
2004-12-02 14:00:00,0.0008389356082429629,80.80547332763672,60163500
2004-12-03 14:00:00,-0.0006703593078681772,80.75130462646484,49067900
2004-12-06 14:00:00,-0.00033559345573865284,80.72420501708984,33030500
2004-12-07 14:00:00,-0.009311213652275567,79.97256469726562,52047200
2004-12-08 14:00:00,0.0058421142809824385,80.43977355957031,43895100
2004-12-09 14:00:00,0.0035359554724366956,80.72420501708984,60922800
2004-12-10 14:00:00,0.0010067403021147123,80.80547332763672,47828600
2004-12-13 14:00:00,0.008715331919913779,81.50971984863281,38541000
2004-12-14 14:00:00,0.0034888851573274355,81.79409790039062,41500700
2004-12-15 14:00:00,0.0007453654146716568,81.85506439208984,46699200
2004-12-16 14:00:00,-0.0005791829493908373,81.80765533447266,51641800
2004-12-17 14:00:00,-0.006669499910143842,81.26203918457031,70761900
2004-12-20 14:00:00,0.00025095815692874535,81.28243255615234,47187400
2004-12-21 14:00:00,0.00770068963795345,81.90836334228516,33094200
2004-12-22 14:00:00,0.002408742337502805,82.10565948486328,31500700
2004-12-23 14:00:00,0.0007456963563464056,82.16688537597656,25646100
2004-12-27 14:00:00,-0.0020701448070703037,81.99678802490234,29944100
2004-12-28 14:00:00,0.005476538088034194,82.44584655761719,23422900
2004-12-29 14:00:00,0.001485331484048904,82.56830596923828,22650600
2004-12-30 14:00:00,-0.0018950522310546291,82.41183471679688,21076900
2004-12-31 14:00:00,-0.0021467551401218527,82.23491668701172,28648800
2005-01-03 14:00:00,-0.004715413136748002,81.8471450805664,55748000
2005-01-04 14:00:00,-0.012219761445632865,80.84699249267578,69167600
2005-01-05 14:00:00,-0.006900494367296773,80.28910827636719,65667300
2005-01-06 14:00:00,0.005084260656992334,80.69731903076172,47814700
2005-01-07 14:00:00,-0.0014333716643571302,80.58164978027344,55847700
2005-01-10 14:00:00,0.004728177377045517,80.96265411376953,56563300
2005-01-11 14:00:00,-0.006890542226174166,80.40477752685547,63099700
2005-01-12 14:00:00,0.003299801732927279,80.67009735107422,72720500
2005-01-13 14:00:00,-0.008012036781070878,80.02376556396484,55537500
2005-01-14 14:00:00,0.00527139469199509,80.44560241699219,42032500
2005-01-18 14:00:00,0.010402434863032316,81.28243255615234,57391700
2005-01-19 14:00:00,-0.010462414013486767,80.43202209472656,54378900
2005-01-20 14:00:00,-0.006090841295319675,79.94212341308594,72049300
2005-01-21 14:00:00,-0.006128166987874033,79.45222473144531,63160400
2005-01-24 14:00:00,-0.0019691832945040516,79.29576873779297,58441900
2005-01-25 14:00:00,0.002831493473536952,79.52029418945312,68245000
2005-01-26 14:00:00,0.0029950443658396273,79.75846099853516,57195100
2005-01-27 14:00:00,0.001705646425264114,79.89450073242188,55878800
2005-01-28 14:00:00,0.0,79.89450073242188,60738900
2005-01-31 14:00:00,0.00621623593430515,80.39114379882812,52532700
2005-02-01 14:00:00,0.006347330575566469,80.90141296386719,49841200
2005-02-02 14:00:00,0.0030276567794332468,81.14635467529297,52468900
2005-02-03 14:00:00,-0.0025993758000529333,80.9354248046875,48837100
2005-02-04 14:00:00,0.010676005960577536,81.79949188232422,50024600
2005-02-07 14:00:00,-0.0013305821329475957,81.6906509399414,45412000
2005-02-08 14:00:00,0.0011655537402927726,81.7858657836914,39263500
2005-02-09 14:00:00,-0.007486494430838827,81.17357635498047,55279400
2005-02-10 14:00:00,0.0036037126643027268,81.46610260009766,45858600
2005-02-11 14:00:00,0.008602139460616177,82.16688537597656,53133000
2005-02-14 14:00:00,-0.0007451407076357562,82.10565948486328,32432100
2005-02-15 14:00:00,0.0037290393117180814,82.41183471679688,43852700
2005-02-16 14:00:00,0.000660347768963266,82.46625518798828,55523000
2005-02-17 14:00:00,-0.008085286571387573,81.79949188232422,58124000
2005-02-18 14:00:00,0.0013309552107922467,81.90836334228516,47723300
2005-02-22 14:00:00,-0.014868534922991502,80.69050598144531,80697600
2005-02-23 14:00:00,0.00716717979672599,81.26882934570312,68292600
2005-02-24 14:00:00,0.0066133637149143245,81.80628967285156,68563600
2005-02-25 14:00:00,0.009897305799740621,82.61595153808594,60899900
2005-02-28 14:00:00,-0.006588178494839333,82.07166290283203,69381300
2005-03-01 14:00:00,0.004973461270056967,82.47984313964844,47294400
2005-03-02 14:00:00,-0.000494598086098732,82.43904876708984,64226500
2005-03-03 14:00:00,0.00041229190711243797,82.47303771972656,61230800
2005-03-04 14:00:00,0.012456907580879981,83.50039672851562,56168500
2005-03-07 14:00:00,0.0004891012561121668,83.5412368774414,43442400
2005-03-08 14:00:00,-0.0037463297667005148,83.22826385498047,44362000
2005-03-09 14:00:00,-0.011117257980757904,82.30299377441406,73263600
2005-03-10 14:00:00,0.002231539900652767,82.48665618896484,65149000
2005-03-11 14:00:00,-0.007010744202733874,81.90836334228516,57976500
2005-03-14 14:00:00,0.006230129156466071,82.41866302490234,36336400
2005-03-15 14:00:00,-0.008255283200739365,81.73827362060547,62438500
2005-03-16 14:00:00,-0.008490424179587083,81.04428100585938,74874200
2005-03-17 14:00:00,0.002014942430485239,81.20758056640625,62584200
2005-03-18 14:00:00,-0.00296898546040789,80.96647644042969,60232000
2005-03-21 14:00:00,-0.0037119651488187726,80.66593170166016,61244300
2005-03-22 14:00:00,-0.010160932824933593,79.8462905883789,92472400
2005-03-23 14:00:00,0.0008556593866025813,79.91461181640625,70817300
2005-03-24 14:00:00,0.0011964216567213082,80.01022338867188,51932500
2005-03-28 14:00:00,0.001451402198891972,80.12635040283203,46765500
2005-03-29 14:00:00,-0.006648816009337364,79.5936050415039,71160300
2005-03-30 14:00:00,0.014159127640919577,80.7205810546875,62002100
2005-03-31 14:00:00,-0.001861589110535445,80.5703125,64575400
2005-04-01 14:00:00,-0.004492963977504121,80.20831298828125,95255300
2005-04-04 13:00:00,0.0017029288511893393,80.34490203857422,71581200
2005-04-05 13:00:00,0.0047608163618782584,80.72740936279297,46853900
2005-04-06 13:00:00,0.003468920017128649,81.0074462890625,53268200
2005-04-07 13:00:00,0.005396123192282249,81.44457244873047,46734600
2005-04-08 13:00:00,-0.0103991502470749,80.59761810302734,63772900
2005-04-11 13:00:00,0.0007631513208282663,80.65912628173828,44945000
2005-04-12 13:00:00,0.005166024366087021,81.07581329345703,86144800
2005-04-13 13:00:00,-0.011795024433108502,80.11952209472656,65949000
2005-04-14 13:00:00,-0.013043752343729318,79.074462890625,96119800
2005-04-15 13:00:00,-0.013992930448394357,77.96797943115234,128677300
2005-04-18 13:00:00,0.003065927720548497,78.20702362060547,100035200
2005-04-19 13:00:00,0.007948003029241467,78.82861328125,64930100
2005-04-20 13:00:00,-0.013950142776618083,77.72894287109375,107735900
2005-04-21 13:00:00,0.019419934339004533,79.23843383789062,86952200
2005-04-22 13:00:00,-0.0037932050445121,78.9378662109375,88845800
2005-04-25 13:00:00,0.006576205542643031,79.45697784423828,52284100
2005-04-26 13:00:00,-0.00971387722122389,78.68514251708984,72626000
2005-04-27 13:00:00,0.003907045762418845,78.99256896972656,84131900
2005-04-28 13:00:00,-0.012538206096865337,78.00214385986328,72481500
2005-04-29 13:00:00,0.013572222020624816,79.06080627441406,103993800
2005-05-02 13:00:00,0.005615547671263492,79.50477600097656,56026400
2005-05-03 13:00:00,0.0017183818978298315,79.64139556884766,86000300
2005-05-04 13:00:00,0.007718830891455755,80.25613403320312,81055700
2005-05-05 13:00:00,-0.000340515918691415,80.22880554199219,96906700
2005-05-06 13:00:00,-0.0031501319449397333,79.97607421875,67415400
2005-05-09 13:00:00,0.006234889279630749,80.47471618652344,43750500
2005-05-10 13:00:00,-0.010355061280916103,79.64139556884766,74613500
2005-05-11 13:00:00,0.005488584512504698,80.0785140991211,91647400
2005-05-12 13:00:00,-0.011002995317000651,79.1974105834961,95086800
2005-05-13 13:00:00,-0.0019837074347508897,79.0403060913086,85267000
2005-05-16 13:00:00,0.00933313423367691,79.77799987792969,49207000
2005-05-17 13:00:00,0.006678517484834071,80.31079864501953,61071800
2005-05-18 13:00:00,0.010290412850542777,81.1372299194336,77944900
2005-05-19 13:00:00,0.004209098434115334,81.47874450683594,61768100
2005-05-20 13:00:00,-0.0014252430479020622,81.36261749267578,46345500
2005-05-23 13:00:00,0.005540697656427797,81.81342315673828,51047900
2005-05-24 13:00:00,-0.002337214454043657,81.62220764160156,50654100
2005-05-25 13:00:00,-0.0007532911973824836,81.56072235107422,47608800
2005-05-26 13:00:00,0.0053597050866638594,81.99786376953125,43256200
2005-05-27 13:00:00,0.0016661356965967547,82.13448333740234,24596100
2005-05-31 13:00:00,-0.0064033998880315334,81.6085433959961,43377200
2005-06-01 13:00:00,0.00853617436202829,82.30516815185547,69611000
2005-06-02 13:00:00,0.0021584361668806253,82.48281860351562,39704500
2005-06-03 13:00:00,-0.005051711245794634,82.0661392211914,60999400
2005-06-06 13:00:00,-0.0009153472950911038,81.99102020263672,36046400
2005-06-07 13:00:00,0.0007500888410024745,82.05252075195312,66501300
2005-06-08 13:00:00,-0.0018314633445122303,81.9022445678711,46881200
2005-06-09 13:00:00,0.0047530104775078295,82.2915267944336,56653300
2005-06-10 13:00:00,-0.00232363552585894,82.10031127929688,36465300
2005-06-13 13:00:00,0.003161400948531798,82.35986328125,49383200
2005-06-14 13:00:00,0.002321985439281924,82.55110168457031,33857100
2005-06-15 13:00:00,0.0019030256360870813,82.70819854736328,53195600
2005-06-16 13:00:00,0.0025601599302039557,82.9199447631836,46564500
2005-06-17 13:00:00,0.0037056689512234594,83.22721862792969,51529400
2005-06-20 13:00:00,0.0003292767150944223,83.25462341308594,41019400
2005-06-21 13:00:00,0.0005767776876658098,83.30264282226562,39879800
2005-06-22 13:00:00,0.0008228127961677292,83.37118530273438,46310100
2005-06-23 13:00:00,-0.01406563254166412,82.19851684570312,62185600
2005-06-24 13:00:00,-0.007342357343526834,81.59498596191406,58572500
2005-06-27 13:00:00,0.0014289163219046832,81.71157836914062,48183800
2005-06-28 13:00:00,0.008393105573243947,82.39739227294922,41174200
2005-06-29 13:00:00,-0.002663150367440121,82.1779556274414,42316500
2005-06-30 13:00:00,-0.0054244506360416255,81.73218536376953,62288800
2005-07-01 13:00:00,0.002936393572511988,81.97218322753906,49737500
2005-07-05 13:00:00,0.008031638853050626,82.63055419921875,51549000
2005-07-06 13:00:00,-0.008382675232065734,81.9378890991211,52363600
2005-07-07 13:00:00,0.003933606356117915,82.26020050048828,103268800
2005-07-08 13:00:00,0.011421804600608291,83.19976043701172,64491200
2005-07-11 13:00:00,0.005110150159204465,83.62492370605469,49688300
2005-07-12 13:00:00,0.0026244228796832663,83.84439086914062,51871100
2005-07-13 13:00:00,0.0013903079005595446,83.9609603881836,41182300
2005-07-14 13:00:00,0.003920787872272893,84.29015350341797,63638800
2005-07-15 13:00:00,-0.0005697823123820892,84.24212646484375,56075900
2005-07-18 13:00:00,-0.0039888481788812385,83.90609741210938,56598400
2005-07-19 13:00:00,0.005476397878109503,84.3656005859375,59165700
2005-07-20 13:00:00,0.003414008794382476,84.65362548828125,69477000
2005-07-21 13:00:00,-0.0058326994552854615,84.15986633300781,101110900
2005-07-22 13:00:00,0.006681804608502474,84.72220611572266,52607100
2005-07-25 13:00:00,-0.002833122416805339,84.482177734375,57301600
2005-07-26 13:00:00,0.0012174386413092166,84.58502960205078,42758800
2005-07-27 13:00:00,0.0036485062456203267,84.89363861083984,43181600
2005-07-28 13:00:00,0.0063011478470868494,85.4285659790039,47880700
2005-07-29 13:00:00,-0.006663039004159309,84.8593521118164,62358100
2005-08-01 13:00:00,-0.0007271625511286169,84.79764556884766,40418200
2005-08-02 13:00:00,0.005984472491445259,85.30511474609375,45147400
2005-08-03 13:00:00,0.002653135037015996,85.53144073486328,36837200
2005-08-04 13:00:00,-0.008018088309133257,84.84564208984375,50855600
2005-08-05 13:00:00,-0.006789745567080614,84.26956176757812,53595500
2005-08-08 13:00:00,-0.0018720044036511193,84.11180877685547,47616000
2005-08-09 13:00:00,0.006033904042585093,84.61933135986328,47170000
2005-08-10 13:00:00,-0.00048633040985103087,84.57817840576172,72863700
2005-08-11 13:00:00,0.003972999407983037,84.9142074584961,58570200
2005-08-12 13:00:00,-0.006137714933905367,84.39302825927734,54776900
2005-08-15 13:00:00,0.0061756191236265615,84.9142074584961,36208500
2005-08-16 13:00:00,-0.013003290692842463,83.81004333496094,71942100
2005-08-17 13:00:00,-8.12005298061474e-05,83.80323791503906,62275100
2005-08-18 13:00:00,-8.202647825642843e-05,83.7963638305664,53388600
2005-08-19 13:00:00,0.002291466989555197,83.9883804321289,39842100
2005-08-22 13:00:00,0.0,83.9883804321289,69912000
2005-08-23 13:00:00,-0.0018776357413913308,83.83068084716797,55168600
2005-08-24 13:00:00,-0.008917209045805573,83.08314514160156,79104600
2005-08-25 13:00:00,0.003632273431262841,83.38492584228516,35631100
2005-08-26 13:00:00,-0.0068261571578899505,82.81572723388672,61956800
2005-08-29 13:00:00,0.0077010007440932015,83.4534912109375,56179200
2005-08-30 13:00:00,-0.005259079559599854,83.01460266113281,74160200
2005-08-31 13:00:00,0.012639039637382605,84.06382751464844,102945200
2005-09-01 13:00:00,-0.0007340439377209823,84.00212097167969,74578700
2005-09-02 13:00:00,-0.0017959504559628844,83.85125732421875,47653400
2005-09-06 13:00:00,0.011695226954933656,84.83191680908203,57251300
2005-09-07 13:00:00,0.0016978009619313236,84.97594451904297,41749700
2005-09-08 13:00:00,-0.0033088623803607963,84.69477081298828,39068700
2005-09-09 13:00:00,0.008906584411851316,85.44911193847656,43093900
2005-09-12 13:00:00,-0.0020061632219897417,85.2776870727539,33017600
2005-09-13 13:00:00,-0.005548548930858258,84.80451965332031,58427500
2005-09-14 13:00:00,-0.0036394230829783786,84.49588012695312,57694600
2005-09-15 13:00:00,-0.0004869506613246864,84.4547348022461,73156900
2005-09-16 13:00:00,0.007110793285172224,85.0552749633789,75424100
2005-09-19 13:00:00,-0.0033199487099677843,84.77289581298828,53355300
2005-09-20 13:00:00,-0.008448926066879523,84.05665588378906,84480300
2005-09-21 13:00:00,-0.00934025349186211,83.27154541015625,94469100
2005-09-22 13:00:00,0.003556439430310022,83.56769561767578,84597200
2005-09-23 13:00:00,0.0008240375007360738,83.63655853271484,59368100
2005-09-26 13:00:00,0.0011527573633208972,83.73297119140625,70415400
2005-09-27 13:00:00,-0.00024637705456960186,83.71234130859375,66150800
2005-09-28 13:00:00,0.000986935881704037,83.79496002197266,58620500
2005-09-29 13:00:00,0.008136810737662058,84.4767837524414,66607700
2005-09-30 13:00:00,0.003097933888887835,84.73848724365234,47824200
2005-10-03 13:00:00,-0.003576263750194362,84.43544006347656,50994800
2005-10-04 13:00:00,-0.011255681468045621,83.48506164550781,60776300
2005-10-05 13:00:00,-0.01311695605980103,82.3899917602539,106052100
2005-10-06 13:00:00,-0.0035944925007553924,82.09384155273438,140941800
2005-10-07 13:00:00,0.0034397117378072014,82.376220703125,75661400
2005-10-10 13:00:00,-0.008444213767697155,81.68061828613281,52677000
2005-10-11 13:00:00,-0.0014333028022867835,81.56354522705078,75629800
2005-10-12 13:00:00,-0.007852621770124062,80.92305755615234,100510400
2005-10-13 13:00:00,-0.0005955643139220724,80.87486267089844,99052900
2005-10-14 13:00:00,0.010559099961039316,81.72882843017578,88651000
2005-10-17 13:00:00,0.0037076793808573107,82.03185272216797,68109300
2005-10-18 13:00:00,-0.010830091557176989,81.14344024658203,74996900
2005-10-19 13:00:00,0.01663539913421232,82.49329376220703,116563800
2005-10-20 13:00:00,-0.017615808132781862,81.04010772705078,131966700
2005-10-21 13:00:00,0.003909777069275168,81.3569564819336,96579500
2005-10-24 13:00:00,0.01549098856588931,82.61725616455078,71308400
2005-10-25 13:00:00,-0.0020003123150477585,82.45199584960938,76594500
2005-10-26 13:00:00,-0.0029233429578275415,82.2109603881836,80855800
2005-10-27 13:00:00,-0.010639359179179169,81.33628845214844,66623100
2005-10-28 13:00:00,0.014394456007976805,82.507080078125,72322000
2005-10-31 14:00:00,0.0027547610734164033,82.73436737060547,77698900
2005-11-01 14:00:00,0.0029965440381314956,82.98228454589844,66365100
2005-11-02 14:00:00,0.010457443989668146,83.85006713867188,74012300
2005-11-03 14:00:00,0.004271183677094074,84.20820617675781,84897600
2005-11-04 14:00:00,-0.0013082864726983987,84.09803771972656,59156000
2005-11-07 14:00:00,0.0009823188058167643,84.18064880371094,46765400
2005-11-08 14:00:00,0.0,84.18064880371094,42152800
2005-11-09 14:00:00,0.0013088053845092763,84.29082489013672,57666800
2005-11-10 14:00:00,0.00776219258814607,84.94510650634766,79048100
2005-11-11 14:00:00,0.0034054477643777913,85.23438262939453,34867000
2005-11-14 14:00:00,-0.0005658870368813878,85.18614959716797,45092200
2005-11-15 14:00:00,-0.0036382545226961685,84.876220703125,69592500
2005-11-16 14:00:00,0.002028603233684162,85.04840087890625,51133000
2005-11-17 14:00:00,0.009312162838112776,85.84038543701172,55717500
2005-11-18 14:00:00,0.003931644700407625,86.1778793334961,72437200
2005-11-21 14:00:00,0.005034391107898034,86.61173248291016,50021200
2005-11-22 14:00:00,0.004294344451155719,86.98367309570312,66438800
2005-11-23 14:00:00,0.005779693300414942,87.48641204833984,50854700
2005-11-25 14:00:00,0.0007877374233006852,87.55532836914062,15270000
2005-11-28 14:00:00,-0.007079525258337972,86.93547821044922,54498500
2005-11-29 14:00:00,-0.001109013956971803,86.83906555175781,51738900
2005-11-30 14:00:00,-0.005393435522400386,86.3707046508789,56007200
2005-12-01 14:00:00,0.010206627970278728,87.25225830078125,65468200
2005-12-02 14:00:00,0.001263080247436065,87.36246490478516,46699400
2005-12-05 14:00:00,-0.002128589921396573,87.17650604248047,59273400
2005-12-06 14:00:00,0.001896222948279681,87.34181213378906,57935200
2005-12-07 14:00:00,-0.0058348720211780745,86.83218383789062,66816500
2005-12-08 14:00:00,-0.0006346393038104365,86.7770767211914,62608600
2005-12-09 14:00:00,0.0026190330704687734,87.00434875488281,50744500
2005-12-12 14:00:00,0.0009497682972235478,87.08698272705078,48389900
2005-12-13 14:00:00,0.006800988027243901,87.67926025390625,88630900
2005-12-14 14:00:00,0.003927413634316415,88.02361297607422,64375000
2005-12-15 14:00:00,-0.002894665198864461,87.76881408691406,55900300
2005-12-16 14:00:00,-0.003219044728136235,87.48628234863281,46238300
2005-12-19 14:00:00,-0.0051436286485342896,87.03628540039062,48733000
2005-12-20 14:00:00,0.0009543286214435107,87.11934661865234,46603200
2005-12-21 14:00:00,0.0015897318368561894,87.25784301757812,51806900
2005-12-22 14:00:00,0.005236835340550806,87.71479797363281,32247900
2005-12-23 14:00:00,0.0005526681240961736,87.76327514648438,27977300
2005-12-27 14:00:00,-0.010177159474474647,86.8700942993164,44499500
2005-12-28 14:00:00,0.002231817236897493,87.06397247314453,30764300
2005-12-29 14:00:00,-0.004453431752063177,86.67623901367188,32788900
2005-12-30 14:00:00,-0.005431646355353677,86.2054443359375,44645600
2006-01-03 14:00:00,0.017589245888175363,87.72173309326172,73256700
2006-01-04 14:00:00,0.004735488672982101,88.13713836669922,51899600
2006-01-05 14:00:00,0.0006282725594904777,88.19251251220703,47307500
2006-01-06 14:00:00,0.008321590536809807,88.9264144897461,62885900
2006-01-09 14:00:00,0.002569115380949321,89.15487670898438,43527400
2006-01-10 14:00:00,0.0010099516434947716,89.24491882324219,44960800
2006-01-11 14:00:00,0.0031809333781291915,89.52880096435547,49598900
2006-01-12 14:00:00,-0.003944704598380242,89.1756362915039,40509200
2006-01-13 14:00:00,-0.0009312628754471623,89.09259033203125,44856700
2006-01-17 14:00:00,-0.0027200068781586266,88.85025787353516,52066600
2006-01-18 14:00:00,-0.003973971346361399,88.4971694946289,75067600
2006-01-19 14:00:00,0.0038333545555106208,88.83641052246094,81530400
2006-01-20 14:00:00,-0.018237171080712534,87.2162857055664,114957800
2006-01-23 14:00:00,0.003572199303807783,87.52783966064453,67017400
2006-01-24 14:00:00,0.0010285510966315911,87.61786651611328,53008800
2006-01-25 14:00:00,0.0008692775644275913,87.69403076171875,87747700
2006-01-26 14:00:00,0.005526511036144041,88.17867279052734,71294000
2006-01-27 14:00:00,0.009265467212274356,88.99568939208984,65771200
2006-01-30 14:00:00,-0.000778407390480952,88.9264144897461,33709600
2006-01-31 14:00:00,-0.0073186114027884745,88.27559661865234,72937000
2006-02-01 14:00:00,0.006980449090221918,88.89179992675781,63561000
2006-02-02 14:00:00,-0.011605302308958731,87.86018371582031,83626900
2006-02-03 14:00:00,-0.004964653556223032,87.42398834228516,86040400
2006-02-06 14:00:00,0.0026137032929258006,87.6524887084961,45511900
2006-02-07 14:00:00,-0.008847235134570778,86.87700653076172,71208100
2006-02-08 14:00:00,0.00908550985967244,87.66632843017578,59422200
2006-02-09 14:00:00,-0.0016586599778375386,87.52091979980469,62023300
2006-02-10 14:00:00,0.0018198948319240779,87.6801986694336,64508700
2006-02-13 14:00:00,-0.001816588831298267,87.52091979980469,52308700
2006-02-14 14:00:00,0.010600580113815561,88.44869232177734,90964400
2006-02-15 14:00:00,0.003522598307431106,88.76026153564453,85471300
2006-02-16 14:00:00,0.007488233825297179,89.42491912841797,61017900
2006-02-17 14:00:00,-0.0027095572831328245,89.1826171875,40342600
2006-02-21 14:00:00,-0.0024845705627279,88.9610366821289,46456300
2006-02-22 14:00:00,0.006070512244924038,89.5010757446289,42326700
2006-02-23 14:00:00,-0.0014698555163482321,89.36952209472656,43423200
2006-02-24 14:00:00,0.0025568041638260102,89.5980224609375,36777400
2006-02-27 14:00:00,0.0003860763201528092,89.63261413574219,35858600
2006-02-28 14:00:00,-0.009500928047110712,88.78102111816406,74394800
2006-03-01 14:00:00,0.008890316555217602,89.5703125,48641600
2006-03-02 14:00:00,-7.734136502398604e-05,89.56338500976562,60642300
2006-03-03 14:00:00,-0.004638200117009159,89.1479721069336,73402500
2006-03-06 14:00:00,-0.004582533398295205,88.73944854736328,57478400
2006-03-07 14:00:00,-0.001559848604497347,88.60102844238281,61780800
2006-03-08 14:00:00,0.002109770041007089,88.78795623779297,66692400
2006-03-09 14:00:00,-0.006706356929662993,88.19251251220703,56313600
2006-03-10 14:00:00,0.009499056582472928,89.03025817871094,60490800
2006-03-13 14:00:00,0.0018665954146297823,89.19644165039062,45479100
2006-03-14 14:00:00,0.010478518976224422,90.13108825683594,69877300
2006-03-15 14:00:00,0.004455434733108159,90.53266143798828,53398900
2006-03-16 14:00:00,0.0020650924209970473,90.71961975097656,65526400
2006-03-17 14:00:00,0.0008354356585872004,90.79541015625,47286800
2006-03-20 14:00:00,-0.001607967776110654,90.6494140625,45538500
2006-03-21 14:00:00,-0.006287957850794505,90.07941436767578,87102700
2006-03-22 14:00:00,0.006096186726240926,90.62855529785156,51605700
2006-03-23 14:00:00,-0.0020705680154991224,90.44090270996094,46704200
2006-03-24 14:00:00,0.0007686681676729145,90.51042175292969,43209200
2006-03-27 14:00:00,-0.0014595332089955462,90.3783187866211,32523000
2006-03-28 14:00:00,-0.0061529282250387405,89.82222747802734,82079900
2006-03-29 14:00:00,0.006268485342828815,90.3852767944336,61505700
2006-03-30 14:00:00,-0.0017684677249786634,90.22543334960938,70571700
2006-03-31 14:00:00,0.00023067762058402028,90.24624633789062,62925600
2006-04-03 13:00:00,-0.0007701570646989421,90.17674255371094,61624700
2006-04-04 13:00:00,0.006397653533786038,90.753662109375,54809300
2006-04-05 13:00:00,0.0034468339668627785,91.06647491455078,50607200
2006-04-06 13:00:00,-0.001068592227133027,90.96916198730469,57906200
2006-04-07 13:00:00,-0.010162527644963606,90.04468536376953,80180900
2006-04-10 13:00:00,0.0015437620532272548,90.1836929321289,41496500
2006-04-11 13:00:00,-0.008478619070150416,89.41905975341797,72799400
2006-04-12 13:00:00,0.0018657316535747486,89.58589172363281,43033700
2006-04-13 13:00:00,-0.0013190030285631265,89.46772766113281,51051800
2006-04-17 13:00:00,-0.00038851463419334694,89.43296813964844,64167700
2006-04-18 13:00:00,0.015855783551117466,90.85099792480469,92531800
2006-04-19 13:00:00,0.0019128281758297055,91.0247802734375,87269000
2006-04-20 13:00:00,0.0013747611224729272,91.14991760253906,86005500
2006-04-21 13:00:00,0.0001520021173158368,91.16377258300781,72342600
2006-04-24 13:00:00,-0.0018299411717347819,90.9969482421875,52546400
2006-04-25 13:00:00,-0.004124957911159344,90.62158966064453,84359800
2006-04-26 13:00:00,0.00023034271982722948,90.64246368408203,67262400
2006-04-27 13:00:00,0.004831453798681205,91.08039855957031,124478600
2006-04-28 13:00:00,0.003358158633416233,91.38626098632812,55854400
2006-05-01 13:00:00,-0.008139049505016621,90.64246368408203,64990300
2006-05-02 13:00:00,0.007515473218767026,91.32368469238281,49063500
2006-05-03 13:00:00,-0.003729831416565678,90.98306274414062,60821300
2006-05-04 13:00:00,0.0035910949900598154,91.3097915649414,42921400
2006-05-05 13:00:00,0.008830348732891789,92.1160888671875,62588200
2006-05-08 13:00:00,-0.0012073209517436043,92.00487518310547,30016700
2006-05-09 13:00:00,0.001964464992595319,92.18561553955078,29864000
2006-05-10 13:00:00,-0.0005280166197782943,92.1369400024414,64378200
2006-05-11 13:00:00,-0.012070725693456248,91.0247802734375,80626900
2006-05-12 13:00:00,-0.013058638146645657,89.83612060546875,91726500
2006-05-15 13:00:00,0.0020119745222929937,90.0168685913086,84029300
2006-05-16 13:00:00,-0.0014668576370039693,89.88482666015625,62137600
2006-05-17 13:00:00,-0.0190245051005892,88.17481231689453,144789500
2006-05-18 13:00:00,-0.005045058733267753,87.72996520996094,87906300
2006-05-19 13:00:00,0.007051431340378967,88.34858703613281,124309400
2006-05-22 13:00:00,-0.00763184814956374,87.67432403564453,110852800
2006-05-23 13:00:00,-0.00761126623341872,87.00701141357422,92006500
2006-05-24 13:00:00,0.007989173797018164,87.7021255493164,168405000
2006-05-25 13:00:00,0.012364539120490448,88.7865219116211,78977900
2006-05-26 13:00:00,0.0050893552329050054,89.23838806152344,62989700
2006-05-30 13:00:00,-0.017760549298970457,87.6534652709961,72419900
2006-05-31 13:00:00,0.011181560660863102,88.6335678100586,86926200
2006-06-01 13:00:00,0.009567906840260614,89.48160552978516,73721700
2006-06-02 13:00:00,0.002097619540312501,89.66930389404297,91702600
2006-06-05 13:00:00,-0.014573643542765398,88.36249542236328,86105100
2006-06-06 13:00:00,-0.002438557090495654,88.14701843261719,130498600
2006-06-07 13:00:00,-0.00749160045790033,87.48665618896484,108599400
2006-06-08 13:00:00,-0.0008737207151167288,87.41021728515625,204957200
2006-06-09 13:00:00,-0.0031808412510325535,87.1321792602539,94972200
2006-06-12 13:00:00,-0.010850228477708111,86.18677520751953,95815900
2006-06-13 13:00:00,-0.011613596321678073,85.18583679199219,185688800
2006-06-14 13:00:00,0.007752198338485822,85.8462142944336,163566400
2006-06-15 13:00:00,0.021214473648544462,87.66739654541016,134057000
2006-06-16 13:00:00,-0.007287084444771664,87.02855682373047,94253500
2006-06-19 13:00:00,-0.007862272724124741,86.34431457519531,95804400
2006-06-20 13:00:00,0.0033962098100593055,86.63755798339844,65494700
2006-06-21 13:00:00,0.007414300304744078,87.27991485595703,75008200
2006-06-22 13:00:00,-0.0043999306640508055,86.89588928222656,74566100
2006-06-23 13:00:00,-0.00016049704213082477,86.88194274902344,54107000
2006-06-26 13:00:00,0.004419821580833507,87.26594543457031,37899600
2006-06-27 13:00:00,-0.008640841564725398,86.51189422607422,69780200
2006-06-28 13:00:00,0.006779085845520975,87.0983657836914,62368100
2006-06-29 13:00:00,0.02020023025261478,88.85777282714844,110634800
2006-06-30 13:00:00,7.873430272403515e-05,88.8647689819336,54227800
2006-07-03 13:00:00,0.004085791139748566,89.22785186767578,23914000
2006-07-05 13:00:00,-0.005712478879287384,88.7181396484375,69653400
2006-07-06 13:00:00,0.0029119925039110925,88.97648620605469,50100300
2006-07-07 13:00:00,-0.006512937470621212,88.39698791503906,81626500
2006-07-10 13:00:00,0.0018958483114210921,88.5645751953125,60964100
2006-07-11 13:00:00,0.004414586207704532,88.95555114746094,73640800
2006-07-12 13:00:00,-0.01067448215553525,88.00599670410156,82561300
2006-07-13 13:00:00,-0.016263113645438688,86.57474517822266,102405700
2006-07-14 13:00:00,-0.003871152520042917,86.2396011352539,103242500
2006-07-17 13:00:00,-0.0014570583151540168,86.11394500732422,81159000
2006-07-18 13:00:00,0.005107499897892528,86.55377197265625,122771000
2006-07-19 13:00:00,0.013874491660302505,87.7546615600586,133565300
2006-07-20 13:00:00,-0.006842094876109996,87.15423583984375,112259800
2006-07-21 13:00:00,-0.007049865715176111,86.53981018066406,101560000
2006-07-24 13:00:00,0.018233711065890643,88.11775207519531,92884000
2006-07-25 13:00:00,0.0035648328927762197,88.43187713623047,95480700
2006-07-26 13:00:00,0.0013420823482610518,88.5505599975586,84525800
2006-07-27 13:00:00,-0.0009455909141938495,88.46682739257812,87257100
2006-07-28 13:00:00,0.010022487987606252,89.35348510742188,82137000
2006-07-31 13:00:00,-0.0010157329312296892,89.26272583007812,49593100
2006-08-01 13:00:00,-0.004927587068682284,88.8228759765625,65225600
2006-08-02 13:00:00,0.006760238965308251,89.42333984375,64770900
2006-08-03 13:00:00,0.0026543192602340297,89.66069793701172,63693800
2006-08-04 13:00:00,-0.0017130690953468628,89.5071029663086,96294200
2006-08-07 13:00:00,-0.0023398646848862606,89.29766845703125,45377300
2006-08-08 13:00:00,-0.0038312009202674134,88.95555114746094,90901300
2006-08-09 13:00:00,-0.0033748208126157526,88.65534210205078,78910600
2006-08-10 13:00:00,0.0030712809287042693,88.92762756347656,69322300
2006-08-11 13:00:00,-0.002826631818572568,88.67626190185547,47482200
2006-08-14 13:00:00,0.0007874059782456729,88.74608612060547,57839000
2006-08-15 13:00:00,0.011957572333933424,89.8072738647461,68143000
2006-08-16 13:00:00,0.008318764607132023,90.55435943603516,71737600
2006-08-17 13:00:00,0.0025445817856574455,90.78478240966797,70992800
2006-08-18 13:00:00,0.0050754903022797145,91.24555969238281,58288400
2006-08-21 13:00:00,-0.004284458405359716,90.85462188720703,42133600
2006-08-22 13:00:00,-7.733973481288193e-05,90.84759521484375,60839900
2006-08-23 13:00:00,-0.0027667259902435224,90.59624481201172,66592100
2006-08-24 13:00:00,-0.0008475210724442722,90.51946258544922,57983000
2006-08-25 13:00:00,0.001233926193850985,90.63115692138672,41756000
2006-08-28 13:00:00,0.004775992202173091,91.06401062011719,52681500
2006-08-29 13:00:00,0.0011504747593445075,91.16877746582031,61817800
2006-08-30 13:00:00,0.0006129037495081456,91.22465515136719,50052200
2006-08-31 13:00:00,-0.00015304844911741223,91.210693359375,37510300
2006-09-01 13:00:00,0.005970388705537221,91.75525665283203,48794500
2006-09-05 13:00:00,0.001902042523434619,91.92977905273438,52348300
2006-09-06 13:00:00,-0.008809386675873195,91.11993408203125,53795600
2006-09-07 13:00:00,-0.0045979862134932535,90.70096588134766,86269400
2006-09-08 13:00:00,0.0028485012689306016,90.9593276977539,45096300
2006-09-11 13:00:00,0.000997800661470711,91.05008697509766,68496600
2006-09-12 13:00:00,0.009815305145743082,91.94377136230469,69875600
2006-09-13 13:00:00,0.004024477452719858,92.31379699707031,62898400
2006-09-14 13:00:00,7.537343321194795e-05,92.32075500488281,57805400
2006-09-15 13:00:00,0.002347391457627208,92.53746795654297,76703100
2006-09-18 13:00:00,0.001363748303559275,92.66366577148438,64154100
2006-09-19 13:00:00,-0.002496951162279842,92.43228912353516,92089100
2006-09-20 13:00:00,0.005310316678476817,92.92313385009766,75204100
2006-09-21 13:00:00,-0.004829542725508454,92.47435760498047,88932500
2006-09-22 13:00:00,-0.003033545890827824,92.19383239746094,65966800
2006-09-25 13:00:00,0.007682784633934209,92.90213775634766,92299100
2006-09-26 13:00:00,0.00830303750496125,93.67350769042969,73962700
2006-09-27 13:00:00,0.001197428826612599,93.78567504882812,82432200
2006-09-28 13:00:00,-0.000373555766051265,93.75064086914062,58597500
2006-09-29 13:00:00,-0.0008227482819941661,93.67350769042969,47966600
2006-10-02 13:00:00,-0.0037434514847482165,93.32284545898438,51687400
2006-10-03 13:00:00,0.002103905718862931,93.5191879272461,73108100
2006-10-04 13:00:00,0.011697989850826583,94.61317443847656,80890500
2006-10-05 13:00:00,0.0019267586571490455,94.79547119140625,60505900
2006-10-06 13:00:00,-0.0012574615501996292,94.67626953125,64983600
2006-10-09 13:00:00,0.0005928566455386107,94.7323989868164,41176800
2006-10-10 13:00:00,0.0013325532052833407,94.85863494873047,56403700
2006-10-11 13:00:00,-0.001183192473830985,94.74639892578125,104071800
2006-10-12 13:00:00,0.008659913355772793,95.56689453125,59158600
2006-10-13 13:00:00,0.002568627663868466,95.81237030029297,53944000
2006-10-16 13:00:00,0.001536591003939301,95.9595947265625,42273000
2006-10-17 13:00:00,-0.00314240790941622,95.65805053710938,90500600
2006-10-18 13:00:00,0.0013194990114923388,95.78427124023438,86848600
2006-10-19 13:00:00,0.0016107993891658827,95.93856048583984,64063200
2006-10-20 13:00:00,0.00021924699115910564,95.9595947265625,48094500
2006-10-23 13:00:00,0.004603734125767554,96.4013671875,66219900
2006-10-24 13:00:00,0.0029825444461328066,96.68888854980469,53234900
2006-10-25 13:00:00,0.0034085297753386158,97.0184555053711,78105400
2006-10-26 13:00:00,0.0031083475413605562,97.32002258300781,66843700
2006-10-27 13:00:00,-0.006269084261202437,96.70991516113281,80238000
2006-10-30 14:00:00,-0.0007248365055054598,96.63981628417969,49717800
2006-10-31 14:00:00,-0.00014534087369049136,96.62577056884766,71274100
2006-11-01 14:00:00,-0.0067495816993267945,95.97358703613281,83005600
2006-11-02 14:00:00,-0.0005842862764270298,95.91751098632812,60693100
2006-11-03 14:00:00,-0.0017549176350808537,95.74918365478516,71346400
2006-11-06 14:00:00,0.011279010571841342,96.82913970947266,63303300
2006-11-07 14:00:00,0.0038382900675400064,97.20079803466797,63318900
2006-11-08 14:00:00,0.0021641557504558564,97.4111557006836,87517800
2006-11-09 14:00:00,-0.0052549856573627166,96.89926147460938,95916300
2006-11-10 14:00:00,0.00043461897615736984,96.94137573242188,48991500
2006-11-13 14:00:00,0.002459646002376774,97.17981719970703,59398200
2006-11-14 14:00:00,0.007504424122906496,97.90909576416016,96704000
2006-11-15 14:00:00,0.0028649260535670885,98.1895980834961,76509600
2006-11-16 14:00:00,0.0025711918508812847,98.44206237792969,76728800
2006-11-17 14:00:00,0.00028466252571689155,98.47008514404297,56353800
2006-11-20 14:00:00,0.0005697053872373442,98.52618408203125,69174200
2006-11-21 14:00:00,0.0009962812520713914,98.62434387207031,51367900
2006-11-22 14:00:00,0.001991043476041028,98.82070922851562,45505300
2006-11-24 14:00:00,-0.004045125051070717,98.42096710205078,30998000
2006-11-27 14:00:00,-0.013751146975407344,97.06756591796875,84545100
2006-11-28 14:00:00,0.004334959804571935,97.48834991455078,106652900
2006-11-29 14:00:00,0.010429885194020688,98.50514221191406,90034900
2006-11-30 14:00:00,0.00042730124218647497,98.54723358154297,83994300
2006-12-01 14:00:00,-0.0022065091594400867,98.32978820800781,126080000
2006-12-04 14:00:00,0.00763119553094819,99.08016204833984,87813200
2006-12-05 14:00:00,0.004317669665775623,99.5079574584961,73374400
2006-12-06 14:00:00,-0.0008456066673889094,99.42381286621094,53253200
2006-12-07 14:00:00,-0.00437326643583428,98.98900604248047,62857400
2006-12-08 14:00:00,0.001841585850972744,99.17130279541016,79625500
2006-12-11 14:00:00,0.0028991626085955076,99.45881652832031,39779400
2006-12-12 14:00:00,-0.0007752986936596721,99.38170623779297,77451600
2006-12-13 14:00:00,0.0010585622361895014,99.48690795898438,55520200
2006-12-14 14:00:00,0.008810694643874347,100.36345672607422,64755200
2006-12-15 14:00:00,9.114516718904731e-05,100.37260437011719,70857400
2006-12-18 14:00:00,-0.002739578587413627,100.09762573242188,48954600
2006-12-19 14:00:00,0.0019016774090479906,100.28797912597656,65023600
2006-12-20 14:00:00,-0.0005620411069014662,100.23161315917969,41469600
2006-12-21 14:00:00,-0.0036586708123381834,99.86489868164062,48698400
2006-12-22 14:00:00,-0.00614301914848949,99.25142669677734,62069100
2006-12-26 14:00:00,0.0058969567647466,99.83670806884766,32696900
2006-12-27 14:00:00,0.006568648436163269,100.49250030517578,39727100
2006-12-28 14:00:00,-0.0021049589982441975,100.28096771240234,37288800
2006-12-29 14:00:00,-0.004149032864889885,99.86489868164062,45461200
2007-01-03 14:00:00,-0.0017656147389065978,99.6885757446289,94807600
2007-01-04 14:00:00,0.002122316806773046,99.900146484375,69620600
2007-01-05 14:00:00,-0.007976180438963712,99.10332489013672,76645300
2007-01-08 14:00:00,0.004625290355698771,99.56170654296875,71655000
2007-01-09 14:00:00,-0.0008502077280855606,99.47705841064453,75680100
2007-01-10 14:00:00,0.0033314780809097135,99.80846405029297,72428000
2007-01-11 14:00:00,0.004380949687339834,100.24571990966797,54476800
2007-01-12 14:00:00,0.007597222614384348,101.00730895996094,55370600
2007-01-16 14:00:00,-0.001954796464749083,100.80986022949219,44871300
2007-01-17 14:00:00,0.0004194242943689526,100.85214233398438,50241400
2007-01-18 14:00:00,-0.0033559544930089453,100.51368713378906,68177300
2007-01-19 14:00:00,0.001963941028636316,100.71109008789062,56973000
2007-01-22 14:00:00,-0.0030807390440474396,100.40082550048828,60253600
2007-01-23 14:00:00,0.002949906977624249,100.6969985961914,54064400
2007-01-24 14:00:00,0.008052622722317295,101.50787353515625,55834700
2007-01-25 14:00:00,-0.011739637605563088,100.31620788574219,73583800
2007-01-26 14:00:00,-0.0009139344081512272,100.22452545166016,67255600
2007-01-29 14:00:00,-0.0005627775588394862,100.16812133789062,66114600
2007-01-30 14:00:00,0.0052092140014849304,100.6899185180664,70407600
2007-01-31 14:00:00,0.006723328864601362,101.36688995361328,91868600
2007-02-01 14:00:00,0.005982676520681622,101.97333526611328,69312400
2007-02-02 14:00:00,0.001382852671760694,102.11434936523438,49607000
2007-02-05 14:00:00,0.0002765173487926032,102.14258575439453,45705300
2007-02-06 14:00:00,0.0002759927466566597,102.1707763671875,57081300
2007-02-07 14:00:00,0.002208602205779568,102.39643096923828,55669700
2007-02-08 14:00:00,-0.0013079205040046403,102.26250457763672,70641000
2007-02-09 14:00:00,-0.007447542109667659,101.50090026855469,79084400
2007-02-12 14:00:00,-0.0034046340907187846,101.15532684326172,65657000
2007-02-13 14:00:00,0.008435410865571265,102.00861358642578,64081800
2007-02-14 14:00:00,0.006567306930727133,102.67853546142578,66039400
2007-02-15 14:00:00,0.001304772875525485,102.81250762939453,38715200
2007-02-16 14:00:00,-0.0004800442510415491,102.76315307617188,39841800
2007-02-20 14:00:00,0.002126454002458318,102.98167419433594,56911800
2007-02-21 14:00:00,-0.0004106530042123234,102.93938446044922,63971600
2007-02-22 14:00:00,-0.0007532348967064669,102.86184692382812,79067400
2007-02-23 14:00:00,-0.003907787895069598,102.45988464355469,71966200
2007-02-26 14:00:00,-0.0008942172758101457,102.3682632446289,69192800
2007-02-27 14:00:00,-0.039058064947915846,98.36995697021484,274466500
2007-02-28 14:00:00,0.010251407157394315,99.37838745117188,177536300
2007-03-01 14:00:00,-0.0029803333772464393,99.08220672607422,212828600
2007-03-02 14:00:00,-0.013095654907101408,97.78466033935547,162574000
2007-03-05 14:00:00,-0.009518811631361918,96.85386657714844,143750400
2007-03-06 14:00:00,0.017109563499471833,98.51099395751953,143333300
2007-03-07 14:00:00,-0.0010023208583807058,98.4122543334961,115144900
2007-03-08 14:00:00,0.008455479537279022,99.24437713623047,117891600
2007-03-09 14:00:00,0.00028382186902850743,99.27254486083984,107765100
2007-03-12 13:00:00,0.0014921013159465168,99.42066955566406,80366900
2007-03-13 13:00:00,-0.019433721942288647,97.48855590820312,190605200
2007-03-14 13:00:00,0.007449823994640797,98.21482849121094,231853800
2007-03-15 13:00:00,0.0013642280785513237,98.34881591796875,132435900
2007-03-16 13:00:00,-0.002800141744763853,98.07342529296875,121531600
2007-03-19 13:00:00,0.012055064770184866,99.25570678710938,96161200
2007-03-20 13:00:00,0.005491848969887262,99.8008041381836,82147400
2007-03-21 13:00:00,0.016457725123997687,101.44329833984375,152368700
2007-03-22 13:00:00,-0.0007678031969011707,101.36540985107422,118942200
2007-03-23 13:00:00,0.0014667134622047126,101.51408386230469,74416800
2007-03-26 13:00:00,-0.0013251509471086502,101.37956237792969,113787500
2007-03-27 13:00:00,-0.0023743187661790445,101.13885498046875,99864600
2007-03-28 13:00:00,-0.007279463193525396,100.40261840820312,152907900
2007-03-29 13:00:00,0.0010576010344094957,100.50880432128906,139432700
2007-03-30 13:00:00,0.00021117528687426417,100.530029296875,128194100
2007-04-02 13:00:00,0.0011266881349099379,100.64329528808594,79416400
2007-04-03 13:00:00,0.010762673408776761,101.72648620605469,82417800
2007-04-04 13:00:00,0.0011135865812816955,101.83976745605469,63995200
2007-04-05 13:00:00,0.002711048308471569,102.11585998535156,46822800
2007-04-09 13:00:00,0.0013867502258204062,102.2574691772461,50967400
2007-04-10 13:00:00,0.0011767434840217082,102.37779998779297,56620000
2007-04-11 13:00:00,-0.004079853859451431,101.96011352539062,106365700
2007-04-12 13:00:00,0.004443765678178789,102.41320037841797,115534400
2007-04-13 13:00:00,0.004562296443782223,102.88043975830078,84287000
2007-04-16 13:00:00,0.009496508832758795,103.8574447631836,83064600
2007-04-17 13:00:00,0.0026583797620519448,104.13353729248047,108424100
2007-04-18 13:00:00,0.0012241197902467663,104.2610092163086,88345300
2007-04-19 13:00:00,-0.000271848516493741,104.232666015625,102947700
2007-04-20 13:00:00,0.009441161693645667,105.21674346923828,124114100
2007-04-23 13:00:00,-0.0037683356405195313,104.82025146484375,77270800
2007-04-24 13:00:00,0.0004054880267850644,104.86275482177734,114471000
2007-04-25 13:00:00,0.009181661617521566,105.82556915283203,108418800
2007-04-26 13:00:00,0.0011368511724187751,105.94587707519531,88741600
2007-04-27 13:00:00,-0.000801279627794919,105.8609848022461,108191100
2007-04-30 13:00:00,-0.008292943538753554,104.98308563232422,100874100
2007-05-01 13:00:00,0.0025625814705345644,105.25211334228516,134342700
2007-05-02 13:00:00,0.005851718717664068,105.8680191040039,87129800
2007-05-03 13:00:00,0.005416993091762788,106.4415054321289,86569700
2007-05-04 13:00:00,0.0037909182675039768,106.84501647949219,96409000
2007-05-07 13:00:00,0.00019893761884666166,106.86627197265625,63461400
2007-05-08 13:00:00,-0.0013249637185968107,106.72467803955078,80584000
2007-05-09 13:00:00,0.002719854292958339,107.01495361328125,102070100
2007-05-10 13:00:00,-0.010452449705788918,105.8963851928711,153617800
2007-05-11 13:00:00,0.008557029077198635,106.80254364013672,113408900
2007-05-14 13:00:00,-0.002187255314250348,106.56893920898438,108027500
2007-05-15 13:00:00,0.0002658179963580142,106.5972671508789,180673300
2007-05-16 13:00:00,0.006840364139008269,107.32643127441406,114166500
2007-05-17 13:00:00,-0.0019788889133740277,107.11404418945312,101132800
2007-05-18 13:00:00,0.0087240054098207,108.04850769042969,99182000
2007-05-21 13:00:00,-0.0005240029504028136,107.99188995361328,174664600
2007-05-22 13:00:00,-0.0007865224819464725,107.90695190429688,82148800
2007-05-23 13:00:00,0.0001314377265162003,107.92113494873047,133786600
2007-05-24 13:00:00,-0.009052953393669861,106.94412994384766,187593000
2007-05-25 13:00:00,0.004170322544560927,107.39012145996094,83309200
2007-05-29 13:00:00,0.0036260718544785754,107.77952575683594,82020000
2007-05-30 13:00:00,0.0081453241119517,108.65742492675781,129013600
2007-05-31 13:00:00,-0.001042905232192286,108.54410552978516,114866700
2007-06-01 13:00:00,0.004957161663313792,109.0821762084961,107771700
2007-06-04 13:00:00,0.00012981182391277876,109.0963363647461,78008800
2007-06-05 13:00:00,-0.003958956535117548,108.6644287109375,126917900
2007-06-06 13:00:00,-0.010749944674048703,107.49629211425781,164096800
2007-06-07 13:00:00,-0.01804495664012303,105.55652618408203,232414600
2007-06-08 13:00:00,0.013011668168238167,106.92999267578125,175886000
2007-06-11 13:00:00,0.0017212337630091424,107.11404418945312,102015600
2007-06-12 13:00:00,-0.010905825870897655,105.94587707519531,233898000
2007-06-13 13:00:00,0.014968453620333591,107.53172302246094,193208200
2007-06-14 13:00:00,0.006386296172422547,108.21845245361328,146396500
2007-06-15 13:00:00,0.005689486252123723,108.83415985107422,154030800
2007-06-18 13:00:00,-0.0011753851757620392,108.70623779296875,88537500
2007-06-19 13:00:00,0.0024852712708227707,108.97640228271484,110851700
2007-06-20 13:00:00,-0.013897045979856137,107.46195220947266,177119700
2007-06-21 13:00:00,0.0055575146573512025,108.05917358398438,205262000
2007-06-22 13:00:00,-0.009409093720408159,107.04243469238281,204964700
2007-06-25 13:00:00,-0.0047823041986516865,106.53052520751953,232014400
2007-06-26 13:00:00,-0.01027861225485418,105.43553924560547,198445700
2007-06-27 13:00:00,0.014229234654112367,106.93580627441406,213638000
2007-06-28 13:00:00,-0.00013305946152655231,106.92157745361328,157705000
2007-06-29 13:00:00,0.0003326572442322821,106.95714569091797,199701800
2007-07-02 13:00:00,0.009040460338109037,107.92408752441406,103357000
2007-07-03 13:00:00,0.003623754455908054,108.31517791748047,54048400
2007-07-05 13:00:00,-0.0010504971900221504,108.2013931274414,89279000
2007-07-06 13:00:00,0.005256881297386514,108.77019500732422,81109000
2007-07-09 13:00:00,0.0007846822065120557,108.85554504394531,72348100
2007-07-10 13:00:00,-0.014239152268509608,107.30553436279297,180362600
2007-07-11 13:00:00,0.007089496287563142,108.06627655029297,175607600
2007-07-12 13:00:00,0.01579085631414336,109.77273559570312,133882500
2007-07-13 13:00:00,0.002979191461407221,110.09976959228516,111794300
2007-07-16 13:00:00,-0.000129027814225171,110.08556365966797,98378700
2007-07-17 13:00:00,-0.0005170788131097255,110.02864074707031,126201300
2007-07-18 13:00:00,-0.0018087359345385287,109.82962799072266,237887400
2007-07-19 13:00:00,0.0038837591153790233,110.25617980957031,145212700
2007-07-20 13:00:00,-0.010124486748709373,109.139892578125,245502500
2007-07-23 13:00:00,0.003062316430183631,109.47411346435547,121183900
2007-07-24 13:00:00,-0.017341149632054267,107.5757064819336,256732400
2007-07-25 13:00:00,0.0020489834053691435,107.79612731933594,265214500
2007-07-26 13:00:00,-0.02367950465756589,105.24356842041016,467592500
2007-07-27 13:00:00,-0.01965945086025321,103.1745376586914,422987600
2007-07-30 13:00:00,0.01564315732861811,104.78851318359375,283017500
2007-07-31 13:00:00,-0.011263036191175142,103.6082763671875,316976700
2007-08-01 13:00:00,0.0048722605592400195,104.11308288574219,467670000
2007-08-02 13:00:00,0.007990218601218938,104.9449691772461,294758400
2007-08-03 13:00:00,-0.02574540649537958,102.24311828613281,359398200
2007-08-06 13:00:00,0.016759680655701985,103.95668029785156,324980000
2007-08-07 13:00:00,0.010669530838900586,105.06584930419922,232568700
2007-08-08 13:00:00,0.013940551692297347,106.53052520751953,274930600
2007-08-09 13:00:00,-0.02963345928134222,103.3736572265625,357622100
2007-08-10 13:00:00,-0.004677184038959091,102.8901596069336,411018400
2007-08-13 13:00:00,0.0035932027086718475,103.2598648071289,181917200
2007-08-14 13:00:00,-0.015286072745921397,101.68142700195312,264134500
2007-08-15 13:00:00,-0.013775410824524287,100.28072357177734,323834000
2007-08-16 13:00:00,0.007515903650298102,101.034423828125,546743700
2007-08-17 13:00:00,0.01836736142490884,102.8901596069336,388218100
2007-08-20 13:00:00,-0.00048353780311298684,102.84040832519531,187320400
2007-08-21 13:00:00,0.0020046740613040635,103.04656982421875,157066400
2007-08-22 13:00:00,0.011867823836191706,104.2695083618164,173156700
2007-08-23 13:00:00,-0.000886453923090921,104.17707824707031,203915300
2007-08-24 13:00:00,0.012352964525469549,105.46397399902344,128901900
2007-08-27 13:00:00,-0.009303155655052088,104.48282623291016,113024300
2007-08-28 13:00:00,-0.02198050307223055,102.18624114990234,219790700
2007-08-29 13:00:00,0.019621383249133643,104.19127655029297,207654200
2007-08-30 13:00:00,-0.002661138871072867,103.91400909423828,191817300
2007-08-31 13:00:00,0.009852779878617206,104.93785095214844,185477500
2007-09-04 13:00:00,0.010095740901793417,105.99727630615234,120062000
2007-09-05 13:00:00,-0.008653107348699281,105.08007049560547,166261800
2007-09-06 13:00:00,0.002300651525750823,105.32182312011719,127878400
2007-09-07 13:00:00,-0.01390659818198703,103.8571548461914,235447600
2007-09-10 13:00:00,-0.0019173915071625787,103.65802001953125,192305900
2007-09-11 13:00:00,0.011660919854940109,104.86676788330078,162081900
2007-09-12 13:00:00,0.0025765551163443954,105.136962890625,149554600
2007-09-13 13:00:00,0.0070330478287018655,105.87639617919922,154079000
2007-09-14 13:00:00,-6.687116657254501e-05,105.86931610107422,121911000
2007-09-17 13:00:00,-0.005372751333675351,105.30050659179688,109870800
2007-09-18 13:00:00,0.029439539983776204,108.40050506591797,263759500
2007-09-19 13:00:00,0.005903040559966797,109.04039764404297,193779900
2007-09-20 13:00:00,-0.00704282066027467,108.27244567871094,175186800
2007-09-21 13:00:00,0.0026988717037807032,108.56465911865234,141457500
2007-09-24 13:00:00,-0.001842402841307463,108.36463928222656,139450200
2007-09-25 13:00:00,-0.0019779534300179463,108.15029907226562,142289900
2007-09-26 13:00:00,0.005284760808032125,108.72184753417969,135547000
2007-09-27 13:00:00,0.005914153928418801,109.3648452758789,102713300
2007-09-28 13:00:00,-0.003331573264789023,109.00048828125,133372100
2007-10-01 13:00:00,0.011272344926601353,110.22917938232422,148162300
2007-10-02 13:00:00,-0.0013610919023233662,110.07914733886719,112978800
2007-10-03 13:00:00,-0.002011395110191129,109.85773468017578,119055900
2007-10-04 13:00:00,0.0015603565541121415,110.0291519165039,76864400
2007-10-05 13:00:00,0.011881575185686666,111.33647155761719,134579700
2007-10-08 13:00:00,-0.005325669799701146,110.7435302734375,71280400
2007-10-09 13:00:00,0.009418426363877862,111.78656005859375,94054300
2007-10-10 13:00:00,-0.0016618109309744795,111.60079193115234,101711100
2007-10-11 13:00:00,-0.004800810296109331,111.06501770019531,233529100
2007-10-12 13:00:00,0.005531370260059513,111.67935943603516,124546700
2007-10-15 13:00:00,-0.008443140292649896,110.73643493652344,161151900
2007-10-16 13:00:00,-0.007935060008490851,109.85773468017578,166525700
2007-10-17 13:00:00,0.0030562654100661888,110.19348907470703,216687300
2007-10-18 13:00:00,-0.0036303385636546155,109.79344940185547,148367500
2007-10-19 13:00:00,-0.026156903759730055,106.92159271240234,297169900
2007-10-22 13:00:00,0.005812866983430718,107.5431137084961,261989800
2007-10-23 13:00:00,0.008104063801287907,108.4146499633789,180085100
2007-10-24 13:00:00,-0.001844811358098539,108.21464538574219,326694200
2007-10-25 13:00:00,0.0023762841134778775,108.47179412841797,237374500
2007-10-26 13:00:00,0.011722852250535692,109.74339294433594,176484000
2007-10-29 13:00:00,0.003320150892439152,110.10775756835938,106841000
2007-10-30 13:00:00,-0.0069424677474652936,109.34333801269531,132981600
2007-10-31 13:00:00,0.010388261110742855,110.4792251586914,220954400
2007-11-01 13:00:00,-0.0234078620191395,107.89314270019531,333040800
2007-11-02 13:00:00,0.001125248112506426,108.0145492553711,331228200
2007-11-05 14:00:00,-0.007605199240581951,107.19307708740234,226841000
2007-11-06 14:00:00,0.013462267040217975,108.63613891601562,177800500
2007-11-07 14:00:00,-0.02735604554090144,105.6642837524414,306639700
2007-11-08 14:00:00,-0.005070821752698213,105.12847900390625,374509900
2007-11-09 14:00:00,-0.013726577354601796,103.6854248046875,277745100
2007-11-12 14:00:00,-0.009921446660018766,102.6567153930664,243087800
2007-11-13 14:00:00,0.030480354349373386,105.78572845458984,191117400
2007-11-14 14:00:00,-0.0027686610560694073,105.49284362792969,230558800
2007-11-15 14:00:00,-0.0144244392086935,103.9711685180664,263111100
2007-11-16 14:00:00,0.0017177502102517746,104.14976501464844,308770600
2007-11-19 14:00:00,-0.01392391451015221,102.69959259033203,267746000
2007-11-20 14:00:00,0.0061215176448834825,103.3282699584961,414767500
2007-11-21 14:00:00,-0.020464884741642136,101.21366882324219,259012400
2007-11-23 14:00:00,0.01729234077561167,102.9638900756836,77688400
2007-11-26 14:00:00,-0.02206268478594229,100.69223022460938,214232000
2007-11-27 14:00:00,0.011492785384861811,101.8494644165039,293897900
2007-11-28 14:00:00,0.031984747423015186,105.10709381103516,258596900
2007-11-29 14:00:00,0.0003394161852887183,105.14276885986328,199409900
2007-11-30 14:00:00,0.01005603763890317,106.20008850097656,222908000
2007-12-03 14:00:00,-0.00659238046824903,105.4999771118164,146430400
2007-12-04 14:00:00,-0.008938470402245631,104.55696868896484,136533900
2007-12-05 14:00:00,0.016739840976217214,106.30723571777344,171130000
2007-12-06 14:00:00,0.014313434958850723,107.828857421875,154457400
2007-12-07 14:00:00,-0.00019867909533653183,107.80743408203125,148980100
2007-12-10 14:00:00,0.00775306754110389,108.64327239990234,123914300
2007-12-11 14:00:00,-0.027419909044120575,105.6642837524414,250346400
2007-12-12 14:00:00,0.00987102253786004,106.7072982788086,322435600
2007-12-13 14:00:00,-0.00207538227122909,106.48583984375,237551300
2007-12-14 14:00:00,-0.012679518807059698,105.13565063476562,159152900
2007-12-17 14:00:00,-0.014268878706911441,103.63548278808594,177269400
2007-12-18 14:00:00,0.005583084444529513,104.2140884399414,245569300
2007-12-19 14:00:00,0.0,104.2140884399414,198917200
2007-12-20 14:00:00,0.006306796805663203,104.87134552001953,214813800
2007-12-21 14:00:00,0.014415056580979487,106.38307189941406,146084400
2007-12-24 14:00:00,0.00742585866936817,107.17305755615234,45601400
2007-12-26 14:00:00,0.002144171012018107,107.4028549194336,67093100
2007-12-27 14:00:00,-0.012570620636168038,106.052734375,122981700
2007-12-28 14:00:00,-0.002505873151439253,105.78697967529297,116398100
2007-12-31 14:00:00,-0.0073994763052540186,105.00421142578125,108126800
2008-01-02 14:00:00,-0.00875477871574394,104.08492279052734,204935600
2008-01-03 14:00:00,-0.0004828984815892022,104.03466033935547,125133300
2008-01-04 14:00:00,-0.0245065444629746,101.4851303100586,232330900
2008-01-07 14:00:00,-0.0008492797886370619,101.39894104003906,234991000
2008-01-08 14:00:00,-0.016148226087053356,99.76152801513672,326365700
2008-01-09 14:00:00,0.01051052302690521,100.81007385253906,301824900
2008-01-10 14:00:00,0.0065537366750576575,101.47075653076172,335701200
2008-01-11 14:00:00,-0.008068361030753817,100.65205383300781,267076600
2008-01-14 14:00:00,0.008062737281456227,101.46358489990234,170365500
2008-01-15 14:00:00,-0.022013251337409067,99.23004150390625,239940100
2008-01-16 14:00:00,-0.008612301134528858,98.37544250488281,378802600
2008-01-17 14:00:00,-0.02591617080026114,95.825927734375,397892600
2008-01-18 14:00:00,-0.01026743744633799,94.842041015625,348561500
2008-01-22 14:00:00,-0.010147503816224037,93.87963104248047,435923700
2008-01-23 14:00:00,0.02402147226275907,96.13475799560547,511913000
2008-01-24 14:00:00,0.008441440172373086,96.94627380371094,259949300
2008-01-25 14:00:00,-0.014445411020212417,95.54584503173828,269603900
2008-01-28 14:00:00,0.01653602440554211,97.12579345703125,217934600
2008-01-29 14:00:00,0.004954804503713609,97.6070327758789,168968300
2008-01-30 14:00:00,-0.007358161523436538,96.88882446289062,334939200
2008-01-31 14:00:00,0.01823415131346239,98.65550994873047,343680800
2008-02-01 14:00:00,0.01608834600639163,100.24271392822266,206843600
2008-02-04 14:00:00,-0.012609318523392891,98.97872161865234,124694300
2008-02-05 14:00:00,-0.02677444873675158,96.32862091064453,286882500
2008-02-06 14:00:00,-0.008051649039659084,95.55301666259766,250792900
2008-02-07 14:00:00,0.006613929293594664,96.18499755859375,297368100
2008-02-08 14:00:00,-0.006421033761767123,95.56739044189453,221643500
2008-02-11 14:00:00,0.005110085581359851,96.05574798583984,188576300
2008-02-12 14:00:00,0.009270926899683,96.94627380371094,256654400
2008-02-13 14:00:00,0.010223073340540942,97.93736267089844,181967800
2008-02-14 14:00:00,-0.008799591426118223,97.07555389404297,215207200
2008-02-15 14:00:00,-0.00022210194101849538,97.05399322509766,154110300
2008-02-19 14:00:00,0.002811793764686766,97.32688903808594,145190000
2008-02-20 14:00:00,0.002951987288378069,97.61419677734375,220085700
2008-02-21 14:00:00,-0.008314205304659318,96.8026123046875,201051200
2008-02-22 14:00:00,0.006158205413066972,97.39874267578125,205491000
2008-02-25 14:00:00,0.012608481364297482,98.62679290771484,190107000
2008-02-26 14:00:00,0.007499916261906764,99.36648559570312,212420700
2008-02-27 14:00:00,-0.0010114276816538858,99.26598358154297,168395800
2008-02-28 14:00:00,-0.009767203743358212,98.29643249511719,170831100
2008-02-29 14:00:00,-0.02228368562028142,96.10602569580078,252715200
2008-03-03 14:00:00,-0.0023911611265996016,95.876220703125,189483500
2008-03-04 14:00:00,-0.0038201791912077392,95.50995635986328,282513100
2008-03-05 14:00:00,0.006316160624270241,96.11321258544922,270681400
2008-03-06 14:00:00,-0.020697821380975066,94.1238784790039,247911700
2008-03-07 14:00:00,-0.010301122517174955,93.154296875,326434600
2008-03-10 13:00:00,-0.013183378760876403,91.92620849609375,235683600
2008-03-11 13:00:00,0.03593798033223138,95.22985076904297,341440600
2008-03-12 13:00:00,-0.009351570950315764,94.33930206298828,229161100
2008-03-13 13:00:00,0.002207882563712264,94.54759216308594,351504200
2008-03-14 13:00:00,-0.015495771569707006,93.08250427246094,484687800
2008-03-17 13:00:00,-0.010107364364276575,92.14168548583984,405311100
2008-03-18 13:00:00,0.04154309009666566,95.96953582763672,334416600
2008-03-19 13:00:00,-0.024769378036379755,93.5924301147461,345971600
2008-03-20 13:00:00,0.018522586831529263,95.32600402832031,245320700
2008-03-24 13:00:00,0.019987722666726427,97.23135375976562,208977300
2008-03-25 13:00:00,0.0009649798168719714,97.32518005371094,192947200
2008-03-26 13:00:00,-0.012235542902242179,96.13435363769531,196934300
2008-03-27 13:00:00,-0.0031536788713991373,95.8311767578125,225153200
2008-03-28 13:00:00,-0.009564450754029367,94.91460418701172,180896100
2008-03-31 13:00:00,0.0034979691972612035,95.24661254882812,166692100
2008-04-01 13:00:00,0.035159823276913055,98.59546661376953,254547300
2008-04-02 13:00:00,0.0006583557125009817,98.6603775024414,210910800
2008-04-03 13:00:00,0.0024872380576189527,98.90576934814453,175884800
2008-04-04 13:00:00,-0.001094202715767172,98.79754638671875,204446800
2008-04-07 13:00:00,0.0005112902398778279,98.84806060791016,154245500
2008-04-08 13:00:00,-0.0010223666437098556,98.74700164794922,148937300
2008-04-09 13:00:00,-0.007235976109650902,98.032470703125,195610600
2008-04-10 13:00:00,0.0013988297583559337,98.16960144042969,192967800
2008-04-11 13:00:00,-0.019408444018420047,96.2642822265625,222973300
2008-04-14 13:00:00,-0.003374267845299944,95.93946075439453,160522000
2008-04-15 13:00:00,0.0023320917406051715,96.16320037841797,172389200
2008-04-16 13:00:00,0.027093842475859237,98.76863098144531,189268900
2008-04-17 13:00:00,0.0014617866085083026,98.91300964355469,179665700
2008-04-18 13:00:00,0.010433695243540049,99.94503784179688,218530600
2008-04-21 13:00:00,0.0005056490093584762,99.99557495117188,118587400
2008-04-22 13:00:00,-0.004402355450909541,99.55535888671875,162166000
2008-04-23 13:00:00,-0.0015953810736827263,99.39653015136719,193309000
2008-04-24 13:00:00,0.0043568894379242655,99.82958984375,229381300
2008-04-25 13:00:00,0.009253821820387281,100.7533950805664,190788100
2008-04-28 13:00:00,0.00021475170016179828,100.77503204345703,105610200
2008-04-29 13:00:00,-0.0039388936983984525,100.37808990478516,125514100
2008-04-30 13:00:00,-0.005895753794039063,99.78628540039062,208395900
2008-05-01 13:00:00,0.020685764284449463,101.8504409790039,187279500
2008-05-02 13:00:00,0.002763649122481103,102.13191986083984,181585500
2008-05-05 13:00:00,-0.004805315152015425,101.64114379882812,118504500
2008-05-06 13:00:00,0.008662838300991089,102.52164459228516,179339800
2008-05-07 13:00:00,-0.01781061470486393,100.69567108154297,199267300
2008-05-08 13:00:00,-0.0025801645550064733,100.43585968017578,178321200
2008-05-09 13:00:00,-0.0018686102421171637,100.24818420410156,152588200
2008-05-12 13:00:00,0.011231128797928116,101.37408447265625,147865900
2008-05-13 13:00:00,0.0001423163043458628,101.38851165771484,159132200
2008-05-14 13:00:00,0.0020645343830081506,101.59783172607422,181910800
2008-05-15 13:00:00,0.012502261270136568,102.86803436279297,166927000
2008-05-16 13:00:00,0.0009124001649766646,102.9618911743164,204236800
2008-05-19 13:00:00,0.0027339643572438384,103.2433853149414,165664400
2008-05-20 13:00:00,-0.008109328210387031,102.4061508178711,178552100
2008-05-21 13:00:00,-0.016914484168802434,100.67400360107422,252724800
2008-05-22 13:00:00,0.00014330596323319168,100.68843078613281,170820400
2008-05-23 13:00:00,-0.01340389351445137,99.33881378173828,181376400
2008-05-27 13:00:00,0.0074106006534139105,100.0749740600586,168322900
2008-05-28 13:00:00,0.00461568006225801,100.5368881225586,181288100
2008-05-29 13:00:00,0.005025205328053251,101.04210662841797,173927200
2008-05-30 13:00:00,0.0025001149595308475,101.29472351074219,117362000
2008-06-02 13:00:00,-0.010331627061794989,100.24818420410156,181069900
2008-06-03 13:00:00,-0.005831550572195928,99.66358184814453,271965700
2008-06-04 13:00:00,-0.0005068473383625103,99.61306762695312,246637700
2008-06-05 13:00:00,0.019996960896976553,101.60502624511719,237867100
2008-06-06 13:00:00,-0.0318934965182097,98.36448669433594,384276300
2008-06-09 13:00:00,0.002420958005340953,98.60262298583984,228263900
2008-06-10 13:00:00,-0.004977080314573388,98.11186981201172,260234900
2008-06-11 13:00:00,-0.014712218828420746,96.66842651367188,283890100
2008-06-12 13:00:00,0.0038072616412707164,97.03646850585938,252791800
2008-06-13 13:00:00,0.012644074534286507,98.2634048461914,244726900
2008-06-16 13:00:00,0.0005879849662811236,98.32118225097656,185832500
2008-06-17 13:00:00,-0.004844824543883001,97.84483337402344,191707700
2008-06-18 13:00:00,-0.009736978232191927,96.89212036132812,265893000
2008-06-19 13:00:00,0.0012665509907050826,97.01483917236328,304204900
2008-06-20 13:00:00,-0.01623192454125845,95.44010162353516,289275700
2008-06-23 13:00:00,-0.0009878872299307927,95.34581756591797,165096400
2008-06-24 13:00:00,-0.0019778082504618845,95.15724182128906,267300600
2008-06-25 13:00:00,0.0047258557861526804,95.60694122314453,287853900
2008-06-26 13:00:00,-0.02715994941663708,93.01026153564453,297775000
2008-06-27 13:00:00,-0.005458926764334564,92.50252532958984,303423400
2008-06-30 13:00:00,0.003528313064853609,92.82890319824219,258842600
2008-07-01 13:00:00,0.003125762804639003,93.11906433105469,388622000
2008-07-02 13:00:00,-0.01713689673553346,91.5232925415039,288064600
2008-07-03 13:00:00,0.001030247977245349,91.61758422851562,239352500
2008-07-07 13:00:00,-0.010213099054836158,90.681884765625,372427300
2008-07-08 13:00:00,0.017757071934911547,92.29212951660156,375973700
2008-07-09 13:00:00,-0.019254745466488397,90.51506805419922,336729400
2008-07-10 13:00:00,0.004087326094566322,90.8850326538086,436475700
2008-07-11 13:00:00,-0.011652314634992554,89.82601165771484,481124600
2008-07-14 13:00:00,-0.009043905152809128,89.01363372802734,322720800
2008-07-15 13:00:00,-0.014097390161045564,87.75877380371094,502502500
2008-07-16 13:00:00,0.02454758953492557,89.91304016113281,371642900
2008-07-17 13:00:00,0.010003324541993005,90.81246948242188,375490600
2008-07-18 13:00:00,0.006230040699079188,91.37823486328125,267030100
2008-07-21 13:00:00,0.0005555588952543547,91.42900085449219,222863000
2008-07-22 13:00:00,0.0113446656489579,92.46623229980469,296904200
2008-07-23 13:00:00,0.005412825066952789,92.96673583984375,311698400
2008-07-24 13:00:00,-0.020753633711864818,91.03733825683594,248634500
2008-07-25 13:00:00,-0.00023917979599488655,91.01556396484375,219131000
2008-07-28 13:00:00,-0.014663535852693034,89.68095397949219,205201300
2008-07-29 13:00:00,0.021352464239295012,91.59586334228516,261505600
2008-07-30 13:00:00,0.017817273246194937,93.22785186767578,354710000
2008-07-31 13:00:00,-0.013226579907412385,91.99476623535156,277402100
2008-08-01 13:00:00,-0.005282495232601129,91.50880432128906,248690900
2008-08-04 13:00:00,-0.009274200070333749,90.6601333618164,188239600
2008-08-05 13:00:00,0.02696237189162169,93.10454559326172,251577600
2008-08-06 13:00:00,0.004440566107852411,93.51798248291016,209555400
2008-08-07 13:00:00,-0.014891835580390238,92.12532806396484,246312500
2008-08-08 13:00:00,0.018581536425808884,93.837158203125,260811700
2008-08-11 13:00:00,0.010357639512224312,94.80908966064453,249425800
2008-08-12 13:00:00,-0.01040467563013119,93.8226318359375,213200800
2008-08-13 13:00:00,-0.0060300776091439575,93.25687408447266,256393200
2008-08-14 13:00:00,0.0075444036891641544,93.96044158935547,239555300
2008-08-15 13:00:00,0.004863675556406871,94.41743469238281,181000800
2008-08-18 13:00:00,-0.013674780505518897,93.12629699707031,172275100
2008-08-19 13:00:00,-0.010904086021505376,92.11083984375,194673700
2008-08-20 13:00:00,0.004646094077172225,92.5387954711914,225498200
2008-08-21 13:00:00,0.0017241798644515797,92.69834899902344,180609800
2008-08-22 13:00:00,0.014475614226580428,94.04021453857422,167715300
2008-08-25 13:00:00,-0.020285105377323566,92.13259887695312,171936900
2008-08-26 13:00:00,0.0029129669052776067,92.4009780883789,159117200
2008-08-27 13:00:00,0.009733815389267157,93.3003921508789,171032800
2008-08-28 13:00:00,0.012127824284906726,94.43192291259766,167537100
2008-08-29 13:00:00,-0.010753728918904573,93.41642761230469,189195800
2008-09-02 13:00:00,-0.00621147282020222,92.83617401123047,252364900
2008-09-03 13:00:00,-0.0008596160671940348,92.7563705444336,251947000
2008-09-04 13:00:00,-0.030106360849442453,89.96381378173828,340042500
2008-09-05 13:00:00,0.0031446596883902686,90.24671936035156,289503400
2008-09-08 13:00:00,0.02065582545948378,92.11083984375,364075300
2008-09-09 13:00:00,-0.0296875248485234,89.37629699707031,377326800
2008-09-10 13:00:00,0.004057541232277654,89.73894500732422,298916600
2008-09-11 13:00:00,0.014468559324000832,91.03733825683594,375369400
2008-09-12 13:00:00,0.004621181608531897,91.45803833007812,297851200
2008-09-15 13:00:00,-0.04758496871931201,87.10601043701172,483607000
2008-09-16 13:00:00,0.01673682568491864,88.56388854980469,581744300
2008-09-17 13:00:00,-0.04496252060819524,84.58183288574219,624095600
2008-09-18 13:00:00,0.02967109885976488,87.09146881103516,776114700
2008-09-19 13:00:00,0.039714056271902165,90.55022430419922,501087800
2008-09-22 13:00:00,-0.022639571865221836,88.50020599365234,249966500
2008-09-23 13:00:00,-0.022751836028917147,86.48666381835938,327470400
2008-09-24 13:00:00,0.0032058983872589753,86.76393127441406,311818400
2008-09-25 13:00:00,0.01563946219602294,88.1208724975586,328253000
2008-09-26 13:00:00,0.0004963559439208691,88.16461181640625,285917400
2008-09-29 13:00:00,-0.07836170784270424,81.2558822631836,459562300
2008-09-30 13:00:00,0.041390295230091044,84.61908721923828,328154400
2008-10-01 13:00:00,0.0006034517657388164,84.67015075683594,332783000
2008-10-02 13:00:00,-0.03627483648687687,81.5987548828125,365337800
2008-10-03 13:00:00,-0.01349993342877702,80.49717712402344,461798000
2008-10-06 13:00:00,-0.050933633692436094,76.39716339111328,610637500
2008-10-07 13:00:00,-0.044785809278626944,72.97565460205078,540012100
2008-10-08 13:00:00,-0.025192928641885864,71.1371841430664,725414800
2008-10-09 13:00:00,-0.0698386427505603,66.16905975341797,534485200
2008-10-10 13:00:00,-0.024255754498114877,64.56407928466797,871026300
2008-10-13 13:00:00,0.1451980805296942,73.93865966796875,455584000
2008-10-14 13:00:00,-0.014800406303063122,72.8443374633789,546268300
2008-10-15 13:00:00,-0.09844778716220286,65.6729736328125,484627500
2008-10-16 13:00:00,0.041657372865446206,68.40873718261719,708811200
2008-10-17 13:00:00,-0.005972249948976576,68.00018310546875,476649000
2008-10-20 13:00:00,0.06007974939750385,72.08561706542969,321294200
2008-10-21 13:00:00,-0.029855406298162884,69.9334716796875,356502000
2008-10-22 13:00:00,-0.054454132083540614,66.12530517578125,516168000
2008-10-23 13:00:00,0.011583819227854609,66.89128875732422,634666400
2008-10-24 13:00:00,-0.050714308118265314,63.49894332885742,545812600
2008-10-27 13:00:00,-0.03550058401884384,61.244693756103516,397288600
2008-10-28 13:00:00,0.11685451863412165,68.40141296386719,639939500
2008-10-29 13:00:00,-0.0072520135497032515,67.90536499023438,531270100
2008-10-30 13:00:00,0.03459359325304714,70.25445556640625,414582100
2008-10-31 13:00:00,0.005504435519252438,70.64116668701172,411394000
2008-11-03 14:00:00,0.002890892279890905,70.84538269042969,205419400
2008-11-04 14:00:00,0.03398247181786129,73.25288391113281,346793400
2008-11-05 14:00:00,-0.042027716368921955,70.17423248291016,387844100
2008-11-06 14:00:00,-0.05541104757108624,66.28580474853516,477721900
2008-11-07 14:00:00,0.03301783692457816,68.47441864013672,380391000
2008-11-10 14:00:00,-0.013105065704714132,67.57705688476562,301773000
2008-11-11 14:00:00,-0.03087521704867987,65.4906005859375,418498200
2008-11-12 14:00:00,-0.04400136346945661,62.608924865722656,454330600
2008-11-13 14:00:00,0.06233935315612671,66.51192474365234,753141900
2008-11-14 14:00:00,-0.04990639321548395,63.19255447387695,540352300
2008-11-17 14:00:00,-0.01327665023356606,62.35356903076172,415254900
2008-11-18 14:00:00,0.018837224468900342,63.52813720703125,523811800
2008-11-19 14:00:00,-0.06407918566164991,59.457305908203125,558327600
2008-11-20 14:00:00,-0.07423303531237793,55.043609619140625,814180400
2008-11-21 14:00:00,0.05394324013995916,58.012840270996094,718536500
2008-11-24 14:00:00,0.06929093503706474,62.0326042175293,523305300
2008-11-25 14:00:00,0.007408922007382479,62.4921989440918,454112400
2008-11-26 14:00:00,0.03864123665337867,64.90697479248047,370134200
2008-11-28 14:00:00,0.012588441216542559,65.72405242919922,118308100
2008-12-01 14:00:00,-0.08857875070679568,59.90229797363281,369927100
2008-12-02 14:00:00,0.03848588947303667,62.20769119262695,469508400
2008-12-03 14:00:00,0.02404053675598148,63.70319747924805,519863500
2008-12-04 14:00:00,-0.023132672164305677,62.22957229614258,444173800
2008-12-05 14:00:00,0.030832197590293795,64.14824676513672,471905300
2008-12-08 14:00:00,0.03491468105702174,66.3879623413086,412859300
2008-12-09 14:00:00,-0.016484204117333322,65.29360961914062,370790000
2008-12-10 14:00:00,0.006816298449059868,65.7386703491211,396187400
2008-12-11 14:00:00,-0.024082402841339622,64.15552520751953,365061000
2008-12-12 14:00:00,0.011939717395412268,64.92152404785156,415060400
2008-12-15 14:00:00,-0.013933659670712157,64.01692962646484,256694200
2008-12-16 14:00:00,0.04706520584919699,67.02989959716797,377699500
2008-12-17 14:00:00,-0.009686147204624584,66.3806381225586,281819800
2008-12-18 14:00:00,-0.018683331795132842,65.14042663574219,374673300
2008-12-19 14:00:00,-0.004302018040108755,64.86019134521484,301451300
2008-12-22 14:00:00,-0.012813251534608307,64.02912139892578,243759500
2008-12-23 14:00:00,-0.010337179063262406,63.36724090576172,221625200
2008-12-24 14:00:00,0.005802481220361365,63.734928131103516,62061600
2008-12-26 14:00:00,0.0057698446030576625,64.10266876220703,74767700
2008-12-29 14:00:00,-0.0028681639573128748,63.9188117980957,127795900
2008-12-30 14:00:00,0.02370294748731688,65.43387603759766,168256300
2008-12-31 14:00:00,0.014274505981368497,66.36791229248047,193987200
2009-01-02 14:00:00,0.03014159714219204,68.36834716796875,227566300
2009-01-05 14:00:00,-0.0011832152387142045,68.2874526977539,240349700
2009-01-06 14:00:00,0.006677337864290923,68.7434310913086,328260900
2009-01-07 14:00:00,-0.029956142604623422,66.68414306640625,280899200
2009-01-08 14:00:00,0.004080808894396885,66.95626831054688,263834400
2009-01-09 14:00:00,-0.021419328785523214,65.52210998535156,330953600
2009-01-12 14:00:00,-0.024020407740279182,63.9482421875,277858500
2009-01-13 14:00:00,0.0018401722584487578,64.06591796875,356432300
2009-01-14 14:00:00,-0.03145500764059844,62.050724029541016,435491600
2009-01-15 14:00:00,0.0003559522876389574,62.072811126708984,532647300
2009-01-16 14:00:00,0.007820113243504262,62.5582275390625,399237200
2009-01-20 14:00:00,-0.05278663725396457,59.25598907470703,419855200
2009-01-21 14:00:00,0.04319255765662079,61.815406799316406,364360700
2009-01-22 14:00:00,-0.015466469948109598,60.85934066772461,427940300
2009-01-23 14:00:00,0.004349967854277236,61.12407684326172,386800600
2009-01-26 14:00:00,0.006858071147596845,61.543270111083984,317978800
2009-01-27 14:00:00,0.010157749867214804,62.16841125488281,273789700
2009-01-28 14:00:00,0.03383441299531278,64.27184295654297,330007000
2009-01-29 14:00:00,-0.03249824702266876,62.18312072753906,294392500
2009-01-30 14:00:00,-0.02034276322359973,60.91814422607422,383383600
2009-02-02 14:00:00,-0.0030182864323766703,60.734275817871094,288233300
2009-02-03 14:00:00,0.01404731047288992,61.58742904663086,278385800
2009-02-04 14:00:00,-0.0048964448250285305,61.28586959838867,322989300
2009-02-05 14:00:00,0.014880625042520652,62.19784164428711,417679400
2009-02-06 14:00:00,0.02849702274625906,63.97029495239258,366101700
2009-02-09 14:00:00,0.0013793552541353673,64.05853271484375,240075200
2009-02-10 14:00:00,-0.045808977308998744,61.12407684326172,536212800
2009-02-11 14:00:00,0.005895535941075845,61.48443603515625,324442500
2009-02-12 14:00:00,0.0007177168860021383,61.528564453125,469302200
2009-02-13 14:00:00,-0.010757784073549426,60.86665344238281,293998400
2009-02-17 14:00:00,-0.04277446460315316,58.26311492919922,478910100
2009-02-18 14:00:00,-0.0023984297853656762,58.123374938964844,362964800
2009-02-19 14:00:00,-0.01075508899765264,57.498252868652344,316867500
2009-02-20 14:00:00,-0.00972120549157948,56.939300537109375,477176600
2009-02-23 14:00:00,-0.035778668733354876,54.9020881652832,379641400
2009-02-24 14:00:00,0.037909978375171696,56.98342514038086,426260900
2009-02-25 14:00:00,-0.007872879808845483,56.5348014831543,461985800
2009-02-26 14:00:00,-0.01626125427362639,55.615474700927734,363353900
2009-02-27 14:00:00,-0.02234838619757391,54.37255859375,470510900
2009-03-02 14:00:00,-0.04504253008396569,51.92348098754883,426452600
2009-03-03 14:00:00,-0.007507073651120687,51.533687591552734,443761000
2009-03-04 14:00:00,0.02369029154622756,52.75453567504883,462753100
2009-03-05 14:00:00,-0.0408475203164878,50.59964370727539,485549400
2009-03-06 14:00:00,0.0017440677458817754,50.68789291381836,490470000
2009-03-09 13:00:00,-0.011752600766116976,50.09217834472656,379905300
2009-03-10 13:00:00,0.05960926831363444,53.0781364440918,406227900
2009-03-11 13:00:00,0.0065127390423321925,53.42382049560547,356648300
2009-03-12 13:00:00,0.039371758149779924,55.5272102355957,409702700
2009-03-13 13:00:00,0.007814717172324365,55.96113967895508,337474700
2009-03-16 13:00:00,-0.0030231337317961154,55.791961669921875,360644900
2009-03-17 13:00:00,0.030583100999840827,57.498252868652344,356814300
2009-03-18 13:00:00,0.022384328561698665,58.78531265258789,473273200
2009-03-19 13:00:00,-0.012386068281841845,58.057193756103516,428520400
2009-03-20 13:00:00,-0.02129368905166418,56.82094192504883,371078200
2009-03-23 13:00:00,0.07182891426801355,60.90232849121094,419933300
2009-03-24 13:00:00,-0.01970319157065564,59.70235824584961,330271000
2009-03-25 13:00:00,0.01054591145459779,60.331974029541016,441775100
2009-03-26 13:00:00,0.020380489849778683,61.56156921386719,422025200
2009-03-27 13:00:00,-0.01804852349696951,60.45047378540039,322332300
2009-03-30 13:00:00,-0.03455476521369173,58.36162185668945,324108500
2009-03-31 13:00:00,0.009265090496209952,58.902347564697266,364238300
2009-04-01 13:00:00,0.01936668575666297,60.0430908203125,377018300
2009-04-02 13:00:00,0.02923773006446786,61.798614501953125,476230700
2009-04-03 13:00:00,0.009948373272915733,62.41341018676758,284646300
2009-04-06 13:00:00,-0.007833117916478647,61.92451858520508,264866600
2009-04-07 13:00:00,-0.023324752738856886,60.48014450073242,258947800
2009-04-08 13:00:00,0.010776872469134486,61.13193130493164,230402800
2009-04-09 13:00:00,0.039743297018620914,63.56151580810547,269653500
2009-04-13 13:00:00,0.00023298146050928234,63.576324462890625,224847500
2009-04-14 13:00:00,-0.017243632483371088,62.480037689208984,276598800
2009-04-15 13:00:00,0.01067046133570372,63.146728515625,250726100
2009-04-16 13:00:00,0.014662365793024523,64.0726089477539,335202900
2009-04-17 13:00:00,0.006705663466547593,64.50225830078125,262649000
2009-04-20 13:00:00,-0.04191549055880697,61.798614501953125,293690100
2009-04-21 13:00:00,0.01953711993528943,63.0059814453125,114090900
2009-04-22 13:00:00,-0.006113592110744074,62.62078857421875,340395200
2009-04-23 13:00:00,0.00981836616538935,63.23562240600586,324903700
2009-04-24 13:00:00,0.015109816775079978,64.19110107421875,287703000
2009-04-27 13:00:00,-0.00946193901913746,63.5837287902832,289581600
2009-04-28 13:00:00,-0.003145170836279831,63.38374710083008,247926300
2009-04-29 13:00:00,0.02126914059253347,64.73186492919922,311505700
2009-04-30 13:00:00,0.00034333054198020283,64.75408935546875,301419800
2009-05-01 13:00:00,0.0053764099644557466,65.10223388671875,236110300
2009-05-04 13:00:00,0.034019955279922375,67.31700897216797,287120000
2009-05-05 13:00:00,-0.0034112796973947046,67.08737182617188,243036300
2009-05-06 13:00:00,0.017334267683625535,68.25028228759766,291941000
2009-05-07 13:00:00,-0.013891253463535166,67.30220031738281,317728000
2009-05-08 13:00:00,0.02333214758507517,68.87250518798828,299081700
2009-05-11 13:00:00,-0.018713325653628782,67.58367156982422,247923600
2009-05-12 13:00:00,-0.002959475304987048,67.38365936279297,282431300
2009-05-13 13:00:00,-0.025173596663357153,65.68737030029297,269619100
2009-05-14 13:00:00,0.00857107183404909,66.25038146972656,260098700
2009-05-15 13:00:00,-0.008162426283199192,65.7096176147461,271502700
2009-05-18 13:00:00,0.028406917187671077,67.57622528076172,241447400
2009-05-19 13:00:00,-0.0012054394141092523,67.49476623535156,206102200
2009-05-20 13:00:00,-0.00669483243080959,67.04290008544922,285722200
2009-05-21 13:00:00,-0.01436276087924058,66.0799789428711,258988400
2009-05-22 13:00:00,-0.002129834833023235,65.93923950195312,166811900
2009-05-26 13:00:00,0.0256126842403169,67.62812042236328,236318500
2009-05-27 13:00:00,-0.017853595261724385,66.42071533203125,246015800
2009-05-28 13:00:00,0.013940093012827169,67.34662628173828,289095000
2009-05-29 13:00:00,0.017707652558433498,68.53917694091797,258641500
2009-06-01 13:00:00,0.024208424114831,70.19840240478516,276246800
2009-06-02 13:00:00,0.0008441432467725133,70.25765991210938,230874500
2009-06-03 13:00:00,-0.012651577641068142,69.36878967285156,235310500
2009-06-04 13:00:00,0.009397066046831245,70.0206527709961,210102300
2009-06-05 13:00:00,0.0002110539765369431,70.03543090820312,284257900
2009-06-08 13:00:00,-0.004124978594034392,69.74653625488281,238565100
2009-06-09 13:00:00,0.005098329457007348,70.10212707519531,225125500
2009-06-10 13:00:00,-0.002536125338550912,69.9243392944336,296100400
2009-06-11 13:00:00,0.004448931018165277,70.23542785644531,275414200
2009-06-12 13:00:00,0.002742046457607938,70.42801666259766,184361800
2009-06-15 13:00:00,-0.02292760992384365,68.81327056884766,224190500
2009-06-16 13:00:00,-0.013562957474438973,67.87995910644531,227319000
2009-06-17 13:00:00,-0.0009819985294187068,67.81330108642578,223445200
2009-06-18 13:00:00,0.007318281922837848,68.30957794189453,211725100
2009-06-19 13:00:00,0.0036853855481554475,68.56132507324219,215655600
2009-06-22 13:00:00,-0.029986746742603047,66.5053939819336,251913600
2009-06-23 13:00:00,0.0007839857657369312,66.55753326416016,188309800
2009-06-24 13:00:00,0.008617890148924286,67.13111877441406,211577700
2009-06-25 13:00:00,0.021748696728381943,68.59113311767578,279411000
2009-06-26 13:00:00,-0.0026067872348400963,68.4123306274414,167579000
2009-06-29 13:00:00,0.009364397513042631,69.05297088623047,168481300
2009-06-30 13:00:00,-0.008090787767109852,68.49427795410156,228888200
2009-07-01 13:00:00,0.004132803991052479,68.77735137939453,173041100
2009-07-02 13:00:00,-0.02729327432656464,66.90019226074219,212309900
2009-07-06 13:00:00,-0.00011084828359643835,66.89277648925781,174499600
2009-07-07 13:00:00,-0.019376648794391275,65.59661865234375,197088900
2009-07-08 13:00:00,-0.000681447054390152,65.55191802978516,248050500
2009-07-09 13:00:00,0.001932141460082558,65.67857360839844,163777600
2009-07-10 13:00:00,-0.002382030480604213,65.52212524414062,173520300
2009-07-13 13:00:00,0.024328968076351088,67.1162109375,217413500
2009-07-14 13:00:00,0.0056606437426339,67.49613189697266,181487400
2009-07-15 13:00:00,0.029245879862590685,69.4701156616211,220877900
2009-07-16 13:00:00,-0.0016083532011719837,69.35838317871094,231174500
2009-07-17 13:00:00,0.010954530344600153,70.11817169189453,138561700
2009-07-20 13:00:00,0.01062408921183971,70.86311340332031,164179400
2009-07-21 13:00:00,0.0046256689961531715,71.19090270996094,217718300
2009-07-22 13:00:00,-0.00020951365611082212,71.17598724365234,196068100
2009-07-23 13:00:00,0.022082221811801445,72.74771118164062,258795500
2009-07-24 13:00:00,0.004095986361254755,73.04568481445312,154003100
2009-07-27 13:00:00,0.0029571003204012765,73.26168823242188,159259400
2009-07-28 13:00:00,-0.004676983919698047,72.9190444946289,186685200
2009-07-29 13:00:00,-0.002451440705320191,72.74028778076172,194399300
2009-07-30 13:00:00,0.010445327696092441,73.50008392333984,225575400
2009-07-31 13:00:00,0.0014186505578326649,73.60435485839844,207358000
2009-08-03 13:00:00,0.016496345674047185,74.81855773925781,175776900
2009-08-04 13:00:00,0.002588660025301281,75.01223754882812,176714600
2009-08-05 13:00:00,-0.002879880846264912,74.79621124267578,184726400
2009-08-06 13:00:00,-0.005178764850659787,74.40885925292969,193203800
2009-08-07 13:00:00,0.013114331526216052,75.38468170166016,220640900
2009-08-10 13:00:00,-0.0020745239692126797,75.2282943725586,130898700
2009-08-11 13:00:00,-0.012476568972436299,74.28970336914062,157301000
2009-08-12 13:00:00,0.010728641409836401,75.08673095703125,219052400
2009-08-13 13:00:00,0.007638769782014776,75.6603012084961,176449500
2009-08-14 13:00:00,-0.007679278713499225,75.07928466796875,199616100
2009-08-17 13:00:00,-0.02460564149714779,73.2319107055664,237667500
2009-08-18 13:00:00,0.00793413409152305,73.81294250488281,173461500
2009-08-19 13:00:00,0.008780120746557298,74.46102905273438,192812800
2009-08-20 13:00:00,0.010304253507977043,75.2282943725586,174131300
2009-08-21 13:00:00,0.019605544361984896,76.70318603515625,224605000
2009-08-24 13:00:00,-9.717873327471444e-05,76.69573211669922,191279000
2009-08-25 13:00:00,0.0019427687966860124,76.84473419189453,215310600
2009-08-26 13:00:00,9.670188011687227e-05,76.85216522216797,194620700
2009-08-27 13:00:00,0.0022290904141666667,77.02347564697266,196230100
2009-08-28 13:00:00,-0.0001928558926687125,77.00862121582031,147024400
2009-08-31 13:00:00,-0.008899633572473215,76.32327270507812,176051600
2009-09-01 13:00:00,-0.022056921319444804,74.63981628417969,321276800
2009-09-02 13:00:00,-0.0037927301830997864,74.35672760009766,171805000
2009-09-03 13:00:00,0.008315133717795402,74.97501373291016,143572300
2009-09-04 13:00:00,0.014008674968518259,76.02531433105469,142687900
2009-09-08 13:00:00,0.008622459680535164,76.68083953857422,132909100
2009-09-09 13:00:00,0.0076745814301097705,77.26933288574219,154612500
2009-09-10 13:00:00,0.010218757275732668,78.05892944335938,162902400
2009-09-11 13:00:00,-0.00019098182642742788,78.04402160644531,152360100
2009-09-14 13:00:00,0.004868327385436428,78.42396545410156,149593800
2009-09-15 13:00:00,0.004178735553573989,78.75167846679688,196795900
2009-09-16 13:00:00,0.015134167914792863,79.94351959228516,206406300
2009-09-17 13:00:00,-0.0014905008485586052,79.8243637084961,229170900
2009-09-18 13:00:00,0.0006371180624882261,79.8752212524414,153799100
2009-09-21 13:00:00,-0.0025295611355182074,79.67317199707031,151892000
2009-09-22 13:00:00,0.005824040436192093,80.13719177246094,143126700
2009-09-23 13:00:00,-0.00831208535015426,79.47108459472656,225947400
2009-09-24 13:00:00,-0.01101893411891248,78.59539794921875,228636800
2009-09-25 13:00:00,-0.00533302606881845,78.1762466430664,204059000
2009-09-28 13:00:00,0.017903588046786108,79.57588195800781,118285800
2009-09-29 13:00:00,-0.0030100180533970205,79.33635711669922,133733900
2009-09-30 13:00:00,-0.00386757093984628,79.0295181274414,254383000
2009-10-01 13:00:00,-0.024813591313925288,77.06851196289062,281840600
2009-10-02 13:00:00,-0.0046619698176235584,76.70922088623047,224748800
2009-10-05 13:00:00,0.014929039743770682,77.85441589355469,149875000
2009-10-06 13:00:00,0.014324122982979918,78.96961212158203,202491100
2009-10-07 13:00:00,0.002748605046709379,79.1866683959961,159200300
2009-10-08 13:00:00,0.007655825546491983,79.79290771484375,183305800
2009-10-09 13:00:00,0.006096791391901185,80.27938842773438,135008300
2009-10-12 13:00:00,0.00391603420518932,80.59376525878906,118031000
2009-10-13 13:00:00,-0.0020431508769843875,80.4291000366211,157692700
2009-10-14 13:00:00,0.017215419119118065,81.813720703125,191421600
2009-10-15 13:00:00,0.003659723403429929,82.1131362915039,173873600
2009-10-16 13:00:00,-0.007474495557959117,81.49938201904297,192069400
2009-10-19 13:00:00,0.008265271285072194,82.1729965209961,159530400
2009-10-20 13:00:00,-0.005282445818372439,81.73892211914062,180921100
2009-10-21 13:00:00,-0.00897357062239282,81.00543212890625,225379300
2009-10-22 13:00:00,0.010163744082435637,81.82875061035156,238444000
2009-10-23 13:00:00,-0.011433917320826766,80.89312744140625,240033200
2009-10-26 13:00:00,-0.010824946259600272,80.01746368408203,242028200
2009-10-27 13:00:00,-0.004583502613307775,79.65070343017578,253266300
2009-10-28 13:00:00,-0.018887781074613478,78.14627838134766,248821400
2009-10-29 13:00:00,0.021454410512605503,79.82286071777344,198110600
2009-10-30 13:00:00,-0.02897355155181217,77.5101089477539,325608100
2009-11-02 14:00:00,0.007338815609772423,78.07894134521484,254222900
2009-11-03 14:00:00,0.003163583843326383,78.3259506225586,228362600
2009-11-04 14:00:00,0.0025795953163050625,78.52799987792969,247996700
2009-11-05 14:00:00,0.018395441017050523,79.9725570678711,180015300
2009-11-06 14:00:00,0.0026206423235357055,80.18213653564453,170954100
2009-11-09 14:00:00,0.022775866673936187,82.00835418701172,159495700
2009-11-10 14:00:00,0.00018252862429329466,82.02332305908203,171899800
2009-11-11 14:00:00,0.00510986878289299,82.44245147705078,169466200
2009-11-12 14:00:00,-0.010167874078385163,81.60418701171875,157144500
2009-11-13 14:00:00,0.005411076115760399,82.0457534790039,150963000
2009-11-16 14:00:00,0.014504689972503931,83.23580169677734,210922200
2009-11-17 14:00:00,0.0011690317852171284,83.3331069946289,147134100
2009-11-18 14:00:00,-0.0006284196755783425,83.2807388305664,156486800
2009-11-19 14:00:00,-0.01303150954128489,82.19546508789062,208734600
2009-11-20 14:00:00,-0.0035512985351868155,81.903564453125,134196000
2009-11-23 14:00:00,0.012702528787368434,82.9439468383789,148010200
2009-11-24 14:00:00,0.0015338087787947878,83.0711669921875,138420100
2009-11-25 14:00:00,0.0035135866889829674,83.36304473876953,109564800
2009-11-27 14:00:00,-0.016250492721360362,82.00835418701172,126001800
2009-11-30 14:00:00,0.003376965613263151,82.28529357910156,160874800
2009-12-01 14:00:00,0.012369987366134899,83.30316162109375,159613700
2009-12-02 14:00:00,-0.00044895405245600395,83.26576232910156,132315100
2009-12-03 14:00:00,-0.007820641920649159,82.61457061767578,167324900
2009-12-04 14:00:00,0.005707553717025427,83.08609771728516,274907800
2009-12-07 14:00:00,-0.0015309091306443437,82.95890045166016,127973800
2009-12-08 14:00:00,-0.011097439860932761,82.03826904296875,169863700
2009-12-09 14:00:00,0.0037410303433857966,82.34517669677734,155063400
2009-12-10 14:00:00,0.005635242436705439,82.80921173095703,138014600
2009-12-11 14:00:00,0.004247939164005351,83.16098022460938,124854000
2009-12-14 14:00:00,0.0068400440510690014,83.72980499267578,107141500
2009-12-15 14:00:00,-0.004648629252568173,83.340576171875,120408800
2009-12-16 14:00:00,0.0015271499840345908,83.46784973144531,155358200
2009-12-17 14:00:00,-0.012015943258583999,82.46490478515625,183390100
2009-12-18 14:00:00,0.0056576838957742,82.93146514892578,174591200
2009-12-21 14:00:00,0.010162196056611996,83.77423095703125,118039600
2009-12-22 14:00:00,0.003593293393279842,84.07525634765625,91707500
2009-12-23 14:00:00,0.001968436771545907,84.24075317382812,111783100
2009-12-24 14:00:00,0.004734366492404545,84.63957977294922,39677500
2009-12-28 14:00:00,0.002133969552038561,84.82019805908203,87508500
2009-12-29 14:00:00,-0.0014195569834477065,84.69979095458984,80572500
2009-12-30 14:00:00,-0.0003555288611159427,84.669677734375,73138400
2009-12-31 14:00:00,-0.009598187897014766,83.85700225830078,90637900
2010-01-04 14:00:00,0.01695995152531933,85.27921295166016,118944600
2010-01-05 14:00:00,0.0026473205574984587,85.50497436523438,111579900
2010-01-06 14:00:00,0.0007039156950090067,85.5651626586914,116074400
2010-01-07 14:00:00,0.004220879936393449,85.92632293701172,131091100
2010-01-08 14:00:00,0.00332802517372865,86.21228790283203,126402800
2010-01-11 14:00:00,0.0013966350670091912,86.33269500732422,106375700
2010-01-12 14:00:00,-0.009326517729768795,85.52751159667969,163333500
2010-01-13 14:00:00,0.008446457362013484,86.24991607666016,161822000
2010-01-14 14:00:00,0.0027043023369676413,86.48316192626953,115718800
2010-01-15 14:00:00,-0.011223833470027535,85.51248931884766,212283100
2010-01-19 14:00:00,0.012495479909384953,86.58100891113281,139172700
2010-01-20 14:00:00,-0.010168706523399974,85.70059204101562,216490200
2010-01-21 14:00:00,-0.019229057234129456,84.05265045166016,344859600
2010-01-22 14:00:00,-0.02229165261634596,82.1789779663086,345942400
2010-01-25 14:00:00,0.005127206278351217,82.60032653808594,186937500
2010-01-26 14:00:00,-0.004190054301492899,82.25422668457031,211168800
2010-01-27 14:00:00,0.004757158415935257,82.64552307128906,271863600
2010-01-28 14:00:00,-0.011472590757787159,81.6973648071289,316104000
2010-01-29 14:00:00,-0.010868455750465739,80.80944061279297,310677600
2010-02-01 14:00:00,0.015550911525884748,82.06610107421875,187865000
2010-02-02 14:00:00,0.012103581737223248,83.05939483642578,216327900
2010-02-03 14:00:00,-0.004982841085608474,82.64552307128906,172730700
2010-02-04 14:00:00,-0.03086596518592083,80.09458923339844,356715700
2010-02-05 14:00:00,0.0020669340278551725,80.26013946533203,493585800
2010-02-08 14:00:00,-0.007219299653978186,79.68071746826172,224166900
2010-02-09 14:00:00,0.012559758504261479,80.68148803710938,337820500
2010-02-10 14:00:00,-0.0019586605647766014,80.5234603881836,240511500
2010-02-11 14:00:00,0.010466564042518499,81.36626434326172,223591600
2010-02-12 14:00:00,-0.0008319863056535594,81.29856872558594,304622100
2010-02-16 14:00:00,0.015734941346472013,82.57779693603516,159317500
2010-02-17 14:00:00,0.004738333334719189,82.96907806396484,168845100
2010-02-18 14:00:00,0.0058950302452716215,83.45818328857422,193708600
2010-02-19 14:00:00,0.0020735840313461035,83.63124084472656,222684900
2010-02-22 14:00:00,0.00018081113957178595,83.6463623046875,132346900
2010-02-23 14:00:00,-0.012145630451628722,82.63042449951172,207497000
2010-02-24 14:00:00,0.009197883576388424,83.39044952392578,176350700
2010-02-25 14:00:00,-0.0013534119787710199,83.277587890625,259634700
2010-02-26 14:00:00,0.0006325031881678662,83.33026123046875,173589300
2010-03-01 14:00:00,0.01038475173279093,84.19562530517578,147709700
2010-03-02 14:00:00,0.0027703752796948158,84.42887878417969,160992400
2010-03-03 14:00:00,0.0008913578948338653,84.50413513183594,150785000
2010-03-04 14:00:00,0.003027592860536256,84.75997924804688,135770400
2010-03-05 14:00:00,0.014293416720223662,85.97148895263672,176118800
2010-03-08 14:00:00,0.0001753567813866231,85.98656463623047,114631200
2010-03-09 14:00:00,0.0016628467890890774,86.12954711914062,154556700
2010-03-10 14:00:00,0.004455685501115582,86.51331329345703,186088800
2010-03-11 14:00:00,0.004174620813506942,86.87447357177734,160791100
2010-03-12 14:00:00,8.676705005466413e-05,86.88201141357422,162074800
2010-03-15 13:00:00,0.0002596638735896199,86.90457153320312,146816800
2010-03-16 13:00:00,0.007966108658635125,87.59686279296875,168673000
2010-03-17 13:00:00,0.0059271892791671055,88.1160659790039,177468100
2010-03-18 13:00:00,-0.0005122277934835377,88.07093048095703,196509100
2010-03-19 13:00:00,-0.005062097868149481,87.62510681152344,226641100
2010-03-22 13:00:00,0.005346446791774944,88.09358978271484,184477800
2010-03-23 13:00:00,0.00703315078902427,88.71316528320312,182941600
2010-03-24 13:00:00,-0.004854825654215944,88.28247833251953,196072600
2010-03-25 13:00:00,-0.0016260835695991163,88.13892364501953,223396300
2010-03-26 13:00:00,-0.0005999543823460544,88.08604431152344,205808500
2010-03-29 13:00:00,0.006346998955620724,88.64512634277344,134513500
2010-03-30 13:00:00,0.0006821647568176454,88.70559692382812,145772500
2010-03-31 13:00:00,-0.003406864473691001,88.40338897705078,161078700
2010-04-01 13:00:00,0.006837539566257931,89.00785064697266,161215200
2010-04-05 13:00:00,0.008149274710007863,89.73320007324219,105847600
2010-04-06 13:00:00,0.002358115582097877,89.9448013305664,110384200
2010-04-07 13:00:00,-0.005712579558741888,89.43098449707031,184576300
2010-04-08 13:00:00,0.00346394414965904,89.74076843261719,158704000
2010-04-09 13:00:00,0.006567820349786126,90.33016967773438,133006500
2010-04-12 13:00:00,0.0015886307116464225,90.47367095947266,110279000
2010-04-13 13:00:00,0.0007519459563614991,90.54170227050781,125043600
2010-04-14 13:00:00,0.01134916404339185,91.56927490234375,161609000
2010-04-15 13:00:00,0.0008249342952039998,91.64481353759766,144615300
2010-04-16 13:00:00,-0.015911830010300474,90.18657684326172,366786700
2010-04-19 13:00:00,0.003769921753228488,90.52657318115234,217947800
2010-04-20 13:00:00,0.00893051358396305,91.33502197265625,157708000
2010-04-21 13:00:00,-0.0018198275499136949,91.16880798339844,192910100
2010-04-22 13:00:00,0.002983678723393216,91.44082641601562,115360300
2010-04-23 13:00:00,0.0065282296727366415,92.03777313232422,177335500
2010-04-26 13:00:00,-0.0037766582460008746,91.69017791748047,143457300
2010-04-27 13:00:00,-0.023650827528506165,89.5216293334961,355853300
2010-04-28 13:00:00,0.007596700091249375,90.20169830322266,300674100
2010-04-29 13:00:00,0.012397278945627378,91.31995391845703,193775000
2010-04-30 13:00:00,-0.016962127622992092,89.7709732055664,270000900
2010-05-03 13:00:00,0.01296192627502866,90.93457794189453,182747900
2010-05-04 13:00:00,-0.023514685866077266,88.79627990722656,360353400
2010-05-05 13:00:00,-0.005956160418520753,88.26739501953125,328973200
2010-05-06 13:00:00,-0.033213695733498,85.33570861816406,647356600
2010-05-07 13:00:00,-0.014875027737739473,84.06633758544922,637558800
2010-05-10 13:00:00,0.04404123047429276,87.76872253417969,396159600
2010-05-11 13:00:00,-0.002841267167256808,87.51934814453125,317849800
2010-05-12 13:00:00,0.01398616516855578,88.743408203125,235607100
2010-05-13 13:00:00,-0.012430861804766529,87.64025115966797,234452500
2010-05-14 13:00:00,-0.018105048034840223,86.05352020263672,345601400
2010-05-17 13:00:00,0.0005267214264265209,86.09884643554688,325739800
2010-05-18 13:00:00,-0.013602657227003137,84.92767333984375,360556800
2010-05-19 13:00:00,-0.005693770190196593,84.4441146850586,394742700
2010-05-20 13:00:00,-0.03775923566660303,81.25556945800781,530418300
2010-05-21 13:00:00,0.014599265938238534,82.44184112548828,500909400
2010-05-24 13:00:00,-0.01283132964402414,81.38400268554688,269823000
2010-05-25 13:00:00,0.0010208899010083654,81.46708679199219,396505200
2010-05-26 13:00:00,-0.00602834561428515,80.9759750366211,349719300
2010-05-27 13:00:00,0.033498362444026264,83.68853759765625,300870500
2010-05-28 13:00:00,-0.01254965711339289,82.63827514648438,297933500
2010-06-01 13:00:00,-0.016823701544855386,81.24799346923828,277909400
2010-06-02 13:00:00,0.026039555326308108,83.36365509033203,240243700
2010-06-03 13:00:00,0.003444150860268952,83.65077209472656,226618300
2010-06-04 13:00:00,-0.03513702776855084,80.71153259277344,398475600
2010-06-07 13:00:00,-0.012450489279632843,79.70663452148438,264609100
2010-06-08 13:00:00,0.0107117546453115,80.56043243408203,357774300
2010-06-09 13:00:00,-0.005346135040126555,80.12974548339844,268023300
2010-06-10 13:00:00,0.02923153767302823,82.47206115722656,317890600
2010-06-11 13:00:00,0.004855511371278855,82.87250518798828,214128200
2010-06-14 13:00:00,-0.0015500450412506048,82.74404907226562,207196100
2010-06-15 13:00:00,0.022737507454754207,84.62544250488281,238268700
2010-06-16 13:00:00,-0.00035683291762929516,84.59524536132812,216374000
2010-06-17 13:00:00,0.0016077643102477366,84.73125457763672,263185800
2010-06-18 13:00:00,0.001084289019480195,84.82312774658203,174006600
2010-06-21 13:00:00,-0.0028640205462578173,84.58019256591797,213140700
2010-06-22 13:00:00,-0.016516004959365765,83.18326568603516,239355400
2010-06-23 13:00:00,-0.0031028165925387303,82.92516326904297,254639900
2010-06-24 13:00:00,-0.016570451075045584,81.55105590820312,268523600
2010-06-25 13:00:00,0.004188862257298584,81.89266204833984,238726500
2010-06-28 13:00:00,-0.00315171604556992,81.63455963134766,169218600
2010-06-29 13:00:00,-0.03087512575928703,79.11408233642578,373649500
2010-06-30 13:00:00,-0.009499943151358856,78.36250305175781,284101700
2010-07-01 13:00:00,-0.0044567637640649084,78.01325988769531,382924800
2010-07-02 13:00:00,-0.005449689076779151,77.5881118774414,233385200
2010-07-06 13:00:00,0.00655579470991518,78.09676361083984,256935300
2010-07-07 13:00:00,0.03149614914531121,80.55651092529297,253769400
2010-07-08 13:00:00,0.00989543886214055,81.35365295410156,210842100
2010-07-09 13:00:00,0.007465311024303618,81.96098327636719,144999900
2010-07-12 13:00:00,0.0006483418180938099,82.01412200927734,131283600
2010-07-13 13:00:00,0.015088529924635491,83.25159454345703,213025900
2010-07-14 13:00:00,-9.090948247302752e-05,83.24402618408203,184426800
2010-07-15 13:00:00,0.0002735781018738863,83.26679992675781,232337900
2010-07-16 13:00:00,-0.02753467902443351,80.97407531738281,282693400
2010-07-19 13:00:00,0.005906665081254568,81.45236206054688,186709000
2010-07-20 13:00:00,0.011091384850906565,82.35578155517578,258162400
2010-07-21 13:00:00,-0.012997778413284424,81.28533935546875,264527000
2010-07-22 13:00:00,0.022321740318776612,83.09976959228516,274781300
2010-07-23 13:00:00,0.008678896439449937,83.82098388671875,222020800
2010-07-26 13:00:00,0.010415885410788285,84.69405364990234,184445700
2010-07-27 13:00:00,-8.981157495541626e-05,84.68644714355469,204855600
2010-07-28 13:00:00,-0.006454761981552829,84.13981628417969,163056200
2010-07-29 13:00:00,-0.004872069082894722,83.7298812866211,220149100
2010-07-30 13:00:00,-0.00018105372539225194,83.7147216796875,220070600
2010-08-02 13:00:00,0.02258058577613296,85.60504913330078,188263200
2010-08-03 13:00:00,-0.004788945160276906,85.1950912475586,146657300
2010-08-04 13:00:00,0.006683269018548109,85.76447296142578,158171700
2010-08-05 13:00:00,-0.0010621527487739207,85.67337799072266,140473800
2010-08-06 13:00:00,-0.004076181937365916,85.32415771484375,239728300
2010-08-09 13:00:00,0.005338438185601641,85.77965545654297,120800400
2010-08-10 13:00:00,-0.005398676599802318,85.31655883789062,242916300
2010-08-11 13:00:00,-0.027406834825352073,82.97830200195312,273406900
2010-08-12 13:00:00,-0.006129844691108935,82.46965789794922,239542600
2010-08-13 13:00:00,-0.00294565974276428,82.22673034667969,158698500
2010-08-16 13:00:00,-0.00046169739484275843,82.18876647949219,147895300
2010-08-17 13:00:00,0.012284911246503412,83.19844818115234,172270300
2010-08-18 13:00:00,0.0018253116670382092,83.35031127929688,182922100
2010-08-19 13:00:00,-0.017396785249684847,81.90028381347656,265847600
2010-08-20 13:00:00,-0.003244484264963948,81.63455963134766,209714200
2010-08-23 13:00:00,-0.003812988872435106,81.32328796386719,163490300
2010-08-24 13:00:00,-0.014843131843028459,80.11619567871094,280677800
2010-08-25 13:00:00,0.0038852527237908047,80.4274673461914,272234800
2010-08-26 13:00:00,-0.006702088231893087,79.88843536376953,224439500
2010-08-27 13:00:00,0.015490008391638844,81.12590789794922,272649000
2010-08-30 13:00:00,-0.014505232836170402,79.94915771484375,167238600
2010-08-31 13:00:00,0.0,79.94915771484375,273933100
2010-09-01 13:00:00,0.029912026762613873,82.3405990600586,256828100
2010-09-02 13:00:00,0.009311889028604647,83.10734558105469,156112200
2010-09-03 13:00:00,0.012972129191412576,84.1854248046875,212197300
2010-09-07 13:00:00,-0.011273067960855336,83.23639678955078,141973700
2010-09-08 13:00:00,0.007023214840089713,83.82098388671875,149924400
2010-09-09 13:00:00,0.0046193612136402,84.20818328857422,147017900
2010-09-10 13:00:00,0.005048501291299032,84.63330841064453,127819000
2010-09-13 13:00:00,0.011123083564791924,85.57469177246094,178503500
2010-09-14 13:00:00,-0.0006210523368988715,85.52154541015625,209823600
2010-09-15 13:00:00,0.0038173046385737786,85.84800720214844,168608400
2010-09-16 13:00:00,-0.00026536867672034175,85.82522583007812,199962900
2010-09-17 13:00:00,0.00037371267362438354,85.8572998046875,195836900
2010-09-20 13:00:00,0.015289837248682363,87.1700439453125,214555200
2010-09-21 13:00:00,-0.0020134694586309704,86.9945297241211,268389100
2010-09-22 13:00:00,-0.004913463632291978,86.56708526611328,191322400
2010-09-23 13:00:00,-0.008111473111449757,85.86489868164062,202354300
2010-09-24 13:00:00,0.020622358164088198,87.63563537597656,209671800
2010-09-27 13:00:00,-0.004790199483257764,87.2158432006836,128761800
2010-09-28 13:00:00,0.0035005736314963273,87.52114868164062,209207500
2010-09-29 13:00:00,-0.0017441375950915882,87.36849975585938,179665800
2010-09-30 13:00:00,-0.00297042395257102,87.10897827148438,287106700
2010-10-01 13:00:00,0.0042058067108629625,87.475341796875,174638700
2010-10-04 13:00:00,-0.007503596856256925,86.81896209716797,166153200
2010-10-05 13:00:00,0.02013175406552201,88.56678009033203,229634100
2010-10-06 13:00:00,-8.588441783587634e-05,88.55917358398438,148626600
2010-10-07 13:00:00,-0.0012064480357227162,88.45233154296875,164860000
2010-10-08 13:00:00,0.005608427528786512,88.94841003417969,177760100
2010-10-11 13:00:00,0.0009441919756376512,89.03239440917969,103098300
2010-10-12 13:00:00,0.0030859526769174135,89.30714416503906,182210000
2010-10-13 13:00:00,0.007777088462971693,90.00169372558594,194347200
2010-10-14 13:00:00,-0.003900920782774711,89.65060424804688,217764300
2010-10-15 13:00:00,0.0020431151071716334,89.83377075195312,243705000
2010-10-18 13:00:00,0.004928111920040032,90.27648162841797,141204800
2010-10-19 13:00:00,-0.013104933870228812,89.09341430664062,280604700
2010-10-20 13:00:00,0.009766089963975634,89.96350860595703,200051800
2010-10-21 13:00:00,0.0022059589896178643,90.1619644165039,221585500
2010-10-22 13:00:00,0.00186237450930633,90.32987976074219,108212400
2010-10-25 13:00:00,0.002957333950014688,90.59701538085938,151145700
2010-10-26 13:00:00,0.00016850906614145062,90.6122817993164,158982900
2010-10-27 13:00:00,-0.002863750494348909,90.35279083251953,190024000
2010-10-28 13:00:00,0.00016896454792779463,90.36805725097656,168576000
2010-10-29 13:00:00,0.0007601698039008429,90.43675231933594,144305500
2010-11-01 13:00:00,0.0003375310008009296,90.46727752685547,174074800
2010-11-02 13:00:00,0.00793035629847103,91.1847152709961,158345900
2010-11-03 13:00:00,0.004017482609051067,91.5510482788086,226702800
2010-11-04 13:00:00,0.019258604679302845,93.31419372558594,215039400
2010-11-05 13:00:00,0.003762199246857012,93.6652603149414,180654100
2010-11-08 14:00:00,-0.0018744970734859382,93.48968505859375,156107100
2010-11-09 14:00:00,-0.0071840918957913735,92.81804656982422,186621600
2010-11-10 14:00:00,0.00402906595816962,93.1920166015625,221387400
2010-11-11 14:00:00,-0.003767213454034363,92.8409423828125,158017600
2010-11-12 14:00:00,-0.011838261107378447,91.74186706542969,239068800
2010-11-15 14:00:00,-0.001414161910519851,91.61212921142578,163940800
2010-11-16 14:00:00,-0.015579392868876317,90.18486785888672,299566200
2010-11-17 14:00:00,0.0005079220700006963,90.23067474365234,172308900
2010-11-18 14:00:00,0.014717949997104015,91.55868530273438,197723700
2010-11-19 14:00:00,0.002751237836207313,91.81058502197266,156852900
2010-11-22 14:00:00,-0.0008311591096309835,91.7342758178711,181361000
2010-11-23 14:00:00,-0.014477209566530367,90.40621948242188,222309000
2010-11-24 14:00:00,0.014773846209413823,91.74186706542969,140046100
2010-11-26 14:00:00,-0.011646856202894188,90.6733627319336,76007800
2010-11-29 14:00:00,0.0030301044053218165,90.94811248779297,223642300
2010-11-30 14:00:00,-0.005622548445144102,90.43675231933594,233930700
2010-12-01 14:00:00,0.021267321346891264,92.36009979248047,221037200
2010-12-02 14:00:00,0.012809042392243798,93.54314422607422,191213600
2010-12-03 14:00:00,0.00269230113612498,93.79499053955078,151288900
2010-12-06 14:00:00,-0.0010576792696408632,93.69578552246094,103050500
2010-12-07 14:00:00,0.0005702353590870501,93.74921417236328,206581000
2010-12-08 14:00:00,0.0036635235467875425,94.09266662597656,138019200
2010-12-09 14:00:00,0.0038937269813119593,94.45903778076172,123705100
2010-12-10 14:00:00,0.005817735090281954,95.00857543945312,117571700
2010-12-13 14:00:00,0.0006424976415253428,95.06961822509766,133812700
2010-12-14 14:00:00,0.0008830776749633757,95.15357208251953,147249600
2010-12-15 14:00:00,-0.004571852287317263,94.71854400634766,160823100
2010-12-16 14:00:00,0.005801715335278461,95.26807403564453,185035200
2010-12-17 14:00:00,0.0010711159314219928,95.3701171875,141075300
2010-12-20 14:00:00,0.0024135320349378962,95.60029602050781,119085500
2010-12-21 14:00:00,0.006340438171689894,96.2064437866211,94965500
2010-12-22 14:00:00,0.0031103957336618775,96.50568389892578,78878100
2010-12-23 14:00:00,-0.00143155377580214,96.3675308227539,70053700
2010-12-27 14:00:00,0.00039822390554730653,96.4059066772461,58126000
2010-12-28 14:00:00,0.001432560561533351,96.54401397705078,55309100
2010-12-29 14:00:00,0.0007150975836750706,96.61305236816406,58033100
2010-12-30 14:00:00,-0.0015878999935719585,96.45964050292969,76616900
2010-12-31 14:00:00,0.00023862708984574897,96.48265838623047,91218900
2011-01-03 14:00:00,0.010337671272143554,97.48006439208984,138725200
2011-01-04 14:00:00,-0.0005509940707872414,97.42635345458984,137409700
2011-01-05 14:00:00,0.005197861496913006,97.9327621459961,133975300
2011-01-06 14:00:00,-0.0019589065118196967,97.74092102050781,122519000
2011-01-07 14:00:00,-0.001962361071627116,97.54911804199219,156034600
2011-01-10 14:00:00,-0.0012584899778334952,97.42635345458984,122401700
2011-01-11 14:00:00,0.003544124617742691,97.77164459228516,110287000
2011-01-12 14:00:00,0.009024492542991192,98.65398406982422,107929200
2011-01-13 14:00:00,-0.0016332354402578346,98.49285888671875,129048400
2011-01-14 14:00:00,0.007244887082971072,99.20642852783203,117677900
2011-01-18 14:00:00,0.0017012754951959846,99.37520599365234,114401300
2011-01-19 14:00:00,-0.009805219946063459,98.40081024169922,151958400
2011-01-20 14:00:00,-0.001325673918486018,98.2703628540039,175745700
2011-01-21 14:00:00,0.0022641214121229677,98.49285888671875,151462900
2011-01-24 14:00:00,0.00568675106447453,99.05296325683594,113715500
2011-01-25 14:00:00,0.0005420905841222453,99.10665893554688,167552200
2011-01-26 14:00:00,0.003870945491754187,99.49029541015625,141281500
2011-01-27 14:00:00,0.0024674871736984592,99.73578643798828,123302700
2011-01-28 14:00:00,-0.017462596678587048,97.994140625,295637300
2011-01-31 14:00:00,0.0075164150788272575,98.73070526123047,149249200
2011-02-01 14:00:00,0.016008941002320486,100.311279296875,167194300
2011-02-02 14:00:00,-0.0019122299969577122,100.11946105957031,118323600
2011-02-03 14:00:00,0.002222229334494056,100.34194946289062,145886700
2011-02-04 14:00:00,0.0028292992255182095,100.62584686279297,134634800
2011-02-07 14:00:00,0.006252373622086079,101.25499725341797,112439100
2011-02-08 14:00:00,0.0045464426360009025,101.71534729003906,99072800
2011-02-09 14:00:00,-0.0022632705557156544,101.48513793945312,146436700
2011-02-10 14:00:00,0.00037836813798972476,101.5235366821289,162708500
2011-02-11 14:00:00,0.005970214083783495,102.12965393066406,137710300
2011-02-14 14:00:00,0.0024039434832737678,102.37516784667969,101690700
2011-02-15 14:00:00,-0.003147441468573504,102.05294799804688,119575400
2011-02-16 14:00:00,0.00631528158343528,102.69744110107422,130183500
2011-02-17 14:00:00,0.002988018729107326,103.00430297851562,109810500
2011-02-18 14:00:00,0.0020858485828436158,103.21915435791016,130002400
2011-02-22 14:00:00,-0.020069566870505675,101.14759063720703,233116400
2011-02-23 14:00:00,-0.006144467742581491,100.52609252929688,227584000
2011-02-24 14:00:00,-0.0006868467556091473,100.45704650878906,260431400
2011-02-25 14:00:00,0.010692630559820815,101.53119659423828,141686900
2011-02-28 14:00:00,0.006196396019596485,102.16032409667969,141585500
2011-03-01 14:00:00,-0.016672593817133194,100.45704650878906,258565500
2011-03-02 14:00:00,0.0021382830820986785,100.6718521118164,200277400
2011-03-03 14:00:00,0.017224517195984224,102.40587615966797,176480100
2011-03-04 14:00:00,-0.007492395442502959,101.63861083984375,277202300
2011-03-07 14:00:00,-0.007850712236683207,100.8406753540039,216790400
2011-03-08 14:00:00,0.008749988367596656,101.72303009033203,174615000
2011-03-09 14:00:00,-0.0014335814312728807,101.57720184326172,153806000
2011-03-10 14:00:00,-0.018505584415477117,99.69745635986328,301291800
2011-03-11 14:00:00,0.006926396656755343,100.38800048828125,225621800
2011-03-14 13:00:00,-0.006038049997659229,99.78185272216797,234974100
2011-03-15 13:00:00,-0.011457107014531441,98.63864135742188,359585400
2011-03-16 13:00:00,-0.018512674529444578,96.81257629394531,468670300
2011-03-17 13:00:00,0.013234649532389902,98.09385681152344,254303700
2011-03-18 13:00:00,0.0036373724679673695,98.4506607055664,230435400
2011-03-21 13:00:00,0.015497834994623812,99.97643280029297,153992600
2011-03-22 13:00:00,-0.003468682461557293,99.62964630126953,129538600
2011-03-23 13:00:00,0.0028619328924865705,99.91477966308594,148603100
2011-03-24 13:00:00,0.009563356223221846,100.87030029296875,159129800
2011-03-25 13:00:00,0.003056059961552867,101.1785659790039,155642800
2011-03-28 13:00:00,-0.0024372483208571585,100.93196868896484,109762400
2011-03-29 13:00:00,0.00671854372340904,101.6100845336914,129798800
2011-03-30 13:00:00,0.006901288811724855,102.31132507324219,135835000
2011-03-31 13:00:00,-0.0013556149632927299,102.1726303100586,132537100
2011-04-01 13:00:00,0.004223202096241098,102.6041259765625,153850100
2011-04-04 13:00:00,0.000826410146894887,102.68891906738281,100768900
2011-04-05 13:00:00,-0.00015000398970492677,102.67351531982422,120791500
2011-04-06 13:00:00,0.003152191141035828,102.99716186523438,120411600
2011-04-07 13:00:00,-0.002543769486973524,102.73516082763672,170731500
2011-04-08 13:00:00,-0.003450321160358282,102.38069152832031,147945400
2011-04-11 13:00:00,-0.0030112729169054406,102.07239532470703,121385400
2011-04-12 13:00:00,-0.007473447048782207,101.30956268310547,161187400
2011-04-13 13:00:00,-7.621143612845302e-05,101.30184173583984,162059000
2011-04-14 13:00:00,0.0007606661778821622,101.37889862060547,161220400
2011-04-15 13:00:00,0.003648422422295112,101.74877166748047,170006700
2011-04-18 13:00:00,-0.011208484439034029,100.60832214355469,210759300
2011-04-19 13:00:00,0.005744701535626098,101.18628692626953,124258800
2011-04-20 13:00:00,0.013632001775808813,102.56565856933594,156133800
2011-04-21 13:00:00,0.005108645183250832,103.08963012695312,135935400
2011-04-25 13:00:00,-0.0010467605336939368,102.98171997070312,65757100
2011-04-26 13:00:00,0.008605113935229019,103.86788940429688,146600000
2011-04-27 13:00:00,0.006528931763165619,104.54603576660156,143031000
2011-04-28 13:00:00,0.003243582563833562,104.88513946533203,124791100
2011-04-29 13:00:00,0.002350681087222736,105.1316909790039,115094100
2011-05-02 13:00:00,-0.0015389895122730549,104.96989440917969,126278700
2011-05-03 13:00:00,-0.0035973100197447213,104.59228515625,138375000
2011-05-04 13:00:00,-0.006630914311057165,103.89874267578125,182678500
2011-05-05 13:00:00,-0.009048321747870645,102.95863342285156,226900000
2011-05-06 13:00:00,0.004415563282206721,103.41325378417969,222787200
2011-05-09 13:00:00,0.0038752209400481695,103.81400299072266,114104500
2011-05-10 13:00:00,0.008535832262385787,104.70014190673828,114806900
2011-05-11 13:00:00,-0.010524396650153823,103.59823608398438,193564200
2011-05-12 13:00:00,0.004760425568392206,104.0914077758789,171550700
2011-05-13 13:00:00,-0.007699288208885878,103.28997802734375,157444900
2011-05-16 13:00:00,-0.006341432355789714,102.63497161865234,141675400
2011-05-17 13:00:00,-0.00014985982976785628,102.61959075927734,192686200
2011-05-18 13:00:00,0.008935765104116521,103.53657531738281,135217900
2011-05-19 13:00:00,0.002381593465827155,103.78315734863281,119489500
2011-05-20 13:00:00,-0.007944679530335293,102.95863342285156,182594900
2011-05-23 13:00:00,-0.011601042579196405,101.76420593261719,168700000
2011-05-24 13:00:00,-0.0008327811697291692,101.67945861816406,147199600
2011-05-25 13:00:00,0.00333412619031719,102.01847076416016,151050100
2011-05-26 13:00:00,0.004607843467186269,102.48855590820312,164850000
2011-05-27 13:00:00,0.003834775760084208,102.88157653808594,120921900
2011-05-31 13:00:00,0.01041113115164272,103.95269012451172,164731200
2011-06-01 13:00:00,-0.022461325034841467,101.6177749633789,233094300
2011-06-02 13:00:00,-0.0010616217360668717,101.50989532470703,200466800
2011-06-03 13:00:00,-0.009944528810558052,100.50042724609375,234690200
2011-06-06 13:00:00,-0.010581052217327958,99.43702697753906,179951200
2011-06-07 13:00:00,-0.0006200986541511393,99.3753662109375,161660500
2011-06-08 13:00:00,-0.004187456930067327,98.95923614501953,198696400
2011-06-09 13:00:00,0.007631226637400897,99.71441650390625,160964400
2011-06-10 13:00:00,-0.013910269868600575,98.32736206054688,238629400
2011-06-13 13:00:00,0.0007834441499060674,98.4043960571289,207599800
2011-06-14 13:00:00,0.012686558080319205,99.6528091430664,160570400
2011-06-15 13:00:00,-0.01778529016108402,97.88045501708984,300958000
2011-06-16 13:00:00,0.002204080366427484,98.09619140625,308032800
2011-06-17 13:00:00,0.0029844456971344093,98.38895416259766,233284900
2011-06-20 13:00:00,0.00511583519805348,98.89229583740234,159479000
2011-06-21 13:00:00,0.01370396923748946,100.24751281738281,193157300
2011-06-22 13:00:00,-0.006025278314279795,99.64349365234375,176703000
2011-06-23 13:00:00,-0.0028756234843579924,99.3569564819336,334286500
2011-06-24 13:00:00,-0.011613375346456612,98.20308685302734,226129300
2011-06-27 13:00:00,0.008910806091670276,99.07815551757812,168904700
2011-06-28 13:00:00,0.013052683228233412,100.37139129638672,165556300
2011-06-29 13:00:00,0.008564688075954483,101.23104095458984,244295500
2011-06-30 13:00:00,0.009562156542291153,102.19902801513672,223322700
2011-07-01 13:00:00,0.01477600832701837,103.70912170410156,202385700
2011-07-05 13:00:00,-0.0008214303422508721,103.62393188476562,165936000
2011-07-06 13:00:00,0.0011958301882847222,103.74784851074219,143331600
2011-07-07 13:00:00,0.01037589758470789,104.82432556152344,170464200
2011-07-08 13:00:00,-0.00709259862816308,104.08084869384766,194100500
2011-07-11 13:00:00,-0.018080374077716125,102.19902801513672,195918600
2011-07-12 13:00:00,-0.004319383228505302,101.7575912475586,214675700
2011-07-13 13:00:00,0.0033488106642506343,102.09835815429688,204062600
2011-07-14 13:00:00,-0.006902658120810304,101.39360809326172,226111800
2011-07-15 13:00:00,0.005805176471721341,101.98221588134766,220012800
2011-07-18 13:00:00,-0.008201383510287602,101.14582061767578,196872100
2011-07-19 13:00:00,0.016231707836801904,102.78759002685547,166554900
2011-07-20 13:00:00,-0.0006029285418711716,102.72561645507812,137145400
2011-07-21 13:00:00,0.013871340623443123,104.15055847167969,245246300
2011-07-22 13:00:00,0.0006691708625059353,104.22025299072266,126019400
2011-07-25 13:00:00,-0.005572987587366861,103.63943481445312,136653800
2011-07-26 13:00:00,-0.003735950250540553,103.25224304199219,131278200
2011-07-27 13:00:00,-0.020475520040007453,101.13809967041016,249020100
2011-07-28 13:00:00,-0.002909770266723786,100.84381103515625,207939900
2011-07-29 13:00:00,-0.0068346472181452286,100.15457916259766,307038400
2011-08-01 13:00:00,-0.004252535962590177,99.72866821289062,325790900
2011-08-02 13:00:00,-0.025547452514742608,97.18085479736328,346653800
2011-08-03 13:00:00,0.005418722344375028,97.70745086669922,370830800
2011-08-04 13:00:00,-0.04684161296370317,93.13067626953125,520721800
2011-08-05 13:00:00,-0.0014965399681358558,92.99130249023438,655619200
2011-08-08 13:00:00,-0.06512362908288725,86.93537139892578,702263900
2011-08-09 13:00:00,0.04649965997627162,90.97783660888672,717828700
2011-08-10 13:00:00,-0.04417774379400916,86.9586410522461,662607400
2011-08-11 13:00:00,0.04488349242922542,90.86164855957031,487979700
2011-08-12 13:00:00,0.006733410482359424,91.47345733642578,313731600
2011-08-15 13:00:00,0.021164660165314816,93.40946197509766,258810600
2011-08-16 13:00:00,-0.008539400728476199,92.61180114746094,294095200
2011-08-17 13:00:00,0.0006693405138261448,92.67378997802734,238201100
2011-08-18 13:00:00,-0.04311868199881468,88.67781829833984,512956300
2011-08-19 13:00:00,-0.01633038603294331,87.22967529296875,428281300
2011-08-22 13:00:00,0.0007988022426987393,87.29935455322266,275090600
2011-08-23 13:00:00,0.03291046249416976,90.17241668701172,331136600
2011-08-24 13:00:00,0.014084938428789587,91.44248962402344,246869700
2011-08-25 13:00:00,-0.015244106444844,90.04853057861328,312365400
2011-08-26 13:00:00,0.014533619490426076,91.35726165771484,314495900
2011-08-29 13:00:00,0.028736354511578428,93.98253631591797,190977200
2011-08-30 13:00:00,0.0026366891561855972,94.23033905029297,241315700
2011-08-31 13:00:00,0.004437874014479362,94.64852142333984,301828400
2011-09-01 13:00:00,-0.010473029044305268,93.65726470947266,254585900
2011-09-02 13:00:00,-0.025549605750154063,91.26435852050781,255517200
2011-09-06 13:00:00,-0.007297318670926975,90.59837341308594,285130500
2011-09-07 13:00:00,0.028207203254593086,93.15390014648438,209803200
2011-09-08 13:00:00,-0.010391512832079758,92.1858901977539,250568200
2011-09-09 13:00:00,-0.02620949170772232,89.76974487304688,380195100
2011-09-12 13:00:00,0.006469663360614637,90.35052490234375,305793500
2011-09-13 13:00:00,0.009171264261438368,91.17915344238281,272514700
2011-09-14 13:00:00,0.013844325101911683,92.44146728515625,319389500
2011-09-15 13:00:00,0.017257145800004092,94.0367431640625,326777200
2011-09-16 13:00:00,0.005918340258765832,94.5932846069336,284528300
2011-09-19 13:00:00,-0.009957227997413564,93.65139770507812,241517000
2011-09-20 13:00:00,-0.0011635773171587696,93.54242706298828,218932200
2011-09-21 13:00:00,-0.0294581272190143,90.7868423461914,316251300
2011-09-22 13:00:00,-0.03232449660337693,87.85220336914062,513911300
2011-09-23 13:00:00,0.006025377065877063,88.38154602050781,307242500
2011-09-26 13:00:00,0.023779762793687275,90.48323822021484,260673700
2011-09-27 13:00:00,0.01118423476783246,91.49522399902344,311753900
2011-09-28 13:00:00,-0.020419076583273726,89.6269760131836,286696800
2011-09-29 13:00:00,0.007903665663425178,90.33535766601562,298108900
2011-09-30 13:00:00,-0.024989198032910276,88.07794952392578,288392300
2011-10-03 13:00:00,-0.028458009591189888,85.57142639160156,365136800
2011-10-04 13:00:00,0.021923110323111106,87.44741821289062,459177500
2011-10-05 13:00:00,0.018515154719441127,89.06652069091797,284108000
2011-10-06 13:00:00,0.018091459858197535,90.67786407470703,257800800
2011-10-07 13:00:00,-0.006695733874931018,90.07070922851562,312657900
2011-10-10 13:00:00,0.03344574185388338,93.08319091796875,230666300
2011-10-11 13:00:00,0.0010033932757405374,93.17658996582031,209088000
2011-10-12 13:00:00,0.008771832141937152,93.9939193725586,281544900
2011-10-13 13:00:00,-0.0019875858474017512,93.80709838867188,212538800
2011-10-14 13:00:00,0.017093918384994036,95.41062927246094,211397600
2011-10-17 13:00:00,-0.01909095256212746,93.58914947509766,202311600
2011-10-18 13:00:00,0.0195454978622583,95.41839599609375,318857900
2011-10-19 13:00:00,-0.011828958604521744,94.2896957397461,226601300
2011-10-20 13:00:00,0.004375931881076217,94.70230102539062,262075600
2011-10-21 13:00:00,0.018987143936671926,96.50042724609375,278999400
2011-10-24 13:00:00,0.012260896624612681,97.68360900878906,203215600
2011-10-25 13:00:00,-0.019443693352784133,95.7842788696289,268596800
2011-10-26 13:00:00,0.010158477700311048,96.7573013305664,289053800
2011-10-27 13:00:00,0.03483503970494646,100.12784576416016,393220200
2011-10-28 13:00:00,-0.000233237582232249,100.1044921875,225906500
2011-10-31 13:00:00,-0.024105594617928532,97.69141387939453,228146700
2011-11-01 13:00:00,-0.027888629789476586,94.96693420410156,416565800
2011-11-02 13:00:00,0.01631170131591019,96.51600646972656,244717600
2011-11-03 13:00:00,0.01822711841844613,98.27521514892578,291174800
2011-11-04 13:00:00,-0.00609876665314042,97.67585754394531,249401600
2011-11-07 14:00:00,0.006216017565223233,98.28301239013672,196617200
2011-11-08 14:00:00,0.012830465967989353,99.54402923583984,224426300
2011-11-09 14:00:00,-0.03690940020011596,95.86991882324219,337982000
2011-11-10 14:00:00,0.009418693281845686,96.77288818359375,231866500
2011-11-11 14:00:00,0.018822211794564205,98.59436798095703,189924400
2011-11-14 14:00:00,-0.009474299272434546,97.6602554321289,159258300
2011-11-15 14:00:00,0.004942062923200416,98.14289855957031,184709400
2011-11-16 14:00:00,-0.01586313702668872,96.58604431152344,235782500
2011-11-17 14:00:00,-0.015876804916630897,95.05256652832031,331219600
2011-11-18 14:00:00,-0.0010645547339094756,94.95137786865234,215580400
2011-11-21 14:00:00,-0.01901945503531527,93.14545440673828,229611600
2011-11-22 14:00:00,-0.00392791700976045,92.77958679199219,216494900
2011-11-23 14:00:00,-0.022065724919877842,90.73233795166016,224329100
2011-11-25 14:00:00,-0.001887412950161989,90.56108856201172,99557000
2011-11-28 14:00:00,0.028967256424018723,93.18439483642578,210686000
2011-11-29 14:00:00,0.002839887292024269,93.44902801513672,199241500
2011-11-30 14:00:00,0.04114943881933463,97.29440307617188,324439500
2011-12-01 14:00:00,-0.0001598893148770303,97.27884674072266,176954800
2011-12-02 14:00:00,-0.0008801200702747093,97.19322967529297,221109700
2011-12-05 14:00:00,0.01089203332896104,98.25186157226562,225263900
2011-12-06 14:00:00,0.00031705066318954054,98.28301239013672,178842100
2011-12-07 14:00:00,0.003722437347613764,98.64886474609375,237802500
2011-12-08 14:00:00,-0.021936327812985882,96.48487091064453,240862800
2011-12-09 14:00:00,0.016942283871421777,98.11954498291016,209111400
2011-12-12 14:00:00,-0.01459738856090928,96.687255859375,215826100
2011-12-13 14:00:00,-0.009339152111829629,95.7842788696289,245159800
2011-12-14 14:00:00,-0.010646345250762726,94.7645263671875,238618800
2011-12-15 14:00:00,0.003614530774393252,95.1070556640625,199109200
2011-12-16 14:00:00,0.0014826880943426982,95.2480697631836,220481400
2011-12-19 14:00:00,-0.010691701733890138,94.22970581054688,183903000
2011-12-20 14:00:00,0.030260201786496764,97.08111572265625,225418100
2011-12-21 14:00:00,0.0019365613862139337,97.26911926269531,194230900
2011-12-22 14:00:00,0.00885863318477044,98.13079071044922,119465400
2011-12-23 14:00:00,0.008940928374689273,99.00817108154297,92187200
2011-12-27 14:00:00,0.0007910798008106372,99.08649444580078,86075700
2011-12-28 14:00:00,-0.01312373122853459,97.7861099243164,119107100
2011-12-29 14:00:00,0.010334382693139068,98.79666900634766,123507200
2011-12-30 14:00:00,-0.00491602865505688,98.31098175048828,95599000
2012-01-03 14:00:00,0.01593620334667177,99.877685546875,193697900
2012-01-04 14:00:00,0.0015686148096182098,100.03435516357422,127186500
2012-01-05 14:00:00,0.0026623543867642517,100.3006820678711,173895000
2012-01-06 14:00:00,-0.0025770900196255904,100.04219818115234,148050000
2012-01-09 14:00:00,0.002427335693838301,100.2850341796875,99530200
2012-01-10 14:00:00,0.008670659192852405,101.15457153320312,115282000
2012-01-11 14:00:00,0.0005416889290609247,101.20936584472656,111540700
2012-01-12 14:00:00,0.002399493913407149,101.45221710205078,118983700
2012-01-13 14:00:00,-0.005173285745601914,100.92737579345703,179836200
2012-01-17 14:00:00,0.003880713473144445,101.31904602050781,132209200
2012-01-18 14:00:00,0.011056024469713684,102.4392318725586,163395200
2012-01-19 14:00:00,0.005276491286345374,102.97975158691406,126328900
2012-01-20 14:00:00,0.0037275068266872688,103.36360931396484,138230200
2012-01-23 14:00:00,-0.0025768236446875293,103.09725952148438,129295800
2012-01-24 14:00:00,-0.0011397774792047221,102.97975158691406,103083300
2012-01-25 14:00:00,0.008367535299555586,103.84143829345703,198613200
2012-01-26 14:00:00,-0.0051291244648973,103.30882263183594,184880500
2012-01-27 14:00:00,-0.00045499211499624764,103.2618179321289,135259100
2012-01-30 14:00:00,-0.003413957260922694,102.90928649902344,147311800
2012-01-31 14:00:00,-0.0003807680690981357,102.87010192871094,157212000
2012-02-01 14:00:00,0.008757367397961492,103.7709732055664,166234500
2012-02-02 14:00:00,0.001585122901063113,103.93546295166016,113090400
2012-02-03 14:00:00,0.0140185416914256,105.39248657226562,160598500
2012-02-06 14:00:00,-0.0006688140527540023,105.3219985961914,107694500
2012-02-07 14:00:00,0.0025288369631790183,105.58834075927734,135528100
2012-02-08 14:00:00,0.002967699747284528,105.90169525146484,139361400
2012-02-09 14:00:00,0.001257713291654981,106.0348892211914,148602900
2012-02-10 14:00:00,-0.007388436132579711,105.25145721435547,167907500
2012-02-13 14:00:00,0.0074434314504586594,106.0348892211914,115841900
2012-02-14 14:00:00,-0.0012561334359365113,105.90169525146484,165329500
2012-02-15 14:00:00,-0.0046599797546918766,105.40819549560547,195195100
2012-02-16 14:00:00,0.01107305315559143,106.57538604736328,186567800
2012-02-17 14:00:00,0.002646135753407408,106.8573989868164,129869400
2012-02-21 14:00:00,0.00043945411160192414,106.90435791015625,134042300
2012-02-22 14:00:00,-0.0032239122454141285,106.55970764160156,124455300
2012-02-23 14:00:00,0.004410827412111726,107.02972412109375,137704300
2012-02-24 14:00:00,0.002195443593801235,107.26470184326172,105539100
2012-02-27 14:00:00,0.0016800149138665173,107.44490814208984,145728900
2012-02-28 14:00:00,0.0029162071001963426,107.75823974609375,129355900
2012-02-29 14:00:00,-0.003925350790790882,107.33525085449219,185934700
2012-03-01 14:00:00,0.005181877488423549,107.89144897460938,145023500
2012-03-02 14:00:00,-0.0030500197008135176,107.5623779296875,120638300
2012-03-05 14:00:00,-0.004078117711947215,107.12372589111328,140765000
2012-03-06 14:00:00,-0.014625536316314292,105.5569839477539,202129900
2012-03-07 14:00:00,0.006976151678662924,106.29336547851562,143692200
2012-03-08 14:00:00,0.00994897820024628,107.35087585449219,116968900
2012-03-09 14:00:00,0.003867684138394311,107.76607513427734,122836800
2012-03-12 13:00:00,7.256578088036805e-05,107.77389526367188,104003500
2012-03-13 13:00:00,0.01802566022990003,109.71659088134766,184090500
2012-03-14 13:00:00,-0.0010705961355484855,109.59912872314453,145163600
2012-03-15 13:00:00,0.00578926679056178,110.23362731933594,165118500
2012-03-16 13:00:00,0.0013850532462029732,110.38630676269531,152893500
2012-03-19 13:00:00,0.0039198803142318165,110.81900787353516,125291100
2012-03-20 13:00:00,-0.002910651775192597,110.49645233154297,121729700
2012-03-21 13:00:00,-0.0016379213382097663,110.31546783447266,122388400
2012-03-22 13:00:00,-0.007203683671698756,109.52079010009766,135216700
2012-03-23 13:00:00,0.0032329953050164928,109.87487030029297,120521000
2012-03-26 13:00:00,0.014034908400981868,111.41695404052734,120164000
2012-03-27 13:00:00,-0.0031071699027427607,111.07076263427734,119868500
2012-03-28 13:00:00,-0.004958694602867223,110.5199966430664,148562100
2012-03-29 13:00:00,-0.0017087441962375322,110.33114624023438,164963700
2012-03-30 13:00:00,0.004136619855830628,110.78754425048828,135486800
2012-04-02 13:00:00,0.007314574711567166,111.59790802001953,151741100
2012-04-03 13:00:00,-0.0040893911075278715,111.14154052734375,155806700
2012-04-04 13:00:00,-0.009910455736395922,110.04007720947266,146896000
2012-04-05 13:00:00,-0.0005004446663712624,109.9850082397461,137439400
2012-04-09 13:00:00,-0.011231097766329043,108.749755859375,127555900
2012-04-10 13:00:00,-0.0167849862719699,106.92439270019531,235360300
2012-04-11 13:00:00,0.008094303776423685,107.78987121582031,154133000
2012-04-12 13:00:00,0.013065822664035718,109.19823455810547,154321500
2012-04-13 13:00:00,-0.011888353883309319,107.9000473022461,169246700
2012-04-16 13:00:00,-0.0006563821907807399,107.8292236328125,147825300
2012-04-17 13:00:00,0.014812367759982884,109.42642974853516,147877600
2012-04-18 13:00:00,-0.0033798978870217345,109.05657958984375,123884200
2012-04-19 13:00:00,-0.006420967179562376,108.35633087158203,198666700
2012-04-20 13:00:00,0.0016703419634921531,108.53732299804688,143199600
2012-04-23 13:00:00,-0.008408708324441292,107.62466430664062,171844900
2012-04-24 13:00:00,0.0038011339389136135,108.03376007080078,137484200
2012-04-25 13:00:00,0.01369196666064274,109.51295471191406,150252200
2012-04-26 13:00:00,0.006968749377354818,110.276123046875,136291600
2012-04-27 13:00:00,0.0016411246847955793,110.45709991455078,130725000
2012-04-30 13:00:00,-0.003704076431880379,110.04795837402344,115092200
2012-05-01 13:00:00,0.006219822429047395,110.73243713378906,138832200
2012-05-02 13:00:00,-0.0029842381680155097,110.40198516845703,121081000
2012-05-03 13:00:00,-0.007624972798311391,109.56017303466797,143759700
2012-05-04 13:00:00,-0.016158260523077873,107.78987121582031,193927300
2012-05-07 13:00:00,0.0007300983265141277,107.86856842041016,127765900
2012-05-08 13:00:00,-0.004011656358796083,107.43583679199219,213377700
2012-05-09 13:00:00,-0.005931970489630964,106.79853057861328,220752500
2012-05-10 13:00:00,0.00206267948165409,107.0188217163086,150600000
2012-05-11 13:00:00,-0.0030140075999643833,106.6962661743164,153032400
2012-05-14 13:00:00,-0.01106157909109494,105.51603698730469,163910000
2012-05-15 13:00:00,-0.0057412048619983605,104.91024780273438,207629300
2012-05-16 13:00:00,-0.003824869483919331,104.50897979736328,207265500
2012-05-17 13:00:00,-0.014831144615267362,102.95899200439453,247992900
2012-05-18 13:00:00,-0.008558625349859997,102.07780456542969,319615900
2012-05-21 13:00:00,0.017188256518795637,103.83234405517578,177861100
2012-05-22 13:00:00,0.0017429719931932907,104.01332092285156,197531200
2012-05-23 13:00:00,0.000529368160188551,104.0683822631836,204958400
2012-05-24 13:00:00,0.001965917402584416,104.2729721069336,167357600
2012-05-25 13:00:00,-0.00324519891211608,103.93458557128906,135465600
2012-05-29 13:00:00,0.012112313121847499,105.19347381591797,152883500
2012-05-30 13:00:00,-0.01451009394528645,103.66710662841797,162370400
2012-05-31 13:00:00,-0.002201009651633757,103.43893432617188,196186000
2012-06-01 13:00:00,-0.02517659752050974,100.8346939086914,253240900
2012-06-04 13:00:00,-0.00046850155542970377,100.7874526977539,202545800
2012-06-05 13:00:00,0.007572208378345173,101.5506362915039,164149400
2012-06-06 13:00:00,0.02246867028112133,103.83234405517578,184202800
2012-06-07 13:00:00,0.0006058997114738786,103.89525604248047,184772700
2012-06-08 13:00:00,0.00795182232260095,104.7214126586914,143915400
2012-06-11 13:00:00,-0.012697321041858743,103.39173126220703,169756100
2012-06-12 13:00:00,0.011490757548041174,104.57978057861328,181931800
2012-06-13 13:00:00,-0.00639497512343807,103.91099548339844,172223900
2012-06-14 13:00:00,0.01060043222297619,105.01249694824219,230615500
2012-06-15 13:00:00,0.010227475658225783,106.08650970458984,169444500
2012-06-18 13:00:00,0.0019379400359770618,106.29209899902344,131360900
2012-06-19 13:00:00,0.009673111771114358,107.32027435302734,137382600
2012-06-20 13:00:00,-0.0016216331881510374,107.146240234375,206451800
2012-06-21 13:00:00,-0.022438398754987227,104.74205017089844,205272200
2012-06-22 13:00:00,0.007701648001456797,105.54873657226562,130029200
2012-06-25 13:00:00,-0.016035003546211048,103.85626220703125,146375700
2012-06-26 13:00:00,0.005026061057334326,104.37825012207031,141634000
2012-06-27 13:00:00,0.009016329575487758,105.3193588256836,108088000
2012-06-28 13:00:00,-0.0028533616662896133,105.01884460449219,169242100
2012-06-29 13:00:00,0.02492635322988762,107.63658142089844,212250900
2012-07-02 13:00:00,0.0030130827999888293,107.96089935302734,129524500
2012-07-03 13:00:00,0.006592629554640277,108.67264556884766,80450000
2012-07-05 13:00:00,-0.0045124449757268726,108.18226623535156,126177500
2012-07-06 13:00:00,-0.0095032562826233,107.15418243408203,151192100
2012-07-09 13:00:00,-0.0012550451540710862,107.01969909667969,103780500
2012-07-10 13:00:00,-0.008719790841934784,106.08650970458984,167884800
2012-07-11 13:00:00,0.00014929912475186033,106.10234832763672,141733400
2012-07-12 13:00:00,-0.004845313314897117,105.58824920654297,143583200
2012-07-13 13:00:00,0.01677786518356697,107.35979461669922,129642600
2012-07-16 13:00:00,-0.0023573282372064026,107.1067123413086,97525200
2012-07-17 13:00:00,0.006866950771977245,107.84220886230469,138860300
2012-07-18 13:00:00,0.007406883887719459,108.64098358154297,113349700
2012-07-19 13:00:00,0.00262082498261386,108.92571258544922,129847300
2012-07-20 13:00:00,-0.009148209326102458,107.92923736572266,142904500
2012-07-23 13:00:00,-0.010112535955003997,106.83779907226562,145210900
2012-07-24 13:00:00,-0.008586601981626805,105.92042541503906,173301200
2012-07-25 13:00:00,0.00022401172294402976,105.94415283203125,129122300
2012-07-26 13:00:00,0.016497396861024007,107.69195556640625,156526500
2012-07-27 13:00:00,0.01843277555010839,109.67701721191406,236768900
2012-07-30 13:00:00,0.0,109.67701721191406,106782000
2012-07-31 13:00:00,-0.006994636601248811,108.90986633300781,120575900
2012-08-01 13:00:00,-0.0008713814622087765,108.8149642944336,138293800
2012-08-02 13:00:00,-0.00690435366074687,108.06366729736328,199556600
2012-08-03 13:00:00,0.01983314036924706,110.2069091796875,157825000
2012-08-06 13:00:00,0.0019374816546025486,110.4204330444336,86326200
2012-08-07 13:00:00,0.0050138094815963515,110.97406005859375,109545100
2012-08-08 13:00:00,0.0012113635526144278,111.10848999023438,89754700
2012-08-09 13:00:00,0.0008542071625407911,111.20339965820312,90291700
2012-08-10 13:00:00,0.0016358101853694092,111.38530731201172,99792700
2012-08-13 13:00:00,-0.0004968665012043225,111.32996368408203,79426900
2012-08-14 13:00:00,0.00014206179845850956,111.34577941894531,102379400
2012-08-15 13:00:00,0.0011359903589850129,111.4722671508789,71085900
2012-08-16 13:00:00,0.007378467558416861,112.29476165771484,112014200
2012-08-17 13:00:00,0.0013382296900018133,112.44503784179688,90813700
2012-08-20 13:00:00,7.06318380914721e-05,112.4529800415039,78255700
2012-08-21 13:00:00,-0.00302433532569799,112.11288452148438,105581100
2012-08-22 13:00:00,0.00042354945879035256,112.16036987304688,133243500
2012-08-23 13:00:00,-0.008179600905620293,111.2429428100586,111466400
2012-08-24 13:00:00,0.006043069549857742,111.91519165039062,99481200
2012-08-27 13:00:00,0.0002116716208960588,111.93888092041016,68785900
2012-08-28 13:00:00,-0.0009890231448864042,111.82817077636719,75689600
2012-08-29 13:00:00,0.0007781659435122205,111.91519165039062,65421300
2012-08-30 13:00:00,-0.0072081515320662395,111.10848999023438,96589900
2012-08-31 13:00:00,0.004769277546739003,111.63839721679688,151970400
2012-09-04 13:00:00,-0.0009210897151496911,111.53556823730469,120226200
2012-09-05 13:00:00,-0.0008511415475139183,111.44063568115234,100660300
2012-09-06 13:00:00,0.020296990151195196,113.70254516601562,158272500
2012-09-07 13:00:00,0.0038952655869000123,114.14544677734375,107272100
2012-09-10 13:00:00,-0.005682137187265896,113.49685668945312,86458500
2012-09-11 13:00:00,0.0027877974706008095,113.81326293945312,88760000
2012-09-12 13:00:00,0.003335761763249266,114.19291687011719,87640900
2012-09-13 13:00:00,0.015235950654130878,115.93275451660156,225470200
2012-09-14 13:00:00,0.00443413059807425,116.44681549072266,169777000
2012-09-17 13:00:00,-0.003395812215974181,116.05138397216797,119427800
2012-09-18 13:00:00,-0.0008175615588813606,115.95650482177734,98326600
2012-09-19 13:00:00,0.0005452457589821622,116.01972961425781,128318300
2012-09-20 13:00:00,6.858711464464444e-05,116.0276870727539,154009800
2012-09-21 13:00:00,-0.0004180042045028857,115.97918701171875,108737500
2012-09-24 13:00:00,-0.0015087203840852793,115.80420684814453,95682000
2012-09-25 13:00:00,-0.010641894039728992,114.57183074951172,133165200
2012-09-26 13:00:00,-0.0056210365755599975,113.92781829833984,146502200
2012-09-27 13:00:00,0.00942170921398454,115.00121307373047,111830300
2012-09-28 13:00:00,-0.004632187784088289,114.468505859375,150696100
2012-10-01 13:00:00,0.002639230436182851,114.77061462402344,135911200
2012-10-02 13:00:00,0.0010396714425521035,114.88993835449219,113422200
2012-10-03 13:00:00,0.004082448770670066,115.35897064208984,121283100
2012-10-04 13:00:00,0.007168097047610928,116.18587493896484,124311600
2012-10-05 13:00:00,6.842336992976754e-05,116.1938247680664,124842100
2012-10-08 13:00:00,-0.0034215253729918344,115.7962646484375,78415400
2012-10-09 13:00:00,-0.009886973264895852,114.6513900756836,148872900
2012-10-10 13:00:00,-0.006379733486154497,113.9199447631836,124247500
2012-10-11 13:00:00,0.0005576720423608407,113.98347473144531,123601500
2012-10-12 13:00:00,-0.0032783040368962817,113.60980224609375,124181900
2012-10-15 13:00:00,0.008328149016081053,114.55596160888672,107689100
2012-10-16 13:00:00,0.010133546416905299,115.7168197631836,108815500
2012-10-17 13:00:00,0.00453431360429241,116.24151611328125,128834100
2012-10-18 13:00:00,-0.0025987778425949895,115.9394302368164,148108500
2012-10-19 13:00:00,-0.016664261493814364,114.00738525390625,185645200
2012-10-22 13:00:00,0.00013919397054548512,114.02325439453125,125578600
2012-10-23 13:00:00,-0.013875841270300088,112.44108581542969,192056300
2012-10-24 13:00:00,-0.00282917255794898,112.12297058105469,120179400
2012-10-25 13:00:00,0.0029074898500848724,112.44896697998047,134457400
2012-10-26 13:00:00,-0.0005653741989486197,112.38539123535156,146023500
2012-10-31 13:00:00,0.0,112.38539123535156,103438500
2012-11-01 13:00:00,0.010470193362405738,113.56208801269531,100995600
2012-11-02 13:00:00,-0.008891480643689775,112.55235290527344,137702200
2012-11-05 14:00:00,0.002048674994045062,112.7829360961914,98378500
2012-11-06 14:00:00,0.007825168431851182,113.66548156738281,107068100
2012-11-07 14:00:00,-0.022663766661059785,111.08939361572266,264304500
2012-11-08 14:00:00,-0.012024277114527871,109.75362396240234,181517300
2012-11-09 14:00:00,0.0008696875012816612,109.84907531738281,201055300
2012-11-12 14:00:00,0.0007962140660132581,109.93653869628906,97677500
2012-11-13 14:00:00,-0.003471504625873775,109.55489349365234,123018300
2012-11-14 14:00:00,-0.013498933360093635,108.07601928710938,191505000
2012-11-15 14:00:00,-0.0016923930553575035,107.89311218261719,178128400
2012-11-16 14:00:00,0.004937855710524414,108.42587280273438,239483900
2012-11-19 14:00:00,0.020239035784580424,110.62030792236328,151495800
2012-11-20 14:00:00,0.00043126442965055027,110.66801452636719,119807400
2012-11-21 14:00:00,0.0018674324279420505,110.87467956542969,81710800
2012-11-23 14:00:00,0.013625398295111819,112.38539123535156,65409200
2012-11-26 14:00:00,-0.0021223878655678005,112.14686584472656,100124400
2012-11-27 14:00:00,-0.005104659986173504,111.57439422607422,128646200
2012-11-28 14:00:00,0.008052499545447676,112.47284698486328,177086500
2012-11-29 14:00:00,0.004665432690086807,112.9975814819336,151085900
2012-11-30 14:00:00,0.00021146703636037954,113.02147674560547,136568300
2012-12-03 14:00:00,-0.004924952161648165,112.46485137939453,124656300
2012-12-04 14:00:00,-0.001413541136611353,112.30587768554688,127512200
2012-12-05 14:00:00,0.0017698182002962469,112.504638671875,147300500
2012-12-06 14:00:00,0.0033924653714365077,112.88630676269531,103220600
2012-12-07 14:00:00,0.0030287436654489242,113.22821044921875,108726400
2012-12-10 14:00:00,0.00042072500540393104,113.27584838867188,98840700
2012-12-11 14:00:00,0.006808918420948413,114.04713439941406,152570400
2012-12-12 14:00:00,0.0004878787582819978,114.10277557373047,145880100
2012-12-13 14:00:00,-0.006131918183052739,113.40310668945312,135715000
2012-12-14 14:00:00,-0.00371630140315119,112.9816665649414,137701700
2012-12-17 14:00:00,0.011752457148089576,114.30947875976562,143238200
2012-12-18 14:00:00,0.01112844806021209,115.5815658569336,177762800
2012-12-19 14:00:00,-0.007428690583792595,114.72294616699219,150895400
2012-12-20 14:00:00,0.005752224218635594,115.38285827636719,168487000
2012-12-21 14:00:00,-0.009077154424033333,114.33551025390625,245883800
2012-12-24 14:00:00,-0.003081371481892922,113.98320007324219,53874600
2012-12-26 14:00:00,-0.004215058548169258,113.50275421142578,106947700
2012-12-27 14:00:00,-0.0013401865815582986,113.35063934326172,167920600
2012-12-28 14:00:00,-0.010808573277615845,112.12548065185547,148806700
2012-12-31 14:00:00,0.01699702738969814,114.03128051757812,243935200
2013-01-02 14:00:00,0.025630075333654304,116.95391082763672,192059000
2013-01-03 14:00:00,-0.00225925596614032,116.68968200683594,144761800
2013-01-04 14:00:00,0.004391441507706893,117.20211791992188,116817700
2013-01-07 14:00:00,-0.0027326018447178073,116.88185119628906,110002500
2013-01-08 14:00:00,-0.002877296239710631,116.54554748535156,121265100
2013-01-09 14:00:00,0.0025417884874289875,116.84178161621094,90745600
2013-01-10 14:00:00,0.007949428411395442,117.7706069946289,130735400
2013-01-11 14:00:00,-6.789134974157559e-05,117.76261138916016,113917300
2013-01-14 14:00:00,-0.0006800609586507777,117.68252563476562,89567200
2013-01-15 14:00:00,0.0006805237562888642,117.76261138916016,93172600
2013-01-16 14:00:00,-0.00013585670480048404,117.74661254882812,104849500
2013-01-17 14:00:00,0.00646006384642439,118.50726318359375,133833500
2013-01-18 14:00:00,0.0022295136594488217,118.77147674560547,169906000
2013-01-22 14:00:00,0.005393889815491968,119.41211700439453,111797300
2013-01-23 14:00:00,0.0016089744265516878,119.604248046875,104596100
2013-01-24 14:00:00,0.00026816752024396866,119.63632202148438,146426400
2013-01-25 14:00:00,0.00562216423828829,120.3089370727539,147211600
2013-01-28 14:00:00,-0.0011982269412021574,120.16477966308594,113357700
2013-01-29 14:00:00,0.003931623128488598,120.63722229003906,105694400
2013-01-30 14:00:00,-0.003916226003755843,120.16477966308594,137447700
2013-01-31 14:00:00,-0.002465423062178489,119.86852264404297,108975800
2013-02-01 14:00:00,0.010287302722155948,121.10164642333984,131173000
2013-02-04 14:00:00,-0.011240446455262022,119.74040985107422,159073600
2013-02-05 14:00:00,0.010097922121695881,120.94953918457031,113912400
2013-02-06 14:00:00,0.0007278703506406129,121.0375747680664,138762800
2013-02-07 14:00:00,-0.0013231314400701383,120.87742614746094,162490000
2013-02-08 14:00:00,0.005564312658841279,121.5500259399414,103133700
2013-02-11 14:00:00,-0.0001977804774788544,121.52598571777344,73775000
2013-02-12 14:00:00,0.0016479107399784063,121.72624969482422,65392700
2013-02-13 14:00:00,0.0008549096161850686,121.83031463623047,82322600
2013-02-14 14:00:00,0.0009200588932878848,121.9424057006836,80834300
2013-02-15 14:00:00,-0.001182176198998513,121.79824829101562,215226500
2013-02-19 14:00:00,0.007494703821141369,122.71109008789062,95105400
2013-02-20 14:00:00,-0.012463264707732933,121.18170928955078,160574800
2013-02-21 14:00:00,-0.006078498046624274,120.44510650634766,183257000
2013-02-22 14:00:00,0.009771912691856663,121.62208557128906,106356600
2013-02-25 14:00:00,-0.01902667607621736,119.30802154541016,245824800
2013-02-26 14:00:00,0.006845594314494472,120.124755859375,186596200
2013-02-27 14:00:00,0.012598291571059548,121.63812255859375,150781900
2013-02-28 14:00:00,-0.001974929738740009,121.39789581298828,126866000
2013-03-01 14:00:00,0.0032978535199990697,121.79824829101562,170634800
2013-03-04 14:00:00,0.005325306276363445,122.44686126708984,99010200
2013-03-05 14:00:00,0.008958989317639245,123.54386138916016,121431900
2013-03-06 14:00:00,0.001361131852060079,123.71202087402344,94469900
2013-03-07 14:00:00,0.0018125605990731402,123.9362564086914,86101400
2013-03-08 14:00:00,0.004263762426996389,124.46469116210938,123477800
2013-03-11 13:00:00,0.003795673807190412,124.93711853027344,83746800
2013-03-12 13:00:00,-0.002243499201685809,124.65682220458984,105755800
2013-03-13 13:00:00,0.0014136099603042262,124.83303833007812,92550900
2013-03-14 13:00:00,0.0053238835368237215,125.49763488769531,126329900
2013-03-15 13:00:00,-0.0013204268699329683,125.33192443847656,138601100
2013-03-18 13:00:00,-0.005518488320746923,124.6402816772461,126704300
2013-03-19 13:00:00,-0.0023235199978257743,124.35067749023438,167567300
2013-03-20 13:00:00,0.006985505517798388,125.21932983398438,113759300
2013-03-21 13:00:00,-0.008542688890367415,124.14962005615234,128605000
2013-03-22 13:00:00,0.008032858301952757,125.14689636230469,111163600
2013-03-25 13:00:00,-0.004176976104863096,124.62416076660156,151322300
2013-03-26 13:00:00,0.008002454646043298,125.6214599609375,86856600
2013-03-27 13:00:00,0.0,125.6214599609375,99950600
2013-03-28 13:00:00,0.0030731004352384773,126.00750732421875,102932800
2013-04-01 13:00:00,-0.003956997966100381,125.50889587402344,99194100
2013-04-02 13:00:00,0.004934257516791685,126.12818908691406,101504300
2013-04-03 13:00:00,-0.01013938286730228,124.84932708740234,154167400
2013-04-04 13:00:00,0.004059214198071149,125.35611724853516,131885000
2013-04-05 13:00:00,-0.004491963416966933,124.79302215576172,159666000
2013-04-08 13:00:00,0.006767370116203765,125.63754272460938,86571200
2013-04-09 13:00:00,0.00345697760761701,126.07186889648438,101922200
2013-04-10 13:00:00,0.012248545976481456,127.6160659790039,135711100
2013-04-11 13:00:00,0.0032776559280913676,128.0343475341797,110142500
2013-04-12 13:00:00,-0.0024504046605955364,127.72061157226562,116359900
2013-04-15 13:00:00,-0.023173428233976855,124.7608871459961,217259000
2013-04-16 13:00:00,0.01476316481619289,126.60275268554688,147507800
2013-04-17 13:00:00,-0.014611780734281318,124.75286102294922,226834800
2013-04-18 13:00:00,-0.006253636110505836,123.97270202636719,167583200
2013-04-19 13:00:00,0.008693516971448089,125.05046081542969,149687600
2013-04-22 13:00:00,0.004437600690248699,125.60538482666016,106553500
2013-04-23 13:00:00,0.010309567026733139,126.90032196044922,166141300
2013-04-24 13:00:00,0.0006334966604799989,126.980712890625,96781200
2013-04-25 13:00:00,0.004053806576647767,127.49546813964844,131060600
2013-04-26 13:00:00,-0.0017664321756228171,127.27025604248047,95918800
2013-04-29 13:00:00,0.006698471432569854,128.12277221679688,88572800
2013-04-30 13:00:00,0.002385950403577425,128.428466796875,116010700
2013-05-01 13:00:00,-0.008768056983934774,127.30239868164062,138874200
2013-05-02 13:00:00,0.009287189451137436,128.48468017578125,96407600
2013-05-03 13:00:00,0.010141832213588664,129.78775024414062,144202300
2013-05-06 13:00:00,0.0025399228993965273,130.11740112304688,66882100
2013-05-07 13:00:00,0.005069321458165198,130.77700805664062,90359200
2013-05-08 13:00:00,0.004550672169819576,131.37213134765625,97419200
2013-05-09 13:00:00,-0.0028163896969012744,131.00213623046875,106738600
2013-05-10 13:00:00,0.0032542622577328185,131.42845153808594,103203000
2013-05-13 13:00:00,0.0007953982767338167,131.53298950195312,81843200
2013-05-14 13:00:00,0.010333583677121014,132.89219665527344,119000900
2013-05-15 13:00:00,0.0053863588060611145,133.60800170898438,120718500
2013-05-16 13:00:00,-0.004694765977770555,132.98074340820312,109913600
2013-05-17 13:00:00,0.009676735330451108,134.26756286621094,129801000
2013-05-20 13:00:00,-6.000437077291653e-05,134.25950622558594,85071200
2013-05-21 13:00:00,0.0014378046356385297,134.45254516601562,95804200
2013-05-22 13:00:00,-0.007417821428903787,133.4552001953125,244031800
2013-05-23 13:00:00,-0.0028925969458457007,133.0691680908203,211064400
2013-05-24 13:00:00,-0.0008457919271591517,132.9566192626953,151573900
2013-05-28 13:00:00,0.005988331825127719,133.7528076171875,143679800
2013-05-29 13:00:00,-0.006494460633949164,132.8841552734375,160363400
2013-05-30 13:00:00,0.003692516078182084,133.3748321533203,107793800
2013-05-31 13:00:00,-0.014352374991319496,131.46058654785156,176850100
2013-06-03 13:00:00,0.005506302028193464,132.1844482421875,168390700
2013-06-04 13:00:00,-0.00480696861537325,131.54904174804688,157631500
2013-06-05 13:00:00,-0.014000838398561314,129.70724487304688,211737800
2013-06-06 13:00:00,0.009053356193181244,130.88153076171875,200225500
2013-06-07 13:00:00,0.012720444253141842,132.54640197753906,188337800
2013-06-10 13:00:00,0.0,132.54640197753906,105667100
2013-06-11 13:00:00,-0.0103157049147528,131.17909240722656,159505400
2013-06-12 13:00:00,-0.008276886008333418,130.0933380126953,177361500
2013-06-13 13:00:00,0.015208314249096008,132.07183837890625,163587800
2013-06-14 13:00:00,-0.006272225855124973,131.2434539794922,141197500
2013-06-17 13:00:00,0.007720925441431173,132.25677490234375,136295600
2013-06-18 13:00:00,0.007905897609251948,133.30238342285156,114695600
2013-06-19 13:00:00,-0.013816683750939349,131.46058654785156,206149500
2013-06-20 13:00:00,-0.024778533233682332,128.20318603515625,321255900
2013-06-21 13:00:00,0.0032102170883716633,128.61474609375,271956800
2013-06-24 13:00:00,-0.012635462580152846,126.98963928222656,222329000
2013-06-25 13:00:00,0.00961406172479478,128.2105255126953,162262200
2013-06-26 13:00:00,0.009900855766890551,129.47991943359375,134848000
2013-06-27 13:00:00,0.005870064990131512,130.23997497558594,129483700
2013-06-28 13:00:00,-0.004097519895653482,129.70631408691406,160402900
2013-07-01 13:00:00,0.005859583858845779,130.46633911132812,131954800
2013-07-02 13:00:00,-0.0009297982443070032,130.34503173828125,154863700
2013-07-03 13:00:00,0.00043442673231025114,130.4016571044922,75216400
2013-07-05 13:00:00,0.010788318234852013,131.8084716796875,122416900
2013-07-08 13:00:00,0.005705586812067329,132.56051635742188,108092500
2013-07-09 13:00:00,0.0071970187923180535,133.51455688476562,119298000
2013-07-10 13:00:00,0.00036331387049843373,133.5630645751953,121410100
2013-07-11 13:00:00,0.013620178885660986,135.38221740722656,135592200
2013-07-12 13:00:00,0.0004182629542889648,135.4388427734375,104212700
2013-07-15 13:00:00,0.003820700936895851,135.95631408691406,69450600
2013-07-16 13:00:00,-0.00374656300375094,135.4469451904297,88702100
2013-07-17 13:00:00,0.002567071748117618,135.79464721679688,92873900
2013-07-18 13:00:00,0.005477986362734366,136.5385284423828,103620100
2013-07-19 13:00:00,0.001776560597904224,136.78109741210938,103831700
2013-07-22 13:00:00,0.0019506729408887867,137.04791259765625,79428600
2013-07-23 13:00:00,-0.0021241270459113394,136.75680541992188,80829700
2013-07-24 13:00:00,-0.003665832300696659,136.25547790527344,112914000
2013-07-25 13:00:00,0.0024330210885344862,136.5869903564453,111088600
2013-07-26 13:00:00,0.0010660943889563212,136.73260498046875,107814600
2013-07-29 13:00:00,-0.00307524639244148,136.31211853027344,79695000
2013-07-30 13:00:00,0.0,136.31211853027344,85209600
2013-07-31 13:00:00,0.000711938890568612,136.40916442871094,142388700
2013-08-01 13:00:00,0.011558315475746364,137.98582458496094,110438400
2013-08-02 13:00:00,0.001699096951810116,138.22027587890625,91116700
2013-08-05 13:00:00,-0.0014627300791618478,138.01809692382812,54072700
2013-08-06 13:00:00,-0.005682600871140502,137.23379516601562,87495000
2013-08-07 13:00:00,-0.0032399151677931152,136.78916931152344,84854700
2013-08-08 13:00:00,0.003664407227750439,137.29042053222656,102181300
2013-08-09 13:00:00,-0.002885923979698726,136.8942108154297,91757700
2013-08-12 13:00:00,-0.0011805162102787952,136.73260498046875,68593300
2013-08-13 13:00:00,0.002955950446093186,137.13677978515625,80806000
2013-08-14 13:00:00,-0.005129183136027388,136.43338012695312,79829200
2013-08-15 13:00:00,-0.013985777009109863,134.52525329589844,152931800
2013-08-16 13:00:00,-0.003305601578540166,134.08056640625,130868200
2013-08-19 13:00:00,-0.006392549809356985,133.22344970703125,96437600
2013-08-20 13:00:00,0.004915970024735045,133.8783721923828,89294400
2013-08-21 13:00:00,-0.00616023541766656,133.05364990234375,159530500
2013-08-22 13:00:00,0.009115457182294465,134.26649475097656,101471400
2013-08-23 13:00:00,0.0033720906314135156,134.71925354003906,90888900
2013-08-26 13:00:00,-0.0037212759236335963,134.21792602539062,89702100
2013-08-27 13:00:00,-0.016083480576518747,132.05923461914062,158619400
2013-08-28 13:00:00,0.003550698966588304,132.52813720703125,108113000
2013-08-29 13:00:00,0.001586231734214018,132.7383575439453,119200500
2013-08-30 13:00:00,-0.003167439175891045,132.3179168701172,134928900
2013-09-03 13:00:00,0.004521779000775752,132.91622924804688,142375100
2013-09-04 13:00:00,0.008272950423141485,134.01583862304688,97389400
2013-09-05 13:00:00,0.0012670129622895134,134.18563842773438,63090500
2013-09-06 13:00:00,0.0004818063245466506,134.2502899169922,159756500
2013-09-09 13:00:00,0.009576133918799776,135.535888671875,87559300
2013-09-10 13:00:00,0.007397596166836289,136.5385284423828,105847200
2013-09-11 13:00:00,0.0031380651436843814,136.9669952392578,94545900
2013-09-12 13:00:00,-0.0026562261001759195,136.60317993164062,83209000
2013-09-13 13:00:00,0.0022489993215246908,136.910400390625,72727800
2013-09-16 13:00:00,0.005787645889244541,137.70278930664062,106299200
2013-09-17 13:00:00,0.004462191215237648,138.31724548339844,82523300
2013-09-18 13:00:00,0.011574714782819929,139.91822814941406,203460600
2013-09-19 13:00:00,-0.0016759579749829902,139.68373107910156,146616900
2013-09-20 13:00:00,-0.006991458561663775,138.70713806152344,132867100
2013-09-23 13:00:00,-0.004627674454702375,138.06524658203125,104616500
2013-09-24 13:00:00,-0.0023537163675073306,137.7402801513672,106333100
2013-09-25 13:00:00,-0.002890678321253022,137.3421173095703,117306500
2013-09-26 13:00:00,0.003845635519211346,137.8702850341797,77146900
2013-09-27 13:00:00,-0.004596774023965779,137.2365264892578,99141800
2013-09-30 13:00:00,-0.005328592063116326,136.5052490234375,143937000
2013-10-01 13:00:00,0.007916603696307895,137.58590698242188,127160000
2013-10-02 13:00:00,-0.000944566993056318,137.45594787597656,113350000
2013-10-03 13:00:00,-0.009221371415491446,136.18841552734375,176698000
2013-10-04 13:00:00,0.007577047753540407,137.22032165527344,96878000
2013-10-07 13:00:00,-0.00864495887909434,136.0340576171875,96295000
2013-10-08 13:00:00,-0.011646607878204328,134.44972229003906,178015000
2013-10-09 13:00:00,0.0007249783998882344,134.5471954345703,168973000
2013-10-10 13:00:00,0.021558266143551285,137.4477996826172,195955000
2013-10-11 13:00:00,0.0064432086977267095,138.33340454101562,105040000
2013-10-14 13:00:00,0.00399379294841348,138.88587951660156,112106000
2013-10-15 13:00:00,-0.007254100049164883,137.87838745117188,155485000
2013-10-16 13:00:00,0.01396580654400322,139.80397033691406,161676000
2013-10-17 13:00:00,0.006683443581683992,140.73834228515625,129389000
2013-10-18 13:00:00,0.006754430131617009,141.68894958496094,138316000
2013-10-21 13:00:00,5.686146060507702e-05,141.69700622558594,104104000
2013-10-22 13:00:00,0.005791570444705643,142.5176544189453,126663000
2013-10-23 13:00:00,-0.004788524927684976,141.835205078125,105484000
2013-10-24 13:00:00,0.003322427477420876,142.3064422607422,70350000
2013-10-25 13:00:00,0.004567243125411811,142.95639038085938,93625000
2013-10-28 13:00:00,0.0015917743913568348,143.18394470214844,84979000
2013-10-29 13:00:00,0.005333608704367562,143.9476318359375,87401000
2013-10-30 13:00:00,-0.004967058705804435,143.23263549804688,140002000
2013-10-31 13:00:00,-0.0028360818818237428,142.826416015625,133795000
2013-11-01 13:00:00,0.002389246808212411,143.16766357421875,142805000
2013-11-04 14:00:00,0.0035187339677250616,143.6714324951172,85677000
2013-11-05 14:00:00,-0.003166961052400944,143.2164306640625,85825000
2013-11-06 14:00:00,0.005105567625757632,143.9476318359375,87348000
2013-11-07 14:00:00,-0.012643113789720146,142.127685546875,157000000
2013-11-08 14:00:00,0.013491252329706006,144.045166015625,136713000
2013-11-11 14:00:00,0.00016895928706172277,144.0695037841797,62614000
2013-11-12 14:00:00,-0.0020301344911144016,143.7770233154297,83990000
2013-11-13 14:00:00,0.008024455321164468,144.93075561523438,103844000
2013-11-14 14:00:00,0.004989165295000664,145.65383911132812,103435000
2013-11-15 14:00:00,0.0043509188031725715,146.28756713867188,102818000
2013-11-18 14:00:00,-0.0034989718478013482,145.7757110595703,104796000
2013-11-19 14:00:00,-0.0021737453390396895,145.45883178710938,93891000
2013-11-20 14:00:00,-0.0031280454095810356,145.0038299560547,124909000
2013-11-21 14:00:00,0.008068844995949162,146.17384338378906,92841000
2013-11-22 14:00:00,0.005002270960032043,146.90504455566406,81296000
2013-11-25 14:00:00,-0.0009950590850088948,146.7588653564453,79486000
2013-11-26 14:00:00,0.0002766690625244009,146.79946899414062,86994000
2013-11-27 14:00:00,0.002435698211659295,147.1570281982422,58800000
2013-11-29 14:00:00,-0.0006632045783927824,147.05943298339844,55870900
2013-12-02 14:00:00,-0.002596784892474719,146.67755126953125,99726000
2013-12-03 14:00:00,-0.004320448242213914,146.04383850097656,116563000
2013-12-04 14:00:00,-0.00011127213936830231,146.027587890625,123033000
2013-12-05 14:00:00,-0.0043952684119980805,145.38575744628906,106934000
2013-12-06 14:00:00,0.01117663610656632,147.01068115234375,127728000
2013-12-09 14:00:00,0.002542635356384125,147.3844757080078,70124000
2013-12-10 14:00:00,-0.0035833978069547442,146.85633850097656,80976000
2013-12-11 14:00:00,-0.011230856812861758,145.20701599121094,130591000
2013-12-12 14:00:00,-0.003301287571507669,144.72764587402344,115565000
2013-12-13 14:00:00,-0.00011249494062702592,144.71136474609375,107808000
2013-12-16 14:00:00,0.0062320984280147505,145.61322021484375,96195000
2013-12-17 14:00:00,-0.0031802674824068303,145.15013122558594,89886000
2013-12-18 14:00:00,0.017072272560937598,147.628173828125,234906000
2013-12-19 14:00:00,-0.0011556636926664296,147.4575653076172,136531200
2013-12-20 14:00:00,0.005816668613800047,148.31527709960938,197087000
2013-12-23 14:00:00,0.005342700969856965,149.10768127441406,85598000
2013-12-24 14:00:00,0.00219138079401174,149.43443298339844,45368800
2013-12-26 14:00:00,0.005084172041495568,150.19418334960938,63365000
2013-12-27 14:00:00,-5.4352651789685515e-05,150.18601989746094,61814000
2013-12-30 14:00:00,-0.00016377801333002662,150.1614227294922,56857000
2013-12-31 14:00:00,0.004733370531529434,150.8721923828125,86119900
2014-01-02 14:00:00,-0.009583759795136515,149.42626953125,119636900
2014-01-03 14:00:00,-0.000163998039375868,149.40176391601562,81390600
2014-01-06 14:00:00,-0.0028980122342586612,148.9687957763672,108028200
2014-01-07 14:00:00,0.006141976000989058,149.88375854492188,86144200
2014-01-08 14:00:00,0.0002181662995269568,149.9164581298828,96582300
2014-01-09 14:00:00,0.0006533383206487581,150.014404296875,90683400
2014-01-10 14:00:00,0.002722720311688819,150.4228515625,102026400
2014-01-13 14:00:00,-0.013304474528185518,148.4215545654297,149892000
2014-01-14 14:00:00,0.01089734660024643,150.03895568847656,105016100
2014-01-15 14:00:00,0.005389835586522177,150.84764099121094,98525800
2014-01-16 14:00:00,-0.0012995209059806184,150.651611328125,72290600
2014-01-17 14:00:00,-0.0042296728566821535,150.014404296875,107848700
2014-01-21 14:00:00,0.0029407983282855325,150.45556640625,88621200
2014-01-22 14:00:00,0.0006513015483573651,150.55355834960938,61270900
2014-01-23 14:00:00,-0.008192929778391471,149.32008361816406,132496900
2014-01-24 14:00:00,-0.02133592810265362,146.1342010498047,208677100
2014-01-27 14:00:00,-0.004919155176264594,145.41534423828125,180843100
2014-01-28 14:00:00,0.0059546020226780025,146.28123474121094,110463200
2014-01-29 14:00:00,-0.009605195204558154,144.8761749267578,216597300
2014-01-30 14:00:00,0.01060044098727646,146.41192626953125,118938100
2014-01-31 14:00:00,-0.005858626745811366,145.5541534423828,194677900
2014-02-03 14:00:00,-0.022504997097715418,142.27845764160156,254837100
2014-02-04 14:00:00,0.007004769549355715,143.27508544921875,165012400
2014-02-05 14:00:00,-0.001254462880295337,143.09535217285156,164230500
2014-02-06 14:00:00,0.01318728495311902,144.98239135742188,132877600
2014-02-07 14:00:00,0.01239564088698642,146.779541015625,170787200
2014-02-10 14:00:00,0.0018364038129835049,147.04908752441406,92218800
2014-02-11 14:00:00,0.010944059510580513,148.6584014892578,117814100
2014-02-12 14:00:00,0.0004946380679164036,148.73193359375,94717700
2014-02-13 14:00:00,0.005162559955089083,149.49977111816406,100542200
2014-02-14 14:00:00,0.005518893012453947,150.32484436035156,96498400
2014-02-18 14:00:00,0.0011957340512880584,150.5045928955078,80460900
2014-02-19 14:00:00,-0.006621605441249929,149.5080108642578,126524300
2014-02-20 14:00:00,0.005900701529889754,150.3902130126953,104998100
2014-02-21 14:00:00,-0.0011410339699591304,150.21861267089844,118116400
2014-02-24 14:00:00,0.005546928827990862,151.05186462402344,114063900
2014-02-25 14:00:00,-0.00037820722301043453,150.99473571777344,117085000
2014-02-26 14:00:00,5.4266592061050216e-05,151.0029296875,98677200
2014-02-27 14:00:00,0.005246900605974377,151.79522705078125,93880800
2014-02-28 14:00:00,0.0025295404567648016,152.17919921875,150842000
2014-03-03 14:00:00,-0.007032134870035904,151.1090545654297,167748500
2014-03-04 14:00:00,0.014056026794888016,153.23304748535156,167545900
2014-03-05 14:00:00,0.0009061686284221682,153.3719024658203,88376900
2014-03-06 14:00:00,0.0022903320449199965,153.72317504882812,82516500
2014-03-07 14:00:00,0.00042513689646293644,153.7885284423828,114513500
2014-03-10 13:00:00,-0.0005312200946849713,153.7068328857422,74939200
2014-03-11 13:00:00,-0.0049425557444702254,152.94712829589844,99009100
2014-03-12 13:00:00,0.00026697146907036763,152.9879608154297,104824400
2014-03-13 13:00:00,-0.011213299849125578,151.2724609375,155014300
2014-03-14 13:00:00,-0.002808309877794491,150.84764099121094,153919600
2014-03-17 13:00:00,0.009043742984362354,152.2118682861328,98359500
2014-03-18 13:00:00,0.007137990149124487,153.29835510253906,101804600
2014-03-19 13:00:00,-0.005328390481081038,152.4815216064453,176267300
2014-03-20 13:00:00,0.005839270555504242,153.3719024658203,117241000
2014-03-21 13:00:00,-0.0038788699781651895,152.77699279785156,163128000
2014-03-24 13:00:00,-0.004134975524832075,152.145263671875,121411000
2014-03-25 13:00:00,0.004745565937671999,152.86727905273438,103852000
2014-03-26 13:00:00,-0.007192430659462524,151.76779174804688,119843000
2014-03-27 13:00:00,-0.002108230897783226,151.4478302001953,142383000
2014-03-28 13:00:00,0.004930135507443867,152.19448852539062,101642000
2014-03-31 13:00:00,0.00819422635438688,153.4416046142578,99745000
2014-04-01 13:00:00,0.00663050299877217,154.45899963378906,89193000
2014-04-02 13:00:00,0.003346957928402959,154.97596740722656,78774000
2014-04-03 13:00:00,-0.0013235852293677795,154.77084350585938,77435000
2014-04-04 13:00:00,-0.011822169676178653,152.9411163330078,169381000
2014-04-07 13:00:00,-0.011051417074613976,151.2509002685547,140803000
2014-04-08 13:00:00,0.004122723717484975,151.8744659423828,112660000
2014-04-09 13:00:00,0.010750865672451548,153.5072479248047,100254000
2014-04-10 13:00:00,-0.021005738326011946,150.28271484375,172959000
2014-04-11 13:00:00,-0.009008290039281433,148.92892456054688,167251000
2014-04-14 13:00:00,0.007878112408693013,150.10220336914062,132382000
2014-04-15 13:00:00,0.006887498731841443,151.1360321044922,157093000
2014-04-16 13:00:00,0.010477795173294379,152.7196044921875,105197000
2014-04-17 13:00:00,0.0013965944596624194,152.93289184570312,105255000
2014-04-21 13:00:00,0.003487414954787226,153.4662322998047,68329000
2014-04-22 13:00:00,0.004544440835220222,154.1636505126953,85790000
2014-04-23 13:00:00,-0.002341717319414142,153.80264282226562,73869000
2014-04-24 13:00:00,0.0020271617651873436,154.1144256591797,88170000
2014-04-25 13:00:00,-0.00819887598498343,152.85086059570312,100380000
2014-04-28 13:00:00,0.0031672415758681486,153.33497619628906,135121000
2014-04-29 13:00:00,0.004655307150659655,154.04879760742188,84098000
2014-04-30 13:00:00,0.0029825445222352157,154.5082550048828,101508000
2014-05-01 13:00:00,0.00010636140974987489,154.52468872070312,93019000
2014-05-02 13:00:00,-0.0014337020202568795,154.3031463623047,98122000
2014-05-05 13:00:00,0.0019141824832871212,154.5985107421875,75883000
2014-05-06 13:00:00,-0.008703614216196028,153.25294494628906,85454000
2014-05-07 13:00:00,0.005889331349314015,154.15550231933594,106500000
2014-05-08 13:00:00,-0.0010646621929606191,153.9913787841797,93618000
2014-05-09 13:00:00,0.0014917787680691764,154.22109985351562,83679000
2014-05-12 13:00:00,0.009735892844527881,155.7225799560547,86940000
2014-05-13 13:00:00,0.0008959931644266021,155.8621063232422,66454000
2014-05-14 13:00:00,-0.004737640190555088,155.12368774414062,72367000
2014-05-15 13:00:00,-0.008780677433995404,153.7615966796875,154956000
2014-05-16 13:00:00,0.0034688178530741538,154.2949676513672,97458000
2014-05-19 13:00:00,0.00366934915631374,154.8611297607422,63839000
2014-05-20 13:00:00,-0.006305264795601607,153.8846893310547,111644000
2014-05-21 13:00:00,0.008424205207205522,155.18104553222656,89093000
2014-05-22 13:00:00,0.002432461532486164,155.5585174560547,61549000
2014-05-23 13:00:00,0.004008658238809387,156.18209838867188,61092800
2014-05-27 13:00:00,0.006146323353410418,157.1420440673828,72010000
2014-05-28 13:00:00,-0.0007310801099309887,157.02716064453125,66723000
2014-05-29 13:00:00,0.005173098024552101,157.8394775390625,64377000
2014-05-30 13:00:00,0.0016117294305351576,158.0938720703125,76316000
2014-06-02 13:00:00,0.00114179931356917,158.27438354492188,64656000
2014-06-03 13:00:00,-0.0005188635134444652,158.1922607421875,65047000
2014-06-04 13:00:00,0.0020230941785354087,158.51229858398438,55529000
2014-06-05 13:00:00,0.006522072700900304,159.54612731933594,92103000
2014-06-06 13:00:00,0.004782988547740224,160.30923461914062,78696000
2014-06-09 13:00:00,0.0010236030255398188,160.47332763671875,65119000
2014-06-10 13:00:00,0.00010202742664579843,160.4897003173828,57129000
2014-06-11 13:00:00,-0.003476279807295272,159.93179321289062,68772000
2014-06-12 13:00:00,-0.007080139944606055,158.79945373535156,106350000
2014-06-13 13:00:00,0.0030486934809097767,159.28358459472656,82017000
2014-06-16 13:00:00,0.0008241361634263066,159.41485595703125,87424000
2014-06-17 13:00:00,0.0027793486080571915,159.85792541503906,84834000
2014-06-18 13:00:00,0.007339509790006137,161.0312042236328,105267000
2014-06-19 13:00:00,0.0011208772653134207,161.21170043945312,85929000
2014-06-20 13:00:00,0.0020308239242719235,161.53909301757812,100587000
2014-06-23 13:00:00,-0.000306613268476661,161.48956298828125,70611000
2014-06-24 13:00:00,-0.00602397343759744,160.51675415039062,96237000
2014-06-25 13:00:00,0.004519837492321495,161.2422637939453,82782000
2014-06-26 13:00:00,-0.0007158962950639684,161.1268310546875,84312000
2014-06-27 13:00:00,0.0019445797609153673,161.44015502929688,71445100
2014-06-30 13:00:00,-0.0005109572253378074,161.357666015625,70201200
2014-07-01 13:00:00,0.0066934058684774735,162.4376983642578,90470000
2014-07-02 13:00:00,0.0010149812357633735,162.60256958007812,52475000
2014-07-03 13:00:00,0.004918113397849652,163.4022674560547,52938800
2014-07-07 13:00:00,-0.003481364878807769,162.83340454101562,61696000
2014-07-08 13:00:00,-0.006429772898715732,161.7864227294922,108143000
2014-07-09 13:00:00,0.004483612165991454,162.51181030273438,72992000
2014-07-10 13:00:00,-0.003956574670523307,161.8688201904297,99040000
2014-07-11 13:00:00,0.0013754408721149182,162.09146118164062,64243000
2014-07-14 13:00:00,0.005035100829101409,162.90760803222656,58658000
2014-07-15 13:00:00,-0.0018724628998793872,162.60256958007812,111307000
2014-07-16 13:00:00,0.0037013708857521386,163.2044219970703,79986400
2014-07-17 13:00:00,-0.011366180913660687,161.3494110107422,145398000
2014-07-18 13:00:00,0.010219501342655398,162.99832153320312,124330000
2014-07-21 13:00:00,-0.0018717016570841108,162.6932373046875,67592000
2014-07-22 13:00:00,0.004358080047539622,163.4022674560547,67678000
2014-07-23 13:00:00,0.0022200576333460988,163.76502990722656,65612000
2014-07-24 13:00:00,5.003491729097727e-05,163.77322387695312,56888000
2014-07-25 13:00:00,-0.004681245074788676,163.00656127929688,76837000
2014-07-28 13:00:00,0.0004042012214403006,163.07244873046875,69259000
2014-07-29 13:00:00,-0.004297136851513542,162.3717041015625,80466000
2014-07-30 13:00:00,0.00015252050710108417,162.39646911621094,104222000
2014-07-31 13:00:00,-0.019748534574734224,159.1893768310547,183479000
2014-08-01 13:00:00,-0.003055412175351673,158.70298767089844,189261000
2014-08-04 13:00:00,0.007220915319737723,159.84896850585938,91340000
2014-08-05 13:00:00,-0.009696385843952507,158.29901123046875,152690000
2014-08-06 13:00:00,0.00031269627860582954,158.3485107421875,94818000
2014-08-07 13:00:00,-0.005414680644561981,157.49110412597656,135733000
2014-08-08 13:00:00,0.01156885004336163,159.31309509277344,117014000
2014-08-11 13:00:00,0.002897973831938972,159.7747802734375,74544000
2014-08-12 13:00:00,-0.001393181167032757,159.55218505859375,73632000
2014-08-13 13:00:00,0.006768861058649946,160.63217163085938,69047000
2014-08-14 13:00:00,0.004722057833096961,161.39068603515625,57371000
2014-08-15 13:00:00,-0.0002045968100294037,161.357666015625,139951000
2014-08-18 13:00:00,0.00837921627547014,162.709716796875,75424000
2014-08-19 13:00:00,0.0052188131602994335,163.55886840820312,59135000
2014-08-20 13:00:00,0.002671799237876241,163.99586486816406,72763000
2014-08-21 13:00:00,0.002915804810231239,164.4740447998047,67791000
2014-08-22 13:00:00,-0.0015539516712680644,164.2184600830078,76107000
2014-08-25 13:00:00,0.0050705147199634724,165.05113220214844,63855000
2014-08-26 13:00:00,0.0006493607947125908,165.15830993652344,47298000
2014-08-27 13:00:00,-0.0003994894591232389,165.0923309326172,47874000
2014-08-28 13:00:00,-0.0005493788940718191,165.0016326904297,58330000
2014-08-29 13:00:00,0.002848094154489734,165.47157287597656,65907000
2014-09-02 13:00:00,-0.0004979553859638364,165.38917541503906,72426000
2014-09-03 13:00:00,-0.0005484851154794124,165.2984619140625,57462000
2014-09-04 13:00:00,-0.001446690667405151,165.059326171875,85236000
2014-09-05 13:00:00,0.004495472449388611,165.8013458251953,102177000
2014-09-08 13:00:00,-0.0025855983048708917,165.37265014648438,64146000
2014-09-09 13:00:00,-0.006331322543136275,164.32562255859375,88591000
2014-09-10 13:00:00,0.0037630310911332308,164.94398498535156,67251000
2014-09-11 13:00:00,0.0011491457403021285,165.13352966308594,66774400
2014-09-12 13:00:00,-0.005840961409755196,164.1689910888672,117409300
2014-09-15 13:00:00,-0.0007532313242734278,164.0453338623047,76401000
2014-09-16 13:00:00,0.0075383631564872626,165.28196716308594,116201000
2014-09-17 13:00:00,0.0013471297191199453,165.50462341308594,151266000
2014-09-18 13:00:00,0.00532964010270215,166.38670349121094,94990000
2014-09-19 13:00:00,-0.0009012025418552043,166.23675537109375,121649000
2014-09-22 13:00:00,-0.0077229851561688235,164.95291137695312,125553000
2014-09-23 13:00:00,-0.0057242343775236225,164.00868225097656,111393000
2014-09-24 13:00:00,0.007828367806292112,165.2926025390625,107276000
2014-09-25 13:00:00,-0.016135714586393537,162.62548828125,150300000
2014-09-26 13:00:00,0.007945336684111128,163.9176025390625,103547000
2014-09-29 13:00:00,-0.0018191289479622256,163.61941528320312,95112000
2014-09-30 13:00:00,-0.0026322950692168824,163.188720703125,131302000
2014-10-01 13:00:00,-0.013552181185211117,160.97715759277344,177798000
2014-10-02 13:00:00,0.0001544105247881974,161.00201416015625,157285000
2014-10-03 13:00:00,0.011009505064148663,162.77456665039062,121569000
2014-10-06 13:00:00,-0.0011702732593685137,162.58407592773438,104778000
2014-10-07 13:00:00,-0.015436537023080944,160.0743408203125,147913000
2014-10-08 13:00:00,0.01748941341188977,162.8739471435547,186461000
2014-10-09 13:00:00,-0.01983322820353965,159.6436309814453,210705000
2014-10-10 13:00:00,-0.011414488351387659,157.82138061523438,221909000
2014-10-13 13:00:00,-0.016426790648963713,155.2288818359375,230939000
2014-10-14 13:00:00,0.0015471224054072119,155.4690399169922,215847000
2014-10-15 13:00:00,-0.006766142376265591,154.4171142578125,380715000
2014-10-16 13:00:00,-0.0008580141266497231,154.2846221923828,270391000
2014-10-17 13:00:00,0.011810767805236115,156.10684204101562,214625000
2014-10-20 13:00:00,0.009709970600016538,157.6226348876953,130011000
2014-10-21 13:00:00,0.01981073106112639,160.74525451660156,154949000
2014-10-22 13:00:00,-0.007111042933662129,159.60218811035156,151822000
2014-10-23 13:00:00,0.011625011030442684,161.4575653076172,154944000
2014-10-24 13:00:00,0.007695286100938799,162.7000274658203,117927000
2014-10-27 13:00:00,-0.0013746037709553923,162.47637939453125,82954000
2014-10-28 13:00:00,0.011470267049785257,164.34002685546875,106736000
2014-10-29 13:00:00,-0.001512137021192202,164.09152221679688,142557000
2014-10-30 13:00:00,0.006410789311637767,165.1434783935547,113330000
2014-10-31 13:00:00,0.011434980623852715,167.03189086914062,146903000
2014-11-03 14:00:00,0.0005455574250347277,167.12301635742188,93600000
2014-11-04 14:00:00,-0.003468956247179887,166.54327392578125,93343000
2014-11-05 14:00:00,0.006316321837395483,167.59521484375,91709000
2014-11-06 14:00:00,0.004002906172156103,168.26608276367188,107089000
2014-11-07 14:00:00,0.0009352993057529159,168.4234619140625,89540000
2014-11-10 14:00:00,0.0031474569207631956,168.9535675048828,66319000
2014-11-11 14:00:00,0.0009805337365650757,169.11923217773438,54499400
2014-11-12 14:00:00,-0.0010774673976338303,168.93701171875,90120300
2014-11-13 14:00:00,0.0011276746256318952,169.1275177001953,85357900
2014-11-14 14:00:00,0.0002445880937114335,169.16888427734375,80417500
2014-11-17 14:00:00,0.0006368920031042735,169.27662658691406,80441000
2014-11-18 14:00:00,0.005773630523883212,170.25396728515625,76068100
2014-11-19 14:00:00,-0.0016056980592168825,169.9805908203125,82373000
2014-11-20 14:00:00,0.0017544225019946412,170.27880859375,72840300
2014-11-21 14:00:00,0.005350649927881376,171.18991088867188,142327300
2014-11-24 14:00:00,0.0028061069415359625,171.6702880859375,65880800
2014-11-25 14:00:00,-0.0007238735340316556,171.5460205078125,79108300
2014-11-26 14:00:00,0.002559408811610291,171.98507690429688,62167800
2014-11-28 14:00:00,-0.002119026397688838,171.62063598632812,57890100
2014-12-01 14:00:00,-0.006950182843394832,170.42784118652344,103968400
2014-12-02 14:00:00,0.006463960267733676,171.52947998046875,74507200
2014-12-03 14:00:00,0.003863501876464014,172.1921844482422,68952000
2014-12-04 14:00:00,-0.001106268111219113,172.00169372558594,91316600
2014-12-05 14:00:00,0.0016371100031643932,172.2832794189453,91025500
2014-12-08 14:00:00,-0.006682811435938263,171.13194274902344,108588200
2014-12-09 14:00:00,-0.000677734698741532,171.01596069335938,125180100
2014-12-10 14:00:00,-0.016031029376048722,168.27439880371094,159856400
2014-12-11 14:00:00,0.005069808019219388,169.1275177001953,159012800
2014-12-12 14:00:00,-0.016161489852751832,166.3941650390625,202330200
2014-12-15 14:00:00,-0.006869630350208825,165.2510986328125,189965800
2014-12-16 14:00:00,-0.008019467592301903,163.92587280273438,259543800
2014-12-17 14:00:00,0.019604775033077212,167.1396026611328,253910100
2014-12-18 14:00:00,0.024728901140906222,171.2727813720703,257633900
2014-12-19 14:00:00,0.00425514362156537,172.00157165527344,245084600
2014-12-22 14:00:00,0.004599595734497722,172.79270935058594,148318900
2014-12-23 14:00:00,0.0013496827088813697,173.0259246826172,122167900
2014-12-24 14:00:00,9.63011623074076e-05,173.04258728027344,42963400
2014-12-26 14:00:00,0.003224720138469853,173.60060119628906,57326700
2014-12-29 14:00:00,0.001343313742205937,173.83380126953125,79643900
2014-12-30 14:00:00,-0.005366134462603573,172.90098571777344,73540800
2014-12-31 14:00:00,-0.009922833681294693,171.18531799316406,130333800
2015-01-02 14:00:00,-0.0005353513267594282,171.0936737060547,121465900
2015-01-05 14:00:00,-0.018059814702756985,168.00375366210938,169632600
2015-01-06 14:00:00,-0.009418912882798587,166.4213409423828,209151400
2015-01-07 14:00:00,0.012461366243836638,168.49517822265625,125346700
2015-01-08 14:00:00,0.017745256961738738,171.48516845703125,147217800
2015-01-09 14:00:00,-0.008013915083678784,170.11090087890625,158567300
2015-01-12 14:00:00,-0.007833329805170038,168.7783660888672,144396100
2015-01-13 14:00:00,-0.0028126601621056356,168.30364990234375,214553300
2015-01-14 14:00:00,-0.006037471799504404,167.2875213623047,192991100
2015-01-15 14:00:00,-0.009160334587359435,165.75511169433594,176613900
2015-01-16 14:00:00,0.013114237074409134,167.92886352539062,211879600
2015-01-20 14:00:00,0.002132501304361337,168.28697204589844,130991100
2015-01-21 14:00:00,0.005047940153352274,169.136474609375,122942700
2015-01-22 14:00:00,0.014871088782490332,171.65171813964844,174356000
2015-01-23 14:00:00,-0.005482797387621899,170.71058654785156,117516800
2015-01-26 14:00:00,0.0023418598783001565,171.11036682128906,92009700
2015-01-27 14:00:00,-0.013190695930733753,168.85330200195312,134044600
2015-01-28 14:00:00,-0.01282427116646801,166.68788146972656,168514300
2015-01-29 14:00:00,0.009243726941373522,168.22869873046875,173585400
2015-01-30 14:00:00,-0.012575197033370232,166.11318969726562,197729700
2015-02-02 14:00:00,0.012384174227021363,168.1703643798828,163107000
2015-02-03 14:00:00,0.014461112402055927,170.602294921875,124212900
2015-02-04 14:00:00,-0.0038079378981005657,169.95265197753906,134306700
2015-02-05 14:00:00,0.010094884933287496,171.66830444335938,97953200
2015-02-06 14:00:00,-0.0027649550853681105,171.1936492919922,125672000
2015-02-09 14:00:00,-0.0044758398149197095,170.4274139404297,87219000
2015-02-10 14:00:00,0.010653290752879522,172.24302673339844,96164200
2015-02-11 14:00:00,0.0005803446969331206,172.34298706054688,91087800
2015-02-12 14:00:00,0.009616748430897052,174.0003662109375,97545900
2015-02-13 14:00:00,0.004116356615741004,174.71661376953125,93670400
2015-02-17 14:00:00,0.0015729817781794388,174.99143981933594,76968200
2015-02-18 14:00:00,9.513230409655746e-05,175.00808715820312,80652900
2015-02-19 14:00:00,-0.0007136423836440315,174.88319396972656,91462500
2015-02-20 14:00:00,0.006000709353210347,175.9326171875,140896400
2015-02-23 14:00:00,-0.00014215189697760263,175.90760803222656,74411100
2015-02-24 14:00:00,0.002840666357803041,176.4073028564453,72472300
2015-02-25 14:00:00,-0.000849924344969639,176.2573699951172,73061700
2015-02-26 14:00:00,-0.0011810891038794833,176.0491943359375,72697900
2015-02-27 14:00:00,-0.0034062661429279674,175.44952392578125,108076000
2015-03-02 14:00:00,0.006313390025969146,176.5572052001953,87491400
2015-03-03 14:00:00,-0.004104105375809372,175.8325958251953,110325800
2015-03-04 14:00:00,-0.004215261774663911,175.09141540527344,114497200
2015-03-05 14:00:00,0.00109405042758513,175.28297424316406,76873000
2015-03-06 14:00:00,-0.014064520565892294,172.8177032470703,188128000
2015-03-09 13:00:00,0.004144526545233393,173.53395080566406,89818900
2015-03-10 13:00:00,-0.016221799514821476,170.7189178466797,157121300
2015-03-11 13:00:00,-0.0023416562129772926,170.31915283203125,110145700
2015-03-12 13:00:00,0.012713899148864956,172.4845733642578,93993500
2015-03-13 13:00:00,-0.0061323702008917414,171.4268341064453,162410900
2015-03-16 13:00:00,0.013360476790110293,173.71717834472656,136099200
2015-03-17 13:00:00,-0.0029723149316949046,173.20083618164062,94510400
2015-03-18 13:00:00,0.012021524303380616,175.28297424316406,228808500
2015-03-19 13:00:00,-0.0045613673133348045,174.4834442138672,117917300
2015-03-20 13:00:00,0.008826713407591658,176.0235595703125,177715100
2015-03-23 13:00:00,-0.0019485292842852042,175.68057250976562,71784500
2015-03-24 13:00:00,-0.005619103719300343,174.6934051513672,77805300
2015-03-25 13:00:00,-0.014654056567261264,172.13343811035156,159521700
2015-03-26 13:00:00,-0.0023810078896815043,171.7235870361328,153067200
2015-03-27 13:00:00,0.002289570259737871,172.11676025390625,118939000
2015-03-30 13:00:00,0.012199991418321034,174.21658325195312,96180400
2015-03-31 13:00:00,-0.008739686189342672,172.69398498535156,126768700
2015-04-01 13:00:00,-0.0035362392958340465,172.0832977294922,137303600
2015-04-02 13:00:00,0.0035976463538373374,172.702392578125,86900900
2015-04-06 13:00:00,0.006733035147563788,173.86520385742188,114368200
2015-04-07 13:00:00,-0.0026463807316381774,173.40509033203125,81236300
2015-04-08 13:00:00,0.003377073911263683,173.99069213867188,89351900
2015-04-09 13:00:00,0.0044232684776719525,174.7602996826172,85548900
2015-04-10 13:00:00,0.005457304058790767,175.71401977539062,72722900
2015-04-13 13:00:00,-0.004522997250510916,174.9192657470703,74436600
2015-04-14 13:00:00,0.0019131140386420946,175.25390625,75099900
2015-04-15 13:00:00,0.004486985261339574,176.04026794433594,99529300
2015-04-16 13:00:00,-0.0002848233614097283,175.99012756347656,68934900
2015-04-17 13:00:00,-0.01150377819273608,173.965576171875,191113200
2015-04-20 13:00:00,0.009136999114464264,175.5550994873047,92189500
2015-04-21 13:00:00,-0.0011916372617931455,175.3459014892578,72559800
2015-04-22 13:00:00,0.004914341238704991,176.20761108398438,78264600
2015-04-23 13:00:00,0.0025162059179029478,176.65098571777344,102585900
2015-04-24 13:00:00,0.002320635943736369,177.06092834472656,61327400
2015-04-27 13:00:00,-0.004157924967241518,176.32472229003906,79358100
2015-04-28 13:00:00,0.003178886943033851,176.88523864746094,86863500
2015-04-29 13:00:00,-0.00411469597495797,176.15740966796875,125684900
2015-04-30 13:00:00,-0.010020483943561052,174.39222717285156,161304900
2015-05-01 13:00:00,0.010841660345740722,176.28292846679688,103399700
2015-05-04 13:00:00,0.002847429012926476,176.78488159179688,70927200
2015-05-05 13:00:00,-0.011452234438545063,174.7602996826172,113326200
2015-05-06 13:00:00,-0.004116617950560246,174.04087829589844,135060200
2015-05-07 13:00:00,0.003989499158465021,174.73521423339844,88244900
2015-05-08 13:00:00,0.013166109051546063,177.03579711914062,155877300
2015-05-11 13:00:00,-0.004772363353282967,176.19091796875,75708100
2015-05-12 13:00:00,-0.0029915523266609207,175.66383361816406,119727600
2015-05-13 13:00:00,0.0001903180987647565,175.697265625,94667900
2015-05-14 13:00:00,0.01042798573207199,177.52943420410156,95934000
2015-05-15 13:00:00,0.0010834952287446145,177.72178649902344,76510100
2015-05-18 13:00:00,0.003106676082397663,178.27391052246094,74549700
2015-05-19 13:00:00,-0.0003283302344813679,178.2153778076172,72114600
2015-05-20 13:00:00,-0.0007039671055059355,178.0899200439453,76857500
2015-05-21 13:00:00,0.0029123574141391778,178.60858154296875,64764600
2015-05-22 13:00:00,-0.0023886631790133897,178.18194580078125,57433500
2015-05-26 13:00:00,-0.010751856674110149,176.2661590576172,124308600
2015-05-27 13:00:00,0.009492304172370333,177.9393310546875,93214000
2015-05-28 13:00:00,-0.0011284205919135832,177.73854064941406,74974600
2015-05-29 13:00:00,-0.006213024025106554,176.63424682617188,124919600
2015-06-01 13:00:00,0.0020365583606357413,176.9939727783203,93338800
2015-06-02 13:00:00,-0.0009926309608614251,176.8182830810547,91531000
2015-06-03 13:00:00,0.00264955971985758,177.28677368164062,87820900
2015-06-04 13:00:00,-0.008446666768801169,175.78929138183594,151882800
2015-06-05 13:00:00,-0.0017131160753323176,175.48814392089844,121704700
2015-06-08 13:00:00,-0.006149142263345191,174.40904235839844,89063300
2015-06-09 13:00:00,-0.00014426857016023784,174.38388061523438,105034700
2015-06-10 13:00:00,0.011993169310688737,176.4752960205078,134551300
2015-06-11 13:00:00,0.0032233840604176996,177.0441436767578,73876400
2015-06-12 13:00:00,-0.007654727127542444,175.6889190673828,135382400
2015-06-15 13:00:00,-0.004285584381171047,174.9359893798828,124384200
2015-06-16 13:00:00,0.005451823242056748,175.88970947265625,85308200
2015-06-17 13:00:00,0.0016167975523435714,176.17408752441406,126708600
2015-06-18 13:00:00,0.010399848602233983,178.0062713623047,165867900
2015-06-19 13:00:00,-0.004439465416015798,177.2160186767578,130478700
2015-06-22 13:00:00,0.00512337277614857,178.12396240234375,70696000
2015-06-23 13:00:00,0.0007074979534899978,178.24998474121094,68476800
2015-06-24 13:00:00,-0.007262413785694334,176.95545959472656,92307300
2015-06-25 13:00:00,-0.0030403675862099295,176.41744995117188,97107400
2015-06-26 13:00:00,-0.00019071599715405027,176.38380432128906,104174800
2015-06-29 13:00:00,-0.020970390646160915,172.68496704101562,202621300
2015-06-30 13:00:00,0.0020933841426615096,173.0464630126953,182925100
2015-07-01 13:00:00,0.008015414822252416,174.43350219726562,135979900
2015-07-02 13:00:00,-0.0009156139337073468,174.27378845214844,104373700
2015-07-06 13:00:00,-0.0028462841099018694,173.7777557373047,117975400
2015-07-07 13:00:00,0.006288953637285523,174.87063598632812,173820200
2015-07-08 13:00:00,-0.016777015514921834,171.93682861328125,164020100
2015-07-09 13:00:00,0.001808919589650456,172.2478485107422,144113100
2015-07-10 13:00:00,0.012591648000807906,174.41673278808594,129456900
2015-07-13 13:00:00,0.011036890095205185,176.3417510986328,106069400
2015-07-14 13:00:00,0.004338163735374002,177.10675048828125,81709600
2015-07-15 13:00:00,-0.0003320447858974531,177.04794311523438,97914100
2015-07-16 13:00:00,0.008024035823795439,178.4685821533203,106683300
2015-07-17 13:00:00,0.0008478882350441603,178.61990356445312,89030000
2015-07-20 13:00:00,0.0005175963097322287,178.7123565673828,70446800
2015-07-21 13:00:00,-0.003950959064276556,178.0062713623047,77965000
2015-07-22 13:00:00,-0.0017946446794691398,177.6868133544922,88667900
2015-07-23 13:00:00,-0.005629940635728157,176.6864471435547,90509100
2015-07-24 13:00:00,-0.01037219533473589,174.85382080078125,117755000
2015-07-27 13:00:00,-0.005817149858367323,173.836669921875,132361100
2015-07-28 13:00:00,0.012282840731143834,175.9718780517578,123544800
2015-07-29 13:00:00,0.006879085033912442,177.18240356445312,105791300
2015-07-30 13:00:00,0.00023708588123866133,177.2244110107422,91304400
2015-07-31 13:00:00,-0.0015175754540909317,176.95545959472656,103266900
2015-08-03 13:00:00,-0.003373127406828328,176.3585662841797,113965700
2015-08-04 13:00:00,-0.0019540856916541896,176.01394653320312,81820800
2015-08-05 13:00:00,0.0032952905225287705,176.59396362304688,85786800
2015-08-06 13:00:00,-0.008187838484949188,175.14804077148438,116030800
2015-08-07 13:00:00,-0.0019199369395065662,174.811767578125,117858000
2015-08-10 13:00:00,0.012599262739358323,177.01426696777344,80270700
2015-08-11 13:00:00,-0.009023165371167713,175.4170379638672,126081400
2015-08-12 13:00:00,0.0011983161987280764,175.6272430419922,172123700
2015-08-13 13:00:00,-0.0012444931136281119,175.40867614746094,89383300
2015-08-14 13:00:00,0.00364235550297884,176.04757690429688,72786500
2015-08-17 13:00:00,0.005586327798143334,177.03103637695312,79072600
2015-08-18 13:00:00,-0.0028963344471158448,176.51829528808594,71692700
2015-08-19 13:00:00,-0.007905567480381522,175.12281799316406,172946000
2015-08-20 13:00:00,-0.020881254079408034,171.46603393554688,194327900
2015-08-21 13:00:00,-0.030102433008655716,166.3044891357422,346588500
2015-08-24 13:00:00,-0.04210697361053116,159.30191040039062,507244300
2015-08-25 13:00:00,-0.011767517464063732,157.4273223876953,369833100
2015-08-26 13:00:00,0.03839361948257645,163.47152709960938,339257000
2015-08-27 13:00:00,0.024735304906905176,167.51504516601562,274143900
2015-08-28 13:00:00,5.009898648839443e-05,167.5234375,160414400
2015-08-31 13:00:00,-0.008079195425080446,166.16998291015625,163298800
2015-09-01 13:00:00,-0.02984789142741914,161.2101593017578,256000400
2015-09-02 13:00:00,0.018980945604803907,164.27008056640625,160269300
2015-09-03 13:00:00,0.0007168199759158892,164.38783264160156,152087800
2015-09-04 13:00:00,-0.01513711510127657,161.89947509765625,207081000
2015-09-08 13:00:00,0.025131373039112014,165.96823120117188,116025700
2015-09-09 13:00:00,-0.01337201594499312,163.7489013671875,149347700
2015-09-10 13:00:00,0.005442042863181185,164.64002990722656,158611100
2015-09-11 13:00:00,0.004544178514453724,165.38818359375,119691200
2015-09-14 13:00:00,-0.0037104387169154007,164.77452087402344,79452000
2015-09-15 13:00:00,0.012499232543880663,166.83407592773438,113806200
2015-09-16 13:00:00,0.008667014583800927,168.280029296875,99581600
2015-09-17 13:00:00,-0.0022481955678067536,167.90170288085938,276046600
2015-09-18 13:00:00,-0.016341642912332557,165.1579132080078,223657500
2015-09-21 13:00:00,0.0051678760552335236,166.0114288330078,105726200
2015-09-22 13:00:00,-0.012979831751262095,163.85662841796875,153890900
2015-09-23 13:00:00,-0.0015989185834754697,163.59463500976562,92790600
2015-09-24 13:00:00,-0.0036154069576017473,163.003173828125,159378800
2015-09-25 13:00:00,-0.0002594879736872455,162.96087646484375,155054800
2015-09-28 13:00:00,-0.025097277066133423,158.87100219726562,178515900
2015-09-29 13:00:00,0.0005854912277163249,158.96401977539062,159045600
2015-09-30 13:00:00,0.018658331754315135,161.93002319335938,163452000
2015-10-01 13:00:00,0.0026088728060016703,162.35247802734375,131079000
2015-10-02 13:00:00,0.014937783436961815,164.7776641845703,211003300
2015-10-05 13:00:00,0.017794919079025775,167.70986938476562,126320800
2015-10-06 13:00:00,-0.0034262472484390457,167.13525390625,110274500
2015-10-07 13:00:00,0.008190716725144832,168.50421142578125,124307300
2015-10-08 13:00:00,0.00902618578202554,170.02516174316406,153055200
2015-10-09 13:00:00,0.0005969790812319631,170.1266632080078,107069200
2015-10-12 13:00:00,0.0009433673730680723,170.2871551513672,56395600
2015-10-13 13:00:00,-0.006302095378836748,169.2139892578125,88038700
2015-10-14 13:00:00,-0.004793947630971266,168.4027862548828,99106200
2015-10-15 13:00:00,0.015354763241242991,170.9885711669922,134142200
2015-10-16 13:00:00,0.004546173727838362,171.7659149169922,114580100
2015-10-19 13:00:00,0.0004918782348633734,171.85040283203125,76523900
2015-10-20 13:00:00,-0.0012781481156571768,171.63075256347656,78448500
2015-10-21 13:00:00,-0.006203595610345775,170.56602478027344,102038000
2015-10-22 13:00:00,0.016893484335379128,173.44747924804688,174911700
2015-10-23 13:00:00,0.010961855200124852,175.34878540039062,144442300
2015-10-26 13:00:00,-0.002457608815020426,174.9178466796875,69033000
2015-10-27 13:00:00,-0.0019324955144260664,174.57981872558594,77905800
2015-10-28 13:00:00,0.011374618344146097,176.5655975341797,135906700
2015-10-29 13:00:00,-0.0005740876884160028,176.4642333984375,90525500
2015-10-30 13:00:00,-0.0043095576561900115,175.70375061035156,131076900
2015-11-02 14:00:00,0.01183064998882754,177.78244018554688,86270800
2015-11-03 14:00:00,0.0028992846199731356,178.29788208007812,95246100
2015-11-04 14:00:00,-0.003032966393465772,177.75711059570312,96224500
2015-11-05 14:00:00,-0.0009984986467218738,177.57962036132812,78408700
2015-11-06 14:00:00,-0.0005232062463728291,177.48670959472656,110471500
2015-11-09 14:00:00,-0.009331684630257015,175.83045959472656,131008700
2015-11-10 14:00:00,0.002306732707206533,176.23605346679688,75874600
2015-11-11 14:00:00,-0.003931581188463252,175.5431671142578,67846000
2015-11-12 14:00:00,-0.013959792938300025,173.09262084960938,121315200
2015-11-13 14:00:00,-0.011228338163285348,171.14907836914062,153577100
2015-11-16 14:00:00,0.015206893889372604,173.75172424316406,117645200
2015-11-17 14:00:00,-0.0007293409243335796,173.625,121123700
2015-11-18 14:00:00,0.015865713164821816,176.3796844482422,121342500
2015-11-19 14:00:00,-0.0008622554862919372,176.22760009765625,88220500
2015-11-20 14:00:00,0.0036440455191383823,176.86978149414062,94011500
2015-11-23 14:00:00,-0.0011465458086029412,176.6669921875,64931200
2015-11-24 14:00:00,0.0013395176803550997,176.9036407470703,98874400
2015-11-25 14:00:00,-0.00014335548615493934,176.87828063964844,51980100
2015-11-27 14:00:00,0.0011464907161426153,177.08106994628906,37317800
2015-11-30 14:00:00,-0.0041515925855555086,176.3459014892578,112822700
2015-12-01 14:00:00,0.009535948111123946,178.02752685546875,97858400
2015-12-02 14:00:00,-0.01020535154413925,176.210693359375,108441300
2015-12-03 14:00:00,-0.014002509840542342,173.74330139160156,166224200
2015-12-04 14:00:00,0.0195027577098059,177.13177490234375,192913900
2015-12-07 14:00:00,-0.00605857359102479,176.05860900878906,102027100
2015-12-08 14:00:00,-0.006719432367868859,174.87559509277344,103372400
2015-12-09 14:00:00,-0.007779840003797342,173.5150909423828,162401500
2015-12-10 14:00:00,0.002581193221465798,173.9629669189453,116128900
2015-12-11 14:00:00,-0.019380945451636575,170.59140014648438,211173300
2015-12-14 14:00:00,0.005052559607537757,171.4533233642578,182385200
2015-12-15 14:00:00,0.01049770099137933,173.25318908691406,154069600
2015-12-16 14:00:00,0.014632050652786723,175.78823852539062,197017000
2015-12-17 14:00:00,-0.015238022655002084,173.1095733642578,173092500
2015-12-18 14:00:00,-0.01781556819891636,170.02552795410156,251393500
2015-12-21 14:00:00,0.008249278255460728,171.42811584472656,99094300
2015-12-22 14:00:00,0.009074375108647635,172.9837188720703,111026200
2015-12-23 14:00:00,0.012383099397609225,175.12579345703125,110987200
2015-12-24 14:00:00,-0.0016502507091547265,174.8367919921875,48539600
2015-12-28 14:00:00,-0.002285194828044849,174.437255859375,65899900
2015-12-29 14:00:00,0.010672135564279666,176.2988739013672,92640700
2015-12-30 14:00:00,-0.0070878956004813256,175.04928588867188,63317700
2015-12-31 14:00:00,-0.010003373422140633,173.29820251464844,114877900
2016-01-04 14:00:00,-0.013979414597045364,170.87559509277344,222353500
2016-01-05 14:00:00,0.0016912974886018248,171.1645965576172,110845800
2016-01-06 14:00:00,-0.01261374807075017,169.0055694580078,152112600
2016-01-07 14:00:00,-0.023991804223728368,164.95082092285156,213436100
2016-01-08 14:00:00,-0.010976745425184342,163.14019775390625,209817200
2016-01-11 14:00:00,0.0009900336302779502,163.3017120361328,187941300
2016-01-12 14:00:00,0.008068572447326195,164.61932373046875,172330500
2016-01-13 14:00:00,-0.024941205870106776,160.51351928710938,221168900
2016-01-14 14:00:00,0.016417169245359103,163.14869689941406,240795600
2016-01-15 14:00:00,-0.02146619662549395,159.64651489257812,324846400
2016-01-19 14:00:00,0.0013314097823159342,159.85906982421875,195244400
2016-01-20 14:00:00,-0.012815319279562573,157.8104248046875,286547800
2016-01-21 14:00:00,0.005602061598891693,158.69448852539062,195772900
2016-01-22 14:00:00,0.020515274607166283,161.9501495361328,168319600
2016-01-25 14:00:00,-0.015116409990422634,159.50204467773438,130371700
2016-01-26 14:00:00,0.013643191519933845,161.67816162109375,141036800
2016-01-27 14:00:00,-0.010883430510752435,159.91854858398438,185681700
2016-01-28 14:00:00,0.00520914138762733,160.7515869140625,143798800
2016-01-29 14:00:00,0.02437727669326748,164.67027282714844,210529300
2016-02-01 14:00:00,-0.0003611991329367556,164.6107940673828,136061600
2016-02-02 14:00:00,-0.018022080782296293,161.6441650390625,182564900
2016-02-03 14:00:00,0.005994990141135442,162.61322021484375,205054900
2016-02-04 14:00:00,0.0015682620469887455,162.8682403564453,139531800
2016-02-05 14:00:00,-0.0190502235722029,159.76556396484375,180788300
2016-02-08 14:00:00,-0.01346109545426935,157.6149444580078,191526700
2016-02-09 14:00:00,5.382666439355501e-05,157.62342834472656,184513100
2016-02-10 14:00:00,-0.0008626323558866212,157.48745727539062,148214100
2016-02-11 14:00:00,-0.013008112121404137,155.4388427734375,219058900
2016-02-12 14:00:00,0.02061689395337514,158.6435089111328,127632400
2016-02-16 14:00:00,0.01687817120956027,161.3211212158203,120250700
2016-02-17 14:00:00,0.01633488741991958,163.95628356933594,136009500
2016-02-18 14:00:00,-0.004095843672600909,163.2847442626953,102343000
2016-02-19 14:00:00,-0.00046873996883851075,163.2082061767578,114793000
2016-02-22 14:00:00,0.014479226979249183,165.5713348388672,103640300
2016-02-23 14:00:00,-0.012629571252404067,163.48023986816406,111455300
2016-02-24 14:00:00,0.00457557658359873,164.22825622558594,150812200
2016-02-25 14:00:00,0.012111833068952006,166.2173614501953,110728300
2016-02-26 14:00:00,-0.0023014313213695014,165.83482360839844,129833700
2016-02-29 14:00:00,-0.007842364354341415,164.53428649902344,125918100
2016-03-01 14:00:00,0.02350699286529,168.40199279785156,141799700
2016-03-02 14:00:00,0.004492047356414365,169.15846252441406,102415000
2016-03-03 14:00:00,0.003919819728884322,169.821533203125,95172200
2016-03-04 14:00:00,0.0032535376493877852,170.37405395507812,129293600
2016-03-07 14:00:00,0.0007986111670864369,170.51011657714844,100219000
2016-03-08 14:00:00,-0.010918022567528664,168.6484832763672,123974900
2016-03-09 14:00:00,0.0049396758955198294,169.48155212402344,94801200
2016-03-10 14:00:00,0.0008025466134720693,169.61756896972656,156838700
2016-03-11 14:00:00,0.016136926969697978,172.35467529296875,137964500
2016-03-14 13:00:00,-0.00128228781961139,172.1336669921875,73612000
2016-03-15 13:00:00,-0.0016295610512304282,171.85316467285156,93169100
2016-03-16 13:00:00,0.005787045566602078,172.84768676757812,129303200
2016-03-17 13:00:00,0.006344245360021314,173.94427490234375,134278500
2016-03-18 13:00:00,0.003929519706460185,174.62779235839844,138372400
2016-03-21 13:00:00,0.0014192959058516531,174.87564086914062,72926700
2016-03-22 13:00:00,-0.0005376658391976022,174.7816162109375,97471900
2016-03-23 13:00:00,-0.006599596594801967,173.6281280517578,81052500
2016-03-24 13:00:00,-0.00044283745352030287,173.55123901367188,84360900
2016-03-28 13:00:00,0.0005906529132517439,173.65374755859375,62408200
2016-03-29 13:00:00,0.009249886561062133,175.26002502441406,92922900
2016-03-30 13:00:00,0.004387750100319167,176.02902221679688,86365300
2016-03-31 13:00:00,-0.0024265276080469213,175.6018829345703,94584100
2016-04-01 13:00:00,0.006811811879222245,176.7980499267578,114423500
2016-04-04 13:00:00,-0.0032382131243086326,176.2255401611328,63497000
2016-04-05 13:00:00,-0.00998777655469245,174.46543884277344,99662200
2016-04-06 13:00:00,0.010921247564341655,176.37081909179688,91839800
2016-04-07 13:00:00,-0.011966029215552905,174.26036071777344,113859000
2016-04-08 13:00:00,0.0026968579796357844,174.73031616210938,95040600
2016-04-11 13:00:00,-0.0023472800840720815,174.32017517089844,83757500
2016-04-12 13:00:00,0.00931308645550118,175.94363403320312,115350600
2016-04-13 13:00:00,0.010101345614580697,177.7209014892578,96336400
2016-04-14 13:00:00,4.7393702664788203e-05,177.7293243408203,65212900
2016-04-15 13:00:00,-0.001105714800102922,177.53280639648438,75761600
2016-04-18 13:00:00,0.007026856522550042,178.78030395507812,82531000
2016-04-19 13:00:00,0.0031544279346489997,179.34425354003906,88316100
2016-04-20 13:00:00,0.0009527370771527302,179.51512145996094,81100300
2016-04-21 13:00:00,-0.0053784613177230226,178.5496063232422,85695000
2016-04-22 13:00:00,0.0,178.5496063232422,99251700
2016-04-25 13:00:00,-0.001722695872905074,178.2420196533203,66166500
2016-04-26 13:00:00,0.0014861399048339697,178.5069122314453,75864200
2016-04-27 13:00:00,0.00205836085578917,178.8743438720703,77329400
2016-04-28 13:00:00,-0.00907605912592388,177.25086975097656,97216200
2016-04-29 13:00:00,-0.005398614861703537,176.29396057128906,142424100
2016-05-02 13:00:00,0.00794799820419625,177.6951446533203,62188000
2016-05-03 13:00:00,-0.008702642040924384,176.1487274169922,106422100
2016-05-04 13:00:00,-0.005578355595676157,175.16610717773438,92243800
2016-05-05 13:00:00,-0.0001953886195145059,175.1318817138672,67619200
2016-05-06 13:00:00,0.0036590902694964376,175.772705078125,89315000
2016-05-09 13:00:00,0.0008265158722993479,175.91798400878906,74374900
2016-05-10 13:00:00,0.012433817756864647,178.10531616210938,77472200
2016-05-11 13:00:00,-0.009354874913363335,176.4391632080078,81727000
2016-05-12 13:00:00,0.0002904926067945174,176.49041748046875,89586300
2016-05-13 13:00:00,-0.008713890038763751,174.95249938964844,96474600
2016-05-16 13:00:00,0.00986491258657244,176.6783905029297,77486800
2016-05-17 13:00:00,-0.009333354636643969,175.02938842773438,114924900
2016-05-18 13:00:00,0.0002928323804439231,175.0806427001953,120062100
2016-05-19 13:00:00,-0.003464851445670831,174.47401428222656,115430500
2016-05-20 13:00:00,0.006317117515159831,175.57618713378906,104990400
2016-05-23 13:00:00,-0.0013626139034938415,175.33694458007812,58682600
2016-05-24 13:00:00,0.012962364420764219,177.60972595214844,93537800
2016-05-25 13:00:00,0.0067831740856031325,178.81448364257812,76621400
2016-05-26 13:00:00,0.0002864631199852954,178.86570739746094,55280700
2016-05-27 13:00:00,0.0042996404326410284,179.634765625,64211200
2016-05-31 13:00:00,-0.0019027323236167136,179.29296875,109879400
2016-06-01 13:00:00,0.002049336586853744,179.660400390625,69936200
2016-06-02 13:00:00,0.003043767470365775,180.20724487304688,63044700
2016-06-03 13:00:00,-0.002987367890193972,179.6688995361328,101757100
2016-06-06 13:00:00,0.005088757064781077,180.58319091796875,64887000
2016-06-07 13:00:00,0.0015610028137595375,180.86508178710938,60974800
2016-06-08 13:00:00,0.0032598019737160697,181.4546661376953,66170900
2016-06-09 13:00:00,-0.0013656454234522524,181.2068634033203,73786900
2016-06-10 13:00:00,-0.009477353219082565,179.489501953125,113829200
2016-06-13 13:00:00,-0.007711792477852634,178.10531616210938,117751200
2016-06-14 13:00:00,-0.0019671341833792967,177.7549591064453,125059300
2016-06-15 13:00:00,-0.0013936401081296474,177.50723266601562,109124500
2016-06-16 13:00:00,0.0029843256070558578,178.03697204589844,149533100
2016-06-17 13:00:00,-0.003724085479126326,177.3739471435547,117055700
2016-06-20 13:00:00,0.006439741856317658,178.5161895751953,82789600
2016-06-21 13:00:00,0.0028387321327023292,179.02294921875,72461700
2016-06-22 13:00:00,-0.0016312878608113158,178.7309112548828,95560500
2016-06-23 13:00:00,0.013022707759182312,181.0584716796875,102731400
2016-06-24 13:00:00,-0.03590927508931515,174.55679321289062,333444400
2016-06-27 13:00:00,-0.01790956343991313,171.43055725097656,230775800
2016-06-28 13:00:00,0.018035539876596736,174.52239990234375,159382400
2016-06-29 13:00:00,0.017028021857923497,177.49417114257812,137328600
2016-06-30 13:00:00,0.013645587984723172,179.9161834716797,165021900
2016-07-01 13:00:00,0.002100417886984355,180.29408264160156,106055300
2016-07-05 13:00:00,-0.007193362962140458,178.99716186523438,109803700
2016-07-06 13:00:00,0.0059979926275863845,180.07078552246094,96021500
2016-07-07 13:00:00,-0.000620025948386759,179.95913696289062,85593800
2016-07-08 13:00:00,0.014890278809157555,182.63877868652344,133971000
2016-07-11 13:00:00,0.00352698941426962,183.28294372558594,73633900
2016-07-12 13:00:00,0.007263626396781586,184.61424255371094,101275600
2016-07-13 13:00:00,-0.00013968236230811135,184.5884552001953,87324100
2016-07-14 13:00:00,0.005583115217923767,185.61903381347656,91230900
2016-07-15 13:00:00,-0.0013416657288460763,185.3699951171875,107155400
2016-07-18 13:00:00,0.002687265689463179,185.86813354492188,58725900
2016-07-19 13:00:00,-0.0010164145073160336,185.67921447753906,54345700
2016-07-20 13:00:00,0.00416282038312641,186.45216369628906,58159500
2016-07-21 13:00:00,-0.00377704864154161,185.7479248046875,67777300
2016-07-22 13:00:00,0.00448494295983234,186.58099365234375,62787500
2016-07-25 13:00:00,-0.002715866798955689,186.0742645263672,55873100
2016-07-26 13:00:00,0.00046168116069431926,186.16017150878906,70080500
2016-07-27 13:00:00,-0.001061212720159427,185.96261596679688,84083900
2016-07-28 13:00:00,0.0011546497051097516,186.17733764648438,65035700
2016-07-29 13:00:00,0.0016147435875370185,186.47796630859375,79519400
2016-08-01 13:00:00,-0.000829308846561089,186.3233184814453,73311400
2016-08-02 13:00:00,-0.00640698851885019,185.12954711914062,92295500
2016-08-03 13:00:00,0.0029226920746910196,185.67062377929688,53993600
2016-08-04 13:00:00,0.0010637642164641838,185.86813354492188,46585500
2016-08-05 13:00:00,0.008179013080477273,187.3883514404297,71892200
2016-08-08 13:00:00,-0.0005955694809482502,187.27674865722656,39906500
2016-08-09 13:00:00,0.0005959243953310619,187.3883514404297,51251700
2016-08-10 13:00:00,-0.002474943779592715,186.92457580566406,57941100
2016-08-11 13:00:00,0.004640625213005179,187.79202270507812,72504300
2016-08-12 13:00:00,-0.0008690078879427533,187.6288299560547,61313500
2016-08-15 13:00:00,0.0028835981267103013,188.1698760986328,49813500
2016-08-16 13:00:00,-0.005157517887955799,187.1993865966797,53213600
2016-08-17 13:00:00,0.0018811083753338584,187.55152893066406,75134300
2016-08-18 13:00:00,0.0022440935625032085,187.972412109375,52989300
2016-08-19 13:00:00,-0.0014622987654802028,187.69754028320312,75443000
2016-08-22 13:00:00,-4.5850132176826074e-05,187.68893432617188,61368800
2016-08-23 13:00:00,0.002013514702226321,188.0668487548828,53399200
2016-08-24 13:00:00,-0.005114502064031842,187.10498046875,71728900
2016-08-25 13:00:00,-0.0006889514628475095,186.97607421875,69224800
2016-08-26 13:00:00,-0.0018832734437634327,186.6239471435547,122506300
2016-08-29 13:00:00,0.004924538781335679,187.54298400878906,70502200
2016-08-30 13:00:00,-0.001648710577986801,187.23377990722656,58114500
2016-08-31 13:00:00,-0.002844370583787055,186.7012176513672,85269500
2016-09-01 13:00:00,4.601308095498964e-05,186.70980834960938,97844200
2016-09-02 13:00:00,0.004508175486306467,187.55152893066406,79293900
2016-09-06 13:00:00,0.0030224441085811623,188.11839294433594,56702100
2016-09-07 13:00:00,-9.141400266228074e-05,188.1011962890625,76554900
2016-09-08 13:00:00,-0.0022826386748219414,187.6718292236328,74102900
2016-09-09 13:00:00,-0.023935259199719398,183.1798553466797,221589100
2016-09-12 13:00:00,0.014347421360072471,185.80801391601562,168110900
2016-09-13 13:00:00,-0.01437549159841979,183.13693237304688,182828800
2016-09-14 13:00:00,-0.0003753521686523532,183.0681915283203,134185500
2016-09-15 13:00:00,0.009993367816464635,184.8976593017578,134427900
2016-09-16 13:00:00,-0.003866076476632507,184.18283081054688,155236400
2016-09-19 13:00:00,0.00018772876854732893,184.2174072265625,80250500
2016-09-20 13:00:00,4.6799137769372527e-05,184.2260284423828,69665300
2016-09-21 13:00:00,0.011245513601470733,186.29774475097656,110284400
2016-09-22 13:00:00,0.006301554834551526,187.47171020507812,76678700
2016-09-23 13:00:00,-0.005479260949690814,186.4445037841797,73630900
2016-09-26 13:00:00,-0.008102168890679932,184.93389892578125,89827300
2016-09-27 13:00:00,0.006207926383113687,186.0819549560547,78494800
2016-09-28 13:00:00,0.004963482365451539,187.0055694580078,87411000
2016-09-29 13:00:00,-0.009047376476233675,185.31365966796875,128070600
2016-09-30 13:00:00,0.007546244803089673,186.7120819091797,117202900
2016-10-03 13:00:00,-0.002403982294412155,186.2632293701172,83512100
2016-10-04 13:00:00,-0.005097998705163543,185.31365966796875,119948100
2016-10-05 13:00:00,0.004425299035399428,186.13372802734375,72816000
2016-10-06 13:00:00,0.0006957435610724632,186.2632293701172,62927400
2016-10-07 13:00:00,-0.003429604470306949,185.62442016601562,89788300
2016-10-10 13:00:00,0.005208514007550463,186.59124755859375,51855000
2016-10-11 13:00:00,-0.012629489082993715,184.2346954345703,130367400
2016-10-12 13:00:00,0.0013118265231793428,184.47637939453125,73866100
2016-10-13 13:00:00,-0.0032753937933359604,183.8721466064453,101357000
2016-10-14 13:00:00,0.0005162550636937257,183.96707153320312,93346200
2016-10-17 13:00:00,-0.0034721617429186963,183.32830810546875,58275700
2016-10-18 13:00:00,0.006262378685140184,184.47637939453125,76869700
2016-10-19 13:00:00,0.0026670319319256723,184.9683837890625,66519200
2016-10-20 13:00:00,-0.0018665101259782968,184.62313842773438,73639800
2016-10-21 13:00:00,0.0004676240976664913,184.70947265625,89089100
2016-10-24 13:00:00,0.004252745945517269,185.4949951171875,60146600
2016-10-25 13:00:00,-0.0033506901600776533,184.8734588623047,66542300
2016-10-26 13:00:00,-0.0020078629123281067,184.50225830078125,75705500
2016-10-27 13:00:00,-0.0026667405475233096,184.01023864746094,77220200
2016-10-28 13:00:00,-0.0029550649519727314,183.4664764404297,140623200
2016-10-31 13:00:00,4.665800984542226e-05,183.47503662109375,61272500
2016-11-01 13:00:00,-0.007245210084313162,182.14572143554688,122781800
2016-11-02 13:00:00,-0.0060187137548125165,181.0494384765625,103330800
2016-11-03 13:00:00,-0.004577145238164267,180.2207489013672,88939300
2016-11-04 13:00:00,-0.001101689813695718,180.02220153808594,109122100
2016-11-07 14:00:00,0.02205708032804046,183.9929656982422,109794900
2016-11-08 14:00:00,0.004503919875689191,184.8216552734375,106772100
2016-11-09 14:00:00,0.010601882093102052,186.78111267089844,258429000
2016-11-10 14:00:00,0.0024958158669384006,187.24728393554688,172113300
2016-11-11 14:00:00,-0.002305108822617203,186.81565856933594,100552700
2016-11-14 14:00:00,0.00078558207768572,186.96241760253906,94580000
2016-11-15 14:00:00,0.007802644447144968,188.4212188720703,91652600
2016-11-16 14:00:00,-0.0018781421649637568,188.0673370361328,65617700
2016-11-17 14:00:00,0.005140451892755165,189.03408813476562,69797200
2016-11-18 14:00:00,-0.0022375521631366026,188.61111450195312,86265800
2016-11-21 14:00:00,0.007551765587034774,190.03546142578125,72402600
2016-11-22 14:00:00,0.0019529211274237274,190.40658569335938,67429000
2016-11-23 14:00:00,0.0005439762484006473,190.51016235351562,56620200
2016-11-25 14:00:00,0.0037155772472434326,191.218017578125,37872300
2016-11-28 14:00:00,-0.004694588045131117,190.32032775878906,76572500
2016-11-29 14:00:00,0.0019501583962520785,190.6914825439453,69886700
2016-11-30 14:00:00,-0.002399185670788964,190.23397827148438,113291800
2016-12-01 14:00:00,-0.0036755723470290862,189.53475952148438,79040500
2016-12-02 14:00:00,0.0005008312300997878,189.6296844482422,74840300
2016-12-05 14:00:00,0.006009299806052204,190.76922607421875,67837800
2016-12-06 14:00:00,0.0031669494423884593,191.37338256835938,59877400
2016-12-07 14:00:00,0.013081008967898346,193.87673950195312,110738100
2016-12-08 14:00:00,0.002448546368909073,194.35145568847656,99714400
2016-12-09 14:00:00,0.006040660854892476,195.5254669189453,88005800
2016-12-12 14:00:00,-0.00114796701752628,195.30101013183594,102016100
2016-12-13 14:00:00,0.006674220756892964,196.6044921875,110477500
2016-12-14 14:00:00,-0.008254536863646975,194.9816131591797,142501800
2016-12-15 14:00:00,0.004117444279625287,195.78443908691406,124972600
2016-12-16 14:00:00,-0.001955976843142067,195.4014892578125,156420200
2016-12-19 14:00:00,0.0021774454014389694,195.82696533203125,90341100
2016-12-20 14:00:00,0.0038574953661122003,196.58236694335938,89838800
2016-12-21 14:00:00,-0.0027826113684915155,196.0353546142578,67909000
2016-12-22 14:00:00,-0.0017274348615861001,195.69671630859375,56219100
2016-12-23 14:00:00,0.0014640730188582149,195.9832305908203,36697800
2016-12-27 14:00:00,0.0024811668242115726,196.46949768066406,42672500
2016-12-28 14:00:00,-0.008264480140107527,194.8457794189453,64095000
2016-12-29 14:00:00,-0.00022303296165610746,194.8023223876953,48696100
2016-12-30 14:00:00,-0.003654702733272419,194.0903778076172,108998300
2017-01-03 14:00:00,0.007649820081231726,195.57513427734375,91366500
2017-01-04 14:00:00,0.005949343741837148,196.73867797851562,78744400
2017-01-05 14:00:00,-0.0007945109561695823,196.58236694335938,78379000
2017-01-06 14:00:00,0.003577676453918127,197.28567504882812,71559900
2017-01-09 14:00:00,-0.003300716495863586,196.63449096679688,46939700
2017-01-10 14:00:00,0.0,196.63449096679688,63771900
2017-01-11 14:00:00,0.002825950414685351,197.19017028808594,74650000
2017-01-12 14:00:00,-0.0025097006860993784,196.69528198242188,72113200
2017-01-13 14:00:00,0.002295156897781969,197.146728515625,62717900
2017-01-17 14:00:00,-0.003523163094587951,196.4521484375,61240800
2017-01-18 14:00:00,0.002209995302410435,196.8863067626953,54793300
2017-01-19 14:00:00,-0.0037046018484956493,196.15692138671875,66608800
2017-01-20 14:00:00,0.0036740374039115264,196.8776092529297,129168600
2017-01-23 14:00:00,-0.002602272058801304,196.3652801513672,75061600
2017-01-24 14:00:00,0.006411844903195627,197.6243438720703,95555300
2017-01-25 14:00:00,0.008655516511628105,199.3348846435547,84437700
2017-01-26 14:00:00,-0.0010455761427678764,199.12646484375,59970700
2017-01-27 14:00:00,-0.001569737574513684,198.8138885498047,59711100
2017-01-30 14:00:00,-0.006201635109095407,197.58091735839844,79737300
2017-01-31 14:00:00,-8.788552146271782e-05,197.5635528564453,75880800
2017-02-01 14:00:00,0.00039551960702914266,197.64169311523438,79117700
2017-02-02 14:00:00,0.0006590931304692493,197.77195739746094,69657600
2017-02-03 14:00:00,0.006892580715818919,199.13511657714844,80563200
2017-02-06 14:00:00,-0.0017874384919097854,198.7791748046875,57790100
2017-02-07 14:00:00,4.383139513104589e-05,198.7878875732422,57931200
2017-02-08 14:00:00,0.0013102786717873207,199.04835510253906,51566200
2017-02-09 14:00:00,0.005932540493235904,200.22921752929688,65955200
2017-02-10 14:00:00,0.003946130464794758,201.01934814453125,66015900
2017-02-13 14:00:00,0.005442764401771853,202.1134490966797,55182100
2017-02-14 14:00:00,0.0039952567273305985,202.9209442138672,71109000
2017-02-15 14:00:00,0.005220087757931703,203.98020935058594,86785800
2017-02-16 14:00:00,-0.0008511340512192992,203.8065948486328,84722400
2017-02-17 14:00:00,0.0015764409524560352,204.1278839111328,77204100
2017-02-21 14:00:00,0.00595489890844669,205.34344482421875,88946100
2017-02-22 14:00:00,-0.0008878394529458466,205.1611328125,62115200
2017-02-23 14:00:00,0.000677032510650451,205.30003356933594,74615900
2017-02-24 14:00:00,0.0012693110423743117,205.5606231689453,82381600
2017-02-27 14:00:00,0.0015626181882640552,205.8818359375,56515400
2017-02-28 14:00:00,-0.0026990206239357185,205.32615661621094,96961900
2017-03-01 14:00:00,0.013997282304772018,208.20016479492188,149158200
2017-03-02 14:00:00,-0.00629743357924736,206.8890380859375,70246000
2017-03-03 14:00:00,0.0006295598096569873,207.019287109375,81974300
2017-03-06 14:00:00,-0.0029777664039549456,206.40283203125,55391500
2017-03-07 14:00:00,-0.0029868817613842016,205.7863311767578,65103700
2017-03-08 14:00:00,-0.0018565351661705748,205.40428161621094,78168800
2017-03-09 14:00:00,0.001268295400729866,205.664794921875,90683900
2017-03-10 14:00:00,0.003503815869601604,206.38540649414062,81991700
2017-03-13 13:00:00,0.0005049655935815102,206.4896240234375,57256800
2017-03-14 13:00:00,-0.003826638440306391,205.699462890625,59880800
2017-03-15 13:00:00,0.008653692087662973,207.47952270507812,96081800
2017-03-16 13:00:00,-0.0019671439596663414,207.07138061523438,78344000
2017-03-17 13:00:00,-0.0017561454405580286,206.70773315429688,89002100
2017-03-20 13:00:00,-0.0010969381842115015,206.48098754882812,52537000
2017-03-21 13:00:00,-0.01283947650366119,203.8298797607422,131809300
2017-03-22 13:00:00,0.002353237095281211,204.30953979492188,97569200
2017-03-23 13:00:00,-0.001067019775751832,204.09153747558594,100410300
2017-03-24 13:00:00,-0.0007264112778266696,203.9432830810547,112504900
2017-03-27 13:00:00,-0.0010263641204411884,203.7339630126953,87454500
2017-03-28 13:00:00,0.007276936953360002,205.21652221679688,93483900
2017-03-29 13:00:00,0.000934637116172345,205.4083251953125,61950400
2017-03-30 13:00:00,0.0031843074097955377,206.06240844726562,56737900
2017-03-31 13:00:00,-0.0023276675207519622,205.582763671875,73733100
2017-04-03 13:00:00,-0.0017390985515404356,205.22523498535156,85546500
2017-04-04 13:00:00,0.0006373404316144944,205.3560333251953,56466200
2017-04-05 13:00:00,-0.00297260862196192,204.74559020996094,108800600
2017-04-06 13:00:00,0.0028110313099209156,205.32113647460938,69135800
2017-04-07 13:00:00,-0.0010194021578299405,205.11183166503906,74412300
2017-04-10 13:00:00,0.00059566102565434,205.2340087890625,67615300
2017-04-11 13:00:00,-0.0011900924118988126,204.98976135253906,88045300
2017-04-12 13:00:00,-0.0043817987348566635,204.09153747558594,81864400
2017-04-13 13:00:00,-0.006495011006446713,202.76596069335938,92880400
2017-04-17 13:00:00,0.00885993647124161,204.5624542236328,68405400
2017-04-18 13:00:00,-0.0029844389221259857,203.9519500732422,83225800
2017-04-19 13:00:00,-0.0018383691095334163,203.57701110839844,68699900
2017-04-20 13:00:00,0.008139414522505994,205.2340087890625,92572200
2017-04-21 13:00:00,-0.003187160711768495,204.57989501953125,110389800
2017-04-24 13:00:00,0.01099770066384493,206.82980346679688,119209900
2017-04-25 13:00:00,0.0058186776372469735,208.0332794189453,76698300
2017-04-26 13:00:00,-0.0006288109238973016,207.9024658203125,84702500
2017-04-27 13:00:00,0.000839039959791843,208.076904296875,57410300
2017-04-28 13:00:00,-0.0021794403971450798,207.6234130859375,63532800
2017-05-01 13:00:00,0.0025202090012587815,208.14666748046875,66882500
2017-05-02 13:00:00,0.0003771689966351687,208.2251739501953,57375700
2017-05-03 13:00:00,-0.0012147664064363494,207.97222900390625,73137700
2017-05-04 13:00:00,0.0011741298467431488,208.21641540527344,61462700
2017-05-05 13:00:00,0.003936926223708603,209.03614807128906,62001300
2017-05-08 13:00:00,-0.0001665767235088445,209.00132751464844,48385700
2017-05-09 13:00:00,-0.0009181498200605952,208.80943298339844,51363200
2017-05-10 13:00:00,0.001796042028464979,209.18446350097656,54293800
2017-05-11 13:00:00,-0.002043093524723299,208.757080078125,62358300
2017-05-12 13:00:00,-0.0016708446920657865,208.4082794189453,53912700
2017-05-15 13:00:00,0.0055232571973924905,209.5593719482422,61918900
2017-05-16 13:00:00,-0.0009151951446673117,209.36758422851562,51241800
2017-05-17 13:00:00,-0.017743967435880206,205.65257263183594,172174100
2017-05-18 13:00:00,0.004028225401659503,206.48098754882812,107047700
2017-05-19 13:00:00,0.0065042420383540035,207.82398986816406,115011400
2017-05-22 13:00:00,0.005077403717912977,208.8791961669922,61010600
2017-05-23 13:00:00,0.002212781301220014,209.34140014648438,48341700
2017-05-24 13:00:00,0.0023329740853060754,209.8297882080078,46927700
2017-05-25 13:00:00,0.004779511620812564,210.83267211914062,64071700
2017-05-26 13:00:00,-0.00020677231812974185,210.78907775878906,46629900
2017-05-30 13:00:00,-0.0008690287212363619,210.60589599609375,35201900
2017-05-31 13:00:00,-0.00024822007513547776,210.55361938476562,91796000
2017-06-01 13:00:00,0.00795204409181582,212.2279510498047,68962000
2017-06-02 13:00:00,0.0033283793137339557,212.934326171875,88666100
2017-06-05 13:00:00,-0.0007370190064195538,212.7773895263672,44698800
2017-06-06 13:00:00,-0.003197012975436548,212.09713745117188,50375400
2017-06-07 13:00:00,0.001850503863381851,212.4896240234375,54144300
2017-06-08 13:00:00,0.0004923982386548057,212.59425354003906,65950700
2017-06-09 13:00:00,-0.0015178096629216548,212.27157592773438,132256400
2017-06-12 13:00:00,-0.00020551445825483074,212.2279510498047,86108100
2017-06-13 13:00:00,0.004890006313373243,213.2657470703125,60067000
2017-06-14 13:00:00,-0.0012677632817861646,212.99537658691406,78602300
2017-06-15 13:00:00,-0.0019242968536482014,212.58551025390625,66464900
2017-06-16 13:00:00,0.00021863329927266744,212.63198852539062,84553100
2017-06-19 13:00:00,0.008324907337971518,214.40213012695312,65123800
2017-06-20 13:00:00,-0.006743976147561273,212.95620727539062,56906400
2017-06-21 13:00:00,-0.00024684196339172466,212.9036407470703,55977600
2017-06-22 13:00:00,-0.00045281061873152397,212.80723571777344,44148100
2017-06-23 13:00:00,0.001194346839555488,213.0614013671875,66986800
2017-06-26 13:00:00,0.0006580157316464602,213.20159912109375,56700500
2017-06-27 13:00:00,-0.008056250975138094,211.48399353027344,82247700
2017-06-28 13:00:00,0.008950480219252566,213.3768768310547,70042600
2017-06-29 13:00:00,-0.008789056703700057,211.50149536132812,106949700
2017-06-30 13:00:00,0.0018645891966228606,211.89585876464844,86820700
2017-07-03 13:00:00,0.0016956381693790372,212.25515747070312,39153800
2017-07-05 13:00:00,0.0023120188026846764,212.7458953857422,54427600
2017-07-06 13:00:00,-0.009144476444888172,210.80044555664062,65400800
2017-07-07 13:00:00,0.006485188799609237,212.1675262451172,57972300
2017-07-10 13:00:00,0.0010736726111935098,212.39532470703125,36663300
2017-07-11 13:00:00,-0.0007423377496670149,212.23765563964844,50354600
2017-07-12 13:00:00,0.007514375190476351,213.83248901367188,59610400
2017-07-13 13:00:00,0.001680495251584054,214.19183349609375,39471600
2017-07-14 13:00:00,0.004663939071939598,215.19081115722656,60262700
2017-07-17 13:00:00,-0.00012189116374152692,215.16458129882812,33531900
2017-07-18 13:00:00,0.0005294650190702436,215.27850341796875,42742500
2017-07-19 13:00:00,0.005413973371498527,216.4440155029297,51034300
2017-07-20 13:00:00,0.00044512200495245815,216.5403594970703,47135200
2017-07-21 13:00:00,-0.0008901297840512166,216.3476104736328,82340800
2017-07-24 13:00:00,-0.00024283148137007173,216.29507446289062,46622300
2017-07-25 13:00:00,0.002430668282456141,216.82081604003906,54915600
2017-07-26 13:00:00,4.0395313890238334e-05,216.82957458496094,47575400
2017-07-27 13:00:00,-0.0009295472958998372,216.62802124023438,70766600
2017-07-28 13:00:00,-0.001173211060923436,216.37387084960938,50088400
2017-07-31 13:00:00,-0.0005669846529101898,216.25119018554688,65838700
2017-08-01 13:00:00,0.0022288646295666216,216.73318481445312,55050400
2017-08-02 13:00:00,0.000485150972702707,216.8383331298828,47211200
2017-08-03 13:00:00,-0.0019396628614868623,216.41773986816406,40856000
2017-08-04 13:00:00,0.001822091322007173,216.81207275390625,60191800
2017-08-07 13:00:00,0.0018591742864872366,217.2151641845703,31995000
2017-08-08 13:00:00,-0.00246118605761561,216.68055725097656,61719400
2017-08-09 13:00:00,-4.006935872195506e-05,216.671875,62632600
2017-08-10 13:00:00,-0.014115331700259609,213.6134796142578,120479500
2017-08-11 13:00:00,0.0014767804243804347,213.92893981933594,74869900
2017-08-14 13:00:00,0.00991316220266594,216.04965209960938,73291900
2017-08-15 13:00:00,-0.00012161850070237862,216.02337646484375,55242700
2017-08-16 13:00:00,0.0017442581598139985,216.40017700195312,56715500
2017-08-17 13:00:00,-0.015590958173606237,213.0262908935547,128490400
2017-08-18 13:00:00,-0.001563009123128316,212.69332885742188,136748000
2017-08-21 13:00:00,0.0007829073245202155,212.85984802246094,65469700
2017-08-22 13:00:00,0.010456571882560717,215.08563232421875,63140100
2017-08-23 13:00:00,-0.0035853810042840973,214.31446838378906,50203800
2017-08-24 13:00:00,-0.0023304571425357343,213.8150177001953,50741700
2017-08-25 13:00:00,0.0023359008593777262,214.31446838378906,64445900
2017-08-28 13:00:00,4.1223716409879935e-05,214.32330322265625,40565600
2017-08-29 13:00:00,0.0011448899080243533,214.5686798095703,51135700
2017-08-30 13:00:00,0.004737457538853189,215.58518981933594,62030800
2017-08-31 13:00:00,0.006016028066776085,216.8821563720703,103803900
2017-09-01 13:00:00,0.0014142803763356321,217.1888885498047,62007000
2017-09-05 13:00:00,-0.007182255115696976,215.6289825439453,91398800
2017-09-06 13:00:00,0.003413872068854027,216.3651123046875,57916900
2017-09-07 13:00:00,-0.00012151170433458978,216.3388214111328,58034700
2017-09-08 13:00:00,-0.001174567803412912,216.084716796875,63832800
2017-09-11 13:00:00,0.01066566638383067,218.389404296875,71364800
2017-09-12 13:00:00,0.0033710005220659502,219.12559509277344,56896000
2017-09-13 13:00:00,0.00047978446605524905,219.23072814941406,59228000
2017-09-14 13:00:00,-0.0003197493232123462,219.16062927246094,95446300
2017-09-15 13:00:00,0.001345897081726678,219.45559692382812,95432400
2017-09-18 13:00:00,0.0021269284719308713,219.92236328125,46235200
2017-09-19 13:00:00,0.0010012605433824524,220.14256286621094,47108100
2017-09-20 13:00:00,0.00036015147155770295,220.2218475341797,59574100
2017-09-21 13:00:00,-0.0026793770902103376,219.6317901611328,48211400
2017-09-22 13:00:00,0.00020036419875267035,219.67579650878906,51214000
2017-09-25 13:00:00,-0.0020446390634836255,219.2266387939453,57064400
2017-09-26 13:00:00,0.0006026906913277759,219.3587646484375,54082000
2017-09-27 13:00:00,0.003894365958128801,220.21302795410156,81001400
2017-09-28 13:00:00,0.0011998435962713384,220.4772491455078,44778800
2017-09-29 13:00:00,0.0035149358126960275,221.25221252441406,85578000
2017-10-02 13:00:00,0.00433855621229953,222.21212768554688,59023000
2017-10-03 13:00:00,0.0021402339397649946,222.68771362304688,66810200
2017-10-04 13:00:00,0.0011866470075295008,222.95196533203125,55953600
2017-10-05 13:00:00,0.0059249023706179705,224.27293395996094,63522800
2017-10-06 13:00:00,-0.0011388662269999404,224.01751708984375,80646000
2017-10-09 13:00:00,-0.0016511579561687413,223.6476287841797,35803100
2017-10-10 13:00:00,0.002638471482272838,224.2377166748047,43057400
2017-10-11 13:00:00,0.0015710098564588157,224.58999633789062,47674300
2017-10-12 13:00:00,-0.0014902100928544785,224.25531005859375,47065100
2017-10-13 13:00:00,0.0012174762444821306,224.52833557128906,54800400
2017-10-16 13:00:00,0.0013335653916980508,224.8277587890625,38221700
2017-10-17 13:00:00,0.0007050210420411893,224.98626708984375,31561000
2017-10-18 13:00:00,0.0009785889166954906,225.20643615722656,40888300
2017-10-19 13:00:00,0.0002738643994506722,225.2681121826172,61903800
2017-10-20 13:00:00,0.005160408966339278,226.4305877685547,89176400
2017-10-23 13:00:00,-0.0038893199872905527,225.5499267578125,63915300
2017-10-24 13:00:00,0.0017568415953845447,225.94618225097656,66935900
2017-10-25 13:00:00,-0.004949955121046214,224.8277587890625,103715300
2017-10-26 13:00:00,0.0012926969375970862,225.11839294433594,69798000
2017-10-27 13:00:00,0.00817603638601894,226.95896911621094,85562500
2017-10-30 13:00:00,-0.0037250950199418675,226.113525390625,54285700
2017-10-31 13:00:00,0.0015580444436766394,226.4658203125,60304800
2017-11-01 13:00:00,0.0013220889517509627,226.76522827148438,54202700
2017-11-02 13:00:00,0.00038852626885721735,226.85333251953125,56449500
2017-11-03 13:00:00,0.003338790588051706,227.61074829101562,59589700
2017-11-06 14:00:00,0.001547460436619418,227.9629669189453,49652600
2017-11-07 14:00:00,-0.0006953247842120309,227.80445861816406,57502200
2017-11-08 14:00:00,0.001700738938281014,228.19189453125,50469600
2017-11-09 14:00:00,-0.003627467972790513,227.3641357421875,95085500
2017-11-10 14:00:00,-0.00031005596040303515,227.29364013671875,59984700
2017-11-13 14:00:00,0.000929852182302854,227.50498962402344,50228600
2017-11-14 14:00:00,-0.002322638576444555,226.97657775878906,61315200
2017-11-15 14:00:00,-0.005004995920373708,225.84056091308594,80811500
2017-11-16 14:00:00,0.00850088918169812,227.76040649414062,67777000
2017-11-17 14:00:00,-0.0029387319443679584,227.09107971191406,75756800
2017-11-20 14:00:00,0.00170641756392565,227.4785919189453,48075500
2017-11-21 14:00:00,0.006542578342138539,228.96688842773438,69176800
2017-11-22 14:00:00,-0.0008844046885510677,228.76438903808594,45033400
2017-11-24 14:00:00,0.002309651826006985,229.29275512695312,27856500
2017-11-27 14:00:00,-0.0004990373948637546,229.17832946777344,52274900
2017-11-28 14:00:00,0.010144658609237594,231.50326538085938,98971700
2017-11-29 14:00:00,-0.0006086292475025043,231.36236572265625,77512100
2017-11-30 14:00:00,0.008755049607704872,233.38795471191406,127894400
2017-12-01 14:00:00,-0.002075603160262232,232.90353393554688,164390900
2017-12-04 14:00:00,-0.0012100055779887871,232.62171936035156,94040600
2017-12-05 14:00:00,-0.0035963037821274604,231.78514099121094,77994500
2017-12-06 14:00:00,0.00018985836394887228,231.8291473388672,75898600
2017-12-07 14:00:00,0.0031530646531283332,232.56011962890625,77218600
2017-12-08 14:00:00,0.0054529015698383185,233.8282470703125,76563900
2017-12-11 14:00:00,0.003013148903092161,234.53280639648438,83077500
2017-12-12 14:00:00,0.0017650875953183086,234.94677734375,85195800
2017-12-13 14:00:00,-0.00011261588915375199,234.92031860351562,102905400
2017-12-14 14:00:00,-0.00408639066214299,233.96034240722656,100666700
2017-12-15 14:00:00,0.008327623904922934,235.90867614746094,144610300
2017-12-18 14:00:00,0.006341381601164412,237.4046630859375,83653600
2017-12-19 14:00:00,-0.0038407815843016753,236.4928436279297,82382900
2017-12-20 14:00:00,-0.0005242343033764883,236.36886596679688,76751500
2017-12-21 14:00:00,0.0020598850792121967,236.8557586669922,67032300
2017-12-22 14:00:00,-0.0002611679412293537,236.7938995361328,78720900
2017-12-26 14:00:00,-0.0011964410277394276,236.51058959960938,45244400
2017-12-27 14:00:00,0.0004864529310337486,236.62564086914062,57751000
2017-12-28 14:00:00,0.0020573918500585973,237.1124725341797,45116100
2017-12-29 14:00:00,-0.0037705438233373574,236.2184295654297,96007400
2018-01-02 14:00:00,0.007157376961710856,237.9091339111328,86655700
2018-01-03 14:00:00,0.006325131338239347,239.4139404296875,90070400
2018-01-04 14:00:00,0.004214915369001555,240.4230499267578,80636400
2018-01-05 14:00:00,0.006664227440783455,242.02528381347656,83524000
2018-01-08 14:00:00,0.0018283415510981429,242.46778869628906,57319200
2018-01-09 14:00:00,0.002263320631509564,243.01657104492188,57254000
2018-01-10 14:00:00,-0.0015296677816753058,242.64483642578125,69574300
2018-01-11 14:00:00,0.007296327776202851,244.41525268554688,62361500
2018-01-12 14:00:00,0.006518792173653662,246.008544921875,90816100
2018-01-16 14:00:00,-0.003418284207528202,245.16761779785156,106555100
2018-01-17 14:00:00,0.009531654499618947,247.5044708251953,113258800
2018-01-18 14:00:00,-0.0016806558978346659,247.0885009765625,100728000
2018-01-19 14:00:00,0.004549504507820323,248.21263122558594,140920100
2018-01-22 14:00:00,0.008131131368107053,250.2308807373047,91322400
2018-01-23 14:00:00,0.0021222465995301824,250.76193237304688,97084700
2018-01-24 14:00:00,-0.0003883428033725826,250.66455078125,134816100
2018-01-25 14:00:00,0.0004236175907402393,250.77073669433594,84587300
2018-01-26 14:00:00,0.01157777070458622,253.67410278320312,107743100
2018-01-29 14:00:00,-0.006629378567639908,251.99240112304688,90118300
2018-01-30 14:00:00,-0.010257727507836411,249.40753173828125,131796400
2018-01-31 14:00:00,0.0004972722220359626,249.53155517578125,108364800
2018-02-01 14:00:00,-0.00113506142491118,249.24832153320312,90102500
2018-02-02 14:00:00,-0.021770168581828495,243.8221435546875,173174800
2018-02-05 14:00:00,-0.041822620107930794,233.62486267089844,294681800
2018-02-06 14:00:00,0.01970218614407741,238.227783203125,355026800
2018-02-07 14:00:00,-0.005424565040721228,236.9355010986328,167376100
2018-02-08 14:00:00,-0.03750903620956085,228.04827880859375,246449500
2018-02-09 14:00:00,0.015021439412816221,231.47389221191406,283565300
2018-02-12 14:00:00,0.014684631835744439,234.8730010986328,143736000
2018-02-13 14:00:00,0.002487488011313461,235.45724487304688,81223600
2018-02-14 14:00:00,0.01349607923724085,238.63499450683594,120735700
2018-02-15 14:00:00,0.012760065535392738,241.67999267578125,111200300
2018-02-16 14:00:00,0.00029270005063534093,241.750732421875,160420100
2018-02-20 14:00:00,-0.006260849960260995,240.23716735839844,86369700
2018-02-21 14:00:00,-0.004974345127975202,239.04214477539062,98883700
2018-02-22 14:00:00,0.0012960662372574871,239.35195922851562,110511300
2018-02-23 14:00:00,0.01593945494661858,243.16709899902344,92766400
2018-02-26 14:00:00,0.011612430291564507,245.99085998535156,86491400
2018-02-27 14:00:00,-0.012486743434460476,242.9192352294922,99099200
2018-02-28 14:00:00,-0.010130116573821974,240.45843505859375,121907800
2018-03-01 14:00:00,-0.014540363903483311,236.9620819091797,176855100
2018-03-02 14:00:00,0.005154689959726449,238.1835479736328,139083200
2018-03-05 14:00:00,0.011557761548872787,240.93641662597656,97307400
2018-03-06 14:00:00,0.0025350840522003503,241.54721069335938,79213200
2018-03-07 14:00:00,-0.0003667079005116728,241.45863342285156,87063500
2018-03-08 14:00:00,0.004839476264031249,242.62716674804688,66901200
2018-03-09 14:00:00,0.017402190856392635,246.8494110107422,113625300
2018-03-12 13:00:00,-0.0012550747107576358,246.5395965576172,71924800
2018-03-13 13:00:00,-0.006462498280180519,244.9463348388672,91968900
2018-03-14 13:00:00,-0.005131627168164962,243.68936157226562,105895100
2018-03-15 13:00:00,-0.0010899521402873036,243.4237518310547,83433000
2018-03-16 13:00:00,0.001084684974047859,243.6877899169922,100343700
2018-03-19 13:00:00,-0.013530408871504978,240.39059448242188,109208400
2018-03-20 13:00:00,0.0017007487128225434,240.7994384765625,59757300
2018-03-21 13:00:00,-0.0019194562180724303,240.3372344970703,78709600
2018-03-22 13:00:00,-0.024997046170716665,234.3295135498047,148785900
2018-03-23 13:00:00,-0.021314683533308124,229.33485412597656,183534800
2018-03-26 13:00:00,0.027359115680969846,235.6092529296875,141956100
2018-03-27 13:00:00,-0.01701191019583848,231.60108947753906,129941400
2018-03-28 13:00:00,-0.002954630549625453,230.9167938232422,146452300
2018-03-29 13:00:00,0.012777596096782981,233.8673553466797,111601600
2018-04-02 13:00:00,-0.021584446154891086,228.8194580078125,186286300
2018-04-03 13:00:00,0.012816893030580602,231.75221252441406,119956900
2018-04-04 13:00:00,0.010699090795545175,234.23175048828125,123715300
2018-04-05 13:00:00,0.007891932907951814,236.08029174804688,82652600
2018-04-06 13:00:00,-0.02228563812851778,230.819091796875,179521200
2018-04-09 13:00:00,0.004928154764737925,231.95660400390625,105442900
2018-04-10 13:00:00,0.01590079089521908,235.6448974609375,103529000
2018-04-11 13:00:00,-0.00524229914686208,234.40957641601562,91140200
2018-04-12 13:00:00,0.00822697641090188,236.3380584716797,68890500
2018-04-13 13:00:00,-0.0029329216598656654,235.6448974609375,85079200
2018-04-16 13:00:00,0.00822127555748722,237.5821990966797,63405300
2018-04-17 13:00:00,0.010698394309586648,240.1239471435547,64682000
2018-04-18 13:00:00,0.0007404318156154477,240.30174255371094,57303900
2018-04-19 13:00:00,-0.005547478905019966,238.9686737060547,77655900
2018-04-20 13:00:00,-0.008479379832170906,236.94236755371094,99953100
2018-04-23 13:00:00,-0.00014998465700106033,236.90682983398438,65558000
2018-04-24 13:00:00,-0.013467087244908934,233.7163848876953,112885500
2018-04-25 13:00:00,0.002471463266208291,234.29400634765625,103840900
2018-04-26 13:00:00,0.010165557212088656,236.6757354736328,67731900
2018-04-27 13:00:00,0.0009388953399574141,236.89794921875,57053600
2018-04-30 13:00:00,-0.007690522026436258,235.07608032226562,82182300
2018-05-01 13:00:00,0.0017769113302097774,235.49378967285156,74203400
2018-05-02 13:00:00,-0.006717867139548254,233.91177368164062,86368900
2018-05-03 13:00:00,-0.00220357396474099,233.39633178710938,136311500
2018-05-04 13:00:00,0.012946377262033352,236.41796875,91222100
2018-05-07 13:00:00,0.0033834632082018405,237.21788024902344,55304900
2018-05-08 13:00:00,0.0,237.21788024902344,67499200
2018-05-09 13:00:00,0.009665830048041623,239.5107879638672,59666100
2018-05-10 13:00:00,0.00935038137928016,241.75030517578125,72063900
2018-05-11 13:00:00,0.0030511227803618275,242.4879150390625,59871500
2018-05-14 13:00:00,0.0004765384268807694,242.6034698486328,54790600
2018-05-15 13:00:00,-0.006886546487915382,240.93276977539062,87036100
2018-05-16 13:00:00,0.004204811089711883,241.9458465576172,53942600
2018-05-17 13:00:00,-0.000844844998124704,241.74143981933594,56536400
2018-05-18 13:00:00,-0.0024997527262756564,241.13714599609375,64368000
2018-05-21 13:00:00,0.00751817800536652,242.95005798339844,58025900
2018-05-22 13:00:00,-0.002779868703474286,242.27468872070312,52966400
2018-05-23 13:00:00,0.0027509627645390263,242.94117736816406,64694200
2018-05-24 13:00:00,-0.0020485644692019096,242.44349670410156,76043800
2018-05-25 13:00:00,-0.002382436357436447,241.8658905029297,56374800
2018-05-29 13:00:00,-0.011501033725291581,239.0841827392578,115908600
2018-05-30 13:00:00,0.013344697022156576,242.27468872070312,69678400
2018-05-31 13:00:00,-0.006125755886521196,240.7905731201172,93519900
2018-06-01 13:00:00,0.009817400022344101,243.15451049804688,71258400
2018-06-04 13:00:00,0.004751629927229822,244.3098907470703,45385200
2018-06-05 13:00:00,0.0007274331614962201,244.48760986328125,51135000
2018-06-06 13:00:00,0.008360367827225556,246.5316162109375,62732200
2018-06-07 13:00:00,-0.00010781907389976267,246.50503540039062,72969400
2018-06-08 13:00:00,0.0029563686779919027,247.23379516601562,72139700
2018-06-11 13:00:00,0.0013296537851621648,247.56253051757812,58892500
2018-06-12 13:00:00,0.0012926323040474332,247.88253784179688,72329000
2018-06-13 13:00:00,-0.0031909674409041915,247.091552734375,79070600
2018-06-14 13:00:00,0.0025178171441783167,247.71368408203125,77097600
2018-06-15 13:00:00,-0.0012757663406628146,247.3976593017578,120041600
2018-06-18 13:00:00,-0.0020567487999009217,246.88882446289062,52917600
2018-06-19 13:00:00,-0.0038331022058817167,245.94247436523438,97531500
2018-06-20 13:00:00,0.0017064681253096676,246.36216735839844,53785500
2018-06-21 13:00:00,-0.006268956026447096,244.81773376464844,71061400
2018-06-22 13:00:00,0.0018231311596743408,245.26406860351562,54898500
2018-06-25 13:00:00,-0.013613045370098819,241.92527770996094,137854200
2018-06-26 13:00:00,0.0022141538706065005,242.4609375,68547400
2018-06-27 13:00:00,-0.008284182676816498,240.4523468017578,105110700
2018-06-28 13:00:00,0.005717500349815986,241.82713317871094,76650500
2018-06-29 13:00:00,0.001439389747206387,242.1752166748047,97592500
2018-07-02 13:00:00,0.0021382762923648786,242.69305419921875,63554800
2018-07-03 13:00:00,-0.0035311244194641076,241.83607482910156,42187100
2018-07-05 13:00:00,0.008157754614826996,243.8089141845703,56925900
2018-07-06 13:00:00,0.008458242107823874,245.87110900878906,66493700
2018-07-09 13:00:00,0.009004612245614817,248.0850830078125,50550400
2018-07-10 13:00:00,0.0035985475662459474,248.9778289794922,51966800
2018-07-11 13:00:00,-0.007314513669200811,247.15667724609375,77054700
2018-07-12 13:00:00,0.009066000891486795,249.39739990234375,60124700
2018-07-13 13:00:00,0.0007871757289971652,249.59371948242188,48216000
2018-07-16 13:00:00,-0.0008940921690731042,249.3705596923828,48201000
2018-07-17 13:00:00,0.004045341453876579,250.3793487548828,52315500
2018-07-18 13:00:00,0.0021031929029077644,250.90594482421875,44593500
2018-07-19 13:00:00,-0.0037714892054987264,249.95965576171875,61412100
2018-07-20 13:00:00,-0.0011427014955294299,249.6740264892578,82337700
2018-07-23 13:00:00,0.0018596635737870369,250.13833618164062,47047600
2018-07-24 13:00:00,0.005031700598289545,251.39695739746094,68026900
2018-07-25 13:00:00,0.008522749861294473,253.53955078125,78882900
2018-07-26 13:00:00,-0.0023593569751699088,252.9413604736328,57919500
2018-07-27 13:00:00,-0.006776171345856685,251.22738647460938,76768700
2018-07-30 13:00:00,-0.005223500492394578,249.91510009765625,63742500
2018-07-31 13:00:00,0.004929469456057953,251.1470489501953,68570500
2018-08-01 13:00:00,-0.0016706793227095917,250.7274627685547,53853300
2018-08-02 13:00:00,0.005447892561166162,252.09339904785156,63426400
2018-08-03 13:00:00,0.0042846179449631755,253.17352294921875,53935400
2018-08-06 13:00:00,0.003667555047679662,254.10205078125,39400900
2018-08-07 13:00:00,0.0033021410412355087,254.94113159179688,43196600
2018-08-08 13:00:00,-0.000420282188785588,254.833984375,42114600
2018-08-09 13:00:00,-0.0013662818547614485,254.48580932617188,35717000
2018-08-10 13:00:00,-0.006700151133392517,252.7807159423828,77076000
2018-08-13 13:00:00,-0.0037435779773040793,251.83441162109375,65732900
2018-08-14 13:00:00,0.006381216440401303,253.44142150878906,43842000
2018-08-15 13:00:00,-0.007467818037311937,251.54876708984375,102925400
2018-08-16 13:00:00,0.008091474325922781,253.58416748046875,69967900
2018-08-17 13:00:00,0.003520270785802086,254.4768524169922,65618500
2018-08-20 13:00:00,0.002140022467537646,255.0214385986328,39807500
2018-08-21 13:00:00,0.0023455274714392943,255.61959838867188,67272000
2018-08-22 13:00:00,-0.00059394879003379,255.4677734375,44993300
2018-08-23 13:00:00,-0.0013280106193066486,255.12850952148438,49204900
2018-08-24 13:00:00,0.006018743187092997,256.6640625,57487400
2018-08-27 13:00:00,0.007895373900404833,258.6905212402344,57072400
2018-08-28 13:00:00,0.0004827309832954081,258.8153991699219,46943500
2018-08-29 13:00:00,0.005381056149592323,260.2080993652344,61485500
2018-08-30 13:00:00,-0.004048320418497674,259.1546936035156,61229500
2018-08-31 13:00:00,3.473865520895537e-05,259.1636962890625,66140800
2018-09-04 13:00:00,-0.001722506428194279,258.71728515625,57594400
2018-09-05 13:00:00,-0.0026916663678416466,258.0209045410156,72452400
2018-09-06 13:00:00,-0.0030099958260539628,257.2442626953125,65909900
2018-09-07 13:00:00,-0.0019432034147232656,256.744384765625,73524800
2018-09-10 13:00:00,0.0017384999405681684,257.19073486328125,50210900
2018-09-11 13:00:00,0.0032972512069235154,258.03875732421875,50530500
2018-09-12 13:00:00,0.00024221167644777653,258.10125732421875,59810800
2018-09-13 13:00:00,0.005914658558323999,259.6278381347656,51034200
2018-09-14 13:00:00,0.00017184867208111445,259.6724548339844,55079900
2018-09-17 13:00:00,-0.005294192101560863,258.2976989746094,68244000
2018-09-18 13:00:00,0.00542610444666223,259.6992492675781,61930400
2018-09-19 13:00:00,0.0010653568081599799,259.9759216308594,49080600
2018-09-20 13:00:00,0.008103871736356294,262.0827331542969,100360600
2018-09-21 13:00:00,-0.000913491695958757,261.84332275390625,105479700
2018-09-24 13:00:00,-0.003321996223346117,260.9734802246094,53409600
2018-09-25 13:00:00,-0.0009276649376682365,260.73138427734375,44370000
2018-09-26 13:00:00,-0.0029923992637335395,259.951171875,79739700
2018-09-27 13:00:00,0.0027941742740148013,260.6775207519531,59249500
2018-09-28 13:00:00,0.00010337301584978766,260.7044677734375,70091400
2018-10-01 13:00:00,0.003474051255542117,261.61016845703125,62078900
2018-10-02 13:00:00,-0.0005823311490471444,261.45782470703125,47258200
2018-10-03 13:00:00,0.0005484712487379558,261.6012268066406,64694600
2018-10-04 13:00:00,-0.007815426446740485,259.55670166015625,111545900
2018-10-05 13:00:00,-0.0055973119357979875,258.1038818359375,105951700
2018-10-08 13:00:00,0.0,258.1038818359375,87742200
2018-10-09 13:00:00,-0.0014590517251572206,257.727294921875,74339000
2018-10-10 13:00:00,-0.03166369614579061,249.5666961669922,214731000
2018-10-11 13:00:00,-0.022026396703319347,244.06964111328125,274840500
2018-10-12 13:00:00,0.01388860061062754,247.4594268798828,183186500
2018-10-15 13:00:00,-0.0056171416298972324,246.0694122314453,102263700
2018-10-16 13:00:00,0.021866187783328026,251.45001220703125,118255800
2018-10-17 13:00:00,0.00017810516494055353,251.4947967529297,110626000
2018-10-18 13:00:00,-0.014441058992791089,247.86294555664062,134557500
2018-10-19 13:00:00,-0.000542786832706782,247.72840881347656,139901600
2018-10-22 13:00:00,-0.004488723187847783,246.61642456054688,82415800
2018-10-23 13:00:00,-0.005090564719500139,245.3610076904297,146352700
2018-10-24 13:00:00,-0.030298671409956443,237.92689514160156,177806700
2018-10-25 13:00:00,0.017940550294537016,242.1954345703125,138061500
2018-10-26 13:00:00,-0.017587440431639085,237.9358367919922,201574600
2018-10-29 13:00:00,-0.005540369963810885,236.61758422851562,160749100
2018-10-30 13:00:00,0.01481849774649722,240.1239013671875,157116000
2018-10-31 13:00:00,0.01068116944021514,242.68870544433594,128296300
2018-11-01 13:00:00,0.010641787374628627,245.27134704589844,99495000
2018-11-02 13:00:00,-0.00592319210596075,243.8185577392578,122634100
2018-11-05 14:00:00,0.005517215742041705,245.16375732421875,65622500
2018-11-06 14:00:00,0.006327794296053813,246.71510314941406,60085900
2018-11-07 14:00:00,0.021408805309956182,251.99697875976562,102752100
2018-11-08 14:00:00,-0.001814969947696846,251.53961181640625,65584900
2018-11-09 14:00:00,-0.009768333444546222,249.08248901367188,98812600
2018-11-12 14:00:00,-0.018685213739143964,244.42832946777344,99673600
2018-11-13 14:00:00,-0.0018711075167357467,243.97097778320312,98176600
2018-11-14 14:00:00,-0.006836437969834288,242.30308532714844,125335900
2018-11-15 14:00:00,0.010436803251976202,244.8319549560547,135101400
2018-11-16 14:00:00,0.0026004488415210755,245.4686279296875,126668000
2018-11-19 14:00:00,-0.01691461793573855,241.31661987304688,103061700
2018-11-20 14:00:00,-0.018506125163026372,236.8507843017578,136021300
2018-11-21 14:00:00,0.0034077527276484927,237.6579132080078,75563700
2018-11-23 14:00:00,-0.006678780408457087,236.07064819335938,42807900
2018-11-26 14:00:00,0.016144267715226417,239.8818359375,79981400
2018-11-27 14:00:00,0.003364375669173055,240.6888885498047,75502400
2018-11-28 14:00:00,0.023025288727431148,246.23081970214844,127629600
2018-11-29 14:00:00,-0.0021847950140370105,245.69285583496094,82346400
2018-11-30 14:00:00,0.006095246801787162,247.19041442871094,98204200
2018-12-03 14:00:00,0.013241401737087906,250.46356201171875,103176300
2018-12-04 14:00:00,-0.03240250317100006,242.34791564941406,177986000
2018-12-06 14:00:00,-0.0015170773038246529,241.98025512695312,204185400
2018-12-07 14:00:00,-0.02323598734753996,236.35760498046875,161018900
2018-12-10 14:00:00,0.0018969741119586581,236.80596923828125,151445900
2018-12-11 14:00:00,0.00022726517070726572,236.8597869873047,121504400
2018-12-12 14:00:00,0.005035224539731543,238.05242919921875,97976700
2018-12-13 14:00:00,-0.00033882434745866356,237.97177124023438,96662700
2018-12-14 14:00:00,-0.018465004304386627,233.57762145996094,116961100
2018-12-17 14:00:00,-0.01961830689213949,228.99522399902344,165492300
2018-12-18 14:00:00,-0.0010965234489500569,228.74412536621094,134515100
2018-12-19 14:00:00,-0.014975677032347796,225.3185272216797,214992800
2018-12-20 14:00:00,-0.016277886225385545,221.65081787109375,252053400
2018-12-21 14:00:00,-0.020489590191674192,217.10928344726562,255345600
2018-12-24 14:00:00,-0.02642307249533576,211.37258911132812,147311600
2018-12-26 14:00:00,0.050524980519781465,222.05218505859375,218485400
2018-12-27 14:00:00,0.007677284013124422,223.75694274902344,186267300
2018-12-28 14:00:00,-0.001289949935676397,223.4683074951172,153100200
2018-12-31 14:00:00,0.00875889940601093,225.42564392089844,144299400
2019-01-02 14:00:00,0.001040376701653874,225.66017150878906,126925200
2019-01-03 14:00:00,-0.023862683174131347,220.2753143310547,144140700
2019-01-04 14:00:00,0.033495583218106056,227.653564453125,142628800
2019-01-07 14:00:00,0.007884645494917257,229.4485321044922,103139100
2019-01-08 14:00:00,0.009395470774061476,231.60430908203125,102512600
2019-01-09 14:00:00,0.004673411330033034,232.6866912841797,95006600
2019-01-10 14:00:00,0.003527624611008138,233.5075225830078,96823900
2019-01-11 14:00:00,0.00038632571636073074,233.5977325439453,73858100
2019-01-14 14:00:00,-0.006101092679688193,232.1725311279297,70908200
2019-01-15 14:00:00,0.011460758945767646,234.83340454101562,85208300
2019-01-16 14:00:00,0.0024198764369843823,235.40167236328125,77636700
2019-01-17 14:00:00,0.007586818263020244,237.1876220703125,96118400
2019-01-18 14:00:00,0.013309870970298619,240.3445587158203,127900300
2019-01-22 14:00:00,-0.013510508169493654,237.09738159179688,115531200
2019-01-23 14:00:00,0.002092298480398321,237.5934600830078,86030300
2019-01-24 14:00:00,0.0005316960938415669,237.71978759765625,59204100
2019-01-25 14:00:00,0.008461407912753438,239.73123168945312,96883400
2019-01-28 14:00:00,-0.007600267480939819,237.90921020507812,85613700
2019-01-29 14:00:00,-0.0013271874670095175,237.5934600830078,66136300
2019-01-30 14:00:00,0.015831044077342867,241.3548126220703,92473700
2019-01-31 14:00:00,0.008782400730232454,243.4744873046875,104012100
2019-02-01 14:00:00,0.00048143860523438203,243.59170532226562,85782500
2019-02-04 14:00:00,0.0070356938782234505,245.3055419921875,60744800
2019-02-05 14:00:00,0.004191873475710647,246.33383178710938,79552800
2019-02-06 14:00:00,-0.0013183443186068353,246.0090789794922,58347800
2019-02-07 14:00:00,-0.009532545640858205,243.6639862060547,95482000
2019-02-08 14:00:00,0.0012212592797576118,243.96156311035156,75788900
2019-02-11 14:00:00,0.0005545942602277358,244.09686279296875,68021400
2019-02-12 14:00:00,0.012859555075247237,247.23583984375,72270200
2019-02-13 14:00:00,0.0032467748879703123,248.03855895996094,65277200
2019-02-14 14:00:00,-0.0022180861747641023,247.48838806152344,83234400
2019-02-15 14:00:00,0.010897197855481575,250.18531799316406,97088700
2019-02-19 14:00:00,0.001730406751099115,250.6182403564453,59120800
2019-02-20 14:00:00,0.002015462616039181,251.12335205078125,76610800
2019-02-21 14:00:00,-0.003555860446407196,250.2303924560547,64214700
2019-02-22 14:00:00,0.006200401619625566,251.78192138671875,78114600
2019-02-25 14:00:00,0.0013609053632616156,252.12457275390625,69030700
2019-02-26 14:00:00,-0.0007151141580257039,251.94427490234375,56844100
2019-02-27 14:00:00,-0.0004300659785772514,251.83592224121094,56921600
2019-02-28 14:00:00,-0.0018625427683505147,251.3668670654297,69268300
2019-03-01 14:00:00,0.006243694827942368,252.9363250732422,78880500
2019-03-04 14:00:00,-0.003637151172734065,252.016357421875,106494600
2019-03-05 14:00:00,-0.0013597604864670591,251.67367553710938,59114600
2019-03-06 14:00:00,-0.006057105731247703,250.14926147460938,75039800
2019-03-07 14:00:00,-0.008365854810073722,248.05654907226562,94885100
2019-03-08 14:00:00,-0.0019996759476777295,247.56051635742188,85795800
2019-03-11 13:00:00,0.014501243395175802,251.15045166015625,65098900
2019-03-12 13:00:00,0.003770976772173171,252.0975341796875,79667500
2019-03-13 13:00:00,0.006618904959027844,253.76614379882812,80639200
2019-03-14 13:00:00,-0.0006392349432240795,253.6039276123047,67518400
2019-03-15 13:00:00,0.004940257290727234,254.85679626464844,81309000
2019-03-18 13:00:00,0.00362608851059091,255.7809295654297,62199800
2019-03-19 13:00:00,0.0002478097560803918,255.8443145751953,90268100
2019-03-20 13:00:00,-0.0030100769886681664,255.07420349121094,84609200
2019-03-21 13:00:00,0.011294619946241277,257.9551696777344,79550400
2019-03-22 13:00:00,-0.01924639241423573,252.99046325683594,122659300
2019-03-25 13:00:00,-0.0007515689250103574,252.80032348632812,85575200
2019-03-26 13:00:00,0.00745392099071907,254.68467712402344,68125900
2019-03-27 13:00:00,-0.0052288611567361245,253.35296630859375,72224700
2019-03-28 13:00:00,0.0037901099390860132,254.31320190429688,56238500
2019-03-29 13:00:00,0.0063053987389202525,255.916748046875,82186800
2019-04-01 13:00:00,0.01185933974728949,258.9517517089844,77617900
2019-04-02 13:00:00,0.0004900221334913158,259.0786437988281,40070400
2019-04-03 13:00:00,0.0015731217744672265,259.4862060546875,68243200
2019-04-04 13:00:00,0.0026535827306722317,260.1747741699219,48997500
2019-04-05 13:00:00,0.0048403554223276374,261.4341125488281,58621700
2019-04-08 13:00:00,0.0007621395143715652,261.63336181640625,53566300
2019-04-09 13:00:00,-0.005124456416634065,260.2926330566406,66142300
2019-04-10 13:00:00,0.0034108432973564322,261.1804504394531,52601500
2019-04-11 13:00:00,-0.0002775064057241801,261.10797119140625,55093100
2019-04-12 13:00:00,0.006766023226311964,262.8746337890625,69727800
2019-04-15 13:00:00,-0.0006549896933738076,262.70245361328125,49596700
2019-04-16 13:00:00,0.0006554189860545148,262.8746337890625,52153200
2019-04-17 13:00:00,-0.0024469820554649264,262.23138427734375,58268300
2019-04-18 13:00:00,0.00196920723610633,262.7477722167969,68708500
2019-04-22 13:00:00,0.000861816744541837,262.9742126464844,40160100
2019-04-23 13:00:00,0.008992079621786303,265.3388977050781,52246600
2019-04-24 13:00:00,-0.002219532182239027,264.7499694824219,50392900
2019-04-25 13:00:00,-0.0006161151043643658,264.58685302734375,57770900
2019-04-26 13:00:00,0.0046568724133452645,265.8190002441406,50916400
2019-04-29 13:00:00,0.0015676739770826844,266.2357177734375,57197700
2019-04-30 13:00:00,0.0005103156666909674,266.37158203125,81111700
2019-05-01 13:00:00,-0.0075163281878690225,264.36944580078125,71671900
2019-05-02 13:00:00,-0.00215887181805358,263.7987060546875,65030200
2019-05-03 13:00:00,0.009787653068732216,266.38067626953125,56543700
2019-05-06 13:00:00,-0.004115131103356925,265.28448486328125,107198100
2019-05-07 13:00:00,-0.01669983188467017,260.8542785644531,144729900
2019-05-08 13:00:00,-0.0013895009788044068,260.4918212890625,91568300
2019-05-09 13:00:00,-0.0030254940488268463,259.7037048339844,103471100
2019-05-10 13:00:00,0.005023166353915895,261.00823974609375,112429300
2019-05-13 13:00:00,-0.0251300814548077,254.44908142089844,127290500
2019-05-14 13:00:00,0.009043586203174404,256.7502136230469,77003200
2019-05-15 13:00:00,0.005857468349405119,258.2541198730469,73956400
2019-05-16 13:00:00,0.009261597469580694,260.6459655761719,76749600
2019-05-17 13:00:00,-0.006465166745171761,258.9608459472656,100353000
2019-05-20 13:00:00,-0.0066117667882958355,257.2486572265625,62877600
2019-05-21 13:00:00,0.009015455676975355,259.56787109375,46847100
2019-05-22 13:00:00,-0.003071652291688221,258.77056884765625,49482500
2019-05-23 13:00:00,-0.01221844391238336,255.60879516601562,98733800
2019-05-24 13:00:00,0.0022686817922466765,256.1886901855469,55268100
2019-05-28 13:00:00,-0.009301124947601436,253.80584716796875,70029400
2019-05-29 13:00:00,-0.006710466037651908,252.10269165039062,104972900
2019-05-30 13:00:00,0.00273130013300002,252.791259765625,62523800
2019-05-31 13:00:00,-0.013475521834826589,249.384765625,86862800
2019-06-03 13:00:00,-0.0025428789599404784,248.7506103515625,96428000
2019-06-04 13:00:00,0.021706440634714993,254.1501007080078,77231900
2019-06-05 13:00:00,0.008662053589038076,256.3515625,71169700
2019-06-06 13:00:00,0.006502996144820651,258.01861572265625,69430400
2019-06-07 13:00:00,0.010007032729751807,260.6006164550781,74272200
2019-06-10 13:00:00,0.004588985054033903,261.7965087890625,60799100
2019-06-11 13:00:00,-0.0002419989956342262,261.733154296875,58641300
2019-06-12 13:00:00,-0.0017656444281518087,261.2710266113281,47096300
2019-06-13 13:00:00,0.004126462141567039,262.3491516113281,48945200
2019-06-14 13:00:00,-0.0011048480822254511,262.0592956542969,52324700
2019-06-17 13:00:00,0.0003801024296859998,262.1589050292969,39205700
2019-06-18 13:00:00,0.010470846429797462,264.9039306640625,85434800
2019-06-19 13:00:00,0.0022573917339026484,265.5019226074219,78674400
2019-06-20 13:00:00,0.009553944285076024,268.03851318359375,116570000
2019-06-21 13:00:00,-0.0014532477536938612,267.64898681640625,83309500
2019-06-24 13:00:00,-0.0012246984774333257,267.3211975097656,47582700
2019-06-25 13:00:00,-0.00980788921296578,264.6993408203125,82028700
2019-06-26 13:00:00,-0.0009970406983527615,264.4354248046875,51584900
2019-06-27 13:00:00,0.003545635209151277,265.3730163574219,40355200
2019-06-28 13:00:00,0.00514573625278484,266.7385559082031,59350900
2019-07-01 13:00:00,0.009078553842925722,269.16015625,78705600
2019-07-02 13:00:00,0.0026043556345693346,269.86114501953125,61504500
2019-07-03 13:00:00,0.007995196097168207,272.01873779296875,40898900
2019-07-05 13:00:00,-0.0011378233714888972,271.709228515625,51677300
2019-07-08 13:00:00,-0.005494999195809945,270.2161865234375,45841800
2019-07-09 13:00:00,0.001246718596898913,270.5530700683594,41101300
2019-07-10 13:00:00,0.004777855870909684,271.8457336425781,58448500
2019-07-11 13:00:00,0.0023443391052893735,272.4830322265625,50826100
2019-07-12 13:00:00,0.004477123494913719,273.7029724121094,40326000
2019-07-15 13:00:00,0.00033226669776742425,273.7939147949219,33900000
2019-07-16 13:00:00,-0.003225148826657753,272.910888671875,36650100
2019-07-17 13:00:00,-0.006804958299152922,271.0537414550781,36036300
2019-07-18 13:00:00,0.0036609329389277437,272.0460510253906,51392600
2019-07-19 13:00:00,-0.005555053870673365,270.5348205566406,58678600
2019-07-22 13:00:00,0.0024564334449911083,271.1993713378906,43638100
2019-07-23 13:00:00,0.007150379653280349,273.1385498046875,44564500
2019-07-24 13:00:00,0.004699334227465653,274.422119140625,47213200
2019-07-25 13:00:00,-0.004777328601562409,273.1111145019531,55394100
2019-07-26 13:00:00,0.006700408579213693,274.9410705566406,45084100
2019-07-29 13:00:00,-0.001821457434559896,274.4402770996094,38126500
2019-07-30 13:00:00,-0.0024547254660614607,273.7666015625,45849000
2019-07-31 13:00:00,-0.010940515344032361,270.7714538574219,104245200
2019-08-01 13:00:00,-0.008707555891770193,268.4136962890625,142646600
2019-08-02 13:00:00,-0.0075296348764919765,266.39263916015625,116749700
2019-08-05 13:00:00,-0.030072902826551118,258.3814392089844,178745400
2019-08-06 13:00:00,0.014022676992522302,262.004638671875,120711700
2019-08-07 13:00:00,0.0005908890568231903,262.1594543457031,140572300
2019-08-08 13:00:00,0.01962018015140317,267.3030700683594,87713900
2019-08-09 13:00:00,-0.006811860777964393,265.48223876953125,93730000
2019-08-12 13:00:00,-0.012173362475834323,262.25042724609375,65527600
2019-08-13 13:00:00,0.015551662655459025,266.328857421875,94299800
2019-08-14 13:00:00,-0.029567332152027302,258.4542236328125,135622100
2019-08-15 13:00:00,0.002641625461623223,259.136962890625,99556600
2019-08-16 13:00:00,0.014755046282120734,262.9605407714844,83018300
2019-08-19 13:00:00,0.012047316075277622,266.1285095214844,53571800
2019-08-20 13:00:00,-0.007661717523274758,264.0895080566406,51596400
2019-08-21 13:00:00,0.008134915934656739,266.23785400390625,49524700
2019-08-22 13:00:00,-0.00030776877154524684,266.1559143066406,51666400
2019-08-23 13:00:00,-0.02568751313579694,259.31903076171875,149161500
2019-08-26 13:00:00,0.011058367969556684,262.1866760253906,72423800
2019-08-27 13:00:00,-0.0039232561466305636,261.1580505371094,66668900
2019-08-28 13:00:00,0.007041321151295798,262.9969482421875,59696700
2019-08-29 13:00:00,0.012772973040713939,266.356201171875,57899400
2019-08-30 13:00:00,-0.0004443191765315148,266.23785400390625,62901200
2019-09-03 13:00:00,-0.005847033533155695,264.68115234375,69101400
2019-09-04 13:00:00,0.011350072961460483,267.685302734375,46887300
2019-09-05 13:00:00,0.012855480332239185,271.12652587890625,83258100
2019-09-06 13:00:00,0.0007726011151839757,271.33599853515625,49584300
2019-09-09 13:00:00,0.0005028602637817566,271.4724426269531,51260300
2019-09-10 13:00:00,-0.0002342728867691914,271.4088439941406,57947100
2019-09-11 13:00:00,0.00711045395385969,273.33868408203125,68821100
2019-09-12 13:00:00,0.0034641983341747833,274.28558349609375,72908700
2019-09-13 13:00:00,-0.0006640119539953649,274.10345458984375,62104800
2019-09-16 13:00:00,-0.0030884602255533454,273.25689697265625,58191200
2019-09-17 13:00:00,0.002531694483030198,273.9486999511719,41475500
2019-09-18 13:00:00,0.0005983233800291442,274.11260986328125,73375800
2019-09-19 13:00:00,-6.668802761752735e-05,274.0943298339844,76560500
2019-09-20 13:00:00,-0.004724811148398774,272.7992858886719,89565000
2019-09-23 13:00:00,-0.00023458771572533078,272.73529052734375,43476800
2019-09-24 13:00:00,-0.007846825385280726,270.5951843261719,94869400
2019-09-25 13:00:00,0.0059149442142051815,272.19573974609375,71854000
2019-09-26 13:00:00,-0.002083120779522183,271.62872314453125,56179700
2019-09-27 13:00:00,-0.005387535629100085,270.1653137207031,84746600
2019-09-30 13:00:00,0.004638092657253199,271.4183654785156,51662400
2019-10-01 13:00:00,-0.011894978511524329,268.1898498535156,88242400
2019-10-02 13:00:00,-0.01766456589605538,263.452392578125,122539500
2019-10-03 13:00:00,0.008192815130372412,265.6108093261719,85278800
2019-10-04 13:00:00,0.01353208782408527,269.205078125,65091200
2019-10-07 13:00:00,-0.004314777665725915,268.04351806640625,59610500
2019-10-08 13:00:00,-0.015524549568781488,263.88226318359375,95708100
2019-10-09 13:00:00,0.009496126586031932,266.38812255859375,62359400
2019-10-10 13:00:00,0.006763542149014447,268.1898498535156,55296300
2019-10-11 13:00:00,0.010367152193690405,270.97021484375,98720400
2019-10-14 13:00:00,-0.0011138451059290347,270.66839599609375,40394800
2019-10-15 13:00:00,0.009900260021634268,273.34808349609375,46754500
2019-10-16 13:00:00,-0.0016059939243524947,272.9090881347656,48928200
2019-10-17 13:00:00,0.0029490024528427425,273.7138977050781,45736600
2019-10-18 13:00:00,-0.004377271768927324,272.5157775878906,64304000
2019-10-21 13:00:00,0.006779437427300979,274.36328125,39048600
2019-10-22 13:00:00,-0.0032670636559078547,273.4669189453125,48594700
2019-10-23 13:00:00,0.0029097315869140864,274.26263427734375,34352200
2019-10-24 13:00:00,0.0016339087472424174,274.71075439453125,35453100
2019-10-25 13:00:00,0.004094994268874333,275.835693359375,45205400
2019-10-28 13:00:00,0.005636834265190211,277.3905334472656,42147000
2019-10-29 13:00:00,-0.0002967149137364923,277.3082275390625,44284900
2019-10-30 13:00:00,0.003067294270524966,278.1588134765625,49643900
2019-10-31 13:00:00,-0.002663716709301055,277.4178771972656,69053800
2019-11-01 13:00:00,0.009264249245002628,279.9879455566406,71141500
2019-11-04 14:00:00,0.004017485145201803,281.11279296875,60606900
2019-11-05 14:00:00,-0.001106116872988385,280.8018493652344,42933200
2019-11-06 14:00:00,0.00022790220745621685,280.8658447265625,46487100
2019-11-07 14:00:00,0.003517173848133714,281.85369873046875,54272300
2019-11-08 14:00:00,0.0024659525311446287,282.5487365722656,49032100
2019-11-11 14:00:00,-0.0019098008469354349,282.0091247558594,35797300
2019-11-12 14:00:00,0.002107809054878461,282.6035461425781,46484600
2019-11-13 14:00:00,0.00032385374510021376,282.695068359375,53917700
2019-11-14 14:00:00,0.0014555206365902968,283.1065368652344,51219900
2019-11-15 14:00:00,0.00723641198749358,285.15521240234375,62023600
2019-11-18 14:00:00,0.0007375883002998941,285.36553955078125,49228000
2019-11-19 14:00:00,-0.0002882088467175953,285.2832946777344,67804700
2019-11-20 14:00:00,-0.0037190194479920814,284.2223205566406,79406200
2019-11-21 14:00:00,-0.001608543048256184,283.76513671875,54664700
2019-11-22 14:00:00,0.0022236045365146063,284.3961181640625,44850200
2019-11-25 14:00:00,0.007750218583527237,286.6002502441406,48647200
2019-11-26 14:00:00,0.00226581639188625,287.2496337890625,37569000
2019-11-27 14:00:00,0.004457537537996956,288.5300598144531,44444600
2019-11-29 14:00:00,-0.0037086893478729243,287.4599914550781,36592700
2019-12-02 14:00:00,-0.008494622160501487,285.01812744140625,75767800
2019-12-03 14:00:00,-0.00670690876167116,283.1065368652344,73941700
2019-12-04 14:00:00,0.006170315630276921,284.8533935546875,49080000
2019-12-05 14:00:00,0.0017979283648429688,285.36553955078125,40709000
2019-12-06 14:00:00,0.009134242012871973,287.9721374511719,48927000
2019-12-09 14:00:00,-0.0031439325979510336,287.0667724609375,34838500
2019-12-10 14:00:00,-0.0011152802860628554,286.7466125488281,52649800
2019-12-11 14:00:00,0.0028387270353176894,287.56060791015625,53429100
2019-12-12 14:00:00,0.00861868241515832,290.03900146484375,96389600
2019-12-13 14:00:00,0.000599537163202265,290.212890625,81503900
2019-12-16 14:00:00,0.006869830539272759,292.20660400390625,82749700
2019-12-17 14:00:00,0.00021911167656359367,292.2706298828125,61097700
2019-12-18 14:00:00,6.254487255255335e-05,292.2889099121094,48133000
2019-12-19 14:00:00,0.004098990960586352,293.48699951171875,85310500
2019-12-20 14:00:00,0.004384223657692195,294.7737121582031,147142100
2019-12-23 14:00:00,0.0015275679162079045,295.2239990234375,52990000
2019-12-24 14:00:00,3.14247614715885e-05,295.2332763671875,20270000
2019-12-26 14:00:00,0.0053229185574337695,296.8047790527344,30911200
2019-12-27 14:00:00,-0.0002474886380917197,296.7313232421875,42528800
2019-12-30 14:00:00,-0.005513461901586417,295.0953063964844,49729100
2019-12-31 14:00:00,0.0024294488247443066,295.8122253417969,57077300
2020-01-02 14:00:00,0.009351837762136762,298.57861328125,59151200
2020-01-03 14:00:00,-0.007572192631429183,296.3177185058594,77709700
2020-01-06 14:00:00,0.0038149326155934777,297.4481506347656,55653900
2020-01-07 14:00:00,-0.002811902719472203,296.61175537109375,40496400
2020-01-08 14:00:00,0.00532997289743146,298.19268798828125,68296000
2020-01-09 14:00:00,0.006780656334374423,300.2146301269531,48473300
2020-01-10 14:00:00,-0.0028779865641778706,299.3506164550781,53029300
2020-01-13 14:00:00,0.006877578531246582,301.409423828125,47086800
2020-01-14 14:00:00,-0.0015247174529169195,300.9498596191406,62832800
2020-01-15 14:00:00,0.002259893880510367,301.6299743652344,72056600
2020-01-16 14:00:00,0.008318451253266579,304.1390686035156,54050300
2020-01-17 14:00:00,0.003112172360726624,305.0856018066406,95846000
2020-01-21 14:00:00,-0.001957878553112445,304.48828125,77742400
2020-01-22 14:00:00,0.00012067184954264969,304.5250244140625,48914900
2020-01-23 14:00:00,0.0011469457471111398,304.8742980957031,51963000
2020-01-24 14:00:00,-0.008893185578032538,302.1629943847656,87578400
2020-01-27 14:00:00,-0.01602924552055255,297.3195495605469,84062500
2020-01-28 14:00:00,0.0104789630905284,300.4351501464844,63834000
2020-01-29 14:00:00,-0.0008258285025413273,300.1870422363281,53888900
2020-01-30 14:00:00,0.003245352095236033,301.1612548828125,75491800
2020-01-31 14:00:00,-0.018158065722972558,295.6927490234375,113845600
2020-02-03 14:00:00,0.007428637481087307,297.88934326171875,69083000
2020-02-04 14:00:00,0.015241304432900827,302.4295654296875,62573200
2020-02-05 14:00:00,0.011548018307142312,305.9220275878906,65951100
2020-02-06 14:00:00,0.003364971634861274,306.9514465332031,50359700
2020-02-07 14:00:00,-0.0053298880464020095,305.3154296875,64139400
2020-02-10 14:00:00,0.007465383840354654,307.5947265625,42070000
2020-02-11 14:00:00,0.0017329638354546522,308.1277770996094,54864500
2020-02-12 14:00:00,0.00644287740259694,310.1130065917969,43992700
2020-02-13 14:00:00,-0.0010667419290492624,309.7821960449219,54501900
2020-02-14 14:00:00,0.0016019201368779237,310.2784423828125,64582200
2020-02-18 14:00:00,-0.0025770113395973955,309.4788513183594,57226200
2020-02-19 14:00:00,0.004781381092185852,310.9585876464844,48814700
2020-02-20 14:00:00,-0.0041083504563672515,309.6810607910156,74163400
2020-02-21 14:00:00,-0.0102982677037168,306.49188232421875,113788200
2020-02-24 14:00:00,-0.033165371020935114,296.32696533203125,161088400
2020-02-25 14:00:00,-0.030302340607795516,287.3475646972656,218913200
2020-02-26 14:00:00,-0.0036780710730521713,286.2906799316406,194773800
2020-02-27 14:00:00,-0.04491165443809639,273.4328918457031,284353500
2020-02-28 14:00:00,-0.0042015216997518595,272.2840576171875,384975800
2020-03-02 14:00:00,0.04330622792305578,284.0756530761719,238703600
2020-03-03 14:00:00,-0.028632152814534444,275.94195556640625,300139100
2020-03-04 14:00:00,0.04203276109685552,287.5405578613281,176613400
2020-03-05 14:00:00,-0.03324163785063864,277.98223876953125,186366800
2020-03-06 14:00:00,-0.016531045056703747,273.38690185546875,228667200
2020-03-09 13:00:00,-0.07809447328534677,252.03689575195312,309417300
2020-03-10 13:00:00,0.05174466580576104,265.0784606933594,276444100
2020-03-11 13:00:00,-0.04874833800382704,252.1563262939453,255316300
2020-03-12 13:00:00,-0.0956769543361861,228.03077697753906,392220700
2020-03-13 13:00:00,0.08548606568758166,247.52423095703125,329566100
2020-03-16 13:00:00,-0.10942365767240374,220.43922424316406,297240000
2020-03-17 13:00:00,0.053992242521737656,232.3412322998047,262070500
2020-03-18 13:00:00,-0.05063298288567166,220.5771026611328,327597100
2020-03-19 13:00:00,0.0021250380731088086,221.04583740234375,289322000
2020-03-20 13:00:00,-0.04309437916509624,211.52000427246094,347158800
2020-03-23 13:00:00,-0.02556828203366355,206.11180114746094,326025200
2020-03-24 13:00:00,0.09060351533191,224.7862548828125,235494500
2020-03-25 13:00:00,0.014970072480964719,228.1513214111328,299430300
2020-03-26 13:00:00,0.058390028173252964,241.47308349609375,257632800
2020-03-27 13:00:00,-0.02978575915092277,234.28062438964844,224341200
2020-03-30 13:00:00,0.032475511786484335,241.88900756835938,171369500
2020-03-31 13:00:00,-0.014905152128650494,238.2836151123047,194881100
2020-04-01 13:00:00,-0.04500499642837818,227.55966186523438,189554600
2020-04-02 13:00:00,0.023075365360566206,232.81068420410156,177660400
2020-04-03 13:00:00,-0.014454089767504872,229.44561767578125,135561200
2020-04-06 13:00:00,0.06716615632374336,244.85659790039062,188061200
2020-04-07 13:00:00,0.0010197594280074397,245.10629272460938,201427200
2020-04-08 13:00:00,0.033568225081717404,253.33407592773438,153774500
2020-04-09 13:00:00,0.01521722448821268,257.1891174316406,189999200
2020-04-13 13:00:00,-0.009130149332435328,254.8409423828125,114839100
2020-04-14 13:00:00,0.029492871673842975,262.35693359375,134143400
2020-04-15 13:00:00,-0.021248210985525966,256.7823181152344,121775000
2020-04-16 13:00:00,0.004824319906140101,258.0211181640625,131798300
2020-04-17 13:00:00,0.027015426437603286,264.9916687011719,146684800
2020-04-20 13:00:00,-0.017618063841786373,260.3230285644531,100109300
2020-04-21 13:00:00,-0.030362890250185664,252.4188690185547,126385700
2020-04-22 13:00:00,0.022194256583472786,258.0211181640625,92951600
2020-04-23 13:00:00,-7.143840519201082e-05,258.002685546875,104709700
2020-04-24 13:00:00,0.013938817860687996,261.59893798828125,85063200
2020-04-27 13:00:00,0.01441786433481559,265.3706359863281,77896600
2020-04-28 13:00:00,-0.0045979232180632535,264.1504821777344,105270000
2020-04-29 13:00:00,0.026178292342730204,271.06549072265625,118745600
2020-04-30 13:00:00,-0.009310566190594886,268.5417175292969,122901700
2020-05-01 13:00:00,-0.02647366492131722,261.43243408203125,125180000
2020-05-04 13:00:00,0.002758264696756643,262.1535339355469,80873200
2020-05-05 13:00:00,0.009239548059561035,264.5757141113281,79569900
2020-05-06 13:00:00,-0.006778730825133336,262.7822265625,73632600
2020-05-07 13:00:00,0.012066639661970574,265.953125,75250400
2020-05-08 13:00:00,0.016545967114153105,270.35357666015625,76452400
2020-05-11 13:00:00,0.00020510340620656227,270.4090270996094,79514200
2020-05-12 13:00:00,-0.019931014970155505,265.0195007324219,95870800
2020-05-13 13:00:00,-0.017686226150396372,260.3323059082031,144721100
2020-05-14 13:00:00,0.011967783157254809,263.4479064941406,121977900
2020-05-15 13:00:00,0.004596728633268468,264.6589050292969,111146300
2020-05-18 13:00:00,0.03045970391161881,272.7203369140625,119703800
2020-05-19 13:00:00,-0.01027113523191406,269.919189453125,95189300
2020-05-20 13:00:00,0.016987777555673943,274.5045166015625,85861700
2020-05-21 13:00:00,-0.0069036407483120555,272.60943603515625,78293900
2020-05-22 13:00:00,0.001898718731479908,273.1270446777344,63958200
2020-05-26 13:00:00,0.01232057334739543,276.49212646484375,88951400
2020-05-27 13:00:00,0.014878984699275746,280.6060485839844,104817400
2020-05-28 13:00:00,-0.0018446097124068465,280.08843994140625,90405200
2020-05-29 13:00:00,0.004455575969242765,281.3363952636719,119090800
2020-06-01 13:00:00,0.004041618725844958,282.47344970703125,55758300
2020-06-02 13:00:00,0.008280170136634367,284.8123779296875,74267200
2020-06-03 13:00:00,0.013308536021392236,288.6028137207031,92567600
2020-06-04 13:00:00,-0.0026268547628053355,287.8446960449219,75794400
2020-06-05 13:00:00,0.025629512849478297,295.2220153808594,150524700
2020-06-08 13:00:00,0.012087657066716561,298.7905578613281,73641200
2020-06-09 13:00:00,-0.007456717649042685,296.56256103515625,77479200
2020-06-10 13:00:00,-0.005580194287532459,294.9076843261719,95000800
2020-06-11 13:00:00,-0.057648676183197974,277.9066467285156,209243600
2020-06-12 13:00:00,0.011975584325167505,281.2347412109375,194678900
2020-06-15 13:00:00,0.009335358906190657,283.86016845703125,135782700
2020-06-16 13:00:00,0.019247693659000187,289.3238220214844,137627500
2020-06-17 13:00:00,-0.004153867233412193,288.12200927734375,83398900
2020-06-18 13:00:00,0.00038522718871429444,288.2330017089844,80828700
2020-06-19 13:00:00,-0.0057149851151197285,286.58575439453125,135549600
2020-06-22 13:00:00,0.006415399172938912,288.42431640625,74649400
2020-06-23 13:00:00,0.004603491153611097,289.7520751953125,68471200
2020-06-24 13:00:00,-0.025508615637779637,282.36090087890625,132813500
2020-06-25 13:00:00,0.010720459400704811,285.387939453125,89468000
2020-06-26 13:00:00,-0.023751356988200512,278.6095886230469,127961000
2020-06-29 13:00:00,0.014697552839543198,282.7044677734375,79773300
2020-06-30 13:00:00,0.012809407944592094,286.32574462890625,113394800
2020-07-01 13:00:00,0.007004769181872036,288.3313903808594,72396500
2020-07-02 13:00:00,0.005507066384012012,289.91925048828125,69344200
2020-07-06 13:00:00,0.015437248173014232,294.3948059082031,61713800
2020-07-07 13:00:00,-0.010313755056247563,291.3584899902344,82910000
2020-07-08 13:00:00,0.0076484971826921615,293.5869445800781,54638600
2020-07-09 13:00:00,-0.0056928832566531225,291.91558837890625,83354200
2020-07-10 13:00:00,0.010210663541543612,294.896240234375,57550400
2020-07-13 13:00:00,-0.008659072187565972,292.34271240234375,102997500
2020-07-14 13:00:00,0.012959150417882545,296.1312255859375,93657000
2020-07-15 13:00:00,0.009187285415310645,298.85186767578125,87196500
2020-07-16 13:00:00,-0.0032934474773144047,297.86761474609375,54622500
2020-07-17 13:00:00,0.0028990240894804236,298.73114013671875,62774900
2020-07-20 13:00:00,0.008081564870624882,301.1453552246094,56308800
2020-07-21 13:00:00,0.0021274976486965707,301.7860412597656,57292200
2020-07-22 13:00:00,0.005692024158338748,303.5038146972656,57792900
2020-07-23 13:00:00,-0.011931770591539869,299.8824768066406,75738000
2020-07-24 13:00:00,-0.006440307782518563,297.9511413574219,73766600
2020-07-27 13:00:00,0.007292541438246619,300.12396240234375,48293000
2020-07-28 13:00:00,-0.006342594033105217,298.22039794921875,57495000
2020-07-29 13:00:00,0.012298909362852517,301.88818359375,48454200
2020-07-30 13:00:00,-0.003568037757150228,300.81103515625,61861700
2020-07-31 13:00:00,0.007902017819663962,303.18804931640625,84986800
2020-08-03 13:00:00,0.006952283000092804,305.2958984375,53077900
2020-08-04 13:00:00,0.0038626796492900396,306.47515869140625,41917900
2020-08-05 13:00:00,0.006210954995818803,308.378662109375,42697700
2020-08-06 13:00:00,0.006684643331309244,310.4400634765625,43679400
2020-08-07 13:00:00,0.0007179159498648316,310.6629333496094,57308300
2020-08-10 13:00:00,0.0029887611774019594,311.5914306640625,44282100
2020-08-11 13:00:00,-0.008254663852756276,309.01934814453125,69601100
2020-08-12 13:00:00,0.013942401035913089,313.32781982421875,53774400
2020-08-13 13:00:00,-0.0018078087285575341,312.7613830566406,41816100
2020-08-14 13:00:00,2.9760263997935322e-05,312.77069091796875,47260400
2020-08-17 13:00:00,0.0031765453167032073,313.76422119140625,35481000
2020-08-18 13:00:00,0.002160400707061452,314.44207763671875,38733900
2020-08-19 13:00:00,-0.004163675004886624,313.1328430175781,68054200
2020-08-20 13:00:00,0.003113519038642156,314.1077880859375,42207800
2020-08-21 13:00:00,0.0035474711941025296,315.2220764160156,55106600
2020-08-24 13:00:00,0.010133411145125802,318.4163513183594,48588700
2020-08-25 13:00:00,0.003498990355157872,319.5304870605469,38463400
2020-08-26 13:00:00,0.010025715411339136,322.7340087890625,50790200
2020-08-27 13:00:00,0.0021864055915701308,323.43963623046875,58034100
2020-08-28 13:00:00,0.006459422916704015,325.52886962890625,48588900
2020-08-31 13:00:00,-0.0036225043194246143,324.3496398925781,66099200
2020-09-01 13:00:00,0.009418543285753709,327.404541015625,54908700
2020-09-02 13:00:00,0.01446395694713616,332.1401062011719,69540000
2020-09-03 13:00:00,-0.03441445254115677,320.7096862792969,148011100
2020-09-04 13:00:00,-0.008164323678289545,318.09130859375,139156300
2020-09-08 13:00:00,-0.027323045017967583,309.40008544921875,114465300
2020-09-09 13:00:00,0.019747451822384195,315.50994873046875,91462300
2020-09-10 13:00:00,-0.01736371260021879,310.0315246582031,90569500
2020-09-11 13:00:00,0.0005090011303152155,310.1893310546875,84680200
2020-09-14 13:00:00,0.013171414730245632,314.27496337890625,65605700
2020-09-15 13:00:00,0.0050523578867763,315.86279296875,52920900
2020-09-16 13:00:00,-0.003968622031359418,314.6092529296875,82096000
2020-09-17 13:00:00,-0.008795516511794027,311.84210205078125,91523300
2020-09-18 13:00:00,-0.01151271397342178,308.251953125,105877900
2020-09-21 13:00:00,-0.011129316489782987,304.8213195800781,99450800
2020-09-22 13:00:00,0.010184529330817744,307.92578125,63612100
2020-09-23 13:00:00,-0.02319112017785333,300.7846374511719,93112200
2020-09-24 13:00:00,0.0026654529357471725,301.58636474609375,76681300
2020-09-25 13:00:00,0.016166851271282572,306.4620666503906,71069400
2020-09-28 13:00:00,0.016609592229710993,311.5522766113281,64584600
2020-09-29 13:00:00,-0.005446204284575928,309.8554992675781,51304000
2020-09-30 13:00:00,0.007581934820495117,312.2048034667969,104081100
2020-10-01 13:00:00,0.006419931640503769,314.2091369628906,88698700
2020-10-02 13:00:00,-0.009494265008612564,311.2259521484375,89431100
2020-10-05 13:00:00,0.017733137012107564,316.7449645996094,45713100
2020-10-06 13:00:00,-0.014216262895266727,312.2420349121094,90128900
2020-10-07 13:00:00,0.017406751882193375,317.6771545410156,56999600
2020-10-08 13:00:00,0.008862454002994338,320.4925537109375,45242500
2020-10-09 13:00:00,0.008930574467477314,323.354736328125,59528600
2020-10-12 13:00:00,0.01608729890876364,328.556640625,80388500
2020-10-13 13:00:00,-0.006526106282806546,326.4124450683594,73255500
2020-10-14 13:00:00,-0.0062834456958813035,324.3614501953125,57727900
2020-10-15 13:00:00,-0.0012357136486237797,323.96063232421875,60357700
2020-10-16 13:00:00,-0.0006043968362613987,323.76483154296875,89501900
2020-10-19 13:00:00,-0.015203514408255684,318.84246826171875,68425600
2020-10-20 13:00:00,0.004005903618263314,320.1197204589844,60051900
2020-10-21 13:00:00,-0.0018929075359093311,319.5137634277344,63575000
2020-10-22 13:00:00,0.0054850954079757,321.2663269042969,55399300
2020-10-23 13:00:00,0.003395282055958557,322.35711669921875,49143900
2020-10-26 13:00:00,-0.018479696767906232,316.4000549316406,91473000
2020-10-27 13:00:00,-0.0034476948188703928,315.3092041015625,65994100
2020-10-28 13:00:00,-0.03417898012901987,304.5322570800781,127094300
2020-10-29 13:00:00,0.01016333141695894,307.6273193359375,90597700
2020-10-30 13:00:00,-0.010424458242049964,304.42047119140625,120287300
2020-11-02 14:00:00,0.011208440891205734,307.8325500488281,86068300
2020-11-03 14:00:00,0.017655793954569704,313.267578125,93294200
2020-11-04 14:00:00,0.0223493037414351,320.2688903808594,126959700
2020-11-05 14:00:00,0.01950265523002322,326.5149841308594,82039700
2020-11-06 14:00:00,-0.00022824044654374146,326.4404602050781,74973000
2020-11-09 14:00:00,0.012565532442830337,330.5423583984375,172304200
2020-11-10 14:00:00,-0.0014665948741470485,330.0575866699219,85552000
2020-11-11 14:00:00,0.007428531749433004,332.5094299316406,58649000
2020-11-12 14:00:00,-0.009701102337084579,329.2837219238281,67546200
2020-11-13 14:00:00,0.013844803446608605,333.84259033203125,62892200
2020-11-16 14:00:00,0.01248263837151627,338.00982666015625,74541100
2020-11-17 14:00:00,-0.0053786119167136305,336.1918029785156,66111000
2020-11-18 14:00:00,-0.012034676148587739,332.1458435058594,70591300
2020-11-19 14:00:00,0.004210311606610035,333.5442810058594,59940900
2020-11-20 14:00:00,-0.006848022233976258,331.2601623535156,70417300
2020-11-23 14:00:00,0.0059943436655696646,333.245849609375,63230600
2020-11-24 14:00:00,0.016113665085441126,338.61566162109375,62415900
2020-11-25 14:00:00,-0.0015416702491168246,338.0936279296875,45330900
2020-11-27 14:00:00,0.002785176391496005,339.0352783203125,28514100
2020-11-30 14:00:00,-0.00442719875623655,337.5343017578125,83872700
2020-12-01 14:00:00,0.010937473441103534,341.22607421875,74231400
2020-12-02 14:00:00,0.0021036917366287415,341.94390869140625,45927000
2020-12-03 14:00:00,-0.00027229357942270903,341.8507995605469,62882000
2020-12-04 14:00:00,0.008617390452774102,344.7966613769531,50749900
2020-12-07 14:00:00,-0.002054911461435294,344.088134765625,48944300
2020-12-08 14:00:00,0.0029262763545801892,345.09503173828125,42458900
2020-12-09 14:00:00,-0.008969078200231092,341.9998474121094,74098300
2020-12-10 14:00:00,-0.00032685946943471336,341.8880615234375,57735400
2020-12-11 14:00:00,-0.001172722848582896,341.48712158203125,57698600
2020-12-14 14:00:00,-0.004477182446592224,339.9582214355469,69216200
2020-12-15 14:00:00,0.013519422471830833,344.55426025390625,63865300
2020-12-16 14:00:00,0.0015694813466433381,345.09503173828125,58420500
2020-12-17 14:00:00,0.005591845260298084,347.0247497558594,64119500
2020-12-18 14:00:00,-0.003992856757802775,345.6391296386719,136542300
2020-12-21 14:00:00,-0.003575432351839849,344.4033203125,96386700
2020-12-22 14:00:00,-0.0016855394151456464,343.82281494140625,47949000
2020-12-23 14:00:00,0.0008985135073483192,344.1317443847656,46201400
2020-12-24 14:00:00,0.0038905657770503263,345.4706115722656,26457900
2020-12-28 14:00:00,0.008590876932499004,348.4385070800781,39000400
2020-12-29 14:00:00,-0.0019078385160917327,347.77374267578125,53680500
2020-12-30 14:00:00,0.001426835207553627,348.26995849609375,49455300
2020-12-31 14:00:00,0.0050806555492367315,350.0393981933594,78520700
2021-01-04 14:00:00,-0.013613928607889859,345.27398681640625,110210800
2021-01-05 14:00:00,0.006887257115957326,347.6519775390625,66426200
2021-01-06 14:00:00,0.005978391588379773,349.7303771972656,107997700
2021-01-07 14:00:00,0.014857636999763961,354.9265441894531,68766800
2021-01-08 14:00:00,0.0056978222190389475,356.9488525390625,71677200
2021-01-11 14:00:00,-0.006740990894712093,354.54266357421875,51034700
2021-01-12 14:00:00,0.0002113163294413829,354.6175842285156,52547700
2021-01-13 14:00:00,0.0026932621716371165,355.5726623535156,45303600
2021-01-14 14:00:00,-0.0035023243977872196,354.32733154296875,49989100
2021-01-15 14:00:00,-0.007292647631069476,351.74334716796875,107160000
2021-01-19 14:00:00,0.007851950463676411,354.5052185058594,51233300
2021-01-20 14:00:00,0.013838850792933146,359.4111633300781,61836100
2021-01-21 14:00:00,0.0009116779603954595,359.73883056640625,47840100
2021-01-22 14:00:00,-0.0035398096458391904,358.4654235839844,52860500
2021-01-25 14:00:00,0.003944255990982612,359.8793029785156,70402000
2021-01-26 14:00:00,-0.0015611584457103122,359.3174743652344,42665300
2021-01-27 14:00:00,-0.024440393184540835,350.5356140136719,123351100
2021-01-28 14:00:00,0.008600120264477379,353.5502624511719,94198100
2021-01-29 14:00:00,-0.020019619969901085,346.4723205566406,126765100
2021-02-01 14:00:00,0.016645608002321812,352.23956298828125,75817600
2021-02-02 14:00:00,0.014140302365600415,357.2203369140625,64450700
2021-02-03 14:00:00,0.0007861331645678625,357.50115966796875,52427100
2021-02-04 14:00:00,0.011365818955119074,361.564453125,47142600
2021-02-05 14:00:00,0.00393602360078003,362.9875793457031,48669800
2021-02-08 14:00:00,0.0072217317476989335,365.6089782714844,38365200
2021-02-09 14:00:00,-0.000665844481867069,365.36553955078125,35551100
2021-02-10 14:00:00,-0.00043567241644001844,365.20635986328125,59154400
2021-02-11 14:00:00,0.0016152642724433575,365.7962646484375,42913300
2021-02-12 14:00:00,0.004939843549512565,367.6032409667969,50593300
2021-02-16 14:00:00,-0.0008660407186909303,367.2848815917969,50972400
2021-02-17 14:00:00,0.0002292443883940022,367.36907958984375,52290600
2021-02-18 14:00:00,-0.004255957202015294,365.8055725097656,59712800
2021-02-19 14:00:00,-0.001765704487725872,365.15966796875,83241000
2021-02-22 14:00:00,-0.0076919142551885615,362.35089111328125,67414200
2021-02-23 14:00:00,0.0012143835430690527,362.7909240722656,107284100
2021-02-24 14:00:00,0.011019325226681543,366.78863525390625,72433900
2021-02-25 14:00:00,-0.02409573897177203,357.9505920410156,146670500
2021-02-26 14:00:00,-0.005152811436293222,356.10614013671875,152701600
2021-03-01 14:00:00,0.024240445917459472,364.7383117675781,105348800
2021-03-02 14:00:00,-0.007803379339167628,361.8921203613281,79595300
2021-03-03 14:00:00,-0.013245541313427917,357.0986633300781,119940200
2021-03-04 14:00:00,-0.012374749057998059,352.6796569824219,183433000
2021-03-05 14:00:00,0.018396316496701842,359.16766357421875,152039600
2021-03-08 14:00:00,-0.0049785006737073,357.3795471191406,123149200
2021-03-09 14:00:00,0.014277476337062799,362.4820251464844,113633600
2021-03-10 14:00:00,0.0062245476039313975,364.7383117675781,109899400
2021-03-11 14:00:00,0.01013902154036921,368.4364013671875,86245000
2021-03-12 14:00:00,0.001346981062748345,368.93267822265625,64653600
2021-03-15 13:00:00,0.005963428803229597,371.1327819824219,73427200
2021-03-16 13:00:00,-0.0012612160283470184,370.6647033691406,73722500
2021-03-17 13:00:00,0.0034096987627389263,371.9285583496094,97959300
2021-03-18 13:00:00,-0.01454967053967001,366.5171203613281,115349100
2021-03-19 13:00:00,-0.0018500365486089838,365.83905029296875,113624500
2021-03-22 13:00:00,0.00798494204197696,368.76025390625,73778600
2021-03-23 13:00:00,-0.007870957640213925,365.8577575683594,90686600
2021-03-24 13:00:00,-0.005083402518111842,363.9979553222656,97588600
2021-03-25 13:00:00,0.005625745913744599,366.04571533203125,116128600
2021-03-26 13:00:00,0.016114687076319266,371.9444274902344,114409100
2021-03-29 13:00:00,-0.0005048460047383157,371.75665283203125,108107600
2021-03-30 13:00:00,-0.0026531552764050927,370.77032470703125,76262200
2021-03-31 13:00:00,0.004053368223390748,372.273193359375,112734200
2021-04-01 13:00:00,0.010799065601368283,376.29339599609375,99682900
2021-04-05 13:00:00,0.014353245503667284,381.6944274902344,91684800
2021-04-06 13:00:00,-0.0005907720116542552,381.46893310546875,62021000
2021-04-07 13:00:00,0.0011572824071474069,381.910400390625,55836300
2021-04-08 13:00:00,0.00474683645452773,383.7232666015625,57863100
2021-04-09 13:00:00,0.007270250847712123,386.5130310058594,61104600
2021-04-12 13:00:00,0.00036446155581974283,386.6539001464844,56704900
2021-04-13 13:00:00,0.0029636440769936563,387.7998046875,56551000
2021-04-14 13:00:00,-0.003415011571188622,386.4754638671875,61659900
2021-04-15 13:00:00,0.010742158813925554,390.6270446777344,60229800
2021-04-16 13:00:00,0.003342716877966342,391.93280029296875,82037300
2021-04-19 13:00:00,-0.004913082403646417,390.0072021484375,78498500
2021-04-20 13:00:00,-0.007321579535634327,387.1517333984375,81851800
2021-04-21 13:00:00,0.009462022792031776,390.8149719238281,66793000
2021-04-22 13:00:00,-0.00913290216281535,387.2456970214844,97582800
2021-04-23 13:00:00,0.010842391447827521,391.4443664550781,73209200
2021-04-26 13:00:00,0.0020874963133970005,392.2615051269531,52182400
2021-04-27 13:00:00,-0.00021565900670044442,392.1769104003906,51303100
2021-04-28 13:00:00,-0.00028721828815565786,392.06427001953125,51238900
2021-04-29 13:00:00,0.006372769332246297,394.56280517578125,78544300
2021-04-30 13:00:00,-0.006570483146691393,391.9703369140625,85527000
2021-05-03 13:00:00,0.002156712771420679,392.8157043457031,68128300
2021-05-04 13:00:00,-0.0061693852095882585,390.39227294921875,101591200
2021-05-05 13:00:00,0.00031315532206922656,390.5145263671875,60162200
2021-05-06 13:00:00,0.00798546151333424,393.6329650878906,74321400
2021-05-07 13:00:00,0.007277863855397868,396.4977722167969,67733800
2021-05-10 13:00:00,-0.009902220822433725,392.5715637207031,81852400
2021-05-11 13:00:00,-0.008925133621247557,389.06781005859375,116888000
2021-05-12 13:00:00,-0.021245003715593114,380.80206298828125,134811000
2021-05-13 13:00:00,0.012012544836474591,385.37646484375,106394000
2021-05-14 13:00:00,0.015355143674192367,391.2939758300781,82201600
2021-05-17 13:00:00,-0.002544392529013398,390.2983703613281,65129200
2021-05-18 13:00:00,-0.008615719847619458,386.9356689453125,59810200
2021-05-19 13:00:00,-0.002621635528303726,385.9212646484375,106467100
2021-05-20 13:00:00,0.010757743161639834,390.0729064941406,78022200
2021-05-21 13:00:00,-0.0008186570566258921,389.7535705566406,76578700
2021-05-24 13:00:00,0.010194304559899055,393.7268371582031,51376700
2021-05-25 13:00:00,-0.002218632497989984,392.8533020019531,57451400
2021-05-26 13:00:00,0.0019846163490656464,393.6329650878906,43088600
2021-05-27 13:00:00,0.0005248645876498665,393.8395690917969,56707700
2021-05-28 13:00:00,0.001788640124413663,394.54400634765625,58520200
2021-06-01 13:00:00,-0.000880850232410493,394.19647216796875,54216600
2021-06-02 13:00:00,0.001572575119822436,394.8163757324219,49097100
2021-06-03 13:00:00,-0.0037112720904130007,393.3511047363281,58138800
2021-06-04 13:00:00,0.009145782530649967,396.9486083984375,55938800
2021-06-07 13:00:00,-0.0009702309764767423,396.5634765625,51555000
2021-06-08 13:00:00,0.00021316559996650914,396.64801025390625,47134300
2021-06-09 13:00:00,-0.0014916873131640097,396.05633544921875,48436300
2021-06-10 13:00:00,0.004648106091135642,397.8972473144531,51020100
2021-06-11 13:00:00,0.0016526698233672696,398.5548400878906,45570800
2021-06-14 13:00:00,0.0022388473982654466,399.4471435546875,42358500
2021-06-15 13:00:00,-0.0018339709638963276,398.7145690917969,51508500
2021-06-16 13:00:00,-0.005583280437875653,396.4884338378906,80386100
2021-06-17 13:00:00,-0.00033181618445562403,396.35687255859375,90949700
2021-06-18 13:00:00,-0.013490406628609477,391.0098571777344,118676300
2021-06-21 13:00:00,0.014315895487656653,396.6075134277344,72822000
2021-06-22 13:00:00,0.005346399882733464,398.7279357910156,57700300
2021-06-23 13:00:00,-0.0012055397425145902,398.24725341796875,49445400
2021-06-24 13:00:00,0.005915661629488222,400.6031494140625,45110300
2021-06-25 13:00:00,0.0035521541767007205,402.0261535644531,58129500
2021-06-28 13:00:00,0.002015926862170404,402.83660888671875,53159600
2021-06-29 13:00:00,0.0005381757025488346,403.05340576171875,35970500
2021-06-30 13:00:00,0.0008415829664516182,403.3926086425781,64827900
2021-07-01 13:00:00,0.005536613480831107,405.62603759765625,53441000
2021-07-02 13:00:00,0.007643650998220374,408.72650146484375,57697700
2021-07-06 13:00:00,-0.0018214535042167079,407.9820251464844,68710400
2021-07-07 13:00:00,0.0035338369204911003,409.42376708984375,63549500
2021-07-08 13:00:00,-0.008147735263526426,406.087890625,97595200
2021-07-09 13:00:00,0.01067470733513854,410.4227600097656,76238600
2021-07-12 13:00:00,0.0035818987558158826,411.8928527832031,52889600
2021-07-13 13:00:00,-0.0034090778589609986,410.4886779785156,52911300
2021-07-14 13:00:00,0.0014923172758864412,411.10125732421875,64130400
2021-07-15 13:00:00,-0.0034154937366778298,409.6971435546875,55126400
2021-07-16 13:00:00,-0.007843526638001645,406.4836730957031,75874700
2021-07-19 13:00:00,-0.014768098007328567,400.4806823730469,147987000
2021-07-20 13:00:00,0.014330465761854936,406.2197570800781,99608200
2021-07-21 13:00:00,0.00809623072150278,409.50860595703125,64724400
2021-07-22 13:00:00,0.0020941549223036553,410.3661804199219,47878500
2021-07-23 13:00:00,0.010287889107948395,414.5879821777344,63766600
2021-07-26 13:00:00,0.0024550947614462456,415.6058349609375,43719200
2021-07-27 13:00:00,-0.004557820012259729,413.7115783691406,67397100
2021-07-28 13:00:00,-0.00040976650243303934,413.54205322265625,52472400
2021-07-29 13:00:00,0.0041473119293664075,415.25714111328125,47435300
2021-07-30 13:00:00,-0.004856492316610698,413.2404479980469,68951200
2021-08-02 13:00:00,-0.0020980627591792463,412.3734436035156,58783300
2021-08-03 13:00:00,0.008135486051480786,415.7283020019531,58053900
2021-08-04 13:00:00,-0.004918890210631829,413.6833801269531,46732200
2021-08-05 13:00:00,0.006332817850542253,416.30316162109375,38969700
2021-08-06 13:00:00,0.0016523937167254265,416.9910583496094,46930000
2021-08-09 13:00:00,-0.000813453607858862,416.65185546875,41222600
2021-08-10 13:00:00,0.0012439162876492875,417.1701354980469,43339300
2021-08-11 13:00:00,0.0024849612259288355,418.206787109375,44034300
2021-08-12 13:00:00,0.002996832995227601,419.4600830078125,38909400
2021-08-13 13:00:00,0.0018198064906843777,420.2234191894531,39470300
2021-08-16 13:00:00,0.0023547044451582406,421.2129211425781,73740000
2021-08-17 13:00:00,-0.006555281889510484,418.4517517089844,92673900
2021-08-18 13:00:00,-0.010944930970905627,413.871826171875,89351900
2021-08-19 13:00:00,0.0015482512878866978,414.5126037597656,92812200
2021-08-20 13:00:00,0.007957078497143694,417.8109130859375,72008700
2021-08-23 13:00:00,0.008796692208827691,421.48626708984375,54973000
2021-08-24 13:00:00,0.0015873277908999193,422.1553039550781,38744700
2021-08-25 13:00:00,0.0020984321398145114,423.0411682128906,40529700
2021-08-26 13:00:00,-0.005903097867562704,420.5439147949219,57829600
2021-08-27 13:00:00,0.008940752952947679,424.30389404296875,77235100
2021-08-30 13:00:00,0.004397713108628779,426.16986083984375,48357400
2021-08-31 13:00:00,-0.001481589266218748,425.5384521484375,59300200
2021-09-01 13:00:00,0.0005312662524587559,425.7645263671875,48721400
2021-09-02 13:00:00,0.0030768123633296376,427.07452392578125,42501000
2021-09-03 13:00:00,-0.00024281179199247012,426.9708251953125,47170500
2021-09-07 13:00:00,-0.0035754464662232383,425.4442138671875,51671500
2021-09-08 13:00:00,-0.0012182808696907157,424.9259033203125,56181900
2021-09-09 13:00:00,-0.004280244171706177,423.10711669921875,57970400
2021-09-10 13:00:00,-0.007884524753876375,419.7711181640625,89948200
2021-09-13 13:00:00,0.0025592763681147154,420.8454284667969,83738600
2021-09-14 13:00:00,-0.005396561327365548,418.5743103027344,78197100
2021-09-15 13:00:00,0.00835260362779014,422.07049560546875,78792200
2021-09-16 13:00:00,-0.0015852029217363539,421.40142822265625,77786700
2021-09-17 13:00:00,-0.0097411141934356,417.2965087890625,118425000
2021-09-20 13:00:00,-0.016674087090422594,410.3384704589844,166445500
2021-09-21 13:00:00,-0.0009447439682861133,409.9508056640625,92526100
2021-09-22 13:00:00,0.009754811710746781,413.9497985839844,102350100
2021-09-23 13:00:00,0.012150049390654458,418.97930908203125,76396000
2021-09-24 13:00:00,0.001647229384212266,419.6694641113281,62094800
2021-09-27 13:00:00,-0.0028609493395339598,418.46881103515625,61371100
2021-09-28 13:00:00,-0.02015185395160259,410.035888671875,130436300
2021-09-29 13:00:00,0.0016832320436890112,410.72607421875,82329200
2021-09-30 13:00:00,-0.012222454043014051,405.70599365234375,140506000
2021-10-01 13:00:00,0.011884153163633934,410.5274658203125,129240100
2021-10-04 13:00:00,-0.01289591771257026,405.23333740234375,128570000
2021-10-05 13:00:00,0.010405095805413277,409.4498291015625,90682500
2021-10-06 13:00:00,0.004155967435580269,411.1514892578125,113032200
2021-10-07 13:00:00,0.008645688007640984,414.7061767578125,72437500
2021-10-08 13:00:00,-0.001823889337124217,413.9497985839844,74557400
2021-10-11 13:00:00,-0.007239735874453446,410.9529113769531,65233300
2021-10-12 13:00:00,-0.002461513555701519,409.94134521484375,71181200
2021-10-13 13:00:00,0.003597569500328967,411.4161376953125,72974000
2021-10-14 13:00:00,0.016820727165157267,418.3364562988281,70236800
2021-10-15 13:00:00,0.0076157445891826036,421.52239990234375,66260200
2021-10-18 13:00:00,0.002960590759956636,422.7703552246094,62213200
2021-10-19 13:00:00,0.007714890973215915,426.031982421875,46996800
2021-10-20 13:00:00,0.003927589659071177,427.70526123046875,49571600
2021-10-21 13:00:00,0.0026082682853841507,428.8208312988281,41305400
2021-10-22 13:00:00,-0.0010360385268554095,428.3765563964844,58845100
2021-10-25 13:00:00,0.00536281038677448,430.6738586425781,45214500
2021-10-26 13:00:00,0.0008998519804077586,431.0614013671875,56075100
2021-10-27 13:00:00,-0.004430153019252362,429.1517333984375,72438000
2021-10-28 13:00:00,0.00964889175736451,433.2925720214844,51437900
2021-10-29 13:00:00,0.0020292107461186266,434.17181396484375,70162400
2021-11-01 13:00:00,0.001720116663159237,434.91864013671875,48433600
2021-11-02 13:00:00,0.004043107582166934,436.67706298828125,48908400
2021-11-03 13:00:00,0.0061053038241435445,439.3431091308594,52509800
2021-11-04 13:00:00,0.00471236028186223,441.4134521484375,52847100
2021-11-05 13:00:00,0.0034697304441105633,442.9450378417969,66390600
2021-11-08 14:00:00,0.0008536336580517186,443.3231506347656,50405200
2021-11-09 14:00:00,-0.0033051296247841836,441.85791015625,51149100
2021-11-10 14:00:00,-0.008045072796088074,438.3031311035156,69429700
2021-11-11 14:00:00,0.0003236246630679437,438.4449768066406,34848500
2021-11-12 14:00:00,0.0075467574397237,441.7538146972656,53466700
2021-11-15 14:00:00,0.00034244330152371035,441.90509033203125,46980500
2021-11-16 14:00:00,0.003957778356953625,443.654052734375,48857500
2021-11-17 14:00:00,-0.002429139883348457,442.57635498046875,47858300
2021-11-18 14:00:00,0.003396279028587245,444.0794677734375,50625600
2021-11-19 14:00:00,-0.0017881200110283436,443.285400390625,57315600
2021-11-22 14:00:00,-0.0028152411993851395,442.0374450683594,72762000
2021-11-23 14:00:00,0.001326090463974945,442.6236267089844,73206500
2021-11-24 14:00:00,0.00266990423466365,443.8053894042969,61858800
2021-11-26 14:00:00,-0.022303210254826934,433.9071044921875,112669600
2021-11-29 14:00:00,0.012266543294865451,439.2296447753906,86268800
2021-11-30 14:00:00,-0.01945760333536284,430.68328857421875,148559600
2021-12-01 14:00:00,-0.011107355609833178,425.8995361328125,131939200
2021-12-02 14:00:00,0.015316415823700354,432.42279052734375,127637800
2021-12-03 14:00:00,-0.008701215204631314,428.6601867675781,137331600
2021-12-06 14:00:00,0.011843301210842372,433.7369384765625,98977500
2021-12-07 14:00:00,0.02068475134759833,442.70867919921875,95484700
2021-12-08 14:00:00,0.002647952894522095,443.8809509277344,72238800
2021-12-09 14:00:00,-0.006751624998427305,440.884033203125,61272600
2021-12-10 14:00:00,0.009413584434239402,445.0343322753906,77159800
2021-12-13 14:00:00,-0.008858329473214662,441.0920715332031,87724700
2021-12-14 14:00:00,-0.006880035257395941,438.0573425292969,97264100
2021-12-15 14:00:00,0.01562525362674489,444.902099609375,116899300
2021-12-16 14:00:00,-0.008818708469812366,440.9786376953125,116568600
2021-12-17 14:00:00,-0.010642915412801726,436.28533935546875,135511600
2021-12-20 14:00:00,-0.010633386582922257,431.6461486816406,107134800
2021-12-21 14:00:00,0.01775882251506821,439.3116760253906,69806300
2021-12-22 14:00:00,0.009998912844516273,443.7043151855469,58890200
2021-12-23 14:00:00,0.006222100192835929,446.465087890625,56439700
2021-12-27 14:00:00,0.014152035767074364,452.7834777832031,56808600
2021-12-28 14:00:00,-0.0008172242427600167,452.4134521484375,47274600
2021-12-29 14:00:00,0.001279217823462544,452.9921875,54503000
2021-12-30 14:00:00,-0.0027645495231360916,451.7398681640625,55329000
2021-12-31 14:00:00,-0.0025200282220462175,450.6014709472656,65237400
2022-01-03 14:00:00,0.005789787399640604,453.2103576660156,72668200
2022-01-04 14:00:00,-0.00033486418271019396,453.05859375,71178700
2022-01-05 14:00:00,-0.019202234918048334,444.3588562011719,104538900
2022-01-06 14:00:00,-0.00093937462428964,443.9414367675781,86858900
2022-01-07 14:00:00,-0.003953441355522173,442.18634033203125,85111600
2022-01-10 14:00:00,-0.0012443440319313999,441.6361083984375,119362000
2022-01-11 14:00:00,0.009108365306451314,445.65869140625,74303100
2022-01-12 14:00:00,0.0027034903786420424,446.863525390625,67605400
2022-01-13 14:00:00,-0.013778626308695646,440.70635986328125,91173100
2022-01-14 14:00:00,0.0004089725786171187,440.8865966796875,95890900
2022-01-18 14:00:00,-0.017709593401302362,433.07867431640625,109709100
2022-01-19 14:00:00,-0.010383534156073071,428.581787109375,109357600
2022-01-20 14:00:00,-0.011068112204644794,423.83819580078125,122379700
2022-01-21 14:00:00,-0.019630725940411844,415.5179443359375,202271200
2022-01-24 14:00:00,0.004246791128941519,417.2825622558594,251783900
2022-01-25 14:00:00,-0.012208857780899791,412.1880187988281,167997300
2022-01-26 14:00:00,-0.002508925836649804,411.15386962890625,186391100
2022-01-27 14:00:00,-0.004937766696925409,409.1236877441406,149878300
2022-01-28 14:00:00,0.02483521573843079,419.28436279296875,164457400
2022-01-31 14:00:00,0.018011064763292527,426.83612060546875,152251400
2022-02-01 14:00:00,0.00675691231142798,429.72021484375,123155400
2022-02-02 14:00:00,0.009714104153433772,433.8945617675781,117361000
2022-02-03 14:00:00,-0.023504878407484334,423.6959228515625,118024400
2022-02-04 14:00:00,0.004702071527495471,425.68817138671875,118454400
2022-02-07 14:00:00,-0.0032091304363410867,424.32208251953125,84472900
2022-02-08 14:00:00,0.008227809955937011,427.8133239746094,81012000
2022-02-09 14:00:00,0.014636211195892996,434.07489013671875,92589900
2022-02-10 14:00:00,-0.017965706128742556,426.27642822265625,140103700
2022-02-11 14:00:00,-0.019718753118685223,417.87078857421875,153214600
2022-02-14 14:00:00,-0.0032692387745667613,416.5046691894531,123006300
2022-02-15 14:00:00,0.016126728958951935,423.2215270996094,88482700
2022-02-16 14:00:00,0.0011209159307283328,423.6959228515625,84863600
2022-02-17 14:00:00,-0.02136135781984991,414.64520263671875,102259100
2022-02-18 14:00:00,-0.006475262480704115,411.96026611328125,132642900
2022-02-22 14:00:00,-0.010731519120440052,407.539306640625,124391800
2022-02-23 14:00:00,-0.017738774957601507,400.31005859375,132578000
2022-02-24 14:00:00,0.015049217220538279,406.33441162109375,213942900
2022-02-25 14:00:00,0.02206400022351125,415.2997741699219,121804500
2022-02-28 14:00:00,-0.0025585398818962473,414.2372131347656,145615000
2022-03-01 14:00:00,-0.015230233410504486,407.92828369140625,137785900
2022-03-02 14:00:00,0.018396058231192444,415.43255615234375,117726500
2022-03-03 14:00:00,-0.0049783683028752,413.3643798828125,105501700
2022-03-04 14:00:00,-0.008124547254052454,410.0059814453125,113978200
2022-03-07 14:00:00,-0.0294791038026134,397.91937255859375,137896600
2022-03-08 14:00:00,-0.007581856982831994,394.90240478515625,164772700
2022-03-09 14:00:00,0.026810947189069192,405.4901123046875,116990800
2022-03-10 14:00:00,-0.004515658044268501,403.6590576171875,93972700
2022-03-11 14:00:00,-0.012715183222323866,398.5264587402344,95636300
2022-03-14 13:00:00,-0.007308264124546335,395.6139221191406,95729200
2022-03-15 13:00:00,0.021990473697758712,404.31365966796875,106219100
2022-03-16 13:00:00,0.022174200195493092,413.27899169921875,144954800
2022-03-17 13:00:00,0.012510923160467412,418.4494934082031,102676900
2022-03-18 13:00:00,0.010952793563302957,423.0326843261719,106345500
2022-03-21 13:00:00,-0.0002925277026620021,422.908935546875,88349800
2022-03-22 13:00:00,0.011701573400837646,427.8576354980469,74650400
2022-03-23 13:00:00,-0.012878423519363962,422.3475036621094,79426100
2022-03-24 13:00:00,0.015074407042517411,428.7141418457031,64736900
2022-03-25 13:00:00,0.004883505640084552,430.8077697753906,77101300
2022-03-28 13:00:00,0.0071129892951678755,433.8721008300781,68529800
2022-03-29 13:00:00,0.012370929388587183,439.239501953125,86581500
2022-03-30 13:00:00,-0.006174876676162023,436.5272521972656,79666900
2022-03-31 13:00:00,-0.015391154649445528,429.80859375,121699900
2022-04-01 13:00:00,0.0028338604575074296,431.026611328125,89048800
2022-04-04 13:00:00,0.008566767772028649,434.7191162109375,59601000
2022-04-05 13:00:00,-0.012631278784034344,429.2280578613281,74214500
2022-04-06 13:00:00,-0.009999470314316906,424.9360046386719,106898000
2022-04-07 13:00:00,0.005039031397119123,427.0772705078125,78097200
2022-04-08 13:00:00,-0.0026739137207645192,425.935302734375,79272700
2022-04-11 13:00:00,-0.017092367956318556,418.6550598144531,89770500
2022-04-12 13:00:00,-0.0037051456614500327,417.1038818359375,84363600
2022-04-13 13:00:00,0.011453387046502474,421.8811340332031,74070400
2022-04-14 13:00:00,-0.012451714207569754,416.62799072265625,97869500
2022-04-18 13:00:00,0.000411219810979525,416.79931640625,66002500
2022-04-19 13:00:00,0.01614271237867632,423.527587890625,77821000
2022-04-20 13:00:00,-0.0007415972962394417,423.2135009765625,65224400
2022-04-21 13:00:00,-0.014953568899599506,416.88494873046875,85417300
2022-04-22 13:00:00,-0.027439140891473406,405.44598388671875,132471800
2022-04-25 13:00:00,0.005797682221740834,407.796630859375,119647700
2022-04-26 13:00:00,-0.02896095693378873,395.9864501953125,103996300
2022-04-27 13:00:00,0.002811874888445187,397.09991455078125,122030000
2022-04-28 13:00:00,0.025259507061466305,407.1304626464844,105449100
2022-04-29 13:00:00,-0.03695573843077927,392.08465576171875,145491100
2022-05-02 13:00:00,0.00601946009559591,394.4447937011719,158312500
2022-05-03 13:00:00,0.004584080035484261,396.2529602050781,100028200
2022-05-04 13:00:00,0.030452811242892154,408.3199768066406,144247900
2022-05-05 13:00:00,-0.035542756189185974,393.8071594238281,172929100
2022-05-06 13:00:00,-0.005969030568401645,391.4565124511719,151770800
2022-05-09 13:00:00,-0.03201715847523635,378.9231872558594,155586100
2022-05-10 13:00:00,0.0023106248069613513,379.7987365722656,132497200
2022-05-11 13:00:00,-0.015886228033276967,373.7651672363281,142361000
2022-05-12 13:00:00,-0.0010439650029226285,373.3749694824219,125090800
2022-05-13 13:00:00,0.02390780163813714,382.3015441894531,104174400
2022-05-16 13:00:00,-0.0040575522638355704,380.7503356933594,78622400
2022-05-17 13:00:00,0.020570392468933614,388.58251953125,83029700
2022-05-18 13:00:00,-0.040311481785385336,372.9181823730469,117674500
2022-05-19 13:00:00,-0.0061245768439586856,370.63421630859375,98510700
2022-05-20 13:00:00,0.0004364780004713073,370.7959899902344,131432200
2022-05-23 13:00:00,0.018710078473327653,377.7336120605469,76414900
2022-05-24 13:00:00,-0.0076338862822483405,374.85003662109375,91448800
2022-05-25 13:00:00,0.008835076136404158,378.161865234375,91472900
2022-05-26 13:00:00,0.019981264739814236,385.718017578125,82168300
2022-05-27 13:00:00,0.024549006551676338,395.18701171875,84768700
2022-05-31 13:00:00,-0.005610878206149927,392.96966552734375,95937000
2022-06-01 13:00:00,-0.00808848140419653,389.7911376953125,86585800
2022-06-02 13:00:00,0.019043542637423826,397.2141418457031,79609600
2022-06-03 13:00:00,-0.016411449584827435,390.6952819824219,71874300
2022-06-06 13:00:00,0.003044608458337535,391.8847961425781,57508900
2022-06-07 13:00:00,0.00959226731351802,395.64385986328125,59272400
2022-06-08 13:00:00,-0.010872031827323596,391.3424072265625,64350000
2022-06-09 13:00:00,-0.02378288374756736,382.03515625,86289800
2022-06-10 13:00:00,-0.028995821233934214,370.9577331542969,132893900
2022-06-13 13:00:00,-0.037968110515507206,356.8731689453125,170004900
2022-06-14 13:00:00,-0.0030132495070129862,355.7978210449219,104011800
2022-06-15 13:00:00,0.01425620495724125,360.8701477050781,125666800
2022-06-16 13:00:00,-0.03309600267839482,348.9267883300781,134473300
2022-06-17 13:00:00,0.0021557452473767525,349.6789855957031,111113900
2022-06-21 13:00:00,0.025173671338658915,358.481689453125,76811900
2022-06-22 13:00:00,-0.001812930375164897,357.831787109375,90059400
2022-06-23 13:00:00,0.009802453333915544,361.33941650390625,79292100
2022-06-24 13:00:00,0.03179393887184269,372.82781982421875,98050300
2022-06-27 13:00:00,-0.0038196512972031517,371.40374755859375,66009600
2022-06-28 13:00:00,-0.02043293110902915,363.81488037109375,86548900
2022-06-29 13:00:00,-0.0008146635411055299,363.51849365234375,65676000
2022-06-30 13:00:00,-0.008124062797027546,360.56524658203125,112508300
2022-07-01 13:00:00,0.010576553436046816,364.3787841796875,74839700
2022-07-05 13:00:00,0.0018886991619070208,365.0669860839844,81438000
2022-07-06 13:00:00,0.0033772162459148433,366.2998962402344,70426200
2022-07-07 13:00:00,0.01497711180992284,371.7860107421875,64525900
2022-07-08 13:00:00,-0.0008226430234913751,371.48016357421875,72397800
2022-07-11 13:00:00,-0.011423548932846406,367.2365417480469,58366900
2022-07-12 13:00:00,-0.008848884627859294,363.9869079589844,62219200
2022-07-13 13:00:00,-0.005251811354674551,362.0753173828125,84224600
2022-07-14 13:00:00,-0.0024284241944276717,361.196044921875,89704800
2022-07-15 13:00:00,0.019105210080171197,368.0967712402344,79060400
2022-07-18 13:00:00,-0.008256897087042185,365.05743408203125,63203600
2022-07-19 13:00:00,0.027019189276355642,374.9209899902344,78506000
2022-07-20 13:00:00,0.006373087558894041,377.3103942871094,71843800
2022-07-21 13:00:00,0.010183030057247393,381.1525573730469,64903900
2022-07-22 13:00:00,-0.009277954062125414,377.6162414550781,72197300
2022-07-25 13:00:00,0.0012148318425270184,378.0749816894531,53631500
2022-07-26 13:00:00,-0.011830884460520306,373.6020202636719,52946400
2022-07-27 13:00:00,0.025966266986032157,383.3030700683594,82342100
2022-07-28 13:00:00,0.012542520645776399,388.11065673828125,73966600
2022-07-29 13:00:00,0.014578603998707305,393.7687683105469,87003700
2022-08-01 13:00:00,-0.0029610908768222,392.602783203125,69997500
2022-08-02 13:00:00,-0.006597611095322993,390.0125427246094,63435400
2022-08-03 13:00:00,0.015659787208553787,396.12005615234375,67820600
2022-08-04 13:00:00,-0.0006757286675518191,395.8523864746094,45656600
2022-08-05 13:00:00,-0.0016901941371911247,395.1833190917969,56814900
2022-08-08 13:00:00,-0.0011609061663014108,394.72454833984375,53886100
2022-08-09 13:00:00,-0.003971058734063926,393.1570739746094,44931800
2022-08-10 13:00:00,0.02100408360773303,401.41497802734375,68665700
2022-08-11 13:00:00,0.0,401.41497802734375,59489700
2022-08-12 13:00:00,0.016929021377168747,408.2105407714844,61694500
2022-08-15 13:00:00,0.00412073853622426,409.8926696777344,54048300
2022-08-16 13:00:00,0.001958773655361708,410.695556640625,59289000
2022-08-17 13:00:00,-0.007098181617147453,407.7803649902344,63563400
2022-08-18 13:00:00,0.0029064939938170118,408.965576171875,49023200
2022-08-19 13:00:00,-0.013437968435750689,403.46990966796875,68016900
2022-08-22 13:00:00,-0.02082263373558022,395.068603515625,77695600
2022-08-23 13:00:00,-0.00241912160479446,394.1128845214844,49105200
2022-08-24 13:00:00,0.003201027450906906,395.37445068359375,49177800
2022-08-25 13:00:00,0.014117491777705908,400.9561462402344,50942300
2022-08-26 13:00:00,-0.03384883743852338,387.3842468261719,103087000
2022-08-29 13:00:00,-0.006612358294087818,384.8227233886719,65370800
2022-08-30 13:00:00,-0.010977749098305605,380.5982360839844,85652400
2022-08-31 13:00:00,-0.00760882281224394,377.70233154296875,76029700
2022-09-01 13:00:00,0.0031376272062893134,378.8874206542969,78740100
2022-09-02 13:00:00,-0.010544418967985119,374.89227294921875,99632100
2022-09-06 13:00:00,-0.003773137953855559,373.4777526855469,76637400
2022-09-07 13:00:00,0.017964933990264352,380.187255859375,70964200
2022-09-08 13:00:00,0.006536133959481058,382.6722106933594,80821700
2022-09-09 13:00:00,0.01553550834916144,388.6172180175781,76706900
2022-09-12 13:00:00,0.010747506971182898,392.79388427734375,69256300
2022-09-13 13:00:00,-0.04348224351200017,375.7143249511719,122947100
2022-09-14 13:00:00,0.0038156483657798006,377.1479187011719,85023700
2022-09-15 13:00:00,-0.011353265228954306,372.8660583496094,87633800
2022-09-16 13:00:00,-0.007628861338631495,370.0215148925781,103084800
2022-09-19 13:00:00,0.007754807991676609,372.8909606933594,73278500
2022-09-20 13:00:00,-0.011478455778024373,368.6107482910156,77274900
2022-09-21 13:00:00,-0.017443855627087727,362.1807556152344,106746600
2022-09-22 13:00:00,-0.008399689280506077,359.1385498046875,89472600
2022-09-23 13:00:00,-0.016754909735107643,353.1212158203125,122346900
2022-09-26 13:00:00,-0.009892684137585822,349.6278991699219,92581200
2022-09-27 13:00:00,-0.0025526754998229408,348.73541259765625,108294100
2022-09-28 13:00:00,0.01967619473330765,355.5971984863281,110802200
2022-09-29 13:00:00,-0.02088882889072793,348.169189453125,112952300
2022-09-30 13:00:00,-0.015463841621315741,342.78515625,153711200
2022-10-03 13:00:00,0.02640151903638622,351.835205078125,89756500
2022-10-04 13:00:00,0.030986727656394313,362.7374267578125,103602800
2022-10-05 13:00:00,-0.0023284183816836023,361.892822265625,88065700
2022-10-06 13:00:00,-0.010315888074920749,358.1595764160156,82333500
2022-10-07 13:00:00,-0.02789367539145853,348.169189453125,107789500
2022-10-10 13:00:00,-0.007635504077200703,345.5107421875,76042800
2022-10-11 13:00:00,-0.006332973434368843,343.3226318359375,92482800
2022-10-12 13:00:00,-0.0032984011727648613,342.1902160644531,76991800
2022-10-13 13:00:00,0.02639096846495136,351.220947265625,147254500
2022-10-14 13:00:00,-0.022788632845382423,343.21710205078125,123737000
2022-10-17 13:00:00,0.025697063398532064,352.0367736816406,93168200
2022-10-18 13:00:00,0.01174951395864312,356.17303466796875,97162900
2022-10-19 13:00:00,-0.007086491924739086,353.6490173339844,79746900
2022-10-20 13:00:00,-0.008385389111204672,350.68353271484375,88283100
2022-10-21 13:00:00,0.024301556721936218,359.2056884765625,131038400
2022-10-24 13:00:00,0.012236658371318281,363.6011657714844,85436900
2022-10-25 13:00:00,0.015968296735997693,369.4072570800781,78846300
2022-10-26 13:00:00,-0.007533910071734726,366.6241760253906,104087300
2022-10-27 13:00:00,-0.005340057523422944,364.6663818359375,81971800
2022-10-28 13:00:00,0.023790674468014597,373.342041015625,100302000
2022-10-31 13:00:00,-0.007223424005482573,370.6452331542969,96631300
2022-11-01 13:00:00,-0.004375765676657059,369.02337646484375,85407600
2022-11-02 13:00:00,-0.025096182170295824,359.7622985839844,126990400
2022-11-03 13:00:00,-0.010296902344798077,356.057861328125,87100100
2022-11-04 13:00:00,0.01439321371929625,361.18267822265625,103505200
2022-11-07 14:00:00,0.009565590338137801,364.6376037597656,68286900
2022-11-08 14:00:00,0.0053953464237396585,366.6049499511719,84641100
2022-11-09 14:00:00,-0.020602167118361235,359.0520935058594,78495500
2022-11-10 14:00:00,0.05495426894698778,378.7835388183594,141455800
2022-11-11 14:00:00,0.00967847270769633,382.4495849609375,93839900
2022-11-14 14:00:00,-0.008506549736085901,379.1962585449219,71903500
2022-11-15 14:00:00,0.008528910258200413,382.4303894042969,93194500
2022-11-16 14:00:00,-0.007628628671843124,379.5129699707031,68508500
2022-11-17 14:00:00,-0.0030600164154031386,378.3516540527344,74496300
2022-11-18 14:00:00,0.004540392441352827,380.06951904296875,92922500
2022-11-21 14:00:00,-0.0036359861051581495,378.6875915527344,51243200
2022-11-22 14:00:00,0.013456944185332467,383.7835693359375,60429000
2022-11-23 14:00:00,0.006301537394778233,386.2019958496094,68261600
2022-11-25 14:00:00,-0.00022370486066964325,386.1156005859375,30545400
2022-11-28 14:00:00,-0.015956942314386168,379.9543762207031,67881600
2022-11-29 14:00:00,-0.0017175427668871827,379.3017883300781,52310000
2022-11-30 14:00:00,0.03150054135659449,391.25,144566700
2022-12-01 14:00:00,-0.0007358538837859425,390.96209716796875,76398200
2022-12-02 14:00:00,-0.0011536138423045238,390.5110778808594,85342700
2022-12-05 14:00:00,-0.01798938706108586,383.48602294921875,77289800
2022-12-06 14:00:00,-0.014414689716036915,377.95819091796875,77972200
2022-12-07 14:00:00,-0.0017011798367274303,377.3152160644531,65927900
2022-12-08 14:00:00,0.007833958070554798,380.2710876464844,60737900
2022-12-09 14:00:00,-0.007470272792357233,377.43035888671875,81447700
2022-12-12 14:00:00,0.01441722340191393,382.8718566894531,75405800
2022-12-13 14:00:00,0.007569935943446269,385.7701721191406,123782500
2022-12-14 14:00:00,-0.0063935235078277945,383.3037414550781,108111300
2022-12-15 14:00:00,-0.024461674141529322,373.927490234375,117705900
2022-12-16 14:00:00,-0.01180622705432921,369.5128173828125,119858000
2022-12-19 14:00:00,-0.008479710767813802,366.37945556640625,79878100
2022-12-20 14:00:00,0.0013683703215903481,366.88079833984375,74427200
2022-12-21 14:00:00,0.014952482750302571,372.3665771484375,78167400
2022-12-22 14:00:00,-0.01426611749764869,367.0543518066406,100120900
2022-12-23 14:00:00,0.0057522520840959865,369.1657409667969,59857300
2022-12-27 14:00:00,-0.003943514755899132,367.7099304199219,51638200
2022-12-28 14:00:00,-0.012427879581901382,363.14007568359375,70911500
2022-12-29 14:00:00,0.01800027463629599,369.67669677734375,66970900
2022-12-30 14:00:00,-0.002634071585526508,368.70294189453125,84022200
2023-01-03 14:00:00,-0.004209852654329397,367.1507568359375,74850700
2023-01-04 14:00:00,0.007720353665709235,369.98529052734375,85934100
2023-01-05 14:00:00,-0.011413450604676238,365.7624816894531,76970500
2023-01-06 14:00:00,0.02293199881020967,374.150146484375,104189600
2023-01-09 14:00:00,-0.0005669587130730517,373.9380187988281,73978100
2023-01-10 14:00:00,0.007012942985265646,376.5604248046875,65358100
2023-01-11 14:00:00,0.012647891277927816,381.3231201171875,68881100
2023-01-12 14:00:00,0.0036407592165821167,382.71142578125,90157700
2023-01-13 14:00:00,0.0038794522278203557,384.1961364746094,63903900
2023-01-17 14:00:00,-0.0018318674236987343,383.4923400878906,62677300
2023-01-18 14:00:00,-0.015787969658793928,377.4377746582031,99632300
2023-01-19 14:00:00,-0.00727998595717407,374.6900329589844,86958900
2023-01-20 14:00:00,0.018629168006139188,381.6701965332031,91806400
2023-01-23 14:00:00,0.011998654467104448,386.2497253417969,84178800
2023-01-24 14:00:00,-0.0010735084241612163,385.8350830078125,59524900
2023-01-25 14:00:00,0.00037498880807501736,385.9797668457031,84800300
2023-01-26 14:00:00,0.010990303835809985,390.2218017578125,72287400
2023-01-27 14:00:00,0.0022976841408491326,391.118408203125,68346200
2023-01-30 14:00:00,-0.012546652010179642,386.211181640625,74202000
2023-01-31 14:00:00,0.014703246875160012,391.8897399902344,86811800
2023-02-01 14:00:00,0.010627699706333626,396.05462646484375,101459200
2023-02-02 14:00:00,0.014557111549017338,401.8200378417969,101654500
2023-02-03 14:00:00,-0.010629126702316326,397.5490417480469,94736800
2023-02-06 14:00:00,-0.006111283532282118,395.1195068359375,60295300
2023-02-07 14:00:00,0.013078503926231277,400.2870788574219,90990700
2023-02-08 14:00:00,-0.010934763845558535,395.9100341796875,76227500
2023-02-09 14:00:00,-0.008669115822026674,392.47784423828125,78694900
2023-02-10 14:00:00,0.002333618491166198,393.39373779296875,70769700
2023-02-13 14:00:00,0.011738981962691629,398.01177978515625,64913500
2023-02-14 14:00:00,-0.00046020372564129104,397.82861328125,88389300
2023-02-15 14:00:00,0.003247456591138664,399.12054443359375,61555700
2023-02-16 14:00:00,-0.013768752128512533,393.6251525878906,76431500
2023-02-17 14:00:00,-0.0024983119880288185,392.6417541503906,89257800
2023-02-21 14:00:00,-0.020060958714325297,384.7649841308594,82655900
2023-02-22 14:00:00,-0.001378174884333167,384.2347106933594,83742300
2023-02-23 14:00:00,0.005319522821901381,386.2786560058594,96242400
2023-02-24 14:00:00,-0.01068253257593731,382.1522216796875,108194400
2023-02-27 14:00:00,0.003405986281823464,383.4538269042969,80444700
2023-02-28 14:00:00,-0.00369597648709532,382.0365905761719,96438600
2023-03-01 14:00:00,-0.003835979734115105,380.57110595703125,99706800
2023-03-02 14:00:00,0.007777200595899749,383.5308837890625,85127800
2023-03-03 14:00:00,0.016037903997122745,389.6819152832031,90120000
2023-03-06 14:00:00,0.0006927662934974963,389.9518737792969,72795900
2023-03-07 14:00:00,-0.015328680054371819,383.97442626953125,108310600
2023-03-08 14:00:00,0.0016320043897373358,384.60107421875,74746600
2023-03-09 14:00:00,-0.018449673273976307,377.50531005859375,111945300
2023-03-10 14:00:00,-0.014429558902300984,372.0580749511719,189253000
2023-03-13 13:00:00,-0.0014252437272584178,371.5278015136719,157790000
2023-03-14 13:00:00,0.016530089846391018,377.669189453125,149752400
2023-03-15 13:00:00,-0.006254472559574332,375.30706787109375,172996900
2023-03-16 13:00:00,0.01754536609101499,381.8919677734375,143254200
2023-03-17 13:00:00,-0.011692817454216277,377.42657470703125,140553400
2023-03-20 13:00:00,0.009615675389573038,381.0557861328125,93055800
2023-03-21 13:00:00,0.013130488155307088,386.0592346191406,91524200
2023-03-22 13:00:00,-0.017046590425005902,379.4782409667969,111746600
2023-03-23 13:00:00,0.00270339322654276,380.5041198730469,119351300
2023-03-24 13:00:00,0.006562210792935943,383.0010681152344,107682400
2023-03-27 13:00:00,0.0018697741283211977,383.7171936035156,74010400
2023-03-28 13:00:00,-0.002244615622597902,382.85589599609375,62871700
2023-03-29 13:00:00,0.01453470437263888,388.42059326171875,77497900
2023-03-30 13:00:00,0.005855308779246884,390.6949157714844,69840000
2023-03-31 13:00:00,0.014094586664215022,396.20159912109375,112062600
2023-04-03 13:00:00,0.0038105995239523507,397.71136474609375,67391100
2023-04-04 13:00:00,-0.005548024639880616,395.5048522949219,66601500
2023-04-05 13:00:00,-0.002618306633930825,394.46929931640625,65200200
2023-04-06 13:00:00,0.0039008291060554836,396.008056640625,63743300
2023-04-10 13:00:00,0.0010264794713353296,396.41455078125,63681000
2023-04-11 13:00:00,0.00026852019505898205,396.52099609375,59297900
2023-04-12 13:00:00,-0.004075901240648955,394.9048156738281,86420400
2023-04-13 13:00:00,0.013282596514238026,400.1501770019531,85814800
2023-04-14 13:00:00,-0.0024427016803765006,399.1727294921875,78161500
2023-04-17 13:00:00,0.0035882775136443995,400.6050720214844,66436400
2023-04-18 13:00:00,0.0006520897686886757,400.8663024902344,63560000
2023-04-19 13:00:00,-0.00016885427350905597,400.7986145019531,55227300
2023-04-20 13:00:00,-0.0054571679208891485,398.61138916015625,75840400
2023-04-21 13:00:00,0.000777004643653528,398.9211120605469,73457400
2023-04-24 13:00:00,0.0010431578643783086,399.3372497558594,64332100
2023-04-25 13:00:00,-0.015873697592973832,392.998291015625,97766700
2023-04-26 13:00:00,-0.00423559424272902,391.3337097167969,80447000
2023-04-27 13:00:00,0.019907943580174812,399.1243591308594,92968400
2023-04-28 13:00:00,0.008535072084298307,402.5309143066406,89433100
2023-05-01 13:00:00,-0.001009694140309275,402.1244812011719,62122300
2023-05-02 13:00:00,-0.011239286580254788,397.6048889160156,103998500
2023-05-03 13:00:00,-0.006863914535867192,394.8757629394531,91531800
2023-05-04 13:00:00,-0.007082923953549534,392.0788879394531,94901900
2023-05-05 13:00:00,0.01851250357945089,399.3372497558594,87891800
2023-05-08 13:00:00,0.00026647850904701033,399.44366455078125,50046800
2023-05-09 13:00:00,-0.0043852190050095614,397.6920166015625,49220100
2023-05-10 13:00:00,0.004672421715507538,399.5502014160156,96142900
2023-05-11 13:00:00,-0.0017440571333380331,398.8533630371094,70157100
2023-05-12 13:00:00,-0.0013102898804992675,398.33074951171875,70481500
2023-05-15 13:00:00,0.003450143121985348,399.7050476074219,54289400
2023-05-16 13:00:00,-0.006682707853042576,397.033935546875,57705500
2023-05-17 13:00:00,0.01213873196695959,401.8534240722656,87287000
2023-05-18 13:00:00,0.00963340260008917,405.7246398925781,97177200
2023-05-19 13:00:00,-0.0014550818234367836,405.13427734375,103793300
2023-05-22 13:00:00,0.00040616356218701604,405.298828125,60745400
2023-05-23 13:00:00,-0.011222866157782885,400.7502136230469,86383500
2023-05-24 13:00:00,-0.007244865377382493,397.8468322753906,89213700
2023-05-25 13:00:00,0.008660126896145441,401.292236328125,90961600
2023-05-26 13:00:00,0.012950487104343694,406.4891662597656,93830000
2023-05-30 13:00:00,0.0003809355925301488,406.6440124511719,72216000
2023-05-31 13:00:00,-0.0055451777501553294,404.38909912109375,110811800
2023-06-01 13:00:00,0.009501078482852116,408.2312316894531,88865000
2023-06-02 13:00:00,0.014461100577629187,414.13470458984375,91426200
2023-06-05 13:00:00,-0.0019161605516019244,413.3411560058594,65460200
2023-06-06 13:00:00,0.0021773633798798805,414.24114990234375,64022200
2023-06-07 13:00:00,-0.0034578241374925646,412.80877685546875,85373300
2023-06-08 13:00:00,0.0060486061939608125,415.3056945800781,61952800
2023-06-09 13:00:00,0.0017942884780564133,416.0508728027344,85742800
2023-06-12 13:00:00,0.009071854607389119,419.8252258300781,76104300
2023-06-13 13:00:00,0.006593087231632455,422.5931701660156,95899700
2023-06-14 13:00:00,0.0011906814015175122,423.0963439941406,100612100
2023-06-15 13:00:00,0.01239770193654496,428.3417663574219,110303100
2023-06-16 13:00:00,-0.0034062646343452217,426.8827209472656,114165800
2023-06-20 13:00:00,-0.005188126787547095,424.6679992675781,76160400
2023-06-21 13:00:00,-0.005123631375354182,422.4921569824219,76982300
2023-06-22 13:00:00,0.0036097367111176987,424.0172424316406,70637200
2023-06-23 13:00:00,-0.007560206609996965,420.81158447265625,92074500
2023-06-26 13:00:00,-0.004085602350949159,419.0923156738281,72823600
2023-06-27 13:00:00,0.010963227719411101,423.6869201660156,72813700
2023-06-28 13:00:00,0.0005043442973116115,423.9006042480469,75636000
2023-06-29 13:00:00,0.003941362274236656,425.57135009765625,67882300
2023-06-30 13:00:00,0.01180082899238888,430.59344482421875,104964000
2023-07-03 13:00:00,0.0011504862687943588,431.0888366699219,32793400
2023-07-05 13:00:00,-0.0014871952755781766,430.4477233886719,58418400
2023-07-06 13:00:00,-0.007830747744526712,427.0769958496094,80658300
2023-07-07 13:00:00,-0.0025247135312626233,425.9987487792969,86134200
2023-07-10 13:00:00,0.0025311038433850483,427.0769958496094,62443500
2023-07-11 13:00:00,0.006368734940021619,429.79693603515625,64463800
2023-07-12 13:00:00,0.008045749143719505,433.2549743652344,91924500
2023-07-13 13:00:00,0.007936874101872528,436.69366455078125,72425200
2023-07-14 13:00:00,-0.0006227996381165119,436.42169189453125,69815800
2023-07-17 13:00:00,0.003472355763011317,437.9371032714844,52680200
2023-07-18 13:00:00,0.0074305644548906665,441.19122314453125,80668200
2023-07-19 13:00:00,0.00222370493812182,442.17230224609375,65891700
2023-07-20 13:00:00,-0.0066345036428068485,439.23870849609375,70591600
2023-07-21 13:00:00,0.0,439.23870849609375,71275600
2023-07-24 13:00:00,0.004467388046417648,441.2009582519531,54023400
2023-07-25 13:00:00,0.0027299062554881548,442.4053955078125,55191200
2023-07-26 13:00:00,0.0001538276881560958,442.47344970703125,71052900
2023-07-27 13:00:00,-0.006629988199161734,439.53985595703125,92194400
2023-07-28 13:00:00,0.009790220568968264,443.8430480957031,80011800
2023-07-31 13:00:00,0.0019042414425507305,444.688232421875,62040400
2023-08-01 13:00:00,-0.0028617420363964176,443.4156494140625,55291500
2023-08-02 13:00:00,-0.0139106792887797,437.2474365234375,93933400
2023-08-03 13:00:00,-0.002865982063864435,435.9942932128906,64276100
2023-08-04 13:00:00,-0.004522680281977713,434.0224304199219,100128900
2023-08-07 13:00:00,0.008728420036862486,437.8107604980469,58357500
2023-08-08 13:00:00,-0.004348613146786152,435.9068908691406,71361300
2023-08-09 13:00:00,-0.006685197220318939,432.9927673339844,78789600
2023-08-10 13:00:00,0.0003589575556830001,433.148193359375,93005500
2023-08-11 13:00:00,-0.0005831583693829527,432.8955993652344,68690900
2023-08-14 13:00:00,0.005520079029275953,435.28521728515625,47867400
2023-08-15 13:00:00,-0.01164888435639516,430.2146301269531,75707500
2023-08-16 13:00:00,-0.007338156819407555,427.0576477050781,80107200
2023-08-17 13:00:00,-0.007619860902933972,423.80352783203125,95711300
2023-08-18 13:00:00,0.000481306734823464,424.00750732421875,98852000
2023-08-21 13:00:00,0.0065061029037393305,426.7661437988281,68719000
2023-08-22 13:00:00,-0.002708399642941753,425.61029052734375,64994200
2023-08-23 13:00:00,0.011137642852297775,430.3505859375,68441000
2023-08-24 13:00:00,-0.013859081667154551,424.3863220214844,88517300
2023-08-25 13:00:00,0.00704983090027384,427.378173828125,102325100
2023-08-28 13:00:00,0.006341396745349009,430.0883483886719,61595400
2023-08-29 13:00:00,0.014454768225806394,436.30517578125,83081900
2023-08-30 13:00:00,0.0041188099642662495,438.10223388671875,69053900
2023-08-31 13:00:00,-0.0014635266995055773,437.4610595703125,66084600
2023-09-01 13:00:00,0.0018653306474543912,438.2770690917969,58944100
2023-09-05 13:00:00,-0.004321913442941015,436.38287353515625,55166200
2023-09-06 13:00:00,-0.006722452713730386,433.4493103027344,70758500
2023-09-07 13:00:00,-0.003070279534983043,432.1184997558594,70355400
2023-09-08 13:00:00,0.0015061097163427452,432.7693176269531,61659700
2023-09-11 13:00:00,0.006576623556121102,435.615478515625,60180100
2023-09-12 13:00:00,-0.005485612972396164,433.2258605957031,67565400
2023-09-13 13:00:00,0.0011659667602262477,433.7309875488281,60199300
2023-09-14 13:00:00,0.008622341309904937,437.47076416015625,83430800
2023-09-15 13:00:00,-0.012048238156539758,432.20001220703125,111848900
2023-09-18 13:00:00,0.0005864854158884873,432.4534912109375,55752200
2023-09-19 13:00:00,-0.002073865985972683,431.556640625,66514600
2023-09-20 13:00:00,-0.009193248007530876,427.5892333984375,82562600
2023-09-21 13:00:00,-0.016528368216269733,420.5218811035156,104095800
2023-09-22 13:00:00,-0.002248603938805171,419.5762939453125,100829700
2023-09-25 13:00:00,0.00420520492300495,421.3406982421875,70874500
2023-09-26 13:00:00,-0.014691349547734501,415.150634765625,96168400
2023-09-27 13:00:00,0.0003991574029804929,415.31634521484375,104705800
2023-09-28 13:00:00,0.005797376840737137,417.7240905761719,92258300
2023-09-29 13:00:00,-0.0024268732654036756,416.7103271484375,115111300
2023-10-02 13:00:00,-0.00039759017438895317,416.5446472167969,83798600
2023-10-03 13:00:00,-0.013386073387458071,410.96875,103760600
2023-10-04 13:00:00,0.007281854754391301,413.96136474609375,87453000
2023-10-05 13:00:00,-0.00037671347497465106,413.805419921875,70142700
2023-10-06 13:00:00,0.011872863871259692,418.7184753417969,113273300
2023-10-09 13:00:00,0.0064020677862656845,421.3991394042969,80374400
2023-10-10 13:00:00,0.005204872654753006,423.59246826171875,78607300
2023-10-11 13:00:00,0.00409631565016205,425.32763671875,62451700
2023-10-12 13:00:00,-0.006096374463160867,422.73468017578125,81154200
2023-10-13 13:00:00,-0.0049810246336855525,420.6290283203125,95143100
2023-10-16 13:00:00,0.010521453261992232,425.0546569824219,75433200
2023-10-17 13:00:00,-4.5878176139313425e-05,425.03515625,75324700
2023-10-18 13:00:00,-0.013325026537326876,419.3715515136719,93559800
2023-10-19 13:00:00,-0.008786296750676232,415.68682861328125,121323000
2023-10-20 13:00:00,-0.012288100938931635,410.5788269042969,123919900
2023-10-23 13:00:00,-0.0017331845679529432,409.8672180175781,92035100
2023-10-24 13:00:00,0.007539241380588955,412.9573059082031,78564200
2023-10-25 13:00:00,-0.014351986822137655,407.0305480957031,94223200
2023-10-26 13:00:00,-0.011974738740027517,402.1564636230469,115156800
2023-10-27 13:00:00,-0.004532753148215306,400.3335876464844,107367700
2023-10-30 13:00:00,0.011955819011107604,405.1199035644531,86562700
2023-10-31 13:00:00,0.0062802406544226206,407.6641540527344,79665200
2023-11-01 13:00:00,0.010664798969392826,412.0118103027344,98068100
2023-11-02 13:00:00,0.01916434155805399,419.9077453613281,94938900
2023-11-03 13:00:00,0.009123344775336554,423.73870849609375,100167800
2023-11-06 14:00:00,0.002300528553331024,424.7135314941406,67831700
2023-11-07 14:00:00,0.0028459411513088334,425.9222412109375,64256100
2023-11-08 14:00:00,0.0007324839395211735,426.2342224121094,61746000
2023-11-09 14:00:00,-0.0077988275517953485,422.91009521484375,83174400
2023-11-10 14:00:00,0.015604869360606694,429.5095520019531,89462200
2023-11-13 14:00:00,-0.0009531646237870243,429.10015869140625,52236100
2023-11-14 14:00:00,0.019400737684479794,437.4250183105469,97176900
2023-11-15 14:00:00,0.0021170620550690082,438.35107421875,77327600
2023-11-16 14:00:00,0.00122306718069648,438.88720703125,66665800
2023-11-17 14:00:00,0.0012436849231399101,439.43304443359375,83133200
2023-11-20 14:00:00,0.007697782301441274,442.8157043457031,69936200
2023-11-21 14:00:00,-0.0021795035693893635,441.8505859375,49244600
2023-11-22 14:00:00,0.0038608121249627033,443.5564880371094,59394900
2023-11-24 14:00:00,0.0006152963794524447,443.82940673828125,29737400
2023-11-27 14:00:00,-0.0018008853774378237,443.0301208496094,50506000
2023-11-28 14:00:00,0.0009901350886199836,443.4687805175781,62115000
2023-11-29 14:00:00,-0.0007033644299641092,443.1568603515625,63146000
2023-11-30 14:00:00,0.00393737117257029,444.9017333984375,79752700
2023-12-01 14:00:00,0.005915955918768272,447.53375244140625,89183400
2023-12-04 14:00:00,-0.005249514039959396,445.1844177246094,72430900
2023-12-05 14:00:00,-0.0001970139026418166,445.0967102050781,69793500
2023-12-06 14:00:00,-0.004029776216257206,443.3030700683594,69124700
2023-12-07 14:00:00,0.007630443155811018,446.6856689453125,66995400
2023-12-08 14:00:00,0.004299174502746328,448.6060485839844,83194400
2023-12-11 14:00:00,0.0038894761557594555,450.35089111328125,65002200
2023-12-12 14:00:00,0.004567225886824089,452.4077453613281,68327600
2023-12-13 14:00:00,0.013790214939501826,458.64654541015625,93278000
2023-12-14 14:00:00,0.0032093435793499603,460.1184997558594,119026000
2023-12-15 14:00:00,-0.001646596246256673,459.3608703613281,141553700
2023-12-18 14:00:00,0.005625173021305595,461.9448547363281,70375300
2023-12-19 14:00:00,0.006080857849790537,464.7538757324219,55761800
2023-12-20 14:00:00,-0.013857261662000695,458.31365966796875,102921000
2023-12-21 14:00:00,0.009481941097169787,462.65936279296875,86667500
2023-12-22 14:00:00,0.002009640628737116,463.5891418457031,67160400
2023-12-26 14:00:00,0.004222531018428217,465.5466613769531,55387000
2023-12-27 14:00:00,0.0018081245710841792,466.388427734375,68000300
2023-12-28 14:00:00,0.0003776840300116158,466.5645751953125,77158100
2023-12-29 14:00:00,-0.002894942226740975,465.2138977050781,122283100
2024-01-02 14:00:00,-0.005596384024302077,462.6103820800781,123623700
2024-01-03 14:00:00,-0.00816673227204999,458.8323669433594,103585900
2024-01-04 14:00:00,-0.0032210135550876256,457.3544616699219,84232200
2024-01-05 14:00:00,0.0013696910791787139,457.98089599609375,86118900
2024-01-08 14:00:00,0.014275958914962887,464.5190124511719,74879100
2024-01-09 14:00:00,-0.0015170787312749144,463.8143005371094,65931400
2024-01-10 14:00:00,0.005655381630024002,466.4373474121094,67310600
2024-01-11 14:00:00,-0.0004405851551852273,466.2318420410156,77940700
2024-01-12 14:00:00,0.0006926532737554644,466.5547790527344,58026400
2024-01-16 14:00:00,-0.0036711639215081934,464.84197998046875,85014900
2024-01-17 14:00:00,-0.005558713393210137,462.258056640625,68843900
2024-01-18 14:00:00,0.008892822417132273,466.36883544921875,91856200
2024-01-19 14:00:00,0.012466125122317314,472.1826477050781,110834500
2024-01-22 14:00:00,0.0021143344755117166,473.1809997558594,75844900
2024-01-23 14:00:00,0.002916506370929227,474.56103515625,49945300
2024-01-24 14:00:00,0.0010930897282747933,475.07977294921875,81765000
2024-01-25 14:00:00,0.005438989417253244,477.6637268066406,72525000
2024-01-26 14:00:00,-0.0012704377723479013,477.056884765625,76641600
2024-01-29 14:00:00,0.007919422730006013,480.83489990234375,61322800
2024-01-30 14:00:00,-0.0007735466836185179,480.46295166015625,58618400
2024-01-31 14:00:00,-0.016317333606033102,472.6230773925781,126011100
2024-02-01 14:00:00,0.013088276533870888,478.80889892578125,91891600
2024-02-02 14:00:00,0.010527285254381721,483.8494567871094,99228200
2024-02-05 14:00:00,-0.003641173427898301,482.0876770019531,75757100
2024-02-06 14:00:00,0.002903327070771256,483.4873352050781,55918600
2024-02-07 14:00:00,0.00834038538241042,487.5198059082031,70556500
2024-02-08 14:00:00,0.00044175138367337713,487.73516845703125,52343600
2024-02-09 14:00:00,0.005779401037635466,490.5539855957031,63979400
2024-02-12 14:00:00,-0.0004389568479165693,490.3386535644531,56502300
2024-02-13 14:00:00,-0.013773028981571836,483.585205078125,113099200
2024-02-14 14:00:00,0.009087524264614934,487.97979736328125,68387800
2024-02-15 14:00:00,0.006899759739168969,491.34674072265625,61683000
2024-02-16 14:00:00,-0.004979922921409029,488.8998718261719,75532900
2024-02-20 14:00:00,-0.005505337581368006,486.20831298828125,71736700
2024-02-21 14:00:00,0.0009058456544954537,486.64874267578125,59293400
2024-02-22 14:00:00,0.020695379915826075,496.7201232910156,76402500
2024-02-23 14:00:00,0.0006897049585215517,497.0627136230469,61321800
2024-02-26 14:00:00,-0.0036624454782001516,495.24224853515625,50386700
2024-02-27 14:00:00,0.00185758059878613,496.1622009277344,48854500
2024-02-28 14:00:00,-0.0013216065229188665,495.5064697265625,56506600
2024-02-29 14:00:00,0.003595053100508501,497.287841796875,83924800
2024-03-01 14:00:00,0.009388204867123474,501.95648193359375,76844800
2024-03-04 14:00:00,-0.0010724636447591851,501.41815185546875,49799300
2024-03-05 14:00:00,-0.00999405373066017,496.4069519042969,72855600
2024-03-06 14:00:00,0.005067174925181032,498.9223327636719,68382400
2024-03-07 14:00:00,0.00992642406084354,503.8748474121094,58652100
2024-03-08 14:00:00,-0.00600219090688246,500.8504943847656,86532500
2024-03-11 13:00:00,-0.0008598045719229175,500.41986083984375,62557200
2024-03-12 13:00:00,0.010757324263475532,505.80303955078125,73114400
2024-03-13 13:00:00,-0.0015675008208563767,505.01019287109375,55104100
2024-03-14 13:00:00,-0.0019767739933118905,504.01190185546875,110171800
2024-03-15 13:00:00,-0.0068666562279638315,500.551025390625,107646300
2024-03-18 13:00:00,0.005943157370027269,503.52587890625,88893300
2024-03-19 13:00:00,0.005557307793382796,506.3241271972656,60755300
2024-03-20 13:00:00,0.009249103848786609,511.0071716308594,69594600
2024-03-21 13:00:00,0.0033048699697689112,512.6959838867188,60256100
2024-03-22 13:00:00,-0.0018961284693555759,511.7238464355469,79070800
2024-03-25 13:00:00,-0.002762615615648389,510.3101501464844,48512100
2024-03-26 13:00:00,-0.0018469854070511248,509.36761474609375,65463700
2024-03-27 13:00:00,0.008403951408900556,513.6483154296875,82999800
2024-03-28 13:00:00,-0.00019131105585403513,513.550048828125,96294900
2024-04-01 13:00:00,-0.0017395998385548665,512.6566772460938,62477500
2024-04-02 13:00:00,-0.006358098175731576,509.39715576171875,74230300
2024-04-03 13:00:00,0.001098315437056215,509.9566345214844,59155800
2024-04-04 13:00:00,-0.012206034628188587,503.7320861816406,96858100
2024-04-05 13:00:00,0.010446924697144295,508.9945373535156,74546500
2024-04-08 13:00:00,0.0005592750960159863,509.2792053222656,48401800
2024-04-09 13:00:00,0.0011568150428021566,509.86834716796875,68049200
2024-04-10 13:00:00,-0.010013128341116128,504.7629699707031,82652800
2024-04-11 13:00:00,0.0075470646350835335,508.57244873046875,70099000
2024-04-12 13:00:00,-0.013803201482973017,501.5525207519531,92561100
2024-04-15 13:00:00,-0.012528177126771834,495.26898193359375,92101400
2024-04-16 13:00:00,-0.0018237751813515752,494.36572265625,73484000
2024-04-17 13:00:00,-0.005918252653682463,491.43994140625,75910300
2024-04-18 13:00:00,-0.002057688811081116,490.4287109375,74548100
2024-04-19 13:00:00,-0.008728362661016847,486.1480712890625,102212600
2024-04-22 13:00:00,0.009209170061707083,490.6250915527344,67961000
2024-04-23 13:00:00,0.011866600592169972,496.4471435546875,64633600
2024-04-24 13:00:00,-0.0004746864622765033,496.21148681640625,55928100
2024-04-25 13:00:00,-0.003798926165283854,494.326416015625,69122400
2024-04-26 13:00:00,0.009473895931421042,499.0096130371094,64306100
2024-04-29 13:00:00,0.0035414997736911377,500.77685546875,46415400
2024-04-30 13:00:00,-0.01584129297156469,492.8439025878906,77483600
2024-05-01 13:00:00,-0.003247033702386865,491.2436218261719,80242800
2024-05-02 13:00:00,0.009353316513296114,495.83837890625,62550200
2024-05-03 13:00:00,0.012395406296745274,501.9844970703125,72756700
2024-05-06 13:00:00,0.010326871593871686,507.1684265136719,47264700
2024-05-07 13:00:00,0.001103502970564529,507.72808837890625,52561300
2024-05-08 13:00:00,9.653046894694154e-05,507.777099609375,42047200
2024-05-09 13:00:00,0.005761819934562746,510.70281982421875,43643700
2024-05-10 13:00:00,0.001288220710128828,511.3607177734375,52233200
2024-05-13 13:00:00,0.00013433778929771237,511.4294128417969,36716400
2024-05-14 13:00:00,0.0045880545888332975,513.77587890625,57535900
2024-05-15 13:00:00,0.012383067876941265,520.1380004882812,59504900
2024-05-16 13:00:00,-0.0020573951403794043,519.06787109375,50244800
2024-05-17 13:00:00,0.0014373722427240086,519.81396484375,59187600
2024-05-20 13:00:00,0.0011522160403314363,520.4129028320312,37764200
2024-05-21 13:00:00,0.002452487525574844,521.689208984375,33437000
2024-05-22 13:00:00,-0.00287936994785288,520.1870727539062,48390000
2024-05-23 13:00:00,-0.007304219473890161,516.3875122070312,57211200
2024-05-24 13:00:00,0.0066165175008123045,519.80419921875,41291100
2024-05-28 13:00:00,0.0006987635255537739,520.1674194335938,36269600
2024-05-29 13:00:00,-0.007002586001657041,516.52490234375,45190300
2024-05-30 13:00:00,-0.006633663974710803,513.0984497070312,46377600
2024-05-31 13:00:00,0.00910831423624638,517.7719116210938,90785800
2024-06-03 13:00:00,0.0008152607956337102,518.1940307617188,46835700
2024-06-04 13:00:00,0.0011178914336725013,518.7733154296875,34632700
2024-06-05 13:00:00,0.011885055053295563,524.93896484375,47610400
2024-06-06 13:00:00,-1.871962421226426e-05,524.9291381835938,30808500
2024-06-07 13:00:00,-0.001215751893595199,524.2909545898438,43224500
2024-06-10 13:00:00,0.0030898780591300354,525.9109497070312,35686100
2024-06-11 13:00:00,0.0024080473276639944,527.1773681640625,36383400
2024-06-12 13:00:00,0.008213239501259309,531.5072021484375,63251300
2024-06-13 13:00:00,0.0020133864418122936,532.5773315429688,44760900
2024-06-14 13:00:00,0.0006085438874173179,532.9014282226562,40089900
2024-06-17 13:00:00,0.007958715651495574,537.1426391601562,55839500
2024-06-18 13:00:00,0.0025407517375344367,538.5073852539062,41376400
2024-06-20 13:00:00,-0.0027164522342697783,537.0445556640625,70328200
2024-06-21 13:00:00,-0.001340616333471153,536.3245849609375,64338600
2024-06-24 13:00:00,-0.0032506587466095346,534.5811767578125,45528700
2024-06-25 13:00:00,0.0038508534147894784,536.6397705078125,37936200
2024-06-26 13:00:00,0.0012481367231759223,537.3095703125,38550600
2024-06-27 13:00:00,0.001576457865704601,538.1566162109375,35041500
2024-06-28 13:00:00,-0.003935054810178064,536.0389404296875,76144500
2024-07-01 13:00:00,0.002057965067198697,537.14208984375,40297800
2024-07-02 13:00:00,0.006729930995112116,540.7570190429688,40434800
2024-07-03 13:00:00,0.004462421850336177,543.1701049804688,32789900
2024-07-05 13:00:00,0.00576652161029762,546.3023071289062,41488400
2024-07-08 13:00:00,0.0011538869331577924,546.9326782226562,36110500
2024-07-09 13:00:00,0.0009724420806064539,547.4645385742188,27289700
2024-07-10 13:00:00,0.009895247968735489,552.8818359375,38701200
2024-07-11 13:00:00,-0.008622589203233767,548.1145629882812,53054200
2024-07-12 13:00:00,0.006307578057726076,551.5718383789062,53084400
2024-07-15 13:00:00,0.0027501526233455016,553.0887451171875,40584300
2024-07-16 13:00:00,0.005930054119454776,556.3685913085938,36475300
2024-07-17 13:00:00,-0.014020996884113212,548.5677490234375,57119000
2024-07-18 13:00:00,-0.007684918133981269,544.35205078125,56270400
2024-07-19 13:00:00,-0.006640456462985936,540.7373046875,65509100
2024-07-22 13:00:00,0.01030979384701516,546.3121948242188,43346700
2024-07-23 13:00:00,-0.0015685785561234391,545.4552612304688,34439600
2024-07-24 13:00:00,-0.022662517054599,533.0938720703125,74515300
2024-07-25 13:00:00,-0.005210431166642432,530.3162231445312,61158300
2024-07-26 13:00:00,0.011199832978485506,536.2556762695312,53763800
2024-07-29 13:00:00,0.0005876385568744321,536.57080078125,39515800
2024-07-30 13:00:00,-0.005066443897835739,533.852294921875,46853600
2024-07-31 13:00:00,0.0162547063808303,542.5299072265625,65663400
2024-08-01 13:00:00,-0.014160950678437272,534.84716796875,76428700
2024-08-02 13:00:00,-0.018618417388875146,524.88916015625,82789100
2024-08-05 13:00:00,-0.029123696595170296,509.6024475097656,146267400
2024-08-06 13:00:00,0.009219486146577211,514.3007202148438,84826300
2024-08-07 13:00:00,-0.006684070107614217,510.86309814453125,70698300
2024-08-08 13:00:00,0.02311749572669281,522.6729736328125,63276600
2024-08-09 13:00:00,0.004409658977186128,524.977783203125,45619600
2024-08-12 13:00:00,0.0005253896067960465,525.2536010742188,42542100
2024-08-13 13:00:00,0.016445506524413022,533.8916625976562,52333100
2024-08-14 13:00:00,0.0031548089057616877,535.5759887695312,42446900
2024-08-15 13:00:00,0.017140183275503464,544.755859375,60846800
2024-08-16 13:00:00,0.00224205851245003,545.9772338867188,44430700
2024-08-19 13:00:00,0.009561455295305653,551.1975708007812,39121800
2024-08-20 13:00:00,-0.0016260980037141695,550.30126953125,33732300
2024-08-21 13:00:00,0.0034365053943285684,552.1923828125,41514600
2024-08-22 13:00:00,-0.007848464483725207,547.8585205078125,56121500
2024-08-23 13:00:00,0.010625199278886164,553.6796264648438,50639400
2024-08-26 13:00:00,-0.002383622442494819,552.35986328125,35788600
2024-08-27 13:00:00,0.0013729488089544771,553.1182250976562,32693900
2024-08-28 13:00:00,-0.005805155849697576,549.9072875976562,41066000
2024-08-29 13:00:00,8.934833541831281e-05,549.9564208984375,38715200
2024-08-30 13:00:00,0.009546099955096761,555.2063598632812,62700100
2024-09-03 13:00:00,-0.02057879177938858,543.7808837890625,60600100
2024-09-04 13:00:00,-0.002046848542411721,542.6678466796875,47224900
2024-09-05 13:00:00,-0.0024323281674759056,541.347900390625,44264300
2024-09-06 13:00:00,-0.016830141776643496,532.2369384765625,68493800
2024-09-09 13:00:00,0.011196112002403624,538.1959228515625,40445800
2024-09-10 13:00:00,0.0043558474095925495,540.5402221679688,36394600
2024-09-11 13:00:00,0.010258901916406464,546.0855712890625,75248600
2024-09-12 13:00:00,0.008423320002333727,550.6854248046875,51819600
2024-09-13 13:00:00,0.0052226506606313375,553.5614624023438,39310500
2024-09-16 13:00:00,0.0014769198607516513,554.3790283203125,36656100
2024-09-17 13:00:00,0.0004086779773875128,554.6055908203125,49321000
2024-09-18 13:00:00,-0.0029658869080359355,552.960693359375,59044900
2024-09-19 13:00:00,0.017064457265068587,562.3966674804688,75315500
2024-09-20 13:00:00,-0.0017286161618014248,561.4244995117188,77503100
2024-09-23 13:00:00,0.0024987011298403775,562.8273315429688,44116900
2024-09-24 13:00:00,0.0028612906790460367,564.437744140625,46805700
2024-09-25 13:00:00,-0.002205293656358283,563.1929931640625,38428600
2024-09-26 13:00:00,0.003964516805142623,565.42578125,48336000
2024-09-27 13:00:00,-0.0014502474973920373,564.6057739257812,42100900
2024-09-30 13:00:00,0.004007242418545763,566.8682861328125,63557400
2024-10-01 13:00:00,-0.008958425077819063,561.7900390625,72668800
2024-10-02 13:00:00,0.0004220822114022386,562.0271606445312,38097800
2024-10-03 13:00:00,-0.001828251243748407,560.9996337890625,40846500
2024-10-04 13:00:00,0.009087389997930679,566.09765625,42939100
2024-10-07 13:00:00,-0.009040485850911877,560.9798583984375,49964700
2024-10-08 13:00:00,0.009457633661455318,566.285400390625,37398700
2024-10-09 13:00:00,0.006926370066027018,570.2077026367188,37912200
2024-10-10 13:00:00,-0.0017500005084410309,569.2098388671875,44138100
2024-10-11 13:00:00,0.005988247396989942,572.618408203125,42268000
2024-10-14 13:00:00,0.008178298787650105,577.3014526367188,36217200
2024-10-15 13:00:00,-0.007769725179671591,572.8159790039062,54203600
2024-10-16 13:00:00,0.004346502515658736,575.3057250976562,30725400
2024-10-17 13:00:00,8.572208496904615e-05,575.3550415039062,34393700
2024-10-18 13:00:00,0.0038466610025632737,577.5682373046875,37416800
2024-10-21 13:00:00,-0.0016422065253298204,576.6197509765625,36439000
2024-10-22 13:00:00,-0.0005311549136910313,576.3134765625,34183800
2024-10-23 13:00:00,-0.009137373018495454,571.0474853515625,49314600
2024-10-24 13:00:00,0.0021625597661917295,572.2824096679688,34979900
2024-10-25 13:00:00,-0.0003452330483054305,572.0848388671875,47268200
2024-10-28 13:00:00,0.0030915269947694654,573.8534545898438,30174700
2024-10-29 13:00:00,0.00161816376595868,574.7820434570312,42899700
2024-10-30 13:00:00,-0.003025199875674681,573.043212890625,41435800
2024-10-31 13:00:00,-0.019602949916602226,561.8098754882812,60182500
2024-11-01 13:00:00,0.00422045580444671,564.1809692382812,45667500
2024-11-04 14:00:00,-0.002154044645877592,562.9656982421875,38217000
2024-11-05 14:00:00,0.012091877059248907,569.7730102539062,39478300
2024-11-06 14:00:00,0.024865559362072062,583.9407348632812,68182000
2024-11-07 14:00:00,0.007732078640910143,588.455810546875,47233200
2024-11-08 14:00:00,0.0043317989557381505,591.0048828125,46444900
2024-11-11 14:00:00,0.0009528015215081569,591.5679931640625,37586800
2024-11-12 14:00:00,-0.003106296267636514,589.7304077148438,43006100
2024-11-13 14:00:00,0.00048571005417742213,590.016845703125,47388600
2024-11-14 14:00:00,-0.0064301287411930854,586.2229614257812,38904100
2024-11-15 14:00:00,-0.012808551500482525,578.7142944335938,75988800
2024-11-18 14:00:00,0.004097280485316118,581.08544921875,37001700
2024-11-19 14:00:00,0.0036554787435623157,583.2095947265625,49412000
2024-11-20 14:00:00,0.00033886931512188095,583.4072265625,50032600
2024-11-21 14:00:00,0.00536828621597599,586.5391235351562,46750300
2024-11-22 14:00:00,0.003099421770792219,588.3570556640625,38226400
2024-11-25 14:00:00,0.003392138421738069,590.3528442382812,42441400
2024-11-26 14:00:00,0.005221383323850968,593.435302734375,45621300
2024-11-27 14:00:00,-0.00303008049908031,591.6371459960938,34000200
2024-11-29 14:00:00,0.0062121758729640625,595.3125,30177400
2024-12-02 14:00:00,0.001792363845144357,596.3795166015625,31746000
2024-12-03 14:00:00,0.0004637152773868851,596.6560668945312,26906600
2024-12-04 14:00:00,0.006209636162970036,600.361083984375,42787600
2024-12-05 14:00:00,-0.0016457380995079866,599.373046875,28762200
2024-12-06 14:00:00,0.0018956983045434845,600.50927734375,31241500
2024-12-09 14:00:00,-0.005149742690733696,597.4168090820312,34742700
2024-12-10 14:00:00,-0.0031088844111054705,595.5595092773438,37234500
2024-12-11 14:00:00,0.0077305522530175565,600.1635131835938,28677700
2024-12-12 14:00:00,-0.005152607845416476,597.0711059570312,31543800
2024-12-13 14:00:00,-0.00019851952682840114,596.9525756835938,35904700
2024-12-16 14:00:00,0.004269937511189389,599.5015258789062,43695200
2024-12-17 14:00:00,-0.0041200407280096085,597.0315551757812,55773500
2024-12-18 14:00:00,-0.02980351705443752,579.2379150390625,108248700
2024-12-19 14:00:00,-0.0003071578635468841,579.0599975585938,85919500
2024-12-20 14:00:00,0.01201108553428002,586.01513671875,125716700
2024-12-23 14:00:00,0.005988373207216711,589.5244140625,57635800
2024-12-24 14:00:00,0.011114978639097658,596.0769653320312,33160100
2024-12-26 14:00:00,6.655659230247411e-05,596.1166381835938,41219100
2024-12-27 14:00:00,-0.010526606786784787,589.841552734375,64969300
2024-12-30 14:00:00,-0.011411569827867736,583.1105346679688,56578800
2024-12-31 14:00:00,-0.003638073400593258,580.9891357421875,57052700
2025-01-02 14:00:00,-0.0024568948219578553,579.5617065429688,50204000
2025-01-03 14:00:00,0.012503344991790356,586.8081665039062,37888500
2025-01-06 14:00:00,0.005760710777162893,590.1885986328125,47679400
2025-01-07 14:00:00,-0.011304028584281747,583.51708984375,60393100
2025-01-08 14:00:00,0.0014608260957973897,584.3695068359375,47304700
2025-01-10 14:00:00,-0.015267523194882972,575.4476318359375,73105000
2025-01-13 14:00:00,0.0015505719371404776,576.3399047851562,47910100
2025-01-14 14:00:00,0.001376081742263088,577.1329956054688,48420600
2025-01-15 14:00:00,0.018189995988682862,587.6310424804688,56900200
2025-01-16 14:00:00,-0.001923191375926268,586.5009155273438,43319700
2025-01-17 14:00:00,0.01003992931380253,592.3893432617188,58070600
2025-01-21 14:00:00,0.009153377492232148,597.8117065429688,42532900
2025-01-22 14:00:00,0.005621495307542044,601.1723022460938,48196000
2025-01-23 14:00:00,0.005458187316509176,604.45361328125,41152100
2025-01-24 14:00:00,-0.0029194108509347527,602.68896484375,34604700
2025-01-27 14:00:00,-0.01414538684460187,594.1636962890625,70361100
2025-01-28 14:00:00,0.00859238906115784,599.2689819335938,44433300
2025-01-29 14:00:00,-0.004482899137672109,596.58251953125,37177400
2025-01-30 14:00:00,0.005367076962615025,599.784423828125,39281300
2025-01-31 14:00:00,-0.005321939808288867,596.5924072265625,66566900
2025-02-03 14:00:00,-0.006729605496712387,592.5775756835938,65857200
2025-02-04 14:00:00,0.00670835328518247,596.5527954101562,33457800
2025-02-05 14:00:00,0.004054565204691137,598.9715576171875,30653100
2025-02-06 14:00:00,0.0034756026106760552,601.0533447265625,35771500
2025-02-07 14:00:00,-0.009153546965176899,595.5515747070312,50788500
2025-02-10 14:00:00,0.006791174435053508,599.5960693359375,26048700
2025-02-11 14:00:00,0.0007606031974243729,600.0521240234375,30056700
2025-02-12 14:00:00,-0.0032215625799109655,598.1190185546875,45076100
2025-02-13 14:00:00,0.01055769521597962,604.4337768554688,40921300
2025-02-14 14:00:00,-4.9277782596723044e-05,604.4039916992188,26910400
2025-02-18 14:00:00,0.002935807980869584,606.1784057617188,26749000
2025-02-19 14:00:00,0.0023549011657405176,607.6058959960938,31011100
2025-02-20 14:00:00,-0.004160315177827457,605.0780639648438,36554000
2025-02-21 14:00:00,-0.017104080969988802,594.728759765625,76519800
2025-02-24 14:00:00,-0.004550475798734734,592.0224609375,50737200
2025-02-25 14:00:00,-0.004973145550128582,589.0782470703125,58266500
2025-02-26 14:00:00,0.0005048978092221921,589.3756713867188,43321600
2025-02-27 14:00:00,-0.01596196319285244,579.9680786132812,74196700
2025-02-28 14:00:00,0.01560554890621611,589.018798828125,88744100
2025-03-03 14:00:00,-0.01751995029472097,578.69921875,74249200
2025-03-04 14:00:00,-0.011836849548083998,571.8492431640625,109648200
2025-03-05 14:00:00,0.010747794523703147,577.995361328125,71230500
2025-03-06 14:00:00,-0.017751024406232985,567.7353515625,80094900
2025-03-07 14:00:00,0.005604843634161906,570.9174194335938,81158800
2025-03-10 13:00:00,-0.02663559659697425,555.710693359375,99326600
2025-03-11 13:00:00,-0.008312900806654627,551.0911254882812,88102100
2025-03-12 13:00:00,0.005306522471787537,554.0155029296875,69588200
2025-03-13 13:00:00,-0.013330520359722771,546.6301879882812,74079400
2025-03-14 13:00:00,0.02065578687066275,557.9212646484375,62660300
2025-03-17 13:00:00,0.007711425315135726,562.2236328125,49008700
2025-03-18 13:00:00,-0.010808478818586214,556.1468505859375,66041400
2025-03-19 13:00:00,0.0108909109067144,562.2037963867188,66556000
2025-03-20 13:00:00,-0.0028917137029731478,560.5780639648438,62958200
2025-03-21 13:00:00,0.0003297943679309655,560.762939453125,83763000
2025-03-24 13:00:00,0.01790849345962031,570.8053588867188,58766800
2025-03-25 13:00:00,0.002403851551660995,572.177490234375,38355700
2025-03-26 13:00:00,-0.011938272063231581,565.3466796875,51848300
2025-03-27 13:00:00,-0.0026557223426582487,563.8452758789062,42164200
2025-03-28 13:00:00,-0.020138252254996488,552.4904174804688,71662700
2025-03-31 13:00:00,0.006712768433682579,556.1991577148438,95328200
2025-04-01 13:00:00,0.0028243891235230746,557.7700805664062,54609600
2025-04-02 13:00:00,0.006328496838377831,561.2999267578125,76014500
2025-04-03 13:00:00,-0.049280920296752906,533.6385498046875,125986000
2025-04-04 13:00:00,-0.05854290921310368,502.3977966308594,217965100
2025-04-07 13:00:00,-0.0017811920142971594,501.5029296875,256611400
2025-04-08 13:00:00,-0.01566275881675978,493.64801025390625,165816600
2025-04-09 13:00:00,0.10501934425982226,545.4906005859375,241867300
2025-04-10 13:00:00,-0.04381907413387327,521.5877075195312,162331200
2025-04-11 13:00:00,0.017842789344293085,530.894287109375,97866300
2025-04-14 13:00:00,0.009701463709846161,536.0447387695312,68034000
2025-04-15 13:00:00,-0.002800892724066579,534.5433349609375,56892900
2025-04-16 13:00:00,-0.022228012511592316,522.6614990234375,83484800
2025-04-17 13:00:00,0.0014267887350720274,523.4072265625,79868100
2025-04-21 13:00:00,-0.02380268261783797,510.94873046875,69368100
2025-04-22 13:00:00,0.02601780064084983,524.2424926757812,75948100
2025-04-23 13:00:00,0.015495409403611913,532.3658447265625,90590700
2025-04-24 13:00:00,0.021048964021112823,543.5715942382812,64150400
2025-04-25 13:00:00,0.007225341198851051,547.4990844726562,61119600
2025-04-28 13:00:00,0.00038126133959850506,547.7078247070312,47613800
2025-04-29 13:00:00,0.0062994468802810896,551.1580810546875,47775100
2025-04-30 13:00:00,0.00039689157706152727,551.3768310546875,93101500
2025-05-01 13:00:00,0.0070868624109700525,555.2843627929688,63186100
2025-05-02 13:00:00,0.014844172407353487,563.527099609375,60717300
2025-05-05 13:00:00,-0.005734429364437419,560.2955932617188,38659200
2025-05-06 13:00:00,-0.008358276461693466,555.6124877929688,48264700
2025-05-07 13:00:00,0.004205465028333583,557.9490966796875,55588000
2025-05-08 13:00:00,0.0069678315381015545,561.8367919921875,65130800
2025-05-09 13:00:00,-0.0012741802563656325,561.1209106445312,37603400
2025-05-12 13:00:00,0.03304749437232451,579.66455078125,78993600
2025-05-13 13:00:00,0.0066039297377844305,583.4926147460938,67947200
2025-05-14 13:00:00,0.0012780410929228343,584.2383422851562,66283500
2025-05-15 13:00:00,0.0048842680351908,587.0919189453125,71268100
2025-05-16 13:00:00,0.006333979074976655,590.810546875,76052100
2025-05-19 13:00:00,0.0010939230400502488,591.4568481445312,68168500
2025-05-20 13:00:00,-0.0033621834492569935,589.46826171875,60614500
2025-05-21 13:00:00,-0.01685075184451029,579.5352783203125,95197700
2025-05-22 13:00:00,0.00039462434647912306,579.7639770507812,70860400
2025-05-23 13:00:00,-0.00682577149051575,575.806640625,76029000
2025-05-27 13:00:00,0.020790615576653675,587.7780151367188,72588500
2025-05-28 13:00:00,-0.0057853689790039724,584.3775024414062,68445500
2025-05-29 13:00:00,0.003947384500045486,586.6842651367188,69973300
2025-05-30 13:00:00,-0.0011184703661531372,586.028076171875,90601200
2025-06-02 13:00:00,0.005632879250749155,589.3291015625,61630500
2025-06-03 13:00:00,0.0057026163556613135,592.6898193359375,63606200
2025-06-04 13:00:00,-0.00026846867813931744,592.5307006835938,57314200
2025-06-05 13:00:00,-0.0048328068444007605,589.6671142578125,92278700
2025-06-06 13:00:00,0.01026901060810222,595.722412109375,66588700
2025-06-09 13:00:00,0.0009013027856884961,596.2593383789062,53016400
2025-06-10 13:00:00,0.005669603780814082,599.639892578125,66247000
2025-06-11 13:00:00,-0.0028519517532698867,597.9297485351562,73658200
2025-06-12 13:00:00,0.003974284235328992,600.3060913085938,64129000
2025-06-13 13:00:00,-0.011180107804297023,593.5946044921875,89506000
2025-06-16 13:00:00,0.009514208796833547,599.2421875,79984100
2025-06-17 13:00:00,-0.00854503327770752,594.1216430664062,82209400
2025-06-18 13:00:00,-0.00015070747760781723,594.0321044921875,76605000
2025-06-20 13:00:00,-0.00234859629809932,592.636962890625,94051400
2025-06-23 13:00:00,0.009877480029380735,598.49072265625,87426000
2025-06-24 13:00:00,0.011047279574515647,605.1024169921875,67735300
2025-06-25 13:00:00,0.0005603188542099766,605.4414672851562,62114800
2025-06-26 13:00:00,0.00782384044926218,610.1783447265625,78548400
2025-06-27 13:00:00,0.004968310006379811,613.2098999023438,86258400
2025-06-30 13:00:00,0.0047812091195721315,616.1417846679688,92502500
2025-07-01 13:00:00,-0.0003236298209773343,615.9423828125,70030100
2025-07-02 13:00:00,0.004533275199175552,618.734619140625,66510400
2025-07-03 13:00:00,0.00788135121730062,623.611083984375,51065800
2025-07-07 13:00:00,-0.0074519116896885305,618.9639892578125,74814500
2025-07-08 13:00:00,-0.0005477706277796524,618.6249389648438,59024600
2025-07-09 13:00:00,0.005996615280215155,622.3345947265625,66113300
2025-07-10 13:00:00,0.0028203284907412766,624.0897827148438,57529000
2025-07-11 13:00:00,-0.0035154713109042494,621.8958129882812,63670200
2025-07-14 13:00:00,0.0019082079637527834,623.08251953125,51898500
2025-07-15 13:00:00,-0.0042732664980765205,620.419921875,74317300
2025-07-16 13:00:00,0.0033432497520895312,622.494140625,88987500
2025-07-17 13:00:00,0.006119653171936232,626.3035888671875,68885700
2025-07-18 13:00:00,-0.0007323592062571055,625.8449096679688,65621600
2025-07-21 13:00:00,0.001896167124852604,627.0316162109375,63375000
2025-07-22 13:00:00,0.00014308956258007419,627.121337890625,60046300
2025-07-23 13:00:00,0.008507549960310492,632.4566040039062,70511000
2025-07-24 13:00:00,0.0003310117794836197,632.6659545898438,71307100
2025-07-25 13:00:00,0.004224357897696023,635.3385620117188,56865400
2025-07-28 13:00:00,-0.000251119494356392,635.1790161132812,54917100
2025-07-29 13:00:00,-0.002637609180098384,633.503662109375,60556300
2025-07-30 13:00:00,-0.0012593305691199156,632.7058715820312,80418900
2025-07-31 13:00:00,-0.0037512107798256516,630.3324584960938,103385200
2025-08-01 13:00:00,-0.016390431365516496,620.0010375976562,140103600
2025-08-04 13:00:00,0.015199795788522201,629.4249267578125,73218000
2025-08-05 13:00:00,-0.005069964619629502,626.2337646484375,68051400
2025-08-06 13:00:00,0.007659684291185349,631.030517578125,64357500
2025-08-07 13:00:00,-0.0008376210633260869,630.501953125,74205800
2025-08-08 13:00:00,0.007797567971946954,635.4183349609375,64051600
2025-08-11 13:00:00,-0.0019774858429226715,634.1618041992188,58742300
2025-08-12 13:00:00,0.010646088630271083,640.9131469726562,64730800
2025-08-13 13:00:00,0.0034230982805847333,643.1070556640625,60092800
2025-08-14 13:00:00,9.300854748551392e-05,643.1668701171875,59327500
2025-08-15 13:00:00,-0.002341224975672935,641.6610717773438,68592500
2025-08-18 13:00:00,-0.00021763582620523686,641.5214233398438,43804900
2025-08-19 13:00:00,-0.005425144902516838,638.0410766601562,69750700
2025-08-20 13:00:00,-0.0026570585531485846,636.3457641601562,88890300
2025-08-21 13:00:00,-0.00401184014140185,633.7928466796875,54805800
2025-08-22 13:00:00,0.0153568035321823,643.52587890625,84083200
2025-08-25 13:00:00,-0.004401088516102011,640.6936645507812,51274300
2025-08-26 13:00:00,0.004187051216404491,643.3762817382812,51581600
2025-08-27 13:00:00,0.002278514804511911,644.8422241210938,48341100
2025-08-28 13:00:00,0.0035413784731703783,647.1258544921875,61519500
2025-08-29 13:00:00,-0.005963682184690229,643.2666015625,74522200
2025-09-02 13:00:00,-0.007410278500998171,638.4998168945312,81983500
2025-09-03 13:00:00,0.00541956018158944,641.960205078125,70820900
2025-09-04 13:00:00,0.008357390788786632,647.3253173828125,65219200
2025-09-05 13:00:00,-0.002896251458403146,645.4505004882812,85178900
2025-09-08 13:00:00,0.0024566288553796523,647.0361328125,63133100
2025-09-09 13:00:00,0.0023118486488118146,648.531982421875,66133900
2025-09-10 13:00:00,0.002890862664212707,650.4067993164062,78034500
2025-09-11 13:00:00,0.008310228771525483,655.8118286132812,69934400
2025-09-12 13:00:00,-0.00033457979430276223,655.5924072265625,72780100
2025-09-15 13:00:00,0.005323880160421166,659.0827026367188,63772400
2025-09-16 13:00:00,-0.0013768692449287214,658.1752319335938,61169000
2025-09-17 13:00:00,-0.0012423560605266748,657.3575439453125,101952200
2025-09-18 13:00:00,0.004672452908252126,660.4290161132812,90459200
2025-09-19 13:00:00,0.004952835223685776,663.7000122070312,97945600
2025-09-22 13:00:00,0.004731075170536564,666.8400268554688,69452200
2025-09-23 13:00:00,-0.005443591771072958,663.2100219726562,81708900
2025-09-24 13:00:00,-0.003181565894379301,661.0999755859375,68082200
2025-09-25 13:00:00,-0.004613504621998397,658.0499877929688,89622100
2025-09-26 13:00:00,0.0057290777314566235,661.8200073242188,69179200
2025-09-29 13:00:00,0.0028104096748034885,663.6799926757812,73499000
2025-09-30 13:00:00,0.0037668756442704636,666.1799926757812,86288000
2025-10-01 13:00:00,0.0034075168215908593,668.4500122070312,72545400
2025-10-02 13:00:00,0.0011518565068935622,669.219970703125,56896000
2025-10-03 13:00:00,-1.4866158967577181e-05,669.2100219726562,70494400
2025-10-06 13:00:00,0.003586263355458702,671.6099853515625,54623300
2025-10-07 13:00:00,-0.003707494362329327,669.1199951171875,72020100
2025-10-08 13:00:00,0.0059630414028745415,673.1099853515625,60702200
2025-10-09 13:00:00,-0.0028970186885769744,671.1599731445312,66501900
2025-10-10 13:00:00,-0.02702776437678725,653.02001953125,159422600
2025-10-13 13:00:00,0.01534402958011343,663.0399780273438,79560500
2025-10-14 13:00:00,-0.001221642111239853,662.22998046875,88779600
2025-10-15 13:00:00,0.004439548990707445,665.1699829101562,81702600
2025-10-16 13:00:00,-0.006810241559458054,660.6400146484375,110563300
2025-10-17 13:00:00,0.005676313751590689,664.3900146484375,96500900
2025-10-20 13:00:00,0.010400477117627465,671.2999877929688,60493400
2025-10-21 13:00:00,-1.4911017141396175e-05,671.2899780273438,56249000
2025-10-22 13:00:00,-0.0051989309368668125,667.7999877929688,80564000
2025-10-23 13:00:00,0.005929952148911892,671.760009765625,65604500
2025-10-24 13:00:00,0.008172546972973935,677.25,74356500
2025-10-27 13:00:00,0.011797696913067552,685.239990234375,63339800
2025-10-28 13:00:00,0.0026560144623145048,687.0599975585938,61738100
2025-10-29 13:00:00,0.0004803322723145522,687.3900146484375,85657100
2025-10-30 13:00:00,-0.010998119550020342,679.8300170898438,76335800
2025-10-31 13:00:00,0.003280203010593594,682.0599975585938,87164100
2025-11-03 14:00:00,0.0018767107020743238,683.3400268554688,57315000
2025-11-04 14:00:00,-0.011853596017736227,675.239990234375,78427000
2025-11-05 14:00:00,0.003465474334031267,677.5800170898438,74402400
2025-11-06 14:00:00,-0.010729388925125328,670.3099975585938,85035300
2025-11-07 14:00:00,0.0009845789961883417,670.969970703125,100592400
2025-11-10 14:00:00,0.01560432239211758,681.4400024414062,75842900
2025-11-11 14:00:00,0.002289266190720711,683.0,58953400
2025-11-12 14:00:00,0.0005563761095351391,683.3800048828125,62312500
2025-11-13 14:00:00,-0.016594027882646877,672.0399780273438,103457800
2025-11-14 14:00:00,-0.00016365894166793892,671.9299926757812,96846700
2025-11-17 14:00:00,-0.009316461288915215,665.6699829101562,90456100
2025-11-18 14:00:00,-0.008397503213040272,660.0800170898438,114467500
2025-11-19 14:00:00,0.0038631495075568544,662.6300048828125,94703000
2025-11-20 14:00:00,-0.015242255122032547,652.530029296875,165293500
2025-11-21 14:00:00,0.009961227389035241,659.030029296875,123872700
2025-11-24 14:00:00,0.01471852683590756,668.72998046875,66545172
